produto_a,marca_a,produto_b,marca_b,id_a,id_b,subgrupo_a,subgrupo_b,mesmo_subgrupo,vizinhos_knn,correlacao,taxa_canibalizacao_par,episodios,lift_cesta,pedidos_juntos,classificacao,explicacao,forca,data_base
Creatina Monohidratada,ATLHETICA NUTRITION,Ômega 3 EPA DHA,VITAFOR,141,77,SEM_SUBGRUPO,SEM_SUBGRUPO,True,True,0.0966,0.313,10,4.7742,15.0,Complementares,"nos picos de um, o outro perdeu ~31% do ganho; variações independentes (corr. +0.10); saem juntos 4.8× o esperado",0.313,2026-10-04
Whey Tech 100%,ATLHETICA NUTRITION,Ômega 3 EPA DHA,VITAFOR,453,77,SEM_SUBGRUPO,SEM_SUBGRUPO,True,False,0.1401,0.2742,4,5.3804,10.0,Complementares,"nos picos de um, o outro perdeu ~27% do ganho; variações parecidas (corr. +0.14); saem juntos 5.4× o esperado",0.2742,2026-10-04
Vitamina D - Vita D3,VITAFOR,Ômega 3 EPA DHA,VITAFOR,397,72,SEM_SUBGRUPO,SEM_SUBGRUPO,True,False,0.0456,0.2556,13,2.456,10.0,Complementares,"nos picos de um, o outro perdeu ~26% do ganho; variações independentes (corr. +0.05); saem juntos 2.5× o esperado",0.2556,2026-10-04
Probiótico - Simfort Plus,VITAFOR,Ômega 3 EPA DHA,VITAFOR,360,77,SEM_SUBGRUPO,SEM_SUBGRUPO,True,False,0.0309,0.0976,7,1.784,4.0,Complementares,"nos picos de um, o outro perdeu ~10% do ganho; variações independentes (corr. +0.03); saem juntos 1.8× o esperado",0.0976,2026-10-04
Cúrcuma Plus,VITAFOR,Omegafor Plus,VITAFOR,433,68,SEM_SUBGRUPO,SEM_SUBGRUPO,True,False,0.0749,0.0862,23,1.7489,19.0,Complementares,"nos picos de um, o outro perdeu ~9% do ganho; variações independentes (corr. +0.07); saem juntos 1.7× o esperado",0.0862,2026-10-04
Coenzima Q10 (200mg p/ porção),VITAFOR,Ômega 3 EPA DHA,VITAFOR,448,77,SEM_SUBGRUPO,SEM_SUBGRUPO,True,False,0.0511,0.0806,4,2.4588,7.0,Complementares,"nos picos de um, o outro perdeu ~8% do ganho; variações independentes (corr. +0.05); saem juntos 2.5× o esperado",0.0806,2026-10-04
Vitamina D - Vita D3 + C + Zinco,VITAFOR,Cúrcuma Plus,VITAFOR,399,433,SEM_SUBGRUPO,SEM_SUBGRUPO,True,False,0.0588,0.0647,11,4.6646,12.0,Complementares,"nos picos de um, o outro perdeu ~6% do ganho; variações independentes (corr. +0.06); saem juntos 4.7× o esperado",0.0647,2026-10-04
Vitamina D - Vita D3,VITAFOR,Trio Magnésio 720mg,OCEAN DROP,397,711,SEM_SUBGRUPO,SEM_SUBGRUPO,True,False,0.0471,0.0584,16,2.7144,8.0,Complementares,"nos picos de um, o outro perdeu ~6% do ganho; variações independentes (corr. +0.05); saem juntos 2.7× o esperado",0.0584,2026-10-04
Creatina Monohidratada,OCEAN DROP,Psyllium,OCEAN DROP,685,704,SEM_SUBGRUPO,SEM_SUBGRUPO,True,False,0.1046,0.0567,18,1.7051,5.0,Complementares,"nos picos de um, o outro perdeu ~6% do ganho; variações parecidas (corr. +0.10); saem juntos 1.7× o esperado",0.0567,2026-10-04
Ômega 3 - EPA DHA - 1000mg,EQUALIV,Coenzima Q10 (200mg p/ porção),VITAFOR,1215,448,SEM_SUBGRUPO,SEM_SUBGRUPO,True,False,0.1825,0.0536,5,2.1792,3.0,Complementares,"nos picos de um, o outro perdeu ~5% do ganho; variações parecidas (corr. +0.18); saem juntos 2.2× o esperado",0.0536,2026-10-04
Probiótico - Simfort Plus,VITAFOR,Vitamina D - Vita D3,VITAFOR,360,397,SEM_SUBGRUPO,SEM_SUBGRUPO,True,False,0.0959,0.0426,13,1.5447,4.0,Complementares,"nos picos de um, o outro perdeu ~4% do ganho; variações independentes (corr. +0.10); saem juntos 1.5× o esperado",0.0426,2026-10-04
Probiótico - Simfort Plus,VITAFOR,Cúrcuma Plus,VITAFOR,360,433,SEM_SUBGRUPO,SEM_SUBGRUPO,True,False,0.0197,0.0397,11,1.5139,4.0,Complementares,"nos picos de um, o outro perdeu ~4% do ganho; variações independentes (corr. +0.02); saem juntos 1.5× o esperado",0.0397,2026-10-04
Vitamina D - Vita D3 + C + Zinco,VITAFOR,Ômega 3 EPA DHA,PURAVIDA,399,54,SEM_SUBGRUPO,SEM_SUBGRUPO,True,False,0.1157,0.0344,16,1.7218,3.0,Complementares,"nos picos de um, o outro perdeu ~3% do ganho; variações parecidas (corr. +0.12); saem juntos 1.7× o esperado",0.0344,2026-10-04
Vitamina D - Vita D3 + C + Zinco,VITAFOR,Colágeno - Colagentek Protein - Bodybalance,VITAFOR,399,439,SEM_SUBGRUPO,SEM_SUBGRUPO,True,False,0.052,0.0143,6,1.6678,2.0,Complementares,"nos picos de um, o outro perdeu ~1% do ganho; variações independentes (corr. +0.05); saem juntos 1.7× o esperado",0.0143,2026-10-04
Omegafor Plus,VITAFOR,Trio Magnésio 720mg,OCEAN DROP,69,711,SEM_SUBGRUPO,SEM_SUBGRUPO,True,False,0.0689,0.0139,6,2.71,5.0,Complementares,"nos picos de um, o outro perdeu ~1% do ganho; variações independentes (corr. +0.07); saem juntos 2.7× o esperado",0.0139,2026-10-04
Whey Protein Concentrado,DUX,Ômega 3 EPA DHA,PURAVIDA,2,54,SEM_SUBGRUPO,SEM_SUBGRUPO,True,False,0.0393,0.0102,13,1.964,4.0,Complementares,"nos picos de um, o outro perdeu ~1% do ganho; variações independentes (corr. +0.04); saem juntos 2.0× o esperado",0.0102,2026-10-04
SuperCoffee Língua de gato - Kopenhagen,CAFFEINE ARMY,Coenzima Q10 + Ômega 3 + Vitamina E,ESSENTIAL,1384,534,SEM_SUBGRUPO,SEM_SUBGRUPO,True,False,0.0751,-0.2942,16,2.2758,4.0,Complementares,"nos picos de um, o outro não caiu; variações independentes (corr. +0.08); saem juntos 2.3× o esperado",0.0,2026-10-04
Creatina 100%,NUTRIFY,Ômega 3 - 1360mg,NUTRIFY,1097,635,SEM_SUBGRUPO,SEM_SUBGRUPO,True,False,0.1856,,0,8.2548,7.0,Complementares,variações parecidas (corr. +0.19); saem juntos 8.3× o esperado,0.0,2026-10-04
Colágeno - Colagentek II,VITAFOR,"Boraprim - Borragem, Prímula e Gergelim",VITAFOR,388,396,SEM_SUBGRUPO,SEM_SUBGRUPO,True,True,0.0977,,0,8.1915,5.0,Complementares,variações independentes (corr. +0.10); saem juntos 8.2× o esperado,0.0,2026-10-04
Vitamina D - Vita D3 + C + Zinco,VITAFOR,Coenzima Q10 - (100mg p/ porção),VITAFOR,399,451,SEM_SUBGRUPO,SEM_SUBGRUPO,True,True,0.2914,,0,5.6561,4.0,Complementares,variações parecidas (corr. +0.29); saem juntos 5.7× o esperado,0.0,2026-10-04
Whey Protein Concentrado,DUX,Whey Protein Concentrado,DUX,2,939,SEM_SUBGRUPO,SEM_SUBGRUPO,True,False,0.1394,-0.1724,4,1.748,4.0,Complementares,"nos picos de um, o outro não caiu; variações parecidas (corr. +0.14); saem juntos 1.7× o esperado",0.0,2026-10-04
Cúrcuma Plus,VITAFOR,Coenzima Q10 - (100mg p/ porção),VITAFOR,433,451,SEM_SUBGRUPO,SEM_SUBGRUPO,True,True,0.2556,,0,4.1688,5.0,Complementares,variações parecidas (corr. +0.26); saem juntos 4.2× o esperado,0.0,2026-10-04
Ômega 3  - 1360mg,NUTRIFY,SuperCoffee,CAFFEINE ARMY,1660,1827,SEM_SUBGRUPO,SEM_SUBGRUPO,True,True,0.0665,,0,3.6687,1.0,Complementares,variações independentes (corr. +0.07); saem juntos 3.7× o esperado,0.0,2026-10-04
Ômega 3 - EPA DHA - 1000mg,EQUALIV,Cúrcuma Plus,VITAFOR,1215,433,SEM_SUBGRUPO,SEM_SUBGRUPO,True,False,0.0043,-0.0809,13,6.144,11.0,Complementares,"nos picos de um, o outro não caiu; variações independentes (corr. +0.00); saem juntos 6.1× o esperado",0.0,2026-10-04
Resveratrol Plus - 165mg,VITAFOR,Multivitaminico - Imunomult- 1000mg,VITAFOR,373,424,SEM_SUBGRUPO,SEM_SUBGRUPO,True,True,0.0595,,0,1.9073,1.0,Complementares,variações independentes (corr. +0.06); saem juntos 1.9× o esperado,0.0,2026-10-04
Colágeno - Colagentek Protein - Bodybalance,VITAFOR,Proteína Isolada e Hidrolisada - Body Protein Red,EQUALIV,439,523,SEM_SUBGRUPO,SEM_SUBGRUPO,True,True,0.1225,,0,3.5774,2.0,Complementares,variações parecidas (corr. +0.12); saem juntos 3.6× o esperado,0.0,2026-10-04
Vitamina D - Vita D3,VITAFOR,Ômega 3 Super DHA - BIG N,PURAVIDA,397,925,SEM_SUBGRUPO,SEM_SUBGRUPO,True,False,0.1356,-0.2378,16,4.1192,4.0,Complementares,"nos picos de um, o outro não caiu; variações parecidas (corr. +0.14); saem juntos 4.1× o esperado",0.0,2026-10-04
Whey Protein Concentrado,DUX,Beta Alanina,VITAFOR,2,407,SEM_SUBGRUPO,SEM_SUBGRUPO,True,False,0.0099,,0,2.504,3.0,Complementares,variações independentes (corr. +0.01); saem juntos 2.5× o esperado,0.0,2026-10-04
SuperCoffee,CAFFEINE ARMY,Whey hidrolisado e isolado,TRUE SOURCE,465,85,SEM_SUBGRUPO,SEM_SUBGRUPO,True,True,0.0517,,0,14.7951,2.0,Complementares,variações independentes (corr. +0.05); saem juntos 14.8× o esperado,0.0,2026-10-04
Coenzima Q10 (200mg p/ porção),VITAFOR,Trio Magnésio 720mg,OCEAN DROP,448,711,SEM_SUBGRUPO,SEM_SUBGRUPO,True,True,0.1828,-0.1389,6,3.0273,7.0,Complementares,"nos picos de um, o outro não caiu; variações parecidas (corr. +0.18); saem juntos 3.0× o esperado",0.0,2026-10-04
Creatina Monohidratada,DUX,Whey Protein Concentrado,DUX,486,940,SEM_SUBGRUPO,SEM_SUBGRUPO,True,False,0.1203,-0.5881,30,2.5912,50.0,Complementares,"nos picos de um, o outro não caiu; variações parecidas (corr. +0.12); saem juntos 2.6× o esperado",0.0,2026-10-04
Whey Protein Concentrado,DUX,Whey Protein Concentrado,DUX,938,940,SEM_SUBGRUPO,SEM_SUBGRUPO,True,False,0.0605,-0.2525,18,2.0616,18.0,Complementares,"nos picos de um, o outro não caiu; variações independentes (corr. +0.06); saem juntos 2.1× o esperado",0.0,2026-10-04
Psyllium,OCEAN DROP,Ômega 3 Super DHA - BIG N,PURAVIDA,704,925,SEM_SUBGRUPO,SEM_SUBGRUPO,True,False,0.0434,-0.0869,9,3.7811,2.0,Complementares,"nos picos de um, o outro não caiu; variações independentes (corr. +0.04); saem juntos 3.8× o esperado",0.0,2026-10-04
Fresh Whey,DUX,Whey Protein Concentrado,DUX,1341,936,SEM_SUBGRUPO,SEM_SUBGRUPO,True,True,0.0484,,0,1.5524,5.0,Complementares,variações independentes (corr. +0.05); saem juntos 1.6× o esperado,0.0,2026-10-04
Cúrcuma Plus,VITAFOR,Ômega 3 EPA DHA,VITAFOR,433,77,SEM_SUBGRUPO,SEM_SUBGRUPO,True,False,0.0377,-0.1105,12,2.7009,10.0,Complementares,"nos picos de um, o outro não caiu; variações independentes (corr. +0.04); saem juntos 2.7× o esperado",0.0,2026-10-04
SuperCoffee,CAFFEINE ARMY,Morning Shot - Imunidade,SUBLYME,1292,455,SEM_SUBGRUPO,SEM_SUBGRUPO,True,True,0.2072,,0,44.0841,9.0,Complementares,variações parecidas (corr. +0.21); saem juntos 44.1× o esperado,0.0,2026-10-04
Vitamina D - Vita D3,VITAFOR,Ômega 3 EPA DHA,VITAFOR,397,77,SEM_SUBGRUPO,SEM_SUBGRUPO,True,False,0.1014,-0.0395,14,1.9291,7.0,Complementares,"nos picos de um, o outro não caiu; variações parecidas (corr. +0.10); saem juntos 1.9× o esperado",0.0,2026-10-04
Creatina Monohidratada,DUX,Whey Protein Concentrado,DUX,486,935,SEM_SUBGRUPO,SEM_SUBGRUPO,True,False,0.1383,-0.0002,19,2.0277,15.0,Complementares,"nos picos de um, o outro não caiu; variações parecidas (corr. +0.14); saem juntos 2.0× o esperado",0.0,2026-10-04
Coenzima Q10 (200mg p/ porção),VITAFOR,Omegafor Plus,VITAFOR,448,68,SEM_SUBGRUPO,SEM_SUBGRUPO,True,False,0.0641,-0.1095,15,2.6336,22.0,Complementares,"nos picos de um, o outro não caiu; variações independentes (corr. +0.06); saem juntos 2.6× o esperado",0.0,2026-10-04
Proteína Isolada e Hidrolisada - Body Protein,EQUALIV,Proteína Isolada e Hidrolisada - Body Protein Red,EQUALIV,521,523,SEM_SUBGRUPO,SEM_SUBGRUPO,True,True,0.1494,,0,8.9689,3.0,Complementares,variações parecidas (corr. +0.15); saem juntos 9.0× o esperado,0.0,2026-10-04
Vitamina D - Vita D3,VITAFOR,Coenzima Q10 (200mg p/ porção),VITAFOR,397,448,SEM_SUBGRUPO,SEM_SUBGRUPO,True,False,0.0356,-0.0833,10,2.129,7.0,Complementares,"nos picos de um, o outro não caiu; variações independentes (corr. +0.04); saem juntos 2.1× o esperado",0.0,2026-10-04
Probiótico - Simfort Plus,VITAFOR,Ômega 3 Super DHA - BIG N,PURAVIDA,402,925,SEM_SUBGRUPO,SEM_SUBGRUPO,True,False,0.0539,-0.2877,6,1.517,1.0,Complementares,"nos picos de um, o outro não caiu; variações independentes (corr. +0.05); saem juntos 1.5× o esperado",0.0,2026-10-04
Whey Protein Concentrado,DUX,Whey Protein Concentrado,DUX,938,939,SEM_SUBGRUPO,SEM_SUBGRUPO,True,True,0.1237,-0.4098,8,2.2367,10.0,Complementares,"nos picos de um, o outro não caiu; variações parecidas (corr. +0.12); saem juntos 2.2× o esperado",0.0,2026-10-04
Psyllium,OCEAN DROP,Trio Magnésio 720mg,OCEAN DROP,704,711,SEM_SUBGRUPO,SEM_SUBGRUPO,True,False,0.1336,-0.104,9,1.8687,3.0,Complementares,"nos picos de um, o outro não caiu; variações parecidas (corr. +0.13); saem juntos 1.9× o esperado",0.0,2026-10-04
Probiótico - Simfort Plus,VITAFOR,Omegafor Plus,VITAFOR,360,69,SEM_SUBGRUPO,SEM_SUBGRUPO,True,False,0.0413,-0.0606,3,4.3182,7.0,Complementares,"nos picos de um, o outro não caiu; variações independentes (corr. +0.04); saem juntos 4.3× o esperado",0.0,2026-10-04
Glutamina,DUX,Whey Protein Isolado,DUX,474,941,SEM_SUBGRUPO,SEM_SUBGRUPO,True,False,0.0606,-0.1774,5,3.5371,5.0,Complementares,"nos picos de um, o outro não caiu; variações independentes (corr. +0.06); saem juntos 3.5× o esperado",0.0,2026-10-04
Whey Protein Concentrado,DUX,Fresh Whey,DUX,2,861,SEM_SUBGRUPO,SEM_SUBGRUPO,True,False,0.2194,-0.1304,8,1.7389,3.0,Complementares,"nos picos de um, o outro não caiu; variações parecidas (corr. +0.22); saem juntos 1.7× o esperado",0.0,2026-10-04
Livestrong,ESSENTIAL,Creatina Monohidratada -  Crealift (Creapure),ESSENTIAL,1874,633,SEM_SUBGRUPO,SEM_SUBGRUPO,True,True,0.1206,,0,14.3254,1.0,Complementares,variações parecidas (corr. +0.12); saem juntos 14.3× o esperado,0.0,2026-10-04
Magnésio - Inositol Relief 3.0,TRUE SOURCE,Magnésio - Inositol Relief 3.0,TRUE SOURCE,634,987,SEM_SUBGRUPO,SEM_SUBGRUPO,True,True,0.0676,,0,2.6032,2.0,Complementares,variações independentes (corr. +0.07); saem juntos 2.6× o esperado,0.0,2026-10-04
Coenzima Q10 (200mg p/ porção),VITAFOR,Ômega 3 EPA DHA,VITAFOR,448,72,SEM_SUBGRUPO,SEM_SUBGRUPO,True,False,0.2152,-0.0571,3,2.5044,8.0,Complementares,"nos picos de um, o outro não caiu; variações parecidas (corr. +0.22); saem juntos 2.5× o esperado",0.0,2026-10-04
Vitamina D - Vita D3,VITAFOR,Omegafor Plus,VITAFOR,397,69,SEM_SUBGRUPO,SEM_SUBGRUPO,True,True,0.215,-0.1759,10,2.287,6.0,Complementares,"nos picos de um, o outro não caiu; variações parecidas (corr. +0.21); saem juntos 2.3× o esperado",0.0,2026-10-04
Whey,ESSENTIAL,Whey,ESSENTIAL,33,40,SEM_SUBGRUPO,SEM_SUBGRUPO,True,True,0.1043,,0,5.5538,1.0,Complementares,variações parecidas (corr. +0.10); saem juntos 5.6× o esperado,0.0,2026-10-04
Colágeno - Colagentek Protein - Bodybalance,VITAFOR,Ômega 3 EPA DHA,VITAFOR,439,72,SEM_SUBGRUPO,SEM_SUBGRUPO,True,False,0.1422,-0.1429,6,2.0656,4.0,Complementares,"nos picos de um, o outro não caiu; variações parecidas (corr. +0.14); saem juntos 2.1× o esperado",0.0,2026-10-04
Vitamina D - Vita D3 + C + Zinco,VITAFOR,Ômega 3 EPA DHA,VITAFOR,399,72,SEM_SUBGRUPO,SEM_SUBGRUPO,True,False,0.0734,-0.0429,6,2.4494,6.0,Complementares,"nos picos de um, o outro não caiu; variações independentes (corr. +0.07); saem juntos 2.4× o esperado",0.0,2026-10-04
Fresh Whey,DUX,Whey Protein Isolado - Isofort,VITAFOR,1341,74,SEM_SUBGRUPO,SEM_SUBGRUPO,True,True,0.0197,,0,2.7679,1.0,Complementares,variações independentes (corr. +0.02); saem juntos 2.8× o esperado,0.0,2026-10-04
Colágeno - Colagentek Protein - Bodybalance,VITAFOR,Creatina Monohidratada - Creatine,VITAFOR,439,71,SEM_SUBGRUPO,SEM_SUBGRUPO,True,False,0.0728,-0.0697,13,2.9125,8.0,Complementares,"nos picos de um, o outro não caiu; variações independentes (corr. +0.07); saem juntos 2.9× o esperado",0.0,2026-10-04
Colágeno - Collagen Tipo II 40mg,NUTRIFY,Psyllium,OCEAN DROP,657,704,SEM_SUBGRUPO,SEM_SUBGRUPO,True,True,0.06,,0,1.6084,1.0,Complementares,variações independentes (corr. +0.06); saem juntos 1.6× o esperado,0.0,2026-10-04
Cúrcuma Plus,VITAFOR,Creatina Monohidratada - Creatine,VITAFOR,433,71,SEM_SUBGRUPO,SEM_SUBGRUPO,True,False,0.05,-0.1265,18,1.5273,9.0,Complementares,"nos picos de um, o outro não caiu; variações independentes (corr. +0.05); saem juntos 1.5× o esperado",0.0,2026-10-04
Whey Fort 3W,VITAFOR,Multivitaminico  - Imunomult- 1000mg,VITAFOR,166,613,SEM_SUBGRUPO,SEM_SUBGRUPO,True,True,0.201,,0,3.2759,1.0,Complementares,variações parecidas (corr. +0.20); saem juntos 3.3× o esperado,0.0,2026-10-04
Colágeno - Collagen Gut,ESSENTIAL,Magnésio Plus - 350mg,VITAFOR,214,382,SEM_SUBGRUPO,SEM_SUBGRUPO,True,True,0.3234,,0,4.8817,1.0,Complementares,variações parecidas (corr. +0.32); saem juntos 4.9× o esperado,0.0,2026-10-04
Coenzima Q10 (200mg p/ porção),VITAFOR,Glutamina,DUX,448,474,SEM_SUBGRUPO,SEM_SUBGRUPO,True,False,0.0241,,0,1.7814,2.0,Complementares,variações independentes (corr. +0.02); saem juntos 1.8× o esperado,0.0,2026-10-04
Colágeno Hidrolisado - Collagen Pro 18g,NUTRIFY,Colágeno Hidrolisado - Collagen Pro 18g,NUTRIFY,208,211,SEM_SUBGRUPO,SEM_SUBGRUPO,True,True,0.3433,,0,23.0524,5.0,Complementares,variações parecidas (corr. +0.34); saem juntos 23.1× o esperado,0.0,2026-10-04
Beta Alanina,VITAFOR,Ômega 3 Super DHA - BIG N,PURAVIDA,407,925,SEM_SUBGRUPO,SEM_SUBGRUPO,True,False,0.0313,-0.0548,6,2.5333,1.0,Complementares,"nos picos de um, o outro não caiu; variações independentes (corr. +0.03); saem juntos 2.5× o esperado",0.0,2026-10-04
Ômega 3 - EPA DHA - 1000mg,EQUALIV,Magnésio Plus 900mg,OCEAN DROP,1215,692,SEM_SUBGRUPO,SEM_SUBGRUPO,True,True,0.0342,-0.22,4,5.4444,4.0,Complementares,"nos picos de um, o outro não caiu; variações independentes (corr. +0.03); saem juntos 5.4× o esperado",0.0,2026-10-04
Creatina - Creafort (Creapure),VITAFOR,Whey Protein Isolado,DUX,434,941,SEM_SUBGRUPO,SEM_SUBGRUPO,True,False,0.0885,-0.171,11,1.6818,9.0,Complementares,"nos picos de um, o outro não caiu; variações independentes (corr. +0.09); saem juntos 1.7× o esperado",0.0,2026-10-04
Creatina Monohidratada,DUX,Whey Protein Concentrado,DUX,486,938,SEM_SUBGRUPO,SEM_SUBGRUPO,True,False,0.1342,-0.4633,20,2.1161,37.0,Complementares,"nos picos de um, o outro não caiu; variações parecidas (corr. +0.13); saem juntos 2.1× o esperado",0.0,2026-10-04
Creatina Monohidratada,ATLHETICA NUTRITION,Omegafor Plus,VITAFOR,141,69,SEM_SUBGRUPO,SEM_SUBGRUPO,True,False,0.0357,-0.2165,6,2.2011,5.0,Complementares,"nos picos de um, o outro não caiu; variações independentes (corr. +0.04); saem juntos 2.2× o esperado",0.0,2026-10-04
Vitamina D - Vita D3 + C + Zinco,VITAFOR,Ômega 3 - 1360mg,NUTRIFY,399,635,SEM_SUBGRUPO,SEM_SUBGRUPO,True,False,0.0846,-0.1714,3,1.8884,3.0,Complementares,"nos picos de um, o outro não caiu; variações independentes (corr. +0.08); saem juntos 1.9× o esperado",0.0,2026-10-04
Cúrcuma Plus,VITAFOR,Ômega 3 - 1360mg,NUTRIFY,433,635,SEM_SUBGRUPO,SEM_SUBGRUPO,True,False,0.0964,-0.0818,8,1.8558,5.0,Complementares,"nos picos de um, o outro não caiu; variações independentes (corr. +0.10); saem juntos 1.9× o esperado",0.0,2026-10-04
Beta Alanina,VITAFOR,Trio Magnésio 720mg,OCEAN DROP,407,711,SEM_SUBGRUPO,SEM_SUBGRUPO,True,False,0.2023,-0.3611,6,3.3387,4.0,Complementares,"nos picos de um, o outro não caiu; variações parecidas (corr. +0.20); saem juntos 3.3× o esperado",0.0,2026-10-04
Creatina Monohidratada,DUX,Whey Protein Concentrado,DUX,486,936,SEM_SUBGRUPO,SEM_SUBGRUPO,True,False,0.1971,-0.537,30,1.6609,36.0,Complementares,"nos picos de um, o outro não caiu; variações parecidas (corr. +0.20); saem juntos 1.7× o esperado",0.0,2026-10-04
Whey Protein Isolado - Isofort,VITAFOR,Whey Protein Isolado - Isofort,VITAFOR,67,74,SEM_SUBGRUPO,SEM_SUBGRUPO,True,True,0.0806,,0,15.7556,2.0,Complementares,variações independentes (corr. +0.08); saem juntos 15.8× o esperado,0.0,2026-10-04
Beta Alanina,VITAFOR,Coenzima Q10 (200mg p/ porção),VITAFOR,407,448,SEM_SUBGRUPO,SEM_SUBGRUPO,True,False,0.1173,,0,2.2446,3.0,Complementares,variações parecidas (corr. +0.12); saem juntos 2.2× o esperado,0.0,2026-10-04
Ômega 3 - Ultra Caps 1000mg,EQUALIV,Proteína Isolada e Hidrolisada - Body Protein,EQUALIV,1212,519,SEM_SUBGRUPO,SEM_SUBGRUPO,True,True,0.0236,,0,4.5196,1.0,Complementares,variações independentes (corr. +0.02); saem juntos 4.5× o esperado,0.0,2026-10-04
Magnésio Inositol,NUTRIFY,Creatina Monohidratada (Creapure),NUTRIFY,1205,44,SEM_SUBGRUPO,SEM_SUBGRUPO,True,True,0.0214,,0,2.9785,1.0,Complementares,variações independentes (corr. +0.02); saem juntos 3.0× o esperado,0.0,2026-10-04
Vitamina D - Vita D3,VITAFOR,Psyllium,OCEAN DROP,397,704,SEM_SUBGRUPO,SEM_SUBGRUPO,True,True,0.0175,-0.0068,13,2.6283,6.0,Complementares,"nos picos de um, o outro não caiu; variações independentes (corr. +0.02); saem juntos 2.6× o esperado",0.0,2026-10-04
Super Ômega 3,ESSENTIAL,Colágeno - Colagentek Protein - Bodybalance,VITAFOR,30,439,SEM_SUBGRUPO,SEM_SUBGRUPO,True,True,0.2461,,0,1.5823,1.0,Complementares,variações parecidas (corr. +0.25); saem juntos 1.6× o esperado,0.0,2026-10-04
Probiótico - Simfort Plus,VITAFOR,Glutamina,DUX,402,474,SEM_SUBGRUPO,SEM_SUBGRUPO,True,False,0.0448,,0,2.0587,2.0,Complementares,variações independentes (corr. +0.04); saem juntos 2.1× o esperado,0.0,2026-10-04
Whey Protein Isolado,DUX,Whey Protein Isolado,DUX,941,943,SEM_SUBGRUPO,SEM_SUBGRUPO,True,False,0.0779,-0.3528,8,2.9293,7.0,Complementares,"nos picos de um, o outro não caiu; variações independentes (corr. +0.08); saem juntos 2.9× o esperado",0.0,2026-10-04
SuperCoffee,CAFFEINE ARMY,Whey hidrolisado e isolado,TRUE SOURCE,465,87,SEM_SUBGRUPO,SEM_SUBGRUPO,True,True,0.1782,,0,23.6721,3.0,Complementares,variações parecidas (corr. +0.18); saem juntos 23.7× o esperado,0.0,2026-10-04
Probiótico - Simfort Plus,VITAFOR,Beta Alanina,VITAFOR,402,407,SEM_SUBGRUPO,SEM_SUBGRUPO,True,False,0.1673,,0,2.594,3.0,Complementares,variações parecidas (corr. +0.17); saem juntos 2.6× o esperado,0.0,2026-10-04
Creatina Monohidratada,DUX,Fresh Whey,DUX,486,860,SEM_SUBGRUPO,SEM_SUBGRUPO,True,True,0.0567,,0,2.333,7.0,Complementares,variações independentes (corr. +0.06); saem juntos 2.3× o esperado,0.0,2026-10-04
Whey Protein Concentrado,DUX,Whey Protein Concentrado,DUX,2,936,SEM_SUBGRUPO,SEM_SUBGRUPO,True,False,0.126,-0.204,14,1.7929,9.0,Complementares,"nos picos de um, o outro não caiu; variações parecidas (corr. +0.13); saem juntos 1.8× o esperado",0.0,2026-10-04
Omegafor Plus,VITAFOR,Creatina - Creafort (Creapure),VITAFOR,375,434,SEM_SUBGRUPO,SEM_SUBGRUPO,True,False,0.0828,0.0,6,2.8873,11.0,Complementares,"nos picos de um, o outro não caiu; variações independentes (corr. +0.08); saem juntos 2.9× o esperado",0.0,2026-10-04
Fresh Whey,DUX,Colágeno Hidrolisado - Collagen Pro 18g,NUTRIFY,1342,210,SEM_SUBGRUPO,SEM_SUBGRUPO,True,True,0.0406,,0,9.5503,1.0,Complementares,variações independentes (corr. +0.04); saem juntos 9.6× o esperado,0.0,2026-10-04
Creatina Monohidratada,ATLHETICA NUTRITION,Coenzima Q10 + Ômega 3 + Vitamina E,ESSENTIAL,141,534,SEM_SUBGRUPO,SEM_SUBGRUPO,True,True,0.0699,-0.3073,12,2.5109,4.0,Complementares,"nos picos de um, o outro não caiu; variações independentes (corr. +0.07); saem juntos 2.5× o esperado",0.0,2026-10-04
Beta Alanina,VITAFOR,Creatina Monohidratada - Creatine,VITAFOR,407,71,SEM_SUBGRUPO,SEM_SUBGRUPO,True,False,0.0683,-0.1471,10,2.1298,5.0,Complementares,"nos picos de um, o outro não caiu; variações independentes (corr. +0.07); saem juntos 2.1× o esperado",0.0,2026-10-04
Creatina Monohidratada,ATLHETICA NUTRITION,Whey Tech 100%,ATLHETICA NUTRITION,141,589,SEM_SUBGRUPO,SEM_SUBGRUPO,True,True,0.0195,,0,3.3341,3.0,Complementares,variações independentes (corr. +0.02); saem juntos 3.3× o esperado,0.0,2026-10-04
Whey hidrolisado e isolado,TRUE SOURCE,Whey hidrolisado e isolado,TRUE SOURCE,85,87,SEM_SUBGRUPO,SEM_SUBGRUPO,True,True,0.2033,,0,15.0417,1.0,Complementares,variações parecidas (corr. +0.20); saem juntos 15.0× o esperado,0.0,2026-10-04
Ômega 3 - EPA DHA - 1000mg,EQUALIV,Multivitaminico - Imunomult- 1000mg,VITAFOR,1214,424,SEM_SUBGRUPO,SEM_SUBGRUPO,True,True,0.0294,,0,2.5356,1.0,Complementares,variações independentes (corr. +0.03); saem juntos 2.5× o esperado,0.0,2026-10-04
Creatina Monohidratada,OCEAN DROP,Ômega 3 Super DHA - BIG N,PURAVIDA,685,925,SEM_SUBGRUPO,SEM_SUBGRUPO,True,False,0.1481,-0.2241,21,2.4051,3.0,Complementares,"nos picos de um, o outro não caiu; variações parecidas (corr. +0.15); saem juntos 2.4× o esperado",0.0,2026-10-04
Ômega 3 - EPA DHA - 1000mg,EQUALIV,Creatina Monohidratada,OCEAN DROP,1215,685,SEM_SUBGRUPO,SEM_SUBGRUPO,True,False,0.0199,-0.4181,20,2.2183,5.0,Complementares,"nos picos de um, o outro não caiu; variações independentes (corr. +0.02); saem juntos 2.2× o esperado",0.0,2026-10-04
Whey Protein Concentrado Cappuccino 900g DUX,DUX,Whey Protein Concentrado,DUX,937,938,SEM_SUBGRUPO,SEM_SUBGRUPO,True,True,0.1606,,0,2.7563,6.0,Complementares,variações parecidas (corr. +0.16); saem juntos 2.8× o esperado,0.0,2026-10-04
Whey Protein Concentrado,DUX,Whey Protein Concentrado,DUX,935,939,SEM_SUBGRUPO,SEM_SUBGRUPO,True,True,0.2337,-0.2493,7,2.1147,4.0,Complementares,"nos picos de um, o outro não caiu; variações parecidas (corr. +0.23); saem juntos 2.1× o esperado",0.0,2026-10-04
Coenzima Q10 + Ômega 3 + Vitamina E,ESSENTIAL,Creatina Monohidratada - Creatine,VITAFOR,534,71,SEM_SUBGRUPO,SEM_SUBGRUPO,True,False,0.0198,-0.2055,16,1.5776,4.0,Complementares,"nos picos de um, o outro não caiu; variações independentes (corr. +0.02); saem juntos 1.6× o esperado",0.0,2026-10-04
Colágeno - Collagen Essential Protein,ESSENTIAL,Colágeno -  Collagen Gut,ESSENTIAL,1052,1251,SEM_SUBGRUPO,SEM_SUBGRUPO,True,True,0.1525,,0,16.6359,1.0,Complementares,variações parecidas (corr. +0.15); saem juntos 16.6× o esperado,0.0,2026-10-04
Vitamina D - Vita D3,VITAFOR,Beta Alanina,VITAFOR,397,407,SEM_SUBGRUPO,SEM_SUBGRUPO,True,False,0.1637,-0.1204,10,1.761,3.0,Complementares,"nos picos de um, o outro não caiu; variações parecidas (corr. +0.16); saem juntos 1.8× o esperado",0.0,2026-10-04
Whey Isolado e Hidrolisado - H.I Whey,ESSENTIAL,Creatina Monohidratada -  Crealift (Creapure),ESSENTIAL,37,633,SEM_SUBGRUPO,SEM_SUBGRUPO,True,True,0.2295,,0,17.1905,1.0,Complementares,variações parecidas (corr. +0.23); saem juntos 17.2× o esperado,0.0,2026-10-04
Vitamina D - Vita D3 + C + Zinco,VITAFOR,Coenzima Q10 + Ômega 3 + Vitamina E,ESSENTIAL,399,534,SEM_SUBGRUPO,SEM_SUBGRUPO,True,False,0.0279,-0.0214,9,1.8068,2.0,Complementares,"nos picos de um, o outro não caiu; variações independentes (corr. +0.03); saem juntos 1.8× o esperado",0.0,2026-10-04
Creatina 100%,NUTRIFY,Probiótico - Simfort Plus,VITAFOR,1097,360,SEM_SUBGRUPO,SEM_SUBGRUPO,True,False,0.1535,-0.1515,3,2.4051,2.0,Complementares,"nos picos de um, o outro não caiu; variações parecidas (corr. +0.15); saem juntos 2.4× o esperado",0.0,2026-10-04
Vitamina D - Vita D3 + C + Zinco,VITAFOR,Whey Tech 100%,ATLHETICA NUTRITION,399,589,SEM_SUBGRUPO,SEM_SUBGRUPO,True,True,0.1427,,0,1.5995,1.0,Complementares,variações parecidas (corr. +0.14); saem juntos 1.6× o esperado,0.0,2026-10-04
Creatina Monohidratada,ATLHETICA NUTRITION,Whey Protein Concentrado,DUX,141,940,SEM_SUBGRUPO,SEM_SUBGRUPO,True,False,0.0596,-0.0589,20,1.6358,9.0,Complementares,"nos picos de um, o outro não caiu; variações independentes (corr. +0.06); saem juntos 1.6× o esperado",0.0,2026-10-04
Whey Protein Concentrado,DUX,Whey Protein Concentrado,DUX,936,939,SEM_SUBGRUPO,SEM_SUBGRUPO,True,True,0.2323,-0.3582,18,1.8043,10.0,Complementares,"nos picos de um, o outro não caiu; variações parecidas (corr. +0.23); saem juntos 1.8× o esperado",0.0,2026-10-04
Whey Protein Isolado,DUX,Whey Protein Isolado,DUX,4,5,SEM_SUBGRUPO,SEM_SUBGRUPO,True,True,0.1353,,0,10.9394,2.0,Complementares,variações parecidas (corr. +0.14); saem juntos 10.9× o esperado,0.0,2026-10-04
Morning Shot - Imunidade,SUBLYME,Proteína Isolada e Hidrolisada - Body Protein,EQUALIV,455,520,SEM_SUBGRUPO,SEM_SUBGRUPO,True,True,0.03,,0,3.5332,1.0,Complementares,variações independentes (corr. +0.03); saem juntos 3.5× o esperado,0.0,2026-10-04
Omegafor Plus,VITAFOR,SuperCoffee,CAFFEINE ARMY,375,465,SEM_SUBGRUPO,SEM_SUBGRUPO,True,True,0.2109,,0,2.7367,2.0,Complementares,variações parecidas (corr. +0.21); saem juntos 2.7× o esperado,0.0,2026-10-04
Omegafor Plus,VITAFOR,Beta Alanina,VITAFOR,375,407,SEM_SUBGRUPO,SEM_SUBGRUPO,True,False,0.1211,,0,2.504,3.0,Complementares,variações parecidas (corr. +0.12); saem juntos 2.5× o esperado,0.0,2026-10-04
Ômega 3 - Ultra Caps 1000mg,EQUALIV,Proteína Isolada e Hidrolisada - Body Protein Red,EQUALIV,1212,523,SEM_SUBGRUPO,SEM_SUBGRUPO,True,True,0.0746,,0,2.9475,1.0,Complementares,variações independentes (corr. +0.07); saem juntos 2.9× o esperado,0.0,2026-10-04
SuperCoffee,CAFFEINE ARMY,SuperCoffee,CAFFEINE ARMY,1827,456,SEM_SUBGRUPO,SEM_SUBGRUPO,True,True,0.0181,,0,8.9163,4.0,Complementares,variações independentes (corr. +0.02); saem juntos 8.9× o esperado,0.0,2026-10-04
Trio Magnésio 720mg,OCEAN DROP,Ômega 3 EPA DHA,VITAFOR,711,72,SEM_SUBGRUPO,SEM_SUBGRUPO,True,False,0.3486,-0.3556,9,1.7462,5.0,Complementares,"nos picos de um, o outro não caiu; variações parecidas (corr. +0.35); saem juntos 1.7× o esperado",0.0,2026-10-04
Whey Tech 100%,ATLHETICA NUTRITION,Ômega 3 EPA DHA,VITAFOR,453,72,SEM_SUBGRUPO,SEM_SUBGRUPO,True,False,-0.2081,0.6857,3,,0.0,Concorrem entre si,"nos picos de um, o outro perdeu ~69% do ganho; variações opostas (corr. -0.21)",0.8938,2026-10-04
Whey Tech 100%,ATLHETICA NUTRITION,Whey Protein Isolado,DUX,453,943,SEM_SUBGRUPO,SEM_SUBGRUPO,True,False,0.1726,0.7419,3,,0.0,Concorrem entre si,"nos picos de um, o outro perdeu ~74% do ganho; variações parecidas (corr. +0.17)",0.7419,2026-10-04
Whey Tech 100%,ATLHETICA NUTRITION,Whey Protein Concentrado,DUX,453,938,SEM_SUBGRUPO,SEM_SUBGRUPO,True,False,-0.064,0.5833,4,,0.0,Concorrem entre si,"nos picos de um, o outro perdeu ~58% do ganho; variações independentes (corr. -0.06)",0.6473,2026-10-04
Whey Tech 100%,ATLHETICA NUTRITION,Whey Protein Isolado,DUX,453,941,SEM_SUBGRUPO,SEM_SUBGRUPO,True,False,-0.1657,0.4194,5,,0.0,Concorrem entre si,"nos picos de um, o outro perdeu ~42% do ganho; variações opostas (corr. -0.17)",0.5851,2026-10-04
Colágeno - Colagentek Protein - Bodybalance,VITAFOR,Omegafor Plus,VITAFOR,439,69,SEM_SUBGRUPO,SEM_SUBGRUPO,True,False,-0.1399,0.4,3,,0.0,Concorrem entre si,"nos picos de um, o outro perdeu ~40% do ganho; variações opostas (corr. -0.14)",0.5399,2026-10-04
Coenzima Q10 + Ômega 3 + Vitamina E,ESSENTIAL,Whey Protein Concentrado,DUX,534,935,SEM_SUBGRUPO,SEM_SUBGRUPO,True,False,-0.2867,0.1801,9,,0.0,Concorrem entre si,"nos picos de um, o outro perdeu ~18% do ganho; variações opostas (corr. -0.29)",0.4668,2026-10-04
Probiótico - Simfort Plus,VITAFOR,Ômega 3 - 1360mg,NUTRIFY,360,635,SEM_SUBGRUPO,SEM_SUBGRUPO,True,False,-0.3631,0.0909,3,0.6129,1.0,Concorrem entre si,"nos picos de um, o outro perdeu ~9% do ganho; variações opostas (corr. -0.36); saem juntos 0.6× o esperado",0.4541,2026-10-04
Creatina Monohidratada,ATLHETICA NUTRITION,Whey Protein Isolado,DUX,141,941,SEM_SUBGRUPO,SEM_SUBGRUPO,True,False,-0.2507,0.1676,11,0.279,1.0,Concorrem entre si,"nos picos de um, o outro perdeu ~17% do ganho; variações opostas (corr. -0.25); saem juntos 0.3× o esperado",0.4183,2026-10-04
Creatina Monohidratada,DUX,Ômega 3 EPA DHA,PURAVIDA,486,54,SEM_SUBGRUPO,SEM_SUBGRUPO,True,False,-0.294,0.1113,29,0.9097,8.0,Concorrem entre si,"nos picos de um, o outro perdeu ~11% do ganho; variações opostas (corr. -0.29); saem juntos 0.9× o esperado",0.4053,2026-10-04
Probiótico - Simfort Plus,VITAFOR,Whey Protein Isolado,DUX,402,943,SEM_SUBGRUPO,SEM_SUBGRUPO,True,False,-0.0174,0.3871,3,,0.0,Concorrem entre si,"nos picos de um, o outro perdeu ~39% do ganho; variações independentes (corr. -0.02)",0.4045,2026-10-04
Coenzima Q10  (200mg p/ porção),VITAFOR,Fresh Whey,DUX,450,860,SEM_SUBGRUPO,SEM_SUBGRUPO,True,True,-0.3992,,0,,0.0,Concorrem entre si,variações opostas (corr. -0.40),0.3992,2026-10-04
Probiótico - Simfort Plus,VITAFOR,Beta Alanina,VITAFOR,360,407,SEM_SUBGRUPO,SEM_SUBGRUPO,True,False,-0.2769,0.1212,3,,0.0,Concorrem entre si,"nos picos de um, o outro perdeu ~12% do ganho; variações opostas (corr. -0.28)",0.3981,2026-10-04
Coenzima Q10 (200mg p/ porção),VITAFOR,Whey Protein Concentrado,DUX,448,938,SEM_SUBGRUPO,SEM_SUBGRUPO,True,False,-0.1938,0.2,4,0.2214,1.0,Concorrem entre si,"nos picos de um, o outro perdeu ~20% do ganho; variações opostas (corr. -0.19); saem juntos 0.2× o esperado",0.3938,2026-10-04
Whey Tech 100%,ATLHETICA NUTRITION,Trio Magnésio 720mg,OCEAN DROP,453,711,SEM_SUBGRUPO,SEM_SUBGRUPO,True,False,-0.3834,-0.1944,6,0.6624,1.0,Concorrem entre si,"nos picos de um, o outro não caiu; variações opostas (corr. -0.38); saem juntos 0.7× o esperado",0.3834,2026-10-04
Granola - Zero Açúcar,WS NATURAIS,Complexo B 500mg,OCEAN DROP,1143,694,SEM_SUBGRUPO,SEM_SUBGRUPO,True,True,-0.3667,,0,,0.0,Concorrem entre si,variações opostas (corr. -0.37),0.3667,2026-10-04
Probiótico - Simfort Plus,VITAFOR,Omegafor Plus,VITAFOR,360,375,SEM_SUBGRUPO,SEM_SUBGRUPO,True,False,-0.2423,0.1212,3,0.5491,1.0,Concorrem entre si,"nos picos de um, o outro perdeu ~12% do ganho; variações opostas (corr. -0.24); saem juntos 0.5× o esperado",0.3636,2026-10-04
Creatina Monohidratada,ATLHETICA NUTRITION,Ômega 3 EPA DHA,VITAFOR,141,72,SEM_SUBGRUPO,SEM_SUBGRUPO,True,False,0.0036,0.3618,9,1.1346,4.0,Concorrem entre si,"nos picos de um, o outro perdeu ~36% do ganho; variações independentes (corr. +0.00); saem juntos 1.1× o esperado",0.3618,2026-10-04
Beta Alanina,VITAFOR,Colágeno - Colagentek Protein - Bodybalance,VITAFOR,407,439,SEM_SUBGRUPO,SEM_SUBGRUPO,True,False,-0.0967,0.2571,3,,0.0,Concorrem entre si,"nos picos de um, o outro perdeu ~26% do ganho; variações independentes (corr. -0.10)",0.3539,2026-10-04
Vitamina D - Vita D3,VITAFOR,Vitamina D - Vita D3,VITAFOR,395,397,SEM_SUBGRUPO,SEM_SUBGRUPO,True,False,-0.1729,0.1759,10,,0.0,Concorrem entre si,"nos picos de um, o outro perdeu ~18% do ganho; variações opostas (corr. -0.17)",0.3488,2026-10-04
Ômega 3 EPA DHA,PURAVIDA,Whey Protein Concentrado,DUX,54,935,SEM_SUBGRUPO,SEM_SUBGRUPO,True,False,-0.3039,0.0442,16,,0.0,Concorrem entre si,"nos picos de um, o outro perdeu ~4% do ganho; variações opostas (corr. -0.30)",0.3481,2026-10-04
Glutamina,DUX,Ômega 3 EPA DHA,VITAFOR,474,72,SEM_SUBGRUPO,SEM_SUBGRUPO,True,False,-0.164,0.1714,3,,0.0,Concorrem entre si,"nos picos de um, o outro perdeu ~17% do ganho; variações opostas (corr. -0.16)",0.3355,2026-10-04
Beef Protein,ESSENTIAL,Fresh Whey,DUX,1219,858,SEM_SUBGRUPO,SEM_SUBGRUPO,True,True,-0.3313,,0,,0.0,Concorrem entre si,variações opostas (corr. -0.33),0.3313,2026-10-04
Omegafor Plus,VITAFOR,Ômega 3 EPA DHA,VITAFOR,69,72,SEM_SUBGRUPO,SEM_SUBGRUPO,True,False,-0.0445,0.2857,3,,0.0,Concorrem entre si,"nos picos de um, o outro perdeu ~29% do ganho; variações independentes (corr. -0.04)",0.3302,2026-10-04
Ômega 3 EPA DHA,VITAFOR,Whey Protein Isolado,DUX,72,943,SEM_SUBGRUPO,SEM_SUBGRUPO,True,False,-0.148,0.1811,6,0.4255,1.0,Concorrem entre si,"nos picos de um, o outro perdeu ~18% do ganho; variações opostas (corr. -0.15); saem juntos 0.4× o esperado",0.3291,2026-10-04
Probiótico - Simfort Plus,VITAFOR,Whey Protein Concentrado,DUX,402,936,SEM_SUBGRUPO,SEM_SUBGRUPO,True,True,-0.231,0.0945,14,0.6191,3.0,Concorrem entre si,"nos picos de um, o outro perdeu ~9% do ganho; variações opostas (corr. -0.23); saem juntos 0.6× o esperado",0.3255,2026-10-04
Coenzima Q10 + Ômega 3 + Vitamina E,ESSENTIAL,Whey Protein Isolado,DUX,534,941,SEM_SUBGRUPO,SEM_SUBGRUPO,True,False,-0.258,0.065,11,,0.0,Concorrem entre si,"nos picos de um, o outro perdeu ~7% do ganho; variações opostas (corr. -0.26)",0.3231,2026-10-04
Suplemento de Magnésio - Blue Calm,PURAVIDA,Própolis Verde - Premium 10mg,PURAVIDA,1238,662,SEM_SUBGRUPO,SEM_SUBGRUPO,True,True,-0.3154,,0,,0.0,Concorrem entre si,variações opostas (corr. -0.32),0.3154,2026-10-04
Probiótico - Simfort Plus,VITAFOR,Colágeno - Colagentek Protein - Bodybalance,VITAFOR,402,439,SEM_SUBGRUPO,SEM_SUBGRUPO,True,False,0.115,0.3143,3,0.739,1.0,Concorrem entre si,"nos picos de um, o outro perdeu ~31% do ganho; variações parecidas (corr. +0.12); saem juntos 0.7× o esperado",0.3143,2026-10-04
Whey Protein Isolado - Tasty Iso,ADAPTOGEN,Colágeno - Colagentek Protein - Bodybalance,VITAFOR,1333,1451,SEM_SUBGRUPO,SEM_SUBGRUPO,True,True,-0.3142,,0,,0.0,Concorrem entre si,variações opostas (corr. -0.31),0.3142,2026-10-04
Creatina 100%,NUTRIFY,Trio Magnésio 720mg,OCEAN DROP,1097,711,SEM_SUBGRUPO,SEM_SUBGRUPO,True,False,-0.2437,0.0694,6,,0.0,Concorrem entre si,"nos picos de um, o outro perdeu ~7% do ganho; variações opostas (corr. -0.24)",0.3131,2026-10-04
Creatina Monohidratada,ATLHETICA NUTRITION,Colágeno - Colagentek Protein - Bodybalance,VITAFOR,141,439,SEM_SUBGRUPO,SEM_SUBGRUPO,True,False,-0.3116,-0.183,9,0.5794,1.0,Concorrem entre si,"nos picos de um, o outro não caiu; variações opostas (corr. -0.31); saem juntos 0.6× o esperado",0.3116,2026-10-04
Trio Magnésio 720mg,OCEAN DROP,Whey Protein Concentrado,DUX,711,939,SEM_SUBGRUPO,SEM_SUBGRUPO,True,False,-0.1395,0.1693,10,0.874,2.0,Concorrem entre si,"nos picos de um, o outro perdeu ~17% do ganho; variações opostas (corr. -0.14); saem juntos 0.9× o esperado",0.3088,2026-10-04
Probiótico - Simfort Plus,VITAFOR,Whey Protein Isolado,DUX,360,941,SEM_SUBGRUPO,SEM_SUBGRUPO,True,False,-0.2857,0.0189,8,,0.0,Concorrem entre si,"nos picos de um, o outro perdeu ~2% do ganho; variações opostas (corr. -0.29)",0.3046,2026-10-04
Cúrcuma Plus,VITAFOR,Creatina Monohidratada,DUX,433,486,SEM_SUBGRUPO,SEM_SUBGRUPO,True,False,-0.3036,-0.001,24,1.0012,13.0,Concorrem entre si,"nos picos de um, o outro não caiu; variações opostas (corr. -0.30); saem juntos 1.0× o esperado",0.3036,2026-10-04
Ômega 3 - EPA DHA - 1000mg,EQUALIV,Whey Tech 100%,ATLHETICA NUTRITION,1215,453,SEM_SUBGRUPO,SEM_SUBGRUPO,True,False,0.0678,0.3036,5,1.1127,1.0,Concorrem entre si,"nos picos de um, o outro perdeu ~30% do ganho; variações independentes (corr. +0.07); saem juntos 1.1× o esperado",0.3036,2026-10-04
Probiótico - Simfort Plus,VITAFOR,Whey Tech 100%,ATLHETICA NUTRITION,360,453,SEM_SUBGRUPO,SEM_SUBGRUPO,True,False,0.1283,0.303,3,,0.0,Concorrem entre si,"nos picos de um, o outro perdeu ~30% do ganho; variações parecidas (corr. +0.13)",0.303,2026-10-04
Probiótico - Simfort Plus,VITAFOR,Whey Protein Concentrado,DUX,402,935,SEM_SUBGRUPO,SEM_SUBGRUPO,True,True,-0.01,0.2927,3,,0.0,Concorrem entre si,"nos picos de um, o outro perdeu ~29% do ganho; variações independentes (corr. -0.01)",0.3027,2026-10-04
Vitamina D - Vita D3,VITAFOR,Whey Protein Concentrado,DUX,395,935,SEM_SUBGRUPO,SEM_SUBGRUPO,True,False,-0.1802,0.122,3,,0.0,Concorrem entre si,"nos picos de um, o outro perdeu ~12% do ganho; variações opostas (corr. -0.18)",0.3021,2026-10-04
Colágeno - Collagen Renew Hidrolisado,NUTRIFY,Creatina - Gummy,GUDAY,1095,1632,SEM_SUBGRUPO,SEM_SUBGRUPO,True,True,-0.3004,,0,,0.0,Concorrem entre si,variações opostas (corr. -0.30),0.3004,2026-10-04
Omegafor Plus,VITAFOR,Psyllium,OCEAN DROP,69,704,SEM_SUBGRUPO,SEM_SUBGRUPO,True,False,0.0317,0.2941,3,,0.0,Concorrem entre si,"nos picos de um, o outro perdeu ~29% do ganho; variações independentes (corr. +0.03)",0.2941,2026-10-04
Whey 3W -  Sachê,BOLD,Tablete de Doce,FLORMEL,1942,835,SEM_SUBGRUPO,SEM_SUBGRUPO,True,True,-0.2932,,0,,0.0,Concorrem entre si,variações opostas (corr. -0.29),0.2932,2026-10-04
Colágeno Hidrolisado - Collagen Pro 18g,NUTRIFY,Coenzima  Q10 - 100mg,NUTRIFY,209,617,SEM_SUBGRUPO,SEM_SUBGRUPO,True,True,-0.2917,,0,,0.0,Concorrem entre si,variações opostas (corr. -0.29),0.2917,2026-10-04
Creatina Monohidratada,ATLHETICA NUTRITION,Probiótico - Simfort Plus,VITAFOR,141,360,SEM_SUBGRUPO,SEM_SUBGRUPO,True,False,-0.082,0.2085,9,0.446,1.0,Concorrem entre si,"nos picos de um, o outro perdeu ~21% do ganho; variações independentes (corr. -0.08); saem juntos 0.4× o esperado",0.2905,2026-10-04
Coenzima Q10 (200mg p/ porção),VITAFOR,Whey Protein Concentrado,DUX,448,940,SEM_SUBGRUPO,SEM_SUBGRUPO,True,False,-0.2434,0.0394,14,0.6018,3.0,Concorrem entre si,"nos picos de um, o outro perdeu ~4% do ganho; variações opostas (corr. -0.24); saem juntos 0.6× o esperado",0.2828,2026-10-04
Whey Protein Concentrado,DUX,Whey Protein Isolado,DUX,938,943,SEM_SUBGRUPO,SEM_SUBGRUPO,True,False,-0.2815,-0.2611,7,,0.0,Concorrem entre si,"nos picos de um, o outro não caiu; variações opostas (corr. -0.28)",0.2815,2026-10-04
Whey Tech 100%,ATLHETICA NUTRITION,Fresh Whey,DUX,453,861,SEM_SUBGRUPO,SEM_SUBGRUPO,True,False,-0.0739,0.2065,8,,0.0,Concorrem entre si,"nos picos de um, o outro perdeu ~21% do ganho; variações independentes (corr. -0.07)",0.2804,2026-10-04
Probiótico - Simfort Plus,VITAFOR,Coenzima Q10 (200mg p/ porção),VITAFOR,360,448,SEM_SUBGRUPO,SEM_SUBGRUPO,True,False,-0.0965,0.1818,3,0.9845,2.0,Concorrem entre si,"nos picos de um, o outro perdeu ~18% do ganho; variações independentes (corr. -0.10); saem juntos 1.0× o esperado",0.2783,2026-10-04
Bio Ferro,PURAVIDA,Whey Protein Isolado,DUX,1069,943,SEM_SUBGRUPO,SEM_SUBGRUPO,True,False,-0.0195,0.2581,3,,0.0,Concorrem entre si,"nos picos de um, o outro perdeu ~26% do ganho; variações independentes (corr. -0.02)",0.2775,2026-10-04
Ômega 3 - 1360mg,NUTRIFY,Fresh Whey,DUX,635,861,SEM_SUBGRUPO,SEM_SUBGRUPO,True,False,-0.1687,0.1087,8,,0.0,Concorrem entre si,"nos picos de um, o outro perdeu ~11% do ganho; variações opostas (corr. -0.17)",0.2774,2026-10-04
Vitamina D - Vita D3 + C + Zinco,VITAFOR,Whey Tech 100%,ATLHETICA NUTRITION,399,453,SEM_SUBGRUPO,SEM_SUBGRUPO,True,False,-0.0486,0.2286,3,0.7743,1.0,Concorrem entre si,"nos picos de um, o outro perdeu ~23% do ganho; variações independentes (corr. -0.05); saem juntos 0.8× o esperado",0.2772,2026-10-04
Whey Tech 100%,ATLHETICA NUTRITION,Whey Protein Concentrado,DUX,453,940,SEM_SUBGRUPO,SEM_SUBGRUPO,True,False,-0.1536,0.1232,14,0.3072,1.0,Concorrem entre si,"nos picos de um, o outro perdeu ~12% do ganho; variações opostas (corr. -0.15); saem juntos 0.3× o esperado",0.2768,2026-10-04
Ômega 3 - 1360mg,NUTRIFY,Trio Magnésio 720mg,OCEAN DROP,635,711,SEM_SUBGRUPO,SEM_SUBGRUPO,True,False,-0.1762,0.0972,6,0.5385,1.0,Concorrem entre si,"nos picos de um, o outro perdeu ~10% do ganho; variações opostas (corr. -0.18); saem juntos 0.5× o esperado",0.2734,2026-10-04
Vitamina D - Vita D3,VITAFOR,Creatina Monohidratada - Creatine,VITAFOR,397,71,SEM_SUBGRUPO,SEM_SUBGRUPO,True,True,-0.2198,0.0526,20,1.0389,6.0,Concorrem entre si,"nos picos de um, o outro perdeu ~5% do ganho; variações opostas (corr. -0.22); saem juntos 1.0× o esperado",0.2723,2026-10-04
Beta Alanina 100%,NUTRATA,Morning Shot - Imunidade,SUBLYME,638,782,SEM_SUBGRUPO,SEM_SUBGRUPO,True,True,-0.2702,,0,,0.0,Concorrem entre si,variações opostas (corr. -0.27),0.2702,2026-10-04
Glutamina - Glutamax,VITAFOR,Coenzima Q10,OCEAN DROP,421,681,SEM_SUBGRUPO,SEM_SUBGRUPO,True,True,-0.2693,,0,,0.0,Concorrem entre si,variações opostas (corr. -0.27),0.2693,2026-10-04
Trio Magnésio 720mg,OCEAN DROP,Ômega 3 EPA DHA,VITAFOR,711,77,SEM_SUBGRUPO,SEM_SUBGRUPO,True,False,-0.17,0.0981,10,1.1756,3.0,Concorrem entre si,"nos picos de um, o outro perdeu ~10% do ganho; variações opostas (corr. -0.17); saem juntos 1.2× o esperado",0.2681,2026-10-04
Probiótico - Simfort Plus,VITAFOR,Whey Protein Isolado,DUX,360,943,SEM_SUBGRUPO,SEM_SUBGRUPO,True,False,-0.1577,0.11,6,,0.0,Concorrem entre si,"nos picos de um, o outro perdeu ~11% do ganho; variações opostas (corr. -0.16)",0.2677,2026-10-04
Whey Protein Isolado - Sachê,DUX,W100 Whey Concentrado Havanna - Sachê,NUTRATA,1916,1936,SEM_SUBGRUPO,SEM_SUBGRUPO,True,True,-0.2649,,0,,0.0,Concorrem entre si,variações opostas (corr. -0.26),0.2649,2026-10-04
Whey Tech 100%,ATLHETICA NUTRITION,Creatina Monohidratada,DUX,453,486,SEM_SUBGRUPO,SEM_SUBGRUPO,True,False,-0.1948,0.07,16,0.7671,5.0,Concorrem entre si,"nos picos de um, o outro perdeu ~7% do ganho; variações opostas (corr. -0.19); saem juntos 0.8× o esperado",0.2648,2026-10-04
Colágeno - Collagen Renew Hidrolisado,NUTRIFY,Prebiótico - Fiber Liv,LAUTON,1095,1528,SEM_SUBGRUPO,SEM_SUBGRUPO,True,True,-0.2644,,0,,0.0,Concorrem entre si,variações opostas (corr. -0.26),0.2644,2026-10-04
Refil Whey Concentrado - W100,NUTRATA,Creatina Premium - Creapure,PURAVIDA,1158,60,SEM_SUBGRUPO,SEM_SUBGRUPO,True,True,-0.2625,,0,,0.0,Concorrem entre si,variações opostas (corr. -0.26),0.2625,2026-10-04
Maca Peruana,OCEAN DROP,Colágeno Hidrolisado - Collagen Pro 18g,NUTRIFY,1656,210,SEM_SUBGRUPO,SEM_SUBGRUPO,True,True,-0.2617,,0,,0.0,Concorrem entre si,variações opostas (corr. -0.26),0.2617,2026-10-04
Whey Protein Concentrado - Sachê,DUX,Whey 3W -  Sachê,BOLD,1908,1941,SEM_SUBGRUPO,SEM_SUBGRUPO,True,True,-0.2569,,0,,0.0,Concorrem entre si,variações opostas (corr. -0.26),0.2569,2026-10-04
Creatina Monohidratada,OCEAN DROP,Whey Protein Concentrado,DUX,685,939,SEM_SUBGRUPO,SEM_SUBGRUPO,True,False,-0.1626,0.0913,19,,0.0,Concorrem entre si,"nos picos de um, o outro perdeu ~9% do ganho; variações opostas (corr. -0.16)",0.2539,2026-10-04
Omegafor Plus,VITAFOR,Ômega 3 EPA DHA,VITAFOR,68,72,SEM_SUBGRUPO,SEM_SUBGRUPO,True,True,-0.2533,-0.0943,18,,0.0,Concorrem entre si,"nos picos de um, o outro não caiu; variações opostas (corr. -0.25)",0.2533,2026-10-04
Whey Isolado - Iso Triple Zero,INTEGRALMEDICA,Whey Tech 100%,ATLHETICA NUTRITION,1470,453,SEM_SUBGRUPO,SEM_SUBGRUPO,True,True,-0.253,,0,,0.0,Concorrem entre si,variações opostas (corr. -0.25),0.253,2026-10-04
Tablete de Doce,FLORMEL,Gel Nitrato,DOBRO,835,988,SEM_SUBGRUPO,SEM_SUBGRUPO,True,True,-0.2523,,0,,0.0,Concorrem entre si,variações opostas (corr. -0.25),0.2523,2026-10-04
Fresh Whey,DUX,Creatina Monohidratada,MAX TITANIUM,861,999,SEM_SUBGRUPO,SEM_SUBGRUPO,True,True,-0.2494,,0,,0.0,Concorrem entre si,variações opostas (corr. -0.25),0.2494,2026-10-04
Beta Alanina,VITAFOR,Creatina Monohidratada,DUX,407,486,SEM_SUBGRUPO,SEM_SUBGRUPO,True,False,-0.2487,-0.0109,16,0.9665,5.0,Concorrem entre si,"nos picos de um, o outro não caiu; variações opostas (corr. -0.25); saem juntos 1.0× o esperado",0.2487,2026-10-04
Própolis Verde - Alcoólico,APIS FLORA,Glutamina - Glutamax Refil,VITAFOR,1119,422,SEM_SUBGRUPO,SEM_SUBGRUPO,True,True,-0.248,,0,,0.0,Concorrem entre si,variações opostas (corr. -0.25),0.248,2026-10-04
Coenzima Q10 + Ômega 3 + Vitamina E,ESSENTIAL,Psyllium,OCEAN DROP,534,704,SEM_SUBGRUPO,SEM_SUBGRUPO,True,False,-0.248,-0.1586,9,0.9978,1.0,Concorrem entre si,"nos picos de um, o outro não caiu; variações opostas (corr. -0.25); saem juntos 1.0× o esperado",0.248,2026-10-04
Morning Shot - Imunidade,SUBLYME,Vitamina D3 Synergy,PURAVIDA,455,914,SEM_SUBGRUPO,SEM_SUBGRUPO,True,True,-0.247,,0,,0.0,Concorrem entre si,variações opostas (corr. -0.25),0.247,2026-10-04
Whey Protein - Isofort Beauty,VITAFOR,Colágeno - Colagentek II,VITAFOR,1201,388,SEM_SUBGRUPO,SEM_SUBGRUPO,True,True,-0.2464,,0,,0.0,Concorrem entre si,variações opostas (corr. -0.25),0.2464,2026-10-04
Coenzima Q10 (200mg p/ porção),VITAFOR,Creatina Monohidratada,OCEAN DROP,448,685,SEM_SUBGRUPO,SEM_SUBGRUPO,True,False,-0.2062,0.0372,15,0.4735,2.0,Concorrem entre si,"nos picos de um, o outro perdeu ~4% do ganho; variações opostas (corr. -0.21); saem juntos 0.5× o esperado",0.2435,2026-10-04
Vitamina D - Vita D3 + C + Zinco,VITAFOR,Beta Alanina,VITAFOR,399,407,SEM_SUBGRUPO,SEM_SUBGRUPO,True,True,-0.242,-0.0286,3,,0.0,Concorrem entre si,"nos picos de um, o outro não caiu; variações opostas (corr. -0.24)",0.242,2026-10-04
Whey Tech 100%,ATLHETICA NUTRITION,Whey Protein Concentrado,DUX,453,939,SEM_SUBGRUPO,SEM_SUBGRUPO,True,False,0.1464,0.2414,4,0.6,1.0,Concorrem entre si,"nos picos de um, o outro perdeu ~24% do ganho; variações parecidas (corr. +0.15); saem juntos 0.6× o esperado",0.2414,2026-10-04
Ômega 3 - Omegafor Memory,VITAFOR,Whey hidrolisado e isolado,TRUE SOURCE,394,87,SEM_SUBGRUPO,SEM_SUBGRUPO,True,True,-0.2404,,0,,0.0,Concorrem entre si,variações opostas (corr. -0.24),0.2404,2026-10-04
Ômega 3 EPA DHA,PURAVIDA,Fresh Whey,DUX,54,861,SEM_SUBGRUPO,SEM_SUBGRUPO,True,False,-0.2399,-0.1138,21,1.1797,2.0,Concorrem entre si,"nos picos de um, o outro não caiu; variações opostas (corr. -0.24); saem juntos 1.2× o esperado",0.2399,2026-10-04
Ômega 3 - EPA DHA - 1000mg,EQUALIV,SuperCoffee Língua de gato - Kopenhagen,CAFFEINE ARMY,1215,1384,SEM_SUBGRUPO,SEM_SUBGRUPO,True,False,-0.1742,0.0655,15,,0.0,Concorrem entre si,"nos picos de um, o outro perdeu ~7% do ganho; variações opostas (corr. -0.17)",0.2397,2026-10-04
Ômega 3 - 1360mg,NUTRIFY,Omegafor Plus,VITAFOR,635,69,SEM_SUBGRUPO,SEM_SUBGRUPO,True,False,-0.2379,,0,,0.0,Concorrem entre si,variações opostas (corr. -0.24),0.2379,2026-10-04
Ômega 3 - EPA DHA - 1000mg,EQUALIV,Whey Protein Concentrado,DUX,1215,936,SEM_SUBGRUPO,SEM_SUBGRUPO,True,False,-0.2379,-0.0737,19,0.3346,1.0,Concorrem entre si,"nos picos de um, o outro não caiu; variações opostas (corr. -0.24); saem juntos 0.3× o esperado",0.2379,2026-10-04
Creatina 100%,NUTRIFY,Body Protein Vegano,EQUALIV,1097,1227,SEM_SUBGRUPO,SEM_SUBGRUPO,True,True,-0.2346,,0,,0.0,Concorrem entre si,variações opostas (corr. -0.23),0.2346,2026-10-04
Barrinha de Proteína - Protein Crisp Bar,INTEGRALMEDICA,Matchá - Chá Verde em Pó,OCEAN DROP,1037,714,SEM_SUBGRUPO,SEM_SUBGRUPO,True,True,-0.2343,,0,,0.0,Concorrem entre si,variações opostas (corr. -0.23),0.2343,2026-10-04
NAC + Glycine + Taurine,ESSENTIAL,Colágeno Hidrolisado - Collagen Pro 18g,NUTRIFY,1250,209,SEM_SUBGRUPO,SEM_SUBGRUPO,True,True,-0.2333,,0,,0.0,Concorrem entre si,variações opostas (corr. -0.23),0.2333,2026-10-04
Proteína Isolada e Hidrolisada - Body Protein,EQUALIV,Ômega 3 Super DHA - BIG N,PURAVIDA,521,925,SEM_SUBGRUPO,SEM_SUBGRUPO,True,True,-0.2297,0.0,3,,0.0,Concorrem entre si,"nos picos de um, o outro não caiu; variações opostas (corr. -0.23)",0.2297,2026-10-04
Whey Protein - Isofort Beauty,VITAFOR,Colágeno -  Collagen Gut,ESSENTIAL,1201,1251,SEM_SUBGRUPO,SEM_SUBGRUPO,True,True,-0.2258,,0,,0.0,Concorrem entre si,variações opostas (corr. -0.23),0.2258,2026-10-04
Cúrcuma Plus,VITAFOR,Whey Protein Concentrado,DUX,433,939,SEM_SUBGRUPO,SEM_SUBGRUPO,True,False,-0.2256,-0.0368,12,0.3012,1.0,Concorrem entre si,"nos picos de um, o outro não caiu; variações opostas (corr. -0.23); saem juntos 0.3× o esperado",0.2256,2026-10-04
Refil Whey Protein Concentrado,VITAFOR,Magnésio - Inositol Relief 3.0,TRUE SOURCE,1673,634,SEM_SUBGRUPO,SEM_SUBGRUPO,True,True,-0.2249,,0,,0.0,Concorrem entre si,variações opostas (corr. -0.22),0.2249,2026-10-04
Coenzima Q10 + Ômega 3 + Vitamina E,ESSENTIAL,Omegafor Plus,VITAFOR,534,68,SEM_SUBGRUPO,SEM_SUBGRUPO,True,False,-0.2226,-0.0114,21,0.4279,2.0,Concorrem entre si,"nos picos de um, o outro não caiu; variações opostas (corr. -0.22); saem juntos 0.4× o esperado",0.2226,2026-10-04
Beta Alanina,VITAFOR,Whey Protein Concentrado,DUX,407,936,SEM_SUBGRUPO,SEM_SUBGRUPO,True,False,-0.1619,0.0597,14,,0.0,Concorrem entre si,"nos picos de um, o outro perdeu ~6% do ganho; variações opostas (corr. -0.16)",0.2216,2026-10-04
Creatina Monohidratada - Creatine,VITAFOR,Whey Protein Concentrado,DUX,71,940,SEM_SUBGRUPO,SEM_SUBGRUPO,True,False,-0.22,-0.086,24,0.3426,3.0,Concorrem entre si,"nos picos de um, o outro não caiu; variações opostas (corr. -0.22); saem juntos 0.3× o esperado",0.22,2026-10-04
Trio Magnésio 720mg,OCEAN DROP,Whey Protein Concentrado,DUX,711,938,SEM_SUBGRUPO,SEM_SUBGRUPO,True,False,-0.0214,0.1983,10,,0.0,Concorrem entre si,"nos picos de um, o outro perdeu ~20% do ganho; variações independentes (corr. -0.02)",0.2198,2026-10-04
True Cúrcuma,TRUE SOURCE,Próbiotico - Purabiotics,PURAVIDA,1045,220,SEM_SUBGRUPO,SEM_SUBGRUPO,True,True,-0.2193,,0,,0.0,Concorrem entre si,variações opostas (corr. -0.22),0.2193,2026-10-04
Própolis Líquido - Gotas,VITAFOR,Ômega -  Mega DHA,VITAFOR,412,75,SEM_SUBGRUPO,SEM_SUBGRUPO,True,True,-0.2184,,0,,0.0,Concorrem entre si,variações opostas (corr. -0.22),0.2184,2026-10-04
Omegafor Plus,VITAFOR,Fresh Whey,DUX,375,861,SEM_SUBGRUPO,SEM_SUBGRUPO,True,False,-0.2184,-0.0761,8,,0.0,Concorrem entre si,"nos picos de um, o outro não caiu; variações opostas (corr. -0.22)",0.2184,2026-10-04
Glutamina,DUX,Ômega 3 Super DHA - BIG N,PURAVIDA,474,925,SEM_SUBGRUPO,SEM_SUBGRUPO,True,False,-0.2176,-0.0822,6,,0.0,Concorrem entre si,"nos picos de um, o outro não caiu; variações opostas (corr. -0.22)",0.2176,2026-10-04
SuperCoffee Língua de gato - Kopenhagen,CAFFEINE ARMY,Coenzima Q10 (200mg p/ porção),VITAFOR,1384,448,SEM_SUBGRUPO,SEM_SUBGRUPO,True,False,-0.2115,0.0059,10,0.3184,1.0,Concorrem entre si,"nos picos de um, o outro perdeu ~1% do ganho; variações opostas (corr. -0.21); saem juntos 0.3× o esperado",0.2174,2026-10-04
Vitamina D - Vita D3,VITAFOR,Creatina Monohidratada - Creatine,VITAFOR,395,71,SEM_SUBGRUPO,SEM_SUBGRUPO,True,True,-0.2165,0.0,10,,0.0,Concorrem entre si,"nos picos de um, o outro não caiu; variações opostas (corr. -0.22)",0.2165,2026-10-04
Colágeno - Collagen Renew Hidrolisado,NUTRIFY,Ômega 3 Fosfatix,PURAVIDA,1095,52,SEM_SUBGRUPO,SEM_SUBGRUPO,True,True,-0.2142,,0,,0.0,Concorrem entre si,variações opostas (corr. -0.21),0.2142,2026-10-04
Colágeno - Collagen Renew Hidrolisado,NUTRIFY,Shot Matinal,OCEAN DROP,206,698,SEM_SUBGRUPO,SEM_SUBGRUPO,True,True,-0.2136,,0,,0.0,Concorrem entre si,variações opostas (corr. -0.21),0.2136,2026-10-04
Termogênico - Lipix6,VITAFOR,Termogênico - Termo Plus,VITAFOR,330,902,SEM_SUBGRUPO,SEM_SUBGRUPO,True,True,-0.2119,,0,,0.0,Concorrem entre si,variações opostas (corr. -0.21),0.2119,2026-10-04
Termogênico - Termo Plus,VITAFOR,Whey hidrolisado e isolado,TRUE SOURCE,1572,84,SEM_SUBGRUPO,SEM_SUBGRUPO,True,True,-0.2118,,0,,0.0,Concorrem entre si,variações opostas (corr. -0.21),0.2118,2026-10-04
Ômega 3 - 1360mg,NUTRIFY,Whey Protein Concentrado,DUX,635,940,SEM_SUBGRUPO,SEM_SUBGRUPO,True,False,-0.2116,0.0,14,,0.0,Concorrem entre si,"nos picos de um, o outro não caiu; variações opostas (corr. -0.21)",0.2116,2026-10-04
Ômega 3 EPA DHA,VITAFOR,Ômega 3 EPA DHA,VITAFOR,72,77,SEM_SUBGRUPO,SEM_SUBGRUPO,True,False,-0.0074,0.2025,7,0.2837,1.0,Concorrem entre si,"nos picos de um, o outro perdeu ~20% do ganho; variações independentes (corr. -0.01); saem juntos 0.3× o esperado",0.2099,2026-10-04
Granola - Zero Açúcar,WS NATURAIS,Gel Nitrato,DOBRO,1143,756,SEM_SUBGRUPO,SEM_SUBGRUPO,True,True,-0.2084,,0,,0.0,Concorrem entre si,variações opostas (corr. -0.21),0.2084,2026-10-04
Creatina - Creafort (Creapure),VITAFOR,Ômega 3 EPA DHA,VITAFOR,434,72,SEM_SUBGRUPO,SEM_SUBGRUPO,True,False,-0.2074,-0.1226,9,0.76,4.0,Concorrem entre si,"nos picos de um, o outro não caiu; variações opostas (corr. -0.21); saem juntos 0.8× o esperado",0.2074,2026-10-04
Whey - Isocrisp Pouch,VITAFOR,Magnésio - Bio Trimag,PURAVIDA,906,915,SEM_SUBGRUPO,SEM_SUBGRUPO,True,True,-0.2033,,0,,0.0,Concorrem entre si,variações opostas (corr. -0.20),0.2033,2026-10-04
Suplemento - Hyaluronic Hair,VITAFOR,Suplemento para Imunidade - Immune Up 100%,NUTRIFY,1035,219,SEM_SUBGRUPO,SEM_SUBGRUPO,True,True,-0.2029,,0,,0.0,Concorrem entre si,variações opostas (corr. -0.20),0.2029,2026-10-04
Aminoácidos - Aminnu EAAs,CENTRAL NUTRITION,Ômega 3 DHA,OCEAN DROP,331,687,SEM_SUBGRUPO,SEM_SUBGRUPO,True,True,-0.2023,,0,,0.0,Concorrem entre si,variações opostas (corr. -0.20),0.2023,2026-10-04
Pasta de Amendoim Granulado,MANDUBIM,Barrinha - Body Protein,EQUALIV,1072,1577,SEM_SUBGRUPO,SEM_SUBGRUPO,True,True,-0.2016,,0,,0.0,Concorrem entre si,variações opostas (corr. -0.20),0.2016,2026-10-04
Pré-Treino - V Fort Ultra,VITAFOR,Probióticos em Pó - Simfort,VITAFOR,352,365,SEM_SUBGRUPO,SEM_SUBGRUPO,True,True,-0.201,,0,,0.0,Concorrem entre si,variações opostas (corr. -0.20),0.201,2026-10-04
Complexo B - Bio Vit.B+,PURAVIDA,Refil Whey 100% Pure,INTEGRALMEDICA,1347,1386,SEM_SUBGRUPO,SEM_SUBGRUPO,True,True,-0.2008,,0,,0.0,Concorrem entre si,variações opostas (corr. -0.20),0.2008,2026-10-04
Beta Alanina,VITAFOR,Whey Protein Concentrado,DUX,407,940,SEM_SUBGRUPO,SEM_SUBGRUPO,True,False,-0.2004,-0.0296,14,0.3871,1.0,Concorrem entre si,"nos picos de um, o outro não caiu; variações opostas (corr. -0.20); saem juntos 0.4× o esperado",0.2004,2026-10-04
Whey Protein - Isofort Beauty,VITAFOR,Fresh Whey,DUX,1201,862,SEM_SUBGRUPO,SEM_SUBGRUPO,True,True,-0.1998,,0,,0.0,Concorrem entre si,variações opostas (corr. -0.20),0.1998,2026-10-04
Ômega 3 - EPA DHA - 1000mg,EQUALIV,Colágeno - Collagen Gut,ESSENTIAL,1215,214,SEM_SUBGRUPO,SEM_SUBGRUPO,True,True,-0.1986,,0,,0.0,Concorrem entre si,variações opostas (corr. -0.20),0.1986,2026-10-04
Vitamina D - Vita D3,VITAFOR,Omegafor Plus,VITAFOR,395,68,SEM_SUBGRUPO,SEM_SUBGRUPO,True,False,-0.1795,0.0182,15,,0.0,Concorrem entre si,"nos picos de um, o outro perdeu ~2% do ganho; variações opostas (corr. -0.18)",0.1978,2026-10-04
Eletrólitos,LIQUIDZ,NAC,OCEAN DROP,1898,1966,SEM_SUBGRUPO,SEM_SUBGRUPO,True,True,-0.1977,,0,,0.0,Concorrem entre si,variações opostas (corr. -0.20),0.1977,2026-10-04
Colágeno - Collagen Renew Hidrolisado,NUTRIFY,Gel Nitrato com L-Citrulinilarginina,DOBRO,206,989,SEM_SUBGRUPO,SEM_SUBGRUPO,True,True,-0.1974,,0,,0.0,Concorrem entre si,variações opostas (corr. -0.20),0.1974,2026-10-04
Creatina Monohidratada,EQUALIV,Palatinose,VITAFOR,1228,374,SEM_SUBGRUPO,SEM_SUBGRUPO,True,True,-0.1969,,0,,0.0,Concorrem entre si,variações opostas (corr. -0.20),0.1969,2026-10-04
Colágeno - Colagentek,VITAFOR,Coenzima  Q10 - 100mg,NUTRIFY,444,617,SEM_SUBGRUPO,SEM_SUBGRUPO,True,True,-0.1959,,0,,0.0,Concorrem entre si,variações opostas (corr. -0.20),0.1959,2026-10-04
Creatina Monohidratada,ATLHETICA NUTRITION,Ômega 3 - 1360mg,NUTRIFY,141,635,SEM_SUBGRUPO,SEM_SUBGRUPO,True,False,0.1295,0.1959,6,0.4374,1.0,Concorrem entre si,"nos picos de um, o outro perdeu ~20% do ganho; variações parecidas (corr. +0.13); saem juntos 0.4× o esperado",0.1959,2026-10-04
Vitamina D - Vita D3,VITAFOR,Vitamina D - Vita D3 + C + Zinco,VITAFOR,397,399,SEM_SUBGRUPO,SEM_SUBGRUPO,True,False,-0.1596,0.0359,13,0.3966,1.0,Concorrem entre si,"nos picos de um, o outro perdeu ~4% do ganho; variações opostas (corr. -0.16); saem juntos 0.4× o esperado",0.1955,2026-10-04
Trio Magnésio 720mg,OCEAN DROP,Whey Protein Concentrado,DUX,711,936,SEM_SUBGRUPO,SEM_SUBGRUPO,True,False,-0.1939,-0.0663,20,0.1992,1.0,Concorrem entre si,"nos picos de um, o outro não caiu; variações opostas (corr. -0.19); saem juntos 0.2× o esperado",0.1939,2026-10-04
Ômega 3 EPA DHA,PURAVIDA,Whey Protein Concentrado,DUX,54,938,SEM_SUBGRUPO,SEM_SUBGRUPO,True,False,-0.1926,-0.082,17,0.5026,2.0,Concorrem entre si,"nos picos de um, o outro não caiu; variações opostas (corr. -0.19); saem juntos 0.5× o esperado",0.1926,2026-10-04
Whey Protein Concentrado,DUX,Magnésio Inositol,EQUALIV,940,991,SEM_SUBGRUPO,SEM_SUBGRUPO,True,True,-0.1923,,0,,0.0,Concorrem entre si,variações opostas (corr. -0.19),0.1923,2026-10-04
Refil Whey Concentrado Havanna - W100,NUTRATA,BT Nitrato,DOBRO,1159,983,SEM_SUBGRUPO,SEM_SUBGRUPO,True,True,-0.1915,,0,,0.0,Concorrem entre si,variações opostas (corr. -0.19),0.1915,2026-10-04
Whey,ESSENTIAL,Whey Isolado - Iso Triple Zero,INTEGRALMEDICA,33,945,SEM_SUBGRUPO,SEM_SUBGRUPO,True,True,-0.1915,,0,,0.0,Concorrem entre si,variações opostas (corr. -0.19),0.1915,2026-10-04
Refil 100% Whey Protein - Flavour,ATLHETICA NUTRITION,Ômega 3 Super DHA,PURAVIDA,1590,58,SEM_SUBGRUPO,SEM_SUBGRUPO,True,True,-0.1905,,0,,0.0,Concorrem entre si,variações opostas (corr. -0.19),0.1905,2026-10-04
Vitamina D - Vita D3,VITAFOR,Vitamina D - Vita D3 + C + Zinco,VITAFOR,395,399,SEM_SUBGRUPO,SEM_SUBGRUPO,True,False,-0.1616,0.0286,3,,0.0,Concorrem entre si,"nos picos de um, o outro perdeu ~3% do ganho; variações opostas (corr. -0.16)",0.1901,2026-10-04
Whey Protein Isolado - Sachê,DUX,NAC,OCEAN DROP,1911,1966,SEM_SUBGRUPO,SEM_SUBGRUPO,True,True,-0.19,,0,,0.0,Concorrem entre si,variações opostas (corr. -0.19),0.19,2026-10-04
Vitamina B12,OCEAN DROP,Barrinha de Proteína,DUX,707,900,SEM_SUBGRUPO,SEM_SUBGRUPO,True,True,-0.1889,,0,,0.0,Concorrem entre si,variações opostas (corr. -0.19),0.1889,2026-10-04
Própolis Verde - Propomax,APIS FLORA,Resveratrol 500mg,OCEAN DROP,1117,709,SEM_SUBGRUPO,SEM_SUBGRUPO,True,True,-0.1888,,0,,0.0,Concorrem entre si,variações opostas (corr. -0.19),0.1888,2026-10-04
Super Ômega 3,ESSENTIAL,Whey Protein Isolado,DUX,1252,942,SEM_SUBGRUPO,SEM_SUBGRUPO,True,True,-0.1886,,0,,0.0,Concorrem entre si,variações opostas (corr. -0.19),0.1886,2026-10-04
Body Protein Vegano,EQUALIV,Shot Matinal,OCEAN DROP,1227,698,SEM_SUBGRUPO,SEM_SUBGRUPO,True,True,-0.1884,,0,,0.0,Concorrem entre si,variações opostas (corr. -0.19),0.1884,2026-10-04
Pré-Treino,DUX,Enzimas Enzyfor,VITAFOR,1560,410,SEM_SUBGRUPO,SEM_SUBGRUPO,True,True,-0.1873,,0,,0.0,Concorrem entre si,variações opostas (corr. -0.19),0.1873,2026-10-04
Colágeno - Collagen Renew Hidrolisado,NUTRIFY,Arginofor -  L-Arginina,VITAFOR,1093,385,SEM_SUBGRUPO,SEM_SUBGRUPO,True,True,-0.1871,,0,,0.0,Concorrem entre si,variações opostas (corr. -0.19),0.1871,2026-10-04
Whey Protein Concentrado,DUX,Whey Protein Concentrado,DUX,2,940,SEM_SUBGRUPO,SEM_SUBGRUPO,True,False,-0.187,-0.0148,14,0.6713,3.0,Concorrem entre si,"nos picos de um, o outro não caiu; variações opostas (corr. -0.19); saem juntos 0.7× o esperado",0.187,2026-10-04
Coenzima Q10 - 200mg,CENTRAL NUTRITION,Barrinha de Proteína,DUX,369,901,SEM_SUBGRUPO,SEM_SUBGRUPO,True,True,-0.1864,,0,,0.0,Concorrem entre si,variações opostas (corr. -0.19),0.1864,2026-10-04
Creatina Monohidratada,OCEAN DROP,Whey Protein Isolado,DUX,685,941,SEM_SUBGRUPO,SEM_SUBGRUPO,True,False,-0.1855,-0.1293,20,,0.0,Concorrem entre si,"nos picos de um, o outro não caiu; variações opostas (corr. -0.19)",0.1855,2026-10-04
Colágeno - Colagentek Protein - Bodybalance,VITAFOR,Whey Fort 3W,VITAFOR,1452,341,SEM_SUBGRUPO,SEM_SUBGRUPO,True,True,-0.1853,,0,,0.0,Concorrem entre si,variações opostas (corr. -0.19),0.1853,2026-10-04
Bio Ferro,PURAVIDA,Cúrcuma Plus,VITAFOR,1069,433,SEM_SUBGRUPO,SEM_SUBGRUPO,True,False,-0.1732,0.0091,8,,0.0,Concorrem entre si,"nos picos de um, o outro perdeu ~1% do ganho; variações opostas (corr. -0.17)",0.1823,2026-10-04
Colágeno - Colagentek Beauty,VITAFOR,Tasty Whey 3W Gourmet,ADAPTOGEN,447,948,SEM_SUBGRUPO,SEM_SUBGRUPO,True,True,-0.1822,,0,,0.0,Concorrem entre si,variações opostas (corr. -0.18),0.1822,2026-10-04
Vitamina D - Vita D3 + C + Zinco,VITAFOR,Whey Protein Concentrado,DUX,399,935,SEM_SUBGRUPO,SEM_SUBGRUPO,True,False,-0.182,-0.1749,6,0.6823,1.0,Concorrem entre si,"nos picos de um, o outro não caiu; variações opostas (corr. -0.18); saem juntos 0.7× o esperado",0.182,2026-10-04
Probiótico - Simfort Plus,VITAFOR,Coenzima Q10 + Ômega 3 + Vitamina E,ESSENTIAL,402,534,SEM_SUBGRUPO,SEM_SUBGRUPO,True,False,0.0065,0.1818,6,,0.0,Concorrem entre si,"nos picos de um, o outro perdeu ~18% do ganho; variações independentes (corr. +0.01)",0.1818,2026-10-04
Fresh Vegan,DUX,SuperCoffee,CAFFEINE ARMY,1114,457,SEM_SUBGRUPO,SEM_SUBGRUPO,True,True,-0.1811,,0,,0.0,Concorrem entre si,variações opostas (corr. -0.18),0.1811,2026-10-04
Omegafor Plus,VITAFOR,Colágeno - Colagentek Protein - Bodybalance,VITAFOR,375,439,SEM_SUBGRUPO,SEM_SUBGRUPO,True,False,-0.1803,0.0,3,0.7134,1.0,Concorrem entre si,"nos picos de um, o outro não caiu; variações opostas (corr. -0.18); saem juntos 0.7× o esperado",0.1803,2026-10-04
NAC PRO,DUX,Ômega 3 Pulse,PURAVIDA,1853,546,SEM_SUBGRUPO,SEM_SUBGRUPO,True,True,-0.1801,,0,,0.0,Concorrem entre si,variações opostas (corr. -0.18),0.1801,2026-10-04
Própolis Trio,TRUE SOURCE,Bom Ciclo,CENTRAL NUTRITION,1044,336,SEM_SUBGRUPO,SEM_SUBGRUPO,True,True,-0.1798,,0,,0.0,Concorrem entre si,variações opostas (corr. -0.18),0.1798,2026-10-04
Ômega 3,TRUE SOURCE,Snack Proteico,OCEAN DROP,1499,1968,SEM_SUBGRUPO,SEM_SUBGRUPO,True,True,-0.1787,,0,,0.0,Concorrem entre si,variações opostas (corr. -0.18),0.1787,2026-10-04
SuperCoffee Língua de gato - Kopenhagen,CAFFEINE ARMY,Creatina Monohidratada (Creapure),DUX,1384,1687,SEM_SUBGRUPO,SEM_SUBGRUPO,True,True,-0.1786,,0,,0.0,Concorrem entre si,variações opostas (corr. -0.18),0.1786,2026-10-04
Proteína Isolada e Hidrolisada - Body Protein,EQUALIV,Multivitaminico  - Imunomult- 1000mg,VITAFOR,519,613,SEM_SUBGRUPO,SEM_SUBGRUPO,True,True,-0.177,,0,,0.0,Concorrem entre si,variações opostas (corr. -0.18),0.177,2026-10-04
SuperCoffee Língua de gato - Kopenhagen,CAFFEINE ARMY,Creatina Monohidratada,DUX,1384,486,SEM_SUBGRUPO,SEM_SUBGRUPO,True,False,-0.1765,-0.3642,26,0.5758,7.0,Concorrem entre si,"nos picos de um, o outro não caiu; variações opostas (corr. -0.18); saem juntos 0.6× o esperado",0.1765,2026-10-04
Glutamina,DUX,Psyllium,OCEAN DROP,474,704,SEM_SUBGRUPO,SEM_SUBGRUPO,True,True,0.0105,0.1765,3,,0.0,Concorrem entre si,"nos picos de um, o outro perdeu ~18% do ganho; variações independentes (corr. +0.01)",0.1765,2026-10-04
Creatina Monohidratada,OCEAN DROP,Barrinha de Proteína,DUX,685,900,SEM_SUBGRUPO,SEM_SUBGRUPO,True,True,-0.1748,-0.1028,7,,0.0,Concorrem entre si,"nos picos de um, o outro não caiu; variações opostas (corr. -0.17)",0.1748,2026-10-04
Melatonina Duo Harmony,ESSENTIAL,Refil Whey Concentrado - W100,NUTRATA,1107,1158,SEM_SUBGRUPO,SEM_SUBGRUPO,True,True,-0.1742,,0,,0.0,Concorrem entre si,variações opostas (corr. -0.17),0.1742,2026-10-04
Beef Protein,ESSENTIAL,Magnésio Inositol,NUTRIFY,1060,1659,SEM_SUBGRUPO,SEM_SUBGRUPO,True,True,-0.1741,,0,,0.0,Concorrem entre si,variações opostas (corr. -0.17),0.1741,2026-10-04
Bio Vitamina B12 em gotas,PURAVIDA,Psyllium,MOSTEIRO DEVAKAN,1065,801,SEM_SUBGRUPO,SEM_SUBGRUPO,True,True,-0.174,,0,,0.0,Concorrem entre si,variações opostas (corr. -0.17),0.174,2026-10-04
Probiótico - Simfort Plus,VITAFOR,Whey Protein Concentrado,DUX,402,939,SEM_SUBGRUPO,SEM_SUBGRUPO,True,True,-0.1738,-0.0517,4,,0.0,Concorrem entre si,"nos picos de um, o outro não caiu; variações opostas (corr. -0.17)",0.1738,2026-10-04
Coenzima Q10 - (100mg p/ porção),VITAFOR,Colágeno Tipo II,LAUTON,451,995,SEM_SUBGRUPO,SEM_SUBGRUPO,True,True,-0.1735,,0,,0.0,Concorrem entre si,variações opostas (corr. -0.17),0.1735,2026-10-04
Fresh Vegan,DUX,Colágeno Tipo II - Artro Aid,NUTRIFY,1114,1329,SEM_SUBGRUPO,SEM_SUBGRUPO,True,True,-0.1732,,0,,0.0,Concorrem entre si,variações opostas (corr. -0.17),0.1732,2026-10-04
Vitamina D - Vita D3,VITAFOR,Whey Protein Concentrado,DUX,395,936,SEM_SUBGRUPO,SEM_SUBGRUPO,True,False,-0.1731,-0.0945,14,,0.0,Concorrem entre si,"nos picos de um, o outro não caiu; variações opostas (corr. -0.17)",0.1731,2026-10-04
Creatina Monohidratada,OCEAN DROP,Whey Protein Concentrado,DUX,685,936,SEM_SUBGRUPO,SEM_SUBGRUPO,True,False,-0.1708,-0.0775,29,0.4362,4.0,Concorrem entre si,"nos picos de um, o outro não caiu; variações opostas (corr. -0.17); saem juntos 0.4× o esperado",0.1708,2026-10-04
Creatina Monohidratada,ATLHETICA NUTRITION,Cúrcuma Plus,VITAFOR,141,433,SEM_SUBGRUPO,SEM_SUBGRUPO,True,False,-0.1623,0.0075,14,1.0804,4.0,Concorrem entre si,"nos picos de um, o outro perdeu ~1% do ganho; variações opostas (corr. -0.16); saem juntos 1.1× o esperado",0.1698,2026-10-04
Colágeno Hidrolisado - Collagen Pro 18g,NUTRIFY,Creatina Monohidratada (Creapure),NUTRIFY,210,44,SEM_SUBGRUPO,SEM_SUBGRUPO,True,True,-0.1683,,0,,0.0,Concorrem entre si,variações opostas (corr. -0.17),0.1683,2026-10-04
Nitro 400,PLANT POWER,Feno Grego + Boro 500mg,OCEAN DROP,1063,699,SEM_SUBGRUPO,SEM_SUBGRUPO,True,True,-0.1681,,0,,0.0,Concorrem entre si,variações opostas (corr. -0.17),0.1681,2026-10-04
Proteína Isolada e Hidrolisada - Body Protein,EQUALIV,Tasty Whey 3W Gourmet,ADAPTOGEN,522,948,SEM_SUBGRUPO,SEM_SUBGRUPO,True,True,-0.1678,,0,,0.0,Concorrem entre si,variações opostas (corr. -0.17),0.1678,2026-10-04
Vitamina D - Vita D3,VITAFOR,Coenzima Q10 + Ômega 3 + Vitamina E,ESSENTIAL,395,534,SEM_SUBGRUPO,SEM_SUBGRUPO,True,False,-0.0162,0.1515,6,,0.0,Concorrem entre si,"nos picos de um, o outro perdeu ~15% do ganho; variações independentes (corr. -0.02)",0.1677,2026-10-04
Whey Protein Concentrado,DUX,Omegafor Plus,VITAFOR,2,68,SEM_SUBGRUPO,SEM_SUBGRUPO,True,False,-0.1675,0.0,15,1.0684,8.0,Concorrem entre si,"nos picos de um, o outro não caiu; variações opostas (corr. -0.17); saem juntos 1.1× o esperado",0.1675,2026-10-04
Coenzima Q10 (200mg p/ porção),VITAFOR,Ômega 3 Super DHA - BIG N,PURAVIDA,448,925,SEM_SUBGRUPO,SEM_SUBGRUPO,True,False,-0.1672,0.0,6,,0.0,Concorrem entre si,"nos picos de um, o outro não caiu; variações opostas (corr. -0.17)",0.1672,2026-10-04
Aminoácidos - Aminolift,ESSENTIAL,SuperCoffee,CAFFEINE ARMY,1105,1292,SEM_SUBGRUPO,SEM_SUBGRUPO,True,True,-0.1672,,0,,0.0,Concorrem entre si,variações opostas (corr. -0.17),0.1672,2026-10-04
Tasty Whey 3W Gourmet,ADAPTOGEN,Colágeno - Collagen Renew Hidrolisado,NUTRIFY,107,1095,SEM_SUBGRUPO,SEM_SUBGRUPO,True,True,-0.1655,,0,,0.0,Concorrem entre si,variações opostas (corr. -0.17),0.1655,2026-10-04
Coenzima Q10 200mg,LAUTON,Whey hidrolisado e isolado Creme Broule 837g TRUE SOURCE,TRUE SOURCE,1408,89,SEM_SUBGRUPO,SEM_SUBGRUPO,True,True,-0.1653,,0,,0.0,Concorrem entre si,variações opostas (corr. -0.17),0.1653,2026-10-04
Omegafor Plus,VITAFOR,Whey Protein Concentrado,DUX,69,936,SEM_SUBGRUPO,SEM_SUBGRUPO,True,False,-0.1648,-0.0299,14,0.4476,2.0,Concorrem entre si,"nos picos de um, o outro não caiu; variações opostas (corr. -0.16); saem juntos 0.4× o esperado",0.1648,2026-10-04
Maca Peruana,OCEAN DROP,Whey Protein Isolado - Sachê,DUX,1656,1913,SEM_SUBGRUPO,SEM_SUBGRUPO,True,True,-0.161,,0,,0.0,Concorrem entre si,variações opostas (corr. -0.16),0.161,2026-10-04
Ferro Plus,VITAFOR,Whey 3W -  Sachê,BOLD,1886,1941,SEM_SUBGRUPO,SEM_SUBGRUPO,True,True,-0.1609,,0,,0.0,Concorrem entre si,variações opostas (corr. -0.16),0.1609,2026-10-04
Extrato de Laranja Moro 400mg,OCEAN DROP,Matchá - Chá Verde em Pó,OCEAN DROP,700,714,SEM_SUBGRUPO,SEM_SUBGRUPO,True,True,-0.1605,,0,,0.0,Concorrem entre si,variações opostas (corr. -0.16),0.1605,2026-10-04
Probiótico - Simfort Plus,VITAFOR,Creatina Monohidratada (Creapure),NUTRIFY,360,44,SEM_SUBGRUPO,SEM_SUBGRUPO,True,True,-0.1593,,0,,0.0,Concorrem entre si,variações opostas (corr. -0.16),0.1593,2026-10-04
Palatinose,DUX,Creatina Monohidratada - Creatine,VITAFOR,558,71,SEM_SUBGRUPO,SEM_SUBGRUPO,True,True,-0.1591,,0,,0.0,Concorrem entre si,variações opostas (corr. -0.16),0.1591,2026-10-04
Beef Protein,ESSENTIAL,Super Ômega 3,ESSENTIAL,1219,32,SEM_SUBGRUPO,SEM_SUBGRUPO,True,True,-0.1584,,0,,0.0,Concorrem entre si,variações opostas (corr. -0.16),0.1584,2026-10-04
Colágeno - Colagentek Protein - Bodybalance,VITAFOR,Psyllium,OCEAN DROP,439,704,SEM_SUBGRUPO,SEM_SUBGRUPO,True,False,-0.158,-0.3479,6,0.921,1.0,Concorrem entre si,"nos picos de um, o outro não caiu; variações opostas (corr. -0.16); saem juntos 0.9× o esperado",0.158,2026-10-04
Whey Protein Concentrado,DUX,Omegafor Plus,VITAFOR,2,375,SEM_SUBGRUPO,SEM_SUBGRUPO,True,False,-0.1579,,0,,0.0,Concorrem entre si,variações opostas (corr. -0.16),0.1579,2026-10-04
Whey Protein Concentrado,DUX,Whey Protein Isolado,DUX,940,941,SEM_SUBGRUPO,SEM_SUBGRUPO,True,False,-0.1579,-0.0495,19,0.3186,2.0,Concorrem entre si,"nos picos de um, o outro não caiu; variações opostas (corr. -0.16); saem juntos 0.3× o esperado",0.1579,2026-10-04
Pasta de Amendoim,DR. PEANUT,Glutamina - Glutamax Refil,VITAFOR,1020,422,SEM_SUBGRUPO,SEM_SUBGRUPO,True,True,-0.1556,,0,,0.0,Concorrem entre si,variações opostas (corr. -0.16),0.1556,2026-10-04
Proteína Isolada e Hidrolisada - Body Protein,EQUALIV,100% Whey Protein - Flavour,ATLHETICA NUTRITION,1124,144,SEM_SUBGRUPO,SEM_SUBGRUPO,True,True,-0.1553,,0,,0.0,Concorrem entre si,variações opostas (corr. -0.16),0.1553,2026-10-04
Creatina 100%,NUTRIFY,Fresh Whey,DUX,1097,861,SEM_SUBGRUPO,SEM_SUBGRUPO,True,False,-0.1549,-0.0978,8,,0.0,Concorrem entre si,"nos picos de um, o outro não caiu; variações opostas (corr. -0.15)",0.1549,2026-10-04
Cacao Whey - Sachê,ESSENTIAL,Snack Proteico,OCEAN DROP,1928,1969,SEM_SUBGRUPO,SEM_SUBGRUPO,True,True,-0.1549,,0,,0.0,Concorrem entre si,variações opostas (corr. -0.15),0.1549,2026-10-04
Whey Protein - Isofort Beauty,VITAFOR,Coenzima Q10 (200mg p/ porção),VITAFOR,1200,448,SEM_SUBGRUPO,SEM_SUBGRUPO,True,True,-0.1544,,0,,0.0,Concorrem entre si,variações opostas (corr. -0.15),0.1544,2026-10-04
Probiótico - Simfort Plus,VITAFOR,Whey Protein Concentrado,DUX,360,939,SEM_SUBGRUPO,SEM_SUBGRUPO,True,False,-0.1537,-0.0139,7,0.4974,1.0,Concorrem entre si,"nos picos de um, o outro não caiu; variações opostas (corr. -0.15); saem juntos 0.5× o esperado",0.1537,2026-10-04
Creatina Monohidratada,DUX,Trio Magnésio 720mg,OCEAN DROP,486,711,SEM_SUBGRUPO,SEM_SUBGRUPO,True,False,-0.1537,-0.0038,22,0.6704,6.0,Concorrem entre si,"nos picos de um, o outro não caiu; variações opostas (corr. -0.15); saem juntos 0.7× o esperado",0.1537,2026-10-04
Trio Magnésio 720mg,OCEAN DROP,Whey Protein Isolado,DUX,711,943,SEM_SUBGRUPO,SEM_SUBGRUPO,True,False,-0.1535,-0.0128,9,,0.0,Concorrem entre si,"nos picos de um, o outro não caiu; variações opostas (corr. -0.15)",0.1535,2026-10-04
Whey Protein Concentrado,DUX,Ômega - Mega DHA,VITAFOR,2,76,SEM_SUBGRUPO,SEM_SUBGRUPO,True,True,-0.1532,,0,,0.0,Concorrem entre si,variações opostas (corr. -0.15),0.1532,2026-10-04
Whey Protein Concentrado,DUX,Whey Protein Isolado,DUX,936,941,SEM_SUBGRUPO,SEM_SUBGRUPO,True,False,-0.1521,-0.2753,19,,0.0,Concorrem entre si,"nos picos de um, o outro não caiu; variações opostas (corr. -0.15)",0.1521,2026-10-04
Whey Protein Concentrado,DUX,SuperCoffee,CAFFEINE ARMY,2,456,SEM_SUBGRUPO,SEM_SUBGRUPO,True,True,-0.1507,,0,1.0566,1.0,Concorrem entre si,variações opostas (corr. -0.15); saem juntos 1.1× o esperado,0.1507,2026-10-04
Vitamina D - Vita D3 + C + Zinco,VITAFOR,Omegafor Plus,VITAFOR,399,69,SEM_SUBGRUPO,SEM_SUBGRUPO,True,False,-0.0178,0.3429,3,1.9007,3.0,Sem relação clara,"nos picos de um, o outro perdeu ~34% do ganho; variações independentes (corr. -0.02); saem juntos 1.9× o esperado",0.3607,2026-10-04
Probiótico - Simfort Plus,VITAFOR,Coenzima Q10 (200mg p/ porção),VITAFOR,402,448,SEM_SUBGRUPO,SEM_SUBGRUPO,True,False,-0.2948,,0,2.2401,5.0,Sem relação clara,variações opostas (corr. -0.29); saem juntos 2.2× o esperado,0.2948,2026-10-04
"Vitaminas A, E, D e K2- RESTAURE® - Gotas",CENTRAL NUTRITION,Creatina Monohidratada (Creapure),NUTRIFY,363,44,SEM_SUBGRUPO,SEM_SUBGRUPO,True,True,-0.2925,,0,1.554,1.0,Sem relação clara,variações opostas (corr. -0.29); saem juntos 1.6× o esperado,0.2925,2026-10-04
Creatina - Creafort (Creapure),VITAFOR,Trio Magnésio 720mg,OCEAN DROP,434,711,SEM_SUBGRUPO,SEM_SUBGRUPO,True,False,-0.1365,0.141,12,0.525,2.0,Sem relação clara,"nos picos de um, o outro perdeu ~14% do ganho; variações opostas (corr. -0.14); saem juntos 0.5× o esperado",0.2775,2026-10-04
Coenzima Q10 + Ômega 3 + Vitamina E,ESSENTIAL,Ômega 3 Super DHA - BIG N,PURAVIDA,534,925,SEM_SUBGRUPO,SEM_SUBGRUPO,True,False,-0.1433,0.1222,12,,0.0,Sem relação clara,"nos picos de um, o outro perdeu ~12% do ganho; variações opostas (corr. -0.14)",0.2655,2026-10-04
Fresh Whey,DUX,Whey Protein Isolado,DUX,861,943,SEM_SUBGRUPO,SEM_SUBGRUPO,True,False,-0.2306,0.0344,11,1.4124,2.0,Sem relação clara,"nos picos de um, o outro perdeu ~3% do ganho; variações opostas (corr. -0.23); saem juntos 1.4× o esperado",0.265,2026-10-04
Vitamina D - Vita D3 + C + Zinco,VITAFOR,Trio Magnésio 720mg,OCEAN DROP,399,711,SEM_SUBGRUPO,SEM_SUBGRUPO,True,False,-0.2077,0.0563,9,3.9478,7.0,Sem relação clara,"nos picos de um, o outro perdeu ~6% do ganho; variações opostas (corr. -0.21); saem juntos 3.9× o esperado",0.264,2026-10-04
Colágeno - Colagentek Protein - Bodybalance,VITAFOR,Glutamina,DUX,439,474,SEM_SUBGRUPO,SEM_SUBGRUPO,True,False,-0.1195,0.1429,3,1.4693,1.0,Sem relação clara,"nos picos de um, o outro perdeu ~14% do ganho; variações opostas (corr. -0.12); saem juntos 1.5× o esperado",0.2623,2026-10-04
Creatina Monohidratada - Creatine,VITAFOR,Trio Magnésio 720mg,OCEAN DROP,71,711,SEM_SUBGRUPO,SEM_SUBGRUPO,True,False,-0.2502,-0.2678,16,1.4773,6.0,Sem relação clara,"nos picos de um, o outro não caiu; variações opostas (corr. -0.25); saem juntos 1.5× o esperado",0.2502,2026-10-04
Vitamina D - Vita D3,VITAFOR,Ômega 3 EPA DHA,PURAVIDA,397,54,SEM_SUBGRUPO,SEM_SUBGRUPO,True,False,-0.2125,0.03,23,1.3812,4.0,Sem relação clara,"nos picos de um, o outro perdeu ~3% do ganho; variações opostas (corr. -0.21); saem juntos 1.4× o esperado",0.2426,2026-10-04
Creatina 100%,NUTRIFY,Whey Protein Isolado,DUX,1097,941,SEM_SUBGRUPO,SEM_SUBGRUPO,True,False,-0.1448,0.0968,5,0.7522,1.0,Sem relação clara,"nos picos de um, o outro perdeu ~10% do ganho; variações opostas (corr. -0.14); saem juntos 0.8× o esperado",0.2416,2026-10-04
Creatina Monohidratada,ATLHETICA NUTRITION,Fresh Whey,DUX,141,861,SEM_SUBGRUPO,SEM_SUBGRUPO,True,False,-0.1166,0.1223,14,0.4708,1.0,Sem relação clara,"nos picos de um, o outro perdeu ~12% do ganho; variações opostas (corr. -0.12); saem juntos 0.5× o esperado",0.2389,2026-10-04
Probiótico - Simfort Plus,VITAFOR,Probiótico - Simfort Plus,VITAFOR,360,402,SEM_SUBGRUPO,SEM_SUBGRUPO,True,False,-0.0523,0.1818,3,1.7066,3.0,Sem relação clara,"nos picos de um, o outro perdeu ~18% do ganho; variações independentes (corr. -0.05); saem juntos 1.7× o esperado",0.2341,2026-10-04
Ômega 3 - EPA DHA - 1000mg,EQUALIV,Whey Protein Concentrado,DUX,1215,935,SEM_SUBGRUPO,SEM_SUBGRUPO,True,False,-0.1998,0.0335,8,1.9608,2.0,Sem relação clara,"nos picos de um, o outro perdeu ~3% do ganho; variações opostas (corr. -0.20); saem juntos 2.0× o esperado",0.2333,2026-10-04
Cúrcuma Plus,VITAFOR,Psyllium,OCEAN DROP,433,704,SEM_SUBGRUPO,SEM_SUBGRUPO,True,True,-0.1586,0.0737,11,1.288,3.0,Sem relação clara,"nos picos de um, o outro perdeu ~7% do ganho; variações opostas (corr. -0.16); saem juntos 1.3× o esperado",0.2323,2026-10-04
Ômega 3 - EPA DHA - 1000mg,EQUALIV,Creatina Monohidratada,ATLHETICA NUTRITION,1215,141,SEM_SUBGRUPO,SEM_SUBGRUPO,True,False,-0.0851,0.1418,11,0.6582,1.0,Sem relação clara,"nos picos de um, o outro perdeu ~14% do ganho; variações independentes (corr. -0.09); saem juntos 0.7× o esperado",0.2269,2026-10-04
Creatina Monohidratada,OCEAN DROP,Whey Protein Concentrado,DUX,685,935,SEM_SUBGRUPO,SEM_SUBGRUPO,True,False,-0.2016,0.0208,18,1.5978,5.0,Sem relação clara,"nos picos de um, o outro perdeu ~2% do ganho; variações opostas (corr. -0.20); saem juntos 1.6× o esperado",0.2225,2026-10-04
Creatina Monohidratada,OCEAN DROP,Whey Protein Isolado,DUX,685,943,SEM_SUBGRUPO,SEM_SUBGRUPO,True,False,-0.1215,0.0979,18,,0.0,Sem relação clara,"nos picos de um, o outro perdeu ~10% do ganho; variações opostas (corr. -0.12)",0.2194,2026-10-04
Psyllium,OCEAN DROP,Ômega 3 EPA DHA,VITAFOR,704,77,SEM_SUBGRUPO,SEM_SUBGRUPO,True,False,-0.0693,0.1411,7,0.5059,1.0,Sem relação clara,"nos picos de um, o outro perdeu ~14% do ganho; variações independentes (corr. -0.07); saem juntos 0.5× o esperado",0.2104,2026-10-04
Psyllium,OCEAN DROP,Whey Protein Isolado,DUX,704,943,SEM_SUBGRUPO,SEM_SUBGRUPO,True,False,-0.1352,0.075,6,,0.0,Sem relação clara,"nos picos de um, o outro perdeu ~7% do ganho; variações opostas (corr. -0.14)",0.2102,2026-10-04
Ômega 3 EPA DHA,VITAFOR,Whey Protein Concentrado,DUX,72,935,SEM_SUBGRUPO,SEM_SUBGRUPO,True,False,-0.1124,0.0976,6,0.845,2.0,Sem relação clara,"nos picos de um, o outro perdeu ~10% do ganho; variações opostas (corr. -0.11); saem juntos 0.8× o esperado",0.21,2026-10-04
Ômega 3 - EPA DHA - 1000mg,EQUALIV,Omegafor Plus,VITAFOR,1215,69,SEM_SUBGRUPO,SEM_SUBGRUPO,True,False,-0.1015,0.1071,5,,0.0,Sem relação clara,"nos picos de um, o outro perdeu ~11% do ganho; variações opostas (corr. -0.10)",0.2086,2026-10-04
Ômega 3 - EPA DHA - 1000mg,EQUALIV,Beta Alanina,VITAFOR,1215,407,SEM_SUBGRUPO,SEM_SUBGRUPO,True,False,-0.1014,0.1071,5,,0.0,Sem relação clara,"nos picos de um, o outro perdeu ~11% do ganho; variações opostas (corr. -0.10)",0.2085,2026-10-04
Colágeno - Colagentek Protein - Bodybalance,VITAFOR,Trio Magnésio 720mg,OCEAN DROP,439,711,SEM_SUBGRUPO,SEM_SUBGRUPO,True,False,-0.1082,0.0929,9,,0.0,Sem relação clara,"nos picos de um, o outro perdeu ~9% do ganho; variações opostas (corr. -0.11)",0.2011,2026-10-04
Bio Ferro,PURAVIDA,Vitamina D - Vita D3 + C + Zinco,VITAFOR,1069,399,SEM_SUBGRUPO,SEM_SUBGRUPO,True,False,-0.111,0.0857,3,,0.0,Sem relação clara,"nos picos de um, o outro perdeu ~9% do ganho; variações opostas (corr. -0.11)",0.1967,2026-10-04
Ômega 3 - EPA DHA - 1000mg,EQUALIV,Trio Magnésio 720mg,OCEAN DROP,1215,711,SEM_SUBGRUPO,SEM_SUBGRUPO,True,False,-0.1232,0.072,11,2.4311,3.0,Sem relação clara,"nos picos de um, o outro perdeu ~7% do ganho; variações opostas (corr. -0.12); saem juntos 2.4× o esperado",0.1952,2026-10-04
Coenzima Q10 + Ômega 3 + Vitamina E,ESSENTIAL,Creatina Monohidratada,OCEAN DROP,534,685,SEM_SUBGRUPO,SEM_SUBGRUPO,True,False,-0.0909,0.1039,21,0.4231,1.0,Sem relação clara,"nos picos de um, o outro perdeu ~10% do ganho; variações independentes (corr. -0.09); saem juntos 0.4× o esperado",0.1948,2026-10-04
Coenzima Q10 + Ômega 3 + Vitamina E,ESSENTIAL,Whey Protein Isolado,DUX,534,943,SEM_SUBGRUPO,SEM_SUBGRUPO,True,False,-0.0643,0.1258,9,,0.0,Sem relação clara,"nos picos de um, o outro perdeu ~13% do ganho; variações independentes (corr. -0.06)",0.19,2026-10-04
Glutamina,DUX,Coenzima Q10 + Ômega 3 + Vitamina E,ESSENTIAL,474,534,SEM_SUBGRUPO,SEM_SUBGRUPO,True,False,-0.0804,0.1061,6,,0.0,Sem relação clara,"nos picos de um, o outro perdeu ~11% do ganho; variações independentes (corr. -0.08)",0.1864,2026-10-04
Vitamina D - Vita D3 + C + Zinco,VITAFOR,Probiótico - Simfort Plus,VITAFOR,399,402,SEM_SUBGRUPO,SEM_SUBGRUPO,True,False,-0.129,0.0571,3,1.7527,3.0,Sem relação clara,"nos picos de um, o outro perdeu ~6% do ganho; variações opostas (corr. -0.13); saem juntos 1.8× o esperado",0.1862,2026-10-04
Creatina Monohidratada,OCEAN DROP,Trio Magnésio 720mg,OCEAN DROP,685,711,SEM_SUBGRUPO,SEM_SUBGRUPO,True,False,-0.1122,0.0731,21,4.4904,17.0,Sem relação clara,"nos picos de um, o outro perdeu ~7% do ganho; variações opostas (corr. -0.11); saem juntos 4.5× o esperado",0.1853,2026-10-04
Probiótico - Simfort Plus,VITAFOR,Whey Protein Isolado,DUX,402,941,SEM_SUBGRUPO,SEM_SUBGRUPO,True,False,-0.135,0.0484,5,,0.0,Sem relação clara,"nos picos de um, o outro perdeu ~5% do ganho; variações opostas (corr. -0.13)",0.1834,2026-10-04
Glutamina,DUX,Palatinose,DUX,474,558,SEM_SUBGRUPO,SEM_SUBGRUPO,True,True,-0.1825,,0,2.0224,1.0,Sem relação clara,variações opostas (corr. -0.18); saem juntos 2.0× o esperado,0.1825,2026-10-04
Colágeno - Colagentek Protein - Bodybalance,VITAFOR,Coenzima Q10 (200mg p/ porção),VITAFOR,439,448,SEM_SUBGRUPO,SEM_SUBGRUPO,True,False,-0.1803,-0.1143,3,1.279,2.0,Sem relação clara,"nos picos de um, o outro não caiu; variações opostas (corr. -0.18); saem juntos 1.3× o esperado",0.1803,2026-10-04
Probiótico - Simfort Plus,VITAFOR,Omegafor Plus,VITAFOR,402,69,SEM_SUBGRUPO,SEM_SUBGRUPO,True,False,-0.1781,,0,2.2459,4.0,Sem relação clara,variações opostas (corr. -0.18); saem juntos 2.2× o esperado,0.1781,2026-10-04
"Boraprim - Borragem, Prímula e Gergelim",VITAFOR,Trio Magnésio 720mg,OCEAN DROP,396,711,SEM_SUBGRUPO,SEM_SUBGRUPO,True,True,-0.177,,0,2.9546,4.0,Sem relação clara,variações opostas (corr. -0.18); saem juntos 3.0× o esperado,0.177,2026-10-04
Bio Ferro,PURAVIDA,Creatina Monohidratada - Creatine,VITAFOR,1069,71,SEM_SUBGRUPO,SEM_SUBGRUPO,True,False,-0.1169,0.0588,10,,0.0,Sem relação clara,"nos picos de um, o outro perdeu ~6% do ganho; variações opostas (corr. -0.12)",0.1757,2026-10-04
Beta Alanina,VITAFOR,Psyllium,OCEAN DROP,407,704,SEM_SUBGRUPO,SEM_SUBGRUPO,True,True,-0.1168,0.0588,3,3.2328,3.0,Sem relação clara,"nos picos de um, o outro perdeu ~6% do ganho; variações opostas (corr. -0.12); saem juntos 3.2× o esperado",0.1756,2026-10-04
Omegafor Plus,VITAFOR,Vitamina D - Vita D3 + C + Zinco,VITAFOR,375,399,SEM_SUBGRUPO,SEM_SUBGRUPO,True,False,-0.0592,0.1143,3,1.1279,2.0,Sem relação clara,"nos picos de um, o outro perdeu ~11% do ganho; variações independentes (corr. -0.06); saem juntos 1.1× o esperado",0.1735,2026-10-04
Bio Ferro,PURAVIDA,Ômega 3 - EPA DHA - 1000mg,EQUALIV,1069,1215,SEM_SUBGRUPO,SEM_SUBGRUPO,True,False,-0.0461,0.125,5,,0.0,Sem relação clara,"nos picos de um, o outro perdeu ~12% do ganho; variações independentes (corr. -0.05)",0.1711,2026-10-04
Ômega 3 - 1360mg,NUTRIFY,Creatina Monohidratada - Creatine,VITAFOR,635,71,SEM_SUBGRUPO,SEM_SUBGRUPO,True,False,-0.1343,0.0368,10,0.5496,2.0,Sem relação clara,"nos picos de um, o outro perdeu ~4% do ganho; variações opostas (corr. -0.13); saem juntos 0.5× o esperado",0.1711,2026-10-04
Ômega 3 - EPA DHA - 1000mg,EQUALIV,Whey Protein Isolado,DUX,1215,943,SEM_SUBGRUPO,SEM_SUBGRUPO,True,False,-0.0862,0.0772,8,,0.0,Sem relação clara,"nos picos de um, o outro perdeu ~8% do ganho; variações independentes (corr. -0.09)",0.1634,2026-10-04
Vitamina D - Vita D3 + C + Zinco,VITAFOR,Coenzima Q10 (200mg p/ porção),VITAFOR,399,448,SEM_SUBGRUPO,SEM_SUBGRUPO,True,False,-0.1612,-0.2857,3,3.5387,7.0,Sem relação clara,"nos picos de um, o outro não caiu; variações opostas (corr. -0.16); saem juntos 3.5× o esperado",0.1612,2026-10-04
Creatina Monohidratada,DUX,Whey Protein Isolado,DUX,486,941,SEM_SUBGRUPO,SEM_SUBGRUPO,True,False,-0.1609,-0.5063,21,1.8297,23.0,Sem relação clara,"nos picos de um, o outro não caiu; variações opostas (corr. -0.16); saem juntos 1.8× o esperado",0.1609,2026-10-04
Bio Ferro,PURAVIDA,Creatina Monohidratada,DUX,1069,486,SEM_SUBGRUPO,SEM_SUBGRUPO,True,False,-0.1464,0.0131,16,,0.0,Sem relação clara,"nos picos de um, o outro perdeu ~1% do ganho; variações opostas (corr. -0.15)",0.1595,2026-10-04
Cúrcuma Plus,VITAFOR,Whey Protein Concentrado,DUX,433,940,SEM_SUBGRUPO,SEM_SUBGRUPO,True,False,-0.1218,0.0371,22,0.3085,2.0,Sem relação clara,"nos picos de um, o outro perdeu ~4% do ganho; variações opostas (corr. -0.12); saem juntos 0.3× o esperado",0.1589,2026-10-04
SuperCoffee,CAFFEINE ARMY,Magnésio - Inositol Relief 3.0,TRUE SOURCE,465,987,SEM_SUBGRUPO,SEM_SUBGRUPO,True,True,-0.1564,,0,2.7526,1.0,Sem relação clara,variações opostas (corr. -0.16); saem juntos 2.8× o esperado,0.1564,2026-10-04
Bio Ferro,PURAVIDA,Omegafor Plus,VITAFOR,1069,68,SEM_SUBGRUPO,SEM_SUBGRUPO,True,False,-0.1279,0.0255,15,,0.0,Sem relação clara,"nos picos de um, o outro perdeu ~3% do ganho; variações opostas (corr. -0.13)",0.1535,2026-10-04
Probiótico - Simfort Plus,VITAFOR,Ômega 3 EPA DHA,PURAVIDA,360,54,SEM_SUBGRUPO,SEM_SUBGRUPO,True,True,-0.1531,-0.3446,16,2.2353,4.0,Sem relação clara,"nos picos de um, o outro não caiu; variações opostas (corr. -0.15); saem juntos 2.2× o esperado",0.1531,2026-10-04
Probiótico - Simfort Plus,VITAFOR,Glutamina,DUX,360,474,SEM_SUBGRUPO,SEM_SUBGRUPO,True,False,-0.0924,0.0606,3,1.131,1.0,Sem relação clara,"nos picos de um, o outro perdeu ~6% do ganho; variações independentes (corr. -0.09); saem juntos 1.1× o esperado",0.153,2026-10-04
Creatina Monohidratada - Creatine,VITAFOR,Whey Protein Isolado,DUX,71,941,SEM_SUBGRUPO,SEM_SUBGRUPO,True,False,-0.15,-0.4543,15,0.3506,2.0,Sem relação clara,"nos picos de um, o outro não caiu; variações opostas (corr. -0.15); saem juntos 0.4× o esperado",0.15,2026-10-04
Whey Protein Isolado - Isofort,VITAFOR,Fresh Whey,DUX,74,859,SEM_SUBGRUPO,SEM_SUBGRUPO,True,True,-0.1496,,0,,0.0,Sem relação clara,variações opostas (corr. -0.15),0.1496,2026-10-04
Colágeno - Colagentek,VITAFOR,Feno Grego + Boro 500mg,OCEAN DROP,442,699,SEM_SUBGRUPO,SEM_SUBGRUPO,True,True,-0.1488,,0,,0.0,Sem relação clara,variações opostas (corr. -0.15),0.1488,2026-10-04
Ômega 3 Super DHA BIG,PURAVIDA,Whey Isolado - Iso Triple Zero,INTEGRALMEDICA,926,945,SEM_SUBGRUPO,SEM_SUBGRUPO,True,True,-0.1487,,0,,0.0,Sem relação clara,variações opostas (corr. -0.15),0.1487,2026-10-04
SuperCoffee Língua de gato - Kopenhagen,CAFFEINE ARMY,Omegafor Plus,VITAFOR,1384,68,SEM_SUBGRUPO,SEM_SUBGRUPO,True,False,-0.1487,-0.2538,25,0.2949,3.0,Sem relação clara,"nos picos de um, o outro não caiu; variações opostas (corr. -0.15); saem juntos 0.3× o esperado",0.1487,2026-10-04
Vitamina D3,ESSENTIAL,Whey Protein Isolado - Sachê,DUX,1242,1910,SEM_SUBGRUPO,SEM_SUBGRUPO,True,True,-0.1486,,0,,0.0,Sem relação clara,variações opostas (corr. -0.15),0.1486,2026-10-04
Refil Whey Concentrado - W100,NUTRATA,Isofort Plant (Life Vegan),VITAFOR,1290,428,SEM_SUBGRUPO,SEM_SUBGRUPO,True,True,-0.1485,,0,,0.0,Sem relação clara,variações opostas (corr. -0.15),0.1485,2026-10-04
Creatina Monohidratada - Creatine,VITAFOR,Ômega 3 EPA DHA,VITAFOR,71,72,SEM_SUBGRUPO,SEM_SUBGRUPO,True,False,-0.1485,-0.2488,13,1.9605,11.0,Sem relação clara,"nos picos de um, o outro não caiu; variações opostas (corr. -0.15); saem juntos 2.0× o esperado",0.1485,2026-10-04
Ômega 3 EPA DHA,VITAFOR,Whey Protein Concentrado,DUX,77,940,SEM_SUBGRUPO,SEM_SUBGRUPO,True,False,-0.148,-0.0409,18,0.5453,3.0,Sem relação clara,"nos picos de um, o outro não caiu; variações opostas (corr. -0.15); saem juntos 0.5× o esperado",0.148,2026-10-04
Cúrcuma Plus,VITAFOR,Whey Protein Concentrado,DUX,433,938,SEM_SUBGRUPO,SEM_SUBGRUPO,True,False,-0.1479,-0.1081,12,,0.0,Sem relação clara,"nos picos de um, o outro não caiu; variações opostas (corr. -0.15)",0.1479,2026-10-04
Colágeno Tipo II - Artro Aid,NUTRIFY,Magnésio Plus - 350mg,VITAFOR,1329,382,SEM_SUBGRUPO,SEM_SUBGRUPO,True,True,-0.1477,,0,,0.0,Sem relação clara,variações opostas (corr. -0.15),0.1477,2026-10-04
Aminoácidos - Aminnu EAAs,CENTRAL NUTRITION,Arginofor -  L-Arginina,VITAFOR,333,385,SEM_SUBGRUPO,SEM_SUBGRUPO,True,True,-0.1472,,0,,0.0,Sem relação clara,variações opostas (corr. -0.15),0.1472,2026-10-04
Cúrcuma Plus,VITAFOR,Creatina - Creafort (Creapure),VITAFOR,433,434,SEM_SUBGRUPO,SEM_SUBGRUPO,True,False,-0.0749,0.0722,14,0.1809,1.0,Sem relação clara,"nos picos de um, o outro perdeu ~7% do ganho; variações independentes (corr. -0.07); saem juntos 0.2× o esperado",0.1472,2026-10-04
Creatina Monohidratada,ATLHETICA NUTRITION,Beta Alanina,VITAFOR,141,407,SEM_SUBGRUPO,SEM_SUBGRUPO,True,False,-0.0128,0.134,6,1.3559,2.0,Sem relação clara,"nos picos de um, o outro perdeu ~13% do ganho; variações independentes (corr. -0.01); saem juntos 1.4× o esperado",0.1468,2026-10-04
Isofort Plant (Life Vegan),VITAFOR,Proteína Isolada e Hidrolisada - Body Protein,EQUALIV,427,519,SEM_SUBGRUPO,SEM_SUBGRUPO,True,True,-0.1467,,0,,0.0,Sem relação clara,variações opostas (corr. -0.15),0.1467,2026-10-04
Colágeno - Colagentek Protein - Bodybalance,VITAFOR,Whey Protein Isolado,DUX,439,943,SEM_SUBGRUPO,SEM_SUBGRUPO,True,False,-0.1466,-0.041,6,,0.0,Sem relação clara,"nos picos de um, o outro não caiu; variações opostas (corr. -0.15)",0.1466,2026-10-04
Vitamina D - Vita D3,VITAFOR,Vitamina B12,OCEAN DROP,397,690,SEM_SUBGRUPO,SEM_SUBGRUPO,True,True,-0.1462,,0,,0.0,Sem relação clara,variações opostas (corr. -0.15),0.1462,2026-10-04
Whey Protein Concentrado,DUX,Whey Protein Isolado,DUX,2,943,SEM_SUBGRUPO,SEM_SUBGRUPO,True,False,-0.0492,0.0968,3,,0.0,Sem relação clara,"nos picos de um, o outro perdeu ~10% do ganho; variações independentes (corr. -0.05)",0.146,2026-10-04
Creatina Monohidratada,ATLHETICA NUTRITION,Ômega 3 Super DHA - BIG N,PURAVIDA,141,925,SEM_SUBGRUPO,SEM_SUBGRUPO,True,False,-0.1457,-0.0618,12,1.1894,1.0,Sem relação clara,"nos picos de um, o outro não caiu; variações opostas (corr. -0.15); saem juntos 1.2× o esperado",0.1457,2026-10-04
Super Ômega 3,ESSENTIAL,Morning Shot - Imunidade,SUBLYME,30,455,SEM_SUBGRUPO,SEM_SUBGRUPO,True,True,-0.145,,0,,0.0,Sem relação clara,variações opostas (corr. -0.14),0.145,2026-10-04
Colágeno Hidrolisado - Collagen Pro 18g,NUTRIFY,Morning Shot - Imunidade,SUBLYME,208,781,SEM_SUBGRUPO,SEM_SUBGRUPO,True,True,-0.1443,,0,,0.0,Sem relação clara,variações opostas (corr. -0.14),0.1443,2026-10-04
Creatina Monohidratada,ATLHETICA NUTRITION,Whey Protein Concentrado,DUX,141,938,SEM_SUBGRUPO,SEM_SUBGRUPO,True,False,0.0412,0.1443,10,0.6017,3.0,Sem relação clara,"nos picos de um, o outro perdeu ~14% do ganho; variações independentes (corr. +0.04); saem juntos 0.6× o esperado",0.1443,2026-10-04
Omegafor Plus,VITAFOR,Whey Protein Concentrado,DUX,69,938,SEM_SUBGRUPO,SEM_SUBGRUPO,True,False,-0.1433,-0.1,4,0.2774,1.0,Sem relação clara,"nos picos de um, o outro não caiu; variações opostas (corr. -0.14); saem juntos 0.3× o esperado",0.1433,2026-10-04
Ômega 3 - EPA DHA - 1000mg,EQUALIV,Omegafor Plus,VITAFOR,1215,375,SEM_SUBGRUPO,SEM_SUBGRUPO,True,False,0.0598,0.1429,5,,0.0,Sem relação clara,"nos picos de um, o outro perdeu ~14% do ganho; variações independentes (corr. +0.06)",0.1429,2026-10-04
Omegafor Plus,VITAFOR,Fresh Whey,DUX,69,861,SEM_SUBGRUPO,SEM_SUBGRUPO,True,False,-0.1428,-0.0326,8,0.6512,1.0,Sem relação clara,"nos picos de um, o outro não caiu; variações opostas (corr. -0.14); saem juntos 0.7× o esperado",0.1428,2026-10-04
Probiótico - Simfort Plus,VITAFOR,Cúrcuma Plus,VITAFOR,402,433,SEM_SUBGRUPO,SEM_SUBGRUPO,True,False,-0.1427,-0.0545,8,2.0669,6.0,Sem relação clara,"nos picos de um, o outro não caiu; variações opostas (corr. -0.14); saem juntos 2.1× o esperado",0.1427,2026-10-04
Cúrcuma Plus,VITAFOR,Omegafor Plus,VITAFOR,433,69,SEM_SUBGRUPO,SEM_SUBGRUPO,True,False,-0.1426,0.0,8,1.8679,5.0,Sem relação clara,"nos picos de um, o outro não caiu; variações opostas (corr. -0.14); saem juntos 1.9× o esperado",0.1426,2026-10-04
Magnésio Inositol,NUTRIFY,Whey Protein Concentrado Cappuccino 900g DUX,DUX,1205,937,SEM_SUBGRUPO,SEM_SUBGRUPO,True,True,-0.1426,,0,,0.0,Sem relação clara,variações opostas (corr. -0.14),0.1426,2026-10-04
Psyllium,OCEAN DROP,Whey Protein Concentrado,DUX,704,939,SEM_SUBGRUPO,SEM_SUBGRUPO,True,False,0.0285,0.1418,7,0.5642,1.0,Sem relação clara,"nos picos de um, o outro perdeu ~14% do ganho; variações independentes (corr. +0.03); saem juntos 0.6× o esperado",0.1418,2026-10-04
Whey Protein Concentrado,DUX,Whey Protein Isolado,DUX,936,944,SEM_SUBGRUPO,SEM_SUBGRUPO,True,True,-0.1418,,0,,0.0,Sem relação clara,variações opostas (corr. -0.14),0.1418,2026-10-04
Ferro Plus,VITAFOR,Cacao Whey - Sachê,ESSENTIAL,1886,1928,SEM_SUBGRUPO,SEM_SUBGRUPO,True,True,-0.1414,,0,,0.0,Sem relação clara,variações opostas (corr. -0.14),0.1414,2026-10-04
Cúrcuma Plus,VITAFOR,Whey - Isocrisp Pouch,VITAFOR,416,906,SEM_SUBGRUPO,SEM_SUBGRUPO,True,True,-0.1412,,0,,0.0,Sem relação clara,variações opostas (corr. -0.14),0.1412,2026-10-04
Omegafor Family - Ômega 3,VITAFOR,SuperCoffee,CAFFEINE ARMY,1450,459,SEM_SUBGRUPO,SEM_SUBGRUPO,True,True,-0.1407,,0,,0.0,Sem relação clara,variações opostas (corr. -0.14),0.1407,2026-10-04
Beef Protein,ESSENTIAL,Extrato de Laranja Moro 400mg,OCEAN DROP,1060,700,SEM_SUBGRUPO,SEM_SUBGRUPO,True,True,-0.1402,,0,,0.0,Sem relação clara,variações opostas (corr. -0.14),0.1402,2026-10-04
Aminoácido - Tryptophan,NUTRIFY,Creatina Monohidratada,MAX TITANIUM,533,999,SEM_SUBGRUPO,SEM_SUBGRUPO,True,True,-0.1401,,0,,0.0,Sem relação clara,variações opostas (corr. -0.14),0.1401,2026-10-04
Bio Ferro,PURAVIDA,Ômega 3 EPA DHA,PURAVIDA,1069,54,SEM_SUBGRUPO,SEM_SUBGRUPO,True,True,-0.14,-0.0816,13,,0.0,Sem relação clara,"nos picos de um, o outro não caiu; variações opostas (corr. -0.14)",0.14,2026-10-04
Creatina 100%,NUTRIFY,Omegafor Plus,VITAFOR,1097,68,SEM_SUBGRUPO,SEM_SUBGRUPO,True,False,-0.1395,-0.0547,15,0.5849,2.0,Sem relação clara,"nos picos de um, o outro não caiu; variações opostas (corr. -0.14); saem juntos 0.6× o esperado",0.1395,2026-10-04
Creatina 100%,NUTRIFY,Coenzima Q10 (200mg p/ porção),VITAFOR,1097,448,SEM_SUBGRUPO,SEM_SUBGRUPO,True,False,-0.1391,,0,,0.0,Sem relação clara,variações opostas (corr. -0.14),0.1391,2026-10-04
Whey Tech 100%,ATLHETICA NUTRITION,Whey Protein Concentrado,DUX,453,935,SEM_SUBGRUPO,SEM_SUBGRUPO,True,False,-0.0409,0.0976,3,,0.0,Sem relação clara,"nos picos de um, o outro perdeu ~10% do ganho; variações independentes (corr. -0.04)",0.1384,2026-10-04
Whey,ESSENTIAL,Whey Isolado - Iso Triple Zero,INTEGRALMEDICA,40,945,SEM_SUBGRUPO,SEM_SUBGRUPO,True,True,-0.1382,,0,,0.0,Sem relação clara,variações opostas (corr. -0.14),0.1382,2026-10-04
Cúrcuma - Curcumagic,PURAVIDA,Morning Shot - Imunidade,SUBLYME,658,781,SEM_SUBGRUPO,SEM_SUBGRUPO,True,True,-0.1382,,0,,0.0,Sem relação clara,variações opostas (corr. -0.14),0.1382,2026-10-04
Colágeno - Collagen Essential Protein,ESSENTIAL,Immuno Whey,ESSENTIAL,1048,1220,SEM_SUBGRUPO,SEM_SUBGRUPO,True,True,-0.138,,0,,0.0,Sem relação clara,variações opostas (corr. -0.14),0.138,2026-10-04
Whey Isolado - Isofort Ultra Imuno,VITAFOR,Termogênico - Termo Plus,VITAFOR,1112,1572,SEM_SUBGRUPO,SEM_SUBGRUPO,True,True,-0.1378,,0,,0.0,Sem relação clara,variações opostas (corr. -0.14),0.1378,2026-10-04
Whey Protein Concentrado,DUX,Whey Protein Concentrado,DUX,2,935,SEM_SUBGRUPO,SEM_SUBGRUPO,True,False,-0.0646,0.0732,3,1.7511,3.0,Sem relação clara,"nos picos de um, o outro perdeu ~7% do ganho; variações independentes (corr. -0.06); saem juntos 1.8× o esperado",0.1378,2026-10-04
Creatina - Creapure,ATLHETICA NUTRITION,Própolis - Green Própolis,NUTRIFY,1127,1326,SEM_SUBGRUPO,SEM_SUBGRUPO,True,True,-0.1372,,0,,0.0,Sem relação clara,variações opostas (corr. -0.14),0.1372,2026-10-04
NAC + Glycine + Taurine,ESSENTIAL,Feno Grego,LAUTON,1250,952,SEM_SUBGRUPO,SEM_SUBGRUPO,True,True,-0.1367,,0,,0.0,Sem relação clara,variações opostas (corr. -0.14),0.1367,2026-10-04
Multivitaminico  - Imunomult- 1000mg,VITAFOR,Whey hidrolisado e isolado,TRUE SOURCE,613,86,SEM_SUBGRUPO,SEM_SUBGRUPO,True,True,-0.1364,,0,,0.0,Sem relação clara,variações opostas (corr. -0.14),0.1364,2026-10-04
Vitamina D - Vita D3,VITAFOR,Colágeno - Colagentek Protein - Bodybalance,VITAFOR,397,439,SEM_SUBGRUPO,SEM_SUBGRUPO,True,False,-0.1363,-0.0214,13,0.5017,1.0,Sem relação clara,"nos picos de um, o outro não caiu; variações opostas (corr. -0.14); saem juntos 0.5× o esperado",0.1363,2026-10-04
Whey Fort 3W,VITAFOR,Whey Protein Isolado - Isofort,VITAFOR,334,67,SEM_SUBGRUPO,SEM_SUBGRUPO,True,True,-0.1362,,0,,0.0,Sem relação clara,variações opostas (corr. -0.14),0.1362,2026-10-04
Simfort fibras,VITAFOR,Suplemento Alimentar - Green Shot,OCEAN DROP,401,712,SEM_SUBGRUPO,SEM_SUBGRUPO,True,True,-0.136,,0,,0.0,Sem relação clara,variações opostas (corr. -0.14),0.136,2026-10-04
Creatina 100%,NUTRIFY,Beta Alanina,VITAFOR,1097,407,SEM_SUBGRUPO,SEM_SUBGRUPO,True,False,-0.1351,,0,,0.0,Sem relação clara,variações opostas (corr. -0.14),0.1351,2026-10-04
NAC + Glycine + Taurine,ESSENTIAL,Ômega 3 Super DHA,PURAVIDA,1250,58,SEM_SUBGRUPO,SEM_SUBGRUPO,True,True,-0.1349,,0,,0.0,Sem relação clara,variações opostas (corr. -0.13),0.1349,2026-10-04
Melatonina,PURAVIDA,Refil Whey 100% Pure,INTEGRALMEDICA,1067,1386,SEM_SUBGRUPO,SEM_SUBGRUPO,True,True,-0.1347,,0,,0.0,Sem relação clara,variações opostas (corr. -0.13),0.1347,2026-10-04
Probiótico - Simfort Plus,VITAFOR,Psyllium,OCEAN DROP,360,704,SEM_SUBGRUPO,SEM_SUBGRUPO,True,False,-0.1339,-0.2518,6,1.4179,2.0,Sem relação clara,"nos picos de um, o outro não caiu; variações opostas (corr. -0.13); saem juntos 1.4× o esperado",0.1339,2026-10-04
100% Whey Protein - Flavour,ATLHETICA NUTRITION,100% Whey Protein - Flavour,ATLHETICA NUTRITION,144,145,SEM_SUBGRUPO,SEM_SUBGRUPO,True,True,-0.1333,,0,,0.0,Sem relação clara,variações opostas (corr. -0.13),0.1333,2026-10-04
"Boraprim - Borragem, Prímula e Gergelim",VITAFOR,Whey Protein Isolado,DUX,396,943,SEM_SUBGRUPO,SEM_SUBGRUPO,True,True,-0.133,,0,,0.0,Sem relação clara,variações opostas (corr. -0.13),0.133,2026-10-04
Omegafor Plus,VITAFOR,Probiótico - Simfort Plus,VITAFOR,375,402,SEM_SUBGRUPO,SEM_SUBGRUPO,True,False,-0.1322,,0,2.499,5.0,Sem relação clara,variações opostas (corr. -0.13); saem juntos 2.5× o esperado,0.1322,2026-10-04
Melatonina Duo,ESSENTIAL,Ômega 3 - EPA DHA - 1000mg,EQUALIV,1106,1214,SEM_SUBGRUPO,SEM_SUBGRUPO,True,True,-0.1321,,0,,0.0,Sem relação clara,variações opostas (corr. -0.13),0.1321,2026-10-04
Coenzima Q10 200mg,LAUTON,Laranja Moro,LAUTON,1408,957,SEM_SUBGRUPO,SEM_SUBGRUPO,True,True,-0.1318,,0,,0.0,Sem relação clara,variações opostas (corr. -0.13),0.1318,2026-10-04
Whey Tech 100%,ATLHETICA NUTRITION,Creatina Monohidratada,OCEAN DROP,453,685,SEM_SUBGRUPO,SEM_SUBGRUPO,True,False,0.0966,0.1318,15,0.7253,2.0,Sem relação clara,"nos picos de um, o outro perdeu ~13% do ganho; variações independentes (corr. +0.10); saem juntos 0.7× o esperado",0.1318,2026-10-04
Fresh Whey,DUX,Whey Protein Concentrado,DUX,861,940,SEM_SUBGRUPO,SEM_SUBGRUPO,True,False,-0.131,-0.1844,22,0.2688,1.0,Sem relação clara,"nos picos de um, o outro não caiu; variações opostas (corr. -0.13); saem juntos 0.3× o esperado",0.131,2026-10-04
Colágeno - Colagentek Protein - Bodybalance,VITAFOR,Creatina Monohidratada,OCEAN DROP,439,685,SEM_SUBGRUPO,SEM_SUBGRUPO,True,False,-0.1308,-0.1288,18,0.7811,2.0,Sem relação clara,"nos picos de um, o outro não caiu; variações opostas (corr. -0.13); saem juntos 0.8× o esperado",0.1308,2026-10-04
Omegafor Plus,VITAFOR,Creatina Monohidratada - Creatine,VITAFOR,68,71,SEM_SUBGRUPO,SEM_SUBGRUPO,True,False,-0.1305,-0.2382,25,1.3631,20.0,Sem relação clara,"nos picos de um, o outro não caiu; variações opostas (corr. -0.13); saem juntos 1.4× o esperado",0.1305,2026-10-04
Omegafor Plus,VITAFOR,Whey Protein Isolado,DUX,68,941,SEM_SUBGRUPO,SEM_SUBGRUPO,True,True,-0.1301,-0.0274,20,0.0951,1.0,Sem relação clara,"nos picos de um, o outro não caiu; variações opostas (corr. -0.13); saem juntos 0.1× o esperado",0.1301,2026-10-04
Whey Fort 3W,VITAFOR,Fresh Whey,DUX,332,862,SEM_SUBGRUPO,SEM_SUBGRUPO,True,True,-0.13,,0,,0.0,Sem relação clara,variações opostas (corr. -0.13),0.13,2026-10-04
Vitamina D - Vita D3,VITAFOR,Probiótico - Simfort Plus,VITAFOR,395,402,SEM_SUBGRUPO,SEM_SUBGRUPO,True,False,-0.1297,,0,,0.0,Sem relação clara,variações opostas (corr. -0.13),0.1297,2026-10-04
Palatinose,VITAFOR,Psyllium,MOSTEIRO DEVAKAN,374,801,SEM_SUBGRUPO,SEM_SUBGRUPO,True,True,-0.129,,0,,0.0,Sem relação clara,variações opostas (corr. -0.13),0.129,2026-10-04
Colágeno Hidrolisado - Collagen Pro 18g,NUTRIFY,Ômega 3 - Omegafor Memory,VITAFOR,209,394,SEM_SUBGRUPO,SEM_SUBGRUPO,True,True,-0.1286,,0,,0.0,Sem relação clara,variações opostas (corr. -0.13),0.1286,2026-10-04
Coenzima Q10  (200mg p/ porção),VITAFOR,Proteína Isolada e Hidrolisada - Body Protein,EQUALIV,450,519,SEM_SUBGRUPO,SEM_SUBGRUPO,True,True,-0.1271,,0,7.2929,2.0,Sem relação clara,variações opostas (corr. -0.13); saem juntos 7.3× o esperado,0.1271,2026-10-04
Resveratrol Plus - 165mg,VITAFOR,Omegafor Plus,VITAFOR,373,69,SEM_SUBGRUPO,SEM_SUBGRUPO,True,True,-0.1264,,0,0.8298,1.0,Sem relação clara,variações opostas (corr. -0.13); saem juntos 0.8× o esperado,0.1264,2026-10-04
100% Whey Protein - Flavour,ATLHETICA NUTRITION,Isofort Plant (Life Vegan),VITAFOR,146,404,SEM_SUBGRUPO,SEM_SUBGRUPO,True,True,-0.1262,,0,,0.0,Sem relação clara,variações opostas (corr. -0.13),0.1262,2026-10-04
Creatina 100%,NUTRIFY,Ômega 3 EPA DHA,VITAFOR,1097,72,SEM_SUBGRUPO,SEM_SUBGRUPO,True,False,-0.1259,-0.2286,3,0.7648,1.0,Sem relação clara,"nos picos de um, o outro não caiu; variações opostas (corr. -0.13); saem juntos 0.8× o esperado",0.1259,2026-10-04
Ômega 3 EPA DHA,VITAFOR,Whey Protein Concentrado,DUX,72,939,SEM_SUBGRUPO,SEM_SUBGRUPO,True,False,-0.1256,-0.0562,7,0.3163,1.0,Sem relação clara,"nos picos de um, o outro não caiu; variações opostas (corr. -0.13); saem juntos 0.3× o esperado",0.1256,2026-10-04
Creatina Monohidratada,ATLHETICA NUTRITION,Whey Protein Concentrado,DUX,141,2,SEM_SUBGRUPO,SEM_SUBGRUPO,True,False,-0.1256,-0.1443,6,0.7837,2.0,Sem relação clara,"nos picos de um, o outro não caiu; variações opostas (corr. -0.13); saem juntos 0.8× o esperado",0.1256,2026-10-04
Coenzima Q10 (200mg p/ porção),VITAFOR,Psyllium,OCEAN DROP,448,704,SEM_SUBGRUPO,SEM_SUBGRUPO,True,False,-0.0961,0.0294,3,0.5583,1.0,Sem relação clara,"nos picos de um, o outro perdeu ~3% do ganho; variações independentes (corr. -0.10); saem juntos 0.6× o esperado",0.1255,2026-10-04
Ômega 3 - Omegafor Memory,VITAFOR,Creatina Monohidratada,OCEAN DROP,394,685,SEM_SUBGRUPO,SEM_SUBGRUPO,True,True,-0.1255,,0,,0.0,Sem relação clara,variações opostas (corr. -0.13),0.1255,2026-10-04
Cúrcuma Plus,VITAFOR,Whey Protein Concentrado,DUX,433,935,SEM_SUBGRUPO,SEM_SUBGRUPO,True,False,-0.1253,-0.0403,11,0.8046,2.0,Sem relação clara,"nos picos de um, o outro não caiu; variações opostas (corr. -0.13); saem juntos 0.8× o esperado",0.1253,2026-10-04
Refil Whey Protein Concentrado,VITAFOR,Snack Proteico,OCEAN DROP,1673,1969,SEM_SUBGRUPO,SEM_SUBGRUPO,True,True,-0.1252,,0,,0.0,Sem relação clara,variações opostas (corr. -0.13),0.1252,2026-10-04
Pré-Treino - V Fort Ultra,VITAFOR,Ômega 3 Super DHA BIG,PURAVIDA,352,926,SEM_SUBGRUPO,SEM_SUBGRUPO,True,True,-0.1251,,0,,0.0,Sem relação clara,variações opostas (corr. -0.13),0.1251,2026-10-04
Fresh Whey,DUX,Whey Protein Isolado - Isofort,VITAFOR,1341,67,SEM_SUBGRUPO,SEM_SUBGRUPO,True,True,-0.1249,,0,,0.0,Sem relação clara,variações opostas (corr. -0.12),0.1249,2026-10-04
Própolis Verde - Propomax,APIS FLORA,Barrinha de Proteína,DUX,1117,900,SEM_SUBGRUPO,SEM_SUBGRUPO,True,True,-0.1248,,0,,0.0,Sem relação clara,variações opostas (corr. -0.12),0.1248,2026-10-04
Própolis Verde 70,APIS FLORA,Colágeno - Colagentek Beauty,VITAFOR,1118,447,SEM_SUBGRUPO,SEM_SUBGRUPO,True,True,-0.1244,,0,,0.0,Sem relação clara,variações opostas (corr. -0.12),0.1244,2026-10-04
Multivitamínico - Vitalift,ESSENTIAL,Whey Protein Isolado - Isofort,VITAFOR,531,79,SEM_SUBGRUPO,SEM_SUBGRUPO,True,True,-0.1238,,0,,0.0,Sem relação clara,variações opostas (corr. -0.12),0.1238,2026-10-04
Palatinose,VITAFOR,Glutamina em Pó,PURAVIDA,374,647,SEM_SUBGRUPO,SEM_SUBGRUPO,True,True,-0.1238,,0,,0.0,Sem relação clara,variações opostas (corr. -0.12),0.1238,2026-10-04
Ômega 3 - EPA DHA - 1000mg,EQUALIV,Psyllium,OCEAN DROP,1215,704,SEM_SUBGRUPO,SEM_SUBGRUPO,True,False,0.0515,0.1233,8,1.0462,1.0,Sem relação clara,"nos picos de um, o outro perdeu ~12% do ganho; variações independentes (corr. +0.05); saem juntos 1.0× o esperado",0.1233,2026-10-04
Creatina Monohidratada - Creatine,VITAFOR,Ômega 3 Super DHA - BIG N,PURAVIDA,71,925,SEM_SUBGRUPO,SEM_SUBGRUPO,True,False,-0.1233,-0.1949,16,,0.0,Sem relação clara,"nos picos de um, o outro não caiu; variações opostas (corr. -0.12)",0.1233,2026-10-04
Ferro Plus,VITAFOR,Gel Nitrato,DOBRO,1886,988,SEM_SUBGRUPO,SEM_SUBGRUPO,True,True,-0.123,,0,,0.0,Sem relação clara,variações opostas (corr. -0.12),0.123,2026-10-04
Bio Ferro,PURAVIDA,Whey Protein Concentrado,DUX,1069,936,SEM_SUBGRUPO,SEM_SUBGRUPO,True,False,-0.122,-0.0547,14,,0.0,Sem relação clara,"nos picos de um, o outro não caiu; variações opostas (corr. -0.12)",0.122,2026-10-04
Cúrcuma Plus,VITAFOR,Whey Protein Concentrado,DUX,433,936,SEM_SUBGRUPO,SEM_SUBGRUPO,True,False,-0.0921,0.0298,22,0.1373,1.0,Sem relação clara,"nos picos de um, o outro perdeu ~3% do ganho; variações independentes (corr. -0.09); saem juntos 0.1× o esperado",0.1219,2026-10-04
Ômega 3 EPA DHA,VITAFOR,Fresh Whey,DUX,77,861,SEM_SUBGRUPO,SEM_SUBGRUPO,True,False,-0.0982,0.0236,12,0.4708,1.0,Sem relação clara,"nos picos de um, o outro perdeu ~2% do ganho; variações independentes (corr. -0.10); saem juntos 0.5× o esperado",0.1218,2026-10-04
Coenzima Q10 (200mg p/ porção),VITAFOR,Whey Tech 100%,ATLHETICA NUTRITION,448,453,SEM_SUBGRUPO,SEM_SUBGRUPO,True,False,-0.1215,,0,0.5938,1.0,Sem relação clara,variações opostas (corr. -0.12); saem juntos 0.6× o esperado,0.1215,2026-10-04
Vitamina D - Vita D3,VITAFOR,Creatina - Creafort (Creapure),VITAFOR,395,434,SEM_SUBGRUPO,SEM_SUBGRUPO,True,False,-0.0209,0.1,6,,0.0,Sem relação clara,"nos picos de um, o outro perdeu ~10% do ganho; variações independentes (corr. -0.02)",0.1209,2026-10-04
Probióticos em Pó - Simfort,VITAFOR,Pré-Treino - V Fort Ultra,VITAFOR,365,559,SEM_SUBGRUPO,SEM_SUBGRUPO,True,True,-0.1207,,0,,0.0,Sem relação clara,variações opostas (corr. -0.12),0.1207,2026-10-04
Colágeno - Collagen Essential Protein,ESSENTIAL,Ômega 3  - 1360mg,NUTRIFY,1049,1660,SEM_SUBGRUPO,SEM_SUBGRUPO,True,True,-0.1201,,0,,0.0,Sem relação clara,variações opostas (corr. -0.12),0.1201,2026-10-04
Whey Tech 100%,ATLHETICA NUTRITION,Psyllium,OCEAN DROP,453,704,SEM_SUBGRUPO,SEM_SUBGRUPO,True,False,-0.1201,-0.1765,3,0.8552,1.0,Sem relação clara,"nos picos de um, o outro não caiu; variações opostas (corr. -0.12); saem juntos 0.9× o esperado",0.1201,2026-10-04
Creatina 100%,NUTRIFY,Probiótico - Simfort Plus,VITAFOR,1097,402,SEM_SUBGRUPO,SEM_SUBGRUPO,True,False,-0.1198,,0,,0.0,Sem relação clara,variações opostas (corr. -0.12),0.1198,2026-10-04
Suplemento de Magnésio - Blue Calm,PURAVIDA,Laranja Moro - Moroskinny,EQUALIV,1475,1593,SEM_SUBGRUPO,SEM_SUBGRUPO,True,True,-0.1182,,0,,0.0,Sem relação clara,variações opostas (corr. -0.12),0.1182,2026-10-04
Proteína Isolada e Hidrolisada - Body Protein,EQUALIV,Colágeno - Colagentek II,VITAFOR,1639,1781,SEM_SUBGRUPO,SEM_SUBGRUPO,True,True,-0.1181,,0,,0.0,Sem relação clara,variações opostas (corr. -0.12),0.1181,2026-10-04
Suplemento de Magnésio - Blue Calm,PURAVIDA,Creatina Monohidratada -  Crealift (Creapure),ESSENTIAL,1238,633,SEM_SUBGRUPO,SEM_SUBGRUPO,True,True,-0.1173,,0,,0.0,Sem relação clara,variações opostas (corr. -0.12),0.1173,2026-10-04
Ômega 3 - EPA DHA - 1000mg,EQUALIV,Probiótico - Simfort Plus,VITAFOR,1215,402,SEM_SUBGRUPO,SEM_SUBGRUPO,True,False,-0.0811,0.0357,5,,0.0,Sem relação clara,"nos picos de um, o outro perdeu ~4% do ganho; variações independentes (corr. -0.08)",0.1168,2026-10-04
Creatina Monohidratada,OCEAN DROP,Creatina Monohidratada - Creatine,VITAFOR,685,71,SEM_SUBGRUPO,SEM_SUBGRUPO,True,False,-0.1165,-0.2389,25,,0.0,Sem relação clara,"nos picos de um, o outro não caiu; variações opostas (corr. -0.12)",0.1165,2026-10-04
Beta Alanina,VITAFOR,Omegafor Plus,VITAFOR,407,68,SEM_SUBGRUPO,SEM_SUBGRUPO,True,False,-0.1165,-0.0584,15,0.6931,3.0,Sem relação clara,"nos picos de um, o outro não caiu; variações opostas (corr. -0.12); saem juntos 0.7× o esperado",0.1165,2026-10-04
Colágeno - Collagen Renew Hidrolisado,NUTRIFY,Granola,KOBBER,1095,1146,SEM_SUBGRUPO,SEM_SUBGRUPO,True,True,-0.1161,,0,,0.0,Sem relação clara,variações opostas (corr. -0.12),0.1161,2026-10-04
Simfort Femme,VITAFOR,Proteína Isolada e Hidrolisada - Body Protein,EQUALIV,1449,1639,SEM_SUBGRUPO,SEM_SUBGRUPO,True,True,-0.1158,,0,,0.0,Sem relação clara,variações opostas (corr. -0.12),0.1158,2026-10-04
FreshWhey - Sachê,DUX,Tablete de Doce,FLORMEL,1920,837,SEM_SUBGRUPO,SEM_SUBGRUPO,True,True,-0.1158,,0,,0.0,Sem relação clara,variações opostas (corr. -0.12),0.1158,2026-10-04
Colágeno - Collagen Pro - Body Suport,PURAVIDA,Melatonina - Ydrosolv,YOSEN,1026,1137,SEM_SUBGRUPO,SEM_SUBGRUPO,True,True,-0.1157,,0,,0.0,Sem relação clara,variações opostas (corr. -0.12),0.1157,2026-10-04
Própolis Líquido - Gotas,VITAFOR,Ferro Quelato + Vitamina C,OCEAN DROP,412,697,SEM_SUBGRUPO,SEM_SUBGRUPO,True,True,-0.1156,,0,,0.0,Sem relação clara,variações opostas (corr. -0.12),0.1156,2026-10-04
Beta Alanina,VITAFOR,Creatina Monohidratada,OCEAN DROP,407,685,SEM_SUBGRUPO,SEM_SUBGRUPO,True,False,-0.1155,-0.0115,15,1.8278,4.0,Sem relação clara,"nos picos de um, o outro não caiu; variações opostas (corr. -0.12); saem juntos 1.8× o esperado",0.1155,2026-10-04
Suplemento Alimentar  - Hepatofor,VITAFOR,Ômega 3 Super DHA BIG,PURAVIDA,423,926,SEM_SUBGRUPO,SEM_SUBGRUPO,True,True,-0.1154,,0,,0.0,Sem relação clara,variações opostas (corr. -0.12),0.1154,2026-10-04
BodyBalance - Muscle Synergy,ESSENTIAL,Suplemento de Magnésio - Blue Calm,PURAVIDA,1249,1475,SEM_SUBGRUPO,SEM_SUBGRUPO,True,True,-0.1148,,0,,0.0,Sem relação clara,variações opostas (corr. -0.11),0.1148,2026-10-04
Própolis Trio,TRUE SOURCE,Coenzima Q10 200mg,LAUTON,1044,1408,SEM_SUBGRUPO,SEM_SUBGRUPO,True,True,-0.1148,,0,,0.0,Sem relação clara,variações opostas (corr. -0.11),0.1148,2026-10-04
Coenzima Q10 (200mg p/ porção),VITAFOR,Whey Protein Concentrado,DUX,448,935,SEM_SUBGRUPO,SEM_SUBGRUPO,True,False,-0.1147,-0.439,3,0.5232,1.0,Sem relação clara,"nos picos de um, o outro não caiu; variações opostas (corr. -0.11); saem juntos 0.5× o esperado",0.1147,2026-10-04
Whey Concentrado - W100,NUTRATA,Fresh Whey,DUX,1486,860,SEM_SUBGRUPO,SEM_SUBGRUPO,True,True,-0.1147,,0,,0.0,Sem relação clara,variações opostas (corr. -0.11),0.1147,2026-10-04
Whey Protein Isolado - Tasty Iso,ADAPTOGEN,Ômega 3 EPA DHA,VITAFOR,1332,376,SEM_SUBGRUPO,SEM_SUBGRUPO,True,True,-0.1146,,0,,0.0,Sem relação clara,variações opostas (corr. -0.11),0.1146,2026-10-04
Ômega 3 EPA DHA,PURAVIDA,Omegafor Plus,VITAFOR,54,68,SEM_SUBGRUPO,SEM_SUBGRUPO,True,False,-0.1144,-0.3641,28,0.1359,1.0,Sem relação clara,"nos picos de um, o outro não caiu; variações opostas (corr. -0.11); saem juntos 0.1× o esperado",0.1144,2026-10-04
Colágeno - Colagentek II,VITAFOR,Colágeno - Collagen Protein Hidrolisado,PURAVIDA,388,651,SEM_SUBGRUPO,SEM_SUBGRUPO,True,True,-0.1143,,0,,0.0,Sem relação clara,variações opostas (corr. -0.11),0.1143,2026-10-04
Tasty Whey 3W Gourmet,ADAPTOGEN,Suplemento Alimentar - Alpha Inflaminus,PURAVIDA,109,1274,SEM_SUBGRUPO,SEM_SUBGRUPO,True,True,-0.1139,,0,,0.0,Sem relação clara,variações opostas (corr. -0.11),0.1139,2026-10-04
Omegafor Plus,VITAFOR,Whey Protein Concentrado,DUX,375,938,SEM_SUBGRUPO,SEM_SUBGRUPO,True,False,-0.1136,-0.2,4,,0.0,Sem relação clara,"nos picos de um, o outro não caiu; variações opostas (corr. -0.11)",0.1136,2026-10-04
Ferro Quelado 34mg,LAUTON,Probiótico - Simcaps,VITAFOR,1410,371,SEM_SUBGRUPO,SEM_SUBGRUPO,True,True,-0.1135,,0,,0.0,Sem relação clara,variações opostas (corr. -0.11),0.1135,2026-10-04
Própolis Verde - Propomax,APIS FLORA,Vitamina D - Vita D3,VITAFOR,1117,397,SEM_SUBGRUPO,SEM_SUBGRUPO,True,True,-0.1134,,0,,0.0,Sem relação clara,variações opostas (corr. -0.11),0.1134,2026-10-04
Creatina Monohidratada,ATLHETICA NUTRITION,Creatina Monohidratada,OCEAN DROP,141,685,SEM_SUBGRUPO,SEM_SUBGRUPO,True,False,0.0579,0.1133,21,,0.0,Sem relação clara,"nos picos de um, o outro perdeu ~11% do ganho; variações independentes (corr. +0.06)",0.1133,2026-10-04
Psyllium,OCEAN DROP,Vitamina B12,VITAFOR,704,907,SEM_SUBGRUPO,SEM_SUBGRUPO,True,True,-0.113,,0,,0.0,Sem relação clara,variações opostas (corr. -0.11),0.113,2026-10-04
Cúrcuma Plus,VITAFOR,Morning Shot - Imunidade,SUBLYME,433,455,SEM_SUBGRUPO,SEM_SUBGRUPO,True,True,-0.113,,0,2.576,3.0,Sem relação clara,variações opostas (corr. -0.11); saem juntos 2.6× o esperado,0.113,2026-10-04
Creatina Monohidratada - Creatine,VITAFOR,Ômega 3 EPA DHA,VITAFOR,71,77,SEM_SUBGRUPO,SEM_SUBGRUPO,True,False,-0.1129,-0.1051,14,1.3999,7.0,Sem relação clara,"nos picos de um, o outro não caiu; variações opostas (corr. -0.11); saem juntos 1.4× o esperado",0.1129,2026-10-04
Glutamina,DUX,Ômega 3 EPA DHA,VITAFOR,474,77,SEM_SUBGRUPO,SEM_SUBGRUPO,True,False,0.1125,0.1129,4,0.8071,1.0,Sem relação clara,"nos picos de um, o outro perdeu ~11% do ganho; variações parecidas (corr. +0.11); saem juntos 0.8× o esperado",0.1129,2026-10-04
Bio Ferro,PURAVIDA,Whey Protein Isolado,DUX,1069,941,SEM_SUBGRUPO,SEM_SUBGRUPO,True,False,0.0734,0.1129,5,,0.0,Sem relação clara,"nos picos de um, o outro perdeu ~11% do ganho; variações independentes (corr. +0.07)",0.1129,2026-10-04
SuperCoffee,CAFFEINE ARMY,Magnésio Inositol,EQUALIV,457,991,SEM_SUBGRUPO,SEM_SUBGRUPO,True,True,-0.112,,0,,0.0,Sem relação clara,variações opostas (corr. -0.11),0.112,2026-10-04
Ômega 3 EPA DHA,PURAVIDA,Whey Protein Concentrado,DUX,54,936,SEM_SUBGRUPO,SEM_SUBGRUPO,True,False,-0.112,-0.2833,27,0.2027,1.0,Sem relação clara,"nos picos de um, o outro não caiu; variações opostas (corr. -0.11); saem juntos 0.2× o esperado",0.112,2026-10-04
Colágeno - Collagen Gut,ESSENTIAL,Super Ômega 3,ESSENTIAL,214,31,SEM_SUBGRUPO,SEM_SUBGRUPO,True,True,-0.1116,,0,4.1638,1.0,Sem relação clara,variações opostas (corr. -0.11); saem juntos 4.2× o esperado,0.1116,2026-10-04
Vitamina D3,NUTRIFY,Cúrcuma Plus,VITAFOR,1204,416,SEM_SUBGRUPO,SEM_SUBGRUPO,True,True,-0.1115,,0,,0.0,Sem relação clara,variações opostas (corr. -0.11),0.1115,2026-10-04
Ômega 3  - 1360mg,NUTRIFY,Colágeno Hidrolisado - Collagen Pro 18g,NUTRIFY,1660,211,SEM_SUBGRUPO,SEM_SUBGRUPO,True,True,-0.1114,,0,10.3736,2.0,Sem relação clara,variações opostas (corr. -0.11); saem juntos 10.4× o esperado,0.1114,2026-10-04
Ômega 3 EPA DHA,VITAFOR,Whey Protein Isolado,DUX,72,941,SEM_SUBGRUPO,SEM_SUBGRUPO,True,False,-0.1112,-0.0989,8,0.2486,1.0,Sem relação clara,"nos picos de um, o outro não caiu; variações opostas (corr. -0.11); saem juntos 0.2× o esperado",0.1112,2026-10-04
Whey Fort 3W,VITAFOR,Coenzima Q10 (200mg p/ porção),VITAFOR,334,448,SEM_SUBGRUPO,SEM_SUBGRUPO,True,True,-0.111,,0,,0.0,Sem relação clara,variações opostas (corr. -0.11),0.111,2026-10-04
Creatina Monohidratada (Creapure),NUTRIFY,Whey Protein Concentrado,DUX,44,939,SEM_SUBGRUPO,SEM_SUBGRUPO,True,True,-0.1108,,0,,0.0,Sem relação clara,variações opostas (corr. -0.11),0.1108,2026-10-04
Coenzima Q10 (200mg p/ porção),VITAFOR,Ômega 3 EPA DHA,PURAVIDA,448,54,SEM_SUBGRUPO,SEM_SUBGRUPO,True,False,-0.1105,-0.1582,13,0.8802,2.0,Sem relação clara,"nos picos de um, o outro não caiu; variações opostas (corr. -0.11); saem juntos 0.9× o esperado",0.1105,2026-10-04
Psyllium,OCEAN DROP,Ômega 3 EPA DHA,VITAFOR,704,72,SEM_SUBGRUPO,SEM_SUBGRUPO,True,False,-0.0213,0.0891,6,0.9018,2.0,Sem relação clara,"nos picos de um, o outro perdeu ~9% do ganho; variações independentes (corr. -0.02); saem juntos 0.9× o esperado",0.1104,2026-10-04
Creatina 100%,NUTRIFY,Whey Protein Concentrado,DUX,1097,940,SEM_SUBGRUPO,SEM_SUBGRUPO,True,False,-0.1102,-0.0296,14,1.4701,3.0,Sem relação clara,"nos picos de um, o outro não caiu; variações opostas (corr. -0.11); saem juntos 1.5× o esperado",0.1102,2026-10-04
Probiótico - Simfort Plus,VITAFOR,Creatina Monohidratada,DUX,360,486,SEM_SUBGRUPO,SEM_SUBGRUPO,True,False,-0.0247,0.0853,19,0.1272,1.0,Sem relação clara,"nos picos de um, o outro perdeu ~9% do ganho; variações independentes (corr. -0.02); saem juntos 0.1× o esperado",0.11,2026-10-04
Coenzima Q10 + Ômega 3 + Vitamina E,ESSENTIAL,Whey Protein Concentrado,DUX,534,939,SEM_SUBGRUPO,SEM_SUBGRUPO,True,False,-0.0416,0.0683,10,,0.0,Sem relação clara,"nos picos de um, o outro perdeu ~7% do ganho; variações independentes (corr. -0.04)",0.1099,2026-10-04
Termogênico - Lipix6,VITAFOR,Vitamina D - Vita D3 + C + Zinco,VITAFOR,330,400,SEM_SUBGRUPO,SEM_SUBGRUPO,True,True,-0.1098,,0,,0.0,Sem relação clara,variações opostas (corr. -0.11),0.1098,2026-10-04
Suplemento Alimentar - L-teanina - Happy Theanine,ESSENTIAL,Simfort Femme,VITAFOR,1108,1449,SEM_SUBGRUPO,SEM_SUBGRUPO,True,True,-0.1097,,0,,0.0,Sem relação clara,variações opostas (corr. -0.11),0.1097,2026-10-04
Whey Protein Isolado - Sachê,DUX,FreshWhey - Sachê,DUX,1910,1920,SEM_SUBGRUPO,SEM_SUBGRUPO,True,True,-0.1097,,0,,0.0,Sem relação clara,variações opostas (corr. -0.11),0.1097,2026-10-04
"Vitaminas A, E, D e K2- RESTAURE® - Gotas",CENTRAL NUTRITION,"Boraprim - Borragem, Prímula e Gergelim",VITAFOR,363,396,SEM_SUBGRUPO,SEM_SUBGRUPO,True,True,-0.1094,,0,,0.0,Sem relação clara,variações opostas (corr. -0.11),0.1094,2026-10-04
Glutamina,DUX,Whey Protein Concentrado,DUX,474,940,SEM_SUBGRUPO,SEM_SUBGRUPO,True,False,-0.0403,0.069,14,1.3826,3.0,Sem relação clara,"nos picos de um, o outro perdeu ~7% do ganho; variações independentes (corr. -0.04); saem juntos 1.4× o esperado",0.1092,2026-10-04
Proteína Isolada e Hidrolisada - Body Protein Red,EQUALIV,Fresh Whey,DUX,523,861,SEM_SUBGRUPO,SEM_SUBGRUPO,True,True,-0.1091,,0,,0.0,Sem relação clara,variações opostas (corr. -0.11),0.1091,2026-10-04
Achocolatado - Chocoki,ESSENTIAL,Fresh Whey,DUX,549,862,SEM_SUBGRUPO,SEM_SUBGRUPO,True,True,-0.1088,,0,,0.0,Sem relação clara,variações opostas (corr. -0.11),0.1088,2026-10-04
Creatina Monohidratada,ATLHETICA NUTRITION,Whey Protein Isolado,DUX,141,943,SEM_SUBGRUPO,SEM_SUBGRUPO,True,False,0.0931,0.1087,9,0.4774,1.0,Sem relação clara,"nos picos de um, o outro perdeu ~11% do ganho; variações independentes (corr. +0.09); saem juntos 0.5× o esperado",0.1087,2026-10-04
Glutamina Isolates,INTEGRALMEDICA,Shot Matinal,OCEAN DROP,487,698,SEM_SUBGRUPO,SEM_SUBGRUPO,True,True,-0.1087,,0,,0.0,Sem relação clara,variações opostas (corr. -0.11),0.1087,2026-10-04
Beta Alanina,VITAFOR,Whey Protein Concentrado,DUX,407,939,SEM_SUBGRUPO,SEM_SUBGRUPO,True,False,-0.0568,0.0517,4,,0.0,Sem relação clara,"nos picos de um, o outro perdeu ~5% do ganho; variações independentes (corr. -0.06)",0.1086,2026-10-04
Glutamina - Glutamax,VITAFOR,Glutamina - Glutamax Refil,VITAFOR,406,422,SEM_SUBGRUPO,SEM_SUBGRUPO,True,True,-0.1082,,0,,0.0,Sem relação clara,variações opostas (corr. -0.11),0.1082,2026-10-04
Vitamina D - Vita D3,VITAFOR,Cúrcuma Plus,VITAFOR,397,433,SEM_SUBGRUPO,SEM_SUBGRUPO,True,False,-0.0271,0.0808,18,2.3386,10.0,Sem relação clara,"nos picos de um, o outro perdeu ~8% do ganho; variações independentes (corr. -0.03); saem juntos 2.3× o esperado",0.1079,2026-10-04
Creatina Monohidratada,EQUALIV,Shot Matinal,OCEAN DROP,1228,698,SEM_SUBGRUPO,SEM_SUBGRUPO,True,True,-0.1073,,0,,0.0,Sem relação clara,variações opostas (corr. -0.11),0.1073,2026-10-04
Melatonina em Gotas,VITAFOR,Própolis Verde - Premium 10mg,PURAVIDA,378,662,SEM_SUBGRUPO,SEM_SUBGRUPO,True,True,-0.1072,,0,,0.0,Sem relação clara,variações opostas (corr. -0.11),0.1072,2026-10-04
Whey Isolado e Hidrolisado - H.I Whey,ESSENTIAL,Pré-Treino - V Fort Ultra,VITAFOR,37,559,SEM_SUBGRUPO,SEM_SUBGRUPO,True,True,-0.1067,,0,,0.0,Sem relação clara,variações opostas (corr. -0.11),0.1067,2026-10-04
Própolis Verde - Alcoólico,APIS FLORA,Gel Nitrato,DOBRO,1119,756,SEM_SUBGRUPO,SEM_SUBGRUPO,True,True,-0.1066,,0,,0.0,Sem relação clara,variações opostas (corr. -0.11),0.1066,2026-10-04
Magnésio,NUTRIFY,Própolis Verde - Premium 10mg,PURAVIDA,615,662,SEM_SUBGRUPO,SEM_SUBGRUPO,True,True,-0.1066,,0,,0.0,Sem relação clara,variações opostas (corr. -0.11),0.1066,2026-10-04
Coffee - Brainstorm,ESSENTIAL,Whey Tech 100%,ATLHETICA NUTRITION,1103,587,SEM_SUBGRUPO,SEM_SUBGRUPO,True,True,-0.1063,,0,,0.0,Sem relação clara,variações opostas (corr. -0.11),0.1063,2026-10-04
Glutamina,DUX,Trio Magnésio 720mg,OCEAN DROP,474,711,SEM_SUBGRUPO,SEM_SUBGRUPO,True,False,-0.0785,0.0278,6,,0.0,Sem relação clara,"nos picos de um, o outro perdeu ~3% do ganho; variações independentes (corr. -0.08)",0.1063,2026-10-04
Ômega 3 Super DHA,PURAVIDA,Magnésio Quelato - Bio Mag,PURAVIDA,58,620,SEM_SUBGRUPO,SEM_SUBGRUPO,True,True,-0.1062,,0,,0.0,Sem relação clara,variações opostas (corr. -0.11),0.1062,2026-10-04
Whey Protein Concentrado,DUX,Omegafor Plus,VITAFOR,2,69,SEM_SUBGRUPO,SEM_SUBGRUPO,True,False,-0.106,,0,,0.0,Sem relação clara,variações opostas (corr. -0.11),0.106,2026-10-04
Whey Protein Concentrado,DUX,Creatina - Creafort (Creapure),VITAFOR,2,434,SEM_SUBGRUPO,SEM_SUBGRUPO,True,True,-0.0934,0.0125,6,0.525,2.0,Sem relação clara,"nos picos de um, o outro perdeu ~1% do ganho; variações independentes (corr. -0.09); saem juntos 0.5× o esperado",0.1059,2026-10-04
Ômega 3 Super DHA - BIG N,PURAVIDA,Whey Protein Isolado,DUX,925,943,SEM_SUBGRUPO,SEM_SUBGRUPO,True,False,-0.0869,0.0189,9,,0.0,Sem relação clara,"nos picos de um, o outro perdeu ~2% do ganho; variações independentes (corr. -0.09)",0.1058,2026-10-04
Suplemento Alimentar - L-teanina - Happy Theanine,ESSENTIAL,Aminoácidos - Aminnu EAAs,CENTRAL NUTRITION,1108,331,SEM_SUBGRUPO,SEM_SUBGRUPO,True,True,-0.1056,,0,,0.0,Sem relação clara,variações opostas (corr. -0.11),0.1056,2026-10-04
Sleep,KOALA,Biotina Plus,LAUTON,800,807,SEM_SUBGRUPO,SEM_SUBGRUPO,True,True,-0.1055,,0,,0.0,Sem relação clara,variações opostas (corr. -0.11),0.1055,2026-10-04
Super Ômega 3,ESSENTIAL,SuperCoffee,CAFFEINE ARMY,31,456,SEM_SUBGRUPO,SEM_SUBGRUPO,True,True,-0.1053,,0,,0.0,Sem relação clara,variações opostas (corr. -0.11),0.1053,2026-10-04
Pasta de Amendoim,DR. PEANUT,Beef Protein,ESSENTIAL,1020,1060,SEM_SUBGRUPO,SEM_SUBGRUPO,True,True,-0.105,,0,,0.0,Sem relação clara,variações opostas (corr. -0.11),0.105,2026-10-04
Probiótico - Simfort Plus,VITAFOR,Whey Protein Concentrado,DUX,360,935,SEM_SUBGRUPO,SEM_SUBGRUPO,True,False,-0.104,-0.0037,6,,0.0,Sem relação clara,"nos picos de um, o outro não caiu; variações opostas (corr. -0.10)",0.104,2026-10-04
Suplemento de Magnésio - Blue Calm,PURAVIDA,Whey Tech 100%,ATLHETICA NUTRITION,1238,589,SEM_SUBGRUPO,SEM_SUBGRUPO,True,True,-0.1038,,0,,0.0,Sem relação clara,variações opostas (corr. -0.10),0.1038,2026-10-04
Whey Protein Concentrado,DUX,Ômega 3 EPA DHA,VITAFOR,2,77,SEM_SUBGRUPO,SEM_SUBGRUPO,True,False,-0.1037,-0.0806,4,0.3919,1.0,Sem relação clara,"nos picos de um, o outro não caiu; variações opostas (corr. -0.10); saem juntos 0.4× o esperado",0.1037,2026-10-04
Creatina Monohidratada - Hardcore,INTEGRALMEDICA,Isofort Plant (Life Vegan),VITAFOR,134,427,SEM_SUBGRUPO,SEM_SUBGRUPO,True,True,-0.1033,,0,,0.0,Sem relação clara,variações opostas (corr. -0.10),0.1033,2026-10-04
Aminoácido - Aminovita,VITAFOR,Bio Cálcio  60 caps PURAVIDA,PURAVIDA,381,917,SEM_SUBGRUPO,SEM_SUBGRUPO,True,True,-0.103,,0,,0.0,Sem relação clara,variações opostas (corr. -0.10),0.103,2026-10-04
Aminoácidos - Aminnu EAAs,CENTRAL NUTRITION,Cúrcuma - Curcumagic,PURAVIDA,333,658,SEM_SUBGRUPO,SEM_SUBGRUPO,True,True,-0.1028,,0,,0.0,Sem relação clara,variações opostas (corr. -0.10),0.1028,2026-10-04
Ômega 3 - 1360mg,NUTRIFY,Creatina Monohidratada,OCEAN DROP,635,685,SEM_SUBGRUPO,SEM_SUBGRUPO,True,False,-0.1028,0.0,15,1.1793,4.0,Sem relação clara,"nos picos de um, o outro não caiu; variações opostas (corr. -0.10); saem juntos 1.2× o esperado",0.1028,2026-10-04
Vitamina D - Vita D3,VITAFOR,Whey Protein Concentrado,DUX,395,939,SEM_SUBGRUPO,SEM_SUBGRUPO,True,False,-0.1028,-0.0517,4,,0.0,Sem relação clara,"nos picos de um, o outro não caiu; variações opostas (corr. -0.10)",0.1028,2026-10-04
Palatinose,VITAFOR,Proteína - Isocrisp Plant Pouch,VITAFOR,374,905,SEM_SUBGRUPO,SEM_SUBGRUPO,True,True,-0.1025,,0,,0.0,Sem relação clara,variações opostas (corr. -0.10),0.1025,2026-10-04
Coenzima Q10 - (100mg p/ porção),VITAFOR,Vitamina D3 Synergy,PURAVIDA,451,914,SEM_SUBGRUPO,SEM_SUBGRUPO,True,True,-0.1024,,0,,0.0,Sem relação clara,variações opostas (corr. -0.10),0.1024,2026-10-04
Colágeno - Colagentek Protein - Bodybalance,VITAFOR,Ômega 3 EPA DHA,VITAFOR,439,77,SEM_SUBGRUPO,SEM_SUBGRUPO,True,False,-0.0319,0.0703,7,,0.0,Sem relação clara,"nos picos de um, o outro perdeu ~7% do ganho; variações independentes (corr. -0.03)",0.1022,2026-10-04
Creatina Monohidratada,DUX,Omegafor Plus,VITAFOR,486,69,SEM_SUBGRUPO,SEM_SUBGRUPO,True,False,-0.1019,0.0,16,1.0042,8.0,Sem relação clara,"nos picos de um, o outro não caiu; variações opostas (corr. -0.10); saem juntos 1.0× o esperado",0.1019,2026-10-04
Vitamina B9 - Ácido Fólico,PURAVIDA,Suplemento de Magnésio - Blue Calm,PURAVIDA,1237,1475,SEM_SUBGRUPO,SEM_SUBGRUPO,True,True,-0.1018,,0,,0.0,Sem relação clara,variações opostas (corr. -0.10),0.1018,2026-10-04
Fresh Vegan,DUX,Fresh Whey,DUX,1114,861,SEM_SUBGRUPO,SEM_SUBGRUPO,True,True,-0.1014,,0,,0.0,Sem relação clara,variações opostas (corr. -0.10),0.1014,2026-10-04
Colágeno - Collagen Renew Hidrolisado,NUTRIFY,Aminoácido - Tryptophan,NUTRIFY,1093,533,SEM_SUBGRUPO,SEM_SUBGRUPO,True,True,-0.1012,,0,,0.0,Sem relação clara,variações opostas (corr. -0.10),0.1012,2026-10-04
Colágeno - Colagentek Protein - Bodybalance,VITAFOR,Whey Protein Concentrado,DUX,439,935,SEM_SUBGRUPO,SEM_SUBGRUPO,True,False,-0.0846,0.016,6,,0.0,Sem relação clara,"nos picos de um, o outro perdeu ~2% do ganho; variações independentes (corr. -0.08)",0.1006,2026-10-04
Whey Protein Concentrado,DUX,Coenzima Q10 (200mg p/ porção),VITAFOR,2,448,SEM_SUBGRUPO,SEM_SUBGRUPO,True,False,-0.1006,,0,0.865,2.0,Sem relação clara,variações opostas (corr. -0.10); saem juntos 0.9× o esperado,0.1006,2026-10-04
Probiótico - Simfort Plus,VITAFOR,Whey Protein Concentrado,DUX,402,940,SEM_SUBGRUPO,SEM_SUBGRUPO,True,True,-0.1003,-0.0542,14,0.2318,1.0,Sem relação clara,"nos picos de um, o outro não caiu; variações opostas (corr. -0.10); saem juntos 0.2× o esperado",0.1003,2026-10-04
Bio Ferro,PURAVIDA,Ômega 3 EPA DHA,VITAFOR,1069,77,SEM_SUBGRUPO,SEM_SUBGRUPO,True,False,-0.0195,0.0806,4,,0.0,Sem relação clara,"nos picos de um, o outro perdeu ~8% do ganho; variações independentes (corr. -0.02)",0.1002,2026-10-04
Psyllium,OCEAN DROP,Creatina Monohidratada - Creatine,VITAFOR,704,71,SEM_SUBGRUPO,SEM_SUBGRUPO,True,False,-0.1001,-0.1324,13,0.6358,2.0,Sem relação clara,"nos picos de um, o outro não caiu; variações opostas (corr. -0.10); saem juntos 0.6× o esperado",0.1001,2026-10-04
Creatina 100%,NUTRIFY,Creatina - Creafort (Creapure),VITAFOR,1097,434,SEM_SUBGRUPO,SEM_SUBGRUPO,True,False,0.0919,0.1,6,,0.0,Sem relação clara,"nos picos de um, o outro perdeu ~10% do ganho; variações independentes (corr. +0.09)",0.1,2026-10-04
Fibras Prébioticas - Prebiotic,NUTRIFY,NAC 650mg,OCEAN DROP,1328,695,SEM_SUBGRUPO,SEM_SUBGRUPO,True,True,-0.1,,0,,0.0,Sem relação clara,variações independentes (corr. -0.10),0.1,2026-10-04
Beta Alanina,VITAFOR,Coenzima Q10 - (100mg p/ porção),VITAFOR,407,451,SEM_SUBGRUPO,SEM_SUBGRUPO,True,True,-0.1,,0,4.1855,2.0,Sem relação clara,variações independentes (corr. -0.10); saem juntos 4.2× o esperado,0.1,2026-10-04
Vitamina B12,NUTRIFY,Creatina Monohidratada - Hardcore,INTEGRALMEDICA,1330,134,SEM_SUBGRUPO,SEM_SUBGRUPO,True,True,-0.0998,,0,,0.0,Sem relação clara,variações independentes (corr. -0.10),0.0998,2026-10-04
Beef Protein,ESSENTIAL,100% Whey Pure,INTEGRALMEDICA,1219,170,SEM_SUBGRUPO,SEM_SUBGRUPO,True,True,-0.0994,,0,,0.0,Sem relação clara,variações independentes (corr. -0.10),0.0994,2026-10-04
Super Ômega 3,ESSENTIAL,Morning Shot - Imunidade,SUBLYME,31,781,SEM_SUBGRUPO,SEM_SUBGRUPO,True,True,-0.0992,,0,,0.0,Sem relação clara,variações independentes (corr. -0.10),0.0992,2026-10-04
Ômega 3 - EPA DHA - 1000mg,EQUALIV,Creatina Monohidratada,PURAVIDA,1215,1484,SEM_SUBGRUPO,SEM_SUBGRUPO,True,True,-0.0989,,0,,0.0,Sem relação clara,variações independentes (corr. -0.10),0.0989,2026-10-04
Beef Protein,ESSENTIAL,Suplemento de Magnésio - Blue Calm,PURAVIDA,1060,550,SEM_SUBGRUPO,SEM_SUBGRUPO,True,True,-0.0986,,0,,0.0,Sem relação clara,variações independentes (corr. -0.10),0.0986,2026-10-04
Vitamina C3 - 1000mg,VITAFOR,Ômega 3 Super DHA,PURAVIDA,348,58,SEM_SUBGRUPO,SEM_SUBGRUPO,True,True,-0.0985,,0,,0.0,Sem relação clara,variações independentes (corr. -0.10),0.0985,2026-10-04
Probióticos em Pó - Simfort,VITAFOR,Ômega 3 Pulse,PURAVIDA,365,546,SEM_SUBGRUPO,SEM_SUBGRUPO,True,True,-0.0983,,0,,0.0,Sem relação clara,variações independentes (corr. -0.10),0.0983,2026-10-04
Whey Protein Concentrado - Sachê,DUX,Whey Protein Isolado - Sachê,DUX,1908,1911,SEM_SUBGRUPO,SEM_SUBGRUPO,True,True,-0.0981,,0,,0.0,Sem relação clara,variações independentes (corr. -0.10),0.0981,2026-10-04
Vitamina D - Vita D3,VITAFOR,Colágeno - Colagentek Protein - Bodybalance,VITAFOR,395,439,SEM_SUBGRUPO,SEM_SUBGRUPO,True,False,-0.0977,-0.2571,3,,0.0,Sem relação clara,"nos picos de um, o outro não caiu; variações independentes (corr. -0.10)",0.0977,2026-10-04
Colágeno - Colagentek,VITAFOR,Matchá - Chá Verde em Pó,OCEAN DROP,444,714,SEM_SUBGRUPO,SEM_SUBGRUPO,True,True,-0.0974,,0,,0.0,Sem relação clara,variações independentes (corr. -0.10),0.0974,2026-10-04
Beta Alanina,VITAFOR,Whey Protein Concentrado,DUX,407,938,SEM_SUBGRUPO,SEM_SUBGRUPO,True,False,-0.0802,0.0167,4,0.8544,2.0,Sem relação clara,"nos picos de um, o outro perdeu ~2% do ganho; variações independentes (corr. -0.08); saem juntos 0.9× o esperado",0.0969,2026-10-04
Glutamina,DUX,Whey Protein Isolado,DUX,474,943,SEM_SUBGRUPO,SEM_SUBGRUPO,True,False,0.0541,0.0968,3,,0.0,Sem relação clara,"nos picos de um, o outro perdeu ~10% do ganho; variações independentes (corr. +0.05)",0.0968,2026-10-04
Colágeno - Colagentek Protein - Bodybalance,VITAFOR,Whey Protein Concentrado,DUX,439,936,SEM_SUBGRUPO,SEM_SUBGRUPO,True,False,-0.0966,-0.1125,17,0.2946,1.0,Sem relação clara,"nos picos de um, o outro não caiu; variações independentes (corr. -0.10); saem juntos 0.3× o esperado",0.0966,2026-10-04
Suplemento Alimentar - GUARDIAN®,CENTRAL NUTRITION,Magnésio - Inositol Relief 3.0,TRUE SOURCE,357,634,SEM_SUBGRUPO,SEM_SUBGRUPO,True,True,-0.0965,,0,3.3414,2.0,Sem relação clara,variações independentes (corr. -0.10); saem juntos 3.3× o esperado,0.0965,2026-10-04
Coenzima Q10 - 200mg,CENTRAL NUTRITION,Creatina Monohidratada (Creapure),NUTRIFY,369,44,SEM_SUBGRUPO,SEM_SUBGRUPO,True,True,-0.0962,,0,,0.0,Sem relação clara,variações independentes (corr. -0.10),0.0962,2026-10-04
SuperCoffee,CAFFEINE ARMY,Ômega 3 EPA DHA,PURAVIDA,457,54,SEM_SUBGRUPO,SEM_SUBGRUPO,True,True,-0.0957,,0,1.6988,2.0,Sem relação clara,variações independentes (corr. -0.10); saem juntos 1.7× o esperado,0.0957,2026-10-04
Coffee - Brainstorm,ESSENTIAL,Glutamina em Pó,NUTRIFY,1103,598,SEM_SUBGRUPO,SEM_SUBGRUPO,True,True,-0.0957,,0,,0.0,Sem relação clara,variações independentes (corr. -0.10),0.0957,2026-10-04
Resveratrol Plus - 165mg,VITAFOR,Glutamina - Glutamax,VITAFOR,373,421,SEM_SUBGRUPO,SEM_SUBGRUPO,True,True,-0.0955,,0,,0.0,Sem relação clara,variações independentes (corr. -0.10),0.0955,2026-10-04
Ômega 3 EPA DHA,PURAVIDA,Whey Protein Isolado,DUX,54,941,SEM_SUBGRUPO,SEM_SUBGRUPO,True,False,-0.0953,-0.2083,18,0.6991,2.0,Sem relação clara,"nos picos de um, o outro não caiu; variações independentes (corr. -0.10); saem juntos 0.7× o esperado",0.0953,2026-10-04
Bio Ferro,PURAVIDA,Glutamina,DUX,1069,474,SEM_SUBGRUPO,SEM_SUBGRUPO,True,False,-0.095,,0,,0.0,Sem relação clara,variações independentes (corr. -0.09),0.095,2026-10-04
Colágeno - Collagen Renew Hidrolisado,NUTRIFY,Magnésio,NUTRIFY,207,615,SEM_SUBGRUPO,SEM_SUBGRUPO,True,True,-0.0946,,0,,0.0,Sem relação clara,variações independentes (corr. -0.09),0.0946,2026-10-04
Ômega 3 - EPA DHA - 1000mg,EQUALIV,Creatina Monohidratada - Creatine,VITAFOR,1215,71,SEM_SUBGRUPO,SEM_SUBGRUPO,True,False,-0.0702,0.0242,15,,0.0,Sem relação clara,"nos picos de um, o outro perdeu ~2% do ganho; variações independentes (corr. -0.07)",0.0943,2026-10-04
Vitamina D - Vita D3,VITAFOR,Whey Protein Concentrado,DUX,395,940,SEM_SUBGRUPO,SEM_SUBGRUPO,True,False,-0.0844,0.0099,14,,0.0,Sem relação clara,"nos picos de um, o outro perdeu ~1% do ganho; variações independentes (corr. -0.08)",0.0942,2026-10-04
Colágeno - Collagen Essential Protein,ESSENTIAL,Probióticos em Pó - Simfort,VITAFOR,1048,365,SEM_SUBGRUPO,SEM_SUBGRUPO,True,True,-0.0942,,0,,0.0,Sem relação clara,variações independentes (corr. -0.09),0.0942,2026-10-04
Fresh Vegan,DUX,Melatonina em Gotas,VITAFOR,1116,378,SEM_SUBGRUPO,SEM_SUBGRUPO,True,True,-0.0933,,0,,0.0,Sem relação clara,variações independentes (corr. -0.09),0.0933,2026-10-04
Proteína Isolada e Hidrolisada - Body Protein,EQUALIV,Colágeno - Collagen Protein Hidrolisado,PURAVIDA,521,659,SEM_SUBGRUPO,SEM_SUBGRUPO,True,True,-0.0933,,0,,0.0,Sem relação clara,variações independentes (corr. -0.09),0.0933,2026-10-04
Coffee - Brainstorm,ESSENTIAL,BT Nitrato 400,DOBRO,1103,480,SEM_SUBGRUPO,SEM_SUBGRUPO,True,True,-0.0928,,0,,0.0,Sem relação clara,variações independentes (corr. -0.09),0.0928,2026-10-04
Whey Protein Concentrado,DUX,Whey Protein Concentrado,DUX,935,940,SEM_SUBGRUPO,SEM_SUBGRUPO,True,False,-0.0926,-0.0776,17,0.8122,3.0,Sem relação clara,"nos picos de um, o outro não caiu; variações independentes (corr. -0.09); saem juntos 0.8× o esperado",0.0926,2026-10-04
Omegafor Plus,VITAFOR,Omegafor Plus,VITAFOR,375,68,SEM_SUBGRUPO,SEM_SUBGRUPO,True,False,-0.0925,-0.0146,15,0.2671,2.0,Sem relação clara,"nos picos de um, o outro não caiu; variações independentes (corr. -0.09); saem juntos 0.3× o esperado",0.0925,2026-10-04
Probiótico - Simfort Plus,VITAFOR,Psyllium,OCEAN DROP,402,704,SEM_SUBGRUPO,SEM_SUBGRUPO,True,False,-0.0923,-0.0882,3,0.6453,1.0,Sem relação clara,"nos picos de um, o outro não caiu; variações independentes (corr. -0.09); saem juntos 0.6× o esperado",0.0923,2026-10-04
Vitamina D3 + K2 Gotas,PURAVIDA,Vitamina B12,NUTRIFY,592,614,SEM_SUBGRUPO,SEM_SUBGRUPO,True,True,-0.092,,0,,0.0,Sem relação clara,variações independentes (corr. -0.09),0.092,2026-10-04
Ômega 3 - EPA DHA - 1000mg,EQUALIV,Barrinha de Proteína,DUX,1214,899,SEM_SUBGRUPO,SEM_SUBGRUPO,True,True,-0.0918,,0,,0.0,Sem relação clara,variações independentes (corr. -0.09),0.0918,2026-10-04
Tasty Whey 3W Gourmet,ADAPTOGEN,Tasty Whey 3W Gourmet,ADAPTOGEN,107,109,SEM_SUBGRUPO,SEM_SUBGRUPO,True,True,-0.0913,,0,,0.0,Sem relação clara,variações independentes (corr. -0.09),0.0913,2026-10-04
Pré-Treino - Beta Action,ESSENTIAL,Refil Whey 100% Pure,INTEGRALMEDICA,1248,1386,SEM_SUBGRUPO,SEM_SUBGRUPO,True,True,-0.0912,,0,,0.0,Sem relação clara,variações independentes (corr. -0.09),0.0912,2026-10-04
Melatonina Duo Harmony,ESSENTIAL,Magnésio Inositol,EQUALIV,1107,991,SEM_SUBGRUPO,SEM_SUBGRUPO,True,True,-0.0911,,0,,0.0,Sem relação clara,variações independentes (corr. -0.09),0.0911,2026-10-04
Whey Protein Isolado - Sachê,DUX,Barrinha de Proteína,DUX,1910,901,SEM_SUBGRUPO,SEM_SUBGRUPO,True,True,-0.0907,,0,,0.0,Sem relação clara,variações independentes (corr. -0.09),0.0907,2026-10-04
Suplemento Alimentar - L-teanina - Happy Theanine,ESSENTIAL,Sleep,KOALA,1108,800,SEM_SUBGRUPO,SEM_SUBGRUPO,True,True,-0.0903,,0,,0.0,Sem relação clara,variações independentes (corr. -0.09),0.0903,2026-10-04
Whey Protein Isolado - Isofort,VITAFOR,Whey Protein Isolado,DUX,79,942,SEM_SUBGRUPO,SEM_SUBGRUPO,True,True,-0.0903,,0,,0.0,Sem relação clara,variações independentes (corr. -0.09),0.0903,2026-10-04
Probiótico - Simfort Plus,VITAFOR,Omegafor Plus,VITAFOR,402,68,SEM_SUBGRUPO,SEM_SUBGRUPO,True,True,-0.0894,-0.1168,15,1.3835,10.0,Sem relação clara,"nos picos de um, o outro não caiu; variações independentes (corr. -0.09); saem juntos 1.4× o esperado",0.0894,2026-10-04
Ômega 3 - 1360mg,NUTRIFY,Whey Protein Concentrado,DUX,635,938,SEM_SUBGRUPO,SEM_SUBGRUPO,True,True,-0.0894,-0.3,4,0.8269,3.0,Sem relação clara,"nos picos de um, o outro não caiu; variações independentes (corr. -0.09); saem juntos 0.8× o esperado",0.0894,2026-10-04
Colágeno - Collagen Renew Hidrolisado,NUTRIFY,Fresh Whey,DUX,1093,861,SEM_SUBGRUPO,SEM_SUBGRUPO,True,True,-0.0894,,0,,0.0,Sem relação clara,variações independentes (corr. -0.09),0.0894,2026-10-04
Omegafor Plus,VITAFOR,Ômega 3 Super DHA - BIG N,PURAVIDA,69,925,SEM_SUBGRUPO,SEM_SUBGRUPO,True,False,-0.0893,-0.1918,6,,0.0,Sem relação clara,"nos picos de um, o outro não caiu; variações independentes (corr. -0.09)",0.0893,2026-10-04
Ômega 3 - EPA DHA - 1000mg,EQUALIV,Glutamina,DUX,1215,474,SEM_SUBGRUPO,SEM_SUBGRUPO,True,False,0.042,0.0893,5,,0.0,Sem relação clara,"nos picos de um, o outro perdeu ~9% do ganho; variações independentes (corr. +0.04)",0.0893,2026-10-04
Aminoácido - Aminovita,VITAFOR,Pré-Treino - V Fort Ultra,VITAFOR,379,559,SEM_SUBGRUPO,SEM_SUBGRUPO,True,True,-0.0891,,0,,0.0,Sem relação clara,variações independentes (corr. -0.09),0.0891,2026-10-04
Colágeno - Colagentek,VITAFOR,Sleep,KOALA,445,800,SEM_SUBGRUPO,SEM_SUBGRUPO,True,True,-0.0889,,0,,0.0,Sem relação clara,variações independentes (corr. -0.09),0.0889,2026-10-04
Gold Whey Concentrado Refil,ADAPTOGEN,BT Nitrato 400,DOBRO,112,480,SEM_SUBGRUPO,SEM_SUBGRUPO,True,True,-0.0887,,0,,0.0,Sem relação clara,variações independentes (corr. -0.09),0.0887,2026-10-04
Omegafor Plus,VITAFOR,Psyllium,OCEAN DROP,68,704,SEM_SUBGRUPO,SEM_SUBGRUPO,True,False,-0.0296,0.0578,18,0.3448,2.0,Sem relação clara,"nos picos de um, o outro perdeu ~6% do ganho; variações independentes (corr. -0.03); saem juntos 0.3× o esperado",0.0875,2026-10-04
Fresh Whey,DUX,Ômega 3 Pulse,PURAVIDA,1415,546,SEM_SUBGRUPO,SEM_SUBGRUPO,True,True,-0.0873,,0,,0.0,Sem relação clara,variações independentes (corr. -0.09),0.0873,2026-10-04
Creatina Monohidratada,ATLHETICA NUTRITION,Omegafor Plus,VITAFOR,141,68,SEM_SUBGRUPO,SEM_SUBGRUPO,True,False,-0.0871,-0.0548,21,0.6508,6.0,Sem relação clara,"nos picos de um, o outro não caiu; variações independentes (corr. -0.09); saem juntos 0.7× o esperado",0.0871,2026-10-04
Bio Ferro,PURAVIDA,Coenzima Q10 + Ômega 3 + Vitamina E,ESSENTIAL,1069,534,SEM_SUBGRUPO,SEM_SUBGRUPO,True,False,-0.0868,-0.0303,6,,0.0,Sem relação clara,"nos picos de um, o outro não caiu; variações independentes (corr. -0.09)",0.0868,2026-10-04
Whey Protein - Isofort Beauty,VITAFOR,Ômega - Mega DHA,VITAFOR,1200,76,SEM_SUBGRUPO,SEM_SUBGRUPO,True,True,-0.0864,,0,,0.0,Sem relação clara,variações independentes (corr. -0.09),0.0864,2026-10-04
Refil Whey Protein Concentrado,VITAFOR,Suplemento Alimentar - GUARDIAN®,CENTRAL NUTRITION,1673,357,SEM_SUBGRUPO,SEM_SUBGRUPO,True,True,-0.0862,,0,,0.0,Sem relação clara,variações independentes (corr. -0.09),0.0862,2026-10-04
Vitamina D - Vita D3 + C + Zinco,VITAFOR,Whey Protein Concentrado,DUX,399,939,SEM_SUBGRUPO,SEM_SUBGRUPO,True,False,-0.0857,-0.1179,7,,0.0,Sem relação clara,"nos picos de um, o outro não caiu; variações independentes (corr. -0.09)",0.0857,2026-10-04
Vitamina D - Vita D3 + C + Zinco,VITAFOR,Glutamina,DUX,399,474,SEM_SUBGRUPO,SEM_SUBGRUPO,True,False,0.0151,0.0857,3,,0.0,Sem relação clara,"nos picos de um, o outro perdeu ~9% do ganho; variações independentes (corr. +0.02)",0.0857,2026-10-04
Super Ômega 3,ESSENTIAL,Whey Protein Concentrado,DUX,31,938,SEM_SUBGRUPO,SEM_SUBGRUPO,True,True,-0.0857,,0,0.4188,1.0,Sem relação clara,variações independentes (corr. -0.09); saem juntos 0.4× o esperado,0.0857,2026-10-04
Probiótico - Simfort Plus,VITAFOR,Trio Magnésio 720mg,OCEAN DROP,402,711,SEM_SUBGRUPO,SEM_SUBGRUPO,True,False,-0.0854,-0.1389,6,1.4994,3.0,Sem relação clara,"nos picos de um, o outro não caiu; variações independentes (corr. -0.09); saem juntos 1.5× o esperado",0.0854,2026-10-04
SuperCoffee,CAFFEINE ARMY,Coenzima  Q10 - 100mg,NUTRIFY,1827,617,SEM_SUBGRUPO,SEM_SUBGRUPO,True,True,-0.0848,,0,,0.0,Sem relação clara,variações independentes (corr. -0.08),0.0848,2026-10-04
Creatina - Creafort (Creapure),VITAFOR,Coenzima Q10 (200mg p/ porção),VITAFOR,434,448,SEM_SUBGRUPO,SEM_SUBGRUPO,True,False,-0.0846,-0.1875,6,1.647,7.0,Sem relação clara,"nos picos de um, o outro não caiu; variações independentes (corr. -0.08); saem juntos 1.6× o esperado",0.0846,2026-10-04
Trio Magnésio 720mg,OCEAN DROP,Ômega 3 Super DHA - BIG N,PURAVIDA,711,925,SEM_SUBGRUPO,SEM_SUBGRUPO,True,False,-0.0845,-0.2341,12,1.4644,1.0,Sem relação clara,"nos picos de um, o outro não caiu; variações independentes (corr. -0.08); saem juntos 1.5× o esperado",0.0845,2026-10-04
SuperCoffee,CAFFEINE ARMY,Shot Matinal,OCEAN DROP,1810,698,SEM_SUBGRUPO,SEM_SUBGRUPO,True,True,-0.0845,,0,,0.0,Sem relação clara,variações independentes (corr. -0.08),0.0845,2026-10-04
Sleep,KOALA,Whey Protein Isolado,DUX,1128,6,SEM_SUBGRUPO,SEM_SUBGRUPO,True,True,-0.0844,,0,,0.0,Sem relação clara,variações independentes (corr. -0.08),0.0844,2026-10-04
Ômega 3 EPA DHA,VITAFOR,Ômega - Mega DHA,VITAFOR,72,76,SEM_SUBGRUPO,SEM_SUBGRUPO,True,True,-0.0843,,0,,0.0,Sem relação clara,variações independentes (corr. -0.08),0.0843,2026-10-04
Beta Alanina 100%,NUTRATA,Trio Magnésio 720mg,OCEAN DROP,638,711,SEM_SUBGRUPO,SEM_SUBGRUPO,True,True,-0.0842,,0,,0.0,Sem relação clara,variações independentes (corr. -0.08),0.0842,2026-10-04
True Cúrcuma,TRUE SOURCE,Suplemento Alimentar - Alpha Mater,PURAVIDA,1045,932,SEM_SUBGRUPO,SEM_SUBGRUPO,True,True,-0.0841,,0,,0.0,Sem relação clara,variações independentes (corr. -0.08),0.0841,2026-10-04
Cúrcuma Plus,VITAFOR,Vitamina B12,NUTRIFY,416,614,SEM_SUBGRUPO,SEM_SUBGRUPO,True,True,-0.0841,,0,,0.0,Sem relação clara,variações independentes (corr. -0.08),0.0841,2026-10-04
Probiótico - Simfort Plus,VITAFOR,Ômega 3 EPA DHA,PURAVIDA,402,54,SEM_SUBGRUPO,SEM_SUBGRUPO,True,False,-0.0839,-0.0255,13,2.5431,5.0,Sem relação clara,"nos picos de um, o outro não caiu; variações independentes (corr. -0.08); saem juntos 2.5× o esperado",0.0839,2026-10-04
Ferro Quelato + Vitamina C,OCEAN DROP,Psyllium,OCEAN DROP,697,704,SEM_SUBGRUPO,SEM_SUBGRUPO,True,True,-0.0839,,0,,0.0,Sem relação clara,variações independentes (corr. -0.08),0.0839,2026-10-04
Colágeno - Collagen Essential Protein,ESSENTIAL,Whey Protein Isolado - Isofort,VITAFOR,1048,67,SEM_SUBGRUPO,SEM_SUBGRUPO,True,True,-0.0838,,0,,0.0,Sem relação clara,variações independentes (corr. -0.08),0.0838,2026-10-04
Refil Whey 100% Pure,INTEGRALMEDICA,Cálcio de Algas 1000mg,OCEAN DROP,139,679,SEM_SUBGRUPO,SEM_SUBGRUPO,True,True,-0.0837,,0,,0.0,Sem relação clara,variações independentes (corr. -0.08),0.0837,2026-10-04
Creatina Monohidratada,DUX,Ômega 3 - 1360mg,NUTRIFY,486,635,SEM_SUBGRUPO,SEM_SUBGRUPO,True,False,-0.0836,-0.046,16,0.7483,6.0,Sem relação clara,"nos picos de um, o outro não caiu; variações independentes (corr. -0.08); saem juntos 0.7× o esperado",0.0836,2026-10-04
Creatina 100%,NUTRIFY,Whey Protein Concentrado,DUX,1097,2,SEM_SUBGRUPO,SEM_SUBGRUPO,True,False,-0.0827,,0,3.1697,3.0,Sem relação clara,variações independentes (corr. -0.08); saem juntos 3.2× o esperado,0.0827,2026-10-04
Coenzima Q10 + Ômega 3 + Vitamina E,ESSENTIAL,Trio Magnésio 720mg,OCEAN DROP,534,711,SEM_SUBGRUPO,SEM_SUBGRUPO,True,False,-0.0825,-0.0726,12,2.3186,3.0,Sem relação clara,"nos picos de um, o outro não caiu; variações independentes (corr. -0.08); saem juntos 2.3× o esperado",0.0825,2026-10-04
Trio Magnésio 720mg,OCEAN DROP,Morning Shot - Imunidade,SUBLYME,711,782,SEM_SUBGRUPO,SEM_SUBGRUPO,True,True,-0.0825,,0,,0.0,Sem relação clara,variações independentes (corr. -0.08),0.0825,2026-10-04
BT Nitrato 400,DOBRO,Ômega 3 - 1360mg,NUTRIFY,480,635,SEM_SUBGRUPO,SEM_SUBGRUPO,True,True,-0.0819,,0,,0.0,Sem relação clara,variações independentes (corr. -0.08),0.0819,2026-10-04
Proteína Isolada e Hidrolisada - Body Protein,EQUALIV,Fresh Whey,DUX,519,860,SEM_SUBGRUPO,SEM_SUBGRUPO,True,True,-0.0815,,0,5.5326,1.0,Sem relação clara,variações independentes (corr. -0.08); saem juntos 5.5× o esperado,0.0815,2026-10-04
Whey Protein Isolado,DUX,Ômega 3 Super DHA BIG,PURAVIDA,4,926,SEM_SUBGRUPO,SEM_SUBGRUPO,True,True,-0.0813,,0,,0.0,Sem relação clara,variações independentes (corr. -0.08),0.0813,2026-10-04
Melatonina Duo Harmony,ESSENTIAL,Tasty Whey 3W Gourmet,ADAPTOGEN,1107,947,SEM_SUBGRUPO,SEM_SUBGRUPO,True,True,-0.0812,,0,,0.0,Sem relação clara,variações independentes (corr. -0.08),0.0812,2026-10-04
Ômega 3 - 1360mg,NUTRIFY,Psyllium,OCEAN DROP,635,704,SEM_SUBGRUPO,SEM_SUBGRUPO,True,False,-0.0811,-0.1765,3,2.0857,3.0,Sem relação clara,"nos picos de um, o outro não caiu; variações independentes (corr. -0.08); saem juntos 2.1× o esperado",0.0811,2026-10-04
Simfort Femme,VITAFOR,Ômega 3 EPA DHA,PURAVIDA,1449,54,SEM_SUBGRUPO,SEM_SUBGRUPO,True,True,-0.0809,,0,,0.0,Sem relação clara,variações independentes (corr. -0.08),0.0809,2026-10-04
Multivitamínico - Vitalift,ESSENTIAL,Whey hidrolisado e isolado Creme Broule 837g TRUE SOURCE,TRUE SOURCE,531,89,SEM_SUBGRUPO,SEM_SUBGRUPO,True,True,-0.0808,,0,,0.0,Sem relação clara,variações independentes (corr. -0.08),0.0808,2026-10-04
Coenzima Q10 - (100mg p/ porção),VITAFOR,Coenzima Q10 + Ômega 3 + Vitamina E,ESSENTIAL,451,534,SEM_SUBGRUPO,SEM_SUBGRUPO,True,True,-0.0808,,0,1.9377,1.0,Sem relação clara,variações independentes (corr. -0.08); saem juntos 1.9× o esperado,0.0808,2026-10-04
Omegafor Plus,VITAFOR,Ômega 3 EPA DHA,VITAFOR,375,77,SEM_SUBGRUPO,SEM_SUBGRUPO,True,False,0.3827,0.0806,4,,0.0,Sem relação clara,"nos picos de um, o outro perdeu ~8% do ganho; variações parecidas (corr. +0.38)",0.0806,2026-10-04
Ômega 3 - 1360mg,NUTRIFY,Ômega 3 EPA DHA,VITAFOR,635,72,SEM_SUBGRUPO,SEM_SUBGRUPO,True,True,-0.0805,-0.2,3,,0.0,Sem relação clara,"nos picos de um, o outro não caiu; variações independentes (corr. -0.08)",0.0805,2026-10-04
Trio Magnésio 720mg,OCEAN DROP,Whey Protein Concentrado,DUX,711,940,SEM_SUBGRUPO,SEM_SUBGRUPO,True,False,-0.0803,-0.0914,20,,0.0,Sem relação clara,"nos picos de um, o outro não caiu; variações independentes (corr. -0.08)",0.0803,2026-10-04
SuperCoffee Língua de gato - Kopenhagen,CAFFEINE ARMY,Whey Protein Concentrado,DUX,1384,936,SEM_SUBGRUPO,SEM_SUBGRUPO,True,False,-0.0803,-0.2906,24,0.44,3.0,Sem relação clara,"nos picos de um, o outro não caiu; variações independentes (corr. -0.08); saem juntos 0.4× o esperado",0.0803,2026-10-04
Proteína Isolada e Hidrolisada - Body Protein,EQUALIV,Fresh Whey,DUX,521,861,SEM_SUBGRUPO,SEM_SUBGRUPO,True,True,-0.0801,-0.0833,3,,0.0,Sem relação clara,"nos picos de um, o outro não caiu; variações independentes (corr. -0.08)",0.0801,2026-10-04
Colágeno - Collagen Essential Protein,ESSENTIAL,Whey hidrolisado e isolado Creme Broule 837g TRUE SOURCE,TRUE SOURCE,1050,89,SEM_SUBGRUPO,SEM_SUBGRUPO,True,True,-0.0792,,0,,0.0,Sem relação clara,variações independentes (corr. -0.08),0.0792,2026-10-04
Ômega 3 - 1360mg,NUTRIFY,Whey Protein Concentrado,DUX,635,936,SEM_SUBGRUPO,SEM_SUBGRUPO,True,True,-0.0642,0.0149,14,1.1117,5.0,Sem relação clara,"nos picos de um, o outro perdeu ~1% do ganho; variações independentes (corr. -0.06); saem juntos 1.1× o esperado",0.0792,2026-10-04
Prebiótico - Fiber Liv,LAUTON,Whey hidrolisado e isolado,TRUE SOURCE,1528,86,SEM_SUBGRUPO,SEM_SUBGRUPO,True,True,-0.0791,,0,,0.0,Sem relação clara,variações independentes (corr. -0.08),0.0791,2026-10-04
Vitamina D3 + K2 Gotas,PURAVIDA,Glutamina em Pó,NUTRIFY,592,598,SEM_SUBGRUPO,SEM_SUBGRUPO,True,True,-0.0776,,0,,0.0,Sem relação clara,variações independentes (corr. -0.08),0.0776,2026-10-04
Vitamina D - Vita D3 + C + Zinco,VITAFOR,Whey Protein Isolado,DUX,399,943,SEM_SUBGRUPO,SEM_SUBGRUPO,True,False,-0.0774,-0.1502,6,,0.0,Sem relação clara,"nos picos de um, o outro não caiu; variações independentes (corr. -0.08)",0.0774,2026-10-04
Whey Protein Concentrado,DUX,Creatina Monohidratada,DUX,2,486,SEM_SUBGRUPO,SEM_SUBGRUPO,True,False,-0.0773,-0.0788,16,1.4526,13.0,Sem relação clara,"nos picos de um, o outro não caiu; variações independentes (corr. -0.08); saem juntos 1.5× o esperado",0.0773,2026-10-04
Coenzima Q10 - (100mg p/ porção),VITAFOR,Proteína Isolada e Hidrolisada - Body Protein,EQUALIV,451,520,SEM_SUBGRUPO,SEM_SUBGRUPO,True,True,-0.0768,,0,,0.0,Sem relação clara,variações independentes (corr. -0.08),0.0768,2026-10-04
Pasta de Amendoim Granulado,MANDUBIM,Própolis Alcoólico,APIS FLORA,1072,1120,SEM_SUBGRUPO,SEM_SUBGRUPO,True,True,-0.0768,,0,,0.0,Sem relação clara,variações independentes (corr. -0.08),0.0768,2026-10-04
Melatonina Duo,ESSENTIAL,Probiótico - Simcaps,VITAFOR,1106,368,SEM_SUBGRUPO,SEM_SUBGRUPO,True,True,-0.0768,,0,,0.0,Sem relação clara,variações independentes (corr. -0.08),0.0768,2026-10-04
Colágeno - Colagentek Protein - Bodybalance,VITAFOR,Ômega 3 - 1360mg,NUTRIFY,439,635,SEM_SUBGRUPO,SEM_SUBGRUPO,True,False,-0.0482,0.0286,3,0.7963,1.0,Sem relação clara,"nos picos de um, o outro perdeu ~3% do ganho; variações independentes (corr. -0.05); saem juntos 0.8× o esperado",0.0767,2026-10-04
Simfort Femme,VITAFOR,Probiótico - Simfort Plus,VITAFOR,1449,360,SEM_SUBGRUPO,SEM_SUBGRUPO,True,True,-0.0766,,0,,0.0,Sem relação clara,variações independentes (corr. -0.08),0.0766,2026-10-04
Creatina Monohidratada - Creatine,VITAFOR,Whey Protein Concentrado,DUX,71,935,SEM_SUBGRUPO,SEM_SUBGRUPO,True,False,-0.0762,-0.2258,13,0.2979,1.0,Sem relação clara,"nos picos de um, o outro não caiu; variações independentes (corr. -0.08); saem juntos 0.3× o esperado",0.0762,2026-10-04
Refil Whey Concentrado - W100,NUTRATA,Ômega 3 DHA,OCEAN DROP,1158,687,SEM_SUBGRUPO,SEM_SUBGRUPO,True,True,-0.076,,0,,0.0,Sem relação clara,variações independentes (corr. -0.08),0.076,2026-10-04
Granola - Zero Açúcar,WS NATURAIS,Complexo B - Bio Vit.B+,PURAVIDA,1143,1347,SEM_SUBGRUPO,SEM_SUBGRUPO,True,True,-0.0759,,0,,0.0,Sem relação clara,variações independentes (corr. -0.08),0.0759,2026-10-04
Palatinose,VITAFOR,Vitamina D3 Synergy,PURAVIDA,374,914,SEM_SUBGRUPO,SEM_SUBGRUPO,True,True,-0.0759,,0,,0.0,Sem relação clara,variações independentes (corr. -0.08),0.0759,2026-10-04
Creatina 100%,NUTRIFY,Ômega 3 - EPA DHA - 1000mg,EQUALIV,1097,1215,SEM_SUBGRUPO,SEM_SUBGRUPO,True,False,-0.0757,-0.0714,5,1.7746,1.0,Sem relação clara,"nos picos de um, o outro não caiu; variações independentes (corr. -0.08); saem juntos 1.8× o esperado",0.0757,2026-10-04
Whey Protein Isolado - Isofort,VITAFOR,Fresh Whey,DUX,67,859,SEM_SUBGRUPO,SEM_SUBGRUPO,True,True,-0.0757,,0,,0.0,Sem relação clara,variações independentes (corr. -0.08),0.0757,2026-10-04
Probiótico - Simfort Plus,VITAFOR,Glutamina - Glutamax,VITAFOR,402,421,SEM_SUBGRUPO,SEM_SUBGRUPO,True,True,-0.0756,,0,2.2362,3.0,Sem relação clara,variações independentes (corr. -0.08); saem juntos 2.2× o esperado,0.0756,2026-10-04
Glutamina - Glutamax Refil,VITAFOR,Extrato de Laranja Moro 400mg,OCEAN DROP,422,700,SEM_SUBGRUPO,SEM_SUBGRUPO,True,True,-0.0756,,0,,0.0,Sem relação clara,variações independentes (corr. -0.08),0.0756,2026-10-04
Ômega 3 Super DHA - BIG N,PURAVIDA,Whey Protein Isolado,DUX,925,941,SEM_SUBGRUPO,SEM_SUBGRUPO,True,False,-0.0756,-0.2667,11,,0.0,Sem relação clara,"nos picos de um, o outro não caiu; variações independentes (corr. -0.08)",0.0756,2026-10-04
Melatonina Duo Harmony,ESSENTIAL,Arginofor -  L-Arginina,VITAFOR,1107,385,SEM_SUBGRUPO,SEM_SUBGRUPO,True,True,-0.0756,,0,,0.0,Sem relação clara,variações independentes (corr. -0.08),0.0756,2026-10-04
Ômega 3 EPA DHA,PURAVIDA,Whey Protein Concentrado,DUX,54,939,SEM_SUBGRUPO,SEM_SUBGRUPO,True,False,-0.0752,-0.0805,17,0.4447,1.0,Sem relação clara,"nos picos de um, o outro não caiu; variações independentes (corr. -0.08); saem juntos 0.4× o esperado",0.0752,2026-10-04
Suplemento de Magnésio - Blue Calm,PURAVIDA,Isofort Plant (Life Vegan),VITAFOR,1239,404,SEM_SUBGRUPO,SEM_SUBGRUPO,True,True,-0.0751,,0,,0.0,Sem relação clara,variações independentes (corr. -0.08),0.0751,2026-10-04
Fibras Prébioticas - Prebiotic,NUTRIFY,Glutamina - Glutamax,VITAFOR,1328,406,SEM_SUBGRUPO,SEM_SUBGRUPO,True,True,-0.0749,,0,,0.0,Sem relação clara,variações independentes (corr. -0.07),0.0749,2026-10-04
Achocolatado - Choco Family - Refil,VITAFOR,100% Whey Pure,INTEGRALMEDICA,528,910,SEM_SUBGRUPO,SEM_SUBGRUPO,True,True,-0.0746,,0,,0.0,Sem relação clara,variações independentes (corr. -0.07),0.0746,2026-10-04
SuperCoffee,CAFFEINE ARMY,Ômega - Mega DHA,VITAFOR,465,76,SEM_SUBGRUPO,SEM_SUBGRUPO,True,True,-0.0743,,0,,0.0,Sem relação clara,variações independentes (corr. -0.07),0.0743,2026-10-04
Ômega 3 - EPA DHA - 1000mg,EQUALIV,Vitamina D - Vita D3 + C + Zinco,VITAFOR,1215,399,SEM_SUBGRUPO,SEM_SUBGRUPO,True,False,-0.0741,-0.1022,8,0.9473,1.0,Sem relação clara,"nos picos de um, o outro não caiu; variações independentes (corr. -0.07); saem juntos 0.9× o esperado",0.0741,2026-10-04
Vitamina D - Vita D3,VITAFOR,Trio Magnésio 720mg,OCEAN DROP,395,711,SEM_SUBGRUPO,SEM_SUBGRUPO,True,False,-0.0741,-0.25,6,,0.0,Sem relação clara,"nos picos de um, o outro não caiu; variações independentes (corr. -0.07)",0.0741,2026-10-04
Colágeno - Collagen Bones,ESSENTIAL,Pré-Treino,DUX,1100,1560,SEM_SUBGRUPO,SEM_SUBGRUPO,True,True,-0.0737,,0,,0.0,Sem relação clara,variações independentes (corr. -0.07),0.0737,2026-10-04
Cafeína,DUX,Creatina Monohidratada,NUTRATA,1091,536,SEM_SUBGRUPO,SEM_SUBGRUPO,True,True,-0.0737,,0,,0.0,Sem relação clara,variações independentes (corr. -0.07),0.0737,2026-10-04
Whey Protein Concentrado,DUX,Ômega 3 EPA DHA,VITAFOR,2,72,SEM_SUBGRUPO,SEM_SUBGRUPO,True,True,-0.0735,-0.1714,3,0.6985,2.0,Sem relação clara,"nos picos de um, o outro não caiu; variações independentes (corr. -0.07); saem juntos 0.7× o esperado",0.0735,2026-10-04
Sleep,KOALA,Termogênico - Lipix6,VITAFOR,1128,330,SEM_SUBGRUPO,SEM_SUBGRUPO,True,True,-0.0731,,0,,0.0,Sem relação clara,variações independentes (corr. -0.07),0.0731,2026-10-04
Vitamina D - Vita D3,VITAFOR,Whey Protein Isolado,DUX,395,943,SEM_SUBGRUPO,SEM_SUBGRUPO,True,False,-0.0731,0.0,3,,0.0,Sem relação clara,"nos picos de um, o outro não caiu; variações independentes (corr. -0.07)",0.0731,2026-10-04
Creatina Premium - Creapure,PURAVIDA,Cúrcuma 500mg,OCEAN DROP,60,691,SEM_SUBGRUPO,SEM_SUBGRUPO,True,True,-0.0729,,0,,0.0,Sem relação clara,variações independentes (corr. -0.07),0.0729,2026-10-04
Refil Whey Concentrado Havanna - W100,NUTRATA,Suplemento Alimentar - Alpha Mater,PURAVIDA,1159,932,SEM_SUBGRUPO,SEM_SUBGRUPO,True,True,-0.0728,,0,,0.0,Sem relação clara,variações independentes (corr. -0.07),0.0728,2026-10-04
Creatina Monohidratada - Creatine,VITAFOR,Whey Protein Concentrado,DUX,71,939,SEM_SUBGRUPO,SEM_SUBGRUPO,True,False,-0.0728,-0.1412,14,0.223,1.0,Sem relação clara,"nos picos de um, o outro não caiu; variações independentes (corr. -0.07); saem juntos 0.2× o esperado",0.0728,2026-10-04
Pasta de Amendoim Granulado,MANDUBIM,Gel Nitrato com L-Citrulinilarginina,DOBRO,1072,989,SEM_SUBGRUPO,SEM_SUBGRUPO,True,True,-0.0728,,0,,0.0,Sem relação clara,variações independentes (corr. -0.07),0.0728,2026-10-04
Psyllium,OCEAN DROP,Fresh Whey,DUX,704,861,SEM_SUBGRUPO,SEM_SUBGRUPO,True,False,-0.0723,-0.3492,11,,0.0,Sem relação clara,"nos picos de um, o outro não caiu; variações independentes (corr. -0.07)",0.0723,2026-10-04
Refil Whey 100% Pure,INTEGRALMEDICA,Creatina,INTEGRALMEDICA,1386,783,SEM_SUBGRUPO,SEM_SUBGRUPO,True,True,-0.0721,,0,,0.0,Sem relação clara,variações independentes (corr. -0.07),0.0721,2026-10-04
Fresh Whey,DUX,Whey Protein Concentrado Cappuccino 900g DUX,DUX,1342,937,SEM_SUBGRUPO,SEM_SUBGRUPO,True,True,-0.0719,,0,,0.0,Sem relação clara,variações independentes (corr. -0.07),0.0719,2026-10-04
Omegafor Plus,VITAFOR,Whey Protein Concentrado,DUX,68,939,SEM_SUBGRUPO,SEM_SUBGRUPO,True,True,-0.0715,-0.1922,19,0.2419,2.0,Sem relação clara,"nos picos de um, o outro não caiu; variações independentes (corr. -0.07); saem juntos 0.2× o esperado",0.0715,2026-10-04
Ômega 3 - EPA DHA - 1000mg,EQUALIV,Whey Protein Concentrado,DUX,1215,2,SEM_SUBGRUPO,SEM_SUBGRUPO,True,False,0.1649,0.0714,5,0.8104,1.0,Sem relação clara,"nos picos de um, o outro perdeu ~7% do ganho; variações parecidas (corr. +0.16); saem juntos 0.8× o esperado",0.0714,2026-10-04
Whey Protein Concentrado - Sachê,MAIS MU,Tablete de Doce,FLORMEL,1939,835,SEM_SUBGRUPO,SEM_SUBGRUPO,True,True,-0.0713,,0,,0.0,Sem relação clara,variações independentes (corr. -0.07),0.0713,2026-10-04
Coenzima Q10+ 200mg,PURAVIDA,Ômega 3 Super DHA,PURAVIDA,1459,58,SEM_SUBGRUPO,SEM_SUBGRUPO,True,True,-0.0712,,0,,0.0,Sem relação clara,variações independentes (corr. -0.07),0.0712,2026-10-04
True Cúrcuma,TRUE SOURCE,Cálcio de Algas 1000mg,OCEAN DROP,1045,679,SEM_SUBGRUPO,SEM_SUBGRUPO,True,True,-0.0708,,0,,0.0,Sem relação clara,variações independentes (corr. -0.07),0.0708,2026-10-04
Creatina Monohidratada (Creapure),DUX,SuperCoffee,CAFFEINE ARMY,1687,457,SEM_SUBGRUPO,SEM_SUBGRUPO,True,True,-0.0705,,0,,0.0,Sem relação clara,variações independentes (corr. -0.07),0.0705,2026-10-04
Creatina 100%,NUTRIFY,Creatina - Creapure,ATLHETICA NUTRITION,1097,1127,SEM_SUBGRUPO,SEM_SUBGRUPO,True,True,-0.0703,,0,,0.0,Sem relação clara,variações independentes (corr. -0.07),0.0703,2026-10-04
True Cúrcuma,TRUE SOURCE,L-Carnitina 530mg,VITAFOR,1045,386,SEM_SUBGRUPO,SEM_SUBGRUPO,True,True,-0.0703,,0,,0.0,Sem relação clara,variações independentes (corr. -0.07),0.0703,2026-10-04
Palatinose,DUX,Colágeno Tipo II,LAUTON,558,995,SEM_SUBGRUPO,SEM_SUBGRUPO,True,True,-0.0701,,0,,0.0,Sem relação clara,variações independentes (corr. -0.07),0.0701,2026-10-04
Refil Whey 100% Pure,INTEGRALMEDICA,Fresh Whey,DUX,138,859,SEM_SUBGRUPO,SEM_SUBGRUPO,True,True,-0.0701,,0,,0.0,Sem relação clara,variações independentes (corr. -0.07),0.0701,2026-10-04
BT Nitrato 400,DOBRO,Prebiótico,OCEAN DROP,481,696,SEM_SUBGRUPO,SEM_SUBGRUPO,True,True,-0.0701,,0,,0.0,Sem relação clara,variações independentes (corr. -0.07),0.0701,2026-10-04
Creatina Monohidratada,OCEAN DROP,Omegafor Plus,VITAFOR,685,69,SEM_SUBGRUPO,SEM_SUBGRUPO,True,True,-0.047,0.0229,15,0.2967,1.0,Sem relação clara,"nos picos de um, o outro perdeu ~2% do ganho; variações independentes (corr. -0.05); saem juntos 0.3× o esperado",0.0699,2026-10-04
Whey Protein Concentrado,DUX,Ômega 3 - 1360mg,NUTRIFY,2,635,SEM_SUBGRUPO,SEM_SUBGRUPO,True,False,-0.0698,,0,,0.0,Sem relação clara,variações independentes (corr. -0.07),0.0698,2026-10-04
Coenzima Q10 (200mg p/ porção),VITAFOR,Whey Protein Concentrado,DUX,448,936,SEM_SUBGRUPO,SEM_SUBGRUPO,True,False,-0.0695,-0.1891,14,0.1786,1.0,Sem relação clara,"nos picos de um, o outro não caiu; variações independentes (corr. -0.07); saem juntos 0.2× o esperado",0.0695,2026-10-04
Creatina Monohidratada,DUX,Omegafor Plus,VITAFOR,486,68,SEM_SUBGRUPO,SEM_SUBGRUPO,True,False,-0.0686,-0.3848,31,1.0825,35.0,Sem relação clara,"nos picos de um, o outro não caiu; variações independentes (corr. -0.07); saem juntos 1.1× o esperado",0.0686,2026-10-04
Beef Protein,ESSENTIAL,Pré-treino - Energyzer & focus,TRUE SOURCE,1060,1110,SEM_SUBGRUPO,SEM_SUBGRUPO,True,True,-0.068,,0,,0.0,Sem relação clara,variações independentes (corr. -0.07),0.068,2026-10-04
Coenzima Q10 (200mg p/ porção),VITAFOR,Ômega 3 - 1360mg,NUTRIFY,448,635,SEM_SUBGRUPO,SEM_SUBGRUPO,True,False,-0.0679,,0,1.4481,3.0,Sem relação clara,variações independentes (corr. -0.07); saem juntos 1.4× o esperado,0.0679,2026-10-04
Probiótico - Simfort Plus,VITAFOR,Trio Magnésio 720mg,OCEAN DROP,360,711,SEM_SUBGRUPO,SEM_SUBGRUPO,True,False,-0.0516,0.016,9,2.7457,5.0,Sem relação clara,"nos picos de um, o outro perdeu ~2% do ganho; variações independentes (corr. -0.05); saem juntos 2.7× o esperado",0.0676,2026-10-04
True Cúrcuma,TRUE SOURCE,Refil Whey 100% Pure,INTEGRALMEDICA,1045,139,SEM_SUBGRUPO,SEM_SUBGRUPO,True,True,-0.067,,0,,0.0,Sem relação clara,variações independentes (corr. -0.07),0.067,2026-10-04
Fresh Whey,DUX,Pré-Treino - V Fort Ultra,VITAFOR,1415,352,SEM_SUBGRUPO,SEM_SUBGRUPO,True,True,-0.0669,,0,,0.0,Sem relação clara,variações independentes (corr. -0.07),0.0669,2026-10-04
Beef Protein,ESSENTIAL,Fresh Whey,DUX,1219,1415,SEM_SUBGRUPO,SEM_SUBGRUPO,True,True,-0.0665,,0,,0.0,Sem relação clara,variações independentes (corr. -0.07),0.0665,2026-10-04
Whey Protein Concentrado,DUX,Cúrcuma Plus,VITAFOR,2,433,SEM_SUBGRUPO,SEM_SUBGRUPO,True,False,-0.0664,0.0,8,,0.0,Sem relação clara,"nos picos de um, o outro não caiu; variações independentes (corr. -0.07)",0.0664,2026-10-04
Cafeína,DUX,100% Whey Pure,INTEGRALMEDICA,1091,169,SEM_SUBGRUPO,SEM_SUBGRUPO,True,True,-0.0663,,0,,0.0,Sem relação clara,variações independentes (corr. -0.07),0.0663,2026-10-04
Omegafor Plus,VITAFOR,Creatina Monohidratada - Creatine,VITAFOR,69,71,SEM_SUBGRUPO,SEM_SUBGRUPO,True,False,-0.066,-0.0147,10,0.8298,3.0,Sem relação clara,"nos picos de um, o outro não caiu; variações independentes (corr. -0.07); saem juntos 0.8× o esperado",0.066,2026-10-04
SuperCoffee Língua de gato - Kopenhagen,CAFFEINE ARMY,Vitamina D - Vita D3 + C + Zinco,VITAFOR,1384,399,SEM_SUBGRUPO,SEM_SUBGRUPO,True,False,-0.066,-0.041,13,0.4152,1.0,Sem relação clara,"nos picos de um, o outro não caiu; variações independentes (corr. -0.07); saem juntos 0.4× o esperado",0.066,2026-10-04
Ômega 3 - Omegafor Memory,VITAFOR,Resveratrol 500mg,OCEAN DROP,394,709,SEM_SUBGRUPO,SEM_SUBGRUPO,True,True,-0.0657,,0,,0.0,Sem relação clara,variações independentes (corr. -0.07),0.0657,2026-10-04
Suplemento de Magnésio - Blue Calm,PURAVIDA,SuperCoffee,CAFFEINE ARMY,1239,463,SEM_SUBGRUPO,SEM_SUBGRUPO,True,True,-0.0646,,0,,0.0,Sem relação clara,variações independentes (corr. -0.06),0.0646,2026-10-04
Colágeno - Collagen Renew Hidrolisado,NUTRIFY,Glutamina Isolates,INTEGRALMEDICA,206,487,SEM_SUBGRUPO,SEM_SUBGRUPO,True,True,-0.0646,,0,,0.0,Sem relação clara,variações independentes (corr. -0.06),0.0646,2026-10-04
SuperCoffee,CAFFEINE ARMY,Super Ômega 3,ESSENTIAL,1292,30,SEM_SUBGRUPO,SEM_SUBGRUPO,True,True,-0.0644,,0,,0.0,Sem relação clara,variações independentes (corr. -0.06),0.0644,2026-10-04
Colágeno - Collagen Essential Protein,ESSENTIAL,Whey Protein Isolado - Tasty Iso,ADAPTOGEN,1048,1332,SEM_SUBGRUPO,SEM_SUBGRUPO,True,True,-0.0642,,0,,0.0,Sem relação clara,variações independentes (corr. -0.06),0.0642,2026-10-04
Body Protein Vegano,EQUALIV,Aminoácidos - Aminnu EAAs,CENTRAL NUTRITION,1227,331,SEM_SUBGRUPO,SEM_SUBGRUPO,True,True,-0.0642,,0,,0.0,Sem relação clara,variações independentes (corr. -0.06),0.0642,2026-10-04
Colágeno Hidrolisado - Collagen Pro 18g,NUTRIFY,Magnésio - Inositol Relief 3.0,TRUE SOURCE,208,987,SEM_SUBGRUPO,SEM_SUBGRUPO,True,True,-0.0641,,0,,0.0,Sem relação clara,variações independentes (corr. -0.06),0.0641,2026-10-04
Ômega 3 Super DHA - BIG N,PURAVIDA,Whey Protein Concentrado,DUX,925,936,SEM_SUBGRUPO,SEM_SUBGRUPO,True,False,-0.0641,-0.0449,20,0.6046,1.0,Sem relação clara,"nos picos de um, o outro não caiu; variações independentes (corr. -0.06); saem juntos 0.6× o esperado",0.0641,2026-10-04
Trio Magnésio 720mg,OCEAN DROP,Fresh Whey,DUX,711,861,SEM_SUBGRUPO,SEM_SUBGRUPO,True,False,-0.0641,-0.1429,14,0.5796,1.0,Sem relação clara,"nos picos de um, o outro não caiu; variações independentes (corr. -0.06); saem juntos 0.6× o esperado",0.0641,2026-10-04
Eletrólitos,LIQUIDZ,Whey 3W -  Sachê,BOLD,1897,1942,SEM_SUBGRUPO,SEM_SUBGRUPO,True,True,-0.064,,0,,0.0,Sem relação clara,variações independentes (corr. -0.06),0.064,2026-10-04
Omegafor Plus,VITAFOR,Whey Protein Concentrado,DUX,69,940,SEM_SUBGRUPO,SEM_SUBGRUPO,True,False,-0.064,-0.0049,14,0.2514,1.0,Sem relação clara,"nos picos de um, o outro não caiu; variações independentes (corr. -0.06); saem juntos 0.3× o esperado",0.064,2026-10-04
Omegafor Plus,VITAFOR,Ômega 3 Super DHA - BIG N,PURAVIDA,375,925,SEM_SUBGRUPO,SEM_SUBGRUPO,True,False,-0.0639,-0.1781,6,,0.0,Sem relação clara,"nos picos de um, o outro não caiu; variações independentes (corr. -0.06)",0.0639,2026-10-04
Ferro Quelado 34mg,LAUTON,Whey Tech 100%,ATLHETICA NUTRITION,1410,587,SEM_SUBGRUPO,SEM_SUBGRUPO,True,True,-0.0638,,0,,0.0,Sem relação clara,variações independentes (corr. -0.06),0.0638,2026-10-04
Whey Fort 3W,VITAFOR,Omegafor Plus,VITAFOR,167,375,SEM_SUBGRUPO,SEM_SUBGRUPO,True,True,-0.0634,,0,3.0914,2.0,Sem relação clara,variações independentes (corr. -0.06); saem juntos 3.1× o esperado,0.0634,2026-10-04
Whey Protein Isolado - Sachê,DUX,W100 Whey Concentrado Havanna - Sachê,NUTRATA,1911,1936,SEM_SUBGRUPO,SEM_SUBGRUPO,True,True,-0.0634,,0,,0.0,Sem relação clara,variações independentes (corr. -0.06),0.0634,2026-10-04
Vitamina C + Zinco - Gomas,OCEAN DROP,Vitamina B12,OCEAN DROP,693,707,SEM_SUBGRUPO,SEM_SUBGRUPO,True,True,-0.0632,,0,,0.0,Sem relação clara,variações independentes (corr. -0.06),0.0632,2026-10-04
Refil 100% Whey Protein - Flavour,ATLHETICA NUTRITION,Simfort Ultra,VITAFOR,1590,1786,SEM_SUBGRUPO,SEM_SUBGRUPO,True,True,-0.0629,,0,,0.0,Sem relação clara,variações independentes (corr. -0.06),0.0629,2026-10-04
Whey Protein Isolado,PURAVIDA,Multivitaminico - Imunomult- 1000mg,VITAFOR,1872,424,SEM_SUBGRUPO,SEM_SUBGRUPO,True,True,-0.0626,,0,,0.0,Sem relação clara,variações independentes (corr. -0.06),0.0626,2026-10-04
Zinco Quelato,OCEAN DROP,Vitamina D - Vita D3 + C + Zinco,VITAFOR,1245,400,SEM_SUBGRUPO,SEM_SUBGRUPO,True,True,-0.0626,,0,,0.0,Sem relação clara,variações independentes (corr. -0.06),0.0626,2026-10-04
Própolis Verde - Alcoólico,APIS FLORA,Creatina Monohidratada,MAX TITANIUM,1119,999,SEM_SUBGRUPO,SEM_SUBGRUPO,True,True,-0.0625,,0,,0.0,Sem relação clara,variações independentes (corr. -0.06),0.0625,2026-10-04
Glutamina - Glutamax,VITAFOR,Whey Protein Isolado,DUX,421,941,SEM_SUBGRUPO,SEM_SUBGRUPO,True,True,-0.0625,,0,1.0245,2.0,Sem relação clara,variações independentes (corr. -0.06); saem juntos 1.0× o esperado,0.0625,2026-10-04
Beta Alanina,VITAFOR,Whey Protein Concentrado,DUX,407,935,SEM_SUBGRUPO,SEM_SUBGRUPO,True,False,-0.0375,0.0244,3,,0.0,Sem relação clara,"nos picos de um, o outro perdeu ~2% do ganho; variações independentes (corr. -0.04)",0.0619,2026-10-04
Creatina Monohidratada,ATLHETICA NUTRITION,Probiótico - Simfort Plus,VITAFOR,141,402,SEM_SUBGRUPO,SEM_SUBGRUPO,True,False,0.09,0.0619,6,0.4059,1.0,Sem relação clara,"nos picos de um, o outro perdeu ~6% do ganho; variações independentes (corr. +0.09); saem juntos 0.4× o esperado",0.0619,2026-10-04
Vitamina B12,YOSEN,Whey hidrolisado e isolado Creme Broule 837g TRUE SOURCE,TRUE SOURCE,1131,89,SEM_SUBGRUPO,SEM_SUBGRUPO,True,True,-0.0615,,0,,0.0,Sem relação clara,variações independentes (corr. -0.06),0.0615,2026-10-04
Creatina Monohidratada (Creapure),DUX,Magnésio - Inositol Relief 3.0,TRUE SOURCE,1687,634,SEM_SUBGRUPO,SEM_SUBGRUPO,True,True,-0.0615,,0,,0.0,Sem relação clara,variações independentes (corr. -0.06),0.0615,2026-10-04
Whey Protein Concentrado,DUX,Trio Magnésio 720mg,OCEAN DROP,2,711,SEM_SUBGRUPO,SEM_SUBGRUPO,True,False,-0.0335,0.0278,6,,0.0,Sem relação clara,"nos picos de um, o outro perdeu ~3% do ganho; variações independentes (corr. -0.03)",0.0613,2026-10-04
Colágeno - Collagen Protein Hidrolisado,PURAVIDA,Shot Matinal,OCEAN DROP,651,698,SEM_SUBGRUPO,SEM_SUBGRUPO,True,True,-0.0611,,0,,0.0,Sem relação clara,variações independentes (corr. -0.06),0.0611,2026-10-04
Creatina - Creafort (Creapure),VITAFOR,Colágeno - Colagentek Protein - Bodybalance,VITAFOR,434,439,SEM_SUBGRUPO,SEM_SUBGRUPO,True,False,-0.0611,-0.2452,9,0.7762,2.0,Sem relação clara,"nos picos de um, o outro não caiu; variações independentes (corr. -0.06); saem juntos 0.8× o esperado",0.0611,2026-10-04
Vitamina D - Vita D3,VITAFOR,Ômega 3 - 1360mg,NUTRIFY,395,635,SEM_SUBGRUPO,SEM_SUBGRUPO,True,False,-0.0611,,0,,0.0,Sem relação clara,variações independentes (corr. -0.06),0.0611,2026-10-04
Whey Protein - Isofort Beauty,VITAFOR,Whey Protein Isolado - Isofort,VITAFOR,1200,79,SEM_SUBGRUPO,SEM_SUBGRUPO,True,True,-0.061,,0,,0.0,Sem relação clara,variações independentes (corr. -0.06),0.061,2026-10-04
Nitro 400,PLANT POWER,Whey Fort 3W,VITAFOR,1063,342,SEM_SUBGRUPO,SEM_SUBGRUPO,True,True,-0.0609,,0,,0.0,Sem relação clara,variações independentes (corr. -0.06),0.0609,2026-10-04
Glutamina em Pó,PURAVIDA,Creatina,ADAPTOGEN,647,83,SEM_SUBGRUPO,SEM_SUBGRUPO,True,True,-0.0609,,0,,0.0,Sem relação clara,variações independentes (corr. -0.06),0.0609,2026-10-04
Suplemento Alimentar - L-teanina - Happy Theanine,ESSENTIAL,Simfort Ultra,VITAFOR,1108,1711,SEM_SUBGRUPO,SEM_SUBGRUPO,True,True,-0.0609,,0,,0.0,Sem relação clara,variações independentes (corr. -0.06),0.0609,2026-10-04
Magnésio - Mag 5 Complex,NUTRIFY,Colágeno - Colagentek II,VITAFOR,1657,1781,SEM_SUBGRUPO,SEM_SUBGRUPO,True,True,-0.0609,,0,,0.0,Sem relação clara,variações independentes (corr. -0.06),0.0609,2026-10-04
Omegafor Vision,VITAFOR,Creatina,INTEGRALMEDICA,70,783,SEM_SUBGRUPO,SEM_SUBGRUPO,True,True,-0.0608,,0,,0.0,Sem relação clara,variações independentes (corr. -0.06),0.0608,2026-10-04
Whey Protein Concentrado,DUX,Probiótico - Simfort Plus,VITAFOR,2,360,SEM_SUBGRUPO,SEM_SUBGRUPO,True,False,0.0445,0.0606,3,,0.0,Sem relação clara,"nos picos de um, o outro perdeu ~6% do ganho; variações independentes (corr. +0.04)",0.0606,2026-10-04
Proteína Vegana - Immuno Veggie,ESSENTIAL,Whey Protein Isolado - Isofort,VITAFOR,39,79,SEM_SUBGRUPO,SEM_SUBGRUPO,True,True,-0.0606,,0,,0.0,Sem relação clara,variações independentes (corr. -0.06),0.0606,2026-10-04
Eletrólitos,LIQUIDZ,Vitamina B12,LAUTON,1898,629,SEM_SUBGRUPO,SEM_SUBGRUPO,True,True,-0.0603,,0,,0.0,Sem relação clara,variações independentes (corr. -0.06),0.0603,2026-10-04
Fresh Whey,DUX,Whey Protein Isolado,DUX,861,941,SEM_SUBGRUPO,SEM_SUBGRUPO,True,False,-0.0601,-0.2192,13,,0.0,Sem relação clara,"nos picos de um, o outro não caiu; variações independentes (corr. -0.06)",0.0601,2026-10-04
Whey Protein Isolado,PURAVIDA,Whey hidrolisado e isolado,TRUE SOURCE,1872,87,SEM_SUBGRUPO,SEM_SUBGRUPO,True,True,-0.0601,,0,,0.0,Sem relação clara,variações independentes (corr. -0.06),0.0601,2026-10-04
Colágeno - Collagen Renew Hidrolisado,NUTRIFY,Ômega 3 - EPA DHA - 1000mg,EQUALIV,1093,1214,SEM_SUBGRUPO,SEM_SUBGRUPO,True,True,-0.06,,0,,0.0,Sem relação clara,variações independentes (corr. -0.06),0.06,2026-10-04
Nitro 400,PLANT POWER,Whey,ESSENTIAL,1063,41,SEM_SUBGRUPO,SEM_SUBGRUPO,True,True,-0.06,,0,,0.0,Sem relação clara,variações independentes (corr. -0.06),0.06,2026-10-04
Whey Fort 3W,VITAFOR,Whey Protein Isolado,DUX,167,6,SEM_SUBGRUPO,SEM_SUBGRUPO,True,True,-0.0594,,0,,0.0,Sem relação clara,variações independentes (corr. -0.06),0.0594,2026-10-04
Colágeno - Collagen Essential Protein,ESSENTIAL,Colágeno - Colagentek,VITAFOR,1050,440,SEM_SUBGRUPO,SEM_SUBGRUPO,True,True,-0.0593,,0,,0.0,Sem relação clara,variações independentes (corr. -0.06),0.0593,2026-10-04
Melatonina - Ydrosolv,YOSEN,Aminoácido - Aminovita,VITAFOR,1137,379,SEM_SUBGRUPO,SEM_SUBGRUPO,True,True,-0.0593,,0,,0.0,Sem relação clara,variações independentes (corr. -0.06),0.0593,2026-10-04
Vitamina D - Vita D3 + C + Zinco,VITAFOR,Creatina Monohidratada,DUX,399,486,SEM_SUBGRUPO,SEM_SUBGRUPO,True,False,-0.0592,-0.3555,19,0.2612,2.0,Sem relação clara,"nos picos de um, o outro não caiu; variações independentes (corr. -0.06); saem juntos 0.3× o esperado",0.0592,2026-10-04
Creatina Monohidratada,PURAVIDA,Whey Fort 3W,VITAFOR,1484,341,SEM_SUBGRUPO,SEM_SUBGRUPO,True,True,-0.0592,,0,,0.0,Sem relação clara,variações independentes (corr. -0.06),0.0592,2026-10-04
Vitamina D - Vita D3,VITAFOR,Creatina Monohidratada,DUX,395,486,SEM_SUBGRUPO,SEM_SUBGRUPO,True,False,-0.0592,-0.0306,16,,0.0,Sem relação clara,"nos picos de um, o outro não caiu; variações independentes (corr. -0.06)",0.0592,2026-10-04
Whey Protein Concentrado,DUX,Whey Protein Isolado,DUX,940,943,SEM_SUBGRUPO,SEM_SUBGRUPO,True,False,-0.059,-0.0366,17,,0.0,Sem relação clara,"nos picos de um, o outro não caiu; variações independentes (corr. -0.06)",0.059,2026-10-04
Whey Protein Concentrado,DUX,Whey Protein Isolado,DUX,938,941,SEM_SUBGRUPO,SEM_SUBGRUPO,True,False,-0.059,-0.4345,9,,0.0,Sem relação clara,"nos picos de um, o outro não caiu; variações independentes (corr. -0.06)",0.059,2026-10-04
Probiótico - Simfort Plus,VITAFOR,Whey Protein Concentrado,DUX,360,938,SEM_SUBGRUPO,SEM_SUBGRUPO,True,False,0.1144,0.0589,7,,0.0,Sem relação clara,"nos picos de um, o outro perdeu ~6% do ganho; variações parecidas (corr. +0.11)",0.0589,2026-10-04
Bio Ferro,PURAVIDA,Omegafor Plus,VITAFOR,1069,375,SEM_SUBGRUPO,SEM_SUBGRUPO,True,False,-0.0586,,0,,0.0,Sem relação clara,variações independentes (corr. -0.06),0.0586,2026-10-04
Granola Australia - Low Carb,HART`S NATURAL,Própolis - Green Própolis,NUTRIFY,1141,1326,SEM_SUBGRUPO,SEM_SUBGRUPO,True,True,-0.0586,,0,,0.0,Sem relação clara,variações independentes (corr. -0.06),0.0586,2026-10-04
Ômega 3 Pulse,PURAVIDA,Whey Tech 100%,ATLHETICA NUTRITION,546,588,SEM_SUBGRUPO,SEM_SUBGRUPO,True,True,-0.0582,,0,,0.0,Sem relação clara,variações independentes (corr. -0.06),0.0582,2026-10-04
Fresh Whey,DUX,Whey Protein Concentrado,DUX,861,939,SEM_SUBGRUPO,SEM_SUBGRUPO,True,False,-0.058,-0.072,12,,0.0,Sem relação clara,"nos picos de um, o outro não caiu; variações independentes (corr. -0.06)",0.058,2026-10-04
Vitamina D - Vita D3,VITAFOR,Ômega 3 EPA DHA,VITAFOR,395,72,SEM_SUBGRUPO,SEM_SUBGRUPO,True,False,0.0071,0.0571,3,,0.0,Sem relação clara,"nos picos de um, o outro perdeu ~6% do ganho; variações independentes (corr. +0.01)",0.0571,2026-10-04
Ômega 3 EPA DHA,VITAFOR,Whey Protein Isolado - Isofort,VITAFOR,376,74,SEM_SUBGRUPO,SEM_SUBGRUPO,True,True,-0.0571,,0,,0.0,Sem relação clara,variações independentes (corr. -0.06),0.0571,2026-10-04
Beta Alanina,VITAFOR,Ômega 3 EPA DHA,VITAFOR,407,77,SEM_SUBGRUPO,SEM_SUBGRUPO,True,False,-0.057,-0.0484,4,,0.0,Sem relação clara,"nos picos de um, o outro não caiu; variações independentes (corr. -0.06)",0.057,2026-10-04
Creatina 100%,NUTRIFY,Omegafor Plus,VITAFOR,1097,69,SEM_SUBGRUPO,SEM_SUBGRUPO,True,False,-0.0567,,0,,0.0,Sem relação clara,variações independentes (corr. -0.06),0.0567,2026-10-04
Omegafor Plus,VITAFOR,Creatina Monohidratada,OCEAN DROP,375,685,SEM_SUBGRUPO,SEM_SUBGRUPO,True,False,-0.0567,-0.0516,15,,0.0,Sem relação clara,"nos picos de um, o outro não caiu; variações independentes (corr. -0.06)",0.0567,2026-10-04
Suplemento para Imunidade - Immune Up 100%,NUTRIFY,Multivitamínico - Vitalift,ESSENTIAL,219,531,SEM_SUBGRUPO,SEM_SUBGRUPO,True,True,-0.0566,,0,,0.0,Sem relação clara,variações independentes (corr. -0.06),0.0566,2026-10-04
Creatina - Creafort (Creapure),VITAFOR,Ômega 3 EPA DHA,PURAVIDA,434,54,SEM_SUBGRUPO,SEM_SUBGRUPO,True,False,-0.0563,-0.1081,19,0.5342,2.0,Sem relação clara,"nos picos de um, o outro não caiu; variações independentes (corr. -0.06); saem juntos 0.5× o esperado",0.0563,2026-10-04
Whey 3W,MAX TITANIUM,Refil Whey Concentrado - W100,NUTRATA,1001,1289,SEM_SUBGRUPO,SEM_SUBGRUPO,True,True,-0.0563,,0,,0.0,Sem relação clara,variações independentes (corr. -0.06),0.0563,2026-10-04
Ômega 3 Super DHA,PURAVIDA,Morning Shot - Imunidade,SUBLYME,58,782,SEM_SUBGRUPO,SEM_SUBGRUPO,True,True,-0.0561,,0,,0.0,Sem relação clara,variações independentes (corr. -0.06),0.0561,2026-10-04
Ômega 3,TRUE SOURCE,Suplemento Alimentar - GUARDIAN®,CENTRAL NUTRITION,1499,357,SEM_SUBGRUPO,SEM_SUBGRUPO,True,True,-0.056,,0,,0.0,Sem relação clara,variações independentes (corr. -0.06),0.056,2026-10-04
Whey Protein Concentrado,DUX,Colágeno - Colagentek Protein - Bodybalance,VITAFOR,3,439,SEM_SUBGRUPO,SEM_SUBGRUPO,True,True,-0.0556,,0,1.313,1.0,Sem relação clara,variações independentes (corr. -0.06); saem juntos 1.3× o esperado,0.0556,2026-10-04
Whey Protein Concentrado,DUX,Vitamina D - Vita D3,VITAFOR,2,397,SEM_SUBGRUPO,SEM_SUBGRUPO,True,False,0.016,0.0556,10,1.0179,3.0,Sem relação clara,"nos picos de um, o outro perdeu ~6% do ganho; variações independentes (corr. +0.02); saem juntos 1.0× o esperado",0.0556,2026-10-04
Coenzima Q10,YOSEN,Palatinose,PURAVIDA,1129,1240,SEM_SUBGRUPO,SEM_SUBGRUPO,True,True,-0.0552,,0,,0.0,Sem relação clara,variações independentes (corr. -0.06),0.0552,2026-10-04
Omegafor Plus,VITAFOR,Omegafor Plus,VITAFOR,68,69,SEM_SUBGRUPO,SEM_SUBGRUPO,True,False,-0.0479,0.0073,15,0.3001,2.0,Sem relação clara,"nos picos de um, o outro perdeu ~1% do ganho; variações independentes (corr. -0.05); saem juntos 0.3× o esperado",0.0552,2026-10-04
Creatina Monohidratada,ATLHETICA NUTRITION,Trio Magnésio 720mg,OCEAN DROP,141,711,SEM_SUBGRUPO,SEM_SUBGRUPO,True,False,-0.0552,-0.0924,12,0.3919,1.0,Sem relação clara,"nos picos de um, o outro não caiu; variações independentes (corr. -0.06); saem juntos 0.4× o esperado",0.0552,2026-10-04
Whey Protein Concentrado,DUX,Coenzima  Q10 - 100mg,NUTRIFY,2,617,SEM_SUBGRUPO,SEM_SUBGRUPO,True,True,-0.0551,,0,,0.0,Sem relação clara,variações independentes (corr. -0.06),0.0551,2026-10-04
Omegafor Plus,VITAFOR,Whey Protein Isolado,DUX,68,943,SEM_SUBGRUPO,SEM_SUBGRUPO,True,False,0.0825,0.055,18,,0.0,Sem relação clara,"nos picos de um, o outro perdeu ~5% do ganho; variações independentes (corr. +0.08)",0.055,2026-10-04
Colágeno - Collagen Bones,ESSENTIAL,Whey Protein Isolado - Tasty Iso,ADAPTOGEN,1100,1333,SEM_SUBGRUPO,SEM_SUBGRUPO,True,True,-0.0544,,0,,0.0,Sem relação clara,variações independentes (corr. -0.05),0.0544,2026-10-04
Vitamina D - Vita D3,VITAFOR,Whey Protein Concentrado,DUX,397,940,SEM_SUBGRUPO,SEM_SUBGRUPO,True,False,-0.0541,-0.154,24,0.1574,1.0,Sem relação clara,"nos picos de um, o outro não caiu; variações independentes (corr. -0.05); saem juntos 0.2× o esperado",0.0541,2026-10-04
Vitamina D - Vita D3 + C + Zinco,VITAFOR,Creatina - Creafort (Creapure),VITAFOR,399,434,SEM_SUBGRUPO,SEM_SUBGRUPO,True,False,-0.0541,-0.019,9,0.3068,1.0,Sem relação clara,"nos picos de um, o outro não caiu; variações independentes (corr. -0.05); saem juntos 0.3× o esperado",0.0541,2026-10-04
Probiótico - Simfort Plus,VITAFOR,Creatina - Creafort (Creapure),VITAFOR,360,434,SEM_SUBGRUPO,SEM_SUBGRUPO,True,False,-0.054,-0.1013,9,,0.0,Sem relação clara,"nos picos de um, o outro não caiu; variações independentes (corr. -0.05)",0.054,2026-10-04
Ômega 3 EPA DHA,PURAVIDA,Omegafor Plus,VITAFOR,54,69,SEM_SUBGRUPO,SEM_SUBGRUPO,True,False,-0.0438,0.0102,13,,0.0,Sem relação clara,"nos picos de um, o outro perdeu ~1% do ganho; variações independentes (corr. -0.04)",0.054,2026-10-04
Vitamina D - Vita D3,VITAFOR,Glutamina,DUX,395,474,SEM_SUBGRUPO,SEM_SUBGRUPO,True,True,-0.0538,,0,,0.0,Sem relação clara,variações independentes (corr. -0.05),0.0538,2026-10-04
Bio Ferro,PURAVIDA,Probiótico - Simfort Plus,VITAFOR,1069,402,SEM_SUBGRUPO,SEM_SUBGRUPO,True,False,-0.0537,,0,,0.0,Sem relação clara,variações independentes (corr. -0.05),0.0537,2026-10-04
Creatina 100%,NUTRIFY,Creatina Monohidratada,DUX,1097,486,SEM_SUBGRUPO,SEM_SUBGRUPO,True,False,-0.0469,0.0066,16,0.2447,1.0,Sem relação clara,"nos picos de um, o outro perdeu ~1% do ganho; variações independentes (corr. -0.05); saem juntos 0.2× o esperado",0.0535,2026-10-04
Glutamina,DUX,Ômega 3 EPA DHA,PURAVIDA,474,54,SEM_SUBGRUPO,SEM_SUBGRUPO,True,False,-0.0482,0.0051,13,,0.0,Sem relação clara,"nos picos de um, o outro perdeu ~1% do ganho; variações independentes (corr. -0.05)",0.0533,2026-10-04
Melatonina Duo Harmony,ESSENTIAL,Suplemento para Imunidade - Immune Up 100%,NUTRIFY,1107,219,SEM_SUBGRUPO,SEM_SUBGRUPO,True,True,-0.0532,,0,,0.0,Sem relação clara,variações independentes (corr. -0.05),0.0532,2026-10-04
Prebiótico - Fiber Liv,LAUTON,Biotina Plus,LAUTON,1528,807,SEM_SUBGRUPO,SEM_SUBGRUPO,True,True,-0.0531,,0,,0.0,Sem relação clara,variações independentes (corr. -0.05),0.0531,2026-10-04
Isofort Plant (Life Vegan),VITAFOR,Colágeno - Colagentek Beauty,VITAFOR,404,447,SEM_SUBGRUPO,SEM_SUBGRUPO,True,True,-0.053,,0,,0.0,Sem relação clara,variações independentes (corr. -0.05),0.053,2026-10-04
Colágeno - Colagentek,VITAFOR,SuperCoffee,CAFFEINE ARMY,442,459,SEM_SUBGRUPO,SEM_SUBGRUPO,True,True,-0.053,,0,,0.0,Sem relação clara,variações independentes (corr. -0.05),0.053,2026-10-04
Shot Matinal,OCEAN DROP,Proteína - Isocrisp Plant Pouch,VITAFOR,698,905,SEM_SUBGRUPO,SEM_SUBGRUPO,True,True,-0.053,,0,,0.0,Sem relação clara,variações independentes (corr. -0.05),0.053,2026-10-04
Whey Protein - Isofort Beauty,VITAFOR,Trio Magnésio 720mg,OCEAN DROP,1200,711,SEM_SUBGRUPO,SEM_SUBGRUPO,True,True,-0.0527,,0,,0.0,Sem relação clara,variações independentes (corr. -0.05),0.0527,2026-10-04
Body Protein Vegano,EQUALIV,Melatonina,OCEAN DROP,1227,705,SEM_SUBGRUPO,SEM_SUBGRUPO,True,True,-0.0525,,0,,0.0,Sem relação clara,variações independentes (corr. -0.05),0.0525,2026-10-04
Whey Protein Isolado,DUX,Whey Protein Concentrado,DUX,1725,940,SEM_SUBGRUPO,SEM_SUBGRUPO,True,True,-0.0523,,0,,0.0,Sem relação clara,variações independentes (corr. -0.05),0.0523,2026-10-04
Palatinose,PURAVIDA,Sleep,KOALA,1240,800,SEM_SUBGRUPO,SEM_SUBGRUPO,True,True,-0.0517,,0,,0.0,Sem relação clara,variações independentes (corr. -0.05),0.0517,2026-10-04
Proteína Isolada e Hidrolisada - Body Protein,EQUALIV,Fresh Whey,DUX,1124,950,SEM_SUBGRUPO,SEM_SUBGRUPO,True,True,-0.0516,,0,,0.0,Sem relação clara,variações independentes (corr. -0.05),0.0516,2026-10-04
Vitamina D - Vita D3,VITAFOR,Colágeno Tipo II,LAUTON,395,995,SEM_SUBGRUPO,SEM_SUBGRUPO,True,True,-0.0513,,0,,0.0,Sem relação clara,variações independentes (corr. -0.05),0.0513,2026-10-04
Tasty Whey 3W Gourmet,ADAPTOGEN,Colágeno - Colagentek II,VITAFOR,1670,1781,SEM_SUBGRUPO,SEM_SUBGRUPO,True,True,-0.0512,,0,,0.0,Sem relação clara,variações independentes (corr. -0.05),0.0512,2026-10-04
SuperCoffee Língua de gato - Kopenhagen,CAFFEINE ARMY,Vitamina D - Vita D3,VITAFOR,1384,397,SEM_SUBGRUPO,SEM_SUBGRUPO,True,False,0.1246,0.0512,20,1.2489,5.0,Sem relação clara,"nos picos de um, o outro perdeu ~5% do ganho; variações parecidas (corr. +0.12); saem juntos 1.2× o esperado",0.0512,2026-10-04
Pré-Treino - V Fort Ultra,VITAFOR,Coenzima  Q10 - 100mg,NUTRIFY,559,617,SEM_SUBGRUPO,SEM_SUBGRUPO,True,True,-0.0506,,0,,0.0,Sem relação clara,variações independentes (corr. -0.05),0.0506,2026-10-04
Creatina Monohidratada,ATLHETICA NUTRITION,Whey Protein Concentrado,DUX,141,935,SEM_SUBGRUPO,SEM_SUBGRUPO,True,False,-0.0505,-0.0607,9,1.4222,3.0,Sem relação clara,"nos picos de um, o outro não caiu; variações independentes (corr. -0.05); saem juntos 1.4× o esperado",0.0505,2026-10-04
Creatina Monohidratada,ATLHETICA NUTRITION,Creatina Monohidratada - Creatine,VITAFOR,141,71,SEM_SUBGRUPO,SEM_SUBGRUPO,True,False,-0.0505,-0.0461,16,,0.0,Sem relação clara,"nos picos de um, o outro não caiu; variações independentes (corr. -0.05)",0.0505,2026-10-04
Probiótico - Simfort Plus,VITAFOR,Omegafor Plus,VITAFOR,360,68,SEM_SUBGRUPO,SEM_SUBGRUPO,True,False,0.0264,0.0503,18,1.368,9.0,Sem relação clara,"nos picos de um, o outro perdeu ~5% do ganho; variações independentes (corr. +0.03); saem juntos 1.4× o esperado",0.0503,2026-10-04
Suplemento Alimentar - True Nac,TRUE SOURCE,Whey Fort 3W,VITAFOR,1111,334,SEM_SUBGRUPO,SEM_SUBGRUPO,True,True,-0.05,,0,,0.0,Sem relação clara,variações independentes (corr. -0.05),0.05,2026-10-04
Multivitaminico  - Imunomult- 1000mg,VITAFOR,Whey Isolado - Iso Triple Zero,INTEGRALMEDICA,613,946,SEM_SUBGRUPO,SEM_SUBGRUPO,True,True,-0.0497,,0,,0.0,Sem relação clara,variações independentes (corr. -0.05),0.0497,2026-10-04
Cúrcuma Plus,VITAFOR,Coenzima Q10 + Ômega 3 + Vitamina E,ESSENTIAL,433,534,SEM_SUBGRUPO,SEM_SUBGRUPO,True,False,-0.0492,-0.0948,14,1.5981,3.0,Sem relação clara,"nos picos de um, o outro não caiu; variações independentes (corr. -0.05); saem juntos 1.6× o esperado",0.0492,2026-10-04
"Boraprim - Borragem, Prímula e Gergelim",VITAFOR,Beta Alanina 100%,NUTRATA,396,638,SEM_SUBGRUPO,SEM_SUBGRUPO,True,True,-0.0489,,0,,0.0,Sem relação clara,variações independentes (corr. -0.05),0.0489,2026-10-04
Creatina Monohidratada,DUX,Creatina Monohidratada,OCEAN DROP,486,685,SEM_SUBGRUPO,SEM_SUBGRUPO,True,True,-0.0484,-0.2999,31,,0.0,Sem relação clara,"nos picos de um, o outro não caiu; variações independentes (corr. -0.05)",0.0484,2026-10-04
Ômega 3 - 1360mg,NUTRIFY,Omegafor Plus,VITAFOR,635,68,SEM_SUBGRUPO,SEM_SUBGRUPO,True,False,-0.0482,-0.0438,15,,0.0,Sem relação clara,"nos picos de um, o outro não caiu; variações independentes (corr. -0.05)",0.0482,2026-10-04
Vitamina B9 - Ácido Fólico,PURAVIDA,Complexo B,ESSENTIAL,1237,1339,SEM_SUBGRUPO,SEM_SUBGRUPO,True,True,-0.0482,,0,,0.0,Sem relação clara,variações independentes (corr. -0.05),0.0482,2026-10-04
Prebiótico - Fiber Liv,LAUTON,Glutamina em Pó,NUTRIFY,1528,598,SEM_SUBGRUPO,SEM_SUBGRUPO,True,True,-0.0478,,0,,0.0,Sem relação clara,variações independentes (corr. -0.05),0.0478,2026-10-04
Whey Fort 3W,VITAFOR,Colágeno - Collagen Protein Hidrolisado Berries Silvestres 450g PURAVIDA,PURAVIDA,341,652,SEM_SUBGRUPO,SEM_SUBGRUPO,True,True,-0.0476,,0,,0.0,Sem relação clara,variações independentes (corr. -0.05),0.0476,2026-10-04
Whey Fort 3W,VITAFOR,Ômega 3 EPA DHA,VITAFOR,166,376,SEM_SUBGRUPO,SEM_SUBGRUPO,True,True,-0.0473,,0,,0.0,Sem relação clara,variações independentes (corr. -0.05),0.0473,2026-10-04
Vitamina D - Vita D3,VITAFOR,Whey Protein Concentrado,DUX,395,938,SEM_SUBGRUPO,SEM_SUBGRUPO,True,False,-0.0472,-0.15,4,,0.0,Sem relação clara,"nos picos de um, o outro não caiu; variações independentes (corr. -0.05)",0.0472,2026-10-04
Omegafor Family - Ômega 3,VITAFOR,Própolis Líquido - Gotas,VITAFOR,1247,412,SEM_SUBGRUPO,SEM_SUBGRUPO,True,True,-0.047,,0,,0.0,Sem relação clara,variações independentes (corr. -0.05),0.047,2026-10-04
Ômega 3 - Ultra Caps 1000mg,EQUALIV,Coenzima Q10,OCEAN DROP,1212,681,SEM_SUBGRUPO,SEM_SUBGRUPO,True,True,-0.0469,,0,,0.0,Sem relação clara,variações independentes (corr. -0.05),0.0469,2026-10-04
Achocolatado - Choco Family - Refil,VITAFOR,Achocolatado - Chocoki,ESSENTIAL,528,549,SEM_SUBGRUPO,SEM_SUBGRUPO,True,True,-0.0467,,0,,0.0,Sem relação clara,variações independentes (corr. -0.05),0.0467,2026-10-04
Ômega 3 - EPA DHA - 1000mg,EQUALIV,Creatina Monohidratada,DUX,1215,486,SEM_SUBGRUPO,SEM_SUBGRUPO,True,False,0.0614,0.0466,21,0.7507,4.0,Sem relação clara,"nos picos de um, o outro perdeu ~5% do ganho; variações independentes (corr. +0.06); saem juntos 0.8× o esperado",0.0466,2026-10-04
Colágeno - Collagen Essential Protein,ESSENTIAL,Tasty Whey 3W Gourmet,ADAPTOGEN,1049,948,SEM_SUBGRUPO,SEM_SUBGRUPO,True,True,-0.0465,,0,,0.0,Sem relação clara,variações independentes (corr. -0.05),0.0465,2026-10-04
Vitamina D - Vita D3,VITAFOR,Creatina Monohidratada,DUX,397,486,SEM_SUBGRUPO,SEM_SUBGRUPO,True,False,-0.0458,-0.1075,26,0.943,12.0,Sem relação clara,"nos picos de um, o outro não caiu; variações independentes (corr. -0.05); saem juntos 0.9× o esperado",0.0458,2026-10-04
Whey Tech 100%,ATLHETICA NUTRITION,Coenzima Q10 + Ômega 3 + Vitamina E,ESSENTIAL,453,534,SEM_SUBGRUPO,SEM_SUBGRUPO,True,False,-0.0457,-0.2576,6,3.1834,3.0,Sem relação clara,"nos picos de um, o outro não caiu; variações independentes (corr. -0.05); saem juntos 3.2× o esperado",0.0457,2026-10-04
Refil Whey 100% Pure,INTEGRALMEDICA,Prebiótico,OCEAN DROP,139,696,SEM_SUBGRUPO,SEM_SUBGRUPO,True,True,-0.0456,,0,,0.0,Sem relação clara,variações independentes (corr. -0.05),0.0456,2026-10-04
Probiótico - Simfort Plus,VITAFOR,Vitamina D - Vita D3,VITAFOR,360,395,SEM_SUBGRUPO,SEM_SUBGRUPO,True,False,-0.0456,-0.2424,3,,0.0,Sem relação clara,"nos picos de um, o outro não caiu; variações independentes (corr. -0.05)",0.0456,2026-10-04
Colágeno - Colagentek Protein - Bodybalance,VITAFOR,Ômega 3 EPA DHA,PURAVIDA,439,54,SEM_SUBGRUPO,SEM_SUBGRUPO,True,False,0.0607,0.0456,16,,0.0,Sem relação clara,"nos picos de um, o outro perdeu ~5% do ganho; variações independentes (corr. +0.06)",0.0456,2026-10-04
Coenzima Q10 + Ômega 3 + Vitamina E,ESSENTIAL,Omegafor Plus,VITAFOR,534,69,SEM_SUBGRUPO,SEM_SUBGRUPO,True,False,-0.0455,-0.2727,6,,0.0,Sem relação clara,"nos picos de um, o outro não caiu; variações independentes (corr. -0.05)",0.0455,2026-10-04
NAC + Glycine + Taurine,ESSENTIAL,Vitamina C3 - 1000mg,VITAFOR,1250,348,SEM_SUBGRUPO,SEM_SUBGRUPO,True,True,-0.045,,0,,0.0,Sem relação clara,variações independentes (corr. -0.04),0.045,2026-10-04
Cúrcuma Plus,VITAFOR,Ferro Quelato + Vitamina C,OCEAN DROP,433,697,SEM_SUBGRUPO,SEM_SUBGRUPO,True,True,-0.0449,,0,,0.0,Sem relação clara,variações independentes (corr. -0.04),0.0449,2026-10-04
Aminoácido - Aminovita,VITAFOR,Vitamina C + Zinco - Gomas,OCEAN DROP,379,693,SEM_SUBGRUPO,SEM_SUBGRUPO,True,True,-0.0447,,0,,0.0,Sem relação clara,variações independentes (corr. -0.04),0.0447,2026-10-04
Beta Alanina,VITAFOR,Whey Tech 100%,ATLHETICA NUTRITION,407,453,SEM_SUBGRUPO,SEM_SUBGRUPO,True,False,-0.0447,,0,,0.0,Sem relação clara,variações independentes (corr. -0.04),0.0447,2026-10-04
Creatina Monohidratada,ATLHETICA NUTRITION,Vitamina D - Vita D3,VITAFOR,141,397,SEM_SUBGRUPO,SEM_SUBGRUPO,True,False,0.3401,0.0442,16,0.2756,1.0,Sem relação clara,"nos picos de um, o outro perdeu ~4% do ganho; variações parecidas (corr. +0.34); saem juntos 0.3× o esperado",0.0442,2026-10-04
Refil Whey Concentrado Havanna - W100,NUTRATA,Termogênico - Lipix6,VITAFOR,1159,330,SEM_SUBGRUPO,SEM_SUBGRUPO,True,True,-0.0442,,0,,0.0,Sem relação clara,variações independentes (corr. -0.04),0.0442,2026-10-04
Immuno Whey,ESSENTIAL,Colágeno Collagen Skin,ESSENTIAL,1220,215,SEM_SUBGRUPO,SEM_SUBGRUPO,True,True,-0.0441,,0,,0.0,Sem relação clara,variações independentes (corr. -0.04),0.0441,2026-10-04
Própolis Líquido - Gotas,VITAFOR,Vitamina B12,VITAFOR,412,907,SEM_SUBGRUPO,SEM_SUBGRUPO,True,True,-0.0441,,0,,0.0,Sem relação clara,variações independentes (corr. -0.04),0.0441,2026-10-04
Whey Protein Isolado - Tasty Iso,ADAPTOGEN,Proteína Isolada e Hidrolisada - Body Protein,EQUALIV,1332,522,SEM_SUBGRUPO,SEM_SUBGRUPO,True,True,-0.044,,0,,0.0,Sem relação clara,variações independentes (corr. -0.04),0.044,2026-10-04
Tasty Whey 3W Gourmet,ADAPTOGEN,Isofort Plant (Life Vegan),VITAFOR,109,427,SEM_SUBGRUPO,SEM_SUBGRUPO,True,True,-0.0439,,0,,0.0,Sem relação clara,variações independentes (corr. -0.04),0.0439,2026-10-04
Coenzima Q10 (200mg p/ porção),VITAFOR,Creatina Monohidratada - Creatine,VITAFOR,448,71,SEM_SUBGRUPO,SEM_SUBGRUPO,True,False,-0.0438,-0.2132,10,0.8828,4.0,Sem relação clara,"nos picos de um, o outro não caiu; variações independentes (corr. -0.04); saem juntos 0.9× o esperado",0.0438,2026-10-04
Coenzima Q10 (200mg p/ porção),VITAFOR,Fresh Whey,DUX,448,861,SEM_SUBGRUPO,SEM_SUBGRUPO,True,False,0.0463,0.0435,8,0.5196,1.0,Sem relação clara,"nos picos de um, o outro perdeu ~4% do ganho; variações independentes (corr. +0.05); saem juntos 0.5× o esperado",0.0435,2026-10-04
Simfort fibras,VITAFOR,Própolis Líquido - Gotas,VITAFOR,401,412,SEM_SUBGRUPO,SEM_SUBGRUPO,True,True,-0.0434,,0,,0.0,Sem relação clara,variações independentes (corr. -0.04),0.0434,2026-10-04
Colágeno -  Collagen Gut,ESSENTIAL,Proteína Isolada e Hidrolisada - Body Protein,EQUALIV,1251,520,SEM_SUBGRUPO,SEM_SUBGRUPO,True,True,-0.0429,,0,,0.0,Sem relação clara,variações independentes (corr. -0.04),0.0429,2026-10-04
Creatina - Creafort (Creapure),VITAFOR,Whey Protein Concentrado,DUX,434,940,SEM_SUBGRUPO,SEM_SUBGRUPO,True,False,-0.0428,-0.271,20,0.487,4.0,Sem relação clara,"nos picos de um, o outro não caiu; variações independentes (corr. -0.04); saem juntos 0.5× o esperado",0.0428,2026-10-04
Ômega 3 EPA DHA,PURAVIDA,Creatina Monohidratada - Creatine,VITAFOR,54,71,SEM_SUBGRUPO,SEM_SUBGRUPO,True,False,-0.0421,-0.2245,23,1.0023,4.0,Sem relação clara,"nos picos de um, o outro não caiu; variações independentes (corr. -0.04); saem juntos 1.0× o esperado",0.0421,2026-10-04
Creatina - Creafort (Creapure),VITAFOR,Creatina Monohidratada,OCEAN DROP,434,685,SEM_SUBGRUPO,SEM_SUBGRUPO,True,False,-0.0416,-0.0607,21,,0.0,Sem relação clara,"nos picos de um, o outro não caiu; variações independentes (corr. -0.04)",0.0416,2026-10-04
Colágeno - Collagen Renew Hidrolisado,NUTRIFY,Ômega 3  - 1360mg,NUTRIFY,1095,1660,SEM_SUBGRUPO,SEM_SUBGRUPO,True,True,-0.0415,,0,,0.0,Sem relação clara,variações independentes (corr. -0.04),0.0415,2026-10-04
Whey Tech 100%,ATLHETICA NUTRITION,Ômega 3 EPA DHA,PURAVIDA,453,54,SEM_SUBGRUPO,SEM_SUBGRUPO,True,False,0.0417,0.0408,13,0.6741,1.0,Sem relação clara,"nos picos de um, o outro perdeu ~4% do ganho; variações independentes (corr. +0.04); saem juntos 0.7× o esperado",0.0408,2026-10-04
Coenzima Q10 (200mg p/ porção),VITAFOR,Whey Protein Isolado,DUX,448,941,SEM_SUBGRUPO,SEM_SUBGRUPO,True,False,-0.0405,-0.1935,5,0.6158,2.0,Sem relação clara,"nos picos de um, o outro não caiu; variações independentes (corr. -0.04); saem juntos 0.6× o esperado",0.0405,2026-10-04
Ômega 3 - EPA DHA - 1000mg,EQUALIV,Probiótico - Simfort Plus,VITAFOR,1215,360,SEM_SUBGRUPO,SEM_SUBGRUPO,True,False,-0.0403,-0.1694,8,,0.0,Sem relação clara,"nos picos de um, o outro não caiu; variações independentes (corr. -0.04)",0.0403,2026-10-04
Body Protein Vegano,EQUALIV,Colágeno - Colagentek,VITAFOR,1227,440,SEM_SUBGRUPO,SEM_SUBGRUPO,True,True,-0.04,,0,,0.0,Sem relação clara,variações independentes (corr. -0.04),0.04,2026-10-04
Whey Protein Isolado - Sachê,DUX,Whey 3W -  Sachê,BOLD,1911,1942,SEM_SUBGRUPO,SEM_SUBGRUPO,True,True,-0.0399,,0,,0.0,Sem relação clara,variações independentes (corr. -0.04),0.0399,2026-10-04
Cúrcuma 500mg,OCEAN DROP,Whey - Isocrisp Pouch,VITAFOR,691,906,SEM_SUBGRUPO,SEM_SUBGRUPO,True,True,-0.0397,,0,,0.0,Sem relação clara,variações independentes (corr. -0.04),0.0397,2026-10-04
Tasty Whey 3W Gourmet,ADAPTOGEN,Tasty Whey 3W Gourmet,ADAPTOGEN,1670,947,SEM_SUBGRUPO,SEM_SUBGRUPO,True,True,-0.0395,,0,,0.0,Sem relação clara,variações independentes (corr. -0.04),0.0395,2026-10-04
Ômega 3,TRUE SOURCE,Refil Whey Protein Concentrado,VITAFOR,1499,1673,SEM_SUBGRUPO,SEM_SUBGRUPO,True,True,-0.0394,,0,,0.0,Sem relação clara,variações independentes (corr. -0.04),0.0394,2026-10-04
Vitamina D3,NUTRIFY,Vitamina D3 + K2 Gotas,PURAVIDA,1204,592,SEM_SUBGRUPO,SEM_SUBGRUPO,True,True,-0.0392,,0,,0.0,Sem relação clara,variações independentes (corr. -0.04),0.0392,2026-10-04
Vitamina B12,NUTRIFY,Biotina Plus,LAUTON,614,807,SEM_SUBGRUPO,SEM_SUBGRUPO,True,True,-0.0388,,0,,0.0,Sem relação clara,variações independentes (corr. -0.04),0.0388,2026-10-04
SuperCoffee Língua de gato - Kopenhagen,CAFFEINE ARMY,Suplemento Alimentar - GUARDIAN®,CENTRAL NUTRITION,1384,357,SEM_SUBGRUPO,SEM_SUBGRUPO,True,True,-0.0387,,0,,0.0,Sem relação clara,variações independentes (corr. -0.04),0.0387,2026-10-04
Própolis - Green Própolis,NUTRIFY,Cúrcuma 500mg,OCEAN DROP,1326,691,SEM_SUBGRUPO,SEM_SUBGRUPO,True,True,-0.0385,,0,,0.0,Sem relação clara,variações independentes (corr. -0.04),0.0385,2026-10-04
Colágeno - Colagentek Protein - Bodybalance,VITAFOR,Whey Protein Concentrado,DUX,439,939,SEM_SUBGRUPO,SEM_SUBGRUPO,True,True,-0.0382,-0.0716,7,2.5847,4.0,Sem relação clara,"nos picos de um, o outro não caiu; variações independentes (corr. -0.04); saem juntos 2.6× o esperado",0.0382,2026-10-04
Ferro Plus,VITAFOR,Whey Protein Isolado - Sachê,DUX,1886,1917,SEM_SUBGRUPO,SEM_SUBGRUPO,True,True,-0.0381,,0,,0.0,Sem relação clara,variações independentes (corr. -0.04),0.0381,2026-10-04
Vitamina B9 - Ácido Fólico,PURAVIDA,Óleo de Prímula - 500mg,LAUTON,1237,806,SEM_SUBGRUPO,SEM_SUBGRUPO,True,True,-0.0379,,0,,0.0,Sem relação clara,variações independentes (corr. -0.04),0.0379,2026-10-04
Glutamina em Pó,NUTRIFY,Multivitaminico  - Imunomult- 1000mg,VITAFOR,598,613,SEM_SUBGRUPO,SEM_SUBGRUPO,True,True,-0.0378,,0,,0.0,Sem relação clara,variações independentes (corr. -0.04),0.0378,2026-10-04
Creatina Monohidratada,ATLHETICA NUTRITION,Vitamina D3 + K2,OCEAN DROP,141,706,SEM_SUBGRUPO,SEM_SUBGRUPO,True,True,-0.0378,,0,,0.0,Sem relação clara,variações independentes (corr. -0.04),0.0378,2026-10-04
NAC PRO,DUX,Whey Protein Concentrado - Sachê,MAIS MU,1853,1939,SEM_SUBGRUPO,SEM_SUBGRUPO,True,True,-0.0375,,0,,0.0,Sem relação clara,variações independentes (corr. -0.04),0.0375,2026-10-04
Prebiótico - Fiber Liv,LAUTON,Vitamina B12,NUTRIFY,1528,614,SEM_SUBGRUPO,SEM_SUBGRUPO,True,True,-0.0374,,0,,0.0,Sem relação clara,variações independentes (corr. -0.04),0.0374,2026-10-04
SuperCoffee Língua de gato - Kopenhagen,CAFFEINE ARMY,Fresh Whey,DUX,1384,861,SEM_SUBGRUPO,SEM_SUBGRUPO,True,False,-0.0373,-0.0182,18,0.8534,2.0,Sem relação clara,"nos picos de um, o outro não caiu; variações independentes (corr. -0.04); saem juntos 0.9× o esperado",0.0373,2026-10-04
Melatonina Duo Harmony,ESSENTIAL,Colágeno - Collagen Renew Hidrolisado,NUTRIFY,1107,206,SEM_SUBGRUPO,SEM_SUBGRUPO,True,True,-0.0373,,0,,0.0,Sem relação clara,variações independentes (corr. -0.04),0.0373,2026-10-04
Glutamina,DUX,Omegafor Plus,VITAFOR,474,69,SEM_SUBGRUPO,SEM_SUBGRUPO,True,False,-0.0372,,0,,0.0,Sem relação clara,variações independentes (corr. -0.04),0.0372,2026-10-04
Whey Protein Isolado,DUX,Suplemento Alimentar - GUARDIAN®,CENTRAL NUTRITION,1725,357,SEM_SUBGRUPO,SEM_SUBGRUPO,True,True,-0.037,,0,,0.0,Sem relação clara,variações independentes (corr. -0.04),0.037,2026-10-04
Trio Magnésio 720mg,OCEAN DROP,Whey Protein Concentrado,DUX,711,935,SEM_SUBGRUPO,SEM_SUBGRUPO,True,False,0.1003,0.0368,9,0.5837,1.0,Sem relação clara,"nos picos de um, o outro perdeu ~4% do ganho; variações parecidas (corr. +0.10); saem juntos 0.6× o esperado",0.0368,2026-10-04
Própolis Verde - Propomax,APIS FLORA,Barrinha de Proteína,DUX,1117,899,SEM_SUBGRUPO,SEM_SUBGRUPO,True,True,-0.0366,,0,,0.0,Sem relação clara,variações independentes (corr. -0.04),0.0366,2026-10-04
Ômega 3 EPA DHA,VITAFOR,Ômega 3 Super DHA - BIG N,PURAVIDA,72,925,SEM_SUBGRUPO,SEM_SUBGRUPO,True,False,0.0527,0.0365,9,,0.0,Sem relação clara,"nos picos de um, o outro perdeu ~4% do ganho; variações independentes (corr. +0.05)",0.0365,2026-10-04
Aminoácidos - Aminolift,ESSENTIAL,Colágeno - Colagentek Protein - Bodybalance,VITAFOR,1105,390,SEM_SUBGRUPO,SEM_SUBGRUPO,True,True,-0.0364,,0,,0.0,Sem relação clara,variações independentes (corr. -0.04),0.0364,2026-10-04
Bio Vitamina B12 em gotas,PURAVIDA,Achocolatado - Chocoki,ESSENTIAL,1065,549,SEM_SUBGRUPO,SEM_SUBGRUPO,True,True,-0.0362,,0,,0.0,Sem relação clara,variações independentes (corr. -0.04),0.0362,2026-10-04
Ômega 3 - EPA DHA - 1000mg,EQUALIV,Vitamina D - Vita D3,VITAFOR,1215,395,SEM_SUBGRUPO,SEM_SUBGRUPO,True,False,0.206,0.0357,5,,0.0,Sem relação clara,"nos picos de um, o outro perdeu ~4% do ganho; variações parecidas (corr. +0.21)",0.0357,2026-10-04
Creatina Monohidratada,DUX,Ômega 3 Super DHA - BIG N,PURAVIDA,486,925,SEM_SUBGRUPO,SEM_SUBGRUPO,True,False,-0.0357,-0.2077,22,0.6783,2.0,Sem relação clara,"nos picos de um, o outro não caiu; variações independentes (corr. -0.04); saem juntos 0.7× o esperado",0.0357,2026-10-04
Pasta de Amendoim Granulado,MANDUBIM,Melatonina,OCEAN DROP,1072,705,SEM_SUBGRUPO,SEM_SUBGRUPO,True,True,-0.0354,,0,,0.0,Sem relação clara,variações independentes (corr. -0.04),0.0354,2026-10-04
Ômega 3,TRUE SOURCE,L-Carnitina 530mg,VITAFOR,1498,386,SEM_SUBGRUPO,SEM_SUBGRUPO,True,True,-0.0354,,0,,0.0,Sem relação clara,variações independentes (corr. -0.04),0.0354,2026-10-04
Ômega 3 EPA DHA,VITAFOR,Whey Protein Isolado,DUX,77,941,SEM_SUBGRUPO,SEM_SUBGRUPO,True,False,-0.0348,-0.3226,9,,0.0,Sem relação clara,"nos picos de um, o outro não caiu; variações independentes (corr. -0.03)",0.0348,2026-10-04
Resveratrol Plus - 165mg,VITAFOR,Whey Protein Isolado,DUX,373,941,SEM_SUBGRUPO,SEM_SUBGRUPO,True,True,-0.0348,,0,0.5259,1.0,Sem relação clara,variações independentes (corr. -0.03); saem juntos 0.5× o esperado,0.0348,2026-10-04
Complexo B - Bio Vit.B+,PURAVIDA,Gel Nitrato,DOBRO,1347,756,SEM_SUBGRUPO,SEM_SUBGRUPO,True,True,-0.0346,,0,,0.0,Sem relação clara,variações independentes (corr. -0.03),0.0346,2026-10-04
Glutamina,DUX,Whey Protein Concentrado,DUX,474,939,SEM_SUBGRUPO,SEM_SUBGRUPO,True,False,0.1105,0.0345,4,0.9,1.0,Sem relação clara,"nos picos de um, o outro perdeu ~3% do ganho; variações parecidas (corr. +0.11); saem juntos 0.9× o esperado",0.0345,2026-10-04
Enzimas Enzyfor,VITAFOR,Matchá - Chá Verde em Pó,OCEAN DROP,410,714,SEM_SUBGRUPO,SEM_SUBGRUPO,True,True,-0.0344,,0,,0.0,Sem relação clara,variações independentes (corr. -0.03),0.0344,2026-10-04
Coenzima Q10 - (100mg p/ porção),VITAFOR,Ferro Quelato + Vitamina C,OCEAN DROP,451,697,SEM_SUBGRUPO,SEM_SUBGRUPO,True,True,-0.0343,,0,,0.0,Sem relação clara,variações independentes (corr. -0.03),0.0343,2026-10-04
Bio Ferro,PURAVIDA,Ômega 3 - 1360mg,NUTRIFY,1069,635,SEM_SUBGRUPO,SEM_SUBGRUPO,True,False,-0.0341,,0,,0.0,Sem relação clara,variações independentes (corr. -0.03),0.0341,2026-10-04
Ômega 3 - EPA DHA - 1000mg,EQUALIV,Whey Protein Isolado,DUX,1215,941,SEM_SUBGRUPO,SEM_SUBGRUPO,True,False,0.0677,0.034,10,,0.0,Sem relação clara,"nos picos de um, o outro perdeu ~3% do ganho; variações independentes (corr. +0.07)",0.034,2026-10-04
Vitamina D - Vita D3,VITAFOR,Beta Alanina,VITAFOR,395,407,SEM_SUBGRUPO,SEM_SUBGRUPO,True,False,-0.0338,,0,,0.0,Sem relação clara,variações independentes (corr. -0.03),0.0338,2026-10-04
Bio Ferro,PURAVIDA,Whey Protein Concentrado,DUX,1069,938,SEM_SUBGRUPO,SEM_SUBGRUPO,True,False,0.0463,0.0333,4,,0.0,Sem relação clara,"nos picos de um, o outro perdeu ~3% do ganho; variações independentes (corr. +0.05)",0.0333,2026-10-04
Ômega 3 - EPA DHA - 1000mg,EQUALIV,Fresh Whey,DUX,1215,861,SEM_SUBGRUPO,SEM_SUBGRUPO,True,False,0.0629,0.0331,13,0.9736,1.0,Sem relação clara,"nos picos de um, o outro perdeu ~3% do ganho; variações independentes (corr. +0.06); saem juntos 1.0× o esperado",0.0331,2026-10-04
Colágeno - Colagentek,VITAFOR,Creatina Monohidratada,NUTRATA,443,536,SEM_SUBGRUPO,SEM_SUBGRUPO,True,True,-0.0327,,0,,0.0,Sem relação clara,variações independentes (corr. -0.03),0.0327,2026-10-04
Ômega 3,TRUE SOURCE,Creatina 100% Pure,TRUE SOURCE,1499,82,SEM_SUBGRUPO,SEM_SUBGRUPO,True,True,-0.0327,,0,,0.0,Sem relação clara,variações independentes (corr. -0.03),0.0327,2026-10-04
SuperCoffee,CAFFEINE ARMY,Morning Shot - Imunidade,SUBLYME,1827,781,SEM_SUBGRUPO,SEM_SUBGRUPO,True,True,-0.0326,,0,,0.0,Sem relação clara,variações independentes (corr. -0.03),0.0326,2026-10-04
Gold Whey Concentrado Refil,ADAPTOGEN,Sleep,KOALA,112,800,SEM_SUBGRUPO,SEM_SUBGRUPO,True,True,-0.0326,,0,,0.0,Sem relação clara,variações independentes (corr. -0.03),0.0326,2026-10-04
Probiótico - Simfort Plus,VITAFOR,Fresh Whey,DUX,402,861,SEM_SUBGRUPO,SEM_SUBGRUPO,True,False,0.0764,0.0326,8,0.6005,1.0,Sem relação clara,"nos picos de um, o outro perdeu ~3% do ganho; variações independentes (corr. +0.08); saem juntos 0.6× o esperado",0.0326,2026-10-04
Colágeno - Colagentek,VITAFOR,Ômega 3 EPA DHA,VITAFOR,444,77,SEM_SUBGRUPO,SEM_SUBGRUPO,True,True,-0.0325,,0,,0.0,Sem relação clara,variações independentes (corr. -0.03),0.0325,2026-10-04
Melatonina Duo,ESSENTIAL,Própolis Verde - Propomax,APIS FLORA,1106,1117,SEM_SUBGRUPO,SEM_SUBGRUPO,True,True,-0.0323,,0,,0.0,Sem relação clara,variações independentes (corr. -0.03),0.0323,2026-10-04
Omegafor Plus,VITAFOR,Whey Protein Isolado,DUX,375,943,SEM_SUBGRUPO,SEM_SUBGRUPO,True,False,0.2804,0.0323,3,,0.0,Sem relação clara,"nos picos de um, o outro perdeu ~3% do ganho; variações parecidas (corr. +0.28)",0.0323,2026-10-04
Vitamina B12,LAUTON,Beta Alanina 100%,NUTRATA,629,638,SEM_SUBGRUPO,SEM_SUBGRUPO,True,True,-0.0322,,0,,0.0,Sem relação clara,variações independentes (corr. -0.03),0.0322,2026-10-04
Palatinose,VITAFOR,Bio Zinco,PURAVIDA,374,619,SEM_SUBGRUPO,SEM_SUBGRUPO,True,True,-0.0322,,0,,0.0,Sem relação clara,variações independentes (corr. -0.03),0.0322,2026-10-04
Vitamina - Good Mood,NUTRIFY,Shot Matinal,OCEAN DROP,616,698,SEM_SUBGRUPO,SEM_SUBGRUPO,True,True,-0.0321,,0,,0.0,Sem relação clara,variações independentes (corr. -0.03),0.0321,2026-10-04
Refil Whey Protein Concentrado,VITAFOR,Magnésio - Inositol Relief 3.0,TRUE SOURCE,1673,987,SEM_SUBGRUPO,SEM_SUBGRUPO,True,True,-0.0318,,0,,0.0,Sem relação clara,variações independentes (corr. -0.03),0.0318,2026-10-04
Omegafor Plus,VITAFOR,Whey Tech 100%,ATLHETICA NUTRITION,375,453,SEM_SUBGRUPO,SEM_SUBGRUPO,True,False,-0.0318,,0,,0.0,Sem relação clara,variações independentes (corr. -0.03),0.0318,2026-10-04
BT Nitrato 400,DOBRO,Glutamina em Pó,NUTRIFY,480,598,SEM_SUBGRUPO,SEM_SUBGRUPO,True,True,-0.0315,,0,,0.0,Sem relação clara,variações independentes (corr. -0.03),0.0315,2026-10-04
Colágeno - Collagen Essential Protein,ESSENTIAL,Glutamina em Pó,PURAVIDA,1050,647,SEM_SUBGRUPO,SEM_SUBGRUPO,True,True,-0.031,,0,,0.0,Sem relação clara,variações independentes (corr. -0.03),0.031,2026-10-04
Creatina 100%,NUTRIFY,Super Ômega 3,ESSENTIAL,1097,1252,SEM_SUBGRUPO,SEM_SUBGRUPO,True,True,-0.0309,,0,,0.0,Sem relação clara,variações independentes (corr. -0.03),0.0309,2026-10-04
Whey - Isocrisp Pouch,VITAFOR,Ômega 3 Super DHA - BIG N,PURAVIDA,906,925,SEM_SUBGRUPO,SEM_SUBGRUPO,True,True,-0.0309,,0,,0.0,Sem relação clara,variações independentes (corr. -0.03),0.0309,2026-10-04
Pré-treino - Energyzer & focus,TRUE SOURCE,Glutamina - Glutamax Refil,VITAFOR,1110,422,SEM_SUBGRUPO,SEM_SUBGRUPO,True,True,-0.0309,,0,,0.0,Sem relação clara,variações independentes (corr. -0.03),0.0309,2026-10-04
Whey Protein Isolado - Tasty Iso,ADAPTOGEN,Whey Fort 3W,VITAFOR,1333,342,SEM_SUBGRUPO,SEM_SUBGRUPO,True,True,-0.0307,,0,,0.0,Sem relação clara,variações independentes (corr. -0.03),0.0307,2026-10-04
Simfort Femme,VITAFOR,Proteína - Isocrisp Plant Pouch,VITAFOR,1449,905,SEM_SUBGRUPO,SEM_SUBGRUPO,True,True,-0.0305,,0,,0.0,Sem relação clara,variações independentes (corr. -0.03),0.0305,2026-10-04
Omegafor Plus,VITAFOR,Coenzima Q10 + Ômega 3 + Vitamina E,ESSENTIAL,375,534,SEM_SUBGRUPO,SEM_SUBGRUPO,True,False,0.0796,0.0303,6,0.7729,1.0,Sem relação clara,"nos picos de um, o outro perdeu ~3% do ganho; variações independentes (corr. +0.08); saem juntos 0.8× o esperado",0.0303,2026-10-04
Beta Alanina,VITAFOR,Coenzima Q10 + Ômega 3 + Vitamina E,ESSENTIAL,407,534,SEM_SUBGRUPO,SEM_SUBGRUPO,True,True,0.1373,0.0303,6,1.337,1.0,Sem relação clara,"nos picos de um, o outro perdeu ~3% do ganho; variações parecidas (corr. +0.14); saem juntos 1.3× o esperado",0.0303,2026-10-04
Colágeno - Colagentek II,VITAFOR,Magnésio Inositol,EQUALIV,1781,991,SEM_SUBGRUPO,SEM_SUBGRUPO,True,True,-0.0302,,0,,0.0,Sem relação clara,variações independentes (corr. -0.03),0.0302,2026-10-04
Pré-Treino - Beta Action,ESSENTIAL,Whey Fort 3W,VITAFOR,1248,342,SEM_SUBGRUPO,SEM_SUBGRUPO,True,True,-0.0301,,0,,0.0,Sem relação clara,variações independentes (corr. -0.03),0.0301,2026-10-04
Beta Alanina,VITAFOR,Omegafor Plus,VITAFOR,407,69,SEM_SUBGRUPO,SEM_SUBGRUPO,True,False,-0.0301,,0,,0.0,Sem relação clara,variações independentes (corr. -0.03),0.0301,2026-10-04
Colágeno - Colagentek Protein - Bodybalance,VITAFOR,Whey hidrolisado e isolado,TRUE SOURCE,1452,87,SEM_SUBGRUPO,SEM_SUBGRUPO,True,True,-0.03,,0,,0.0,Sem relação clara,variações independentes (corr. -0.03),0.03,2026-10-04
Fresh Whey,DUX,Cúrcuma 500mg,OCEAN DROP,1491,691,SEM_SUBGRUPO,SEM_SUBGRUPO,True,True,-0.0298,,0,,0.0,Sem relação clara,variações independentes (corr. -0.03),0.0298,2026-10-04
Ômega Golden,ESSENTIAL,Termogênico - Lipix6,VITAFOR,1010,330,SEM_SUBGRUPO,SEM_SUBGRUPO,True,True,-0.0298,,0,,0.0,Sem relação clara,variações independentes (corr. -0.03),0.0298,2026-10-04
Omegafor Plus,VITAFOR,Ômega 3 - 1360mg,NUTRIFY,375,635,SEM_SUBGRUPO,SEM_SUBGRUPO,True,False,-0.0289,,0,,0.0,Sem relação clara,variações independentes (corr. -0.03),0.0289,2026-10-04
Granola,KOBBER,Creatina Monohidratada,MAX TITANIUM,1146,999,SEM_SUBGRUPO,SEM_SUBGRUPO,True,True,-0.0286,,0,,0.0,Sem relação clara,variações independentes (corr. -0.03),0.0286,2026-10-04
Ômega 3 EPA DHA,VITAFOR,Whey Protein Concentrado,DUX,72,938,SEM_SUBGRUPO,SEM_SUBGRUPO,True,True,-0.0286,-0.3061,7,0.5363,3.0,Sem relação clara,"nos picos de um, o outro não caiu; variações independentes (corr. -0.03); saem juntos 0.5× o esperado",0.0286,2026-10-04
Bio Ferro,PURAVIDA,Ômega 3 EPA DHA,VITAFOR,1069,72,SEM_SUBGRUPO,SEM_SUBGRUPO,True,False,0.0329,0.0286,3,,0.0,Sem relação clara,"nos picos de um, o outro perdeu ~3% do ganho; variações independentes (corr. +0.03)",0.0286,2026-10-04
Bio Ferro,PURAVIDA,Colágeno - Colagentek Protein - Bodybalance,VITAFOR,1069,439,SEM_SUBGRUPO,SEM_SUBGRUPO,True,False,-0.0284,0.0,3,,0.0,Sem relação clara,"nos picos de um, o outro não caiu; variações independentes (corr. -0.03)",0.0284,2026-10-04
SuperCoffee Língua de gato - Kopenhagen,CAFFEINE ARMY,Whey Protein Concentrado,DUX,1384,2,SEM_SUBGRUPO,SEM_SUBGRUPO,True,False,-0.0283,-0.1183,10,,0.0,Sem relação clara,"nos picos de um, o outro não caiu; variações independentes (corr. -0.03)",0.0283,2026-10-04
Creatina Monohidratada,DUX,Psyllium,OCEAN DROP,486,704,SEM_SUBGRUPO,SEM_SUBGRUPO,True,False,0.1466,0.0282,19,0.7213,5.0,Sem relação clara,"nos picos de um, o outro perdeu ~3% do ganho; variações parecidas (corr. +0.15); saem juntos 0.7× o esperado",0.0282,2026-10-04
Whey Protein - Isofort Beauty,VITAFOR,Whey hidrolisado e isolado Creme Broule 837g TRUE SOURCE,TRUE SOURCE,1199,89,SEM_SUBGRUPO,SEM_SUBGRUPO,True,True,-0.028,,0,,0.0,Sem relação clara,variações independentes (corr. -0.03),0.028,2026-10-04
Colágeno - Colagentek Protein - Bodybalance,VITAFOR,Omegafor Plus,VITAFOR,439,68,SEM_SUBGRUPO,SEM_SUBGRUPO,True,False,0.0266,0.0279,18,0.7899,4.0,Sem relação clara,"nos picos de um, o outro perdeu ~3% do ganho; variações independentes (corr. +0.03); saem juntos 0.8× o esperado",0.0279,2026-10-04
100% Whey Pure,INTEGRALMEDICA,Ômega 3 Pulse,PURAVIDA,170,546,SEM_SUBGRUPO,SEM_SUBGRUPO,True,True,-0.0277,,0,,0.0,Sem relação clara,variações independentes (corr. -0.03),0.0277,2026-10-04
Colágeno - Collagen Essential Protein,ESSENTIAL,Tasty Whey 3W Gourmet,ADAPTOGEN,1049,107,SEM_SUBGRUPO,SEM_SUBGRUPO,True,True,-0.0276,,0,,0.0,Sem relação clara,variações independentes (corr. -0.03),0.0276,2026-10-04
Colágeno - Colagentek,VITAFOR,Extrato de Laranja Moro 400mg,OCEAN DROP,444,700,SEM_SUBGRUPO,SEM_SUBGRUPO,True,True,-0.0272,,0,,0.0,Sem relação clara,variações independentes (corr. -0.03),0.0272,2026-10-04
Colágeno - Collagen Renew Hidrolisado,NUTRIFY,Arginofor -  L-Arginina,VITAFOR,1095,385,SEM_SUBGRUPO,SEM_SUBGRUPO,True,True,-0.027,,0,,0.0,Sem relação clara,variações independentes (corr. -0.03),0.027,2026-10-04
Ômega 3 - EPA DHA - 1000mg,EQUALIV,Ômega 3 EPA DHA,VITAFOR,1215,72,SEM_SUBGRUPO,SEM_SUBGRUPO,True,False,-0.0269,-0.0522,8,,0.0,Sem relação clara,"nos picos de um, o outro não caiu; variações independentes (corr. -0.03)",0.0269,2026-10-04
Creatina - Creafort (Creapure),VITAFOR,Whey Protein Concentrado,DUX,434,939,SEM_SUBGRUPO,SEM_SUBGRUPO,True,True,-0.0267,-0.0905,10,1.6642,7.0,Sem relação clara,"nos picos de um, o outro não caiu; variações independentes (corr. -0.03); saem juntos 1.7× o esperado",0.0267,2026-10-04
Coenzima Q10,PURAVIDA,Creatina,INTEGRALMEDICA,623,783,SEM_SUBGRUPO,SEM_SUBGRUPO,True,True,-0.0266,,0,,0.0,Sem relação clara,variações independentes (corr. -0.03),0.0266,2026-10-04
Coenzima Q10 (200mg p/ porção),VITAFOR,SuperCoffee,CAFFEINE ARMY,448,465,SEM_SUBGRUPO,SEM_SUBGRUPO,True,True,-0.0265,,0,,0.0,Sem relação clara,variações independentes (corr. -0.03),0.0265,2026-10-04
Creatina Monohidratada,OCEAN DROP,Ômega 3 EPA DHA,VITAFOR,685,72,SEM_SUBGRUPO,SEM_SUBGRUPO,True,False,-0.0263,-0.4003,18,1.5296,8.0,Sem relação clara,"nos picos de um, o outro não caiu; variações independentes (corr. -0.03); saem juntos 1.5× o esperado",0.0263,2026-10-04
Cúrcuma Plus,VITAFOR,Coenzima Q10 (200mg p/ porção),VITAFOR,433,448,SEM_SUBGRUPO,SEM_SUBGRUPO,True,False,-0.026,-0.0636,8,6.2597,21.0,Sem relação clara,"nos picos de um, o outro não caiu; variações independentes (corr. -0.03); saem juntos 6.3× o esperado",0.026,2026-10-04
Melatonina - Ydrosolv,YOSEN,Whey Isolado e Hidrolisado - H.I Whey,ESSENTIAL,1137,37,SEM_SUBGRUPO,SEM_SUBGRUPO,True,True,-0.0259,,0,,0.0,Sem relação clara,variações independentes (corr. -0.03),0.0259,2026-10-04
Colágeno - Collagen Renew Hidrolisado,NUTRIFY,Melatonina em Gotas,VITAFOR,207,378,SEM_SUBGRUPO,SEM_SUBGRUPO,True,True,-0.0257,,0,,0.0,Sem relação clara,variações independentes (corr. -0.03),0.0257,2026-10-04
Whey Fort 3W,VITAFOR,Proteína Isolada e Hidrolisada - Body Protein,EQUALIV,341,520,SEM_SUBGRUPO,SEM_SUBGRUPO,True,True,-0.0253,,0,,0.0,Sem relação clara,variações independentes (corr. -0.03),0.0253,2026-10-04
Coenzima Q10 - (100mg p/ porção),VITAFOR,Morning Shot - Imunidade,SUBLYME,451,455,SEM_SUBGRUPO,SEM_SUBGRUPO,True,True,-0.0252,,0,3.1235,1.0,Sem relação clara,variações independentes (corr. -0.03); saem juntos 3.1× o esperado,0.0252,2026-10-04
Creatina - Creafort (Creapure),VITAFOR,Glutamina,DUX,434,474,SEM_SUBGRUPO,SEM_SUBGRUPO,True,False,0.0258,0.025,6,0.5406,1.0,Sem relação clara,"nos picos de um, o outro perdeu ~3% do ganho; variações independentes (corr. +0.03); saem juntos 0.5× o esperado",0.025,2026-10-04
Colágeno - Collagen Renew Hidrolisado,NUTRIFY,Glutamina - Glutamax,VITAFOR,1093,406,SEM_SUBGRUPO,SEM_SUBGRUPO,True,True,-0.0248,,0,,0.0,Sem relação clara,variações independentes (corr. -0.02),0.0248,2026-10-04
Creatina - Creafort (Creapure),VITAFOR,Ômega 3 EPA DHA,VITAFOR,434,77,SEM_SUBGRUPO,SEM_SUBGRUPO,True,False,0.1211,0.0248,10,0.2132,1.0,Sem relação clara,"nos picos de um, o outro perdeu ~2% do ganho; variações parecidas (corr. +0.12); saem juntos 0.2× o esperado",0.0248,2026-10-04
Cúrcuma Plus,VITAFOR,Trio Magnésio 720mg,OCEAN DROP,433,711,SEM_SUBGRUPO,SEM_SUBGRUPO,True,False,-0.0247,-0.156,14,2.3278,7.0,Sem relação clara,"nos picos de um, o outro não caiu; variações independentes (corr. -0.02); saem juntos 2.3× o esperado",0.0247,2026-10-04
Omegafor Plus,VITAFOR,Whey Protein Concentrado,DUX,375,936,SEM_SUBGRUPO,SEM_SUBGRUPO,True,False,-0.0243,-0.1841,14,0.1992,1.0,Sem relação clara,"nos picos de um, o outro não caiu; variações independentes (corr. -0.02); saem juntos 0.2× o esperado",0.0243,2026-10-04
Creatina Monohidratada,ATLHETICA NUTRITION,Vitamina D - Vita D3,VITAFOR,141,395,SEM_SUBGRUPO,SEM_SUBGRUPO,True,False,-0.0241,-0.0103,6,,0.0,Sem relação clara,"nos picos de um, o outro não caiu; variações independentes (corr. -0.02)",0.0241,2026-10-04
Suplemento Alimentar - GUARDIAN®,CENTRAL NUTRITION,Whey Protein Isolado,DUX,356,943,SEM_SUBGRUPO,SEM_SUBGRUPO,True,True,-0.024,,0,,0.0,Sem relação clara,variações independentes (corr. -0.02),0.024,2026-10-04
Simfort Ultra,VITAFOR,Proteína - Isocrisp Plant Pouch,VITAFOR,1711,905,SEM_SUBGRUPO,SEM_SUBGRUPO,True,True,-0.024,,0,,0.0,Sem relação clara,variações independentes (corr. -0.02),0.024,2026-10-04
Creatina Monohidratada - Hardcore,INTEGRALMEDICA,Glutamina,DUX,134,474,SEM_SUBGRUPO,SEM_SUBGRUPO,True,True,-0.0237,,0,,0.0,Sem relação clara,variações independentes (corr. -0.02),0.0237,2026-10-04
Ômega 3 - EPA DHA - 1000mg,EQUALIV,Vitamina D - Vita D3,VITAFOR,1215,397,SEM_SUBGRUPO,SEM_SUBGRUPO,True,False,0.0977,0.0234,15,1.1398,2.0,Sem relação clara,"nos picos de um, o outro perdeu ~2% do ganho; variações independentes (corr. +0.10); saem juntos 1.1× o esperado",0.0234,2026-10-04
Sleep,KOALA,Creatina Monohidratada,PURAVIDA,1128,1484,SEM_SUBGRUPO,SEM_SUBGRUPO,True,True,-0.0233,,0,,0.0,Sem relação clara,variações independentes (corr. -0.02),0.0233,2026-10-04
Colágeno Hidrolisado - Collagen Pro 18g,NUTRIFY,Multivitaminico - Imunomult- 1000mg,VITAFOR,209,424,SEM_SUBGRUPO,SEM_SUBGRUPO,True,True,-0.0232,,0,,0.0,Sem relação clara,variações independentes (corr. -0.02),0.0232,2026-10-04
Ferro Plus,VITAFOR,Whey 3W -  Sachê,BOLD,1886,1942,SEM_SUBGRUPO,SEM_SUBGRUPO,True,True,-0.0232,,0,,0.0,Sem relação clara,variações independentes (corr. -0.02),0.0232,2026-10-04
Vitamina D - Vita D3,VITAFOR,Creatina - Creafort (Creapure),VITAFOR,397,434,SEM_SUBGRUPO,SEM_SUBGRUPO,True,False,0.03,0.0229,16,0.5538,3.0,Sem relação clara,"nos picos de um, o outro perdeu ~2% do ganho; variações independentes (corr. +0.03); saem juntos 0.6× o esperado",0.0229,2026-10-04
Ômega 3 EPA DHA,PURAVIDA,Trio Magnésio 720mg,OCEAN DROP,54,711,SEM_SUBGRUPO,SEM_SUBGRUPO,True,False,-0.0229,-0.3415,19,1.964,4.0,Sem relação clara,"nos picos de um, o outro não caiu; variações independentes (corr. -0.02); saem juntos 2.0× o esperado",0.0229,2026-10-04
SuperCoffee,CAFFEINE ARMY,Whey Protein Concentrado,DUX,1827,2,SEM_SUBGRUPO,SEM_SUBGRUPO,True,True,-0.0228,,0,,0.0,Sem relação clara,variações independentes (corr. -0.02),0.0228,2026-10-04
Glutamina Isolates,INTEGRALMEDICA,Melatonina,OCEAN DROP,487,705,SEM_SUBGRUPO,SEM_SUBGRUPO,True,True,-0.0227,,0,,0.0,Sem relação clara,variações independentes (corr. -0.02),0.0227,2026-10-04
Immuno Whey,ESSENTIAL,Aminoácido - Aminovita,VITAFOR,1220,381,SEM_SUBGRUPO,SEM_SUBGRUPO,True,True,-0.0225,,0,,0.0,Sem relação clara,variações independentes (corr. -0.02),0.0225,2026-10-04
Magnésio Plus - 350mg,VITAFOR,Enzimas Enzyfor,VITAFOR,382,410,SEM_SUBGRUPO,SEM_SUBGRUPO,True,True,-0.0223,,0,,0.0,Sem relação clara,variações independentes (corr. -0.02),0.0223,2026-10-04
Whey Tech 100%,ATLHETICA NUTRITION,Omegafor Plus,VITAFOR,453,68,SEM_SUBGRUPO,SEM_SUBGRUPO,True,False,0.1584,0.0219,15,0.3667,2.0,Sem relação clara,"nos picos de um, o outro perdeu ~2% do ganho; variações parecidas (corr. +0.16); saem juntos 0.4× o esperado",0.0219,2026-10-04
Pré-Treino - Beta Action,ESSENTIAL,Whey Fort 3W,VITAFOR,1248,341,SEM_SUBGRUPO,SEM_SUBGRUPO,True,True,-0.0215,,0,,0.0,Sem relação clara,variações independentes (corr. -0.02),0.0215,2026-10-04
Própolis - Green Própolis,NUTRIFY,Melatonina Fast,EQUALIV,1326,992,SEM_SUBGRUPO,SEM_SUBGRUPO,True,True,-0.0214,,0,,0.0,Sem relação clara,variações independentes (corr. -0.02),0.0214,2026-10-04
Colágeno - Collagen Renew Hidrolisado,NUTRIFY,Glutamina - Glutamax Refil,VITAFOR,1093,422,SEM_SUBGRUPO,SEM_SUBGRUPO,True,True,-0.0213,,0,,0.0,Sem relação clara,variações independentes (corr. -0.02),0.0213,2026-10-04
Glutamina - Glutamax Refil,VITAFOR,Morning Shot - Imunidade,SUBLYME,422,781,SEM_SUBGRUPO,SEM_SUBGRUPO,True,True,-0.0211,,0,,0.0,Sem relação clara,variações independentes (corr. -0.02),0.0211,2026-10-04
Whey Protein Isolado - Isofort,VITAFOR,Creatina - Creafort (Creapure),VITAFOR,74,871,SEM_SUBGRUPO,SEM_SUBGRUPO,True,True,-0.0211,,0,,0.0,Sem relação clara,variações independentes (corr. -0.02),0.0211,2026-10-04
Whey Protein Isolado - Sachê,DUX,Barrinha de Proteína,DUX,1913,901,SEM_SUBGRUPO,SEM_SUBGRUPO,True,True,-0.021,,0,,0.0,Sem relação clara,variações independentes (corr. -0.02),0.021,2026-10-04
Colágeno - Collagen Essential Protein,ESSENTIAL,Whey Fort 3W,VITAFOR,1048,166,SEM_SUBGRUPO,SEM_SUBGRUPO,True,True,-0.0209,,0,,0.0,Sem relação clara,variações independentes (corr. -0.02),0.0209,2026-10-04
Creatina 100%,NUTRIFY,Palatinose,VITAFOR,1092,374,SEM_SUBGRUPO,SEM_SUBGRUPO,True,True,-0.0208,,0,,0.0,Sem relação clara,variações independentes (corr. -0.02),0.0208,2026-10-04
Refil Whey Concentrado - W100,NUTRATA,Suplemento Alimentar - GUARDIAN®,CENTRAL NUTRITION,1158,356,SEM_SUBGRUPO,SEM_SUBGRUPO,True,True,-0.0208,,0,,0.0,Sem relação clara,variações independentes (corr. -0.02),0.0208,2026-10-04
Bom Ciclo,CENTRAL NUTRITION,Laranja Moro,LAUTON,336,957,SEM_SUBGRUPO,SEM_SUBGRUPO,True,True,-0.0205,,0,,0.0,Sem relação clara,variações independentes (corr. -0.02),0.0205,2026-10-04
Tasty Whey 3W Gourmet,ADAPTOGEN,Creatina Monohidratada,EQUALIV,109,1228,SEM_SUBGRUPO,SEM_SUBGRUPO,True,True,-0.0203,,0,,0.0,Sem relação clara,variações independentes (corr. -0.02),0.0203,2026-10-04
Suplemento de Magnésio - Blue Calm,PURAVIDA,Fresh Whey,DUX,1239,1415,SEM_SUBGRUPO,SEM_SUBGRUPO,True,True,-0.0202,,0,,0.0,Sem relação clara,variações independentes (corr. -0.02),0.0202,2026-10-04
Vitamina B12,LAUTON,Vitamina B12,OCEAN DROP,629,707,SEM_SUBGRUPO,SEM_SUBGRUPO,True,True,-0.02,,0,,0.0,Sem relação clara,variações independentes (corr. -0.02),0.02,2026-10-04
Colágeno - Collagen Essential Protein,ESSENTIAL,Creatina,ADAPTOGEN,1052,83,SEM_SUBGRUPO,SEM_SUBGRUPO,True,True,-0.02,,0,,0.0,Sem relação clara,variações independentes (corr. -0.02),0.02,2026-10-04
Creatina Monohidratada - Creatine,VITAFOR,Whey Protein Isolado,DUX,71,943,SEM_SUBGRUPO,SEM_SUBGRUPO,True,False,0.0375,0.02,13,0.3,1.0,Sem relação clara,"nos picos de um, o outro perdeu ~2% do ganho; variações independentes (corr. +0.04); saem juntos 0.3× o esperado",0.02,2026-10-04
Refil Whey 100% Pure,INTEGRALMEDICA,Suplemento Alimentar - Alpha Mater,PURAVIDA,139,932,SEM_SUBGRUPO,SEM_SUBGRUPO,True,True,-0.0198,,0,,0.0,Sem relação clara,variações independentes (corr. -0.02),0.0198,2026-10-04
Probióticos em Pó - Simfort,VITAFOR,Proteína - Isocrisp Plant Pouch,VITAFOR,361,905,SEM_SUBGRUPO,SEM_SUBGRUPO,True,True,-0.0195,,0,,0.0,Sem relação clara,variações independentes (corr. -0.02),0.0195,2026-10-04
Whey Protein - Isofort Beauty,VITAFOR,Multivitaminico - Imunomult- 1000mg,VITAFOR,1200,424,SEM_SUBGRUPO,SEM_SUBGRUPO,True,True,-0.0194,,0,,0.0,Sem relação clara,variações independentes (corr. -0.02),0.0194,2026-10-04
Aminoácidos - Aminolift,ESSENTIAL,Aminoácidos - Aminnu EAAs,CENTRAL NUTRITION,1105,331,SEM_SUBGRUPO,SEM_SUBGRUPO,True,True,-0.0192,,0,,0.0,Sem relação clara,variações independentes (corr. -0.02),0.0192,2026-10-04
Vitamina D3,NUTRIFY,Biotina Plus,LAUTON,1204,807,SEM_SUBGRUPO,SEM_SUBGRUPO,True,True,-0.019,,0,,0.0,Sem relação clara,variações independentes (corr. -0.02),0.019,2026-10-04
Colágeno - Collagen Renew Hidrolisado,NUTRIFY,Tasty Whey 3W Gourmet,ADAPTOGEN,206,947,SEM_SUBGRUPO,SEM_SUBGRUPO,True,True,-0.0187,,0,,0.0,Sem relação clara,variações independentes (corr. -0.02),0.0187,2026-10-04
Complexo B,ESSENTIAL,Maca Peruana,OCEAN DROP,1339,1656,SEM_SUBGRUPO,SEM_SUBGRUPO,True,True,-0.0186,,0,,0.0,Sem relação clara,variações independentes (corr. -0.02),0.0186,2026-10-04
Omegafor Plus,VITAFOR,Whey Protein Concentrado,DUX,68,935,SEM_SUBGRUPO,SEM_SUBGRUPO,True,False,-0.0185,-0.1004,18,1.2925,8.0,Sem relação clara,"nos picos de um, o outro não caiu; variações independentes (corr. -0.02); saem juntos 1.3× o esperado",0.0185,2026-10-04
Creatina Monohidratada (Creapure),NUTRIFY,Whey Protein Concentrado,DUX,44,936,SEM_SUBGRUPO,SEM_SUBGRUPO,True,True,-0.0183,,0,,0.0,Sem relação clara,variações independentes (corr. -0.02),0.0183,2026-10-04
Própolis - Green Própolis,NUTRIFY,Termogênico - Lipix6,VITAFOR,1326,726,SEM_SUBGRUPO,SEM_SUBGRUPO,True,True,-0.0183,,0,,0.0,Sem relação clara,variações independentes (corr. -0.02),0.0183,2026-10-04
Omegafor Plus,VITAFOR,Trio Magnésio 720mg,OCEAN DROP,68,711,SEM_SUBGRUPO,SEM_SUBGRUPO,True,False,-0.0181,-0.1916,21,1.469,11.0,Sem relação clara,"nos picos de um, o outro não caiu; variações independentes (corr. -0.02); saem juntos 1.5× o esperado",0.0181,2026-10-04
Vitamina D - Vita D3,VITAFOR,Whey Tech 100%,ATLHETICA NUTRITION,395,453,SEM_SUBGRUPO,SEM_SUBGRUPO,True,False,-0.0181,,0,,0.0,Sem relação clara,variações independentes (corr. -0.02),0.0181,2026-10-04
SuperCoffee,CAFFEINE ARMY,Colágeno Hidrolisado - Collagen Pro 18g,NUTRIFY,1383,210,SEM_SUBGRUPO,SEM_SUBGRUPO,True,True,-0.0181,,0,,0.0,Sem relação clara,variações independentes (corr. -0.02),0.0181,2026-10-04
Ômega 3 - EPA DHA - 1000mg,EQUALIV,Ômega 3 - Omegafor Memory,VITAFOR,1214,394,SEM_SUBGRUPO,SEM_SUBGRUPO,True,True,-0.0181,,0,,0.0,Sem relação clara,variações independentes (corr. -0.02),0.0181,2026-10-04
Suplemento de Magnésio - Blue Calm,PURAVIDA,Enzimas Enzyfor,VITAFOR,1475,410,SEM_SUBGRUPO,SEM_SUBGRUPO,True,True,-0.018,,0,,0.0,Sem relação clara,variações independentes (corr. -0.02),0.018,2026-10-04
Creatina Monohidratada,ATLHETICA NUTRITION,Ômega 3 EPA DHA,PURAVIDA,141,54,SEM_SUBGRUPO,SEM_SUBGRUPO,True,False,0.0499,0.0177,19,,0.0,Sem relação clara,"nos picos de um, o outro perdeu ~2% do ganho; variações independentes (corr. +0.05)",0.0177,2026-10-04
Barrinha - Body Protein,EQUALIV,Magnésio - Mag 5 Complex,NUTRIFY,1577,1657,SEM_SUBGRUPO,SEM_SUBGRUPO,True,True,-0.0175,,0,,0.0,Sem relação clara,variações independentes (corr. -0.02),0.0175,2026-10-04
Super Ômega 3,ESSENTIAL,Coenzima Q10 (200mg p/ porção),VITAFOR,30,449,SEM_SUBGRUPO,SEM_SUBGRUPO,True,True,-0.0172,,0,,0.0,Sem relação clara,variações independentes (corr. -0.02),0.0172,2026-10-04
Vitamina D - Vita D3 + C + Zinco,VITAFOR,Fresh Whey,DUX,399,861,SEM_SUBGRUPO,SEM_SUBGRUPO,True,False,-0.0011,0.016,11,1.3551,2.0,Sem relação clara,"nos picos de um, o outro perdeu ~2% do ganho; variações independentes (corr. -0.00); saem juntos 1.4× o esperado",0.0172,2026-10-04
Colágeno - Collagen Essential Protein,ESSENTIAL,Colágeno - Collagen Renew Hidrolisado,NUTRIFY,1049,1095,SEM_SUBGRUPO,SEM_SUBGRUPO,True,True,-0.0171,,0,,0.0,Sem relação clara,variações independentes (corr. -0.02),0.0171,2026-10-04
Termogênico - Termo Plus,VITAFOR,Coenzima Q10 - 100mg,CENTRAL NUTRITION,1572,366,SEM_SUBGRUPO,SEM_SUBGRUPO,True,True,-0.0171,,0,,0.0,Sem relação clara,variações independentes (corr. -0.02),0.0171,2026-10-04
Cúrcuma Plus,VITAFOR,Creatina Monohidratada,OCEAN DROP,433,685,SEM_SUBGRUPO,SEM_SUBGRUPO,True,False,-0.0162,-0.0017,23,0.5462,3.0,Sem relação clara,"nos picos de um, o outro não caiu; variações independentes (corr. -0.02); saem juntos 0.5× o esperado",0.0162,2026-10-04
Própolis - Green Própolis,NUTRIFY,Colágeno - Collagen Renew Hidrolisado,NUTRIFY,1326,206,SEM_SUBGRUPO,SEM_SUBGRUPO,True,True,-0.016,,0,,0.0,Sem relação clara,variações independentes (corr. -0.02),0.016,2026-10-04
Omegafor Plus,VITAFOR,Fresh Whey,DUX,68,861,SEM_SUBGRUPO,SEM_SUBGRUPO,True,False,-0.016,-0.0447,23,0.4813,3.0,Sem relação clara,"nos picos de um, o outro não caiu; variações independentes (corr. -0.02); saem juntos 0.5× o esperado",0.016,2026-10-04
Colágeno - Collagen Essential Protein,ESSENTIAL,Creatina - Gummy,GUDAY,1049,1632,SEM_SUBGRUPO,SEM_SUBGRUPO,True,True,-0.0159,,0,,0.0,Sem relação clara,variações independentes (corr. -0.02),0.0159,2026-10-04
Refil Whey Concentrado - W100,NUTRATA,Whey Protein Isolado,DUX,1485,4,SEM_SUBGRUPO,SEM_SUBGRUPO,True,True,-0.0154,,0,,0.0,Sem relação clara,variações independentes (corr. -0.02),0.0154,2026-10-04
Beta Alanina,VITAFOR,Ômega 3 EPA DHA,PURAVIDA,407,54,SEM_SUBGRUPO,SEM_SUBGRUPO,True,False,0.0082,0.0153,13,,0.0,Sem relação clara,"nos picos de um, o outro perdeu ~2% do ganho; variações independentes (corr. +0.01)",0.0153,2026-10-04
Nitro 400,PLANT POWER,Refil 100% Whey Protein - Flavour,ATLHETICA NUTRITION,1063,1590,SEM_SUBGRUPO,SEM_SUBGRUPO,True,True,-0.0153,,0,,0.0,Sem relação clara,variações independentes (corr. -0.02),0.0153,2026-10-04
Coenzima Q10 + Ômega 3 + Vitamina E,ESSENTIAL,Ômega 3 - 1360mg,NUTRIFY,534,635,SEM_SUBGRUPO,SEM_SUBGRUPO,True,False,0.0931,0.0152,6,,0.0,Sem relação clara,"nos picos de um, o outro perdeu ~2% do ganho; variações independentes (corr. +0.09)",0.0152,2026-10-04
Própolis Verde - Alcoólico,APIS FLORA,Granola,KOBBER,1119,1146,SEM_SUBGRUPO,SEM_SUBGRUPO,True,True,-0.0149,,0,,0.0,Sem relação clara,variações independentes (corr. -0.01),0.0149,2026-10-04
SuperCoffee Língua de gato - Kopenhagen,CAFFEINE ARMY,Creatina Monohidratada - Creatine,VITAFOR,1384,71,SEM_SUBGRUPO,SEM_SUBGRUPO,True,False,-0.0148,-0.1702,20,0.725,4.0,Sem relação clara,"nos picos de um, o outro não caiu; variações independentes (corr. -0.01); saem juntos 0.7× o esperado",0.0148,2026-10-04
Shot Matinal,OCEAN DROP,Melatonina,OCEAN DROP,698,705,SEM_SUBGRUPO,SEM_SUBGRUPO,True,True,-0.0146,,0,,0.0,Sem relação clara,variações independentes (corr. -0.01),0.0146,2026-10-04
Creatina Monohidratada,NUTRATA,Vitamina C + Zinco - Gomas,OCEAN DROP,536,693,SEM_SUBGRUPO,SEM_SUBGRUPO,True,True,-0.0146,,0,,0.0,Sem relação clara,variações independentes (corr. -0.01),0.0146,2026-10-04
Proteína Isolada e Hidrolisada - Body Protein,EQUALIV,Whey Protein Concentrado,DUX,519,935,SEM_SUBGRUPO,SEM_SUBGRUPO,True,True,-0.0145,,0,,0.0,Sem relação clara,variações independentes (corr. -0.01),0.0145,2026-10-04
Creatina 100%,NUTRIFY,Cúrcuma Plus,VITAFOR,1097,433,SEM_SUBGRUPO,SEM_SUBGRUPO,True,False,-0.0049,0.0091,8,,0.0,Sem relação clara,"nos picos de um, o outro perdeu ~1% do ganho; variações independentes (corr. -0.00)",0.014,2026-10-04
Vitamina D - Vita D3,VITAFOR,Whey Protein Isolado,DUX,397,941,SEM_SUBGRUPO,SEM_SUBGRUPO,True,False,-0.0138,-0.043,15,,0.0,Sem relação clara,"nos picos de um, o outro não caiu; variações independentes (corr. -0.01)",0.0138,2026-10-04
Omegafor Plus,VITAFOR,Whey Protein Isolado,DUX,69,941,SEM_SUBGRUPO,SEM_SUBGRUPO,True,True,-0.0137,-0.1935,5,,0.0,Sem relação clara,"nos picos de um, o outro não caiu; variações independentes (corr. -0.01)",0.0137,2026-10-04
Omegafor Plus,VITAFOR,Creatina Monohidratada - Creatine,VITAFOR,375,71,SEM_SUBGRUPO,SEM_SUBGRUPO,True,False,-0.0137,-0.2206,10,1.4773,6.0,Sem relação clara,"nos picos de um, o outro não caiu; variações independentes (corr. -0.01); saem juntos 1.5× o esperado",0.0137,2026-10-04
SuperCoffee Língua de gato - Kopenhagen,CAFFEINE ARMY,Psyllium,OCEAN DROP,1384,704,SEM_SUBGRUPO,SEM_SUBGRUPO,True,False,-0.0133,-0.0657,13,0.4586,1.0,Sem relação clara,"nos picos de um, o outro não caiu; variações independentes (corr. -0.01); saem juntos 0.5× o esperado",0.0133,2026-10-04
Vitamina D - Vita D3,VITAFOR,Ferro Quelato + Vitamina C,OCEAN DROP,397,697,SEM_SUBGRUPO,SEM_SUBGRUPO,True,True,-0.0131,,0,,0.0,Sem relação clara,variações independentes (corr. -0.01),0.0131,2026-10-04
Coenzima Q10 + Ômega 3 + Vitamina E,ESSENTIAL,Ômega 3 EPA DHA,VITAFOR,534,72,SEM_SUBGRUPO,SEM_SUBGRUPO,True,False,0.2437,0.013,9,,0.0,Sem relação clara,"nos picos de um, o outro perdeu ~1% do ganho; variações parecidas (corr. +0.24)",0.013,2026-10-04
Colágeno - Colagentek Protein - Bodybalance,VITAFOR,Whey Protein Isolado,DUX,390,942,SEM_SUBGRUPO,SEM_SUBGRUPO,True,True,-0.0129,,0,,0.0,Sem relação clara,variações independentes (corr. -0.01),0.0129,2026-10-04
Creatina Monohidratada - Creatine,VITAFOR,Whey Protein Concentrado,DUX,71,938,SEM_SUBGRUPO,SEM_SUBGRUPO,True,False,-0.0127,-0.1321,14,1.0082,8.0,Sem relação clara,"nos picos de um, o outro não caiu; variações independentes (corr. -0.01); saem juntos 1.0× o esperado",0.0127,2026-10-04
Ômega 3 - EPA DHA - 1000mg,EQUALIV,Vitamina D3 Synergy,PURAVIDA,1215,914,SEM_SUBGRUPO,SEM_SUBGRUPO,True,True,-0.0126,,0,,0.0,Sem relação clara,variações independentes (corr. -0.01),0.0126,2026-10-04
Aminoácidos - Aminnu EAAs,CENTRAL NUTRITION,Suplemento Alimentar - GUARDIAN®,CENTRAL NUTRITION,333,357,SEM_SUBGRUPO,SEM_SUBGRUPO,True,True,-0.0126,,0,,0.0,Sem relação clara,variações independentes (corr. -0.01),0.0126,2026-10-04
Palatinose,PURAVIDA,Whey hidrolisado e isolado,TRUE SOURCE,1240,86,SEM_SUBGRUPO,SEM_SUBGRUPO,True,True,-0.0123,,0,,0.0,Sem relação clara,variações independentes (corr. -0.01),0.0123,2026-10-04
Tasty Whey 3W Gourmet,ADAPTOGEN,Magnésio Inositol,EQUALIV,1670,991,SEM_SUBGRUPO,SEM_SUBGRUPO,True,True,-0.012,,0,,0.0,Sem relação clara,variações independentes (corr. -0.01),0.012,2026-10-04
Whey Isolado - Iso Triple Zero,INTEGRALMEDICA,Simfort Ultra,VITAFOR,1470,1786,SEM_SUBGRUPO,SEM_SUBGRUPO,True,True,-0.012,,0,,0.0,Sem relação clara,variações independentes (corr. -0.01),0.012,2026-10-04
Suplemento de Magnésio - Blue Calm,PURAVIDA,Creatina Monohidratada,ATLHETICA NUTRITION,1238,141,SEM_SUBGRUPO,SEM_SUBGRUPO,True,True,-0.0116,,0,,0.0,Sem relação clara,variações independentes (corr. -0.01),0.0116,2026-10-04
Bio Ferro,PURAVIDA,Creatina Monohidratada,OCEAN DROP,1069,685,SEM_SUBGRUPO,SEM_SUBGRUPO,True,False,0.1227,0.0115,15,,0.0,Sem relação clara,"nos picos de um, o outro perdeu ~1% do ganho; variações parecidas (corr. +0.12)",0.0115,2026-10-04
Glutamina,DUX,Ômega 3 - 1360mg,NUTRIFY,474,635,SEM_SUBGRUPO,SEM_SUBGRUPO,True,False,-0.0114,,0,1.1091,1.0,Sem relação clara,variações independentes (corr. -0.01); saem juntos 1.1× o esperado,0.0114,2026-10-04
Colágeno - Collagen Renew Hidrolisado,NUTRIFY,Fresh Vegan,DUX,1093,1114,SEM_SUBGRUPO,SEM_SUBGRUPO,True,True,-0.0111,,0,,0.0,Sem relação clara,variações independentes (corr. -0.01),0.0111,2026-10-04
Colágeno - Collagen Essential Protein,ESSENTIAL,Creatina 100%,NUTRIFY,1052,1097,SEM_SUBGRUPO,SEM_SUBGRUPO,True,True,-0.011,,0,,0.0,Sem relação clara,variações independentes (corr. -0.01),0.011,2026-10-04
Omegafor Plus,VITAFOR,Whey Protein Concentrado,DUX,68,936,SEM_SUBGRUPO,SEM_SUBGRUPO,True,True,-0.0108,-0.2339,29,0.3308,6.0,Sem relação clara,"nos picos de um, o outro não caiu; variações independentes (corr. -0.01); saem juntos 0.3× o esperado",0.0108,2026-10-04
Omegafor Plus,VITAFOR,Creatina Monohidratada,DUX,375,486,SEM_SUBGRUPO,SEM_SUBGRUPO,True,False,-0.0107,-0.0635,16,0.5587,5.0,Sem relação clara,"nos picos de um, o outro não caiu; variações independentes (corr. -0.01); saem juntos 0.6× o esperado",0.0107,2026-10-04
Probiótico - Simcaps,VITAFOR,Coenzima Q10 - (100mg p/ porção),VITAFOR,368,451,SEM_SUBGRUPO,SEM_SUBGRUPO,True,True,-0.0107,,0,,0.0,Sem relação clara,variações independentes (corr. -0.01),0.0107,2026-10-04
Probiótico - Simfort Plus,VITAFOR,Creatina Monohidratada - Creatine,VITAFOR,360,71,SEM_SUBGRUPO,SEM_SUBGRUPO,True,False,-0.0106,-0.0339,13,0.8407,3.0,Sem relação clara,"nos picos de um, o outro não caiu; variações independentes (corr. -0.01); saem juntos 0.8× o esperado",0.0106,2026-10-04
Creatina Monohidratada,ATLHETICA NUTRITION,Omegafor Plus,VITAFOR,141,375,SEM_SUBGRUPO,SEM_SUBGRUPO,True,False,0.2803,0.0103,6,0.7837,2.0,Sem relação clara,"nos picos de um, o outro perdeu ~1% do ganho; variações parecidas (corr. +0.28); saem juntos 0.8× o esperado",0.0103,2026-10-04
Bio Ferro,PURAVIDA,Creatina Monohidratada,ATLHETICA NUTRITION,1069,141,SEM_SUBGRUPO,SEM_SUBGRUPO,True,False,0.1705,0.0103,6,,0.0,Sem relação clara,"nos picos de um, o outro perdeu ~1% do ganho; variações parecidas (corr. +0.17)",0.0103,2026-10-04
Vitamina D - Vita D3,VITAFOR,Omegafor Plus,VITAFOR,397,68,SEM_SUBGRUPO,SEM_SUBGRUPO,True,False,-0.0102,-0.0621,25,3.2872,35.0,Sem relação clara,"nos picos de um, o outro não caiu; variações independentes (corr. -0.01); saem juntos 3.3× o esperado",0.0102,2026-10-04
SuperCoffee Língua de gato - Kopenhagen,CAFFEINE ARMY,Probiótico - Simfort Plus,VITAFOR,1384,360,SEM_SUBGRUPO,SEM_SUBGRUPO,True,False,-0.0048,0.0054,13,0.8085,2.0,Sem relação clara,"nos picos de um, o outro perdeu ~1% do ganho; variações independentes (corr. -0.00); saem juntos 0.8× o esperado",0.0102,2026-10-04
Refil Whey 100% Pure,INTEGRALMEDICA,Creatina - Creafort (Creapure),VITAFOR,138,871,SEM_SUBGRUPO,SEM_SUBGRUPO,True,True,-0.0102,,0,,0.0,Sem relação clara,variações independentes (corr. -0.01),0.0102,2026-10-04
SuperCoffee,CAFFEINE ARMY,BT Nitrato,DOBRO,1383,983,SEM_SUBGRUPO,SEM_SUBGRUPO,True,True,-0.01,,0,,0.0,Sem relação clara,variações independentes (corr. -0.01),0.01,2026-10-04
Whey Protein Concentrado,DUX,Creatina Monohidratada - Creatine,VITAFOR,2,71,SEM_SUBGRUPO,SEM_SUBGRUPO,True,False,-0.0097,-0.0515,10,0.4924,2.0,Sem relação clara,"nos picos de um, o outro não caiu; variações independentes (corr. -0.01); saem juntos 0.5× o esperado",0.0097,2026-10-04
Ômega 3 Super DHA - BIG N,PURAVIDA,Whey Protein Concentrado,DUX,925,935,SEM_SUBGRUPO,SEM_SUBGRUPO,True,False,-0.0095,-0.0212,9,,0.0,Sem relação clara,"nos picos de um, o outro não caiu; variações independentes (corr. -0.01)",0.0095,2026-10-04
Whey Protein Isolado,PURAVIDA,Livestrong,ESSENTIAL,1872,1874,SEM_SUBGRUPO,SEM_SUBGRUPO,True,True,-0.0094,,0,,0.0,Sem relação clara,variações independentes (corr. -0.01),0.0094,2026-10-04
Aminoácidos - Aminnu EAAs,CENTRAL NUTRITION,Cranberry - She She Comfort,OCEAN DROP,333,680,SEM_SUBGRUPO,SEM_SUBGRUPO,True,True,-0.0092,,0,,0.0,Sem relação clara,variações independentes (corr. -0.01),0.0092,2026-10-04
Colágeno - Collagen Pro - Body Suport,PURAVIDA,Refil Whey 100% Pure,INTEGRALMEDICA,1026,140,SEM_SUBGRUPO,SEM_SUBGRUPO,True,True,-0.0092,,0,,0.0,Sem relação clara,variações independentes (corr. -0.01),0.0092,2026-10-04
Ômega 3 Super DHA,PURAVIDA,Ômega - Mega DHA,VITAFOR,58,76,SEM_SUBGRUPO,SEM_SUBGRUPO,True,True,-0.0091,,0,,0.0,Sem relação clara,variações independentes (corr. -0.01),0.0091,2026-10-04
Cúrcuma Plus,VITAFOR,Cromo Picolinato - 250mg,LAUTON,416,811,SEM_SUBGRUPO,SEM_SUBGRUPO,True,True,-0.0089,,0,,0.0,Sem relação clara,variações independentes (corr. -0.01),0.0089,2026-10-04
Whey Protein Concentrado,DUX,Colágeno - Colagentek Protein - Bodybalance,VITAFOR,2,439,SEM_SUBGRUPO,SEM_SUBGRUPO,True,False,-0.0089,-0.2571,3,0.7134,1.0,Sem relação clara,"nos picos de um, o outro não caiu; variações independentes (corr. -0.01); saem juntos 0.7× o esperado",0.0089,2026-10-04
Psyllium,OCEAN DROP,Whey Protein Concentrado,DUX,704,938,SEM_SUBGRUPO,SEM_SUBGRUPO,True,False,-0.0086,-0.0126,7,0.6376,2.0,Sem relação clara,"nos picos de um, o outro não caiu; variações independentes (corr. -0.01); saem juntos 0.6× o esperado",0.0086,2026-10-04
Suplemento Alimentar - L-teanina - Happy Theanine,ESSENTIAL,Probióticos em Pó - Simfort,VITAFOR,1108,361,SEM_SUBGRUPO,SEM_SUBGRUPO,True,True,-0.0084,,0,,0.0,Sem relação clara,variações independentes (corr. -0.01),0.0084,2026-10-04
Colágeno - Collagen Pro - Body Suport,PURAVIDA,Tasty Whey 3W Gourmet,ADAPTOGEN,1026,109,SEM_SUBGRUPO,SEM_SUBGRUPO,True,True,-0.0083,,0,,0.0,Sem relação clara,variações independentes (corr. -0.01),0.0083,2026-10-04
Creatina 100%,NUTRIFY,Glutamina,DUX,1097,474,SEM_SUBGRUPO,SEM_SUBGRUPO,True,False,-0.0082,,0,,0.0,Sem relação clara,variações independentes (corr. -0.01),0.0082,2026-10-04
100% Whey Protein - Flavour,ATLHETICA NUTRITION,Fresh Whey,DUX,146,862,SEM_SUBGRUPO,SEM_SUBGRUPO,True,True,-0.0082,,0,,0.0,Sem relação clara,variações independentes (corr. -0.01),0.0082,2026-10-04
Ômega 3 - EPA DHA - 1000mg,EQUALIV,Magnésio Plus - 350mg,VITAFOR,1215,382,SEM_SUBGRUPO,SEM_SUBGRUPO,True,True,-0.0081,,0,,0.0,Sem relação clara,variações independentes (corr. -0.01),0.0081,2026-10-04
Refil Whey 100% Pure,INTEGRALMEDICA,#Whey Fort 3W,VITAFOR,1386,337,SEM_SUBGRUPO,SEM_SUBGRUPO,True,True,-0.0081,,0,,0.0,Sem relação clara,variações independentes (corr. -0.01),0.0081,2026-10-04
SuperCoffee Língua de gato - Kopenhagen,CAFFEINE ARMY,Whey Protein Concentrado,DUX,1384,935,SEM_SUBGRUPO,SEM_SUBGRUPO,True,False,-0.008,-0.1597,13,0.8594,2.0,Sem relação clara,"nos picos de um, o outro não caiu; variações independentes (corr. -0.01); saem juntos 0.9× o esperado",0.008,2026-10-04
100% Whey Protein - Flavour,ATLHETICA NUTRITION,Isofort Plant (Life Vegan),VITAFOR,145,428,SEM_SUBGRUPO,SEM_SUBGRUPO,True,True,-0.0076,,0,,0.0,Sem relação clara,variações independentes (corr. -0.01),0.0076,2026-10-04
Ômega 3 EPA DHA,PURAVIDA,Whey Protein Isolado,DUX,54,943,SEM_SUBGRUPO,SEM_SUBGRUPO,True,False,0.0527,0.0075,16,0.5982,1.0,Sem relação clara,"nos picos de um, o outro perdeu ~1% do ganho; variações independentes (corr. +0.05); saem juntos 0.6× o esperado",0.0075,2026-10-04
Simfort Ultra,VITAFOR,Cúrcuma 500mg,OCEAN DROP,1711,691,SEM_SUBGRUPO,SEM_SUBGRUPO,True,True,-0.0074,,0,,0.0,Sem relação clara,variações independentes (corr. -0.01),0.0074,2026-10-04
Vitamina D3 - 2000 Ui,LAUTON,Barrinha de Proteína,DUX,794,901,SEM_SUBGRUPO,SEM_SUBGRUPO,True,True,-0.0073,,0,,0.0,Sem relação clara,variações independentes (corr. -0.01),0.0073,2026-10-04
Vitamina D3,OCEAN DROP,Melatonina,OCEAN DROP,1265,705,SEM_SUBGRUPO,SEM_SUBGRUPO,True,True,-0.0071,,0,,0.0,Sem relação clara,variações independentes (corr. -0.01),0.0071,2026-10-04
Barra Chocolate 70%,ZEROMILK,Tablete de Doce,FLORMEL,754,837,SEM_SUBGRUPO,SEM_SUBGRUPO,True,True,-0.0071,,0,,0.0,Sem relação clara,variações independentes (corr. -0.01),0.0071,2026-10-04
Colágeno Hidrolisado - Collagen Pro 18g,NUTRIFY,Colágeno - Colagentek,VITAFOR,210,445,SEM_SUBGRUPO,SEM_SUBGRUPO,True,True,-0.0068,,0,,0.0,Sem relação clara,variações independentes (corr. -0.01),0.0068,2026-10-04
100% Whey Protein - Flavour,ATLHETICA NUTRITION,100% Whey Protein - Flavour,ATLHETICA NUTRITION,144,146,SEM_SUBGRUPO,SEM_SUBGRUPO,True,True,-0.0064,,0,,0.0,Sem relação clara,variações independentes (corr. -0.01),0.0064,2026-10-04
Tasty Whey 3W Gourmet,ADAPTOGEN,Tasty Whey 3W Gourmet,ADAPTOGEN,107,948,SEM_SUBGRUPO,SEM_SUBGRUPO,True,True,-0.0062,,0,,0.0,Sem relação clara,variações independentes (corr. -0.01),0.0062,2026-10-04
Whey Protein Isolado,DUX,Ômega 3 Fosfatix,PURAVIDA,1725,52,SEM_SUBGRUPO,SEM_SUBGRUPO,True,True,-0.0061,,0,,0.0,Sem relação clara,variações independentes (corr. -0.01),0.0061,2026-10-04
Creatina Monohidratada,ATLHETICA NUTRITION,Whey Tech 100%,ATLHETICA NUTRITION,141,453,SEM_SUBGRUPO,SEM_SUBGRUPO,True,False,-0.006,-0.0412,6,12.375,23.0,Sem relação clara,"nos picos de um, o outro não caiu; variações independentes (corr. -0.01); saem juntos 12.4× o esperado",0.006,2026-10-04
Fresh Whey,DUX,Vitamina D3 + K2,VITAFOR,860,908,SEM_SUBGRUPO,SEM_SUBGRUPO,True,True,-0.0054,,0,,0.0,Sem relação clara,variações independentes (corr. -0.01),0.0054,2026-10-04
Melatonina Duo Harmony,ESSENTIAL,Granola Australia - Low Carb,HART`S NATURAL,1107,1141,SEM_SUBGRUPO,SEM_SUBGRUPO,True,True,-0.0054,,0,,0.0,Sem relação clara,variações independentes (corr. -0.01),0.0054,2026-10-04
Isofort Plant (Life Vegan),VITAFOR,BT Nitrato,DOBRO,428,983,SEM_SUBGRUPO,SEM_SUBGRUPO,True,True,-0.0054,,0,,0.0,Sem relação clara,variações independentes (corr. -0.01),0.0054,2026-10-04
Magnésio Inositol,NUTRIFY,"Vitaminas A, E, D e K2- RESTAURE® - Gotas",CENTRAL NUTRITION,1205,363,SEM_SUBGRUPO,SEM_SUBGRUPO,True,True,-0.0051,,0,,0.0,Sem relação clara,variações independentes (corr. -0.01),0.0051,2026-10-04
Complexo B - Bio Vit.B+,PURAVIDA,Óleo de Prímula - 500mg,LAUTON,1347,806,SEM_SUBGRUPO,SEM_SUBGRUPO,True,True,-0.0044,,0,,0.0,Sem relação clara,variações independentes (corr. -0.00),0.0044,2026-10-04
Refil Whey Concentrado - W100,NUTRATA,Whey Protein Isolado - Isofort,VITAFOR,1157,79,SEM_SUBGRUPO,SEM_SUBGRUPO,True,True,-0.0039,,0,,0.0,Sem relação clara,variações independentes (corr. -0.00),0.0039,2026-10-04
Isofort Plant (Life Vegan),VITAFOR,Glutamina em Pó,PURAVIDA,404,647,SEM_SUBGRUPO,SEM_SUBGRUPO,True,True,-0.0039,,0,,0.0,Sem relação clara,variações independentes (corr. -0.00),0.0039,2026-10-04
Creatina - Creafort (Creapure),VITAFOR,Coenzima Q10 + Ômega 3 + Vitamina E,ESSENTIAL,434,534,SEM_SUBGRUPO,SEM_SUBGRUPO,True,False,-0.0038,-0.0527,12,1.6818,4.0,Sem relação clara,"nos picos de um, o outro não caiu; variações independentes (corr. -0.00); saem juntos 1.7× o esperado",0.0038,2026-10-04
Gold Whey Concentrado Refil,ADAPTOGEN,Whey Protein Isolado,PURAVIDA,111,50,SEM_SUBGRUPO,SEM_SUBGRUPO,True,True,-0.0034,,0,,0.0,Sem relação clara,variações independentes (corr. -0.00),0.0034,2026-10-04
SuperCoffee,CAFFEINE ARMY,Whey Fort 3W,VITAFOR,1292,167,SEM_SUBGRUPO,SEM_SUBGRUPO,True,True,-0.0034,,0,,0.0,Sem relação clara,variações independentes (corr. -0.00),0.0034,2026-10-04
Creatina Premium - Creapure,PURAVIDA,Colágeno - Collagen Protein Hidrolisado,PURAVIDA,60,651,SEM_SUBGRUPO,SEM_SUBGRUPO,True,True,-0.0032,,0,,0.0,Sem relação clara,variações independentes (corr. -0.00),0.0032,2026-10-04
Refil Whey 100% Pure,INTEGRALMEDICA,Ômega 3,TRUE SOURCE,139,1498,SEM_SUBGRUPO,SEM_SUBGRUPO,True,True,-0.0031,,0,,0.0,Sem relação clara,variações independentes (corr. -0.00),0.0031,2026-10-04
Whey Protein Isolado - Sachê,DUX,Cacao Whey - Sachê,ESSENTIAL,1911,1928,SEM_SUBGRUPO,SEM_SUBGRUPO,True,True,-0.0027,,0,,0.0,Sem relação clara,variações independentes (corr. -0.00),0.0027,2026-10-04
Creatina 100%,NUTRIFY,Vitamina D - Vita D3,VITAFOR,1097,395,SEM_SUBGRUPO,SEM_SUBGRUPO,True,False,-0.0026,,0,,0.0,Sem relação clara,variações independentes (corr. -0.00),0.0026,2026-10-04
Bio Zinco,PURAVIDA,Glutamina,OCEAN DROP,619,688,SEM_SUBGRUPO,SEM_SUBGRUPO,True,True,-0.0024,,0,,0.0,Sem relação clara,variações independentes (corr. -0.00),0.0024,2026-10-04
Omegafor Plus,VITAFOR,Vitamina D3 + K2,VITAFOR,69,908,SEM_SUBGRUPO,SEM_SUBGRUPO,True,True,-0.0023,,0,,0.0,Sem relação clara,variações independentes (corr. -0.00),0.0023,2026-10-04
Ômega 3 - EPA DHA - 1000mg,EQUALIV,Whey Protein Concentrado,DUX,1215,939,SEM_SUBGRUPO,SEM_SUBGRUPO,True,False,-0.0022,-0.0266,9,0.734,1.0,Sem relação clara,"nos picos de um, o outro não caiu; variações independentes (corr. -0.00); saem juntos 0.7× o esperado",0.0022,2026-10-04
Whey Protein Isolado - Sachê,DUX,Vitamina B12,OCEAN DROP,1910,690,SEM_SUBGRUPO,SEM_SUBGRUPO,True,True,-0.0022,,0,,0.0,Sem relação clara,variações independentes (corr. -0.00),0.0022,2026-10-04
SuperCoffee Língua de gato - Kopenhagen,CAFFEINE ARMY,Creatina Monohidratada,ATLHETICA NUTRITION,1384,141,SEM_SUBGRUPO,SEM_SUBGRUPO,True,False,-0.0021,-0.0316,16,0.577,2.0,Sem relação clara,"nos picos de um, o outro não caiu; variações independentes (corr. -0.00); saem juntos 0.6× o esperado",0.0021,2026-10-04
Colágeno - Colagentek,VITAFOR,Creatina Monohidratada -  Crealift (Creapure),ESSENTIAL,444,633,SEM_SUBGRUPO,SEM_SUBGRUPO,True,True,-0.0021,,0,,0.0,Sem relação clara,variações independentes (corr. -0.00),0.0021,2026-10-04
Gel Nitrato,DOBRO,Óleo de Prímula - 500mg,LAUTON,756,806,SEM_SUBGRUPO,SEM_SUBGRUPO,True,True,-0.002,,0,,0.0,Sem relação clara,variações independentes (corr. -0.00),0.002,2026-10-04
Glutamina,DUX,Creatina Monohidratada,DUX,474,486,SEM_SUBGRUPO,SEM_SUBGRUPO,True,False,-0.0017,-0.035,16,2.7615,12.0,Sem relação clara,"nos picos de um, o outro não caiu; variações independentes (corr. -0.00); saem juntos 2.8× o esperado",0.0017,2026-10-04
SuperCoffee Língua de gato - Kopenhagen,CAFFEINE ARMY,Whey Protein Isolado,DUX,1384,943,SEM_SUBGRUPO,SEM_SUBGRUPO,True,False,0.0212,0.0017,13,0.8654,2.0,Sem relação clara,"nos picos de um, o outro perdeu ~0% do ganho; variações independentes (corr. +0.02); saem juntos 0.9× o esperado",0.0017,2026-10-04
Creatina - Creafort (Creapure),VITAFOR,Omegafor Plus,VITAFOR,434,68,SEM_SUBGRUPO,SEM_SUBGRUPO,True,True,-0.0016,-0.2126,21,2.1796,30.0,Sem relação clara,"nos picos de um, o outro não caiu; variações independentes (corr. -0.00); saem juntos 2.2× o esperado",0.0016,2026-10-04
Probiótico - Simcaps,VITAFOR,Vitamina D3 - 2000 Ui,LAUTON,371,794,SEM_SUBGRUPO,SEM_SUBGRUPO,True,True,-0.0015,,0,,0.0,Sem relação clara,variações independentes (corr. -0.00),0.0015,2026-10-04
Resveratrol Plus - 165mg,VITAFOR,Ômega 3 - Omegafor Memory,VITAFOR,373,394,SEM_SUBGRUPO,SEM_SUBGRUPO,True,True,-0.0014,,0,,0.0,Sem relação clara,variações independentes (corr. -0.00),0.0014,2026-10-04
Prebiótico,OCEAN DROP,Fresh Whey,DUX,696,950,SEM_SUBGRUPO,SEM_SUBGRUPO,True,True,-0.0013,,0,,0.0,Sem relação clara,variações independentes (corr. -0.00),0.0013,2026-10-04
Colágeno - Collagen Essential Protein,ESSENTIAL,Tasty Whey 3W Gourmet,ADAPTOGEN,1048,948,SEM_SUBGRUPO,SEM_SUBGRUPO,True,True,-0.0013,,0,,0.0,Sem relação clara,variações independentes (corr. -0.00),0.0013,2026-10-04
Colágeno - Collagen Renew Hidrolisado,NUTRIFY,Super Ômega 3,ESSENTIAL,207,38,SEM_SUBGRUPO,SEM_SUBGRUPO,True,True,-0.0013,,0,,0.0,Sem relação clara,variações independentes (corr. -0.00),0.0013,2026-10-04
Própolis Trio,TRUE SOURCE,Gel Nitrato com L-Citrulinilarginina,DOBRO,1044,989,SEM_SUBGRUPO,SEM_SUBGRUPO,True,True,-0.0012,,0,,0.0,Sem relação clara,variações independentes (corr. -0.00),0.0012,2026-10-04
Ômega 3 - EPA DHA - 1000mg,EQUALIV,Ômega 3 EPA DHA,PURAVIDA,1215,54,SEM_SUBGRUPO,SEM_SUBGRUPO,True,False,-0.0011,-0.1606,18,0.8247,1.0,Sem relação clara,"nos picos de um, o outro não caiu; variações independentes (corr. -0.00); saem juntos 0.8× o esperado",0.0011,2026-10-04
"Boraprim - Borragem, Prímula e Gergelim",VITAFOR,Coenzima Q10 (200mg p/ porção),VITAFOR,396,448,SEM_SUBGRUPO,SEM_SUBGRUPO,True,True,-0.001,,0,5.959,9.0,Sem relação clara,variações independentes (corr. -0.00); saem juntos 6.0× o esperado,0.001,2026-10-04
Ômega 3 - Ultra Caps 1000mg,EQUALIV,Isofort Plant (Life Vegan),VITAFOR,1212,427,SEM_SUBGRUPO,SEM_SUBGRUPO,True,True,-0.0008,,0,,0.0,Sem relação clara,variações independentes (corr. -0.00),0.0008,2026-10-04
Creatina Monohidratada,DUX,Whey Protein Isolado,DUX,486,943,SEM_SUBGRUPO,SEM_SUBGRUPO,True,False,0.047,0.0006,19,1.0891,8.0,Sem relação clara,"nos picos de um, o outro perdeu ~0% do ganho; variações independentes (corr. +0.05); saem juntos 1.1× o esperado",0.0006,2026-10-04
Omegafor Plus,VITAFOR,Whey Protein Concentrado,DUX,68,938,SEM_SUBGRUPO,SEM_SUBGRUPO,True,False,-0.0004,-0.0319,19,0.3418,5.0,Sem relação clara,"nos picos de um, o outro não caiu; variações independentes (corr. -0.00); saem juntos 0.3× o esperado",0.0004,2026-10-04
Body Protein Vegano,EQUALIV,Isofort Plant (Life Vegan),VITAFOR,1227,404,SEM_SUBGRUPO,SEM_SUBGRUPO,True,True,-0.0004,,0,,0.0,Sem relação clara,variações independentes (corr. -0.00),0.0004,2026-10-04
Probiótico - Simfort Plus,VITAFOR,Vitamina D - Vita D3 + C + Zinco,VITAFOR,360,399,SEM_SUBGRUPO,SEM_SUBGRUPO,True,False,0.0097,-0.1446,6,1.2838,2.0,Sem relação clara,"nos picos de um, o outro não caiu; variações independentes (corr. +0.01); saem juntos 1.3× o esperado",0.0,2026-10-04
Pasta de Amendoim Granulado,MANDUBIM,Laranja Moro,LAUTON,1072,957,SEM_SUBGRUPO,SEM_SUBGRUPO,True,True,0.0723,,0,,0.0,Sem relação clara,variações independentes (corr. +0.07),0.0,2026-10-04
Creatina Monohidratada,DUX,Coenzima Q10 + Ômega 3 + Vitamina E,ESSENTIAL,486,534,SEM_SUBGRUPO,SEM_SUBGRUPO,True,False,0.1435,-0.0156,22,0.716,4.0,Sem relação clara,"nos picos de um, o outro não caiu; variações parecidas (corr. +0.14); saem juntos 0.7× o esperado",0.0,2026-10-04
Beta Alanina,VITAFOR,Creatina - Creafort (Creapure),VITAFOR,407,434,SEM_SUBGRUPO,SEM_SUBGRUPO,True,False,0.0375,-0.025,6,0.9082,2.0,Sem relação clara,"nos picos de um, o outro não caiu; variações independentes (corr. +0.04); saem juntos 0.9× o esperado",0.0,2026-10-04
Vitamina D3,NUTRIFY,Vitamina B12,NUTRIFY,1204,614,SEM_SUBGRUPO,SEM_SUBGRUPO,True,True,0.2334,,0,,0.0,Sem relação clara,variações parecidas (corr. +0.23),0.0,2026-10-04
Creatina Monohidratada,ATLHETICA NUTRITION,Whey Protein Concentrado,DUX,141,939,SEM_SUBGRUPO,SEM_SUBGRUPO,True,False,0.2167,-0.0247,10,1.0648,3.0,Sem relação clara,"nos picos de um, o outro não caiu; variações parecidas (corr. +0.22); saem juntos 1.1× o esperado",0.0,2026-10-04
Melatonina - Sleepfor,VITAFOR,Coenzima  Q10 - 100mg,NUTRIFY,409,617,SEM_SUBGRUPO,SEM_SUBGRUPO,True,True,0.0797,,0,,0.0,Sem relação clara,variações independentes (corr. +0.08),0.0,2026-10-04
Whey Tech 100%,ATLHETICA NUTRITION,Ômega 3 - 1360mg,NUTRIFY,453,635,SEM_SUBGRUPO,SEM_SUBGRUPO,True,False,0.0527,,0,,0.0,Sem relação clara,variações independentes (corr. +0.05),0.0,2026-10-04
NAC + Glycine + Taurine,ESSENTIAL,Coenzima Q10 (200mg p/ porção),VITAFOR,1250,449,SEM_SUBGRUPO,SEM_SUBGRUPO,True,True,0.1117,,0,,0.0,Sem relação clara,variações parecidas (corr. +0.11),0.0,2026-10-04
Própolis Alcoólico,APIS FLORA,Laranja Moro,LAUTON,1120,957,SEM_SUBGRUPO,SEM_SUBGRUPO,True,True,0.1202,,0,,0.0,Sem relação clara,variações parecidas (corr. +0.12),0.0,2026-10-04
Omegafor Family - Ômega 3,VITAFOR,Pré-Treino - V Fort Ultra,VITAFOR,1247,352,SEM_SUBGRUPO,SEM_SUBGRUPO,True,True,0.1442,,0,,0.0,Sem relação clara,variações parecidas (corr. +0.14),0.0,2026-10-04
Vitamina B9 - Ácido Fólico,PURAVIDA,BodyBalance - Muscle Synergy,ESSENTIAL,1237,1249,SEM_SUBGRUPO,SEM_SUBGRUPO,True,True,0.203,,0,,0.0,Sem relação clara,variações parecidas (corr. +0.20),0.0,2026-10-04
Pré-Treino - V Fort Ultra,VITAFOR,Colágeno Tipo II,LAUTON,352,995,SEM_SUBGRUPO,SEM_SUBGRUPO,True,True,0.2216,,0,,0.0,Sem relação clara,variações parecidas (corr. +0.22),0.0,2026-10-04
Simfort fibras,VITAFOR,Beta Alanina,VITAFOR,401,407,SEM_SUBGRUPO,SEM_SUBGRUPO,True,True,0.1324,-0.125,4,,0.0,Sem relação clara,"nos picos de um, o outro não caiu; variações parecidas (corr. +0.13)",0.0,2026-10-04
Refil Whey Concentrado Havanna - W100,NUTRATA,Morning Shot - Imunidade,SUBLYME,1159,455,SEM_SUBGRUPO,SEM_SUBGRUPO,True,True,0.122,,0,,0.0,Sem relação clara,variações parecidas (corr. +0.12),0.0,2026-10-04
Glutamina,ESSENTIAL,Fresh Whey,DUX,1109,950,SEM_SUBGRUPO,SEM_SUBGRUPO,True,True,0.2186,,0,,0.0,Sem relação clara,variações parecidas (corr. +0.22),0.0,2026-10-04
Psyllium,OCEAN DROP,Vitamina D3 + K2,VITAFOR,704,908,SEM_SUBGRUPO,SEM_SUBGRUPO,True,True,0.1608,,0,,0.0,Sem relação clara,variações parecidas (corr. +0.16),0.0,2026-10-04
Whey Protein Concentrado,DUX,Whey Protein Isolado,DUX,935,943,SEM_SUBGRUPO,SEM_SUBGRUPO,True,False,0.0201,-0.0279,6,,0.0,Sem relação clara,"nos picos de um, o outro não caiu; variações independentes (corr. +0.02)",0.0,2026-10-04
Beta Alanina,VITAFOR,Whey Protein Isolado,DUX,407,943,SEM_SUBGRUPO,SEM_SUBGRUPO,True,False,0.1128,-0.0645,3,,0.0,Sem relação clara,"nos picos de um, o outro não caiu; variações parecidas (corr. +0.11)",0.0,2026-10-04
Vitamina D - Vita D3 + C + Zinco,VITAFOR,Whey Protein Concentrado,DUX,399,940,SEM_SUBGRUPO,SEM_SUBGRUPO,True,False,0.1534,-0.1325,17,0.7847,3.0,Sem relação clara,"nos picos de um, o outro não caiu; variações parecidas (corr. +0.15); saem juntos 0.8× o esperado",0.0,2026-10-04
Snack Proteico,OCEAN DROP,Creatina 100% Pure,TRUE SOURCE,1968,82,SEM_SUBGRUPO,SEM_SUBGRUPO,True,True,0.1168,,0,,0.0,Sem relação clara,variações parecidas (corr. +0.12),0.0,2026-10-04
Whey,ESSENTIAL,Whey Protein Isolado,DUX,40,5,SEM_SUBGRUPO,SEM_SUBGRUPO,True,True,0.2214,,0,,0.0,Sem relação clara,variações parecidas (corr. +0.22),0.0,2026-10-04
BT Nitrato 400,DOBRO,Coenzima Q10,OCEAN DROP,480,681,SEM_SUBGRUPO,SEM_SUBGRUPO,True,True,0.1498,,0,,0.0,Sem relação clara,variações parecidas (corr. +0.15),0.0,2026-10-04
Omegafor Family - Ômega 3,VITAFOR,Fresh Whey,DUX,1247,1415,SEM_SUBGRUPO,SEM_SUBGRUPO,True,True,0.0365,,0,,0.0,Sem relação clara,variações independentes (corr. +0.04),0.0,2026-10-04
Refil Whey 100% Pure,INTEGRALMEDICA,Omegafor Vision,VITAFOR,1386,70,SEM_SUBGRUPO,SEM_SUBGRUPO,True,True,0.1868,,0,,0.0,Sem relação clara,variações parecidas (corr. +0.19),0.0,2026-10-04
Magnésio Inositol,NUTRIFY,Maca Peruana,OCEAN DROP,1205,1656,SEM_SUBGRUPO,SEM_SUBGRUPO,True,True,0.0666,,0,,0.0,Sem relação clara,variações independentes (corr. +0.07),0.0,2026-10-04
Probiótico - Simcaps,VITAFOR,Chocolate 70% Cacau,ONLY4,371,753,SEM_SUBGRUPO,SEM_SUBGRUPO,True,True,0.252,,0,,0.0,Sem relação clara,variações parecidas (corr. +0.25),0.0,2026-10-04
Tasty Whey 3W Gourmet,ADAPTOGEN,Colágeno - Colagentek Beauty,VITAFOR,109,447,SEM_SUBGRUPO,SEM_SUBGRUPO,True,True,0.0008,,0,,0.0,Sem relação clara,variações independentes (corr. +0.00),0.0,2026-10-04
Whey 3W -  Sachê,BOLD,Tablete de Doce,FLORMEL,1941,835,SEM_SUBGRUPO,SEM_SUBGRUPO,True,True,0.0108,,0,,0.0,Sem relação clara,variações independentes (corr. +0.01),0.0,2026-10-04
SuperCoffee,CAFFEINE ARMY,Colágeno - Colagentek,VITAFOR,1383,445,SEM_SUBGRUPO,SEM_SUBGRUPO,True,True,0.0516,,0,,0.0,Sem relação clara,variações independentes (corr. +0.05),0.0,2026-10-04
Whey Isolado e Hidrolisado - H.I Whey,ESSENTIAL,Aminoácido - Aminovita,VITAFOR,37,379,SEM_SUBGRUPO,SEM_SUBGRUPO,True,True,0.0388,,0,,0.0,Sem relação clara,variações independentes (corr. +0.04),0.0,2026-10-04
Whey,ESSENTIAL,Magnésio Plus 900mg,OCEAN DROP,41,692,SEM_SUBGRUPO,SEM_SUBGRUPO,True,True,0.0125,,0,,0.0,Sem relação clara,variações independentes (corr. +0.01),0.0,2026-10-04
Colágeno - Colagentek Protein - Bodybalance,VITAFOR,Fresh Whey,DUX,439,861,SEM_SUBGRUPO,SEM_SUBGRUPO,True,False,0.1546,-0.2756,11,,0.0,Sem relação clara,"nos picos de um, o outro não caiu; variações parecidas (corr. +0.15)",0.0,2026-10-04
Vitamina B12,YOSEN,Multivitamínico - Vitalift,ESSENTIAL,1131,531,SEM_SUBGRUPO,SEM_SUBGRUPO,True,True,0.163,,0,,0.0,Sem relação clara,variações parecidas (corr. +0.16),0.0,2026-10-04
Tasty Whey 3W Gourmet,ADAPTOGEN,Cranberry - She She Comfort,OCEAN DROP,1670,680,SEM_SUBGRUPO,SEM_SUBGRUPO,True,True,0.0922,,0,,0.0,Sem relação clara,variações independentes (corr. +0.09),0.0,2026-10-04
Refil Whey 100% Pure,INTEGRALMEDICA,Chocolate 70% Cacau,ONLY4,138,753,SEM_SUBGRUPO,SEM_SUBGRUPO,True,True,0.122,,0,,0.0,Sem relação clara,variações parecidas (corr. +0.12),0.0,2026-10-04
Whey Protein Concentrado,DUX,Ômega 3 - 1360mg,NUTRIFY,3,635,SEM_SUBGRUPO,SEM_SUBGRUPO,True,True,0.1431,,0,0.9911,1.0,Sem relação clara,variações parecidas (corr. +0.14); saem juntos 1.0× o esperado,0.0,2026-10-04
Bio Ferro,PURAVIDA,Vitamina D - Vita D3,VITAFOR,1069,395,SEM_SUBGRUPO,SEM_SUBGRUPO,True,False,0.1218,,0,,0.0,Sem relação clara,variações parecidas (corr. +0.12),0.0,2026-10-04
SuperCoffee,CAFFEINE ARMY,Feno Grego + Boro 500mg,OCEAN DROP,459,699,SEM_SUBGRUPO,SEM_SUBGRUPO,True,True,0.2807,,0,,0.0,Sem relação clara,variações parecidas (corr. +0.28),0.0,2026-10-04
Termogênico - Lipix6,VITAFOR,Colágeno - Collagen Protein Hidrolisado Berries Silvestres 450g PURAVIDA,PURAVIDA,330,652,SEM_SUBGRUPO,SEM_SUBGRUPO,True,True,0.1125,,0,,0.0,Sem relação clara,variações parecidas (corr. +0.11),0.0,2026-10-04
Vitamina D3 + K2,NUTRIFY,Complexo B,ESSENTIAL,1331,1339,SEM_SUBGRUPO,SEM_SUBGRUPO,True,True,0.3174,,0,,0.0,Sem relação clara,variações parecidas (corr. +0.32),0.0,2026-10-04
Coenzima Q10 + Ômega 3 + Vitamina E,ESSENTIAL,Whey Tech 100%,ATLHETICA NUTRITION,534,589,SEM_SUBGRUPO,SEM_SUBGRUPO,True,True,0.1681,,0,,0.0,Sem relação clara,variações parecidas (corr. +0.17),0.0,2026-10-04
SuperCoffee Língua de gato - Kopenhagen,CAFFEINE ARMY,Magnésio - Inositol Relief 3.0,TRUE SOURCE,1384,634,SEM_SUBGRUPO,SEM_SUBGRUPO,True,True,0.0031,-0.48,7,0.4763,1.0,Sem relação clara,"nos picos de um, o outro não caiu; variações independentes (corr. +0.00); saem juntos 0.5× o esperado",0.0,2026-10-04
Creatina 100%,NUTRIFY,Omegafor Plus,VITAFOR,1097,375,SEM_SUBGRUPO,SEM_SUBGRUPO,True,False,0.1188,,0,,0.0,Sem relação clara,variações parecidas (corr. +0.12),0.0,2026-10-04
Melatonina,PURAVIDA,L-Taurina - 1.000mg,VITAFOR,1067,405,SEM_SUBGRUPO,SEM_SUBGRUPO,True,True,0.1021,,0,,0.0,Sem relação clara,variações parecidas (corr. +0.10),0.0,2026-10-04
Pasta de Amendoim,DR. PEANUT,Extrato de Laranja Moro 400mg,OCEAN DROP,1020,700,SEM_SUBGRUPO,SEM_SUBGRUPO,True,True,0.0934,,0,,0.0,Sem relação clara,variações independentes (corr. +0.09),0.0,2026-10-04
Ômega 3,TRUE SOURCE,Snack Proteico,OCEAN DROP,1499,1970,SEM_SUBGRUPO,SEM_SUBGRUPO,True,True,0.0503,,0,,0.0,Sem relação clara,variações independentes (corr. +0.05),0.0,2026-10-04
Barra Chocolate 70%,ZEROMILK,100% Whey Pure,INTEGRALMEDICA,754,910,SEM_SUBGRUPO,SEM_SUBGRUPO,True,True,0.3329,,0,,0.0,Sem relação clara,variações parecidas (corr. +0.33),0.0,2026-10-04
Vitamina B12,NUTRIFY,Vitamina D - Vita D3,VITAFOR,1330,395,SEM_SUBGRUPO,SEM_SUBGRUPO,True,True,0.0425,,0,,0.0,Sem relação clara,variações independentes (corr. +0.04),0.0,2026-10-04
Colágeno Hidrolisado - Collagen Pro 18g,NUTRIFY,Whey Protein Concentrado Cappuccino 900g DUX,DUX,210,937,SEM_SUBGRUPO,SEM_SUBGRUPO,True,True,0.0253,,0,,0.0,Sem relação clara,variações independentes (corr. +0.03),0.0,2026-10-04
Ômega - Mega DHA,VITAFOR,Morning Shot - Imunidade,SUBLYME,76,782,SEM_SUBGRUPO,SEM_SUBGRUPO,True,True,0.1048,,0,,0.0,Sem relação clara,variações parecidas (corr. +0.10),0.0,2026-10-04
NAC PRO,DUX,Creatina 100% Pure,TRUE SOURCE,1853,82,SEM_SUBGRUPO,SEM_SUBGRUPO,True,True,0.0439,,0,,0.0,Sem relação clara,variações independentes (corr. +0.04),0.0,2026-10-04
Vitamina D - Vita D3,VITAFOR,Cúrcuma Plus,VITAFOR,395,433,SEM_SUBGRUPO,SEM_SUBGRUPO,True,False,0.2055,-0.2727,8,,0.0,Sem relação clara,"nos picos de um, o outro não caiu; variações parecidas (corr. +0.21)",0.0,2026-10-04
Cúrcuma Plus,VITAFOR,Fresh Whey,DUX,433,861,SEM_SUBGRUPO,SEM_SUBGRUPO,True,False,0.0577,-0.0098,16,0.3995,1.0,Sem relação clara,"nos picos de um, o outro não caiu; variações independentes (corr. +0.06); saem juntos 0.4× o esperado",0.0,2026-10-04
Pasta de Amendoim Integral,MANDUBIM,Própolis Verde - Propomax,APIS FLORA,1073,1117,SEM_SUBGRUPO,SEM_SUBGRUPO,True,True,0.1564,,0,,0.0,Sem relação clara,variações parecidas (corr. +0.16),0.0,2026-10-04
Ômega 3 - EPA DHA - 1000mg,EQUALIV,Whey Protein Concentrado,DUX,1215,940,SEM_SUBGRUPO,SEM_SUBGRUPO,True,False,0.0012,-0.1493,19,,0.0,Sem relação clara,"nos picos de um, o outro não caiu; variações independentes (corr. +0.00)",0.0,2026-10-04
Ômega 3  - 1360mg,NUTRIFY,Cúrcuma - Curcumagic,PURAVIDA,1660,658,SEM_SUBGRUPO,SEM_SUBGRUPO,True,True,0.1022,,0,,0.0,Sem relação clara,variações parecidas (corr. +0.10),0.0,2026-10-04
Probiótico - Simcaps,VITAFOR,Palatinose,VITAFOR,368,374,SEM_SUBGRUPO,SEM_SUBGRUPO,True,True,0.079,,0,,0.0,Sem relação clara,variações independentes (corr. +0.08),0.0,2026-10-04
Whey Protein Concentrado,DUX,Whey Tech 100%,ATLHETICA NUTRITION,2,453,SEM_SUBGRUPO,SEM_SUBGRUPO,True,False,0.1777,,0,0.6624,1.0,Sem relação clara,variações parecidas (corr. +0.18); saem juntos 0.7× o esperado,0.0,2026-10-04
Pasta de Amendoim Integral,MANDUBIM,Achocolatado - Choco Family - Refil,VITAFOR,1073,528,SEM_SUBGRUPO,SEM_SUBGRUPO,True,True,0.0179,,0,,0.0,Sem relação clara,variações independentes (corr. +0.02),0.0,2026-10-04
Glutamina,DUX,Creatina Monohidratada - Creatine,VITAFOR,474,71,SEM_SUBGRUPO,SEM_SUBGRUPO,True,False,0.068,-0.0956,10,0.5071,1.0,Sem relação clara,"nos picos de um, o outro não caiu; variações independentes (corr. +0.07); saem juntos 0.5× o esperado",0.0,2026-10-04
Vitamina B12,NUTRIFY,Vitamina C - Bio Vit C+,PURAVIDA,1330,663,SEM_SUBGRUPO,SEM_SUBGRUPO,True,True,0.1901,,0,,0.0,Sem relação clara,variações parecidas (corr. +0.19),0.0,2026-10-04
Bio Zinco,PURAVIDA,Shot Matinal,OCEAN DROP,619,698,SEM_SUBGRUPO,SEM_SUBGRUPO,True,True,0.0172,,0,,0.0,Sem relação clara,variações independentes (corr. +0.02),0.0,2026-10-04
Ômega Core,ESSENTIAL,Tasty Whey 3W Gourmet,ADAPTOGEN,1011,107,SEM_SUBGRUPO,SEM_SUBGRUPO,True,True,0.1,,0,,0.0,Sem relação clara,variações parecidas (corr. +0.10),0.0,2026-10-04
Vitamina D - Vita D3,VITAFOR,Fresh Whey,DUX,397,861,SEM_SUBGRUPO,SEM_SUBGRUPO,True,False,0.0253,-0.1605,18,0.4076,1.0,Sem relação clara,"nos picos de um, o outro não caiu; variações independentes (corr. +0.03); saem juntos 0.4× o esperado",0.0,2026-10-04
Whey Fort 3W,VITAFOR,Proteína Isolada e Hidrolisada - Body Protein,EQUALIV,166,519,SEM_SUBGRUPO,SEM_SUBGRUPO,True,True,0.1335,,0,,0.0,Sem relação clara,variações parecidas (corr. +0.13),0.0,2026-10-04
Bom Ciclo,CENTRAL NUTRITION,NAC Acetilcisteína -  600mg,EQUALIV,336,994,SEM_SUBGRUPO,SEM_SUBGRUPO,True,True,0.1781,,0,,0.0,Sem relação clara,variações parecidas (corr. +0.18),0.0,2026-10-04
Colágeno - Collagen Essential Protein,ESSENTIAL,Fresh Whey,DUX,1052,862,SEM_SUBGRUPO,SEM_SUBGRUPO,True,True,0.1563,,0,,0.0,Sem relação clara,variações parecidas (corr. +0.16),0.0,2026-10-04
Probiótico - Simcaps,VITAFOR,Ferro Quelato + Vitamina C,OCEAN DROP,368,697,SEM_SUBGRUPO,SEM_SUBGRUPO,True,True,0.1566,,0,,0.0,Sem relação clara,variações parecidas (corr. +0.16),0.0,2026-10-04
Colágeno - Collagen Essential Protein,ESSENTIAL,Ômega 3 Pulse,PURAVIDA,1048,546,SEM_SUBGRUPO,SEM_SUBGRUPO,True,True,0.0833,,0,,0.0,Sem relação clara,variações independentes (corr. +0.08),0.0,2026-10-04
Ômega 3 EPA DHA,PURAVIDA,Ômega 3 EPA DHA,VITAFOR,54,72,SEM_SUBGRUPO,SEM_SUBGRUPO,True,False,0.0143,-0.1612,16,,0.0,Sem relação clara,"nos picos de um, o outro não caiu; variações independentes (corr. +0.01)",0.0,2026-10-04
Whey Protein Crisp - Isocrisp,VITAFOR,Morning Shot - Imunidade,SUBLYME,426,455,SEM_SUBGRUPO,SEM_SUBGRUPO,True,True,0.0815,,0,,0.0,Sem relação clara,variações independentes (corr. +0.08),0.0,2026-10-04
Fresh Whey,DUX,Colágeno Collagen Skin,ESSENTIAL,1415,215,SEM_SUBGRUPO,SEM_SUBGRUPO,True,True,0.1087,,0,,0.0,Sem relação clara,variações parecidas (corr. +0.11),0.0,2026-10-04
"Boraprim - Borragem, Prímula e Gergelim",VITAFOR,SuperCoffee,CAFFEINE ARMY,419,459,SEM_SUBGRUPO,SEM_SUBGRUPO,True,True,0.0736,,0,,0.0,Sem relação clara,variações independentes (corr. +0.07),0.0,2026-10-04
Suplemento Alimentar - Pura Fiber,PURAVIDA,Glutamina - Glutamax,VITAFOR,1056,406,SEM_SUBGRUPO,SEM_SUBGRUPO,True,True,0.341,,0,,0.0,Sem relação clara,variações parecidas (corr. +0.34),0.0,2026-10-04
Laranja Moro - Moroskinny,EQUALIV,Whey Protein Concentrado,DUX,1593,1705,SEM_SUBGRUPO,SEM_SUBGRUPO,True,True,0.1507,,0,,0.0,Sem relação clara,variações parecidas (corr. +0.15),0.0,2026-10-04
Termogênico - Lipix6,VITAFOR,Morning Shot - Imunidade,SUBLYME,330,455,SEM_SUBGRUPO,SEM_SUBGRUPO,True,True,0.0378,,0,,0.0,Sem relação clara,variações independentes (corr. +0.04),0.0,2026-10-04
Refil 100% Whey Protein - Flavour,ATLHETICA NUTRITION,Coenzima Q10 + Ômega 3 + Vitamina E,ESSENTIAL,1590,534,SEM_SUBGRUPO,SEM_SUBGRUPO,True,True,0.0961,,0,,0.0,Sem relação clara,variações independentes (corr. +0.10),0.0,2026-10-04
Vitamina - Good Mood,NUTRIFY,Coenzima Q10,OCEAN DROP,616,681,SEM_SUBGRUPO,SEM_SUBGRUPO,True,True,0.1959,,0,,0.0,Sem relação clara,variações parecidas (corr. +0.20),0.0,2026-10-04
Glutamina - Glutamax,VITAFOR,NAC Acetilcisteína -  600mg,EQUALIV,421,994,SEM_SUBGRUPO,SEM_SUBGRUPO,True,True,0.2544,,0,,0.0,Sem relação clara,variações parecidas (corr. +0.25),0.0,2026-10-04
Aminoácidos - Aminolift,ESSENTIAL,Fresh Whey,DUX,1105,1342,SEM_SUBGRUPO,SEM_SUBGRUPO,True,True,0.212,,0,,0.0,Sem relação clara,variações parecidas (corr. +0.21),0.0,2026-10-04
Refil Whey Protein - 3W,BOLD,Coenzima Q10 - 200mg,CENTRAL NUTRITION,1708,369,SEM_SUBGRUPO,SEM_SUBGRUPO,True,True,0.0255,,0,,0.0,Sem relação clara,variações independentes (corr. +0.03),0.0,2026-10-04
Magnésio Inositol,NUTRIFY,Probiótico - Simfort Plus,VITAFOR,1205,360,SEM_SUBGRUPO,SEM_SUBGRUPO,True,True,0.0342,,0,,0.0,Sem relação clara,variações independentes (corr. +0.03),0.0,2026-10-04
Fresh Vegan,DUX,Tasty Whey 3W Gourmet,ADAPTOGEN,1116,948,SEM_SUBGRUPO,SEM_SUBGRUPO,True,True,0.1726,,0,,0.0,Sem relação clara,variações parecidas (corr. +0.17),0.0,2026-10-04
Suplemento Alimentar - Alpha Inflaminus,PURAVIDA,Tasty Whey 3W Gourmet,ADAPTOGEN,1274,948,SEM_SUBGRUPO,SEM_SUBGRUPO,True,True,0.3007,,0,,0.0,Sem relação clara,variações parecidas (corr. +0.30),0.0,2026-10-04
Colágeno - Colagentek II,VITAFOR,Whey Protein Isolado,DUX,1781,944,SEM_SUBGRUPO,SEM_SUBGRUPO,True,True,0.324,,0,,0.0,Sem relação clara,variações parecidas (corr. +0.32),0.0,2026-10-04
Colágeno - Collagen Renew Hidrolisado,NUTRIFY,Granola,KOBBER,1093,1146,SEM_SUBGRUPO,SEM_SUBGRUPO,True,True,0.1832,,0,,0.0,Sem relação clara,variações parecidas (corr. +0.18),0.0,2026-10-04
Whey Protein Concentrado - Sachê,MAIS MU,Whey 3W -  Sachê,BOLD,1939,1942,SEM_SUBGRUPO,SEM_SUBGRUPO,True,True,0.4299,,0,,0.0,Sem relação clara,variações parecidas (corr. +0.43),0.0,2026-10-04
Tasty Whey 3W Gourmet,ADAPTOGEN,Magnésio Inositol,EQUALIV,947,991,SEM_SUBGRUPO,SEM_SUBGRUPO,True,True,0.2148,,0,,0.0,Sem relação clara,variações parecidas (corr. +0.21),0.0,2026-10-04
Whey 3W -  Sachê,BOLD,Vitamina C3 - 1000mg,VITAFOR,1941,348,SEM_SUBGRUPO,SEM_SUBGRUPO,True,True,0.1184,,0,,0.0,Sem relação clara,variações parecidas (corr. +0.12),0.0,2026-10-04
Suplemento - Hyaluronic Hair,VITAFOR,Ômega 3 - EPA DHA - 1000mg,EQUALIV,1035,1213,SEM_SUBGRUPO,SEM_SUBGRUPO,True,True,0.0002,,0,,0.0,Sem relação clara,variações independentes (corr. +0.00),0.0,2026-10-04
Aminoácido - Aminovita,VITAFOR,Whey Isolado - Iso Triple Zero,INTEGRALMEDICA,381,945,SEM_SUBGRUPO,SEM_SUBGRUPO,True,True,0.0634,,0,,0.0,Sem relação clara,variações independentes (corr. +0.06),0.0,2026-10-04
Colágeno - Collagen Gut,ESSENTIAL,Proteína Isolada e Hidrolisada - Body Protein,EQUALIV,214,520,SEM_SUBGRUPO,SEM_SUBGRUPO,True,True,0.0331,,0,,0.0,Sem relação clara,variações independentes (corr. +0.03),0.0,2026-10-04
Whey Protein Concentrado,DUX,Whey Protein Isolado,DUX,936,943,SEM_SUBGRUPO,SEM_SUBGRUPO,True,True,0.0357,-0.0098,17,,0.0,Sem relação clara,"nos picos de um, o outro não caiu; variações independentes (corr. +0.04)",0.0,2026-10-04
Biotina Plus,LAUTON,Melatonina Fast,EQUALIV,807,992,SEM_SUBGRUPO,SEM_SUBGRUPO,True,True,0.0022,,0,,0.0,Sem relação clara,variações independentes (corr. +0.00),0.0,2026-10-04
Bio Ferro,PURAVIDA,Whey Tech 100%,ATLHETICA NUTRITION,1069,453,SEM_SUBGRUPO,SEM_SUBGRUPO,True,False,0.1122,,0,,0.0,Sem relação clara,variações parecidas (corr. +0.11),0.0,2026-10-04
Vitamina B9 - Ácido Fólico,PURAVIDA,Matchá - Chá Verde em Pó,OCEAN DROP,1237,714,SEM_SUBGRUPO,SEM_SUBGRUPO,True,True,0.1467,,0,,0.0,Sem relação clara,variações parecidas (corr. +0.15),0.0,2026-10-04
Suplemento de Magnésio - Blue Calm,PURAVIDA,Bio Cálcio  60 caps PURAVIDA,PURAVIDA,1239,917,SEM_SUBGRUPO,SEM_SUBGRUPO,True,True,0.0021,,0,,0.0,Sem relação clara,variações independentes (corr. +0.00),0.0,2026-10-04
Colágeno - Colagentek Protein - Bodybalance,VITAFOR,Colágeno - Collagen Tipo II 40mg,NUTRIFY,1452,657,SEM_SUBGRUPO,SEM_SUBGRUPO,True,True,0.0685,,0,,0.0,Sem relação clara,variações independentes (corr. +0.07),0.0,2026-10-04
Bio Ferro,PURAVIDA,Super Ômega 3,ESSENTIAL,1069,30,SEM_SUBGRUPO,SEM_SUBGRUPO,True,True,0.1797,,0,,0.0,Sem relação clara,variações parecidas (corr. +0.18),0.0,2026-10-04
Coenzima Q10 (200mg p/ porção),VITAFOR,Ômega - Mega DHA,VITAFOR,449,76,SEM_SUBGRUPO,SEM_SUBGRUPO,True,True,0.125,,0,,0.0,Sem relação clara,variações parecidas (corr. +0.12),0.0,2026-10-04
Ômega 3 - Omegafor Memory,VITAFOR,Colágeno - Collagen Tipo II 40mg,NUTRIFY,394,657,SEM_SUBGRUPO,SEM_SUBGRUPO,True,True,0.3383,,0,,0.0,Sem relação clara,variações parecidas (corr. +0.34),0.0,2026-10-04
Coffee - Brainstorm,ESSENTIAL,Vitamina D3 + K2 Gotas,PURAVIDA,1103,592,SEM_SUBGRUPO,SEM_SUBGRUPO,True,True,0.2929,,0,,0.0,Sem relação clara,variações parecidas (corr. +0.29),0.0,2026-10-04
Vitamina D - Vita D3,VITAFOR,Whey Protein Concentrado,DUX,397,938,SEM_SUBGRUPO,SEM_SUBGRUPO,True,False,0.016,-0.118,14,0.1737,1.0,Sem relação clara,"nos picos de um, o outro não caiu; variações independentes (corr. +0.02); saem juntos 0.2× o esperado",0.0,2026-10-04
Suplemento Alimentar - Pura Fiber,PURAVIDA,Beta Alanina,VITAFOR,1056,391,SEM_SUBGRUPO,SEM_SUBGRUPO,True,True,0.0311,,0,,0.0,Sem relação clara,variações independentes (corr. +0.03),0.0,2026-10-04
Ômega 3 EPA DHA,VITAFOR,Whey Protein Concentrado,DUX,77,939,SEM_SUBGRUPO,SEM_SUBGRUPO,True,False,0.2336,-0.3471,8,1.0648,3.0,Sem relação clara,"nos picos de um, o outro não caiu; variações parecidas (corr. +0.23); saem juntos 1.1× o esperado",0.0,2026-10-04
Coenzima Q10+ 200mg,PURAVIDA,Whey hidrolisado e isolado,TRUE SOURCE,1459,84,SEM_SUBGRUPO,SEM_SUBGRUPO,True,True,0.0536,,0,,0.0,Sem relação clara,variações independentes (corr. +0.05),0.0,2026-10-04
Omegafor Family - Ômega 3,VITAFOR,"Boraprim - Borragem, Prímula e Gergelim",VITAFOR,1450,419,SEM_SUBGRUPO,SEM_SUBGRUPO,True,True,0.0946,,0,,0.0,Sem relação clara,variações independentes (corr. +0.09),0.0,2026-10-04
Whey,ESSENTIAL,Whey,ESSENTIAL,34,35,SEM_SUBGRUPO,SEM_SUBGRUPO,True,True,0.1931,,0,,0.0,Sem relação clara,variações parecidas (corr. +0.19),0.0,2026-10-04
Colágeno - Collagen Renew Hidrolisado,NUTRIFY,Creatina Monohidratada,MAX TITANIUM,1093,999,SEM_SUBGRUPO,SEM_SUBGRUPO,True,True,0.1735,,0,,0.0,Sem relação clara,variações parecidas (corr. +0.17),0.0,2026-10-04
Proteína Isolada e Hidrolisada - Body Protein,EQUALIV,Ultracoffee - Vegano,PLANT POWER,1124,538,SEM_SUBGRUPO,SEM_SUBGRUPO,True,True,0.0203,,0,,0.0,Sem relação clara,variações independentes (corr. +0.02),0.0,2026-10-04
Eletrólitos,LIQUIDZ,Whey 3W -  Sachê,BOLD,1897,1941,SEM_SUBGRUPO,SEM_SUBGRUPO,True,True,0.1694,,0,,0.0,Sem relação clara,variações parecidas (corr. +0.17),0.0,2026-10-04
Cúrcuma - Curcumagic,PURAVIDA,Cranberry - She She Comfort,OCEAN DROP,658,680,SEM_SUBGRUPO,SEM_SUBGRUPO,True,True,0.0095,,0,,0.0,Sem relação clara,variações independentes (corr. +0.01),0.0,2026-10-04
Multivitaminino - Multi All,NUTRIFY,Gel Nitrato,DOBRO,1775,988,SEM_SUBGRUPO,SEM_SUBGRUPO,True,True,0.0392,,0,,0.0,Sem relação clara,variações independentes (corr. +0.04),0.0,2026-10-04
Whey Fort 3W,VITAFOR,Whey Protein Isolado - Isofort,VITAFOR,341,73,SEM_SUBGRUPO,SEM_SUBGRUPO,True,True,0.0381,,0,,0.0,Sem relação clara,variações independentes (corr. +0.04),0.0,2026-10-04
Tablete de Doce,FLORMEL,Barrinha de Proteína,DUX,837,899,SEM_SUBGRUPO,SEM_SUBGRUPO,True,True,0.0663,,0,,0.0,Sem relação clara,variações independentes (corr. +0.07),0.0,2026-10-04
Própolis - Green Própolis,NUTRIFY,Sleep,KOALA,1326,800,SEM_SUBGRUPO,SEM_SUBGRUPO,True,True,0.0465,,0,,0.0,Sem relação clara,variações independentes (corr. +0.05),0.0,2026-10-04
Melatonina - Ydrosolv,YOSEN,Vitamina C - Bio Vit C+,PURAVIDA,1137,663,SEM_SUBGRUPO,SEM_SUBGRUPO,True,True,0.1772,,0,,0.0,Sem relação clara,variações parecidas (corr. +0.18),0.0,2026-10-04
Creatina Monohidratada,EQUALIV,N-Acetil Cisteína (NAC),PURAVIDA,1228,1719,SEM_SUBGRUPO,SEM_SUBGRUPO,True,True,0.2363,,0,,0.0,Sem relação clara,variações parecidas (corr. +0.24),0.0,2026-10-04
Whey Isolado - Isofort Ultra Imuno,VITAFOR,Laranja Moro,LAUTON,1112,957,SEM_SUBGRUPO,SEM_SUBGRUPO,True,True,0.1985,,0,,0.0,Sem relação clara,variações parecidas (corr. +0.20),0.0,2026-10-04
Suplemento Alimentar - Pura Fiber,PURAVIDA,Ômega 3 Fosfatix,PURAVIDA,1056,52,SEM_SUBGRUPO,SEM_SUBGRUPO,True,True,0.012,,0,,0.0,Sem relação clara,variações independentes (corr. +0.01),0.0,2026-10-04
Vitamina D - Vita D3,VITAFOR,Whey Protein Concentrado,DUX,397,935,SEM_SUBGRUPO,SEM_SUBGRUPO,True,False,0.1178,-0.1612,13,1.2315,3.0,Sem relação clara,"nos picos de um, o outro não caiu; variações parecidas (corr. +0.12); saem juntos 1.2× o esperado",0.0,2026-10-04
Vitamina D3,NUTRIFY,Termogênico - Lipix6,VITAFOR,1204,726,SEM_SUBGRUPO,SEM_SUBGRUPO,True,True,0.1449,,0,,0.0,Sem relação clara,variações parecidas (corr. +0.14),0.0,2026-10-04
Glutamina em Pó,PURAVIDA,Psyllium,MOSTEIRO DEVAKAN,647,801,SEM_SUBGRUPO,SEM_SUBGRUPO,True,True,0.0673,,0,,0.0,Sem relação clara,variações independentes (corr. +0.07),0.0,2026-10-04
Super Ômega 3,ESSENTIAL,Tasty Whey 3W Gourmet,ADAPTOGEN,38,948,SEM_SUBGRUPO,SEM_SUBGRUPO,True,True,0.3332,,0,,0.0,Sem relação clara,variações parecidas (corr. +0.33),0.0,2026-10-04
Melatonina Duo,ESSENTIAL,Achocolatado - Chocoki,ESSENTIAL,1106,549,SEM_SUBGRUPO,SEM_SUBGRUPO,True,True,0.1598,,0,,0.0,Sem relação clara,variações parecidas (corr. +0.16),0.0,2026-10-04
Ômega Core,ESSENTIAL,Melatonina Duo Harmony,ESSENTIAL,1011,1107,SEM_SUBGRUPO,SEM_SUBGRUPO,True,True,0.1348,,0,,0.0,Sem relação clara,variações parecidas (corr. +0.13),0.0,2026-10-04
NAC + Glycine + Taurine,ESSENTIAL,Livestrong,ESSENTIAL,1250,1874,SEM_SUBGRUPO,SEM_SUBGRUPO,True,True,0.3289,,0,,0.0,Sem relação clara,variações parecidas (corr. +0.33),0.0,2026-10-04
"Vitaminas A, E, D e K2- RESTAURE® - Gotas",CENTRAL NUTRITION,Coenzima Q10 - 200mg,CENTRAL NUTRITION,363,369,SEM_SUBGRUPO,SEM_SUBGRUPO,True,True,0.1085,,0,,0.0,Sem relação clara,variações parecidas (corr. +0.11),0.0,2026-10-04
Gold Whey Concentrado Refil,ADAPTOGEN,Beef Protein,ESSENTIAL,111,1219,SEM_SUBGRUPO,SEM_SUBGRUPO,True,True,0.0477,,0,,0.0,Sem relação clara,variações independentes (corr. +0.05),0.0,2026-10-04
Whey 3W,MAX TITANIUM,Immuno Whey,ESSENTIAL,1001,1220,SEM_SUBGRUPO,SEM_SUBGRUPO,True,True,0.1468,,0,,0.0,Sem relação clara,variações parecidas (corr. +0.15),0.0,2026-10-04
Fresh Whey,DUX,Super Ômega 3,ESSENTIAL,1415,32,SEM_SUBGRUPO,SEM_SUBGRUPO,True,True,0.1336,,0,,0.0,Sem relação clara,variações parecidas (corr. +0.13),0.0,2026-10-04
Colágeno - Collagen Essential Protein,ESSENTIAL,Gold Whey Concentrado Refil,ADAPTOGEN,1051,112,SEM_SUBGRUPO,SEM_SUBGRUPO,True,True,0.0417,,0,,0.0,Sem relação clara,variações independentes (corr. +0.04),0.0,2026-10-04
Vitamina D3 + K2 Gotas,PURAVIDA,Creatina Monohidratada,MAX TITANIUM,592,999,SEM_SUBGRUPO,SEM_SUBGRUPO,True,True,0.0601,,0,,0.0,Sem relação clara,variações independentes (corr. +0.06),0.0,2026-10-04
Beef Protein,ESSENTIAL,Suplemento Alimentar - Slim Body 400mg,OCEAN DROP,1219,715,SEM_SUBGRUPO,SEM_SUBGRUPO,True,True,0.0509,,0,,0.0,Sem relação clara,variações independentes (corr. +0.05),0.0,2026-10-04
Suplemento Alimentar - Alpha Inflaminus,PURAVIDA,Cúrcuma - Curcumagic,PURAVIDA,1274,658,SEM_SUBGRUPO,SEM_SUBGRUPO,True,True,0.0143,,0,,0.0,Sem relação clara,variações independentes (corr. +0.01),0.0,2026-10-04
Suplemento Alimentar - L-teanina - Happy Theanine,ESSENTIAL,Granola Australia - Low Carb,HART`S NATURAL,1108,1141,SEM_SUBGRUPO,SEM_SUBGRUPO,True,True,0.0671,,0,,0.0,Sem relação clara,variações independentes (corr. +0.07),0.0,2026-10-04
Creatina Monohidratada (Creapure),NUTRIFY,Whey Protein Concentrado Cappuccino 900g DUX,DUX,44,937,SEM_SUBGRUPO,SEM_SUBGRUPO,True,True,0.1405,,0,,0.0,Sem relação clara,variações parecidas (corr. +0.14),0.0,2026-10-04
Glutamina,DUX,Whey Protein Concentrado,DUX,474,936,SEM_SUBGRUPO,SEM_SUBGRUPO,True,False,0.0434,-0.0299,14,0.8205,2.0,Sem relação clara,"nos picos de um, o outro não caiu; variações independentes (corr. +0.04); saem juntos 0.8× o esperado",0.0,2026-10-04
Ômega 3 EPA DHA,PURAVIDA,Ômega 3 Super DHA - BIG N,PURAVIDA,54,925,SEM_SUBGRUPO,SEM_SUBGRUPO,True,False,0.2367,-0.3189,19,,0.0,Sem relação clara,"nos picos de um, o outro não caiu; variações parecidas (corr. +0.24)",0.0,2026-10-04
Creatina 100%,NUTRIFY,Creatina Monohidratada,ATLHETICA NUTRITION,1097,141,SEM_SUBGRUPO,SEM_SUBGRUPO,True,False,0.1394,-0.0515,6,,0.0,Sem relação clara,"nos picos de um, o outro não caiu; variações parecidas (corr. +0.14)",0.0,2026-10-04
Refil Whey 100% Pure,INTEGRALMEDICA,100% Whey Protein - Flavour,ATLHETICA NUTRITION,139,145,SEM_SUBGRUPO,SEM_SUBGRUPO,True,True,0.0683,,0,,0.0,Sem relação clara,variações independentes (corr. +0.07),0.0,2026-10-04
Vitamina B9 - Ácido Fólico,PURAVIDA,Pré-Treino,DUX,1237,1560,SEM_SUBGRUPO,SEM_SUBGRUPO,True,True,0.076,,0,,0.0,Sem relação clara,variações independentes (corr. +0.08),0.0,2026-10-04
Colágeno - Colagentek II,VITAFOR,Suplemento Alimentar - GUARDIAN®,CENTRAL NUTRITION,1781,357,SEM_SUBGRUPO,SEM_SUBGRUPO,True,True,0.0751,,0,,0.0,Sem relação clara,variações independentes (corr. +0.08),0.0,2026-10-04
Whey Protein Concentrado,DUX,Whey Protein Isolado,DUX,939,941,SEM_SUBGRUPO,SEM_SUBGRUPO,True,False,0.1191,-0.3478,9,,0.0,Sem relação clara,"nos picos de um, o outro não caiu; variações parecidas (corr. +0.12)",0.0,2026-10-04
Aminoácido - Aminovita,VITAFOR,Whey,ESSENTIAL,381,40,SEM_SUBGRUPO,SEM_SUBGRUPO,True,True,0.1509,,0,,0.0,Sem relação clara,variações parecidas (corr. +0.15),0.0,2026-10-04
Colágeno - Colagentek,VITAFOR,Vitamina B12,OCEAN DROP,393,707,SEM_SUBGRUPO,SEM_SUBGRUPO,True,True,0.169,,0,,0.0,Sem relação clara,variações parecidas (corr. +0.17),0.0,2026-10-04
Colágeno - Colagentek,VITAFOR,Prebiótico,OCEAN DROP,445,696,SEM_SUBGRUPO,SEM_SUBGRUPO,True,True,0.1238,,0,,0.0,Sem relação clara,variações parecidas (corr. +0.12),0.0,2026-10-04
Termogênico - Lipix6,VITAFOR,SuperCoffee,CAFFEINE ARMY,330,459,SEM_SUBGRUPO,SEM_SUBGRUPO,True,True,0.0551,,0,,0.0,Sem relação clara,variações independentes (corr. +0.06),0.0,2026-10-04
Beta Alanina,VITAFOR,Cúrcuma Plus,VITAFOR,407,433,SEM_SUBGRUPO,SEM_SUBGRUPO,True,True,0.1852,-0.1636,8,1.1506,2.0,Sem relação clara,"nos picos de um, o outro não caiu; variações parecidas (corr. +0.19); saem juntos 1.2× o esperado",0.0,2026-10-04
Bio Ferro,PURAVIDA,Whey Protein Concentrado,DUX,1069,2,SEM_SUBGRUPO,SEM_SUBGRUPO,True,False,0.0647,,0,,0.0,Sem relação clara,variações independentes (corr. +0.06),0.0,2026-10-04
Whey Isolado - Isofort Ultra Imuno,VITAFOR,Aminoácidos - Aminnu EAAs,CENTRAL NUTRITION,1112,333,SEM_SUBGRUPO,SEM_SUBGRUPO,True,True,0.1052,,0,,0.0,Sem relação clara,variações parecidas (corr. +0.11),0.0,2026-10-04
Whey 3W,MAX TITANIUM,Refil Whey Concentrado - W100,NUTRATA,1001,1157,SEM_SUBGRUPO,SEM_SUBGRUPO,True,True,0.0421,,0,,0.0,Sem relação clara,variações independentes (corr. +0.04),0.0,2026-10-04
Própolis Alcoólico,APIS FLORA,Gel Nitrato com L-Citrulinilarginina,DOBRO,1120,989,SEM_SUBGRUPO,SEM_SUBGRUPO,True,True,0.1802,,0,,0.0,Sem relação clara,variações parecidas (corr. +0.18),0.0,2026-10-04
Colágeno - Collagen Renew Hidrolisado,NUTRIFY,Pré-treino - Energyzer & focus,TRUE SOURCE,1093,1110,SEM_SUBGRUPO,SEM_SUBGRUPO,True,True,0.2446,,0,,0.0,Sem relação clara,variações parecidas (corr. +0.24),0.0,2026-10-04
Tasty Whey 3W Gourmet,ADAPTOGEN,Creatina - Gummy,GUDAY,107,1632,SEM_SUBGRUPO,SEM_SUBGRUPO,True,True,0.3775,,0,,0.0,Sem relação clara,variações parecidas (corr. +0.38),0.0,2026-10-04
SuperCoffee Língua de gato - Kopenhagen,CAFFEINE ARMY,Ômega 3 EPA DHA,PURAVIDA,1384,54,SEM_SUBGRUPO,SEM_SUBGRUPO,True,False,0.079,-0.0289,23,,0.0,Sem relação clara,"nos picos de um, o outro não caiu; variações independentes (corr. +0.08)",0.0,2026-10-04
Glutamina,NUTRIFY,Probióticos em Pó - Simfort,VITAFOR,1327,365,SEM_SUBGRUPO,SEM_SUBGRUPO,True,True,0.1095,,0,,0.0,Sem relação clara,variações parecidas (corr. +0.11),0.0,2026-10-04
Própolis Trio,TRUE SOURCE,Vitamina B12,YOSEN,1044,1131,SEM_SUBGRUPO,SEM_SUBGRUPO,True,True,0.0248,,0,,0.0,Sem relação clara,variações independentes (corr. +0.02),0.0,2026-10-04
Creatina 100%,NUTRIFY,Glutamina em Pó,PURAVIDA,1097,647,SEM_SUBGRUPO,SEM_SUBGRUPO,True,True,0.0308,,0,,0.0,Sem relação clara,variações independentes (corr. +0.03),0.0,2026-10-04
Whey Protein Concentrado,DUX,Whey Protein Concentrado,DUX,936,940,SEM_SUBGRUPO,SEM_SUBGRUPO,True,True,0.0441,-0.186,28,0.462,5.0,Sem relação clara,"nos picos de um, o outro não caiu; variações independentes (corr. +0.04); saem juntos 0.5× o esperado",0.0,2026-10-04
Ômega 3 - Ultra Caps 1000mg,EQUALIV,Coenzima Q10  (200mg p/ porção),VITAFOR,1212,450,SEM_SUBGRUPO,SEM_SUBGRUPO,True,True,0.1361,,0,,0.0,Sem relação clara,variações parecidas (corr. +0.14),0.0,2026-10-04
Próbiotico - Purabiotics,PURAVIDA,Creatina,INTEGRALMEDICA,220,783,SEM_SUBGRUPO,SEM_SUBGRUPO,True,True,0.126,,0,,0.0,Sem relação clara,variações parecidas (corr. +0.13),0.0,2026-10-04
Colágeno - Collagen Gut,ESSENTIAL,Whey Protein Isolado - Isofort,VITAFOR,214,73,SEM_SUBGRUPO,SEM_SUBGRUPO,True,True,0.0204,,0,,0.0,Sem relação clara,variações independentes (corr. +0.02),0.0,2026-10-04
Granola Australia - Low Carb,HART`S NATURAL,Barrinha - Body Protein,EQUALIV,1141,1577,SEM_SUBGRUPO,SEM_SUBGRUPO,True,True,0.1074,,0,,0.0,Sem relação clara,variações parecidas (corr. +0.11),0.0,2026-10-04
Glutamina,DUX,Creatina Monohidratada,OCEAN DROP,474,685,SEM_SUBGRUPO,SEM_SUBGRUPO,True,False,0.0804,-0.0688,15,0.544,1.0,Sem relação clara,"nos picos de um, o outro não caiu; variações independentes (corr. +0.08); saem juntos 0.5× o esperado",0.0,2026-10-04
100% Whey Pure,INTEGRALMEDICA,Colágeno Collagen Skin,ESSENTIAL,170,215,SEM_SUBGRUPO,SEM_SUBGRUPO,True,True,0.0466,,0,,0.0,Sem relação clara,variações independentes (corr. +0.05),0.0,2026-10-04
Ômega 3 - 1360mg,NUTRIFY,Whey Protein Concentrado,DUX,635,939,SEM_SUBGRUPO,SEM_SUBGRUPO,True,True,0.0837,-0.6724,4,,0.0,Sem relação clara,"nos picos de um, o outro não caiu; variações independentes (corr. +0.08)",0.0,2026-10-04
Tasty Whey 3W Gourmet,ADAPTOGEN,Whey Protein Isolado,DUX,1670,1725,SEM_SUBGRUPO,SEM_SUBGRUPO,True,True,0.1998,,0,,0.0,Sem relação clara,variações parecidas (corr. +0.20),0.0,2026-10-04
Creatina Monohidratada,PURAVIDA,Colágeno - Collagen Gut,ESSENTIAL,1484,214,SEM_SUBGRUPO,SEM_SUBGRUPO,True,True,0.0422,,0,,0.0,Sem relação clara,variações independentes (corr. +0.04),0.0,2026-10-04
Creatina 100%,NUTRIFY,SuperCoffee Língua de gato - Kopenhagen,CAFFEINE ARMY,1097,1384,SEM_SUBGRUPO,SEM_SUBGRUPO,True,False,0.0367,-0.0414,10,,0.0,Sem relação clara,"nos picos de um, o outro não caiu; variações independentes (corr. +0.04)",0.0,2026-10-04
Whey - Immuno Golden,ESSENTIAL,Glutamina,ESSENTIAL,1099,1109,SEM_SUBGRUPO,SEM_SUBGRUPO,True,True,0.1425,,0,,0.0,Sem relação clara,variações parecidas (corr. +0.14),0.0,2026-10-04
Refil Whey 100% Pure,INTEGRALMEDICA,#Whey Fort 3W,VITAFOR,139,337,SEM_SUBGRUPO,SEM_SUBGRUPO,True,True,0.2324,,0,,0.0,Sem relação clara,variações parecidas (corr. +0.23),0.0,2026-10-04
BT Nitrato 400,DOBRO,BT Nitrato,DOBRO,481,983,SEM_SUBGRUPO,SEM_SUBGRUPO,True,True,0.1822,,0,,0.0,Sem relação clara,variações parecidas (corr. +0.18),0.0,2026-10-04
Ômega 3,TRUE SOURCE,Proteína Vegana - Immuno Veggie,ESSENTIAL,1498,39,SEM_SUBGRUPO,SEM_SUBGRUPO,True,True,0.2009,,0,,0.0,Sem relação clara,variações parecidas (corr. +0.20),0.0,2026-10-04
SuperCoffee Língua de gato - Kopenhagen,CAFFEINE ARMY,Whey Protein Concentrado,DUX,1384,940,SEM_SUBGRUPO,SEM_SUBGRUPO,True,False,0.0011,-0.3762,24,0.8237,5.0,Sem relação clara,"nos picos de um, o outro não caiu; variações independentes (corr. +0.00); saem juntos 0.8× o esperado",0.0,2026-10-04
Coenzima Q10 + Ômega 3 + Vitamina E,ESSENTIAL,Ômega 3 EPA DHA,PURAVIDA,534,54,SEM_SUBGRUPO,SEM_SUBGRUPO,True,False,0.0774,-0.0534,19,0.7865,1.0,Sem relação clara,"nos picos de um, o outro não caiu; variações independentes (corr. +0.08); saem juntos 0.8× o esperado",0.0,2026-10-04
Salgadinho,BELIVE,Salgadinho,BELIVE,1646,1647,SEM_SUBGRUPO,SEM_SUBGRUPO,True,True,0.6622,,0,,0.0,Sem relação clara,variações parecidas (corr. +0.66),0.0,2026-10-04
Barrinha de Proteína - Protein Crisp Bar,INTEGRALMEDICA,Whey Tech 100%,ATLHETICA NUTRITION,1037,454,SEM_SUBGRUPO,SEM_SUBGRUPO,True,True,0.1478,,0,,0.0,Sem relação clara,variações parecidas (corr. +0.15),0.0,2026-10-04
Omegafor Plus,VITAFOR,Ômega 3 EPA DHA,PURAVIDA,375,54,SEM_SUBGRUPO,SEM_SUBGRUPO,True,False,0.312,-0.1224,13,,0.0,Sem relação clara,"nos picos de um, o outro não caiu; variações parecidas (corr. +0.31)",0.0,2026-10-04
Fresh Whey,DUX,100% Whey Pure,INTEGRALMEDICA,1415,168,SEM_SUBGRUPO,SEM_SUBGRUPO,True,True,0.057,,0,,0.0,Sem relação clara,variações independentes (corr. +0.06),0.0,2026-10-04
Coenzima Q10 - 100mg,CENTRAL NUTRITION,NAC Acetilcisteína -  600mg,EQUALIV,366,994,SEM_SUBGRUPO,SEM_SUBGRUPO,True,True,0.2984,,0,,0.0,Sem relação clara,variações parecidas (corr. +0.30),0.0,2026-10-04
Coenzima Q10,YOSEN,Termogênico - Termo Plus,VITAFOR,1129,1572,SEM_SUBGRUPO,SEM_SUBGRUPO,True,True,0.0212,,0,,0.0,Sem relação clara,variações independentes (corr. +0.02),0.0,2026-10-04
Coenzima  Q10 - 100mg,NUTRIFY,Ômega 3 EPA DHA,VITAFOR,617,77,SEM_SUBGRUPO,SEM_SUBGRUPO,True,True,0.0271,,0,,0.0,Sem relação clara,variações independentes (corr. +0.03),0.0,2026-10-04
Cranberry - She She Comfort,OCEAN DROP,Resveratrol 500mg,OCEAN DROP,680,709,SEM_SUBGRUPO,SEM_SUBGRUPO,True,True,0.1625,,0,,0.0,Sem relação clara,variações parecidas (corr. +0.16),0.0,2026-10-04
Vitamina D - Vita D3 + C + Zinco,VITAFOR,Colágeno - Colagentek,VITAFOR,400,442,SEM_SUBGRUPO,SEM_SUBGRUPO,True,True,0.0594,,0,,0.0,Sem relação clara,variações independentes (corr. +0.06),0.0,2026-10-04
Creatina Monohidratada,DUX,Fresh Whey,DUX,486,861,SEM_SUBGRUPO,SEM_SUBGRUPO,True,False,0.1882,-0.2576,24,1.2082,9.0,Sem relação clara,"nos picos de um, o outro não caiu; variações parecidas (corr. +0.19); saem juntos 1.2× o esperado",0.0,2026-10-04
Ômega 3 - 1360mg,NUTRIFY,Whey Protein Concentrado Cappuccino 900g DUX,DUX,635,937,SEM_SUBGRUPO,SEM_SUBGRUPO,True,True,0.1216,,0,,0.0,Sem relação clara,variações parecidas (corr. +0.12),0.0,2026-10-04
Whey Protein - Isofort Beauty,VITAFOR,Aminoácidos - Aminnu EAAs,CENTRAL NUTRITION,1201,331,SEM_SUBGRUPO,SEM_SUBGRUPO,True,True,0.109,,0,,0.0,Sem relação clara,variações parecidas (corr. +0.11),0.0,2026-10-04
Cafeína,DUX,Vitamina C - Bio Vit C+,PURAVIDA,1091,663,SEM_SUBGRUPO,SEM_SUBGRUPO,True,True,0.2059,,0,,0.0,Sem relação clara,variações parecidas (corr. +0.21),0.0,2026-10-04
Coenzima Q10 + Ômega 3 + Vitamina E,ESSENTIAL,Whey Protein Concentrado,DUX,534,940,SEM_SUBGRUPO,SEM_SUBGRUPO,True,False,0.0014,-0.0107,20,1.0754,3.0,Sem relação clara,"nos picos de um, o outro não caiu; variações independentes (corr. +0.00); saem juntos 1.1× o esperado",0.0,2026-10-04
Vitamina D3 + K2 Gotas,PURAVIDA,Termogênico - Lipix6,VITAFOR,592,726,SEM_SUBGRUPO,SEM_SUBGRUPO,True,True,0.1636,,0,,0.0,Sem relação clara,variações parecidas (corr. +0.16),0.0,2026-10-04
Suplemento Alimentar  - Hepatofor,VITAFOR,Whey Isolado - Iso Triple Zero,INTEGRALMEDICA,423,945,SEM_SUBGRUPO,SEM_SUBGRUPO,True,True,0.1262,,0,,0.0,Sem relação clara,variações parecidas (corr. +0.13),0.0,2026-10-04
Proteína Isolada e Hidrolisada - Body Protein,EQUALIV,Colágeno - Collagen Protein Hidrolisado Berries Silvestres 450g PURAVIDA,PURAVIDA,520,652,SEM_SUBGRUPO,SEM_SUBGRUPO,True,True,0.2012,,0,,0.0,Sem relação clara,variações parecidas (corr. +0.20),0.0,2026-10-04
Psyllium,OCEAN DROP,Whey Protein Concentrado,DUX,704,935,SEM_SUBGRUPO,SEM_SUBGRUPO,True,False,0.1687,-0.024,6,,0.0,Sem relação clara,"nos picos de um, o outro não caiu; variações parecidas (corr. +0.17)",0.0,2026-10-04
Fresh Whey,DUX,Probióticos em Pó - Simfort,VITAFOR,1415,365,SEM_SUBGRUPO,SEM_SUBGRUPO,True,True,0.1715,,0,,0.0,Sem relação clara,variações parecidas (corr. +0.17),0.0,2026-10-04
Colágeno - Colagentek,VITAFOR,Suplemento Alimentar - Green Shot,OCEAN DROP,393,712,SEM_SUBGRUPO,SEM_SUBGRUPO,True,True,0.2964,,0,,0.0,Sem relação clara,variações parecidas (corr. +0.30),0.0,2026-10-04
Palatinose,PURAVIDA,Whey - Isocrisp Pouch,VITAFOR,1240,906,SEM_SUBGRUPO,SEM_SUBGRUPO,True,True,0.0761,,0,,0.0,Sem relação clara,variações independentes (corr. +0.08),0.0,2026-10-04
Ômega Golden,ESSENTIAL,BT Nitrato,DOBRO,1010,983,SEM_SUBGRUPO,SEM_SUBGRUPO,True,True,0.1269,,0,,0.0,Sem relação clara,variações parecidas (corr. +0.13),0.0,2026-10-04
Ômega 3 EPA DHA,PURAVIDA,Creatina Monohidratada,OCEAN DROP,54,685,SEM_SUBGRUPO,SEM_SUBGRUPO,True,False,0.1752,-0.2401,28,1.0752,4.0,Sem relação clara,"nos picos de um, o outro não caiu; variações parecidas (corr. +0.18); saem juntos 1.1× o esperado",0.0,2026-10-04
Whey - Immuno Golden,ESSENTIAL,Ultracoffee - Vegano,PLANT POWER,1099,538,SEM_SUBGRUPO,SEM_SUBGRUPO,True,True,0.2041,,0,,0.0,Sem relação clara,variações parecidas (corr. +0.20),0.0,2026-10-04
Colágeno Tipo II - Artro Aid,NUTRIFY,Refil Whey 100% Pure,INTEGRALMEDICA,1329,140,SEM_SUBGRUPO,SEM_SUBGRUPO,True,True,0.2994,,0,,0.0,Sem relação clara,variações parecidas (corr. +0.30),0.0,2026-10-04
#Whey Fort 3W,VITAFOR,Ultracoffee - Vegano,PLANT POWER,337,538,SEM_SUBGRUPO,SEM_SUBGRUPO,True,True,0.2525,,0,,0.0,Sem relação clara,variações parecidas (corr. +0.25),0.0,2026-10-04
Coenzima Q10 + Ômega 3 + Vitamina E,ESSENTIAL,Fresh Whey,DUX,534,861,SEM_SUBGRUPO,SEM_SUBGRUPO,True,False,0.0268,-0.0799,14,,0.0,Sem relação clara,"nos picos de um, o outro não caiu; variações independentes (corr. +0.03)",0.0,2026-10-04
Suplemento de Magnésio - Blue Calm,PURAVIDA,Suplemento Alimentar - Green Shot,OCEAN DROP,1238,712,SEM_SUBGRUPO,SEM_SUBGRUPO,True,True,0.1266,,0,,0.0,Sem relação clara,variações parecidas (corr. +0.13),0.0,2026-10-04
Omegafor Family - Ômega 3,VITAFOR,Termogênico - Lipix6,VITAFOR,1450,330,SEM_SUBGRUPO,SEM_SUBGRUPO,True,True,0.0534,,0,,0.0,Sem relação clara,variações independentes (corr. +0.05),0.0,2026-10-04
Gold Whey Concentrado Refil,ADAPTOGEN,Whey hidrolisado e isolado,TRUE SOURCE,113,86,SEM_SUBGRUPO,SEM_SUBGRUPO,True,True,0.3153,,0,,0.0,Sem relação clara,variações parecidas (corr. +0.32),0.0,2026-10-04
Creatina 100%,NUTRIFY,Creatina Monohidratada - Creatine,VITAFOR,1097,71,SEM_SUBGRUPO,SEM_SUBGRUPO,True,False,0.0827,-0.0221,10,,0.0,Sem relação clara,"nos picos de um, o outro não caiu; variações independentes (corr. +0.08)",0.0,2026-10-04
Suplemento Alimentar - Pura Fiber,PURAVIDA,Pré-treino - Energyzer & focus,TRUE SOURCE,1056,1110,SEM_SUBGRUPO,SEM_SUBGRUPO,True,True,0.1544,,0,,0.0,Sem relação clara,variações parecidas (corr. +0.15),0.0,2026-10-04
Própolis Verde - Propomax,APIS FLORA,Ômega 3 - EPA DHA - 1000mg,EQUALIV,1117,1214,SEM_SUBGRUPO,SEM_SUBGRUPO,True,True,0.0042,,0,,0.0,Sem relação clara,variações independentes (corr. +0.00),0.0,2026-10-04
Aminoácidos - Aminnu EAAs - Sem Xilitol,CENTRAL NUTRITION,Ômega 3 EPA DHA,VITAFOR,1456,376,SEM_SUBGRUPO,SEM_SUBGRUPO,True,True,0.1045,,0,,0.0,Sem relação clara,variações parecidas (corr. +0.10),0.0,2026-10-04
Barrinha de Proteína,DUX,Melatonina Fast,EQUALIV,901,992,SEM_SUBGRUPO,SEM_SUBGRUPO,True,True,0.1004,,0,,0.0,Sem relação clara,variações parecidas (corr. +0.10),0.0,2026-10-04
Colágeno Hidrolisado - Collagen Pro 18g,NUTRIFY,BT Nitrato 400,DOBRO,210,480,SEM_SUBGRUPO,SEM_SUBGRUPO,True,True,0.0018,,0,,0.0,Sem relação clara,variações independentes (corr. +0.00),0.0,2026-10-04
Colágeno -  Collagen Gut,ESSENTIAL,Fresh Whey,DUX,1251,862,SEM_SUBGRUPO,SEM_SUBGRUPO,True,True,0.206,,0,,0.0,Sem relação clara,variações parecidas (corr. +0.21),0.0,2026-10-04
Coenzima Q10 200mg,LAUTON,Melatonina,OCEAN DROP,1408,705,SEM_SUBGRUPO,SEM_SUBGRUPO,True,True,0.2438,,0,,0.0,Sem relação clara,variações parecidas (corr. +0.24),0.0,2026-10-04
Whey Isolado - Isofort Ultra Imuno,VITAFOR,Tasty Whey 3W Gourmet,ADAPTOGEN,1112,1670,SEM_SUBGRUPO,SEM_SUBGRUPO,True,True,0.4458,,0,,0.0,Sem relação clara,variações parecidas (corr. +0.45),0.0,2026-10-04
Tasty Whey 3W Gourmet,ADAPTOGEN,Cúrcuma - Curcumagic,PURAVIDA,1670,658,SEM_SUBGRUPO,SEM_SUBGRUPO,True,True,0.032,,0,,0.0,Sem relação clara,variações independentes (corr. +0.03),0.0,2026-10-04
Omegafor Family - Ômega 3,VITAFOR,BT Nitrato,DOBRO,1450,983,SEM_SUBGRUPO,SEM_SUBGRUPO,True,True,0.1142,,0,,0.0,Sem relação clara,variações parecidas (corr. +0.11),0.0,2026-10-04
Creatina 100%,NUTRIFY,Psyllium,OCEAN DROP,1092,704,SEM_SUBGRUPO,SEM_SUBGRUPO,True,True,0.1448,,0,,0.0,Sem relação clara,variações parecidas (corr. +0.14),0.0,2026-10-04
Whey Tech 100%,ATLHETICA NUTRITION,Creatina Monohidratada -  Crealift (Creapure),ESSENTIAL,454,633,SEM_SUBGRUPO,SEM_SUBGRUPO,True,True,0.1362,,0,,0.0,Sem relação clara,variações parecidas (corr. +0.14),0.0,2026-10-04
Omegafor Family - Ômega 3,VITAFOR,Super Ômega 3,ESSENTIAL,1247,32,SEM_SUBGRUPO,SEM_SUBGRUPO,True,True,0.0635,,0,,0.0,Sem relação clara,variações independentes (corr. +0.06),0.0,2026-10-04
Whey Protein Isolado - Tasty Iso,ADAPTOGEN,Whey Fort 3W,VITAFOR,1333,341,SEM_SUBGRUPO,SEM_SUBGRUPO,True,True,0.0906,,0,,0.0,Sem relação clara,variações independentes (corr. +0.09),0.0,2026-10-04
Whey,ESSENTIAL,Ômega 3 Super DHA BIG,PURAVIDA,40,926,SEM_SUBGRUPO,SEM_SUBGRUPO,True,True,0.0814,,0,,0.0,Sem relação clara,variações independentes (corr. +0.08),0.0,2026-10-04
Whey Protein Isolado,DUX,Whey Protein Isolado,DUX,1725,944,SEM_SUBGRUPO,SEM_SUBGRUPO,True,True,0.0189,,0,,0.0,Sem relação clara,variações independentes (corr. +0.02),0.0,2026-10-04
Proteína Isolada e Hidrolisada - Body Protein,EQUALIV,Suplemento Alimentar - GUARDIAN®,CENTRAL NUTRITION,1124,358,SEM_SUBGRUPO,SEM_SUBGRUPO,True,True,0.114,,0,,0.0,Sem relação clara,variações parecidas (corr. +0.11),0.0,2026-10-04
Própolis Trio,TRUE SOURCE,Melatonina,OCEAN DROP,1044,705,SEM_SUBGRUPO,SEM_SUBGRUPO,True,True,0.0187,,0,,0.0,Sem relação clara,variações independentes (corr. +0.02),0.0,2026-10-04
Vitamina - Good Mood,NUTRIFY,Beta Alanina 100%,NUTRATA,616,638,SEM_SUBGRUPO,SEM_SUBGRUPO,True,True,0.0316,,0,,0.0,Sem relação clara,variações independentes (corr. +0.03),0.0,2026-10-04
100% Whey Protein - Flavour,ATLHETICA NUTRITION,Fresh Whey,DUX,144,950,SEM_SUBGRUPO,SEM_SUBGRUPO,True,True,0.1878,,0,,0.0,Sem relação clara,variações parecidas (corr. +0.19),0.0,2026-10-04
Colágeno - Collagen Essential Protein,ESSENTIAL,Body Protein Vegano,EQUALIV,1050,1227,SEM_SUBGRUPO,SEM_SUBGRUPO,True,True,0.1464,,0,,0.0,Sem relação clara,variações parecidas (corr. +0.15),0.0,2026-10-04
Ômega 3 EPA DHA,PURAVIDA,Ômega 3 EPA DHA,VITAFOR,54,77,SEM_SUBGRUPO,SEM_SUBGRUPO,True,False,0.1254,-0.0616,17,,0.0,Sem relação clara,"nos picos de um, o outro não caiu; variações parecidas (corr. +0.13)",0.0,2026-10-04
Pasta de Amendoim,DR. PEANUT,Fibras Prébioticas - Prebiotic,NUTRIFY,1020,1328,SEM_SUBGRUPO,SEM_SUBGRUPO,True,True,0.1309,,0,,0.0,Sem relação clara,variações parecidas (corr. +0.13),0.0,2026-10-04
Vitamina B9 - Ácido Fólico,PURAVIDA,Laranja Moro - Moroskinny,EQUALIV,1237,1593,SEM_SUBGRUPO,SEM_SUBGRUPO,True,True,0.1852,,0,,0.0,Sem relação clara,variações parecidas (corr. +0.19),0.0,2026-10-04
Colágeno - Collagen Renew Hidrolisado,NUTRIFY,Coenzima Q10,OCEAN DROP,1093,681,SEM_SUBGRUPO,SEM_SUBGRUPO,True,True,0.1193,,0,,0.0,Sem relação clara,variações parecidas (corr. +0.12),0.0,2026-10-04
SuperCoffee Língua de gato - Kopenhagen,CAFFEINE ARMY,Cúrcuma Plus,VITAFOR,1384,433,SEM_SUBGRUPO,SEM_SUBGRUPO,True,False,0.1556,-0.1206,18,0.2448,1.0,Sem relação clara,"nos picos de um, o outro não caiu; variações parecidas (corr. +0.16); saem juntos 0.2× o esperado",0.0,2026-10-04
Melatonina em Gotas,VITAFOR,Magnésio,NUTRIFY,378,615,SEM_SUBGRUPO,SEM_SUBGRUPO,True,True,0.0219,,0,,0.0,Sem relação clara,variações independentes (corr. +0.02),0.0,2026-10-04
Probiótico - Simfort Plus,VITAFOR,Ômega 3 EPA DHA,VITAFOR,402,72,SEM_SUBGRUPO,SEM_SUBGRUPO,True,False,0.0208,-0.1429,3,0.7236,2.0,Sem relação clara,"nos picos de um, o outro não caiu; variações independentes (corr. +0.02); saem juntos 0.7× o esperado",0.0,2026-10-04
Fresh Whey,DUX,Sleep,KOALA,1342,800,SEM_SUBGRUPO,SEM_SUBGRUPO,True,True,0.0734,,0,,0.0,Sem relação clara,variações independentes (corr. +0.07),0.0,2026-10-04
Whey Fort 3W,VITAFOR,Creatina Monohidratada -  Crealift (Creapure),ESSENTIAL,332,633,SEM_SUBGRUPO,SEM_SUBGRUPO,True,True,0.1562,,0,,0.0,Sem relação clara,variações parecidas (corr. +0.16),0.0,2026-10-04
Beta Alanina,VITAFOR,Pré-Treino,OCEAN DROP,391,689,SEM_SUBGRUPO,SEM_SUBGRUPO,True,True,0.024,,0,,0.0,Sem relação clara,variações independentes (corr. +0.02),0.0,2026-10-04
Whey Tech 100%,ATLHETICA NUTRITION,Vitamina D3 + K2,OCEAN DROP,589,706,SEM_SUBGRUPO,SEM_SUBGRUPO,True,True,0.1169,,0,,0.0,Sem relação clara,variações parecidas (corr. +0.12),0.0,2026-10-04
Fresh Whey,DUX,Whey Protein Concentrado,DUX,861,938,SEM_SUBGRUPO,SEM_SUBGRUPO,True,False,0.1696,-0.1476,12,,0.0,Sem relação clara,"nos picos de um, o outro não caiu; variações parecidas (corr. +0.17)",0.0,2026-10-04
Whey Fort 3W,VITAFOR,Probiótico - Simcaps,VITAFOR,341,368,SEM_SUBGRUPO,SEM_SUBGRUPO,True,True,0.0091,,0,,0.0,Sem relação clara,variações independentes (corr. +0.01),0.0,2026-10-04
Refil 100% Whey Protein - Flavour,ATLHETICA NUTRITION,Multivitaminino - Multi All,NUTRIFY,1590,1775,SEM_SUBGRUPO,SEM_SUBGRUPO,True,True,0.253,,0,,0.0,Sem relação clara,variações parecidas (corr. +0.25),0.0,2026-10-04
Colágeno Collagen Skin,ESSENTIAL,Whey,ESSENTIAL,215,34,SEM_SUBGRUPO,SEM_SUBGRUPO,True,True,0.0238,,0,,0.0,Sem relação clara,variações independentes (corr. +0.02),0.0,2026-10-04
Ômega 3 - EPA DHA - 1000mg,EQUALIV,Resveratrol 500mg,OCEAN DROP,1214,709,SEM_SUBGRUPO,SEM_SUBGRUPO,True,True,0.2648,,0,,0.0,Sem relação clara,variações parecidas (corr. +0.26),0.0,2026-10-04
Bio Vitamina B12 em gotas,PURAVIDA,Isofort Plant (Life Vegan),VITAFOR,1065,427,SEM_SUBGRUPO,SEM_SUBGRUPO,True,True,0.0645,,0,,0.0,Sem relação clara,variações independentes (corr. +0.06),0.0,2026-10-04
Melatonina Duo,ESSENTIAL,Isofort Plant (Life Vegan),VITAFOR,1106,427,SEM_SUBGRUPO,SEM_SUBGRUPO,True,True,0.1947,,0,,0.0,Sem relação clara,variações parecidas (corr. +0.19),0.0,2026-10-04
Ômega Golden,ESSENTIAL,SuperCoffee,CAFFEINE ARMY,1010,459,SEM_SUBGRUPO,SEM_SUBGRUPO,True,True,0.2717,,0,,0.0,Sem relação clara,variações parecidas (corr. +0.27),0.0,2026-10-04
Proteína Isolada e Hidrolisada - Body Protein Red,EQUALIV,Achocolatado - Chocoki,ESSENTIAL,523,549,SEM_SUBGRUPO,SEM_SUBGRUPO,True,True,0.2061,,0,,0.0,Sem relação clara,variações parecidas (corr. +0.21),0.0,2026-10-04
Omegafor Plus,VITAFOR,Cúrcuma Plus,VITAFOR,375,433,SEM_SUBGRUPO,SEM_SUBGRUPO,True,False,0.1621,-0.1,8,1.3302,4.0,Sem relação clara,"nos picos de um, o outro não caiu; variações parecidas (corr. +0.16); saem juntos 1.3× o esperado",0.0,2026-10-04
Fresh Whey,DUX,Aminoácido - Aminovita,VITAFOR,1415,381,SEM_SUBGRUPO,SEM_SUBGRUPO,True,True,0.1829,,0,,0.0,Sem relação clara,variações parecidas (corr. +0.18),0.0,2026-10-04
Ferro Plus,VITAFOR,Vitamina C3 - 1000mg,VITAFOR,1886,348,SEM_SUBGRUPO,SEM_SUBGRUPO,True,True,0.1301,,0,,0.0,Sem relação clara,variações parecidas (corr. +0.13),0.0,2026-10-04
Ômega 3,TRUE SOURCE,NAC,OCEAN DROP,1498,1966,SEM_SUBGRUPO,SEM_SUBGRUPO,True,True,0.3091,,0,,0.0,Sem relação clara,variações parecidas (corr. +0.31),0.0,2026-10-04
Salgadinho,BELIVE,W100 Whey Concentrado Havanna - Sachê,NUTRATA,1647,1936,SEM_SUBGRUPO,SEM_SUBGRUPO,True,True,0.1812,,0,,0.0,Sem relação clara,variações parecidas (corr. +0.18),0.0,2026-10-04
Colágeno Collagen Skin,ESSENTIAL,Aminoácido - Aminovita,VITAFOR,215,381,SEM_SUBGRUPO,SEM_SUBGRUPO,True,True,0.0233,,0,,0.0,Sem relação clara,variações independentes (corr. +0.02),0.0,2026-10-04
Probiótico - Simfort Plus,VITAFOR,Creatina Monohidratada - Creatine,VITAFOR,402,71,SEM_SUBGRUPO,SEM_SUBGRUPO,True,False,0.0043,0.0,10,0.7652,3.0,Sem relação clara,"nos picos de um, o outro não caiu; variações independentes (corr. +0.00); saem juntos 0.8× o esperado",0.0,2026-10-04
Proteína Isolada e Hidrolisada - Body Protein,EQUALIV,Whey Protein Isolado - Isofort,VITAFOR,520,73,SEM_SUBGRUPO,SEM_SUBGRUPO,True,True,0.0923,,0,,0.0,Sem relação clara,variações independentes (corr. +0.09),0.0,2026-10-04
Ômega 3 - EPA DHA - 1000mg,EQUALIV,Colágeno - Collagen Protein Hidrolisado Berries Silvestres 450g PURAVIDA,PURAVIDA,1215,652,SEM_SUBGRUPO,SEM_SUBGRUPO,True,True,0.1157,,0,,0.0,Sem relação clara,variações parecidas (corr. +0.12),0.0,2026-10-04
Melatonina Duo Harmony,ESSENTIAL,BT Nitrato 400,DOBRO,1107,480,SEM_SUBGRUPO,SEM_SUBGRUPO,True,True,0.1771,,0,,0.0,Sem relação clara,variações parecidas (corr. +0.18),0.0,2026-10-04
Suplemento Alimentar - L-teanina - Happy Theanine,ESSENTIAL,Refil Whey Concentrado - W100,NUTRATA,1108,1158,SEM_SUBGRUPO,SEM_SUBGRUPO,True,True,0.1316,,0,,0.0,Sem relação clara,variações parecidas (corr. +0.13),0.0,2026-10-04
Colágeno - Colagentek II,VITAFOR,Colágeno - Colagentek Protein - Bodybalance,VITAFOR,388,390,SEM_SUBGRUPO,SEM_SUBGRUPO,True,True,0.127,,0,,0.0,Sem relação clara,variações parecidas (corr. +0.13),0.0,2026-10-04
Vitamina D3 + K2 Gotas,PURAVIDA,Coenzima Q10,OCEAN DROP,592,681,SEM_SUBGRUPO,SEM_SUBGRUPO,True,True,0.0197,,0,,0.0,Sem relação clara,variações independentes (corr. +0.02),0.0,2026-10-04
Probiótico - Simfort Plus,VITAFOR,Whey Protein Concentrado,DUX,402,938,SEM_SUBGRUPO,SEM_SUBGRUPO,True,False,0.1274,-0.0833,4,,0.0,Sem relação clara,"nos picos de um, o outro não caiu; variações parecidas (corr. +0.13)",0.0,2026-10-04
Omegafor Plus,VITAFOR,Whey Protein Concentrado,DUX,375,935,SEM_SUBGRUPO,SEM_SUBGRUPO,True,False,0.046,-0.439,3,0.5837,1.0,Sem relação clara,"nos picos de um, o outro não caiu; variações independentes (corr. +0.05); saem juntos 0.6× o esperado",0.0,2026-10-04
Creatina Monohidratada - Hardcore,INTEGRALMEDICA,Coenzima Q10  (200mg p/ porção),VITAFOR,134,450,SEM_SUBGRUPO,SEM_SUBGRUPO,True,True,0.0789,,0,,0.0,Sem relação clara,variações independentes (corr. +0.08),0.0,2026-10-04
Refil Whey 100% Pure,INTEGRALMEDICA,Whey Protein Isolado - Isofort,VITAFOR,138,74,SEM_SUBGRUPO,SEM_SUBGRUPO,True,True,0.1085,,0,,0.0,Sem relação clara,variações parecidas (corr. +0.11),0.0,2026-10-04
Glutamina,OCEAN DROP,Shot Matinal,OCEAN DROP,688,698,SEM_SUBGRUPO,SEM_SUBGRUPO,True,True,0.1468,,0,,0.0,Sem relação clara,variações parecidas (corr. +0.15),0.0,2026-10-04
Whey,ESSENTIAL,Whey Protein Isolado,DUX,33,4,SEM_SUBGRUPO,SEM_SUBGRUPO,True,True,0.1279,,0,,0.0,Sem relação clara,variações parecidas (corr. +0.13),0.0,2026-10-04
Refil Whey Concentrado - W100,NUTRATA,Colágeno - Colagentek Protein - Bodybalance,VITAFOR,1157,390,SEM_SUBGRUPO,SEM_SUBGRUPO,True,True,0.1982,,0,,0.0,Sem relação clara,variações parecidas (corr. +0.20),0.0,2026-10-04
Óleo de Prímula - 500mg,LAUTON,Feno Grego,LAUTON,806,952,SEM_SUBGRUPO,SEM_SUBGRUPO,True,True,0.1855,,0,,0.0,Sem relação clara,variações parecidas (corr. +0.19),0.0,2026-10-04
Colágeno - Collagen Renew Hidrolisado,NUTRIFY,Cúrcuma - Curcumagic,PURAVIDA,1093,658,SEM_SUBGRUPO,SEM_SUBGRUPO,True,True,0.2613,,0,,0.0,Sem relação clara,variações parecidas (corr. +0.26),0.0,2026-10-04
Omegafor Family - Ômega 3,VITAFOR,100% Whey Pure,INTEGRALMEDICA,1247,168,SEM_SUBGRUPO,SEM_SUBGRUPO,True,True,0.188,,0,,0.0,Sem relação clara,variações parecidas (corr. +0.19),0.0,2026-10-04
Refil Whey Concentrado - W100,NUTRATA,Probióticos em Pó - Simfort,VITAFOR,1485,365,SEM_SUBGRUPO,SEM_SUBGRUPO,True,True,0.3321,,0,,0.0,Sem relação clara,variações parecidas (corr. +0.33),0.0,2026-10-04
Vitamina D - Vita D3 + C + Zinco,VITAFOR,Suplemento Alimentar - Alpha Mater,PURAVIDA,400,932,SEM_SUBGRUPO,SEM_SUBGRUPO,True,True,0.1406,,0,,0.0,Sem relação clara,variações parecidas (corr. +0.14),0.0,2026-10-04
Vitamina B12,NUTRIFY,Beta Alanina,VITAFOR,1330,391,SEM_SUBGRUPO,SEM_SUBGRUPO,True,True,0.0054,,0,,0.0,Sem relação clara,variações independentes (corr. +0.01),0.0,2026-10-04
Bio Ferro,PURAVIDA,Vitamina D - Vita D3,VITAFOR,1069,397,SEM_SUBGRUPO,SEM_SUBGRUPO,True,False,0.286,-0.1296,10,,0.0,Sem relação clara,"nos picos de um, o outro não caiu; variações parecidas (corr. +0.29)",0.0,2026-10-04
Glutamina,ESSENTIAL,#Whey Fort 3W,VITAFOR,1109,337,SEM_SUBGRUPO,SEM_SUBGRUPO,True,True,0.1406,,0,,0.0,Sem relação clara,variações parecidas (corr. +0.14),0.0,2026-10-04
Coenzima Q10+ 200mg,PURAVIDA,N-Acetil Cisteína (NAC),PURAVIDA,1459,1719,SEM_SUBGRUPO,SEM_SUBGRUPO,True,True,0.0387,,0,,0.0,Sem relação clara,variações independentes (corr. +0.04),0.0,2026-10-04
Whey Protein - Isofort Beauty,VITAFOR,Salgadinho,BELIVE,1199,1647,SEM_SUBGRUPO,SEM_SUBGRUPO,True,True,0.0349,,0,,0.0,Sem relação clara,variações independentes (corr. +0.03),0.0,2026-10-04
Creatina 100%,NUTRIFY,Whey Tech 100%,ATLHETICA NUTRITION,1097,453,SEM_SUBGRUPO,SEM_SUBGRUPO,True,False,0.3268,,0,1.4507,1.0,Sem relação clara,variações parecidas (corr. +0.33); saem juntos 1.5× o esperado,0.0,2026-10-04
Creatina Monohidratada - Hardcore,INTEGRALMEDICA,Beta Alanina,VITAFOR,134,391,SEM_SUBGRUPO,SEM_SUBGRUPO,True,True,0.0046,,0,,0.0,Sem relação clara,variações independentes (corr. +0.00),0.0,2026-10-04
Snack Proteico,OCEAN DROP,Snack Proteico,OCEAN DROP,1969,1970,SEM_SUBGRUPO,SEM_SUBGRUPO,True,True,0.5124,,0,,0.0,Sem relação clara,variações parecidas (corr. +0.51),0.0,2026-10-04
Fresh Whey,DUX,Fresh Whey,DUX,1415,858,SEM_SUBGRUPO,SEM_SUBGRUPO,True,True,0.1782,,0,,0.0,Sem relação clara,variações parecidas (corr. +0.18),0.0,2026-10-04
Gold Whey Concentrado Refil,ADAPTOGEN,Ferro Quelado 34mg,LAUTON,113,1410,SEM_SUBGRUPO,SEM_SUBGRUPO,True,True,0.2076,,0,,0.0,Sem relação clara,variações parecidas (corr. +0.21),0.0,2026-10-04
Refil Whey Concentrado - W100,NUTRATA,Whey Protein Isolado,DUX,1157,942,SEM_SUBGRUPO,SEM_SUBGRUPO,True,True,0.1289,,0,,0.0,Sem relação clara,variações parecidas (corr. +0.13),0.0,2026-10-04
Whey 3W,MAX TITANIUM,Whey,ESSENTIAL,1001,34,SEM_SUBGRUPO,SEM_SUBGRUPO,True,True,0.209,,0,,0.0,Sem relação clara,variações parecidas (corr. +0.21),0.0,2026-10-04
Própolis Verde - Alcoólico,APIS FLORA,Cromo Picolinato - 250mg,LAUTON,1119,811,SEM_SUBGRUPO,SEM_SUBGRUPO,True,True,0.2136,,0,,0.0,Sem relação clara,variações parecidas (corr. +0.21),0.0,2026-10-04
Gold Whey Concentrado Refil,ADAPTOGEN,Whey Fort 3W,VITAFOR,113,334,SEM_SUBGRUPO,SEM_SUBGRUPO,True,True,0.3437,,0,,0.0,Sem relação clara,variações parecidas (corr. +0.34),0.0,2026-10-04
Vitamina B12,OCEAN DROP,Vitamina B12,OCEAN DROP,690,707,SEM_SUBGRUPO,SEM_SUBGRUPO,True,True,0.0396,,0,,0.0,Sem relação clara,variações independentes (corr. +0.04),0.0,2026-10-04
Colágeno - Collagen Protein Hidrolisado,PURAVIDA,Termogênico - Termo Plus,VITAFOR,651,902,SEM_SUBGRUPO,SEM_SUBGRUPO,True,True,0.1025,,0,,0.0,Sem relação clara,variações parecidas (corr. +0.10),0.0,2026-10-04
Fresh Whey,DUX,Ômega 3 Super DHA - BIG N,PURAVIDA,861,925,SEM_SUBGRUPO,SEM_SUBGRUPO,True,False,0.2032,-0.1287,14,,0.0,Sem relação clara,"nos picos de um, o outro não caiu; variações parecidas (corr. +0.20)",0.0,2026-10-04
Vitamina D3,ESSENTIAL,Whey Fort 3W,VITAFOR,1242,332,SEM_SUBGRUPO,SEM_SUBGRUPO,True,True,0.3639,,0,,0.0,Sem relação clara,variações parecidas (corr. +0.36),0.0,2026-10-04
100% Whey Protein - Flavour,ATLHETICA NUTRITION,Ultracoffee - Vegano,PLANT POWER,145,538,SEM_SUBGRUPO,SEM_SUBGRUPO,True,True,0.093,,0,,0.0,Sem relação clara,variações independentes (corr. +0.09),0.0,2026-10-04
Whey Concentrado - W100,NUTRATA,Fresh Whey,DUX,1486,859,SEM_SUBGRUPO,SEM_SUBGRUPO,True,True,0.1476,,0,,0.0,Sem relação clara,variações parecidas (corr. +0.15),0.0,2026-10-04
Ômega 3 EPA DHA,PURAVIDA,Ômega 3 - 1360mg,NUTRIFY,54,635,SEM_SUBGRUPO,SEM_SUBGRUPO,True,False,0.0738,-0.0306,13,,0.0,Sem relação clara,"nos picos de um, o outro não caiu; variações independentes (corr. +0.07)",0.0,2026-10-04
Creatina Monohidratada - Hardcore,INTEGRALMEDICA,100% Whey Pure,INTEGRALMEDICA,134,169,SEM_SUBGRUPO,SEM_SUBGRUPO,True,True,0.0703,,0,,0.0,Sem relação clara,variações independentes (corr. +0.07),0.0,2026-10-04
Whey 3W -  Sachê,BOLD,Gel Nitrato,DOBRO,1942,988,SEM_SUBGRUPO,SEM_SUBGRUPO,True,True,0.132,,0,,0.0,Sem relação clara,variações parecidas (corr. +0.13),0.0,2026-10-04
Suplemento de Magnésio - Blue Calm,PURAVIDA,Whey Fort 3W,VITAFOR,1475,341,SEM_SUBGRUPO,SEM_SUBGRUPO,True,True,0.0738,,0,,0.0,Sem relação clara,variações independentes (corr. +0.07),0.0,2026-10-04
Creatina Premium - Creapure,PURAVIDA,Whey Protein Isolado,DUX,60,944,SEM_SUBGRUPO,SEM_SUBGRUPO,True,True,0.1138,,0,,0.0,Sem relação clara,variações parecidas (corr. +0.11),0.0,2026-10-04
Refil Whey Concentrado - W100,NUTRATA,Multivitamínico - Vitalift,ESSENTIAL,1289,531,SEM_SUBGRUPO,SEM_SUBGRUPO,True,True,0.0864,,0,,0.0,Sem relação clara,variações independentes (corr. +0.09),0.0,2026-10-04
Proteína Vegana - Immuno Veggie,ESSENTIAL,Whey Protein Isolado,DUX,39,6,SEM_SUBGRUPO,SEM_SUBGRUPO,True,True,0.1721,,0,,0.0,Sem relação clara,variações parecidas (corr. +0.17),0.0,2026-10-04
Própolis Alcoólico,APIS FLORA,Vitamina B12,YOSEN,1120,1131,SEM_SUBGRUPO,SEM_SUBGRUPO,True,True,0.1928,,0,,0.0,Sem relação clara,variações parecidas (corr. +0.19),0.0,2026-10-04
Colágeno - Collagen Protein Hidrolisado,PURAVIDA,Magnésio - Bio Trimag,PURAVIDA,659,915,SEM_SUBGRUPO,SEM_SUBGRUPO,True,True,0.2102,,0,,0.0,Sem relação clara,variações parecidas (corr. +0.21),0.0,2026-10-04
Colágeno - Colagentek,VITAFOR,Glutamina em Pó,PURAVIDA,440,647,SEM_SUBGRUPO,SEM_SUBGRUPO,True,True,0.0818,,0,,0.0,Sem relação clara,variações independentes (corr. +0.08),0.0,2026-10-04
Coenzima Q10 - (100mg p/ porção),VITAFOR,Colágeno - Collagen Tipo II 40mg,NUTRIFY,451,657,SEM_SUBGRUPO,SEM_SUBGRUPO,True,True,0.1506,,0,,0.0,Sem relação clara,variações parecidas (corr. +0.15),0.0,2026-10-04
Creatina 100%,NUTRIFY,Probiótico - Simcaps,VITAFOR,1092,368,SEM_SUBGRUPO,SEM_SUBGRUPO,True,True,0.1142,,0,,0.0,Sem relação clara,variações parecidas (corr. +0.11),0.0,2026-10-04
Glutamina,NUTRIFY,Fresh Whey,DUX,1327,1415,SEM_SUBGRUPO,SEM_SUBGRUPO,True,True,0.037,,0,,0.0,Sem relação clara,variações independentes (corr. +0.04),0.0,2026-10-04
Whey Protein Isolado - Sachê,DUX,Cacao Whey - Sachê,ESSENTIAL,1916,1928,SEM_SUBGRUPO,SEM_SUBGRUPO,True,True,0.0845,,0,,0.0,Sem relação clara,variações independentes (corr. +0.08),0.0,2026-10-04
Suplemento para Imunidade - Immune Up 100%,NUTRIFY,Laranja Moro,LAUTON,219,957,SEM_SUBGRUPO,SEM_SUBGRUPO,True,True,0.187,,0,,0.0,Sem relação clara,variações parecidas (corr. +0.19),0.0,2026-10-04
Creatina Monohidratada,ATLHETICA NUTRITION,Vitamina D - Vita D3 + C + Zinco,VITAFOR,141,399,SEM_SUBGRUPO,SEM_SUBGRUPO,True,False,0.0674,-0.2613,9,0.9161,2.0,Sem relação clara,"nos picos de um, o outro não caiu; variações independentes (corr. +0.07); saem juntos 0.9× o esperado",0.0,2026-10-04
NAC 650mg,OCEAN DROP,Extrato de Laranja Moro 400mg,OCEAN DROP,695,700,SEM_SUBGRUPO,SEM_SUBGRUPO,True,True,0.1635,,0,,0.0,Sem relação clara,variações parecidas (corr. +0.16),0.0,2026-10-04
Resveratrol Plus - 165mg,VITAFOR,Vitamina D3 + K2,VITAFOR,373,908,SEM_SUBGRUPO,SEM_SUBGRUPO,True,True,0.0311,,0,,0.0,Sem relação clara,variações independentes (corr. +0.03),0.0,2026-10-04
100% Whey Pure,INTEGRALMEDICA,Whey Protein Isolado,PURAVIDA,170,50,SEM_SUBGRUPO,SEM_SUBGRUPO,True,True,0.1198,,0,,0.0,Sem relação clara,variações parecidas (corr. +0.12),0.0,2026-10-04
SuperCoffee Língua de gato - Kopenhagen,CAFFEINE ARMY,Whey Protein Concentrado,DUX,1384,3,SEM_SUBGRUPO,SEM_SUBGRUPO,True,True,0.1285,,0,0.6537,1.0,Sem relação clara,variações parecidas (corr. +0.13); saem juntos 0.7× o esperado,0.0,2026-10-04
Suplemento Alimentar - L-teanina - Happy Theanine,ESSENTIAL,Proteína - Isocrisp Plant Pouch,VITAFOR,1108,905,SEM_SUBGRUPO,SEM_SUBGRUPO,True,True,0.0383,,0,,0.0,Sem relação clara,variações independentes (corr. +0.04),0.0,2026-10-04
Creatina - Creafort (Creapure),VITAFOR,Creatina Monohidratada - Creatine,VITAFOR,434,71,SEM_SUBGRUPO,SEM_SUBGRUPO,True,True,0.0464,-0.2278,16,,0.0,Sem relação clara,"nos picos de um, o outro não caiu; variações independentes (corr. +0.05)",0.0,2026-10-04
Colágeno - Collagen Renew Hidrolisado,NUTRIFY,True Cúrcuma com Ômega,TRUE SOURCE,1096,1760,SEM_SUBGRUPO,SEM_SUBGRUPO,True,True,0.1787,,0,,0.0,Sem relação clara,variações parecidas (corr. +0.18),0.0,2026-10-04
Whey hidrolisado e isolado,TRUE SOURCE,Magnésio - Inositol Relief 3.0,TRUE SOURCE,85,987,SEM_SUBGRUPO,SEM_SUBGRUPO,True,True,0.2268,,0,,0.0,Sem relação clara,variações parecidas (corr. +0.23),0.0,2026-10-04
Probiótico - Simcaps,VITAFOR,Vitamina B12,OCEAN DROP,368,707,SEM_SUBGRUPO,SEM_SUBGRUPO,True,True,0.2161,,0,,0.0,Sem relação clara,variações parecidas (corr. +0.22),0.0,2026-10-04
Isofort Plant (Life Vegan),VITAFOR,Colágeno - Colagentek Beauty,VITAFOR,427,447,SEM_SUBGRUPO,SEM_SUBGRUPO,True,True,0.2122,,0,,0.0,Sem relação clara,variações parecidas (corr. +0.21),0.0,2026-10-04
L-Carnitina 530mg,VITAFOR,Suplemento Alimentar  - Hepatofor,VITAFOR,386,423,SEM_SUBGRUPO,SEM_SUBGRUPO,True,True,0.2513,,0,,0.0,Sem relação clara,variações parecidas (corr. +0.25),0.0,2026-10-04
Fresh Whey,DUX,Creatina Premium - Creapure,PURAVIDA,1491,60,SEM_SUBGRUPO,SEM_SUBGRUPO,True,True,0.0911,,0,,0.0,Sem relação clara,variações independentes (corr. +0.09),0.0,2026-10-04
SuperCoffee,CAFFEINE ARMY,Complexo B 500mg,OCEAN DROP,459,694,SEM_SUBGRUPO,SEM_SUBGRUPO,True,True,0.0765,,0,,0.0,Sem relação clara,variações independentes (corr. +0.08),0.0,2026-10-04
Refil Whey Protein - 3W,BOLD,Whey Fort 3W,VITAFOR,1708,334,SEM_SUBGRUPO,SEM_SUBGRUPO,True,True,0.0089,,0,,0.0,Sem relação clara,variações independentes (corr. +0.01),0.0,2026-10-04
Fresh Whey,DUX,Whey Protein Concentrado,DUX,861,936,SEM_SUBGRUPO,SEM_SUBGRUPO,True,False,0.2317,-0.2784,22,1.1966,5.0,Sem relação clara,"nos picos de um, o outro não caiu; variações parecidas (corr. +0.23); saem juntos 1.2× o esperado",0.0,2026-10-04
Pré-treino - Energyzer & focus,TRUE SOURCE,True Cúrcuma com Ômega,TRUE SOURCE,1110,1760,SEM_SUBGRUPO,SEM_SUBGRUPO,True,True,0.1211,,0,,0.0,Sem relação clara,variações parecidas (corr. +0.12),0.0,2026-10-04
Refil Whey Concentrado - W100,NUTRATA,Multivitamínico - Vitalift,ESSENTIAL,1157,531,SEM_SUBGRUPO,SEM_SUBGRUPO,True,True,0.0672,,0,,0.0,Sem relação clara,variações independentes (corr. +0.07),0.0,2026-10-04
Trio Magnésio 720mg,OCEAN DROP,Whey Protein Isolado,DUX,711,941,SEM_SUBGRUPO,SEM_SUBGRUPO,True,False,0.2624,-0.2243,11,,0.0,Sem relação clara,"nos picos de um, o outro não caiu; variações parecidas (corr. +0.26)",0.0,2026-10-04
Fresh Whey,DUX,Coenzima Q10 (200mg p/ porção),VITAFOR,1341,448,SEM_SUBGRUPO,SEM_SUBGRUPO,True,True,0.0759,,0,,0.0,Sem relação clara,variações independentes (corr. +0.08),0.0,2026-10-04
Prebiótico - Fiber Liv,LAUTON,Magnésio Inositol,EQUALIV,1528,991,SEM_SUBGRUPO,SEM_SUBGRUPO,True,True,0.0507,,0,,0.0,Sem relação clara,variações independentes (corr. +0.05),0.0,2026-10-04
Magnésio Inositol,NUTRIFY,100% Whey Pure,INTEGRALMEDICA,1659,910,SEM_SUBGRUPO,SEM_SUBGRUPO,True,True,0.1859,,0,,0.0,Sem relação clara,variações parecidas (corr. +0.19),0.0,2026-10-04
100% Whey Pure,INTEGRALMEDICA,Whey Protein Isolado,DUX,169,4,SEM_SUBGRUPO,SEM_SUBGRUPO,True,True,0.1619,,0,,0.0,Sem relação clara,variações parecidas (corr. +0.16),0.0,2026-10-04
Própolis Verde - Alcoólico,APIS FLORA,Ômega 3 EPA DHA,VITAFOR,1119,77,SEM_SUBGRUPO,SEM_SUBGRUPO,True,True,0.0599,,0,,0.0,Sem relação clara,variações independentes (corr. +0.06),0.0,2026-10-04
Probióticos em Pó - Simfort,VITAFOR,Aminoácido - Aminovita,VITAFOR,365,379,SEM_SUBGRUPO,SEM_SUBGRUPO,True,True,0.2352,,0,,0.0,Sem relação clara,variações parecidas (corr. +0.24),0.0,2026-10-04
Whey Tech 100%,ATLHETICA NUTRITION,Whey Tech 100%,ATLHETICA NUTRITION,453,588,SEM_SUBGRUPO,SEM_SUBGRUPO,True,True,0.138,,0,,0.0,Sem relação clara,variações parecidas (corr. +0.14),0.0,2026-10-04
Morning Shot - Imunidade,SUBLYME,Colágeno - Collagen Protein Hidrolisado Berries Silvestres 450g PURAVIDA,PURAVIDA,455,652,SEM_SUBGRUPO,SEM_SUBGRUPO,True,True,0.1586,,0,,0.0,Sem relação clara,variações parecidas (corr. +0.16),0.0,2026-10-04
Fresh Whey,DUX,Creatina - Creafort (Creapure),VITAFOR,859,871,SEM_SUBGRUPO,SEM_SUBGRUPO,True,True,0.072,,0,,0.0,Sem relação clara,variações independentes (corr. +0.07),0.0,2026-10-04
Refil Whey 100% Pure,INTEGRALMEDICA,Whey Concentrado - W100,NUTRATA,138,1486,SEM_SUBGRUPO,SEM_SUBGRUPO,True,True,0.0004,,0,,0.0,Sem relação clara,variações independentes (corr. +0.00),0.0,2026-10-04
Colágeno Hidrolisado - Collagen Pro 18g,NUTRIFY,Cúrcuma - Curcumagic,PURAVIDA,208,658,SEM_SUBGRUPO,SEM_SUBGRUPO,True,True,0.0719,,0,,0.0,Sem relação clara,variações independentes (corr. +0.07),0.0,2026-10-04
Whey Protein Isolado,DUX,Colágeno - Colagentek II,VITAFOR,1725,1781,SEM_SUBGRUPO,SEM_SUBGRUPO,True,True,0.0806,,0,,0.0,Sem relação clara,variações independentes (corr. +0.08),0.0,2026-10-04
Expresso Whey - Sachê,ESSENTIAL,Probiótico - Simcaps,VITAFOR,1930,371,SEM_SUBGRUPO,SEM_SUBGRUPO,True,True,0.0811,,0,,0.0,Sem relação clara,variações independentes (corr. +0.08),0.0,2026-10-04
Glutamina,NUTRIFY,Creatina Monohidratada,NUTRATA,1327,536,SEM_SUBGRUPO,SEM_SUBGRUPO,True,True,0.0393,,0,,0.0,Sem relação clara,variações independentes (corr. +0.04),0.0,2026-10-04
Pré-treino - Energyzer & focus,TRUE SOURCE,Creatina Monohidratada,MAX TITANIUM,1110,999,SEM_SUBGRUPO,SEM_SUBGRUPO,True,True,0.25,,0,,0.0,Sem relação clara,variações parecidas (corr. +0.25),0.0,2026-10-04
SuperCoffee,CAFFEINE ARMY,BT Nitrato 400,DOBRO,1810,481,SEM_SUBGRUPO,SEM_SUBGRUPO,True,True,0.2695,,0,,0.0,Sem relação clara,variações parecidas (corr. +0.27),0.0,2026-10-04
Whey,ESSENTIAL,Whey Isolado - Iso Triple Zero,INTEGRALMEDICA,35,945,SEM_SUBGRUPO,SEM_SUBGRUPO,True,True,0.0857,,0,,0.0,Sem relação clara,variações independentes (corr. +0.09),0.0,2026-10-04
Refil Whey Concentrado - W100,NUTRATA,Colágeno - Colagentek,VITAFOR,1290,440,SEM_SUBGRUPO,SEM_SUBGRUPO,True,True,0.0557,,0,,0.0,Sem relação clara,variações independentes (corr. +0.06),0.0,2026-10-04
Ômega 3 - Omegafor Memory,VITAFOR,Whey Protein Isolado,DUX,394,941,SEM_SUBGRUPO,SEM_SUBGRUPO,True,True,0.0638,,0,,0.0,Sem relação clara,variações independentes (corr. +0.06),0.0,2026-10-04
Whey Protein Isolado,DUX,Whey Protein Isolado,DUX,943,944,SEM_SUBGRUPO,SEM_SUBGRUPO,True,True,0.2126,,0,1.2554,1.0,Sem relação clara,variações parecidas (corr. +0.21); saem juntos 1.3× o esperado,0.0,2026-10-04
Creatina Monohidratada (Creapure),DUX,Colágeno Hidrolisado - Collagen Pro 18g,NUTRIFY,1687,211,SEM_SUBGRUPO,SEM_SUBGRUPO,True,True,0.0857,,0,,0.0,Sem relação clara,variações independentes (corr. +0.09),0.0,2026-10-04
Coenzima Q10 (200mg p/ porção),VITAFOR,Omegafor Plus,VITAFOR,448,69,SEM_SUBGRUPO,SEM_SUBGRUPO,True,False,0.1807,,0,1.4575,3.0,Sem relação clara,variações parecidas (corr. +0.18); saem juntos 1.5× o esperado,0.0,2026-10-04
Colágeno - Collagen Renew Hidrolisado,NUTRIFY,Coenzima Q10 (200mg p/ porção),VITAFOR,1096,449,SEM_SUBGRUPO,SEM_SUBGRUPO,True,True,0.1969,,0,,0.0,Sem relação clara,variações parecidas (corr. +0.20),0.0,2026-10-04
Cafeína,DUX,Suplemento de Magnésio - Blue Calm,PURAVIDA,1091,1239,SEM_SUBGRUPO,SEM_SUBGRUPO,True,True,0.3554,,0,,0.0,Sem relação clara,variações parecidas (corr. +0.36),0.0,2026-10-04
Própolis Verde 70,APIS FLORA,Creatina Monohidratada,EQUALIV,1118,1228,SEM_SUBGRUPO,SEM_SUBGRUPO,True,True,0.0136,,0,,0.0,Sem relação clara,variações independentes (corr. +0.01),0.0,2026-10-04
Próbiotico - Purabiotics,PURAVIDA,Cálcio de Algas 1000mg,OCEAN DROP,220,679,SEM_SUBGRUPO,SEM_SUBGRUPO,True,True,0.1168,,0,,0.0,Sem relação clara,variações parecidas (corr. +0.12),0.0,2026-10-04
Fresh Whey,DUX,Whey Tech 100%,ATLHETICA NUTRITION,1415,588,SEM_SUBGRUPO,SEM_SUBGRUPO,True,True,0.0204,,0,,0.0,Sem relação clara,variações independentes (corr. +0.02),0.0,2026-10-04
SuperCoffee Língua de gato - Kopenhagen,CAFFEINE ARMY,Ômega - Mega DHA,VITAFOR,1384,76,SEM_SUBGRUPO,SEM_SUBGRUPO,True,True,0.0875,,0,,0.0,Sem relação clara,variações independentes (corr. +0.09),0.0,2026-10-04
Whey Protein Isolado - Sachê,DUX,FreshWhey - Sachê,DUX,1916,1920,SEM_SUBGRUPO,SEM_SUBGRUPO,True,True,0.1502,,0,,0.0,Sem relação clara,variações parecidas (corr. +0.15),0.0,2026-10-04
Creatina Monohidratada,PURAVIDA,Vitamina D3 Synergy,PURAVIDA,1484,914,SEM_SUBGRUPO,SEM_SUBGRUPO,True,True,0.1113,,0,,0.0,Sem relação clara,variações parecidas (corr. +0.11),0.0,2026-10-04
Fresh Vegan,DUX,Proteína Isolada e Hidrolisada - Body Protein,EQUALIV,1116,522,SEM_SUBGRUPO,SEM_SUBGRUPO,True,True,0.0871,,0,,0.0,Sem relação clara,variações independentes (corr. +0.09),0.0,2026-10-04
Ômega 3 - Omegafor Memory,VITAFOR,Omegafor Plus,VITAFOR,394,69,SEM_SUBGRUPO,SEM_SUBGRUPO,True,True,0.1714,,0,,0.0,Sem relação clara,variações parecidas (corr. +0.17),0.0,2026-10-04
Simfort Femme,VITAFOR,Simfort Ultra,VITAFOR,1449,1711,SEM_SUBGRUPO,SEM_SUBGRUPO,True,True,0.0672,,0,,0.0,Sem relação clara,variações independentes (corr. +0.07),0.0,2026-10-04
Colágeno - Collagen Essential Protein,ESSENTIAL,Refil Whey Concentrado - W100,NUTRATA,1048,1485,SEM_SUBGRUPO,SEM_SUBGRUPO,True,True,0.0861,,0,,0.0,Sem relação clara,variações independentes (corr. +0.09),0.0,2026-10-04
Tasty Whey 3W Gourmet,ADAPTOGEN,Glutamina,OCEAN DROP,102,688,SEM_SUBGRUPO,SEM_SUBGRUPO,True,True,0.1895,,0,,0.0,Sem relação clara,variações parecidas (corr. +0.19),0.0,2026-10-04
Ômega 3,TRUE SOURCE,Omegafor Vision,VITAFOR,1498,70,SEM_SUBGRUPO,SEM_SUBGRUPO,True,True,0.2699,,0,,0.0,Sem relação clara,variações parecidas (corr. +0.27),0.0,2026-10-04
Ferro - Ydrosolv,YOSEN,Ômega 3 - EPA DHA - 1000mg,EQUALIV,1132,1213,SEM_SUBGRUPO,SEM_SUBGRUPO,True,True,0.0727,,0,,0.0,Sem relação clara,variações independentes (corr. +0.07),0.0,2026-10-04
NAC + Glycine + Taurine,ESSENTIAL,Refil 100% Whey Protein - Flavour,ATLHETICA NUTRITION,1250,1590,SEM_SUBGRUPO,SEM_SUBGRUPO,True,True,0.1077,,0,,0.0,Sem relação clara,variações parecidas (corr. +0.11),0.0,2026-10-04
Beef Protein,ESSENTIAL,100% Whey Pure,INTEGRALMEDICA,1219,168,SEM_SUBGRUPO,SEM_SUBGRUPO,True,True,0.0812,,0,,0.0,Sem relação clara,variações independentes (corr. +0.08),0.0,2026-10-04
Refil Whey Protein Concentrado,VITAFOR,Whey Protein Isolado - Isofort,VITAFOR,1673,79,SEM_SUBGRUPO,SEM_SUBGRUPO,True,True,0.1515,,0,,0.0,Sem relação clara,variações parecidas (corr. +0.15),0.0,2026-10-04
Pré-treino - Energyzer & focus,TRUE SOURCE,Aminoácido - Tryptophan,NUTRIFY,1110,533,SEM_SUBGRUPO,SEM_SUBGRUPO,True,True,0.1111,,0,,0.0,Sem relação clara,variações parecidas (corr. +0.11),0.0,2026-10-04
Whey Protein - Isofort Beauty,VITAFOR,"Vitaminas A, E, D e K2- RESTAURE® - Gotas",CENTRAL NUTRITION,1200,363,SEM_SUBGRUPO,SEM_SUBGRUPO,True,True,0.0184,,0,,0.0,Sem relação clara,variações independentes (corr. +0.02),0.0,2026-10-04
Ômega 3 - EPA DHA - 1000mg,EQUALIV,Probiótico - Simfort Plus,VITAFOR,1213,402,SEM_SUBGRUPO,SEM_SUBGRUPO,True,True,0.216,,0,,0.0,Sem relação clara,variações parecidas (corr. +0.22),0.0,2026-10-04
Pasta de Amendoim Granulado,MANDUBIM,Própolis Verde 70,APIS FLORA,1072,1118,SEM_SUBGRUPO,SEM_SUBGRUPO,True,True,0.4018,,0,,0.0,Sem relação clara,variações parecidas (corr. +0.40),0.0,2026-10-04
Creatina - Creafort (Creapure),VITAFOR,Ômega 3 Super DHA - BIG N,PURAVIDA,434,925,SEM_SUBGRUPO,SEM_SUBGRUPO,True,False,0.0332,-0.0128,12,,0.0,Sem relação clara,"nos picos de um, o outro não caiu; variações independentes (corr. +0.03)",0.0,2026-10-04
Creatina,ALLMAX,Coenzima Q10,PURAVIDA,599,623,SEM_SUBGRUPO,SEM_SUBGRUPO,True,True,0.0805,,0,,0.0,Sem relação clara,variações independentes (corr. +0.08),0.0,2026-10-04
Melatonina - Ydrosolv,YOSEN,Proteína Isolada e Hidrolisada - Body Protein,EQUALIV,1137,522,SEM_SUBGRUPO,SEM_SUBGRUPO,True,True,0.12,,0,,0.0,Sem relação clara,variações parecidas (corr. +0.12),0.0,2026-10-04
SuperCoffee,CAFFEINE ARMY,Termogênico - Termo Plus,VITAFOR,1292,902,SEM_SUBGRUPO,SEM_SUBGRUPO,True,True,0.0169,,0,,0.0,Sem relação clara,variações independentes (corr. +0.02),0.0,2026-10-04
Colágeno - Collagen Pro - Body Suport,PURAVIDA,Creatina Monohidratada -  Crealift (Creapure),ESSENTIAL,1026,633,SEM_SUBGRUPO,SEM_SUBGRUPO,True,True,0.0852,,0,,0.0,Sem relação clara,variações independentes (corr. +0.09),0.0,2026-10-04
N-Acetil Cisteína (NAC),PURAVIDA,Multivitamínico - Vitalift,ESSENTIAL,1719,531,SEM_SUBGRUPO,SEM_SUBGRUPO,True,True,0.2138,,0,,0.0,Sem relação clara,variações parecidas (corr. +0.21),0.0,2026-10-04
Vitamina B9 - Ácido Fólico,PURAVIDA,Enzimas Enzyfor,VITAFOR,1237,410,SEM_SUBGRUPO,SEM_SUBGRUPO,True,True,0.2723,,0,,0.0,Sem relação clara,variações parecidas (corr. +0.27),0.0,2026-10-04
Colágeno - Collagen Essential Protein,ESSENTIAL,Refil Whey Concentrado - W100,NUTRATA,1050,1290,SEM_SUBGRUPO,SEM_SUBGRUPO,True,True,0.1117,,0,,0.0,Sem relação clara,variações parecidas (corr. +0.11),0.0,2026-10-04
Ômega 3 - 1360mg,NUTRIFY,Whey Protein Isolado,DUX,635,943,SEM_SUBGRUPO,SEM_SUBGRUPO,True,False,0.1585,-0.8065,3,,0.0,Sem relação clara,"nos picos de um, o outro não caiu; variações parecidas (corr. +0.16)",0.0,2026-10-04
SuperCoffee Língua de gato - Kopenhagen,CAFFEINE ARMY,Beta Alanina,VITAFOR,1384,407,SEM_SUBGRUPO,SEM_SUBGRUPO,True,False,0.1524,-0.1183,10,0.6145,1.0,Sem relação clara,"nos picos de um, o outro não caiu; variações parecidas (corr. +0.15); saem juntos 0.6× o esperado",0.0,2026-10-04
Probiótico - Simfort Plus,VITAFOR,Creatina Monohidratada,OCEAN DROP,402,685,SEM_SUBGRUPO,SEM_SUBGRUPO,True,False,0.0941,-0.0344,15,,0.0,Sem relação clara,"nos picos de um, o outro não caiu; variações independentes (corr. +0.09)",0.0,2026-10-04
Cúrcuma - Curcumagic,PURAVIDA,Resveratrol 500mg,OCEAN DROP,658,709,SEM_SUBGRUPO,SEM_SUBGRUPO,True,True,0.1213,,0,,0.0,Sem relação clara,variações parecidas (corr. +0.12),0.0,2026-10-04
Ômega 3 - EPA DHA - 1000mg,EQUALIV,Ômega 3 EPA DHA,VITAFOR,1213,376,SEM_SUBGRUPO,SEM_SUBGRUPO,True,True,0.0199,,0,,0.0,Sem relação clara,variações independentes (corr. +0.02),0.0,2026-10-04
Própolis Alcoólico,APIS FLORA,Snack Proteico,OCEAN DROP,1120,1969,SEM_SUBGRUPO,SEM_SUBGRUPO,True,True,0.0435,,0,,0.0,Sem relação clara,variações independentes (corr. +0.04),0.0,2026-10-04
Refil Whey Concentrado - W100,NUTRATA,Colágeno - Colagentek,VITAFOR,1289,443,SEM_SUBGRUPO,SEM_SUBGRUPO,True,True,0.0589,,0,,0.0,Sem relação clara,variações independentes (corr. +0.06),0.0,2026-10-04
Whey Concentrado - W100,NUTRATA,Chocolate 70% Cacau,ONLY4,1486,753,SEM_SUBGRUPO,SEM_SUBGRUPO,True,True,0.0775,,0,,0.0,Sem relação clara,variações independentes (corr. +0.08),0.0,2026-10-04
Vitamina D - Vita D3,VITAFOR,Ômega 3 EPA DHA,PURAVIDA,395,54,SEM_SUBGRUPO,SEM_SUBGRUPO,True,False,0.2694,-0.1173,13,,0.0,Sem relação clara,"nos picos de um, o outro não caiu; variações parecidas (corr. +0.27)",0.0,2026-10-04
Multivitaminino - Multi All,NUTRIFY,Vitamina C3 - 1000mg,VITAFOR,1775,348,SEM_SUBGRUPO,SEM_SUBGRUPO,True,True,0.2986,,0,,0.0,Sem relação clara,variações parecidas (corr. +0.30),0.0,2026-10-04
Aminoácido - Aminovita,VITAFOR,Ômega 3 Super DHA BIG,PURAVIDA,381,926,SEM_SUBGRUPO,SEM_SUBGRUPO,True,True,0.0169,,0,,0.0,Sem relação clara,variações independentes (corr. +0.02),0.0,2026-10-04
Ômega 3 EPA DHA,PURAVIDA,Psyllium,OCEAN DROP,54,704,SEM_SUBGRUPO,SEM_SUBGRUPO,True,False,0.1288,-0.2263,16,,0.0,Sem relação clara,"nos picos de um, o outro não caiu; variações parecidas (corr. +0.13)",0.0,2026-10-04
Bio Ferro,PURAVIDA,Proteína - Isocrisp Plant Pouch,VITAFOR,1069,905,SEM_SUBGRUPO,SEM_SUBGRUPO,True,True,0.1075,,0,,0.0,Sem relação clara,variações parecidas (corr. +0.11),0.0,2026-10-04
Creatina Monohidratada,OCEAN DROP,Vitamina D3 + K2,VITAFOR,685,908,SEM_SUBGRUPO,SEM_SUBGRUPO,True,True,0.0184,,0,,0.0,Sem relação clara,variações independentes (corr. +0.02),0.0,2026-10-04
Pasta de Amendoim Integral,MANDUBIM,Própolis Verde - Alcoólico,APIS FLORA,1073,1119,SEM_SUBGRUPO,SEM_SUBGRUPO,True,True,0.0246,,0,,0.0,Sem relação clara,variações independentes (corr. +0.02),0.0,2026-10-04
Body Protein Vegano,EQUALIV,Refil Whey Concentrado - W100,NUTRATA,1227,1290,SEM_SUBGRUPO,SEM_SUBGRUPO,True,True,0.0794,,0,,0.0,Sem relação clara,variações independentes (corr. +0.08),0.0,2026-10-04
Vitamina D3,ESSENTIAL,Coenzima Q10 - 200mg,CENTRAL NUTRITION,1242,369,SEM_SUBGRUPO,SEM_SUBGRUPO,True,True,0.1106,,0,,0.0,Sem relação clara,variações parecidas (corr. +0.11),0.0,2026-10-04
Coenzima Q10+ 200mg,PURAVIDA,Creatina - Gummy,GUDAY,1459,1632,SEM_SUBGRUPO,SEM_SUBGRUPO,True,True,0.1436,,0,,0.0,Sem relação clara,variações parecidas (corr. +0.14),0.0,2026-10-04
Fresh Whey,DUX,Refil Whey Protein Concentrado,VITAFOR,1491,1673,SEM_SUBGRUPO,SEM_SUBGRUPO,True,True,0.162,,0,,0.0,Sem relação clara,variações parecidas (corr. +0.16),0.0,2026-10-04
Termogênico - Lipix6,VITAFOR,"Boraprim - Borragem, Prímula e Gergelim",VITAFOR,330,419,SEM_SUBGRUPO,SEM_SUBGRUPO,True,True,0.0158,,0,,0.0,Sem relação clara,variações independentes (corr. +0.02),0.0,2026-10-04
Zinco Quelato,OCEAN DROP,Refil Whey Concentrado - W100,NUTRATA,1245,1289,SEM_SUBGRUPO,SEM_SUBGRUPO,True,True,0.1832,,0,,0.0,Sem relação clara,variações parecidas (corr. +0.18),0.0,2026-10-04
Body Protein Vegano,EQUALIV,Whey Protein Isolado,DUX,1227,942,SEM_SUBGRUPO,SEM_SUBGRUPO,True,True,0.1794,,0,,0.0,Sem relação clara,variações parecidas (corr. +0.18),0.0,2026-10-04
Whey Protein Isolado,PURAVIDA,Whey Tech 100%,ATLHETICA NUTRITION,50,588,SEM_SUBGRUPO,SEM_SUBGRUPO,True,True,0.0961,,0,,0.0,Sem relação clara,variações independentes (corr. +0.10),0.0,2026-10-04
Bio Ferro,PURAVIDA,Whey Protein Concentrado,DUX,1069,940,SEM_SUBGRUPO,SEM_SUBGRUPO,True,False,0.0892,-0.0936,14,,0.0,Sem relação clara,"nos picos de um, o outro não caiu; variações independentes (corr. +0.09)",0.0,2026-10-04
Creatina - Creafort (Creapure),VITAFOR,Whey Protein Concentrado,DUX,434,936,SEM_SUBGRUPO,SEM_SUBGRUPO,True,False,0.0377,-0.2818,20,0.4335,4.0,Sem relação clara,"nos picos de um, o outro não caiu; variações independentes (corr. +0.04); saem juntos 0.4× o esperado",0.0,2026-10-04
Colágeno - Collagen Essential Protein,ESSENTIAL,Isofort Plant (Life Vegan),VITAFOR,1050,404,SEM_SUBGRUPO,SEM_SUBGRUPO,True,True,0.1029,,0,,0.0,Sem relação clara,variações parecidas (corr. +0.10),0.0,2026-10-04
Whey,ESSENTIAL,Coenzima Q10,PURAVIDA,35,623,SEM_SUBGRUPO,SEM_SUBGRUPO,True,True,0.1901,,0,,0.0,Sem relação clara,variações parecidas (corr. +0.19),0.0,2026-10-04
Ferro - Ydrosolv,YOSEN,Suplemento para Imunidade - Immune Up 100%,NUTRIFY,1132,219,SEM_SUBGRUPO,SEM_SUBGRUPO,True,True,0.0127,,0,,0.0,Sem relação clara,variações independentes (corr. +0.01),0.0,2026-10-04
Termogênico - Termo Plus,VITAFOR,NAC Acetilcisteína -  600mg,EQUALIV,1572,994,SEM_SUBGRUPO,SEM_SUBGRUPO,True,True,0.2038,,0,,0.0,Sem relação clara,variações parecidas (corr. +0.20),0.0,2026-10-04
Isofort Plant (Life Vegan),VITAFOR,Proteína Isolada e Hidrolisada - Body Protein Red,EQUALIV,427,523,SEM_SUBGRUPO,SEM_SUBGRUPO,True,True,0.0493,,0,,0.0,Sem relação clara,variações independentes (corr. +0.05),0.0,2026-10-04
Probiótico - Simfort Plus,VITAFOR,Ômega 3 EPA DHA,VITAFOR,402,77,SEM_SUBGRUPO,SEM_SUBGRUPO,True,False,0.0458,-0.0161,4,0.4059,1.0,Sem relação clara,"nos picos de um, o outro não caiu; variações independentes (corr. +0.05); saem juntos 0.4× o esperado",0.0,2026-10-04
Ômega 3 Super DHA - BIG N,PURAVIDA,Whey Protein Concentrado,DUX,925,938,SEM_SUBGRUPO,SEM_SUBGRUPO,True,False,0.03,-0.2162,10,0.7495,1.0,Sem relação clara,"nos picos de um, o outro não caiu; variações independentes (corr. +0.03); saem juntos 0.7× o esperado",0.0,2026-10-04
Whey Fort 3W,VITAFOR,Coenzima Q10 + Ômega 3 + Vitamina E,ESSENTIAL,167,534,SEM_SUBGRUPO,SEM_SUBGRUPO,True,True,0.0819,,0,,0.0,Sem relação clara,variações independentes (corr. +0.08),0.0,2026-10-04
Whey Protein Concentrado,DUX,Whey Protein Concentrado,DUX,2,938,SEM_SUBGRUPO,SEM_SUBGRUPO,True,True,0.0877,-0.45,4,1.2347,5.0,Sem relação clara,"nos picos de um, o outro não caiu; variações independentes (corr. +0.09); saem juntos 1.2× o esperado",0.0,2026-10-04
Refil Whey 100% Pure,INTEGRALMEDICA,Próbiotico - Purabiotics,PURAVIDA,139,220,SEM_SUBGRUPO,SEM_SUBGRUPO,True,True,0.3304,,0,,0.0,Sem relação clara,variações parecidas (corr. +0.33),0.0,2026-10-04
Whey Isolado - Iso Triple Zero,INTEGRALMEDICA,Refil 100% Whey Protein - Flavour,ATLHETICA NUTRITION,1470,1590,SEM_SUBGRUPO,SEM_SUBGRUPO,True,True,0.2881,,0,,0.0,Sem relação clara,variações parecidas (corr. +0.29),0.0,2026-10-04
Fresh Vegan,DUX,Própolis Verde - Premium 10mg,PURAVIDA,1116,662,SEM_SUBGRUPO,SEM_SUBGRUPO,True,True,0.1497,,0,,0.0,Sem relação clara,variações parecidas (corr. +0.15),0.0,2026-10-04
Whey - Immuno Golden,ESSENTIAL,Proteína Isolada e Hidrolisada - Body Protein,EQUALIV,1099,1124,SEM_SUBGRUPO,SEM_SUBGRUPO,True,True,0.1434,,0,,0.0,Sem relação clara,variações parecidas (corr. +0.14),0.0,2026-10-04
Vitamina D - Vita D3,VITAFOR,Fresh Whey,DUX,395,861,SEM_SUBGRUPO,SEM_SUBGRUPO,True,False,0.0438,-0.1522,8,,0.0,Sem relação clara,"nos picos de um, o outro não caiu; variações independentes (corr. +0.04)",0.0,2026-10-04
Beef Protein,ESSENTIAL,Glutamina - Glutamax Refil,VITAFOR,1060,422,SEM_SUBGRUPO,SEM_SUBGRUPO,True,True,0.2186,,0,,0.0,Sem relação clara,variações parecidas (corr. +0.22),0.0,2026-10-04
100% Whey Protein - Flavour,ATLHETICA NUTRITION,Suplemento Alimentar - GUARDIAN®,CENTRAL NUTRITION,145,358,SEM_SUBGRUPO,SEM_SUBGRUPO,True,True,0.1456,,0,,0.0,Sem relação clara,variações parecidas (corr. +0.15),0.0,2026-10-04
Complexo B,ESSENTIAL,Colágeno - Colagentek,VITAFOR,1339,442,SEM_SUBGRUPO,SEM_SUBGRUPO,True,True,0.1624,,0,,0.0,Sem relação clara,variações parecidas (corr. +0.16),0.0,2026-10-04
Maca Peruana,OCEAN DROP,Melatonina Fast,EQUALIV,1656,992,SEM_SUBGRUPO,SEM_SUBGRUPO,True,True,0.3016,,0,,0.0,Sem relação clara,variações parecidas (corr. +0.30),0.0,2026-10-04
Probiótico - Simfort Plus,VITAFOR,Ômega 3 EPA DHA,VITAFOR,360,72,SEM_SUBGRUPO,SEM_SUBGRUPO,True,False,0.0813,-0.1766,6,0.795,2.0,Sem relação clara,"nos picos de um, o outro não caiu; variações independentes (corr. +0.08); saem juntos 0.8× o esperado",0.0,2026-10-04
Creatina,ALLMAX,Omegafor Vision,VITAFOR,599,70,SEM_SUBGRUPO,SEM_SUBGRUPO,True,True,0.2115,,0,,0.0,Sem relação clara,variações parecidas (corr. +0.21),0.0,2026-10-04
Coenzima Q10 200mg,LAUTON,Shot Matinal,OCEAN DROP,1408,698,SEM_SUBGRUPO,SEM_SUBGRUPO,True,True,0.1357,,0,,0.0,Sem relação clara,variações parecidas (corr. +0.14),0.0,2026-10-04
Creatina Monohidratada,ATLHETICA NUTRITION,Whey Protein Concentrado,DUX,141,936,SEM_SUBGRUPO,SEM_SUBGRUPO,True,False,0.1517,-0.1307,20,0.6472,4.0,Sem relação clara,"nos picos de um, o outro não caiu; variações parecidas (corr. +0.15); saem juntos 0.6× o esperado",0.0,2026-10-04
Granola - Zero Açúcar,WS NATURAIS,Óleo de Prímula - 500mg,LAUTON,1143,806,SEM_SUBGRUPO,SEM_SUBGRUPO,True,True,0.2276,,0,,0.0,Sem relação clara,variações parecidas (corr. +0.23),0.0,2026-10-04
Omegafor Plus,VITAFOR,Ômega 3 Super DHA - BIG N,PURAVIDA,68,925,SEM_SUBGRUPO,SEM_SUBGRUPO,True,False,0.1266,-0.3065,21,0.4053,1.0,Sem relação clara,"nos picos de um, o outro não caiu; variações parecidas (corr. +0.13); saem juntos 0.4× o esperado",0.0,2026-10-04
Creatina 100%,NUTRIFY,Coenzima Q10 + Ômega 3 + Vitamina E,ESSENTIAL,1097,534,SEM_SUBGRUPO,SEM_SUBGRUPO,True,False,0.0445,-0.0606,6,,0.0,Sem relação clara,"nos picos de um, o outro não caiu; variações independentes (corr. +0.04)",0.0,2026-10-04
Próbiotico - Purabiotics,PURAVIDA,Whey Protein Crisp - Isocrisp,VITAFOR,220,426,SEM_SUBGRUPO,SEM_SUBGRUPO,True,True,0.0056,,0,,0.0,Sem relação clara,variações independentes (corr. +0.01),0.0,2026-10-04
Creatina Monohidratada,OCEAN DROP,Vitamina B12,OCEAN DROP,685,690,SEM_SUBGRUPO,SEM_SUBGRUPO,True,True,0.0857,,0,,0.0,Sem relação clara,variações independentes (corr. +0.09),0.0,2026-10-04
Creatina,ADAPTOGEN,Fresh Whey,DUX,83,862,SEM_SUBGRUPO,SEM_SUBGRUPO,True,True,0.0633,,0,,0.0,Sem relação clara,variações independentes (corr. +0.06),0.0,2026-10-04
Creatina - Gummy,GUDAY,Cúrcuma - Curcumagic,PURAVIDA,1632,658,SEM_SUBGRUPO,SEM_SUBGRUPO,True,True,0.108,,0,,0.0,Sem relação clara,variações parecidas (corr. +0.11),0.0,2026-10-04
Suplemento Alimentar - L-teanina - Happy Theanine,ESSENTIAL,Ômega 3 DHA,OCEAN DROP,1108,687,SEM_SUBGRUPO,SEM_SUBGRUPO,True,True,0.0313,,0,,0.0,Sem relação clara,variações independentes (corr. +0.03),0.0,2026-10-04
Complexo B,ESSENTIAL,Pré-Treino,DUX,1339,1560,SEM_SUBGRUPO,SEM_SUBGRUPO,True,True,0.0655,,0,,0.0,Sem relação clara,variações independentes (corr. +0.07),0.0,2026-10-04
Coq10 + Vitamina E,TRUE SOURCE,SuperCoffee,CAFFEINE ARMY,1495,1810,SEM_SUBGRUPO,SEM_SUBGRUPO,True,True,0.093,,0,,0.0,Sem relação clara,variações independentes (corr. +0.09),0.0,2026-10-04
Ômega 3 EPA DHA,VITAFOR,Whey Protein Concentrado,DUX,77,938,SEM_SUBGRUPO,SEM_SUBGRUPO,True,False,0.2044,-0.286,8,0.8023,4.0,Sem relação clara,"nos picos de um, o outro não caiu; variações parecidas (corr. +0.20); saem juntos 0.8× o esperado",0.0,2026-10-04
Gold Whey Concentrado Refil,ADAPTOGEN,Suplemento Alimentar - True Nac,TRUE SOURCE,111,1111,SEM_SUBGRUPO,SEM_SUBGRUPO,True,True,0.1395,,0,,0.0,Sem relação clara,variações parecidas (corr. +0.14),0.0,2026-10-04
Ferro - Ydrosolv,YOSEN,Cúrcuma 500mg,OCEAN DROP,1132,691,SEM_SUBGRUPO,SEM_SUBGRUPO,True,True,0.0948,,0,,0.0,Sem relação clara,variações independentes (corr. +0.09),0.0,2026-10-04
Vitamina D3,ESSENTIAL,Melatonina Fast,EQUALIV,1242,992,SEM_SUBGRUPO,SEM_SUBGRUPO,True,True,0.0091,,0,,0.0,Sem relação clara,variações independentes (corr. +0.01),0.0,2026-10-04
Glutamina - Glutamax,VITAFOR,Whey Protein Isolado,DUX,421,944,SEM_SUBGRUPO,SEM_SUBGRUPO,True,True,0.2169,,0,,0.0,Sem relação clara,variações parecidas (corr. +0.22),0.0,2026-10-04
Body Protein Vegano,EQUALIV,Multivitamínico - Vitalift,ESSENTIAL,1227,531,SEM_SUBGRUPO,SEM_SUBGRUPO,True,True,0.0572,,0,,0.0,Sem relação clara,variações independentes (corr. +0.06),0.0,2026-10-04
Colágeno - Collagen Protein Hidrolisado Berries Silvestres 450g PURAVIDA,PURAVIDA,Whey Protein Isolado - Isofort,VITAFOR,652,73,SEM_SUBGRUPO,SEM_SUBGRUPO,True,True,0.0621,,0,,0.0,Sem relação clara,variações independentes (corr. +0.06),0.0,2026-10-04
Glutamina Isolates,INTEGRALMEDICA,Ômega 3 DHA,OCEAN DROP,487,687,SEM_SUBGRUPO,SEM_SUBGRUPO,True,True,0.0367,,0,,0.0,Sem relação clara,variações independentes (corr. +0.04),0.0,2026-10-04
"Boraprim - Borragem, Prímula e Gergelim",VITAFOR,Colágeno - Colagentek,VITAFOR,419,442,SEM_SUBGRUPO,SEM_SUBGRUPO,True,True,0.0015,,0,,0.0,Sem relação clara,variações independentes (corr. +0.00),0.0,2026-10-04
Refil Whey 100% Pure,INTEGRALMEDICA,Suplemento Alimentar - GUARDIAN®,CENTRAL NUTRITION,139,358,SEM_SUBGRUPO,SEM_SUBGRUPO,True,True,0.3689,,0,,0.0,Sem relação clara,variações parecidas (corr. +0.37),0.0,2026-10-04
Palatinose,VITAFOR,Shot Matinal,OCEAN DROP,374,698,SEM_SUBGRUPO,SEM_SUBGRUPO,True,True,0.1391,,0,,0.0,Sem relação clara,variações parecidas (corr. +0.14),0.0,2026-10-04
Gold Whey Concentrado Refil,ADAPTOGEN,100% Whey Pure,INTEGRALMEDICA,111,170,SEM_SUBGRUPO,SEM_SUBGRUPO,True,True,0.0625,,0,,0.0,Sem relação clara,variações independentes (corr. +0.06),0.0,2026-10-04
Nitro 400,PLANT POWER,Pré-Treino - Beta Action,ESSENTIAL,1063,1248,SEM_SUBGRUPO,SEM_SUBGRUPO,True,True,0.1677,,0,,0.0,Sem relação clara,variações parecidas (corr. +0.17),0.0,2026-10-04
Achocolatado - Choco Family - Refil,VITAFOR,Barra Chocolate 70%,ZEROMILK,528,754,SEM_SUBGRUPO,SEM_SUBGRUPO,True,True,0.0778,,0,,0.0,Sem relação clara,variações independentes (corr. +0.08),0.0,2026-10-04
Colágeno - Collagen Gut,ESSENTIAL,Magnésio Plus 900mg,OCEAN DROP,214,692,SEM_SUBGRUPO,SEM_SUBGRUPO,True,True,0.0815,,0,,0.0,Sem relação clara,variações independentes (corr. +0.08),0.0,2026-10-04
Omegafor Plus,VITAFOR,Ômega 3 EPA DHA,VITAFOR,69,77,SEM_SUBGRUPO,SEM_SUBGRUPO,True,False,0.0755,-0.1774,4,,0.0,Sem relação clara,"nos picos de um, o outro não caiu; variações independentes (corr. +0.08)",0.0,2026-10-04
Morning Shot - Imunidade,SUBLYME,Colágeno - Collagen Protein Hidrolisado,PURAVIDA,455,651,SEM_SUBGRUPO,SEM_SUBGRUPO,True,True,0.1176,,0,,0.0,Sem relação clara,variações parecidas (corr. +0.12),0.0,2026-10-04
Aminoácido - Aminovita,VITAFOR,Creatina,ALLMAX,381,599,SEM_SUBGRUPO,SEM_SUBGRUPO,True,True,0.0026,,0,,0.0,Sem relação clara,variações independentes (corr. +0.00),0.0,2026-10-04
Bio Vitamina B12 em gotas,PURAVIDA,Vitamina D3 + K2 Gotas,PURAVIDA,1065,592,SEM_SUBGRUPO,SEM_SUBGRUPO,True,True,0.171,,0,,0.0,Sem relação clara,variações parecidas (corr. +0.17),0.0,2026-10-04
Pré-treino - Energyzer & focus,TRUE SOURCE,Arginofor -  L-Arginina,VITAFOR,1110,385,SEM_SUBGRUPO,SEM_SUBGRUPO,True,True,0.1377,,0,,0.0,Sem relação clara,variações parecidas (corr. +0.14),0.0,2026-10-04
Whey,ESSENTIAL,Suplemento Alimentar  - Hepatofor,VITAFOR,35,423,SEM_SUBGRUPO,SEM_SUBGRUPO,True,True,0.0485,,0,,0.0,Sem relação clara,variações independentes (corr. +0.05),0.0,2026-10-04
Suplemento - Hyaluronic Hair,VITAFOR,Ferro - Ydrosolv,YOSEN,1035,1132,SEM_SUBGRUPO,SEM_SUBGRUPO,True,True,0.1107,,0,,0.0,Sem relação clara,variações parecidas (corr. +0.11),0.0,2026-10-04
Probiótico - Simcaps,VITAFOR,Colágeno - Colagentek Protein - Bodybalance,VITAFOR,368,390,SEM_SUBGRUPO,SEM_SUBGRUPO,True,True,0.0311,,0,,0.0,Sem relação clara,variações independentes (corr. +0.03),0.0,2026-10-04
"Suplemento Alimentar - Cabelo, Unha e Pele - Beauty +",EQUALIV,Whey Fort 3W,VITAFOR,1211,334,SEM_SUBGRUPO,SEM_SUBGRUPO,True,True,0.0917,,0,,0.0,Sem relação clara,variações independentes (corr. +0.09),0.0,2026-10-04
Morning Shot - Imunidade,SUBLYME,Psyllium,MOSTEIRO DEVAKAN,455,801,SEM_SUBGRUPO,SEM_SUBGRUPO,True,True,0.0041,,0,,0.0,Sem relação clara,variações independentes (corr. +0.00),0.0,2026-10-04
Suplemento de Magnésio - Blue Calm,PURAVIDA,Vitamina D3 + K2,OCEAN DROP,1238,706,SEM_SUBGRUPO,SEM_SUBGRUPO,True,True,0.115,,0,,0.0,Sem relação clara,variações parecidas (corr. +0.11),0.0,2026-10-04
Creatina 100%,NUTRIFY,Colágeno - Colagentek Protein - Bodybalance,VITAFOR,1097,439,SEM_SUBGRUPO,SEM_SUBGRUPO,True,False,0.058,-0.2857,3,,0.0,Sem relação clara,"nos picos de um, o outro não caiu; variações independentes (corr. +0.06)",0.0,2026-10-04
Ômega 3 EPA DHA,VITAFOR,Whey Protein Concentrado,DUX,77,935,SEM_SUBGRUPO,SEM_SUBGRUPO,True,False,0.0552,-0.2858,7,0.4741,1.0,Sem relação clara,"nos picos de um, o outro não caiu; variações independentes (corr. +0.06); saem juntos 0.5× o esperado",0.0,2026-10-04
Aminoácidos - Aminnu EAAs,CENTRAL NUTRITION,Whey hidrolisado e isolado,TRUE SOURCE,333,85,SEM_SUBGRUPO,SEM_SUBGRUPO,True,True,0.0555,,0,,0.0,Sem relação clara,variações independentes (corr. +0.06),0.0,2026-10-04
Whey Isolado - Isofort Ultra Imuno,VITAFOR,Suplemento para Imunidade - Immune Up 100%,NUTRIFY,1112,219,SEM_SUBGRUPO,SEM_SUBGRUPO,True,True,0.2037,,0,,0.0,Sem relação clara,variações parecidas (corr. +0.20),0.0,2026-10-04
Ômega 3 EPA DHA,PURAVIDA,Proteína - Isocrisp Plant Pouch,VITAFOR,54,905,SEM_SUBGRUPO,SEM_SUBGRUPO,True,True,0.1912,,0,,0.0,Sem relação clara,variações parecidas (corr. +0.19),0.0,2026-10-04
100% Whey Pure,INTEGRALMEDICA,L-Taurina - 1.000mg,VITAFOR,170,405,SEM_SUBGRUPO,SEM_SUBGRUPO,True,True,0.239,,0,,0.0,Sem relação clara,variações parecidas (corr. +0.24),0.0,2026-10-04
Whey Protein Isolado - Sachê,DUX,Vitamina D3 - 2000 Ui,LAUTON,1910,794,SEM_SUBGRUPO,SEM_SUBGRUPO,True,True,0.0854,,0,,0.0,Sem relação clara,variações independentes (corr. +0.09),0.0,2026-10-04
Eletrólitos,LIQUIDZ,Whey Protein Isolado - Isofort,VITAFOR,1898,79,SEM_SUBGRUPO,SEM_SUBGRUPO,True,True,0.0399,,0,,0.0,Sem relação clara,variações independentes (corr. +0.04),0.0,2026-10-04
Creatina Monohidratada - Hardcore,INTEGRALMEDICA,Vitamina D - Vita D3,VITAFOR,134,395,SEM_SUBGRUPO,SEM_SUBGRUPO,True,True,0.0181,,0,,0.0,Sem relação clara,variações independentes (corr. +0.02),0.0,2026-10-04
FreshWhey - Sachê,DUX,W100 Whey Concentrado Havanna - Sachê,NUTRATA,1920,1936,SEM_SUBGRUPO,SEM_SUBGRUPO,True,True,0.0145,,0,,0.0,Sem relação clara,variações independentes (corr. +0.01),0.0,2026-10-04
Melatonina Duo Harmony,ESSENTIAL,Fresh Vegan,DUX,1107,1114,SEM_SUBGRUPO,SEM_SUBGRUPO,True,True,0.1276,,0,,0.0,Sem relação clara,variações parecidas (corr. +0.13),0.0,2026-10-04
Magnésio - Mag 5 Complex,NUTRIFY,Bom Ciclo,CENTRAL NUTRITION,1657,336,SEM_SUBGRUPO,SEM_SUBGRUPO,True,True,0.2258,,0,,0.0,Sem relação clara,variações parecidas (corr. +0.23),0.0,2026-10-04
Aminoácidos - Aminnu EAAs,CENTRAL NUTRITION,BT Nitrato,DOBRO,331,983,SEM_SUBGRUPO,SEM_SUBGRUPO,True,True,0.0531,,0,,0.0,Sem relação clara,variações independentes (corr. +0.05),0.0,2026-10-04
100% Whey Pure,INTEGRALMEDICA,Coenzima Q10  (200mg p/ porção),VITAFOR,169,450,SEM_SUBGRUPO,SEM_SUBGRUPO,True,True,0.2412,,0,,0.0,Sem relação clara,variações parecidas (corr. +0.24),0.0,2026-10-04
Isofort Plant (Life Vegan),VITAFOR,Achocolatado - Chocoki,ESSENTIAL,427,549,SEM_SUBGRUPO,SEM_SUBGRUPO,True,True,0.0396,,0,,0.0,Sem relação clara,variações independentes (corr. +0.04),0.0,2026-10-04
Coenzima Q10 - (100mg p/ porção),VITAFOR,Whey Tech 100%,ATLHETICA NUTRITION,451,589,SEM_SUBGRUPO,SEM_SUBGRUPO,True,True,0.0987,,0,,0.0,Sem relação clara,variações independentes (corr. +0.10),0.0,2026-10-04
Colágeno - Collagen Essential Protein,ESSENTIAL,Proteína Isolada e Hidrolisada - Body Protein,EQUALIV,1052,1124,SEM_SUBGRUPO,SEM_SUBGRUPO,True,True,0.0396,,0,,0.0,Sem relação clara,variações independentes (corr. +0.04),0.0,2026-10-04
Tasty Whey 3W Gourmet,ADAPTOGEN,Tasty Whey 3W Gourmet,ADAPTOGEN,109,948,SEM_SUBGRUPO,SEM_SUBGRUPO,True,True,0.1434,,0,,0.0,Sem relação clara,variações parecidas (corr. +0.14),0.0,2026-10-04
Bio Ferro,PURAVIDA,Creatina 100%,NUTRIFY,1069,1097,SEM_SUBGRUPO,SEM_SUBGRUPO,True,False,0.0995,,0,,0.0,Sem relação clara,variações independentes (corr. +0.10),0.0,2026-10-04
Whey Protein Concentrado - Sachê,DUX,Whey Protein Isolado - Sachê,DUX,1908,1916,SEM_SUBGRUPO,SEM_SUBGRUPO,True,True,0.2148,,0,,0.0,Sem relação clara,variações parecidas (corr. +0.21),0.0,2026-10-04
Eletrólitos,LIQUIDZ,Proteína Vegana - Immuno Veggie,ESSENTIAL,1898,39,SEM_SUBGRUPO,SEM_SUBGRUPO,True,True,0.2285,,0,,0.0,Sem relação clara,variações parecidas (corr. +0.23),0.0,2026-10-04
Probiótico - Simfort Plus,VITAFOR,Ômega 3 - 1360mg,NUTRIFY,402,635,SEM_SUBGRUPO,SEM_SUBGRUPO,True,False,0.3087,,0,0.5579,1.0,Sem relação clara,variações parecidas (corr. +0.31); saem juntos 0.6× o esperado,0.0,2026-10-04
Creatina 100%,NUTRIFY,Vitamina D - Vita D3,VITAFOR,1097,397,SEM_SUBGRUPO,SEM_SUBGRUPO,True,False,0.041,-0.0556,10,0.743,1.0,Sem relação clara,"nos picos de um, o outro não caiu; variações independentes (corr. +0.04); saem juntos 0.7× o esperado",0.0,2026-10-04
Cúrcuma Plus,VITAFOR,Ômega 3 EPA DHA,VITAFOR,433,72,SEM_SUBGRUPO,SEM_SUBGRUPO,True,False,0.0755,-0.0621,11,0.9628,4.0,Sem relação clara,"nos picos de um, o outro não caiu; variações independentes (corr. +0.08); saem juntos 1.0× o esperado",0.0,2026-10-04
Suplemento de Magnésio - Blue Calm,PURAVIDA,Whey Tech 100%,ATLHETICA NUTRITION,1238,453,SEM_SUBGRUPO,SEM_SUBGRUPO,True,True,0.189,,0,,0.0,Sem relação clara,variações parecidas (corr. +0.19),0.0,2026-10-04
Creatina Monohidratada - Creatine,VITAFOR,Fresh Whey,DUX,71,861,SEM_SUBGRUPO,SEM_SUBGRUPO,True,False,0.1487,-0.0873,18,0.2958,1.0,Sem relação clara,"nos picos de um, o outro não caiu; variações parecidas (corr. +0.15); saem juntos 0.3× o esperado",0.0,2026-10-04
Whey Protein Isolado - Sachê,DUX,Whey 3W -  Sachê,BOLD,1917,1941,SEM_SUBGRUPO,SEM_SUBGRUPO,True,True,0.1355,,0,,0.0,Sem relação clara,variações parecidas (corr. +0.14),0.0,2026-10-04
Bio Ferro,PURAVIDA,Whey Protein Concentrado,DUX,1069,935,SEM_SUBGRUPO,SEM_SUBGRUPO,True,False,0.0489,-0.1951,3,,0.0,Sem relação clara,"nos picos de um, o outro não caiu; variações independentes (corr. +0.05)",0.0,2026-10-04
"Boraprim - Borragem, Prímula e Gergelim",VITAFOR,Glutamina - Glutamax,VITAFOR,396,421,SEM_SUBGRUPO,SEM_SUBGRUPO,True,True,0.1291,,0,,0.0,Sem relação clara,variações parecidas (corr. +0.13),0.0,2026-10-04
SuperCoffee Língua de gato - Kopenhagen,CAFFEINE ARMY,Probiótico - Simfort Plus,VITAFOR,1384,402,SEM_SUBGRUPO,SEM_SUBGRUPO,True,False,0.0445,-0.1538,10,1.1038,3.0,Sem relação clara,"nos picos de um, o outro não caiu; variações independentes (corr. +0.04); saem juntos 1.1× o esperado",0.0,2026-10-04
Pasta de Amendoim,DR. PEANUT,NAC 650mg,OCEAN DROP,1020,695,SEM_SUBGRUPO,SEM_SUBGRUPO,True,True,0.423,,0,,0.0,Sem relação clara,variações parecidas (corr. +0.42),0.0,2026-10-04
Zinco Quelato,OCEAN DROP,Ômega 3,TRUE SOURCE,1245,1498,SEM_SUBGRUPO,SEM_SUBGRUPO,True,True,0.1469,,0,,0.0,Sem relação clara,variações parecidas (corr. +0.15),0.0,2026-10-04
Creatina Monohidratada,DUX,Vitamina D3 + K2,VITAFOR,486,908,SEM_SUBGRUPO,SEM_SUBGRUPO,True,True,0.259,,0,,0.0,Sem relação clara,variações parecidas (corr. +0.26),0.0,2026-10-04
True Cúrcuma,TRUE SOURCE,Omegafor Vision,VITAFOR,1045,70,SEM_SUBGRUPO,SEM_SUBGRUPO,True,True,0.0206,,0,,0.0,Sem relação clara,variações independentes (corr. +0.02),0.0,2026-10-04
Colágeno - Colagentek Protein - Bodybalance,VITAFOR,Whey Protein Concentrado,DUX,439,938,SEM_SUBGRUPO,SEM_SUBGRUPO,True,True,0.0974,-0.3497,7,,0.0,Sem relação clara,"nos picos de um, o outro não caiu; variações independentes (corr. +0.10)",0.0,2026-10-04
Vitamina D - Vita D3 + C + Zinco,VITAFOR,Whey Protein Concentrado,DUX,399,938,SEM_SUBGRUPO,SEM_SUBGRUPO,True,False,0.1148,-0.2286,7,0.2887,1.0,Sem relação clara,"nos picos de um, o outro não caiu; variações parecidas (corr. +0.11); saem juntos 0.3× o esperado",0.0,2026-10-04
Ômega 3 EPA DHA,VITAFOR,Ômega 3 Super DHA - BIG N,PURAVIDA,77,925,SEM_SUBGRUPO,SEM_SUBGRUPO,True,False,0.0436,-0.3152,10,,0.0,Sem relação clara,"nos picos de um, o outro não caiu; variações independentes (corr. +0.04)",0.0,2026-10-04
Whey,ESSENTIAL,Whey Protein Isolado,DUX,33,5,SEM_SUBGRUPO,SEM_SUBGRUPO,True,True,0.2936,,0,,0.0,Sem relação clara,variações parecidas (corr. +0.29),0.0,2026-10-04
Whey Protein - Isofort Beauty,VITAFOR,Resveratrol Plus - 165mg,VITAFOR,1200,373,SEM_SUBGRUPO,SEM_SUBGRUPO,True,True,0.0627,,0,,0.0,Sem relação clara,variações independentes (corr. +0.06),0.0,2026-10-04
Beef Protein,ESSENTIAL,Whey Isolado - Iso Triple Zero,INTEGRALMEDICA,1219,1470,SEM_SUBGRUPO,SEM_SUBGRUPO,True,True,0.2424,,0,,0.0,Sem relação clara,variações parecidas (corr. +0.24),0.0,2026-10-04
Omegafor Plus,VITAFOR,Creatina Monohidratada,OCEAN DROP,68,685,SEM_SUBGRUPO,SEM_SUBGRUPO,True,False,0.1456,-0.3946,30,0.2193,3.0,Sem relação clara,"nos picos de um, o outro não caiu; variações parecidas (corr. +0.15); saem juntos 0.2× o esperado",0.0,2026-10-04
Coenzima Q10 (200mg p/ porção),VITAFOR,Ômega 3 Super DHA,PURAVIDA,449,58,SEM_SUBGRUPO,SEM_SUBGRUPO,True,True,0.2447,,0,,0.0,Sem relação clara,variações parecidas (corr. +0.24),0.0,2026-10-04
Suplemento - Hyaluronic Hair,VITAFOR,Vitamina B12,YOSEN,1035,1131,SEM_SUBGRUPO,SEM_SUBGRUPO,True,True,0.0087,,0,,0.0,Sem relação clara,variações independentes (corr. +0.01),0.0,2026-10-04
Ferro Quelado 34mg,LAUTON,Vitamina D3 - 2000 Ui,LAUTON,1410,794,SEM_SUBGRUPO,SEM_SUBGRUPO,True,True,0.004,,0,,0.0,Sem relação clara,variações independentes (corr. +0.00),0.0,2026-10-04
Probiótico - Simfort Plus,VITAFOR,Ômega 3 Super DHA - BIG N,PURAVIDA,360,925,SEM_SUBGRUPO,SEM_SUBGRUPO,True,False,0.1601,-0.1356,9,,0.0,Sem relação clara,"nos picos de um, o outro não caiu; variações parecidas (corr. +0.16)",0.0,2026-10-04
100% Whey Protein - Flavour,ATLHETICA NUTRITION,#Whey Fort 3W,VITAFOR,144,337,SEM_SUBGRUPO,SEM_SUBGRUPO,True,True,0.0979,,0,,0.0,Sem relação clara,variações independentes (corr. +0.10),0.0,2026-10-04
Ômega Golden,ESSENTIAL,"Boraprim - Borragem, Prímula e Gergelim",VITAFOR,1010,419,SEM_SUBGRUPO,SEM_SUBGRUPO,True,True,0.1885,,0,,0.0,Sem relação clara,variações parecidas (corr. +0.19),0.0,2026-10-04
Morning Shot - Imunidade,SUBLYME,Termogênico - Termo Plus,VITAFOR,455,902,SEM_SUBGRUPO,SEM_SUBGRUPO,True,True,0.0963,,0,,0.0,Sem relação clara,variações independentes (corr. +0.10),0.0,2026-10-04
Creatina Monohidratada,OCEAN DROP,Whey Protein Concentrado,DUX,685,940,SEM_SUBGRUPO,SEM_SUBGRUPO,True,False,0.1572,-0.4625,29,0.49,4.0,Sem relação clara,"nos picos de um, o outro não caiu; variações parecidas (corr. +0.16); saem juntos 0.5× o esperado",0.0,2026-10-04
Refil Whey 100% Pure,INTEGRALMEDICA,BT Nitrato 400,DOBRO,139,481,SEM_SUBGRUPO,SEM_SUBGRUPO,True,True,0.0222,,0,,0.0,Sem relação clara,variações independentes (corr. +0.02),0.0,2026-10-04
Coenzima Q10,YOSEN,Coenzima Q10 - 100mg,CENTRAL NUTRITION,1129,366,SEM_SUBGRUPO,SEM_SUBGRUPO,True,True,0.1723,,0,,0.0,Sem relação clara,variações parecidas (corr. +0.17),0.0,2026-10-04
Colágeno - Collagen Essential Protein,ESSENTIAL,Coffee - Brainstorm,ESSENTIAL,1051,1103,SEM_SUBGRUPO,SEM_SUBGRUPO,True,True,0.1353,,0,,0.0,Sem relação clara,variações parecidas (corr. +0.14),0.0,2026-10-04
Colágeno - Collagen Tipo II 40mg,NUTRIFY,Ferro Quelato + Vitamina C,OCEAN DROP,657,697,SEM_SUBGRUPO,SEM_SUBGRUPO,True,True,0.0674,,0,,0.0,Sem relação clara,variações independentes (corr. +0.07),0.0,2026-10-04
Chocolate 70% Cacau,ONLY4,Fresh Whey,DUX,753,859,SEM_SUBGRUPO,SEM_SUBGRUPO,True,True,0.0713,,0,,0.0,Sem relação clara,variações independentes (corr. +0.07),0.0,2026-10-04
Ômega 3 - EPA DHA - 1000mg,EQUALIV,Whey Protein Concentrado,DUX,1215,938,SEM_SUBGRUPO,SEM_SUBGRUPO,True,False,0.1634,-0.3024,9,0.8296,2.0,Sem relação clara,"nos picos de um, o outro não caiu; variações parecidas (corr. +0.16); saem juntos 0.8× o esperado",0.0,2026-10-04
Whey Protein Crisp - Isocrisp,VITAFOR,Shot Matinal,OCEAN DROP,426,698,SEM_SUBGRUPO,SEM_SUBGRUPO,True,True,0.0556,,0,,0.0,Sem relação clara,variações independentes (corr. +0.06),0.0,2026-10-04
Própolis - Green Própolis,NUTRIFY,Proteína - Isocrisp Plant Pouch,VITAFOR,1326,905,SEM_SUBGRUPO,SEM_SUBGRUPO,True,True,0.1051,,0,,0.0,Sem relação clara,variações parecidas (corr. +0.11),0.0,2026-10-04
Vitamina B12,NUTRIFY,Termogênico - Lipix6,VITAFOR,614,726,SEM_SUBGRUPO,SEM_SUBGRUPO,True,True,0.0552,,0,,0.0,Sem relação clara,variações independentes (corr. +0.06),0.0,2026-10-04
#Whey Fort 3W,VITAFOR,L-Taurina - 1.000mg,VITAFOR,337,405,SEM_SUBGRUPO,SEM_SUBGRUPO,True,True,0.0903,,0,,0.0,Sem relação clara,variações independentes (corr. +0.09),0.0,2026-10-04
Creatina Monohidratada,OCEAN DROP,Fresh Whey,DUX,685,861,SEM_SUBGRUPO,SEM_SUBGRUPO,True,False,0.0927,-0.2333,23,1.2693,4.0,Sem relação clara,"nos picos de um, o outro não caiu; variações independentes (corr. +0.09); saem juntos 1.3× o esperado",0.0,2026-10-04
Ômega 3 EPA DHA,VITAFOR,Whey Protein Concentrado,DUX,77,936,SEM_SUBGRUPO,SEM_SUBGRUPO,True,False,0.0932,-0.1479,18,0.4854,3.0,Sem relação clara,"nos picos de um, o outro não caiu; variações independentes (corr. +0.09); saem juntos 0.5× o esperado",0.0,2026-10-04
Colágeno - Collagen Gut,ESSENTIAL,Colágeno - Collagen Protein Hidrolisado Berries Silvestres 450g PURAVIDA,PURAVIDA,214,652,SEM_SUBGRUPO,SEM_SUBGRUPO,True,True,0.0531,,0,,0.0,Sem relação clara,variações independentes (corr. +0.05),0.0,2026-10-04
Colágeno - Collagen Essential Protein,ESSENTIAL,Creatina 100%,NUTRIFY,1050,1097,SEM_SUBGRUPO,SEM_SUBGRUPO,True,True,0.088,,0,,0.0,Sem relação clara,variações independentes (corr. +0.09),0.0,2026-10-04
Creatina 100%,NUTRIFY,Psyllium,OCEAN DROP,1097,704,SEM_SUBGRUPO,SEM_SUBGRUPO,True,False,0.0004,-0.3529,3,1.3641,1.0,Sem relação clara,"nos picos de um, o outro não caiu; variações independentes (corr. +0.00); saem juntos 1.4× o esperado",0.0,2026-10-04
Creatina 100%,NUTRIFY,Whey Protein Isolado,DUX,1097,943,SEM_SUBGRUPO,SEM_SUBGRUPO,True,False,0.0907,-0.0968,3,,0.0,Sem relação clara,"nos picos de um, o outro não caiu; variações independentes (corr. +0.09)",0.0,2026-10-04
Omegafor Plus,VITAFOR,Ômega 3 EPA DHA,VITAFOR,68,77,SEM_SUBGRUPO,SEM_SUBGRUPO,True,False,0.1175,-0.0974,19,0.3254,3.0,Sem relação clara,"nos picos de um, o outro não caiu; variações parecidas (corr. +0.12); saem juntos 0.3× o esperado",0.0,2026-10-04
Beta Alanina,VITAFOR,Fresh Whey,DUX,407,861,SEM_SUBGRUPO,SEM_SUBGRUPO,True,False,0.0582,-0.087,8,1.0028,1.0,Sem relação clara,"nos picos de um, o outro não caiu; variações independentes (corr. +0.06); saem juntos 1.0× o esperado",0.0,2026-10-04
Própolis Verde - Alcoólico,APIS FLORA,Aminoácido - Tryptophan,NUTRIFY,1119,533,SEM_SUBGRUPO,SEM_SUBGRUPO,True,True,0.1851,,0,,0.0,Sem relação clara,variações parecidas (corr. +0.19),0.0,2026-10-04
Suplemento de Magnésio - Blue Calm,PURAVIDA,Whey Tech 100%,ATLHETICA NUTRITION,1238,588,SEM_SUBGRUPO,SEM_SUBGRUPO,True,True,0.0988,,0,,0.0,Sem relação clara,variações independentes (corr. +0.10),0.0,2026-10-04
Fresh Whey,DUX,Whey Fort 3W,VITAFOR,1341,334,SEM_SUBGRUPO,SEM_SUBGRUPO,True,True,0.1154,,0,,0.0,Sem relação clara,variações parecidas (corr. +0.12),0.0,2026-10-04
Creatina Monohidratada,ATLHETICA NUTRITION,Coenzima Q10 (200mg p/ porção),VITAFOR,141,448,SEM_SUBGRUPO,SEM_SUBGRUPO,True,False,0.0717,-0.0825,6,0.3513,1.0,Sem relação clara,"nos picos de um, o outro não caiu; variações independentes (corr. +0.07); saem juntos 0.4× o esperado",0.0,2026-10-04
Creatina - Creapure,ATLHETICA NUTRITION,Cúrcuma 500mg,OCEAN DROP,1127,691,SEM_SUBGRUPO,SEM_SUBGRUPO,True,True,0.0359,,0,,0.0,Sem relação clara,variações independentes (corr. +0.04),0.0,2026-10-04
Omegafor Plus,VITAFOR,Colágeno - Colagentek Protein - Bodybalance,VITAFOR,375,390,SEM_SUBGRUPO,SEM_SUBGRUPO,True,True,0.1099,,0,,0.0,Sem relação clara,variações parecidas (corr. +0.11),0.0,2026-10-04
Ômega 3 - 1360mg,NUTRIFY,Whey Protein Concentrado,DUX,635,935,SEM_SUBGRUPO,SEM_SUBGRUPO,True,False,0.0509,-0.122,3,0.6515,1.0,Sem relação clara,"nos picos de um, o outro não caiu; variações independentes (corr. +0.05); saem juntos 0.7× o esperado",0.0,2026-10-04
Creatina - Creafort (Creapure),VITAFOR,Ômega 3 - 1360mg,NUTRIFY,434,635,SEM_SUBGRUPO,SEM_SUBGRUPO,True,False,0.0144,-0.2625,6,0.8789,3.0,Sem relação clara,"nos picos de um, o outro não caiu; variações independentes (corr. +0.01); saem juntos 0.9× o esperado",0.0,2026-10-04
Colágeno - Colagentek Protein - Bodybalance,VITAFOR,Ômega 3 Super DHA - BIG N,PURAVIDA,439,925,SEM_SUBGRUPO,SEM_SUBGRUPO,True,False,0.2129,-0.1294,9,,0.0,Sem relação clara,"nos picos de um, o outro não caiu; variações parecidas (corr. +0.21)",0.0,2026-10-04
Probiótico - Simfort Plus,VITAFOR,Whey Protein Concentrado,DUX,360,936,SEM_SUBGRUPO,SEM_SUBGRUPO,True,False,0.0783,-0.2617,17,,0.0,Sem relação clara,"nos picos de um, o outro não caiu; variações independentes (corr. +0.08)",0.0,2026-10-04
Aminoácido N-acetil L-cisteína (NAC),VITAFOR,Colágeno - Colagentek,VITAFOR,377,442,SEM_SUBGRUPO,SEM_SUBGRUPO,True,True,0.0175,,0,,0.0,Sem relação clara,variações independentes (corr. +0.02),0.0,2026-10-04
Vitamina D - Vita D3 + C + Zinco,VITAFOR,Ômega 3 Super DHA - BIG N,PURAVIDA,399,925,SEM_SUBGRUPO,SEM_SUBGRUPO,True,False,0.0599,-0.0163,9,,0.0,Sem relação clara,"nos picos de um, o outro não caiu; variações independentes (corr. +0.06)",0.0,2026-10-04
Vitamina B12,OCEAN DROP,Vitamina D3 - 2000 Ui,LAUTON,690,794,SEM_SUBGRUPO,SEM_SUBGRUPO,True,True,0.0875,,0,,0.0,Sem relação clara,variações independentes (corr. +0.09),0.0,2026-10-04
Whey Protein Isolado,DUX,Suplemento Alimentar - Green Shot,OCEAN DROP,5,712,SEM_SUBGRUPO,SEM_SUBGRUPO,True,True,0.1423,,0,,0.0,Sem relação clara,variações parecidas (corr. +0.14),0.0,2026-10-04
Bio Ferro,PURAVIDA,Whey Protein Concentrado,DUX,1069,939,SEM_SUBGRUPO,SEM_SUBGRUPO,True,False,0.1523,-0.0517,4,,0.0,Sem relação clara,"nos picos de um, o outro não caiu; variações parecidas (corr. +0.15)",0.0,2026-10-04
Whey Tech 100%,ATLHETICA NUTRITION,Glutamina em Pó,NUTRIFY,587,598,SEM_SUBGRUPO,SEM_SUBGRUPO,True,True,0.3024,,0,,0.0,Sem relação clara,variações parecidas (corr. +0.30),0.0,2026-10-04
Colágeno - Colagentek Protein - Bodybalance,VITAFOR,Whey Protein Isolado,DUX,390,6,SEM_SUBGRUPO,SEM_SUBGRUPO,True,True,0.1511,,0,,0.0,Sem relação clara,variações parecidas (corr. +0.15),0.0,2026-10-04
Melatonina Duo Harmony,ESSENTIAL,Aminoácidos - Aminnu EAAs,CENTRAL NUTRITION,1107,333,SEM_SUBGRUPO,SEM_SUBGRUPO,True,True,0.136,,0,,0.0,Sem relação clara,variações parecidas (corr. +0.14),0.0,2026-10-04
Própolis Alcoólico,APIS FLORA,Bom Ciclo,CENTRAL NUTRITION,1120,336,SEM_SUBGRUPO,SEM_SUBGRUPO,True,True,0.009,,0,,0.0,Sem relação clara,variações independentes (corr. +0.01),0.0,2026-10-04
Fresh Whey,DUX,Colágeno - Colagentek Beauty,VITAFOR,1491,447,SEM_SUBGRUPO,SEM_SUBGRUPO,True,True,0.1106,,0,,0.0,Sem relação clara,variações parecidas (corr. +0.11),0.0,2026-10-04
W100 Whey Concentrado Havanna - Sachê,NUTRATA,Whey 3W -  Sachê,BOLD,1936,1942,SEM_SUBGRUPO,SEM_SUBGRUPO,True,True,0.3542,,0,,0.0,Sem relação clara,variações parecidas (corr. +0.35),0.0,2026-10-04
Tasty Whey 3W Gourmet,ADAPTOGEN,Refil Whey 100% Pure,INTEGRALMEDICA,109,140,SEM_SUBGRUPO,SEM_SUBGRUPO,True,True,0.1536,,0,,0.0,Sem relação clara,variações parecidas (corr. +0.15),0.0,2026-10-04
Melatonina,OCEAN DROP,Gel Nitrato com L-Citrulinilarginina,DOBRO,705,989,SEM_SUBGRUPO,SEM_SUBGRUPO,True,True,0.022,,0,,0.0,Sem relação clara,variações independentes (corr. +0.02),0.0,2026-10-04
Cúrcuma Plus,VITAFOR,Ômega 3 Super DHA - BIG N,PURAVIDA,433,925,SEM_SUBGRUPO,SEM_SUBGRUPO,True,False,0.2843,-0.1849,14,,0.0,Sem relação clara,"nos picos de um, o outro não caiu; variações parecidas (corr. +0.28)",0.0,2026-10-04
Aminoácidos - Aminolift,ESSENTIAL,BT Nitrato 400,DOBRO,1105,481,SEM_SUBGRUPO,SEM_SUBGRUPO,True,True,0.0027,,0,,0.0,Sem relação clara,variações independentes (corr. +0.00),0.0,2026-10-04
Vitamina B12,YOSEN,Melatonina,OCEAN DROP,1131,705,SEM_SUBGRUPO,SEM_SUBGRUPO,True,True,0.1318,,0,,0.0,Sem relação clara,variações parecidas (corr. +0.13),0.0,2026-10-04
Ômega 3 - EPA DHA - 1000mg,EQUALIV,Coenzima Q10,OCEAN DROP,1213,681,SEM_SUBGRUPO,SEM_SUBGRUPO,True,True,0.0972,,0,,0.0,Sem relação clara,variações independentes (corr. +0.10),0.0,2026-10-04
Bio Vitamina B12 em gotas,PURAVIDA,Magnésio - Bio Trimag,PURAVIDA,1065,915,SEM_SUBGRUPO,SEM_SUBGRUPO,True,True,0.2502,,0,,0.0,Sem relação clara,variações parecidas (corr. +0.25),0.0,2026-10-04
Pré-Treino - Beta Action,ESSENTIAL,Creatina,ALLMAX,1248,599,SEM_SUBGRUPO,SEM_SUBGRUPO,True,True,0.1912,,0,,0.0,Sem relação clara,variações parecidas (corr. +0.19),0.0,2026-10-04
Eletrólitos,LIQUIDZ,Whey Protein Isolado - Sachê,DUX,1898,1911,SEM_SUBGRUPO,SEM_SUBGRUPO,True,True,0.2182,,0,,0.0,Sem relação clara,variações parecidas (corr. +0.22),0.0,2026-10-04
NAC + Glycine + Taurine,ESSENTIAL,Magnésio Quelato - Bio Mag,PURAVIDA,1250,620,SEM_SUBGRUPO,SEM_SUBGRUPO,True,True,0.2521,,0,,0.0,Sem relação clara,variações parecidas (corr. +0.25),0.0,2026-10-04
Creatina Monohidratada,PURAVIDA,Colágeno - Collagen Protein Hidrolisado Berries Silvestres 450g PURAVIDA,PURAVIDA,1484,652,SEM_SUBGRUPO,SEM_SUBGRUPO,True,True,0.0523,,0,,0.0,Sem relação clara,variações independentes (corr. +0.05),0.0,2026-10-04
Whey Tech 100%,ATLHETICA NUTRITION,Ômega 3 Pulse,PURAVIDA,453,546,SEM_SUBGRUPO,SEM_SUBGRUPO,True,True,0.0121,,0,,0.0,Sem relação clara,variações independentes (corr. +0.01),0.0,2026-10-04
Probiótico - Simfort Plus,VITAFOR,Creatina - Creafort (Creapure),VITAFOR,402,434,SEM_SUBGRUPO,SEM_SUBGRUPO,True,True,0.253,-0.1625,6,0.5438,2.0,Sem relação clara,"nos picos de um, o outro não caiu; variações parecidas (corr. +0.25); saem juntos 0.5× o esperado",0.0,2026-10-04
Suplemento Alimentar  - Hepatofor,VITAFOR,Creatina,ALLMAX,423,599,SEM_SUBGRUPO,SEM_SUBGRUPO,True,True,0.1212,,0,,0.0,Sem relação clara,variações parecidas (corr. +0.12),0.0,2026-10-04
Whey Protein Concentrado,DUX,Whey Protein Concentrado,DUX,935,938,SEM_SUBGRUPO,SEM_SUBGRUPO,True,False,0.0361,-0.1923,7,1.4938,5.0,Sem relação clara,"nos picos de um, o outro não caiu; variações independentes (corr. +0.04); saem juntos 1.5× o esperado",0.0,2026-10-04
Whey Protein Concentrado,DUX,Whey Protein Isolado,DUX,939,943,SEM_SUBGRUPO,SEM_SUBGRUPO,True,False,0.0876,-0.3156,7,,0.0,Sem relação clara,"nos picos de um, o outro não caiu; variações independentes (corr. +0.09)",0.0,2026-10-04
Colágeno - Colagentek Protein - Bodybalance,VITAFOR,Proteína Isolada e Hidrolisada - Body Protein,EQUALIV,390,520,SEM_SUBGRUPO,SEM_SUBGRUPO,True,True,0.0911,,0,,0.0,Sem relação clara,variações independentes (corr. +0.09),0.0,2026-10-04
Ferro Quelato + Vitamina C,OCEAN DROP,Vitamina B12,VITAFOR,697,907,SEM_SUBGRUPO,SEM_SUBGRUPO,True,True,0.0968,,0,,0.0,Sem relação clara,variações independentes (corr. +0.10),0.0,2026-10-04
Probiótico - Simfort Plus,VITAFOR,Creatina Monohidratada,OCEAN DROP,360,685,SEM_SUBGRUPO,SEM_SUBGRUPO,True,False,0.182,-0.1766,18,0.3006,1.0,Sem relação clara,"nos picos de um, o outro não caiu; variações parecidas (corr. +0.18); saem juntos 0.3× o esperado",0.0,2026-10-04
Vitamina D - Vita D3 + C + Zinco,VITAFOR,Whey Protein Concentrado,DUX,399,936,SEM_SUBGRUPO,SEM_SUBGRUPO,True,False,0.1744,-0.1623,17,1.3971,6.0,Sem relação clara,"nos picos de um, o outro não caiu; variações parecidas (corr. +0.17); saem juntos 1.4× o esperado",0.0,2026-10-04
Suplemento Alimentar - Pura Fiber,PURAVIDA,Fibras Prébioticas - Prebiotic,NUTRIFY,1056,1328,SEM_SUBGRUPO,SEM_SUBGRUPO,True,True,0.2994,,0,,0.0,Sem relação clara,variações parecidas (corr. +0.30),0.0,2026-10-04
Pré-Treino,DUX,Whey Fort 3W,VITAFOR,1560,342,SEM_SUBGRUPO,SEM_SUBGRUPO,True,True,0.1019,,0,,0.0,Sem relação clara,variações parecidas (corr. +0.10),0.0,2026-10-04
Magnésio Inositol,NUTRIFY,Coenzima Q10 - 200mg,CENTRAL NUTRITION,1205,369,SEM_SUBGRUPO,SEM_SUBGRUPO,True,True,0.0599,,0,,0.0,Sem relação clara,variações independentes (corr. +0.06),0.0,2026-10-04
Vitamina D - Vita D3 + C + Zinco,VITAFOR,Complexo B 500mg,OCEAN DROP,400,694,SEM_SUBGRUPO,SEM_SUBGRUPO,True,True,0.1169,,0,,0.0,Sem relação clara,variações parecidas (corr. +0.12),0.0,2026-10-04
Pré-Treino - Beta Action,ESSENTIAL,Whey,ESSENTIAL,1248,35,SEM_SUBGRUPO,SEM_SUBGRUPO,True,True,0.1018,,0,,0.0,Sem relação clara,variações parecidas (corr. +0.10),0.0,2026-10-04
L-Carnitina 530mg,VITAFOR,Creatina,ALLMAX,386,599,SEM_SUBGRUPO,SEM_SUBGRUPO,True,True,0.1365,,0,,0.0,Sem relação clara,variações parecidas (corr. +0.14),0.0,2026-10-04
Isofort Plant (Life Vegan),VITAFOR,Fresh Whey,DUX,427,860,SEM_SUBGRUPO,SEM_SUBGRUPO,True,True,0.1553,,0,,0.0,Sem relação clara,variações parecidas (corr. +0.16),0.0,2026-10-04
Fresh Whey,DUX,Arginofor -  L-Arginina,VITAFOR,1491,385,SEM_SUBGRUPO,SEM_SUBGRUPO,True,True,0.0648,,0,,0.0,Sem relação clara,variações independentes (corr. +0.06),0.0,2026-10-04
Super Ômega 3,ESSENTIAL,Magnésio,NUTRIFY,38,615,SEM_SUBGRUPO,SEM_SUBGRUPO,True,True,0.1322,,0,,0.0,Sem relação clara,variações parecidas (corr. +0.13),0.0,2026-10-04
Vitamina D3,OCEAN DROP,Refil Whey 100% Pure,INTEGRALMEDICA,1265,139,SEM_SUBGRUPO,SEM_SUBGRUPO,True,True,0.0667,,0,,0.0,Sem relação clara,variações independentes (corr. +0.07),0.0,2026-10-04
Vitamina D - Vita D3,VITAFOR,Whey Tech 100%,ATLHETICA NUTRITION,397,453,SEM_SUBGRUPO,SEM_SUBGRUPO,True,False,0.1879,-0.0926,10,,0.0,Sem relação clara,"nos picos de um, o outro não caiu; variações parecidas (corr. +0.19)",0.0,2026-10-04
Creatina 100%,NUTRIFY,Ômega 3 EPA DHA,PURAVIDA,1097,54,SEM_SUBGRUPO,SEM_SUBGRUPO,True,False,0.1128,-0.0714,13,,0.0,Sem relação clara,"nos picos de um, o outro não caiu; variações parecidas (corr. +0.11)",0.0,2026-10-04
Pasta de Amendoim,DR. PEANUT,Glutamina - Glutamax,VITAFOR,1020,406,SEM_SUBGRUPO,SEM_SUBGRUPO,True,True,0.1525,,0,,0.0,Sem relação clara,variações parecidas (corr. +0.15),0.0,2026-10-04
Magnésio Inositol,NUTRIFY,Magnésio Inositol,EQUALIV,1205,991,SEM_SUBGRUPO,SEM_SUBGRUPO,True,True,0.0748,,0,,0.0,Sem relação clara,variações independentes (corr. +0.07),0.0,2026-10-04
Whey Fort 3W,VITAFOR,Achocolatado - Chocoki,ESSENTIAL,332,549,SEM_SUBGRUPO,SEM_SUBGRUPO,True,True,0.1914,,0,,0.0,Sem relação clara,variações parecidas (corr. +0.19),0.0,2026-10-04
Suplemento de Magnésio - Blue Calm,PURAVIDA,Matchá - Chá Verde em Pó,OCEAN DROP,1475,714,SEM_SUBGRUPO,SEM_SUBGRUPO,True,True,0.2208,,0,,0.0,Sem relação clara,variações parecidas (corr. +0.22),0.0,2026-10-04
Vitamina B12,NUTRIFY,Coenzima Q10,OCEAN DROP,614,681,SEM_SUBGRUPO,SEM_SUBGRUPO,True,True,0.0203,,0,,0.0,Sem relação clara,variações independentes (corr. +0.02),0.0,2026-10-04
Suplemento Alimentar - True Nac,TRUE SOURCE,Ferro Quelado 34mg,LAUTON,1111,1410,SEM_SUBGRUPO,SEM_SUBGRUPO,True,True,0.168,,0,,0.0,Sem relação clara,variações parecidas (corr. +0.17),0.0,2026-10-04
Colágeno - Collagen Protein Hidrolisado Berries Silvestres 450g PURAVIDA,PURAVIDA,Vitamina D3 Synergy,PURAVIDA,652,914,SEM_SUBGRUPO,SEM_SUBGRUPO,True,True,0.0471,,0,,0.0,Sem relação clara,variações independentes (corr. +0.05),0.0,2026-10-04
Ômega 3 - EPA DHA - 1000mg,EQUALIV,Enzimas Enzyfor,VITAFOR,1215,410,SEM_SUBGRUPO,SEM_SUBGRUPO,True,True,0.1388,,0,,0.0,Sem relação clara,variações parecidas (corr. +0.14),0.0,2026-10-04
Colágeno - Collagen Bones,ESSENTIAL,Laranja Moro - Moroskinny,EQUALIV,1100,1593,SEM_SUBGRUPO,SEM_SUBGRUPO,True,True,0.1435,,0,,0.0,Sem relação clara,variações parecidas (corr. +0.14),0.0,2026-10-04
Vitamina D - Vita D3,VITAFOR,Whey Protein Concentrado,DUX,397,936,SEM_SUBGRUPO,SEM_SUBGRUPO,True,False,0.02,-0.09,24,0.7005,5.0,Sem relação clara,"nos picos de um, o outro não caiu; variações independentes (corr. +0.02); saem juntos 0.7× o esperado",0.0,2026-10-04
Glutamina,NUTRIFY,Aminoácido - Aminovita,VITAFOR,1327,379,SEM_SUBGRUPO,SEM_SUBGRUPO,True,True,0.0685,,0,,0.0,Sem relação clara,variações independentes (corr. +0.07),0.0,2026-10-04
Vitamina D - Vita D3 + C + Zinco,VITAFOR,Creatina Monohidratada,OCEAN DROP,399,685,SEM_SUBGRUPO,SEM_SUBGRUPO,True,False,0.05,-0.1001,18,0.6175,2.0,Sem relação clara,"nos picos de um, o outro não caiu; variações independentes (corr. +0.05); saem juntos 0.6× o esperado",0.0,2026-10-04
SuperCoffee,CAFFEINE ARMY,Whey Protein Concentrado,DUX,457,940,SEM_SUBGRUPO,SEM_SUBGRUPO,True,True,0.1124,,0,1.1614,3.0,Sem relação clara,variações parecidas (corr. +0.11); saem juntos 1.2× o esperado,0.0,2026-10-04
Refil Whey Protein Concentrado,VITAFOR,Whey hidrolisado e isolado,TRUE SOURCE,1673,85,SEM_SUBGRUPO,SEM_SUBGRUPO,True,True,0.1079,,0,,0.0,Sem relação clara,variações parecidas (corr. +0.11),0.0,2026-10-04
Proteína Isolada e Hidrolisada - Body Protein,EQUALIV,Refil Whey 100% Pure,INTEGRALMEDICA,1124,139,SEM_SUBGRUPO,SEM_SUBGRUPO,True,True,0.1282,,0,,0.0,Sem relação clara,variações parecidas (corr. +0.13),0.0,2026-10-04
Matchá - Chá Verde em Pó,OCEAN DROP,Barra Chocolate 70%,ZEROMILK,714,754,SEM_SUBGRUPO,SEM_SUBGRUPO,True,True,0.05,,0,,0.0,Sem relação clara,variações independentes (corr. +0.05),0.0,2026-10-04
Refil Whey Concentrado - W100,NUTRATA,Whey,ESSENTIAL,1485,40,SEM_SUBGRUPO,SEM_SUBGRUPO,True,True,0.0846,,0,,0.0,Sem relação clara,variações independentes (corr. +0.08),0.0,2026-10-04
Suplemento para Imunidade - Immune Up 100%,NUTRIFY,Colágeno - Colagentek Beauty,VITAFOR,219,447,SEM_SUBGRUPO,SEM_SUBGRUPO,True,True,0.2198,,0,,0.0,Sem relação clara,variações parecidas (corr. +0.22),0.0,2026-10-04
Whey Protein Isolado - Sachê,DUX,Gel Nitrato,DOBRO,1917,988,SEM_SUBGRUPO,SEM_SUBGRUPO,True,True,0.0746,,0,,0.0,Sem relação clara,variações independentes (corr. +0.07),0.0,2026-10-04
Bio Ferro,PURAVIDA,Beta Alanina,VITAFOR,1069,407,SEM_SUBGRUPO,SEM_SUBGRUPO,True,False,0.0862,,0,,0.0,Sem relação clara,variações independentes (corr. +0.09),0.0,2026-10-04
Creatina 100%,NUTRIFY,Vitamina D3 + K2,VITAFOR,1092,908,SEM_SUBGRUPO,SEM_SUBGRUPO,True,True,0.0392,,0,,0.0,Sem relação clara,variações independentes (corr. +0.04),0.0,2026-10-04
Whey Tech 100%,ATLHETICA NUTRITION,Whey Protein Isolado,PURAVIDA,453,50,SEM_SUBGRUPO,SEM_SUBGRUPO,True,True,0.0519,,0,,0.0,Sem relação clara,variações independentes (corr. +0.05),0.0,2026-10-04
Melatonina Duo Harmony,ESSENTIAL,Tasty Whey 3W Gourmet,ADAPTOGEN,1107,1670,SEM_SUBGRUPO,SEM_SUBGRUPO,True,True,0.1017,,0,,0.0,Sem relação clara,variações parecidas (corr. +0.10),0.0,2026-10-04
Creatina Monohidratada,EQUALIV,Colágeno - Colagentek Protein - Bodybalance,VITAFOR,1228,1452,SEM_SUBGRUPO,SEM_SUBGRUPO,True,True,0.0214,,0,,0.0,Sem relação clara,variações independentes (corr. +0.02),0.0,2026-10-04
Glutamina - Glutamax,VITAFOR,Cromo Picolinato - 250mg,LAUTON,406,811,SEM_SUBGRUPO,SEM_SUBGRUPO,True,True,0.0392,,0,,0.0,Sem relação clara,variações independentes (corr. +0.04),0.0,2026-10-04
Eletrólitos,LIQUIDZ,Gel Nitrato,DOBRO,1897,756,SEM_SUBGRUPO,SEM_SUBGRUPO,True,True,0.2151,,0,,0.0,Sem relação clara,variações parecidas (corr. +0.22),0.0,2026-10-04
Colágeno - Collagen Pro - Body Suport,PURAVIDA,Aminoácido - Aminovita,VITAFOR,1026,381,SEM_SUBGRUPO,SEM_SUBGRUPO,True,True,0.0095,,0,,0.0,Sem relação clara,variações independentes (corr. +0.01),0.0,2026-10-04
Super Ômega 3,ESSENTIAL,Ômega -  Mega DHA,VITAFOR,1252,75,SEM_SUBGRUPO,SEM_SUBGRUPO,True,True,0.0281,,0,,0.0,Sem relação clara,variações independentes (corr. +0.03),0.0,2026-10-04
Glutamina - Glutamax,VITAFOR,Creatina Monohidratada,DUX,421,486,SEM_SUBGRUPO,SEM_SUBGRUPO,True,True,0.1703,,0,0.3333,2.0,Sem relação clara,variações parecidas (corr. +0.17); saem juntos 0.3× o esperado,0.0,2026-10-04
Fresh Whey,DUX,Ômega 3,TRUE SOURCE,1491,1499,SEM_SUBGRUPO,SEM_SUBGRUPO,True,True,0.2224,,0,,0.0,Sem relação clara,variações parecidas (corr. +0.22),0.0,2026-10-04
Creatina Monohidratada,DUX,Ômega 3 EPA DHA,VITAFOR,486,72,SEM_SUBGRUPO,SEM_SUBGRUPO,True,False,0.1167,-0.1381,19,1.0515,13.0,Sem relação clara,"nos picos de um, o outro não caiu; variações parecidas (corr. +0.12); saem juntos 1.1× o esperado",0.0,2026-10-04
Beta Alanina,VITAFOR,Colágeno - Collagen Tipo II 40mg,NUTRIFY,407,657,SEM_SUBGRUPO,SEM_SUBGRUPO,True,True,0.0849,,0,,0.0,Sem relação clara,variações independentes (corr. +0.08),0.0,2026-10-04
SuperCoffee Língua de gato - Kopenhagen,CAFFEINE ARMY,Ômega 3 EPA DHA,VITAFOR,1384,72,SEM_SUBGRUPO,SEM_SUBGRUPO,True,False,0.0028,-0.2268,13,0.2571,1.0,Sem relação clara,"nos picos de um, o outro não caiu; variações independentes (corr. +0.00); saem juntos 0.3× o esperado",0.0,2026-10-04
Isofort Plant (Life Vegan),VITAFOR,SuperCoffee,CAFFEINE ARMY,404,463,SEM_SUBGRUPO,SEM_SUBGRUPO,True,True,0.1889,,0,,0.0,Sem relação clara,variações parecidas (corr. +0.19),0.0,2026-10-04
Própolis Verde 70,APIS FLORA,Vitamina B12,LAUTON,1118,629,SEM_SUBGRUPO,SEM_SUBGRUPO,True,True,0.0669,,0,,0.0,Sem relação clara,variações independentes (corr. +0.07),0.0,2026-10-04
Colágeno - Colagentek Protein - Bodybalance,VITAFOR,Proteína Vegana - Immuno Veggie,ESSENTIAL,1451,39,SEM_SUBGRUPO,SEM_SUBGRUPO,True,True,0.07,,0,,0.0,Sem relação clara,variações independentes (corr. +0.07),0.0,2026-10-04
Colágeno Collagen Skin,ESSENTIAL,Probióticos em Pó - Simfort,VITAFOR,215,365,SEM_SUBGRUPO,SEM_SUBGRUPO,True,True,0.3504,,0,,0.0,Sem relação clara,variações parecidas (corr. +0.35),0.0,2026-10-04
Isofort Plant (Life Vegan),VITAFOR,Colágeno - Colagentek,VITAFOR,404,440,SEM_SUBGRUPO,SEM_SUBGRUPO,True,True,0.0368,,0,,0.0,Sem relação clara,variações independentes (corr. +0.04),0.0,2026-10-04
Creatina - Creapure,ATLHETICA NUTRITION,Body Protein Vegano,EQUALIV,1127,1227,SEM_SUBGRUPO,SEM_SUBGRUPO,True,True,0.1889,,0,,0.0,Sem relação clara,variações parecidas (corr. +0.19),0.0,2026-10-04
Vitamina D - Vita D3,VITAFOR,Creatina Monohidratada,OCEAN DROP,397,685,SEM_SUBGRUPO,SEM_SUBGRUPO,True,True,0.0606,-0.0934,25,1.1145,6.0,Sem relação clara,"nos picos de um, o outro não caiu; variações independentes (corr. +0.06); saem juntos 1.1× o esperado",0.0,2026-10-04
Creatina - Creafort (Creapure),VITAFOR,Psyllium,OCEAN DROP,434,704,SEM_SUBGRUPO,SEM_SUBGRUPO,True,False,0.0997,-0.1706,9,0.3389,1.0,Sem relação clara,"nos picos de um, o outro não caiu; variações independentes (corr. +0.10); saem juntos 0.3× o esperado",0.0,2026-10-04
Vitamina D - Vita D3 + C + Zinco,VITAFOR,Ômega 3 EPA DHA,VITAFOR,399,77,SEM_SUBGRUPO,SEM_SUBGRUPO,True,True,0.0464,-0.0646,7,1.3742,3.0,Sem relação clara,"nos picos de um, o outro não caiu; variações independentes (corr. +0.05); saem juntos 1.4× o esperado",0.0,2026-10-04
BodyBalance - Muscle Synergy,ESSENTIAL,Enzimas Enzyfor,VITAFOR,1249,410,SEM_SUBGRUPO,SEM_SUBGRUPO,True,True,0.0927,,0,,0.0,Sem relação clara,variações independentes (corr. +0.09),0.0,2026-10-04
Whey Protein Isolado - Isofort,VITAFOR,Fresh Whey,DUX,67,860,SEM_SUBGRUPO,SEM_SUBGRUPO,True,True,0.0671,,0,,0.0,Sem relação clara,variações independentes (corr. +0.07),0.0,2026-10-04
Creatina Monohidratada (Creapure),DUX,Suplemento Alimentar - GUARDIAN®,CENTRAL NUTRITION,1687,357,SEM_SUBGRUPO,SEM_SUBGRUPO,True,True,0.0619,,0,,0.0,Sem relação clara,variações independentes (corr. +0.06),0.0,2026-10-04
Sleep,KOALA,Whey,ESSENTIAL,1128,41,SEM_SUBGRUPO,SEM_SUBGRUPO,True,True,0.0813,,0,,0.0,Sem relação clara,variações independentes (corr. +0.08),0.0,2026-10-04
Resveratrol 500mg,OCEAN DROP,Whey Protein Concentrado,DUX,709,939,SEM_SUBGRUPO,SEM_SUBGRUPO,True,True,0.1627,,0,,0.0,Sem relação clara,variações parecidas (corr. +0.16),0.0,2026-10-04
N-Acetil Cisteína (NAC),PURAVIDA,Beta Alanina 100%,NUTRATA,1719,638,SEM_SUBGRUPO,SEM_SUBGRUPO,True,True,0.0802,,0,,0.0,Sem relação clara,variações independentes (corr. +0.08),0.0,2026-10-04
Creatina Monohidratada,ATLHETICA NUTRITION,Creatina - Creafort (Creapure),VITAFOR,141,434,SEM_SUBGRUPO,SEM_SUBGRUPO,True,False,0.0342,-0.1214,12,,0.0,Sem relação clara,"nos picos de um, o outro não caiu; variações independentes (corr. +0.03)",0.0,2026-10-04
Whey Protein Concentrado,DUX,Whey Protein Concentrado,DUX,936,938,SEM_SUBGRUPO,SEM_SUBGRUPO,True,True,0.0254,-0.4562,18,1.4275,14.0,Sem relação clara,"nos picos de um, o outro não caiu; variações independentes (corr. +0.03); saem juntos 1.4× o esperado",0.0,2026-10-04
Colágeno - Colagentek II,VITAFOR,Shot Matinal,OCEAN DROP,388,698,SEM_SUBGRUPO,SEM_SUBGRUPO,True,True,0.0086,,0,,0.0,Sem relação clara,variações independentes (corr. +0.01),0.0,2026-10-04
Magnésio Inositol,NUTRIFY,Whey Protein Concentrado,DUX,1659,1705,SEM_SUBGRUPO,SEM_SUBGRUPO,True,True,0.3173,,0,,0.0,Sem relação clara,variações parecidas (corr. +0.32),0.0,2026-10-04
Omegafor Plus,VITAFOR,Ômega 3 EPA DHA,VITAFOR,375,72,SEM_SUBGRUPO,SEM_SUBGRUPO,True,False,0.0176,-0.3714,3,,0.0,Sem relação clara,"nos picos de um, o outro não caiu; variações independentes (corr. +0.02)",0.0,2026-10-04
Glutamina,ESSENTIAL,Proteína Isolada e Hidrolisada - Body Protein,EQUALIV,1109,1124,SEM_SUBGRUPO,SEM_SUBGRUPO,True,True,0.1796,,0,,0.0,Sem relação clara,variações parecidas (corr. +0.18),0.0,2026-10-04
Coenzima Q10,YOSEN,NAC Acetilcisteína -  600mg,EQUALIV,1129,994,SEM_SUBGRUPO,SEM_SUBGRUPO,True,True,0.0979,,0,,0.0,Sem relação clara,variações independentes (corr. +0.10),0.0,2026-10-04
Whey Protein Concentrado,DUX,Whey Protein Concentrado,DUX,939,940,SEM_SUBGRUPO,SEM_SUBGRUPO,True,True,0.0379,-0.1226,18,1.4188,7.0,Sem relação clara,"nos picos de um, o outro não caiu; variações independentes (corr. +0.04); saem juntos 1.4× o esperado",0.0,2026-10-04
Whey - Immuno Golden,ESSENTIAL,Fresh Whey,DUX,1099,950,SEM_SUBGRUPO,SEM_SUBGRUPO,True,True,0.0553,,0,,0.0,Sem relação clara,variações independentes (corr. +0.06),0.0,2026-10-04
Glutamina,NUTRIFY,100% Whey Pure,INTEGRALMEDICA,1327,170,SEM_SUBGRUPO,SEM_SUBGRUPO,True,True,0.0338,,0,,0.0,Sem relação clara,variações independentes (corr. +0.03),0.0,2026-10-04
Gold Whey Concentrado Refil,ADAPTOGEN,Whey Tech 100%,ATLHETICA NUTRITION,113,587,SEM_SUBGRUPO,SEM_SUBGRUPO,True,True,0.0767,,0,,0.0,Sem relação clara,variações independentes (corr. +0.08),0.0,2026-10-04
Ômega 3 EPA DHA,VITAFOR,Whey Protein Concentrado,DUX,72,940,SEM_SUBGRUPO,SEM_SUBGRUPO,True,False,0.1187,-0.2481,17,0.162,1.0,Sem relação clara,"nos picos de um, o outro não caiu; variações parecidas (corr. +0.12); saem juntos 0.2× o esperado",0.0,2026-10-04
Whey Protein Concentrado,DUX,Whey Protein Concentrado,DUX,935,936,SEM_SUBGRUPO,SEM_SUBGRUPO,True,False,0.168,-0.4268,17,1.446,6.0,Sem relação clara,"nos picos de um, o outro não caiu; variações parecidas (corr. +0.17); saem juntos 1.4× o esperado",0.0,2026-10-04
Omegafor Family - Ômega 3,VITAFOR,Bio Cálcio  60 caps PURAVIDA,PURAVIDA,1247,917,SEM_SUBGRUPO,SEM_SUBGRUPO,True,True,0.3281,,0,,0.0,Sem relação clara,variações parecidas (corr. +0.33),0.0,2026-10-04
#Whey Fort 3W,VITAFOR,Fresh Whey,DUX,337,950,SEM_SUBGRUPO,SEM_SUBGRUPO,True,True,0.1925,,0,,0.0,Sem relação clara,variações parecidas (corr. +0.19),0.0,2026-10-04
Vitamina D - Vita D3,VITAFOR,Coenzima Q10 (200mg p/ porção),VITAFOR,395,448,SEM_SUBGRUPO,SEM_SUBGRUPO,True,False,0.1317,,0,,0.0,Sem relação clara,variações parecidas (corr. +0.13),0.0,2026-10-04
Sleep,KOALA,Melatonina Fast,EQUALIV,800,992,SEM_SUBGRUPO,SEM_SUBGRUPO,True,True,0.0505,,0,,0.0,Sem relação clara,variações independentes (corr. +0.05),0.0,2026-10-04
Aminoácidos - Aminnu EAAs - Sem Xilitol,CENTRAL NUTRITION,SuperCoffee,CAFFEINE ARMY,1456,463,SEM_SUBGRUPO,SEM_SUBGRUPO,True,True,0.0606,,0,,0.0,Sem relação clara,variações independentes (corr. +0.06),0.0,2026-10-04
Creatina Monohidratada,ATLHETICA NUTRITION,Psyllium,OCEAN DROP,141,704,SEM_SUBGRUPO,SEM_SUBGRUPO,True,False,0.1393,-0.1953,9,1.0118,2.0,Sem relação clara,"nos picos de um, o outro não caiu; variações parecidas (corr. +0.14); saem juntos 1.0× o esperado",0.0,2026-10-04
Creatina - Creafort (Creapure),VITAFOR,Omegafor Plus,VITAFOR,434,69,SEM_SUBGRUPO,SEM_SUBGRUPO,True,False,0.0782,-0.0125,6,0.5897,2.0,Sem relação clara,"nos picos de um, o outro não caiu; variações independentes (corr. +0.08); saem juntos 0.6× o esperado",0.0,2026-10-04
Gold Whey Concentrado Refil,ADAPTOGEN,Whey Protein Isolado - Tasty Iso,ADAPTOGEN,115,1333,SEM_SUBGRUPO,SEM_SUBGRUPO,True,True,0.2166,,0,,0.0,Sem relação clara,variações parecidas (corr. +0.22),0.0,2026-10-04
SuperCoffee Língua de gato - Kopenhagen,CAFFEINE ARMY,Whey Protein Concentrado,DUX,1384,938,SEM_SUBGRUPO,SEM_SUBGRUPO,True,False,0.0279,-0.2188,14,0.5454,3.0,Sem relação clara,"nos picos de um, o outro não caiu; variações independentes (corr. +0.03); saem juntos 0.5× o esperado",0.0,2026-10-04
Probióticos em Pó - Simfort,VITAFOR,Whey,ESSENTIAL,365,40,SEM_SUBGRUPO,SEM_SUBGRUPO,True,True,0.2216,,0,,0.0,Sem relação clara,variações parecidas (corr. +0.22),0.0,2026-10-04
Colágeno Hidrolisado - Collagen Pro 18g,NUTRIFY,Whey hidrolisado e isolado,TRUE SOURCE,208,85,SEM_SUBGRUPO,SEM_SUBGRUPO,True,True,0.2407,,0,,0.0,Sem relação clara,variações parecidas (corr. +0.24),0.0,2026-10-04
Beef Protein,ESSENTIAL,Tasty Whey 3W Gourmet,ADAPTOGEN,1060,947,SEM_SUBGRUPO,SEM_SUBGRUPO,True,True,0.2553,,0,,0.0,Sem relação clara,variações parecidas (corr. +0.26),0.0,2026-10-04
Cúrcuma Plus,VITAFOR,Glutamina,DUX,433,474,SEM_SUBGRUPO,SEM_SUBGRUPO,True,False,0.0087,-0.0455,8,,0.0,Sem relação clara,"nos picos de um, o outro não caiu; variações independentes (corr. +0.01)",0.0,2026-10-04
Proteína Isolada e Hidrolisada - Body Protein,EQUALIV,Coenzima Q10,OCEAN DROP,521,681,SEM_SUBGRUPO,SEM_SUBGRUPO,True,True,0.0387,,0,,0.0,Sem relação clara,variações independentes (corr. +0.04),0.0,2026-10-04
Ômega 3 EPA DHA,VITAFOR,Fresh Whey,DUX,376,860,SEM_SUBGRUPO,SEM_SUBGRUPO,True,True,0.0853,,0,,0.0,Sem relação clara,variações independentes (corr. +0.09),0.0,2026-10-04
Coenzima Q10 (200mg p/ porção),VITAFOR,Coenzima Q10 + Ômega 3 + Vitamina E,ESSENTIAL,448,534,SEM_SUBGRUPO,SEM_SUBGRUPO,True,False,0.1011,-0.1667,6,0.6928,1.0,Sem relação clara,"nos picos de um, o outro não caiu; variações parecidas (corr. +0.10); saem juntos 0.7× o esperado",0.0,2026-10-04
Ômega 3 - 1360mg,NUTRIFY,Ômega 3 EPA DHA,VITAFOR,635,77,SEM_SUBGRUPO,SEM_SUBGRUPO,True,False,0.0666,-0.4355,4,,0.0,Sem relação clara,"nos picos de um, o outro não caiu; variações independentes (corr. +0.07)",0.0,2026-10-04
Melatonina - Ydrosolv,YOSEN,Creatina Monohidratada,NUTRATA,1137,536,SEM_SUBGRUPO,SEM_SUBGRUPO,True,True,0.0074,,0,,0.0,Sem relação clara,variações independentes (corr. +0.01),0.0,2026-10-04
Ômega 3 - Omegafor Memory,VITAFOR,Coenzima  Q10 - 100mg,NUTRIFY,394,617,SEM_SUBGRUPO,SEM_SUBGRUPO,True,True,0.2472,,0,,0.0,Sem relação clara,variações parecidas (corr. +0.25),0.0,2026-10-04
Ômega 3,TRUE SOURCE,Whey Protein Isolado - Sachê,DUX,1498,1917,SEM_SUBGRUPO,SEM_SUBGRUPO,True,True,0.2092,,0,,0.0,Sem relação clara,variações parecidas (corr. +0.21),0.0,2026-10-04
100% Whey Pure,INTEGRALMEDICA,Fresh Whey,DUX,168,858,SEM_SUBGRUPO,SEM_SUBGRUPO,True,True,0.063,,0,,0.0,Sem relação clara,variações independentes (corr. +0.06),0.0,2026-10-04
Própolis Verde - Alcoólico,APIS FLORA,Vitamina D3 + K2,OCEAN DROP,1119,706,SEM_SUBGRUPO,SEM_SUBGRUPO,True,True,0.0231,,0,,0.0,Sem relação clara,variações independentes (corr. +0.02),0.0,2026-10-04
Whey Protein Concentrado - Sachê,DUX,Cacao Whey - Sachê,ESSENTIAL,1908,1928,SEM_SUBGRUPO,SEM_SUBGRUPO,True,True,0.0458,,0,,0.0,Sem relação clara,variações independentes (corr. +0.05),0.0,2026-10-04
Vitamina D - Vita D3,VITAFOR,Glutamina,DUX,397,474,SEM_SUBGRUPO,SEM_SUBGRUPO,True,False,0.1342,-0.0926,10,,0.0,Sem relação clara,"nos picos de um, o outro não caiu; variações parecidas (corr. +0.13)",0.0,2026-10-04
Probiótico - Simfort Plus,VITAFOR,Coenzima Q10 + Ômega 3 + Vitamina E,ESSENTIAL,360,534,SEM_SUBGRUPO,SEM_SUBGRUPO,True,False,0.1789,-0.3333,9,,0.0,Sem relação clara,"nos picos de um, o outro não caiu; variações parecidas (corr. +0.18)",0.0,2026-10-04
Zinco Quelato,OCEAN DROP,W100 Whey Concentrado Havanna - Sachê,NUTRATA,1245,1936,SEM_SUBGRUPO,SEM_SUBGRUPO,True,True,0.238,,0,,0.0,Sem relação clara,variações parecidas (corr. +0.24),0.0,2026-10-04
SuperCoffee,CAFFEINE ARMY,Morning Shot - Imunidade,SUBLYME,456,781,SEM_SUBGRUPO,SEM_SUBGRUPO,True,True,0.2031,,0,,0.0,Sem relação clara,variações parecidas (corr. +0.20),0.0,2026-10-04
Pré-treino - Energyzer & focus,TRUE SOURCE,100% Whey Pure,INTEGRALMEDICA,1110,910,SEM_SUBGRUPO,SEM_SUBGRUPO,True,True,0.3058,,0,,0.0,Sem relação clara,variações parecidas (corr. +0.31),0.0,2026-10-04
Granola Australia - Low Carb,HART`S NATURAL,Laranja Moro - Moroskinny,EQUALIV,1141,1593,SEM_SUBGRUPO,SEM_SUBGRUPO,True,True,0.082,,0,,0.0,Sem relação clara,variações independentes (corr. +0.08),0.0,2026-10-04
Coenzima Q10 + Ômega 3 + Vitamina E,ESSENTIAL,Whey Protein Concentrado,DUX,534,938,SEM_SUBGRUPO,SEM_SUBGRUPO,True,False,0.0059,-0.0442,10,0.3956,1.0,Sem relação clara,"nos picos de um, o outro não caiu; variações independentes (corr. +0.01); saem juntos 0.4× o esperado",0.0,2026-10-04
Whey 3W,MAX TITANIUM,Probióticos em Pó - Simfort,VITAFOR,1001,365,SEM_SUBGRUPO,SEM_SUBGRUPO,True,True,0.2652,,0,,0.0,Sem relação clara,variações parecidas (corr. +0.27),0.0,2026-10-04
Creatina Monohidratada,EQUALIV,Vitamina - Good Mood,NUTRIFY,1228,616,SEM_SUBGRUPO,SEM_SUBGRUPO,True,True,0.0333,,0,,0.0,Sem relação clara,variações independentes (corr. +0.03),0.0,2026-10-04
Proteína Isolada e Hidrolisada - Body Protein,EQUALIV,Vitamina D3 + K2 Gotas,PURAVIDA,521,592,SEM_SUBGRUPO,SEM_SUBGRUPO,True,True,0.1075,,0,,0.0,Sem relação clara,variações parecidas (corr. +0.11),0.0,2026-10-04
Whey Protein Concentrado,DUX,Probiótico - Simfort Plus,VITAFOR,2,402,SEM_SUBGRUPO,SEM_SUBGRUPO,True,False,0.0099,,0,0.9996,2.0,Sem relação clara,variações independentes (corr. +0.01); saem juntos 1.0× o esperado,0.0,2026-10-04
Fibras Prébioticas - Prebiotic,NUTRIFY,Magnésio Inositol,NUTRIFY,1328,1659,SEM_SUBGRUPO,SEM_SUBGRUPO,True,True,0.035,,0,,0.0,Sem relação clara,variações independentes (corr. +0.04),0.0,2026-10-04
Colágeno - Collagen Essential Protein,ESSENTIAL,BodyBalance - Muscle Synergy,ESSENTIAL,1051,1249,SEM_SUBGRUPO,SEM_SUBGRUPO,True,True,0.3741,,0,,0.0,Sem relação clara,variações parecidas (corr. +0.37),0.0,2026-10-04
Vitamina B12,NUTRIFY,Cromo Picolinato - 250mg,LAUTON,614,811,SEM_SUBGRUPO,SEM_SUBGRUPO,True,True,0.2253,,0,,0.0,Sem relação clara,variações parecidas (corr. +0.23),0.0,2026-10-04
Refil Whey Concentrado - W100,NUTRATA,Colágeno - Colagentek,VITAFOR,1485,393,SEM_SUBGRUPO,SEM_SUBGRUPO,True,True,0.008,,0,,0.0,Sem relação clara,variações independentes (corr. +0.01),0.0,2026-10-04
Suplemento de Magnésio - Blue Calm,PURAVIDA,100% Whey Protein - Flavour,ATLHETICA NUTRITION,1239,146,SEM_SUBGRUPO,SEM_SUBGRUPO,True,True,0.0933,,0,,0.0,Sem relação clara,variações independentes (corr. +0.09),0.0,2026-10-04
Psyllium,OCEAN DROP,Whey Protein Concentrado,DUX,704,936,SEM_SUBGRUPO,SEM_SUBGRUPO,True,False,0.1221,-0.2792,17,0.2572,1.0,Sem relação clara,"nos picos de um, o outro não caiu; variações parecidas (corr. +0.12); saem juntos 0.3× o esperado",0.0,2026-10-04
Creatina - Creapure,ATLHETICA NUTRITION,Creatina,ADAPTOGEN,1127,83,SEM_SUBGRUPO,SEM_SUBGRUPO,True,True,0.0696,,0,,0.0,Sem relação clara,variações independentes (corr. +0.07),0.0,2026-10-04
Tasty Whey 3W Gourmet,ADAPTOGEN,Whey Protein Concentrado,DUX,1670,1705,SEM_SUBGRUPO,SEM_SUBGRUPO,True,True,0.2173,,0,,0.0,Sem relação clara,variações parecidas (corr. +0.22),0.0,2026-10-04
Melatonina - Ydrosolv,YOSEN,Pré-Treino - V Fort Ultra,VITAFOR,1137,559,SEM_SUBGRUPO,SEM_SUBGRUPO,True,True,0.0154,,0,,0.0,Sem relação clara,variações independentes (corr. +0.02),0.0,2026-10-04
Fresh Whey,DUX,100% Whey Pure,INTEGRALMEDICA,1415,170,SEM_SUBGRUPO,SEM_SUBGRUPO,True,True,0.1551,,0,,0.0,Sem relação clara,variações parecidas (corr. +0.16),0.0,2026-10-04
Refil Whey Concentrado - W100,NUTRATA,Immuno Whey,ESSENTIAL,1157,1220,SEM_SUBGRUPO,SEM_SUBGRUPO,True,True,0.1161,,0,,0.0,Sem relação clara,variações parecidas (corr. +0.12),0.0,2026-10-04
Colágeno Hidrolisado - Collagen Pro 18g,NUTRIFY,Super Ômega 3,ESSENTIAL,208,31,SEM_SUBGRUPO,SEM_SUBGRUPO,True,True,0.3187,,0,,0.0,Sem relação clara,variações parecidas (corr. +0.32),0.0,2026-10-04
Salgadinho,BELIVE,Snack Proteico,OCEAN DROP,1646,1970,SEM_SUBGRUPO,SEM_SUBGRUPO,True,True,0.1817,,0,,0.0,Sem relação clara,variações parecidas (corr. +0.18),0.0,2026-10-04
Whey Tech 100%,ATLHETICA NUTRITION,Colágeno - Collagen Tipo II 40mg,NUTRIFY,589,657,SEM_SUBGRUPO,SEM_SUBGRUPO,True,True,0.0621,,0,,0.0,Sem relação clara,variações independentes (corr. +0.06),0.0,2026-10-04
Melatonina,PURAVIDA,Omegafor Vision,VITAFOR,1067,70,SEM_SUBGRUPO,SEM_SUBGRUPO,True,True,0.1342,,0,,0.0,Sem relação clara,variações parecidas (corr. +0.13),0.0,2026-10-04
Whey Tech 100%,ATLHETICA NUTRITION,Creatina - Creafort (Creapure),VITAFOR,587,871,SEM_SUBGRUPO,SEM_SUBGRUPO,True,True,0.0437,,0,,0.0,Sem relação clara,variações independentes (corr. +0.04),0.0,2026-10-04
Ômega 3 - EPA DHA - 1000mg,EQUALIV,Vitamina B12,OCEAN DROP,1214,707,SEM_SUBGRUPO,SEM_SUBGRUPO,True,True,0.0727,,0,,0.0,Sem relação clara,variações independentes (corr. +0.07),0.0,2026-10-04
Probiótico - Simcaps,VITAFOR,Biotina Plus,LAUTON,371,807,SEM_SUBGRUPO,SEM_SUBGRUPO,True,True,0.0999,,0,,0.0,Sem relação clara,variações independentes (corr. +0.10),0.0,2026-10-04
Suplemento Alimentar - GUARDIAN®,CENTRAL NUTRITION,Whey Protein Isolado,DUX,356,944,SEM_SUBGRUPO,SEM_SUBGRUPO,True,True,0.0635,,0,,0.0,Sem relação clara,variações independentes (corr. +0.06),0.0,2026-10-04
Colágeno - Collagen Essential Protein,ESSENTIAL,Vitamina D3,ESSENTIAL,1051,1242,SEM_SUBGRUPO,SEM_SUBGRUPO,True,True,0.1973,,0,,0.0,Sem relação clara,variações parecidas (corr. +0.20),0.0,2026-10-04
L-Carnitina 530mg,VITAFOR,Coenzima Q10,PURAVIDA,386,623,SEM_SUBGRUPO,SEM_SUBGRUPO,True,True,0.0465,,0,,0.0,Sem relação clara,variações independentes (corr. +0.05),0.0,2026-10-04
Probiótico - Simfort Plus,VITAFOR,Colágeno - Colagentek Protein - Bodybalance,VITAFOR,360,439,SEM_SUBGRUPO,SEM_SUBGRUPO,True,False,0.1572,-0.258,6,,0.0,Sem relação clara,"nos picos de um, o outro não caiu; variações parecidas (corr. +0.16)",0.0,2026-10-04
Whey Fort 3W,VITAFOR,Fresh Whey,DUX,166,860,SEM_SUBGRUPO,SEM_SUBGRUPO,True,True,0.0592,,0,,0.0,Sem relação clara,variações independentes (corr. +0.06),0.0,2026-10-04
SuperCoffee Língua de gato - Kopenhagen,CAFFEINE ARMY,Ômega 3 Super DHA - BIG N,PURAVIDA,1384,925,SEM_SUBGRUPO,SEM_SUBGRUPO,True,False,0.0733,-0.1366,16,,0.0,Sem relação clara,"nos picos de um, o outro não caiu; variações independentes (corr. +0.07)",0.0,2026-10-04
Whey,ESSENTIAL,Ômega 3 Super DHA BIG,PURAVIDA,33,926,SEM_SUBGRUPO,SEM_SUBGRUPO,True,True,0.1625,,0,,0.0,Sem relação clara,variações parecidas (corr. +0.16),0.0,2026-10-04
Barrinha de Proteína - Protein Crisp Bar,INTEGRALMEDICA,Pré-Treino,OCEAN DROP,1037,689,SEM_SUBGRUPO,SEM_SUBGRUPO,True,True,0.0933,,0,,0.0,Sem relação clara,variações independentes (corr. +0.09),0.0,2026-10-04
Glutamina,OCEAN DROP,Prebiótico,OCEAN DROP,688,696,SEM_SUBGRUPO,SEM_SUBGRUPO,True,True,0.0024,,0,,0.0,Sem relação clara,variações independentes (corr. +0.00),0.0,2026-10-04
Salgadinho,BELIVE,Snack Proteico,OCEAN DROP,1646,1968,SEM_SUBGRUPO,SEM_SUBGRUPO,True,True,0.3248,,0,,0.0,Sem relação clara,variações parecidas (corr. +0.32),0.0,2026-10-04
Suplemento de Magnésio - Blue Calm,PURAVIDA,NAC 650mg,OCEAN DROP,550,695,SEM_SUBGRUPO,SEM_SUBGRUPO,True,True,0.1006,,0,,0.0,Sem relação clara,variações parecidas (corr. +0.10),0.0,2026-10-04
Colágeno - Collagen Bones,ESSENTIAL,Vitamina B9 - Ácido Fólico,PURAVIDA,1100,1237,SEM_SUBGRUPO,SEM_SUBGRUPO,True,True,0.1053,,0,,0.0,Sem relação clara,variações parecidas (corr. +0.11),0.0,2026-10-04
Proteína Isolada e Hidrolisada - Body Protein,EQUALIV,Super Ômega 3,ESSENTIAL,1124,1252,SEM_SUBGRUPO,SEM_SUBGRUPO,True,True,0.1373,,0,,0.0,Sem relação clara,variações parecidas (corr. +0.14),0.0,2026-10-04
Melatonina - Sleepfor,VITAFOR,Colágeno - Collagen Tipo II 40mg,NUTRIFY,409,657,SEM_SUBGRUPO,SEM_SUBGRUPO,True,True,0.1979,,0,,0.0,Sem relação clara,variações parecidas (corr. +0.20),0.0,2026-10-04
Beta Alanina,VITAFOR,Vitamina B12,VITAFOR,407,907,SEM_SUBGRUPO,SEM_SUBGRUPO,True,True,0.1315,,0,,0.0,Sem relação clara,variações parecidas (corr. +0.13),0.0,2026-10-04
Vitamina D - Vita D3 + C + Zinco,VITAFOR,Omegafor Plus,VITAFOR,399,68,SEM_SUBGRUPO,SEM_SUBGRUPO,True,False,0.0208,-0.1489,18,1.2489,8.0,Sem relação clara,"nos picos de um, o outro não caiu; variações independentes (corr. +0.02); saem juntos 1.2× o esperado",0.0,2026-10-04
Colágeno - Collagen Bones,ESSENTIAL,Complexo B,ESSENTIAL,1100,1339,SEM_SUBGRUPO,SEM_SUBGRUPO,True,True,0.0612,,0,,0.0,Sem relação clara,variações independentes (corr. +0.06),0.0,2026-10-04
"Vitaminas A, E, D e K2- RESTAURE® - Gotas",CENTRAL NUTRITION,Whey Protein Isolado,DUX,363,943,SEM_SUBGRUPO,SEM_SUBGRUPO,True,True,0.0594,,0,,0.0,Sem relação clara,variações independentes (corr. +0.06),0.0,2026-10-04
Probióticos em Pó - Simfort,VITAFOR,Colágeno - Colagentek,VITAFOR,365,393,SEM_SUBGRUPO,SEM_SUBGRUPO,True,True,0.0147,,0,,0.0,Sem relação clara,variações independentes (corr. +0.01),0.0,2026-10-04
Aminoácidos - Aminolift,ESSENTIAL,Body Protein Vegano,EQUALIV,1105,1227,SEM_SUBGRUPO,SEM_SUBGRUPO,True,True,0.1169,,0,,0.0,Sem relação clara,variações parecidas (corr. +0.12),0.0,2026-10-04
Colágeno - Collagen Renew Hidrolisado,NUTRIFY,Ômega 3  - 1360mg,NUTRIFY,1093,1660,SEM_SUBGRUPO,SEM_SUBGRUPO,True,True,0.0006,,0,,0.0,Sem relação clara,variações independentes (corr. +0.00),0.0,2026-10-04
Vitamina D - Vita D3,VITAFOR,Ômega 3 - 1360mg,NUTRIFY,397,635,SEM_SUBGRUPO,SEM_SUBGRUPO,True,False,0.0972,-0.037,10,1.1361,3.0,Sem relação clara,"nos picos de um, o outro não caiu; variações independentes (corr. +0.10); saem juntos 1.1× o esperado",0.0,2026-10-04
Pasta de Amendoim Integral,MANDUBIM,Cromo Picolinato - 250mg,LAUTON,1073,811,SEM_SUBGRUPO,SEM_SUBGRUPO,True,True,0.2288,,0,,0.0,Sem relação clara,variações parecidas (corr. +0.23),0.0,2026-10-04
Vitamina D - Vita D3,VITAFOR,Coenzima Q10 + Ômega 3 + Vitamina E,ESSENTIAL,397,534,SEM_SUBGRUPO,SEM_SUBGRUPO,True,False,0.0528,-0.0327,16,0.5435,1.0,Sem relação clara,"nos picos de um, o outro não caiu; variações independentes (corr. +0.05); saem juntos 0.5× o esperado",0.0,2026-10-04
Eletrólitos,LIQUIDZ,FreshWhey - Sachê,DUX,1897,1920,SEM_SUBGRUPO,SEM_SUBGRUPO,True,True,0.008,,0,,0.0,Sem relação clara,variações independentes (corr. +0.01),0.0,2026-10-04
Whey Fort 3W,VITAFOR,SuperCoffee,CAFFEINE ARMY,167,465,SEM_SUBGRUPO,SEM_SUBGRUPO,True,True,0.0701,,0,,0.0,Sem relação clara,variações independentes (corr. +0.07),0.0,2026-10-04
Snack Proteico,OCEAN DROP,Creatina 100% Pure,TRUE SOURCE,1969,82,SEM_SUBGRUPO,SEM_SUBGRUPO,True,True,0.013,,0,,0.0,Sem relação clara,variações independentes (corr. +0.01),0.0,2026-10-04
Multivitaminico - Imunomult- 1000mg,VITAFOR,Cranberry - She She Comfort,OCEAN DROP,424,680,SEM_SUBGRUPO,SEM_SUBGRUPO,True,True,0.0904,,0,,0.0,Sem relação clara,variações independentes (corr. +0.09),0.0,2026-10-04
Tasty Whey 3W Gourmet,ADAPTOGEN,Aminoácidos - Aminnu EAAs,CENTRAL NUTRITION,1670,333,SEM_SUBGRUPO,SEM_SUBGRUPO,True,True,0.2677,,0,,0.0,Sem relação clara,variações parecidas (corr. +0.27),0.0,2026-10-04
Barrinha de Proteína - Protein Crisp Bar,INTEGRALMEDICA,Suplemento Alimentar - Slim Body 400mg,OCEAN DROP,1037,715,SEM_SUBGRUPO,SEM_SUBGRUPO,True,True,0.2173,,0,,0.0,Sem relação clara,variações parecidas (corr. +0.22),0.0,2026-10-04
FreshWhey - Sachê,DUX,Whey 3W -  Sachê,BOLD,1920,1942,SEM_SUBGRUPO,SEM_SUBGRUPO,True,True,0.4191,,0,,0.0,Sem relação clara,variações parecidas (corr. +0.42),0.0,2026-10-04
Creatina 100%,NUTRIFY,Whey Protein Concentrado,DUX,1097,939,SEM_SUBGRUPO,SEM_SUBGRUPO,True,False,0.1725,-0.2414,4,,0.0,Sem relação clara,"nos picos de um, o outro não caiu; variações parecidas (corr. +0.17)",0.0,2026-10-04
Coffee - Brainstorm,ESSENTIAL,Gold Whey Concentrado Refil,ADAPTOGEN,1103,113,SEM_SUBGRUPO,SEM_SUBGRUPO,True,True,0.0273,,0,,0.0,Sem relação clara,variações independentes (corr. +0.03),0.0,2026-10-04
Pré-treino - Energyzer & focus,TRUE SOURCE,Suplemento de Magnésio - Blue Calm,PURAVIDA,1110,550,SEM_SUBGRUPO,SEM_SUBGRUPO,True,True,0.2879,,0,,0.0,Sem relação clara,variações parecidas (corr. +0.29),0.0,2026-10-04
Vitamina D3 + K2 Gotas,PURAVIDA,Cúrcuma 500mg,OCEAN DROP,592,691,SEM_SUBGRUPO,SEM_SUBGRUPO,True,True,0.0244,,0,,0.0,Sem relação clara,variações independentes (corr. +0.02),0.0,2026-10-04
Salgadinho,BELIVE,Probiótico - Simcaps,VITAFOR,1647,371,SEM_SUBGRUPO,SEM_SUBGRUPO,True,True,0.0735,,0,,0.0,Sem relação clara,variações independentes (corr. +0.07),0.0,2026-10-04
Multivitaminino - Multi All,NUTRIFY,Simfort Ultra,VITAFOR,1775,1786,SEM_SUBGRUPO,SEM_SUBGRUPO,True,True,0.3285,,0,,0.0,Sem relação clara,variações parecidas (corr. +0.33),0.0,2026-10-04
Coenzima Q10 (200mg p/ porção),VITAFOR,Creatina Monohidratada,DUX,448,486,SEM_SUBGRUPO,SEM_SUBGRUPO,True,True,0.1527,-0.046,16,0.7011,7.0,Sem relação clara,"nos picos de um, o outro não caiu; variações parecidas (corr. +0.15); saem juntos 0.7× o esperado",0.0,2026-10-04
Vitamina C - Bio Vit C+,PURAVIDA,Vitamina B12,OCEAN DROP,663,707,SEM_SUBGRUPO,SEM_SUBGRUPO,True,True,0.1903,,0,,0.0,Sem relação clara,variações parecidas (corr. +0.19),0.0,2026-10-04
L-Carnitina 530mg,VITAFOR,Omegafor Vision,VITAFOR,386,70,SEM_SUBGRUPO,SEM_SUBGRUPO,True,True,0.2126,,0,,0.0,Sem relação clara,variações parecidas (corr. +0.21),0.0,2026-10-04
Ômega 3 - EPA DHA - 1000mg,EQUALIV,Omegafor Plus,VITAFOR,1215,68,SEM_SUBGRUPO,SEM_SUBGRUPO,True,False,0.0372,-0.1239,20,,0.0,Sem relação clara,"nos picos de um, o outro não caiu; variações independentes (corr. +0.04)",0.0,2026-10-04
Cúrcuma Plus,VITAFOR,Colágeno - Colagentek Protein - Bodybalance,VITAFOR,433,439,SEM_SUBGRUPO,SEM_SUBGRUPO,True,False,0.244,-0.2246,11,1.4751,3.0,Sem relação clara,"nos picos de um, o outro não caiu; variações parecidas (corr. +0.24); saem juntos 1.5× o esperado",0.0,2026-10-04
Coenzima Q10 + Ômega 3 + Vitamina E,ESSENTIAL,Whey Protein Concentrado,DUX,534,936,SEM_SUBGRUPO,SEM_SUBGRUPO,True,False,0.1422,-0.2168,20,0.6382,2.0,Sem relação clara,"nos picos de um, o outro não caiu; variações parecidas (corr. +0.14); saem juntos 0.6× o esperado",0.0,2026-10-04
Coenzima Q10 (200mg p/ porção),VITAFOR,Whey Protein Isolado,DUX,448,943,SEM_SUBGRUPO,SEM_SUBGRUPO,True,False,0.1464,-0.0323,3,,0.0,Sem relação clara,"nos picos de um, o outro não caiu; variações parecidas (corr. +0.15)",0.0,2026-10-04
Colágeno - Colagentek Protein - Bodybalance,VITAFOR,Colágeno - Collagen Protein Hidrolisado,PURAVIDA,1452,651,SEM_SUBGRUPO,SEM_SUBGRUPO,True,True,0.1907,,0,,0.0,Sem relação clara,variações parecidas (corr. +0.19),0.0,2026-10-04
Gold Whey Concentrado Refil,ADAPTOGEN,Whey Protein Concentrado Cappuccino 900g DUX,DUX,112,937,SEM_SUBGRUPO,SEM_SUBGRUPO,True,True,0.0516,,0,,0.0,Sem relação clara,variações independentes (corr. +0.05),0.0,2026-10-04
Barrinha de Proteína,DUX,Barrinha de Proteína,DUX,899,900,SEM_SUBGRUPO,SEM_SUBGRUPO,True,True,0.2078,,0,,0.0,Sem relação clara,variações parecidas (corr. +0.21),0.0,2026-10-04
Creatina,ADAPTOGEN,Termogênico - Termo Plus,VITAFOR,83,902,SEM_SUBGRUPO,SEM_SUBGRUPO,True,True,0.1338,,0,,0.0,Sem relação clara,variações parecidas (corr. +0.13),0.0,2026-10-04
Probiótico - Simfort Plus,VITAFOR,Whey Tech 100%,ATLHETICA NUTRITION,402,453,SEM_SUBGRUPO,SEM_SUBGRUPO,True,False,0.1743,,0,,0.0,Sem relação clara,variações parecidas (corr. +0.17),0.0,2026-10-04
"Suplemento Alimentar - Cabelo, Unha e Pele - Beauty +",EQUALIV,Probiótico - Simcaps,VITAFOR,1211,371,SEM_SUBGRUPO,SEM_SUBGRUPO,True,True,0.1744,,0,,0.0,Sem relação clara,variações parecidas (corr. +0.17),0.0,2026-10-04
Livestrong,ESSENTIAL,Colágeno - Colagentek,VITAFOR,1874,444,SEM_SUBGRUPO,SEM_SUBGRUPO,True,True,0.1671,,0,,0.0,Sem relação clara,variações parecidas (corr. +0.17),0.0,2026-10-04
Suplemento Alimentar - L-teanina - Happy Theanine,ESSENTIAL,Suplemento Alimentar - GUARDIAN®,CENTRAL NUTRITION,1108,356,SEM_SUBGRUPO,SEM_SUBGRUPO,True,True,0.1032,,0,,0.0,Sem relação clara,variações parecidas (corr. +0.10),0.0,2026-10-04
Bio Ferro,PURAVIDA,Simfort Femme,VITAFOR,1069,1449,SEM_SUBGRUPO,SEM_SUBGRUPO,True,True,0.1029,,0,,0.0,Sem relação clara,variações parecidas (corr. +0.10),0.0,2026-10-04
Creatina,ALLMAX,Whey Protein Isolado - Isofort,VITAFOR,599,73,SEM_SUBGRUPO,SEM_SUBGRUPO,True,True,0.2413,,0,,0.0,Sem relação clara,variações parecidas (corr. +0.24),0.0,2026-10-04
BodyBalance - Muscle Synergy,ESSENTIAL,Colágeno -  Collagen Gut,ESSENTIAL,1249,1251,SEM_SUBGRUPO,SEM_SUBGRUPO,True,True,0.1614,,0,,0.0,Sem relação clara,variações parecidas (corr. +0.16),0.0,2026-10-04
Vitamina C + Zinco - Gomas,OCEAN DROP,Barrinha de Proteína,DUX,693,900,SEM_SUBGRUPO,SEM_SUBGRUPO,True,True,0.0223,,0,,0.0,Sem relação clara,variações independentes (corr. +0.02),0.0,2026-10-04
BT Nitrato 400,DOBRO,Biotina Plus,LAUTON,480,807,SEM_SUBGRUPO,SEM_SUBGRUPO,True,True,0.1029,,0,,0.0,Sem relação clara,variações parecidas (corr. +0.10),0.0,2026-10-04
Suplemento Alimentar - True Nac,TRUE SOURCE,Refil Whey Protein - 3W,BOLD,1111,1708,SEM_SUBGRUPO,SEM_SUBGRUPO,True,True,0.3214,,0,,0.0,Sem relação clara,variações parecidas (corr. +0.32),0.0,2026-10-04
"Suplemento Alimentar - Cabelo, Unha e Pele - Beauty +",EQUALIV,Colágeno Hidrolisado - Collagen Pro 18g,NUTRIFY,1211,210,SEM_SUBGRUPO,SEM_SUBGRUPO,True,True,0.0628,,0,,0.0,Sem relação clara,variações independentes (corr. +0.06),0.0,2026-10-04
Vitamina B12,OCEAN DROP,Gel Nitrato,DOBRO,707,756,SEM_SUBGRUPO,SEM_SUBGRUPO,True,True,0.0098,,0,,0.0,Sem relação clara,variações independentes (corr. +0.01),0.0,2026-10-04
Refil Whey 100% Pure,INTEGRALMEDICA,BT Nitrato,DOBRO,139,983,SEM_SUBGRUPO,SEM_SUBGRUPO,True,True,0.1937,,0,,0.0,Sem relação clara,variações parecidas (corr. +0.19),0.0,2026-10-04
SuperCoffee Língua de gato - Kopenhagen,CAFFEINE ARMY,Creatina Monohidratada,OCEAN DROP,1384,685,SEM_SUBGRUPO,SEM_SUBGRUPO,True,False,0.0958,-0.2667,25,0.1945,1.0,Sem relação clara,"nos picos de um, o outro não caiu; variações independentes (corr. +0.10); saem juntos 0.2× o esperado",0.0,2026-10-04
Ômega 3 - Omegafor Memory,VITAFOR,Vitamina B12,OCEAN DROP,394,690,SEM_SUBGRUPO,SEM_SUBGRUPO,True,True,0.0732,,0,,0.0,Sem relação clara,variações independentes (corr. +0.07),0.0,2026-10-04
Fibras Prébioticas - Prebiotic,NUTRIFY,Cromo Picolinato - 250mg,LAUTON,1328,811,SEM_SUBGRUPO,SEM_SUBGRUPO,True,True,0.0326,,0,,0.0,Sem relação clara,variações independentes (corr. +0.03),0.0,2026-10-04
Fresh Whey,DUX,Whey Protein Isolado,DUX,1415,4,SEM_SUBGRUPO,SEM_SUBGRUPO,True,True,0.0697,,0,,0.0,Sem relação clara,variações independentes (corr. +0.07),0.0,2026-10-04
Colágeno - Collagen Renew Hidrolisado,NUTRIFY,Colágeno Hidrolisado - Collagen Pro 18g,NUTRIFY,1096,211,SEM_SUBGRUPO,SEM_SUBGRUPO,True,True,0.0944,,0,,0.0,Sem relação clara,variações independentes (corr. +0.09),0.0,2026-10-04
Colágeno - Collagen Bones,ESSENTIAL,Whey Fort 3W,VITAFOR,1100,342,SEM_SUBGRUPO,SEM_SUBGRUPO,True,True,0.0068,,0,,0.0,Sem relação clara,variações independentes (corr. +0.01),0.0,2026-10-04
Psyllium,MOSTEIRO DEVAKAN,Creatina,ADAPTOGEN,801,83,SEM_SUBGRUPO,SEM_SUBGRUPO,True,True,0.0035,,0,,0.0,Sem relação clara,variações independentes (corr. +0.00),0.0,2026-10-04
Beta Alanina,VITAFOR,Ômega 3 - 1360mg,NUTRIFY,407,635,SEM_SUBGRUPO,SEM_SUBGRUPO,True,False,0.2778,,0,,0.0,Sem relação clara,variações parecidas (corr. +0.28),0.0,2026-10-04
Whey Fort 3W,VITAFOR,Whey Isolado - Iso Triple Zero,INTEGRALMEDICA,332,946,SEM_SUBGRUPO,SEM_SUBGRUPO,True,True,0.0681,,0,,0.0,Sem relação clara,variações independentes (corr. +0.07),0.0,2026-10-04
Isofort Plant (Life Vegan),VITAFOR,Tasty Whey 3W Gourmet,ADAPTOGEN,427,948,SEM_SUBGRUPO,SEM_SUBGRUPO,True,True,0.1033,,0,,0.0,Sem relação clara,variações parecidas (corr. +0.10),0.0,2026-10-04
Salgadinho,BELIVE,Expresso Whey - Sachê,ESSENTIAL,1647,1930,SEM_SUBGRUPO,SEM_SUBGRUPO,True,True,0.0938,,0,,0.0,Sem relação clara,variações independentes (corr. +0.09),0.0,2026-10-04
Ferro - Ydrosolv,YOSEN,Colágeno - Colagentek Beauty,VITAFOR,1132,447,SEM_SUBGRUPO,SEM_SUBGRUPO,True,True,0.0594,,0,,0.0,Sem relação clara,variações independentes (corr. +0.06),0.0,2026-10-04
Creatina Monohidratada - Hardcore,INTEGRALMEDICA,Palatinose,DUX,134,558,SEM_SUBGRUPO,SEM_SUBGRUPO,True,True,0.0481,,0,,0.0,Sem relação clara,variações independentes (corr. +0.05),0.0,2026-10-04
Proteína Isolada e Hidrolisada - Body Protein,EQUALIV,100% Whey Protein - Flavour,ATLHETICA NUTRITION,1124,145,SEM_SUBGRUPO,SEM_SUBGRUPO,True,True,0.0209,,0,,0.0,Sem relação clara,variações independentes (corr. +0.02),0.0,2026-10-04
Colágeno - Colagentek Beauty,VITAFOR,Glutamina em Pó,NUTRIFY,447,598,SEM_SUBGRUPO,SEM_SUBGRUPO,True,True,0.1938,,0,,0.0,Sem relação clara,variações parecidas (corr. +0.19),0.0,2026-10-04
Whey Isolado - Iso Triple Zero,INTEGRALMEDICA,Creatina Monohidratada -  Crealift (Creapure),ESSENTIAL,1470,633,SEM_SUBGRUPO,SEM_SUBGRUPO,True,True,0.2213,,0,,0.0,Sem relação clara,variações parecidas (corr. +0.22),0.0,2026-10-04
Colágeno - Collagen Renew Hidrolisado,NUTRIFY,Whey Protein Concentrado,DUX,207,935,SEM_SUBGRUPO,SEM_SUBGRUPO,True,True,0.1812,,0,,0.0,Sem relação clara,variações parecidas (corr. +0.18),0.0,2026-10-04
Granola Australia - Low Carb,HART`S NATURAL,Colágeno - Collagen Renew Hidrolisado,NUTRIFY,1141,206,SEM_SUBGRUPO,SEM_SUBGRUPO,True,True,0.163,,0,,0.0,Sem relação clara,variações parecidas (corr. +0.16),0.0,2026-10-04
Whey Protein Concentrado,DUX,Whey Protein Isolado,DUX,3,944,SEM_SUBGRUPO,SEM_SUBGRUPO,True,True,0.039,,0,,0.0,Sem relação clara,variações independentes (corr. +0.04),0.0,2026-10-04
Coq10 + Vitamina E,TRUE SOURCE,Aminoácidos - Aminnu EAAs,CENTRAL NUTRITION,1495,331,SEM_SUBGRUPO,SEM_SUBGRUPO,True,True,0.1832,,0,,0.0,Sem relação clara,variações parecidas (corr. +0.18),0.0,2026-10-04
Colágeno - Collagen Renew Hidrolisado,NUTRIFY,Morning Shot - Imunidade,SUBLYME,1096,782,SEM_SUBGRUPO,SEM_SUBGRUPO,True,True,0.0628,,0,,0.0,Sem relação clara,variações independentes (corr. +0.06),0.0,2026-10-04
Vitamina D - Vita D3 + C + Zinco,VITAFOR,Psyllium,OCEAN DROP,399,704,SEM_SUBGRUPO,SEM_SUBGRUPO,True,False,0.0606,-0.0584,6,,0.0,Sem relação clara,"nos picos de um, o outro não caiu; variações independentes (corr. +0.06)",0.0,2026-10-04
Snack Proteico,OCEAN DROP,Creatina 100% Pure,TRUE SOURCE,1970,82,SEM_SUBGRUPO,SEM_SUBGRUPO,True,True,0.1965,,0,,0.0,Sem relação clara,variações parecidas (corr. +0.20),0.0,2026-10-04
Creatina Monohidratada,DUX,Ômega 3 EPA DHA,VITAFOR,486,77,SEM_SUBGRUPO,SEM_SUBGRUPO,True,False,0.0665,-0.067,20,0.6353,7.0,Sem relação clara,"nos picos de um, o outro não caiu; variações independentes (corr. +0.07); saem juntos 0.6× o esperado",0.0,2026-10-04
Colágeno - Colagentek Protein - Bodybalance,VITAFOR,Whey Protein Isolado,DUX,439,941,SEM_SUBGRUPO,SEM_SUBGRUPO,True,False,0.0208,-0.0416,8,,0.0,Sem relação clara,"nos picos de um, o outro não caiu; variações independentes (corr. +0.02)",0.0,2026-10-04
Whey Isolado - Iso Triple Zero,INTEGRALMEDICA,Suplemento Alimentar - Green Shot,OCEAN DROP,1470,712,SEM_SUBGRUPO,SEM_SUBGRUPO,True,True,0.0781,,0,,0.0,Sem relação clara,variações independentes (corr. +0.08),0.0,2026-10-04
Vitamina D - Vita D3 + C + Zinco,VITAFOR,Whey Protein Isolado,DUX,399,941,SEM_SUBGRUPO,SEM_SUBGRUPO,True,False,0.055,-0.1941,8,0.4015,1.0,Sem relação clara,"nos picos de um, o outro não caiu; variações independentes (corr. +0.06); saem juntos 0.4× o esperado",0.0,2026-10-04
Colágeno Hidrolisado - Collagen Pro 18g,NUTRIFY,Colágeno - Colagentek Protein - Bodybalance,VITAFOR,211,439,SEM_SUBGRUPO,SEM_SUBGRUPO,True,True,0.1414,,0,,0.0,Sem relação clara,variações parecidas (corr. +0.14),0.0,2026-10-04
Creatina Monohidratada,NUTRATA,Pré-Treino,OCEAN DROP,536,689,SEM_SUBGRUPO,SEM_SUBGRUPO,True,True,0.1464,,0,,0.0,Sem relação clara,variações parecidas (corr. +0.15),0.0,2026-10-04
SuperCoffee Língua de gato - Kopenhagen,CAFFEINE ARMY,Ômega 3 EPA DHA,VITAFOR,1384,77,SEM_SUBGRUPO,SEM_SUBGRUPO,True,False,0.0456,-0.0457,14,0.577,2.0,Sem relação clara,"nos picos de um, o outro não caiu; variações independentes (corr. +0.05); saem juntos 0.6× o esperado",0.0,2026-10-04
"Suplemento Alimentar - Cabelo, Unha e Pele - Beauty +",EQUALIV,Expresso Whey - Sachê,ESSENTIAL,1211,1930,SEM_SUBGRUPO,SEM_SUBGRUPO,True,True,0.3783,,0,,0.0,Sem relação clara,variações parecidas (corr. +0.38),0.0,2026-10-04
SuperCoffee Língua de gato - Kopenhagen,CAFFEINE ARMY,Trio Magnésio 720mg,OCEAN DROP,1384,711,SEM_SUBGRUPO,SEM_SUBGRUPO,True,False,0.0335,-0.0578,16,,0.0,Sem relação clara,"nos picos de um, o outro não caiu; variações independentes (corr. +0.03)",0.0,2026-10-04
Whey Protein Concentrado,DUX,Ômega - Mega DHA,VITAFOR,3,76,SEM_SUBGRUPO,SEM_SUBGRUPO,True,True,0.3641,,0,,0.0,Sem relação clara,variações parecidas (corr. +0.36),0.0,2026-10-04
Whey Fort 3W,VITAFOR,Whey Protein Isolado - Isofort,VITAFOR,166,74,SEM_SUBGRUPO,SEM_SUBGRUPO,True,True,0.3199,,0,,0.0,Sem relação clara,variações parecidas (corr. +0.32),0.0,2026-10-04
Melatonina - Sleepfor,VITAFOR,Ômega 3 EPA DHA,VITAFOR,409,77,SEM_SUBGRUPO,SEM_SUBGRUPO,True,True,0.0521,,0,,0.0,Sem relação clara,variações independentes (corr. +0.05),0.0,2026-10-04
Suplemento de Magnésio - Blue Calm,PURAVIDA,Whey Protein Isolado,PURAVIDA,1238,50,SEM_SUBGRUPO,SEM_SUBGRUPO,True,True,0.1394,,0,,0.0,Sem relação clara,variações parecidas (corr. +0.14),0.0,2026-10-04
Whey Protein Concentrado,DUX,Vitamina D - Vita D3 + C + Zinco,VITAFOR,2,399,SEM_SUBGRUPO,SEM_SUBGRUPO,True,False,0.1024,0.0,3,0.564,1.0,Sem relação clara,"nos picos de um, o outro não caiu; variações parecidas (corr. +0.10); saem juntos 0.6× o esperado",0.0,2026-10-04
Magnésio Plus - 350mg,VITAFOR,Magnésio Plus 900mg,OCEAN DROP,382,692,SEM_SUBGRUPO,SEM_SUBGRUPO,True,True,0.1629,,0,,0.0,Sem relação clara,variações parecidas (corr. +0.16),0.0,2026-10-04
N-Acetil Cisteína (NAC),PURAVIDA,Vitamina - Good Mood,NUTRIFY,1719,616,SEM_SUBGRUPO,SEM_SUBGRUPO,True,True,0.0008,,0,,0.0,Sem relação clara,variações independentes (corr. +0.00),0.0,2026-10-04
Suplemento de Magnésio - Blue Calm,PURAVIDA,Matchá - Chá Verde em Pó,OCEAN DROP,550,714,SEM_SUBGRUPO,SEM_SUBGRUPO,True,True,0.1077,,0,,0.0,Sem relação clara,variações parecidas (corr. +0.11),0.0,2026-10-04
Probióticos em Pó - Simfort,VITAFOR,Vitamina C - Bio Vit C+,PURAVIDA,365,663,SEM_SUBGRUPO,SEM_SUBGRUPO,True,True,0.1503,,0,,0.0,Sem relação clara,variações parecidas (corr. +0.15),0.0,2026-10-04
Suplemento Alimentar - Alpha Inflaminus,PURAVIDA,Colágeno - Colagentek Protein - Bodybalance,VITAFOR,1274,1452,SEM_SUBGRUPO,SEM_SUBGRUPO,True,True,0.1118,,0,,0.0,Sem relação clara,variações parecidas (corr. +0.11),0.0,2026-10-04
Complexo B,ESSENTIAL,Complexo B 500mg,OCEAN DROP,1339,694,SEM_SUBGRUPO,SEM_SUBGRUPO,True,True,0.2067,,0,,0.0,Sem relação clara,variações parecidas (corr. +0.21),0.0,2026-10-04
Coenzima Q10 + Ômega 3 + Vitamina E,ESSENTIAL,Ômega 3 EPA DHA,VITAFOR,534,77,SEM_SUBGRUPO,SEM_SUBGRUPO,True,False,0.1082,-0.0589,10,,0.0,Sem relação clara,"nos picos de um, o outro não caiu; variações parecidas (corr. +0.11)",0.0,2026-10-04
Cúrcuma Plus,VITAFOR,Whey Protein Isolado,DUX,433,941,SEM_SUBGRUPO,SEM_SUBGRUPO,True,False,0.0611,-0.1372,13,0.4735,2.0,Sem relação clara,"nos picos de um, o outro não caiu; variações independentes (corr. +0.06); saem juntos 0.5× o esperado",0.0,2026-10-04
Creatina - Creafort (Creapure),VITAFOR,Whey Tech 100%,ATLHETICA NUTRITION,434,453,SEM_SUBGRUPO,SEM_SUBGRUPO,True,False,0.008,-0.1875,6,0.7208,2.0,Sem relação clara,"nos picos de um, o outro não caiu; variações independentes (corr. +0.01); saem juntos 0.7× o esperado",0.0,2026-10-04
Multivitaminino - Multi All,NUTRIFY,Ferro Plus,VITAFOR,1775,1886,SEM_SUBGRUPO,SEM_SUBGRUPO,True,True,0.1698,,0,,0.0,Sem relação clara,variações parecidas (corr. +0.17),0.0,2026-10-04
Achocolatado - Choco Family - Refil,VITAFOR,Aminoácido - Tryptophan,NUTRIFY,528,533,SEM_SUBGRUPO,SEM_SUBGRUPO,True,True,0.1656,,0,,0.0,Sem relação clara,variações parecidas (corr. +0.17),0.0,2026-10-04
Suplemento de Magnésio - Blue Calm,PURAVIDA,Vitamina D - Vita D3 + C + Zinco,VITAFOR,1238,399,SEM_SUBGRUPO,SEM_SUBGRUPO,True,True,0.1155,,0,,0.0,Sem relação clara,variações parecidas (corr. +0.12),0.0,2026-10-04
Omegafor Plus,VITAFOR,Whey Protein Isolado,DUX,375,6,SEM_SUBGRUPO,SEM_SUBGRUPO,True,True,0.2843,,0,,0.0,Sem relação clara,variações parecidas (corr. +0.28),0.0,2026-10-04
Omegafor Plus,VITAFOR,Trio Magnésio 720mg,OCEAN DROP,375,711,SEM_SUBGRUPO,SEM_SUBGRUPO,True,False,0.036,-0.125,6,0.4825,1.0,Sem relação clara,"nos picos de um, o outro não caiu; variações independentes (corr. +0.04); saem juntos 0.5× o esperado",0.0,2026-10-04
Pasta de Amendoim Integral,MANDUBIM,Granola Australia - Low Carb,HART`S NATURAL,1073,1141,SEM_SUBGRUPO,SEM_SUBGRUPO,True,True,0.2421,,0,,0.0,Sem relação clara,variações parecidas (corr. +0.24),0.0,2026-10-04
Zinco Quelato,OCEAN DROP,Colágeno - Colagentek II,VITAFOR,1245,388,SEM_SUBGRUPO,SEM_SUBGRUPO,True,True,0.1534,,0,,0.0,Sem relação clara,variações parecidas (corr. +0.15),0.0,2026-10-04
Vitamina D - Vita D3,VITAFOR,Whey Protein Isolado,DUX,397,943,SEM_SUBGRUPO,SEM_SUBGRUPO,True,False,0.0578,-0.27,13,,0.0,Sem relação clara,"nos picos de um, o outro não caiu; variações independentes (corr. +0.06)",0.0,2026-10-04
Magnésio Inositol,NUTRIFY,Suplemento de Magnésio - Blue Calm,PURAVIDA,1659,550,SEM_SUBGRUPO,SEM_SUBGRUPO,True,True,0.4911,,0,,0.0,Sem relação clara,variações parecidas (corr. +0.49),0.0,2026-10-04
Omegafor Plus,VITAFOR,Whey Protein Concentrado,DUX,69,939,SEM_SUBGRUPO,SEM_SUBGRUPO,True,False,0.1111,-0.1379,4,,0.0,Sem relação clara,"nos picos de um, o outro não caiu; variações parecidas (corr. +0.11)",0.0,2026-10-04
Barrinha - Body Protein,EQUALIV,Bom Ciclo,CENTRAL NUTRITION,1577,336,SEM_SUBGRUPO,SEM_SUBGRUPO,True,True,0.0361,,0,,0.0,Sem relação clara,variações independentes (corr. +0.04),0.0,2026-10-04
Whey Protein Isolado - Sachê,DUX,Whey Protein Isolado - Sachê,DUX,1911,1916,SEM_SUBGRUPO,SEM_SUBGRUPO,True,True,0.361,,0,,0.0,Sem relação clara,variações parecidas (corr. +0.36),0.0,2026-10-04
Ferro - Ydrosolv,YOSEN,Coenzima Q10,OCEAN DROP,1132,681,SEM_SUBGRUPO,SEM_SUBGRUPO,True,True,0.1418,,0,,0.0,Sem relação clara,variações parecidas (corr. +0.14),0.0,2026-10-04
Ômega -  Mega DHA,VITAFOR,Bio Cálcio  60 caps PURAVIDA,PURAVIDA,75,917,SEM_SUBGRUPO,SEM_SUBGRUPO,True,True,0.2936,,0,,0.0,Sem relação clara,variações parecidas (corr. +0.29),0.0,2026-10-04
Glutamina,ESSENTIAL,100% Whey Protein - Flavour,ATLHETICA NUTRITION,1109,144,SEM_SUBGRUPO,SEM_SUBGRUPO,True,True,0.144,,0,,0.0,Sem relação clara,variações parecidas (corr. +0.14),0.0,2026-10-04
Próbiotico - Purabiotics,PURAVIDA,Suplemento Alimentar - Alpha Mater,PURAVIDA,220,932,SEM_SUBGRUPO,SEM_SUBGRUPO,True,True,0.131,,0,,0.0,Sem relação clara,variações parecidas (corr. +0.13),0.0,2026-10-04
Probiótico - Simfort Plus,VITAFOR,Whey Protein Concentrado,DUX,360,940,SEM_SUBGRUPO,SEM_SUBGRUPO,True,False,0.0767,-0.2346,17,0.5094,2.0,Sem relação clara,"nos picos de um, o outro não caiu; variações independentes (corr. +0.08); saem juntos 0.5× o esperado",0.0,2026-10-04
Bio Ferro,PURAVIDA,Fresh Whey,DUX,1069,861,SEM_SUBGRUPO,SEM_SUBGRUPO,True,False,0.0952,-0.0109,8,,0.0,Sem relação clara,"nos picos de um, o outro não caiu; variações independentes (corr. +0.10)",0.0,2026-10-04
True Cúrcuma,TRUE SOURCE,Gold Whey Concentrado Refil,ADAPTOGEN,1045,115,SEM_SUBGRUPO,SEM_SUBGRUPO,True,True,0.181,,0,,0.0,Sem relação clara,variações parecidas (corr. +0.18),0.0,2026-10-04
Cacao Whey - Sachê,ESSENTIAL,Vitamina B12,LAUTON,1928,629,SEM_SUBGRUPO,SEM_SUBGRUPO,True,True,0.2156,,0,,0.0,Sem relação clara,variações parecidas (corr. +0.22),0.0,2026-10-04
Colágeno - Colagentek Protein - Bodybalance,VITAFOR,Probiótico - Simcaps,VITAFOR,1452,368,SEM_SUBGRUPO,SEM_SUBGRUPO,True,True,0.1369,,0,,0.0,Sem relação clara,variações parecidas (corr. +0.14),0.0,2026-10-04
True Cúrcuma com Ômega,TRUE SOURCE,Termogênico - Lipix6,VITAFOR,1760,726,SEM_SUBGRUPO,SEM_SUBGRUPO,True,True,0.1046,,0,,0.0,Sem relação clara,variações parecidas (corr. +0.10),0.0,2026-10-04
Matchá - Chá Verde em Pó,OCEAN DROP,100% Whey Pure,INTEGRALMEDICA,714,910,SEM_SUBGRUPO,SEM_SUBGRUPO,True,True,0.0727,,0,,0.0,Sem relação clara,variações independentes (corr. +0.07),0.0,2026-10-04
Colágeno - Collagen Renew Hidrolisado,NUTRIFY,Própolis Verde - Alcoólico,APIS FLORA,1093,1119,SEM_SUBGRUPO,SEM_SUBGRUPO,True,True,0.0049,,0,,0.0,Sem relação clara,variações independentes (corr. +0.00),0.0,2026-10-04
Palatinose,VITAFOR,Morning Shot - Imunidade,SUBLYME,374,455,SEM_SUBGRUPO,SEM_SUBGRUPO,True,True,0.0463,,0,,0.0,Sem relação clara,variações independentes (corr. +0.05),0.0,2026-10-04
Melatonina,PURAVIDA,Simfort Ultra,VITAFOR,1067,1786,SEM_SUBGRUPO,SEM_SUBGRUPO,True,True,0.2972,,0,,0.0,Sem relação clara,variações parecidas (corr. +0.30),0.0,2026-10-04
Glutamina,ESSENTIAL,Ultracoffee - Vegano,PLANT POWER,1109,538,SEM_SUBGRUPO,SEM_SUBGRUPO,True,True,0.2925,,0,,0.0,Sem relação clara,variações parecidas (corr. +0.29),0.0,2026-10-04
SuperCoffee,CAFFEINE ARMY,Whey Tech 100%,ATLHETICA NUTRITION,456,589,SEM_SUBGRUPO,SEM_SUBGRUPO,True,True,0.1079,,0,,0.0,Sem relação clara,variações parecidas (corr. +0.11),0.0,2026-10-04
Simfort fibras,VITAFOR,Vitamina B12,VITAFOR,401,907,SEM_SUBGRUPO,SEM_SUBGRUPO,True,True,0.0559,,0,,0.0,Sem relação clara,variações independentes (corr. +0.06),0.0,2026-10-04
Colágeno - Collagen Gut,ESSENTIAL,Enzimas Enzyfor,VITAFOR,214,410,SEM_SUBGRUPO,SEM_SUBGRUPO,True,True,0.0563,,0,,0.0,Sem relação clara,variações independentes (corr. +0.06),0.0,2026-10-04
Creatina 100%,NUTRIFY,Creatina,ADAPTOGEN,1097,83,SEM_SUBGRUPO,SEM_SUBGRUPO,True,True,0.1276,,0,,0.0,Sem relação clara,variações parecidas (corr. +0.13),0.0,2026-10-04
Colágeno - Collagen Bones,ESSENTIAL,Suplemento de Magnésio - Blue Calm,PURAVIDA,1100,1475,SEM_SUBGRUPO,SEM_SUBGRUPO,True,True,0.1576,,0,,0.0,Sem relação clara,variações parecidas (corr. +0.16),0.0,2026-10-04
Whey Protein Isolado - Sachê,DUX,Vitamina B12,LAUTON,1916,629,SEM_SUBGRUPO,SEM_SUBGRUPO,True,True,0.2234,,0,,0.0,Sem relação clara,variações parecidas (corr. +0.22),0.0,2026-10-04
Colágeno - Collagen Essential Protein,ESSENTIAL,Proteína Isolada e Hidrolisada - Body Protein,EQUALIV,1048,522,SEM_SUBGRUPO,SEM_SUBGRUPO,True,True,0.281,,0,,0.0,Sem relação clara,variações parecidas (corr. +0.28),0.0,2026-10-04
Suplemento Alimentar - L-teanina - Happy Theanine,ESSENTIAL,Colágeno - Collagen Renew Hidrolisado,NUTRIFY,1108,206,SEM_SUBGRUPO,SEM_SUBGRUPO,True,True,0.0773,,0,,0.0,Sem relação clara,variações independentes (corr. +0.08),0.0,2026-10-04
Whey Protein - Isofort Beauty,VITAFOR,Bom Ciclo,CENTRAL NUTRITION,1199,336,SEM_SUBGRUPO,SEM_SUBGRUPO,True,True,0.2956,,0,,0.0,Sem relação clara,variações parecidas (corr. +0.30),0.0,2026-10-04
Whey Protein Isolado - Tasty Iso,ADAPTOGEN,100% Whey Pure,INTEGRALMEDICA,1332,169,SEM_SUBGRUPO,SEM_SUBGRUPO,True,True,0.0523,,0,,0.0,Sem relação clara,variações independentes (corr. +0.05),0.0,2026-10-04
Omegafor Plus,VITAFOR,Coenzima Q10 (200mg p/ porção),VITAFOR,375,448,SEM_SUBGRUPO,SEM_SUBGRUPO,True,False,0.0135,,0,1.2974,3.0,Sem relação clara,variações independentes (corr. +0.01); saem juntos 1.3× o esperado,0.0,2026-10-04
Tasty Whey 3W Gourmet,ADAPTOGEN,Prebiótico,OCEAN DROP,102,696,SEM_SUBGRUPO,SEM_SUBGRUPO,True,True,0.1018,,0,,0.0,Sem relação clara,variações parecidas (corr. +0.10),0.0,2026-10-04
Refil Whey Protein Concentrado,VITAFOR,Whey hidrolisado e isolado Creme Broule 837g TRUE SOURCE,TRUE SOURCE,1673,89,SEM_SUBGRUPO,SEM_SUBGRUPO,True,True,0.0744,,0,,0.0,Sem relação clara,variações independentes (corr. +0.07),0.0,2026-10-04
Colágeno - Colagentek,VITAFOR,Vitamina C - Bio Vit C+,PURAVIDA,393,663,SEM_SUBGRUPO,SEM_SUBGRUPO,True,True,0.163,,0,,0.0,Sem relação clara,variações parecidas (corr. +0.16),0.0,2026-10-04
SuperCoffee Língua de gato - Kopenhagen,CAFFEINE ARMY,Ômega 3 - 1360mg,NUTRIFY,1384,635,SEM_SUBGRUPO,SEM_SUBGRUPO,True,True,0.1352,-0.1893,10,0.3964,1.0,Sem relação clara,"nos picos de um, o outro não caiu; variações parecidas (corr. +0.14); saem juntos 0.4× o esperado",0.0,2026-10-04
BT Nitrato 400,DOBRO,Proteína Isolada e Hidrolisada - Body Protein,EQUALIV,480,519,SEM_SUBGRUPO,SEM_SUBGRUPO,True,True,0.0261,,0,,0.0,Sem relação clara,variações independentes (corr. +0.03),0.0,2026-10-04
Glutamina,ESSENTIAL,Prebiótico,OCEAN DROP,1109,696,SEM_SUBGRUPO,SEM_SUBGRUPO,True,True,0.2166,,0,,0.0,Sem relação clara,variações parecidas (corr. +0.22),0.0,2026-10-04
Magnésio Quelato - Bio Mag,PURAVIDA,Morning Shot - Imunidade,SUBLYME,620,782,SEM_SUBGRUPO,SEM_SUBGRUPO,True,True,0.0219,,0,,0.0,Sem relação clara,variações independentes (corr. +0.02),0.0,2026-10-04
NAC + Glycine + Taurine,ESSENTIAL,Morning Shot - Imunidade,SUBLYME,1250,782,SEM_SUBGRUPO,SEM_SUBGRUPO,True,True,0.1165,,0,,0.0,Sem relação clara,variações parecidas (corr. +0.12),0.0,2026-10-04
Ômega 3 - Ultra Caps 1000mg,EQUALIV,Whey Protein Concentrado,DUX,1212,939,SEM_SUBGRUPO,SEM_SUBGRUPO,True,True,0.0866,,0,,0.0,Sem relação clara,variações independentes (corr. +0.09),0.0,2026-10-04
Gold Whey Concentrado Refil,ADAPTOGEN,L-Carnitina 530mg,VITAFOR,115,386,SEM_SUBGRUPO,SEM_SUBGRUPO,True,True,0.3206,,0,,0.0,Sem relação clara,variações parecidas (corr. +0.32),0.0,2026-10-04
Melatonina em Gotas,VITAFOR,Super Ômega 3,ESSENTIAL,378,38,SEM_SUBGRUPO,SEM_SUBGRUPO,True,True,0.2404,,0,,0.0,Sem relação clara,variações parecidas (corr. +0.24),0.0,2026-10-04
Colágeno - Collagen Essential Protein,ESSENTIAL,Super Ômega 3,ESSENTIAL,1052,1252,SEM_SUBGRUPO,SEM_SUBGRUPO,True,True,0.1258,,0,,0.0,Sem relação clara,variações parecidas (corr. +0.13),0.0,2026-10-04
Colágeno - Colagentek Protein - Bodybalance,VITAFOR,Whey Protein Concentrado,DUX,439,940,SEM_SUBGRUPO,SEM_SUBGRUPO,True,False,0.1553,-0.1085,17,0.3309,1.0,Sem relação clara,"nos picos de um, o outro não caiu; variações parecidas (corr. +0.16); saem juntos 0.3× o esperado",0.0,2026-10-04
Whey Protein Concentrado,DUX,Whey Protein Isolado,DUX,935,941,SEM_SUBGRUPO,SEM_SUBGRUPO,True,False,0.1226,-0.1969,8,,0.0,Sem relação clara,"nos picos de um, o outro não caiu; variações parecidas (corr. +0.12)",0.0,2026-10-04
Beta Alanina,VITAFOR,Whey Protein Isolado,DUX,407,941,SEM_SUBGRUPO,SEM_SUBGRUPO,True,False,0.0922,-0.1452,5,,0.0,Sem relação clara,"nos picos de um, o outro não caiu; variações independentes (corr. +0.09)",0.0,2026-10-04
Colágeno Tipo II - Artro Aid,NUTRIFY,Creatina Monohidratada,MAX TITANIUM,1329,999,SEM_SUBGRUPO,SEM_SUBGRUPO,True,True,0.1784,,0,,0.0,Sem relação clara,variações parecidas (corr. +0.18),0.0,2026-10-04
Glutamina,DUX,Fresh Whey,DUX,474,861,SEM_SUBGRUPO,SEM_SUBGRUPO,True,False,0.1759,-0.0978,8,1.1938,1.0,Sem relação clara,"nos picos de um, o outro não caiu; variações parecidas (corr. +0.18); saem juntos 1.2× o esperado",0.0,2026-10-04
Aminoácidos - Aminolift,ESSENTIAL,Whey Protein Isolado,DUX,1105,942,SEM_SUBGRUPO,SEM_SUBGRUPO,True,True,0.0564,,0,,0.0,Sem relação clara,variações independentes (corr. +0.06),0.0,2026-10-04
Whey Protein Isolado - Tasty Iso,ADAPTOGEN,Aminoácidos - Aminnu EAAs - Sem Xilitol,CENTRAL NUTRITION,1332,1456,SEM_SUBGRUPO,SEM_SUBGRUPO,True,True,0.2518,,0,,0.0,Sem relação clara,variações parecidas (corr. +0.25),0.0,2026-10-04
Beta Alanina,VITAFOR,Whey Isolado - Iso Triple Zero,INTEGRALMEDICA,391,946,SEM_SUBGRUPO,SEM_SUBGRUPO,True,True,0.0407,,0,,0.0,Sem relação clara,variações independentes (corr. +0.04),0.0,2026-10-04
Suplemento Alimentar - True Nac,TRUE SOURCE,Gold Whey Concentrado Refil,ADAPTOGEN,1111,113,SEM_SUBGRUPO,SEM_SUBGRUPO,True,True,0.3225,,0,,0.0,Sem relação clara,variações parecidas (corr. +0.32),0.0,2026-10-04
Cúrcuma Plus,VITAFOR,Ômega 3 EPA DHA,PURAVIDA,433,54,SEM_SUBGRUPO,SEM_SUBGRUPO,True,False,0.2403,-0.1826,21,0.6768,2.0,Sem relação clara,"nos picos de um, o outro não caiu; variações parecidas (corr. +0.24); saem juntos 0.7× o esperado",0.0,2026-10-04
NAC + Glycine + Taurine,ESSENTIAL,Creatina - Gummy,GUDAY,1250,1632,SEM_SUBGRUPO,SEM_SUBGRUPO,True,True,0.294,,0,,0.0,Sem relação clara,variações parecidas (corr. +0.29),0.0,2026-10-04
Colágeno - Collagen Renew Hidrolisado,NUTRIFY,True Cúrcuma com Ômega,TRUE SOURCE,1095,1760,SEM_SUBGRUPO,SEM_SUBGRUPO,True,True,0.094,,0,,0.0,Sem relação clara,variações independentes (corr. +0.09),0.0,2026-10-04
Suplemento de Magnésio - Blue Calm,PURAVIDA,Colágeno Collagen Skin,ESSENTIAL,1239,215,SEM_SUBGRUPO,SEM_SUBGRUPO,True,True,0.0558,,0,,0.0,Sem relação clara,variações independentes (corr. +0.06),0.0,2026-10-04
Whey Protein Isolado,PURAVIDA,Colágeno Hidrolisado - Collagen Pro 18g,NUTRIFY,1872,209,SEM_SUBGRUPO,SEM_SUBGRUPO,True,True,0.2431,,0,,0.0,Sem relação clara,variações parecidas (corr. +0.24),0.0,2026-10-04
Super Ômega 3,ESSENTIAL,Própolis Verde - Premium 10mg,PURAVIDA,38,662,SEM_SUBGRUPO,SEM_SUBGRUPO,True,True,0.1071,,0,,0.0,Sem relação clara,variações parecidas (corr. +0.11),0.0,2026-10-04
Maca Peruana,OCEAN DROP,Complexo B 500mg,OCEAN DROP,1656,694,SEM_SUBGRUPO,SEM_SUBGRUPO,True,True,0.0432,,0,,0.0,Sem relação clara,variações independentes (corr. +0.04),0.0,2026-10-04
Gold Whey Concentrado Refil,ADAPTOGEN,Refil Whey Protein - 3W,BOLD,113,1708,SEM_SUBGRUPO,SEM_SUBGRUPO,True,True,0.117,,0,,0.0,Sem relação clara,variações parecidas (corr. +0.12),0.0,2026-10-04
Multivitaminino - Multi All,NUTRIFY,Suplemento Alimentar - Green Shot,OCEAN DROP,1775,712,SEM_SUBGRUPO,SEM_SUBGRUPO,True,True,0.2494,,0,,0.0,Sem relação clara,variações parecidas (corr. +0.25),0.0,2026-10-04
Whey 3W,MAX TITANIUM,Whey Protein Isolado - Tasty Iso,ADAPTOGEN,1001,1332,SEM_SUBGRUPO,SEM_SUBGRUPO,True,True,0.0124,,0,,0.0,Sem relação clara,variações independentes (corr. +0.01),0.0,2026-10-04
Melatonina,PURAVIDA,Creatina,INTEGRALMEDICA,1067,783,SEM_SUBGRUPO,SEM_SUBGRUPO,True,True,0.1338,,0,,0.0,Sem relação clara,variações parecidas (corr. +0.13),0.0,2026-10-04
Whey Protein Concentrado,DUX,Ômega 3 Super DHA - BIG N,PURAVIDA,2,925,SEM_SUBGRUPO,SEM_SUBGRUPO,True,False,0.0912,-0.0137,6,1.4644,1.0,Sem relação clara,"nos picos de um, o outro não caiu; variações independentes (corr. +0.09); saem juntos 1.5× o esperado",0.0,2026-10-04
Whey Protein - Isofort Beauty,VITAFOR,Refil Whey Concentrado - W100,NUTRATA,1201,1289,SEM_SUBGRUPO,SEM_SUBGRUPO,True,True,0.0485,,0,,0.0,Sem relação clara,variações independentes (corr. +0.05),0.0,2026-10-04
Whey Protein - Isofort Beauty,VITAFOR,Refil Whey Protein Concentrado,VITAFOR,1199,1673,SEM_SUBGRUPO,SEM_SUBGRUPO,True,True,0.0592,,0,,0.0,Sem relação clara,variações independentes (corr. +0.06),0.0,2026-10-04
Termogênico - Termo Plus,VITAFOR,Bom Ciclo,CENTRAL NUTRITION,1572,336,SEM_SUBGRUPO,SEM_SUBGRUPO,True,True,0.0125,,0,,0.0,Sem relação clara,variações independentes (corr. +0.01),0.0,2026-10-04
Creatina 100%,NUTRIFY,Creatina Monohidratada,OCEAN DROP,1092,685,SEM_SUBGRUPO,SEM_SUBGRUPO,True,True,0.1645,,0,,0.0,Sem relação clara,variações parecidas (corr. +0.16),0.0,2026-10-04
Beta Alanina,VITAFOR,Ferro Quelato + Vitamina C,OCEAN DROP,407,697,SEM_SUBGRUPO,SEM_SUBGRUPO,True,True,0.1185,,0,,0.0,Sem relação clara,variações parecidas (corr. +0.12),0.0,2026-10-04
Pré-Treino - Beta Action,ESSENTIAL,Simfort Ultra,VITAFOR,1248,1786,SEM_SUBGRUPO,SEM_SUBGRUPO,True,True,0.2041,,0,,0.0,Sem relação clara,variações parecidas (corr. +0.20),0.0,2026-10-04
Refil Whey Protein - 3W,BOLD,Whey Protein Concentrado Cappuccino 900g DUX,DUX,1708,937,SEM_SUBGRUPO,SEM_SUBGRUPO,True,True,0.0247,,0,,0.0,Sem relação clara,variações independentes (corr. +0.02),0.0,2026-10-04
Aminoácidos - Aminnu EAAs,CENTRAL NUTRITION,Shot Matinal,OCEAN DROP,331,698,SEM_SUBGRUPO,SEM_SUBGRUPO,True,True,0.0541,,0,,0.0,Sem relação clara,variações independentes (corr. +0.05),0.0,2026-10-04
SuperCoffee Língua de gato - Kopenhagen,CAFFEINE ARMY,Omegafor Plus,VITAFOR,1384,375,SEM_SUBGRUPO,SEM_SUBGRUPO,True,False,0.092,-0.1006,10,0.7104,2.0,Sem relação clara,"nos picos de um, o outro não caiu; variações independentes (corr. +0.09); saem juntos 0.7× o esperado",0.0,2026-10-04
Beta Alanina,VITAFOR,Própolis Verde - Premium 10mg,PURAVIDA,391,662,SEM_SUBGRUPO,SEM_SUBGRUPO,True,True,0.0517,,0,,0.0,Sem relação clara,variações independentes (corr. +0.05),0.0,2026-10-04
Whey Protein - Isofort Beauty,VITAFOR,Coenzima Q10 200mg,LAUTON,1201,1408,SEM_SUBGRUPO,SEM_SUBGRUPO,True,True,0.0776,,0,,0.0,Sem relação clara,variações independentes (corr. +0.08),0.0,2026-10-04
SuperCoffee Língua de gato - Kopenhagen,CAFFEINE ARMY,Colágeno - Colagentek Protein - Bodybalance,VITAFOR,1384,439,SEM_SUBGRUPO,SEM_SUBGRUPO,True,False,0.0224,-0.0672,13,0.5252,1.0,Sem relação clara,"nos picos de um, o outro não caiu; variações independentes (corr. +0.02); saem juntos 0.5× o esperado",0.0,2026-10-04
Achocolatado - Chocoki,ESSENTIAL,Psyllium,MOSTEIRO DEVAKAN,549,801,SEM_SUBGRUPO,SEM_SUBGRUPO,True,True,0.0799,,0,,0.0,Sem relação clara,variações independentes (corr. +0.08),0.0,2026-10-04
Ômega 3 EPA DHA,PURAVIDA,Whey Protein Concentrado,DUX,54,940,SEM_SUBGRUPO,SEM_SUBGRUPO,True,False,0.1949,-0.2984,27,0.4554,2.0,Sem relação clara,"nos picos de um, o outro não caiu; variações parecidas (corr. +0.19); saem juntos 0.5× o esperado",0.0,2026-10-04
Suplemento Alimentar - True Nac,TRUE SOURCE,Probiótico - Simcaps,VITAFOR,1111,371,SEM_SUBGRUPO,SEM_SUBGRUPO,True,True,0.0265,,0,,0.0,Sem relação clara,variações independentes (corr. +0.03),0.0,2026-10-04
SuperCoffee,CAFFEINE ARMY,Aminoácidos - Aminnu EAAs,CENTRAL NUTRITION,1810,331,SEM_SUBGRUPO,SEM_SUBGRUPO,True,True,0.0051,,0,,0.0,Sem relação clara,variações independentes (corr. +0.01),0.0,2026-10-04
True Cúrcuma com Ômega,TRUE SOURCE,Arginofor -  L-Arginina,VITAFOR,1760,385,SEM_SUBGRUPO,SEM_SUBGRUPO,True,True,0.2374,,0,,0.0,Sem relação clara,variações parecidas (corr. +0.24),0.0,2026-10-04
Gold Whey Concentrado Refil,ADAPTOGEN,Vitamina D3 + K2,NUTRIFY,115,1331,SEM_SUBGRUPO,SEM_SUBGRUPO,True,True,0.0392,,0,,0.0,Sem relação clara,variações independentes (corr. +0.04),0.0,2026-10-04
Vitamina D - Vita D3,VITAFOR,Vitamina C - Bio Vit C+,PURAVIDA,395,663,SEM_SUBGRUPO,SEM_SUBGRUPO,True,True,0.007,,0,,0.0,Sem relação clara,variações independentes (corr. +0.01),0.0,2026-10-04
Expresso Whey - Sachê,ESSENTIAL,Vitamina D3 - 2000 Ui,LAUTON,1930,794,SEM_SUBGRUPO,SEM_SUBGRUPO,True,True,0.1301,,0,,0.0,Sem relação clara,variações parecidas (corr. +0.13),0.0,2026-10-04
Whey Fort 3W,VITAFOR,Whey Tech 100%,ATLHETICA NUTRITION,332,454,SEM_SUBGRUPO,SEM_SUBGRUPO,True,True,0.1763,,0,,0.0,Sem relação clara,variações parecidas (corr. +0.18),0.0,2026-10-04
Colágeno - Colagentek,VITAFOR,SuperCoffee,CAFFEINE ARMY,443,463,SEM_SUBGRUPO,SEM_SUBGRUPO,True,True,0.1654,,0,,0.0,Sem relação clara,variações parecidas (corr. +0.17),0.0,2026-10-04
Vitamina D - Vita D3 + C + Zinco,VITAFOR,Creatina Monohidratada - Creatine,VITAFOR,399,71,SEM_SUBGRUPO,SEM_SUBGRUPO,True,True,0.0668,-0.1236,13,1.1512,4.0,Sem relação clara,"nos picos de um, o outro não caiu; variações independentes (corr. +0.07); saem juntos 1.2× o esperado",0.0,2026-10-04
Psyllium,OCEAN DROP,Whey Protein Isolado,DUX,704,941,SEM_SUBGRUPO,SEM_SUBGRUPO,True,False,0.0882,-0.0949,8,0.8869,2.0,Sem relação clara,"nos picos de um, o outro não caiu; variações independentes (corr. +0.09); saem juntos 0.9× o esperado",0.0,2026-10-04
Ferro Plus,VITAFOR,Whey Protein Concentrado - Sachê,DUX,1886,1908,SEM_SUBGRUPO,SEM_SUBGRUPO,True,True,0.3656,,0,,0.0,Sem relação clara,variações parecidas (corr. +0.37),0.0,2026-10-04
Refil Whey Concentrado - W100,NUTRATA,BT Nitrato 400,DOBRO,1290,481,SEM_SUBGRUPO,SEM_SUBGRUPO,True,True,0.1592,,0,,0.0,Sem relação clara,variações parecidas (corr. +0.16),0.0,2026-10-04
Cafeína,DUX,Vitamina B12,NUTRIFY,1091,1330,SEM_SUBGRUPO,SEM_SUBGRUPO,True,True,0.2289,,0,,0.0,Sem relação clara,variações parecidas (corr. +0.23),0.0,2026-10-04
Colágeno - Collagen Protein Hidrolisado,PURAVIDA,Whey Isolado - Iso Triple Zero,INTEGRALMEDICA,659,946,SEM_SUBGRUPO,SEM_SUBGRUPO,True,True,0.0681,,0,,0.0,Sem relação clara,variações independentes (corr. +0.07),0.0,2026-10-04
Suplemento de Magnésio - Blue Calm,PURAVIDA,Ômega -  Mega DHA,VITAFOR,1239,75,SEM_SUBGRUPO,SEM_SUBGRUPO,True,True,0.0526,,0,,0.0,Sem relação clara,variações independentes (corr. +0.05),0.0,2026-10-04
Colágeno - Collagen Renew Hidrolisado,NUTRIFY,NAC + Glycine + Taurine,ESSENTIAL,1096,1250,SEM_SUBGRUPO,SEM_SUBGRUPO,True,True,0.1999,,0,,0.0,Sem relação clara,variações parecidas (corr. +0.20),0.0,2026-10-04
Whey Concentrado - W100,NUTRATA,Whey Protein Isolado - Isofort,VITAFOR,1486,67,SEM_SUBGRUPO,SEM_SUBGRUPO,True,True,0.0399,,0,,0.0,Sem relação clara,variações independentes (corr. +0.04),0.0,2026-10-04
Bio Vitamina B12 em gotas,PURAVIDA,Melatonina Duo,ESSENTIAL,1065,1106,SEM_SUBGRUPO,SEM_SUBGRUPO,True,True,0.1485,,0,,0.0,Sem relação clara,variações parecidas (corr. +0.15),0.0,2026-10-04
Creatina Monohidratada,ATLHETICA NUTRITION,Glutamina,DUX,141,474,SEM_SUBGRUPO,SEM_SUBGRUPO,True,False,0.1911,-0.0722,6,0.8071,1.0,Sem relação clara,"nos picos de um, o outro não caiu; variações parecidas (corr. +0.19); saem juntos 0.8× o esperado",0.0,2026-10-04
Colágeno -  Collagen Gut,ESSENTIAL,Colágeno - Colagentek Protein - Bodybalance,VITAFOR,1251,390,SEM_SUBGRUPO,SEM_SUBGRUPO,True,True,0.2408,,0,,0.0,Sem relação clara,variações parecidas (corr. +0.24),0.0,2026-10-04
Vitamina D - Vita D3 + C + Zinco,VITAFOR,"Boraprim - Borragem, Prímula e Gergelim",VITAFOR,400,419,SEM_SUBGRUPO,SEM_SUBGRUPO,True,True,0.0481,,0,,0.0,Sem relação clara,variações independentes (corr. +0.05),0.0,2026-10-04
L-Taurina - 1.000mg,VITAFOR,Omegafor Vision,VITAFOR,405,70,SEM_SUBGRUPO,SEM_SUBGRUPO,True,True,0.1321,,0,,0.0,Sem relação clara,variações parecidas (corr. +0.13),0.0,2026-10-04
Glutamina,DUX,Whey Protein Concentrado,DUX,474,938,SEM_SUBGRUPO,SEM_SUBGRUPO,True,False,0.1319,-0.15,4,0.5086,1.0,Sem relação clara,"nos picos de um, o outro não caiu; variações parecidas (corr. +0.13); saem juntos 0.5× o esperado",0.0,2026-10-04
100% Whey Protein - Flavour,ATLHETICA NUTRITION,Ômega -  Mega DHA,VITAFOR,146,75,SEM_SUBGRUPO,SEM_SUBGRUPO,True,True,0.2265,,0,,0.0,Sem relação clara,variações parecidas (corr. +0.23),0.0,2026-10-04
Whey Isolado - Isofort Ultra Imuno,VITAFOR,Whey hidrolisado e isolado,TRUE SOURCE,1112,84,SEM_SUBGRUPO,SEM_SUBGRUPO,True,True,0.2997,,0,,0.0,Sem relação clara,variações parecidas (corr. +0.30),0.0,2026-10-04
Cúrcuma 500mg,OCEAN DROP,Proteína - Isocrisp Plant Pouch,VITAFOR,691,905,SEM_SUBGRUPO,SEM_SUBGRUPO,True,True,0.0428,,0,,0.0,Sem relação clara,variações independentes (corr. +0.04),0.0,2026-10-04
Própolis Trio,TRUE SOURCE,Própolis Alcoólico,APIS FLORA,1044,1120,SEM_SUBGRUPO,SEM_SUBGRUPO,True,True,0.0297,,0,,0.0,Sem relação clara,variações independentes (corr. +0.03),0.0,2026-10-04
Cafeína,DUX,Bio Cálcio  60 caps PURAVIDA,PURAVIDA,1091,917,SEM_SUBGRUPO,SEM_SUBGRUPO,True,True,0.0062,,0,,0.0,Sem relação clara,variações independentes (corr. +0.01),0.0,2026-10-04
Suplemento - Hyaluronic Hair,VITAFOR,Colágeno - Colagentek Beauty,VITAFOR,1035,447,SEM_SUBGRUPO,SEM_SUBGRUPO,True,True,0.0474,,0,,0.0,Sem relação clara,variações independentes (corr. +0.05),0.0,2026-10-04
Whey Protein Crisp - Isocrisp,VITAFOR,Complexo B 500mg,OCEAN DROP,426,694,SEM_SUBGRUPO,SEM_SUBGRUPO,True,True,0.0107,,0,,0.0,Sem relação clara,variações independentes (corr. +0.01),0.0,2026-10-04
Colágeno - Colagentek Protein - Bodybalance,VITAFOR,SuperCoffee,CAFFEINE ARMY,439,457,SEM_SUBGRUPO,SEM_SUBGRUPO,True,True,0.0538,,0,,0.0,Sem relação clara,variações independentes (corr. +0.05),0.0,2026-10-04
Isofort Plant (Life Vegan),VITAFOR,Glutamina,DUX,427,474,SEM_SUBGRUPO,SEM_SUBGRUPO,True,True,0.0105,,0,,0.0,Sem relação clara,variações independentes (corr. +0.01),0.0,2026-10-04
Colágeno - Colagentek Protein - Bodybalance,VITAFOR,SuperCoffee,CAFFEINE ARMY,390,465,SEM_SUBGRUPO,SEM_SUBGRUPO,True,True,0.1005,,0,,0.0,Sem relação clara,variações parecidas (corr. +0.10),0.0,2026-10-04
Gold Whey Concentrado Refil,ADAPTOGEN,Whey Tech 100%,ATLHETICA NUTRITION,111,453,SEM_SUBGRUPO,SEM_SUBGRUPO,True,True,0.1302,,0,,0.0,Sem relação clara,variações parecidas (corr. +0.13),0.0,2026-10-04
Termogênico - Lipix6,VITAFOR,Complexo B 500mg,OCEAN DROP,330,694,SEM_SUBGRUPO,SEM_SUBGRUPO,True,True,0.0234,,0,,0.0,Sem relação clara,variações independentes (corr. +0.02),0.0,2026-10-04
100% Whey Pure,INTEGRALMEDICA,Super Ômega 3,ESSENTIAL,168,32,SEM_SUBGRUPO,SEM_SUBGRUPO,True,True,0.1018,,0,,0.0,Sem relação clara,variações parecidas (corr. +0.10),0.0,2026-10-04
Vitamina B12,YOSEN,Coenzima Q10 200mg,LAUTON,1131,1408,SEM_SUBGRUPO,SEM_SUBGRUPO,True,True,0.0292,,0,,0.0,Sem relação clara,variações independentes (corr. +0.03),0.0,2026-10-04
Whey Protein Concentrado,DUX,Colágeno Hidrolisado - Collagen Pro 18g,NUTRIFY,1705,211,SEM_SUBGRUPO,SEM_SUBGRUPO,True,True,0.1067,,0,,0.0,Sem relação clara,variações parecidas (corr. +0.11),0.0,2026-10-04
Própolis Alcoólico,APIS FLORA,NAC Acetilcisteína -  600mg,EQUALIV,1120,994,SEM_SUBGRUPO,SEM_SUBGRUPO,True,True,0.173,,0,,0.0,Sem relação clara,variações parecidas (corr. +0.17),0.0,2026-10-04
Vitamina D - Vita D3,VITAFOR,Ômega 3 Super DHA - BIG N,PURAVIDA,395,925,SEM_SUBGRUPO,SEM_SUBGRUPO,True,False,0.1695,-0.2603,6,,0.0,Sem relação clara,"nos picos de um, o outro não caiu; variações parecidas (corr. +0.17)",0.0,2026-10-04
Bio Ferro,PURAVIDA,Ômega 3 Super DHA - BIG N,PURAVIDA,1069,925,SEM_SUBGRUPO,SEM_SUBGRUPO,True,False,0.0756,-0.0137,6,,0.0,Sem relação clara,"nos picos de um, o outro não caiu; variações independentes (corr. +0.08)",0.0,2026-10-04
Refil Whey 100% Pure,INTEGRALMEDICA,Isofort Plant (Life Vegan),VITAFOR,139,428,SEM_SUBGRUPO,SEM_SUBGRUPO,True,True,0.0661,,0,,0.0,Sem relação clara,variações independentes (corr. +0.07),0.0,2026-10-04
Zinco Quelato,OCEAN DROP,Vitamina D3 + K2,NUTRIFY,1245,1331,SEM_SUBGRUPO,SEM_SUBGRUPO,True,True,0.1168,,0,,0.0,Sem relação clara,variações parecidas (corr. +0.12),0.0,2026-10-04
Omegafor Plus,VITAFOR,Vitamina D - Vita D3,VITAFOR,375,397,SEM_SUBGRUPO,SEM_SUBGRUPO,True,False,0.0904,-0.0278,10,1.3572,4.0,Sem relação clara,"nos picos de um, o outro não caiu; variações independentes (corr. +0.09); saem juntos 1.4× o esperado",0.0,2026-10-04
Eletrólitos,LIQUIDZ,Tablete de Doce,FLORMEL,1897,837,SEM_SUBGRUPO,SEM_SUBGRUPO,True,True,0.2342,,0,,0.0,Sem relação clara,variações parecidas (corr. +0.23),0.0,2026-10-04
Colágeno - Collagen Essential Protein,ESSENTIAL,Tasty Whey 3W Gourmet,ADAPTOGEN,1048,109,SEM_SUBGRUPO,SEM_SUBGRUPO,True,True,0.0654,,0,,0.0,Sem relação clara,variações independentes (corr. +0.07),0.0,2026-10-04
Vitamina B12,OCEAN DROP,Óleo de Prímula - 500mg,LAUTON,707,806,SEM_SUBGRUPO,SEM_SUBGRUPO,True,True,0.2377,,0,,0.0,Sem relação clara,variações parecidas (corr. +0.24),0.0,2026-10-04
Fresh Whey,DUX,100% Whey Pure,INTEGRALMEDICA,1415,169,SEM_SUBGRUPO,SEM_SUBGRUPO,True,True,0.0323,,0,,0.0,Sem relação clara,variações independentes (corr. +0.03),0.0,2026-10-04
Ômega 3 Super DHA - BIG N,PURAVIDA,Whey Protein Concentrado,DUX,925,939,SEM_SUBGRUPO,SEM_SUBGRUPO,True,False,0.1209,-0.4384,10,,0.0,Sem relação clara,"nos picos de um, o outro não caiu; variações parecidas (corr. +0.12)",0.0,2026-10-04
Bio Ferro,PURAVIDA,Probiótico - Simfort Plus,VITAFOR,1069,360,SEM_SUBGRUPO,SEM_SUBGRUPO,True,True,0.1939,-0.2121,3,,0.0,Sem relação clara,"nos picos de um, o outro não caiu; variações parecidas (corr. +0.19)",0.0,2026-10-04
Gold Whey Concentrado Refil,ADAPTOGEN,Glutamina em Pó,NUTRIFY,112,598,SEM_SUBGRUPO,SEM_SUBGRUPO,True,True,0.1685,,0,,0.0,Sem relação clara,variações parecidas (corr. +0.17),0.0,2026-10-04
Bio Zinco,PURAVIDA,Vitamina D3 + K2,VITAFOR,619,908,SEM_SUBGRUPO,SEM_SUBGRUPO,True,True,0.0875,,0,,0.0,Sem relação clara,variações independentes (corr. +0.09),0.0,2026-10-04
Suplemento Alimentar - True Nac,TRUE SOURCE,Expresso Whey - Sachê,ESSENTIAL,1111,1930,SEM_SUBGRUPO,SEM_SUBGRUPO,True,True,0.1017,,0,,0.0,Sem relação clara,variações parecidas (corr. +0.10),0.0,2026-10-04
Glutamina,DUX,Whey Protein Concentrado,DUX,474,935,SEM_SUBGRUPO,SEM_SUBGRUPO,True,False,0.1347,-0.0976,3,,0.0,Sem relação clara,"nos picos de um, o outro não caiu; variações parecidas (corr. +0.13)",0.0,2026-10-04
Suplemento Alimentar - Green Shot,OCEAN DROP,Suplemento Alimentar - Slim Body 400mg,OCEAN DROP,712,715,SEM_SUBGRUPO,SEM_SUBGRUPO,True,True,0.0824,,0,,0.0,Sem relação clara,variações independentes (corr. +0.08),0.0,2026-10-04
Colágeno - Collagen Essential Protein,ESSENTIAL,Coenzima Q10+ 200mg,PURAVIDA,1049,1459,SEM_SUBGRUPO,SEM_SUBGRUPO,True,True,0.0098,,0,,0.0,Sem relação clara,variações independentes (corr. +0.01),0.0,2026-10-04
Tasty Whey 3W Gourmet,ADAPTOGEN,Coenzima Q10+ 200mg,PURAVIDA,107,1459,SEM_SUBGRUPO,SEM_SUBGRUPO,True,True,0.1984,,0,,0.0,Sem relação clara,variações parecidas (corr. +0.20),0.0,2026-10-04
100% Whey Pure,INTEGRALMEDICA,Proteína Isolada e Hidrolisada - Body Protein,EQUALIV,169,522,SEM_SUBGRUPO,SEM_SUBGRUPO,True,True,0.1148,,0,,0.0,Sem relação clara,variações parecidas (corr. +0.11),0.0,2026-10-04
Suplemento - Hyaluronic Hair,VITAFOR,Pasta de Amendoim Granulado,MANDUBIM,1035,1072,SEM_SUBGRUPO,SEM_SUBGRUPO,True,True,0.276,,0,,0.0,Sem relação clara,variações parecidas (corr. +0.28),0.0,2026-10-04
Suplemento Alimentar - Alpha Inflaminus,PURAVIDA,Whey Isolado e Hidrolisado - H.I Whey,ESSENTIAL,1274,37,SEM_SUBGRUPO,SEM_SUBGRUPO,True,True,0.0521,,0,,0.0,Sem relação clara,variações independentes (corr. +0.05),0.0,2026-10-04
Ômega Core,ESSENTIAL,Aminoácidos - Aminnu EAAs,CENTRAL NUTRITION,1011,333,SEM_SUBGRUPO,SEM_SUBGRUPO,True,True,0.1418,,0,,0.0,Sem relação clara,variações parecidas (corr. +0.14),0.0,2026-10-04
L-Carnitina 530mg,VITAFOR,Creatina,INTEGRALMEDICA,386,783,SEM_SUBGRUPO,SEM_SUBGRUPO,True,True,0.2581,,0,,0.0,Sem relação clara,variações parecidas (corr. +0.26),0.0,2026-10-04
Probiótico - Simcaps,VITAFOR,Colágeno - Colagentek,VITAFOR,368,393,SEM_SUBGRUPO,SEM_SUBGRUPO,True,True,0.189,,0,,0.0,Sem relação clara,variações parecidas (corr. +0.19),0.0,2026-10-04
Ômega 3 - Omegafor Memory,VITAFOR,Multivitaminico - Imunomult- 1000mg,VITAFOR,394,424,SEM_SUBGRUPO,SEM_SUBGRUPO,True,True,0.0872,,0,,0.0,Sem relação clara,variações independentes (corr. +0.09),0.0,2026-10-04
SuperCoffee Língua de gato - Kopenhagen,CAFFEINE ARMY,Creatina - Creafort (Creapure),VITAFOR,1384,434,SEM_SUBGRUPO,SEM_SUBGRUPO,True,False,0.133,-0.1743,16,0.7729,4.0,Sem relação clara,"nos picos de um, o outro não caiu; variações parecidas (corr. +0.13); saem juntos 0.8× o esperado",0.0,2026-10-04
Probiótico - Simcaps,VITAFOR,Colágeno - Colagentek,VITAFOR,371,445,SEM_SUBGRUPO,SEM_SUBGRUPO,True,True,0.1031,,0,,0.0,Sem relação clara,variações parecidas (corr. +0.10),0.0,2026-10-04
Colágeno Collagen Skin,ESSENTIAL,SuperCoffee,CAFFEINE ARMY,215,463,SEM_SUBGRUPO,SEM_SUBGRUPO,True,True,0.1852,,0,,0.0,Sem relação clara,variações parecidas (corr. +0.19),0.0,2026-10-04
Creatina - Creafort (Creapure),VITAFOR,Coenzima  Q10 - 100mg,NUTRIFY,434,617,SEM_SUBGRUPO,SEM_SUBGRUPO,True,True,0.023,,0,,0.0,Sem relação clara,variações independentes (corr. +0.02),0.0,2026-10-04
Colágeno - Colagentek,VITAFOR,Pré-Treino,OCEAN DROP,393,689,SEM_SUBGRUPO,SEM_SUBGRUPO,True,True,0.1571,,0,,0.0,Sem relação clara,variações parecidas (corr. +0.16),0.0,2026-10-04
Probióticos em Pó - Simfort,VITAFOR,Colágeno - Collagen Protein Hidrolisado,PURAVIDA,361,651,SEM_SUBGRUPO,SEM_SUBGRUPO,True,True,0.1856,,0,,0.0,Sem relação clara,variações parecidas (corr. +0.19),0.0,2026-10-04
Whey Protein Isolado - Sachê,DUX,FreshWhey - Sachê,DUX,1913,1920,SEM_SUBGRUPO,SEM_SUBGRUPO,True,True,0.1635,,0,,0.0,Sem relação clara,variações parecidas (corr. +0.16),0.0,2026-10-04
Whey Protein Concentrado,DUX,Creatina Monohidratada,OCEAN DROP,2,685,SEM_SUBGRUPO,SEM_SUBGRUPO,True,False,0.1595,-0.0401,15,0.2641,1.0,Sem relação clara,"nos picos de um, o outro não caiu; variações parecidas (corr. +0.16); saem juntos 0.3× o esperado",0.0,2026-10-04
Melatonina - Sleepfor,VITAFOR,Creatina - Creafort (Creapure),VITAFOR,409,434,SEM_SUBGRUPO,SEM_SUBGRUPO,True,True,0.0518,,0,,0.0,Sem relação clara,variações independentes (corr. +0.05),0.0,2026-10-04
Super Ômega 3,ESSENTIAL,Proteína - Isocrisp Plant Pouch,VITAFOR,30,905,SEM_SUBGRUPO,SEM_SUBGRUPO,True,True,0.0962,,0,,0.0,Sem relação clara,variações independentes (corr. +0.10),0.0,2026-10-04
Whey,ESSENTIAL,Colágeno - Collagen Protein Hidrolisado Berries Silvestres 450g PURAVIDA,PURAVIDA,41,652,SEM_SUBGRUPO,SEM_SUBGRUPO,True,True,0.0631,,0,,0.0,Sem relação clara,variações independentes (corr. +0.06),0.0,2026-10-04
Termogênico - Lipix6,VITAFOR,Colágeno - Colagentek,VITAFOR,330,442,SEM_SUBGRUPO,SEM_SUBGRUPO,True,True,0.0964,,0,,0.0,Sem relação clara,variações independentes (corr. +0.10),0.0,2026-10-04
Beef Protein,ESSENTIAL,Whey Tech 100%,ATLHETICA NUTRITION,1219,588,SEM_SUBGRUPO,SEM_SUBGRUPO,True,True,0.0225,,0,,0.0,Sem relação clara,variações independentes (corr. +0.02),0.0,2026-10-04
Beta Alanina,VITAFOR,Ômega 3 EPA DHA,VITAFOR,407,72,SEM_SUBGRUPO,SEM_SUBGRUPO,True,False,0.1029,-0.0857,3,0.6042,1.0,Sem relação clara,"nos picos de um, o outro não caiu; variações parecidas (corr. +0.10); saem juntos 0.6× o esperado",0.0,2026-10-04
SuperCoffee Língua de gato - Kopenhagen,CAFFEINE ARMY,Whey Protein Isolado,DUX,1384,941,SEM_SUBGRUPO,SEM_SUBGRUPO,True,False,0.0017,-0.0638,15,,0.0,Sem relação clara,"nos picos de um, o outro não caiu; variações independentes (corr. +0.00)",0.0,2026-10-04
Colágeno - Collagen Renew Hidrolisado,NUTRIFY,Melatonina - Sleepfor,VITAFOR,1093,409,SEM_SUBGRUPO,SEM_SUBGRUPO,True,True,0.0187,,0,,0.0,Sem relação clara,variações independentes (corr. +0.02),0.0,2026-10-04
Melatonina,PURAVIDA,Granola - Zero Açúcar,WS NATURAIS,1067,1143,SEM_SUBGRUPO,SEM_SUBGRUPO,True,True,0.1684,,0,,0.0,Sem relação clara,variações parecidas (corr. +0.17),0.0,2026-10-04
Coenzima Q10 (200mg p/ porção),VITAFOR,Whey Protein Concentrado,DUX,448,939,SEM_SUBGRUPO,SEM_SUBGRUPO,True,False,0.0142,-0.0172,4,,0.0,Sem relação clara,"nos picos de um, o outro não caiu; variações independentes (corr. +0.01)",0.0,2026-10-04
NAC PRO,DUX,Magnésio - Inositol Relief 3.0,TRUE SOURCE,1853,634,SEM_SUBGRUPO,SEM_SUBGRUPO,True,True,0.0076,,0,,0.0,Sem relação clara,variações independentes (corr. +0.01),0.0,2026-10-04
Isofort Plant (Life Vegan),VITAFOR,Prebiótico,OCEAN DROP,428,696,SEM_SUBGRUPO,SEM_SUBGRUPO,True,True,0.0612,,0,,0.0,Sem relação clara,variações independentes (corr. +0.06),0.0,2026-10-04
Coenzima Q10 200mg,LAUTON,Multivitamínico - Vitalift,ESSENTIAL,1408,531,SEM_SUBGRUPO,SEM_SUBGRUPO,True,True,0.175,,0,,0.0,Sem relação clara,variações parecidas (corr. +0.18),0.0,2026-10-04
Proteína Isolada e Hidrolisada - Body Protein,EQUALIV,Colágeno Hidrolisado - Collagen Pro 18g,NUTRIFY,1639,211,SEM_SUBGRUPO,SEM_SUBGRUPO,True,True,0.1029,,0,,0.0,Sem relação clara,variações parecidas (corr. +0.10),0.0,2026-10-04
Whey Isolado - Iso Triple Zero,INTEGRALMEDICA,Whey Protein Isolado,PURAVIDA,1470,50,SEM_SUBGRUPO,SEM_SUBGRUPO,True,True,0.1968,,0,,0.0,Sem relação clara,variações parecidas (corr. +0.20),0.0,2026-10-04
Própolis Verde 70,APIS FLORA,Vitamina - Good Mood,NUTRIFY,1118,616,SEM_SUBGRUPO,SEM_SUBGRUPO,True,True,0.1172,,0,,0.0,Sem relação clara,variações parecidas (corr. +0.12),0.0,2026-10-04
Super Ômega 3,ESSENTIAL,Creatina,ADAPTOGEN,1252,83,SEM_SUBGRUPO,SEM_SUBGRUPO,True,True,0.3292,,0,,0.0,Sem relação clara,variações parecidas (corr. +0.33),0.0,2026-10-04
Refil Whey 100% Pure,INTEGRALMEDICA,Whey Protein Isolado - Isofort,VITAFOR,138,67,SEM_SUBGRUPO,SEM_SUBGRUPO,True,True,0.021,,0,,0.0,Sem relação clara,variações independentes (corr. +0.02),0.0,2026-10-04
Omegafor Plus,VITAFOR,Psyllium,OCEAN DROP,375,704,SEM_SUBGRUPO,SEM_SUBGRUPO,True,True,0.0733,-0.1765,3,1.2458,2.0,Sem relação clara,"nos picos de um, o outro não caiu; variações independentes (corr. +0.07); saem juntos 1.2× o esperado",0.0,2026-10-04
Pré-Treino,OCEAN DROP,Feno Grego,LAUTON,689,952,SEM_SUBGRUPO,SEM_SUBGRUPO,True,True,0.2391,,0,,0.0,Sem relação clara,variações parecidas (corr. +0.24),0.0,2026-10-04
Colágeno - Colagentek Protein - Bodybalance,VITAFOR,Whey Tech 100%,ATLHETICA NUTRITION,439,453,SEM_SUBGRUPO,SEM_SUBGRUPO,True,False,0.1717,-0.2571,3,,0.0,Sem relação clara,"nos picos de um, o outro não caiu; variações parecidas (corr. +0.17)",0.0,2026-10-04
SuperCoffee Língua de gato - Kopenhagen,CAFFEINE ARMY,Omegafor Plus,VITAFOR,1384,69,SEM_SUBGRUPO,SEM_SUBGRUPO,True,False,0.006,-0.0533,10,0.399,1.0,Sem relação clara,"nos picos de um, o outro não caiu; variações independentes (corr. +0.01); saem juntos 0.4× o esperado",0.0,2026-10-04
Omegafor Plus,VITAFOR,Whey Protein Isolado,DUX,375,941,SEM_SUBGRUPO,SEM_SUBGRUPO,True,False,0.0576,-0.1452,5,1.0305,3.0,Sem relação clara,"nos picos de um, o outro não caiu; variações independentes (corr. +0.06); saem juntos 1.0× o esperado",0.0,2026-10-04
Whey Tech 100%,ATLHETICA NUTRITION,Omegafor Plus,VITAFOR,453,69,SEM_SUBGRUPO,SEM_SUBGRUPO,True,False,0.0394,,0,,0.0,Sem relação clara,variações independentes (corr. +0.04),0.0,2026-10-04
Colágeno - Colagentek Protein - Bodybalance,VITAFOR,#Whey Fort 3W,VITAFOR,1451,337,SEM_SUBGRUPO,SEM_SUBGRUPO,True,True,0.3774,,0,,0.0,Sem relação clara,variações parecidas (corr. +0.38),0.0,2026-10-04
Creatina Monohidratada,OCEAN DROP,Whey Protein Concentrado,DUX,685,938,SEM_SUBGRUPO,SEM_SUBGRUPO,True,False,0.2177,-0.2298,19,0.676,5.0,Sem relação clara,"nos picos de um, o outro não caiu; variações parecidas (corr. +0.22); saem juntos 0.7× o esperado",0.0,2026-10-04
Coffee - Brainstorm,ESSENTIAL,Multivitaminico  - Imunomult- 1000mg,VITAFOR,1103,613,SEM_SUBGRUPO,SEM_SUBGRUPO,True,True,0.1711,,0,,0.0,Sem relação clara,variações parecidas (corr. +0.17),0.0,2026-10-04
Ômega 3 - 1360mg,NUTRIFY,Ômega 3 Super DHA - BIG N,PURAVIDA,635,925,SEM_SUBGRUPO,SEM_SUBGRUPO,True,False,0.0579,-0.411,6,,0.0,Sem relação clara,"nos picos de um, o outro não caiu; variações independentes (corr. +0.06)",0.0,2026-10-04
Psyllium,OCEAN DROP,Whey Protein Concentrado,DUX,704,940,SEM_SUBGRUPO,SEM_SUBGRUPO,True,False,0.0589,-0.0902,17,1.1556,4.0,Sem relação clara,"nos picos de um, o outro não caiu; variações independentes (corr. +0.06); saem juntos 1.2× o esperado",0.0,2026-10-04
Simfort fibras,VITAFOR,Ômega -  Mega DHA,VITAFOR,401,75,SEM_SUBGRUPO,SEM_SUBGRUPO,True,True,0.1095,,0,,0.0,Sem relação clara,variações parecidas (corr. +0.11),0.0,2026-10-04
Whey Tech 100%,ATLHETICA NUTRITION,Pré-Treino,OCEAN DROP,454,689,SEM_SUBGRUPO,SEM_SUBGRUPO,True,True,0.0411,,0,,0.0,Sem relação clara,variações independentes (corr. +0.04),0.0,2026-10-04
Fresh Whey,DUX,BT Nitrato 400,DOBRO,1342,480,SEM_SUBGRUPO,SEM_SUBGRUPO,True,True,0.18,,0,,0.0,Sem relação clara,variações parecidas (corr. +0.18),0.0,2026-10-04
Ômega 3,TRUE SOURCE,Magnésio - Inositol Relief 3.0,TRUE SOURCE,1499,634,SEM_SUBGRUPO,SEM_SUBGRUPO,True,True,0.0231,,0,,0.0,Sem relação clara,variações independentes (corr. +0.02),0.0,2026-10-04
Colágeno - Collagen Renew Hidrolisado,NUTRIFY,Glutamina - Glutamax,VITAFOR,207,406,SEM_SUBGRUPO,SEM_SUBGRUPO,True,True,0.0913,,0,,0.0,Sem relação clara,variações independentes (corr. +0.09),0.0,2026-10-04
Whey Protein Concentrado,DUX,Glutamina,DUX,2,474,SEM_SUBGRUPO,SEM_SUBGRUPO,True,False,0.1197,,0,,0.0,Sem relação clara,variações parecidas (corr. +0.12),0.0,2026-10-04
Suplemento Alimentar - L-teanina - Happy Theanine,ESSENTIAL,SuperCoffee,CAFFEINE ARMY,1108,1810,SEM_SUBGRUPO,SEM_SUBGRUPO,True,True,0.0894,,0,,0.0,Sem relação clara,variações independentes (corr. +0.09),0.0,2026-10-04
Pasta de Amendoim,DR. PEANUT,Suplemento Alimentar - Pura Fiber,PURAVIDA,1020,1056,SEM_SUBGRUPO,SEM_SUBGRUPO,True,True,0.4078,,0,,0.0,Sem relação clara,variações parecidas (corr. +0.41),0.0,2026-10-04
Whey Fort 3W,VITAFOR,Feno Grego + Boro 500mg,OCEAN DROP,342,699,SEM_SUBGRUPO,SEM_SUBGRUPO,True,True,0.1443,,0,,0.0,Sem relação clara,variações parecidas (corr. +0.14),0.0,2026-10-04
Colágeno - Collagen Renew Hidrolisado,NUTRIFY,Feno Grego,LAUTON,1096,952,SEM_SUBGRUPO,SEM_SUBGRUPO,True,True,0.1001,,0,,0.0,Sem relação clara,variações parecidas (corr. +0.10),0.0,2026-10-04
Probiótico - Simfort Plus,VITAFOR,Whey Protein Concentrado Cappuccino 900g DUX,DUX,360,937,SEM_SUBGRUPO,SEM_SUBGRUPO,True,True,0.0178,,0,,0.0,Sem relação clara,variações independentes (corr. +0.02),0.0,2026-10-04
Omegafor Plus,VITAFOR,Whey Protein Isolado,DUX,375,5,SEM_SUBGRUPO,SEM_SUBGRUPO,True,True,0.1206,,0,,0.0,Sem relação clara,variações parecidas (corr. +0.12),0.0,2026-10-04
Ômega 3 - EPA DHA - 1000mg,EQUALIV,Ômega 3 Super DHA - BIG N,PURAVIDA,1215,925,SEM_SUBGRUPO,SEM_SUBGRUPO,True,False,0.0993,-0.1098,11,,0.0,Sem relação clara,"nos picos de um, o outro não caiu; variações independentes (corr. +0.10)",0.0,2026-10-04
Probiótico - Simfort Plus,VITAFOR,Creatina Monohidratada,DUX,402,486,SEM_SUBGRUPO,SEM_SUBGRUPO,True,False,0.2228,-0.0525,16,0.8103,7.0,Sem relação clara,"nos picos de um, o outro não caiu; variações parecidas (corr. +0.22); saem juntos 0.8× o esperado",0.0,2026-10-04
Vitamina D3,OCEAN DROP,Ômega -  Mega DHA,VITAFOR,1265,75,SEM_SUBGRUPO,SEM_SUBGRUPO,True,True,0.0761,,0,,0.0,Sem relação clara,variações independentes (corr. +0.08),0.0,2026-10-04
Fresh Whey,DUX,SuperCoffee,CAFFEINE ARMY,1342,1383,SEM_SUBGRUPO,SEM_SUBGRUPO,True,True,0.1313,,0,,0.0,Sem relação clara,variações parecidas (corr. +0.13),0.0,2026-10-04
Suplemento Alimentar - Pura Fiber,PURAVIDA,Colágeno - Collagen Protein Hidrolisado,PURAVIDA,1056,659,SEM_SUBGRUPO,SEM_SUBGRUPO,True,True,0.0656,,0,,0.0,Sem relação clara,variações independentes (corr. +0.07),0.0,2026-10-04
Proteína Isolada e Hidrolisada - Body Protein,EQUALIV,Morning Shot - Imunidade,SUBLYME,1639,782,SEM_SUBGRUPO,SEM_SUBGRUPO,True,True,0.1484,,0,,0.0,Sem relação clara,variações parecidas (corr. +0.15),0.0,2026-10-04
Suplemento de Magnésio - Blue Calm,PURAVIDA,Barra Chocolate 70%,ZEROMILK,550,754,SEM_SUBGRUPO,SEM_SUBGRUPO,True,True,0.3485,,0,,0.0,Sem relação clara,variações parecidas (corr. +0.35),0.0,2026-10-04
Whey Concentrado - W100,NUTRATA,Vitamina D3 + K2,VITAFOR,1486,908,SEM_SUBGRUPO,SEM_SUBGRUPO,True,True,0.09,,0,,0.0,Sem relação clara,variações independentes (corr. +0.09),0.0,2026-10-04
Whey,ESSENTIAL,L-Carnitina 530mg,VITAFOR,35,386,SEM_SUBGRUPO,SEM_SUBGRUPO,True,True,0.1839,,0,,0.0,Sem relação clara,variações parecidas (corr. +0.18),0.0,2026-10-04
Proteína Vegana - Immuno Veggie,ESSENTIAL,BT Nitrato 400,DOBRO,39,481,SEM_SUBGRUPO,SEM_SUBGRUPO,True,True,0.0592,,0,,0.0,Sem relação clara,variações independentes (corr. +0.06),0.0,2026-10-04
Vitamina D - Vita D3,VITAFOR,Creatina Monohidratada,OCEAN DROP,395,685,SEM_SUBGRUPO,SEM_SUBGRUPO,True,False,0.1005,-0.0458,15,,0.0,Sem relação clara,"nos picos de um, o outro não caiu; variações parecidas (corr. +0.10)",0.0,2026-10-04
Omegafor Plus,VITAFOR,Omegafor Plus,VITAFOR,375,69,SEM_SUBGRUPO,SEM_SUBGRUPO,True,True,0.0287,,0,0.542,1.0,Sem relação clara,variações independentes (corr. +0.03); saem juntos 0.5× o esperado,0.0,2026-10-04
Cúrcuma Plus,VITAFOR,Whey Tech 100%,ATLHETICA NUTRITION,433,453,SEM_SUBGRUPO,SEM_SUBGRUPO,True,False,0.0842,-0.0091,8,0.9132,2.0,Sem relação clara,"nos picos de um, o outro não caiu; variações independentes (corr. +0.08); saem juntos 0.9× o esperado",0.0,2026-10-04
Pré-Treino,OCEAN DROP,Suplemento Alimentar - Slim Body 400mg,OCEAN DROP,689,715,SEM_SUBGRUPO,SEM_SUBGRUPO,True,True,0.2246,,0,,0.0,Sem relação clara,variações parecidas (corr. +0.22),0.0,2026-10-04
Suplemento de Magnésio - Blue Calm,PURAVIDA,Colágeno Hidrolisado - Collagen Pro 18g,NUTRIFY,1475,208,SEM_SUBGRUPO,SEM_SUBGRUPO,True,True,0.1161,,0,,0.0,Sem relação clara,variações parecidas (corr. +0.12),0.0,2026-10-04
Colágeno - Collagen Protein Hidrolisado,PURAVIDA,Whey - Isocrisp Pouch,VITAFOR,659,906,SEM_SUBGRUPO,SEM_SUBGRUPO,True,True,0.1381,,0,,0.0,Sem relação clara,variações parecidas (corr. +0.14),0.0,2026-10-04
Colágeno - Collagen Essential Protein,ESSENTIAL,Whey Fort 3W,VITAFOR,1051,332,SEM_SUBGRUPO,SEM_SUBGRUPO,True,True,0.1831,,0,,0.0,Sem relação clara,variações parecidas (corr. +0.18),0.0,2026-10-04
Próbiotico - Purabiotics,PURAVIDA,#Whey Fort 3W,VITAFOR,220,337,SEM_SUBGRUPO,SEM_SUBGRUPO,True,True,0.1069,,0,,0.0,Sem relação clara,variações parecidas (corr. +0.11),0.0,2026-10-04
Whey Protein Isolado,DUX,Coenzima Q10 - 100mg,CENTRAL NUTRITION,1725,366,SEM_SUBGRUPO,SEM_SUBGRUPO,True,True,0.2192,,0,,0.0,Sem relação clara,variações parecidas (corr. +0.22),0.0,2026-10-04
Vitamina B9 - Ácido Fólico,PURAVIDA,Achocolatado - Choco Family - Refil,VITAFOR,1237,528,SEM_SUBGRUPO,SEM_SUBGRUPO,True,True,0.0816,,0,,0.0,Sem relação clara,variações independentes (corr. +0.08),0.0,2026-10-04
Cálcio de Algas 1000mg,OCEAN DROP,Suplemento Alimentar - Alpha Mater,PURAVIDA,679,932,SEM_SUBGRUPO,SEM_SUBGRUPO,True,True,0.0551,,0,,0.0,Sem relação clara,variações independentes (corr. +0.06),0.0,2026-10-04
Colágeno - Colagentek Protein - Bodybalance,VITAFOR,Whey Fort 3W,VITAFOR,1451,342,SEM_SUBGRUPO,SEM_SUBGRUPO,True,True,0.1143,,0,,0.0,Sem relação clara,variações parecidas (corr. +0.11),0.0,2026-10-04
Probióticos em Pó - Simfort,VITAFOR,Termogênico - Termo Plus,VITAFOR,361,902,SEM_SUBGRUPO,SEM_SUBGRUPO,True,True,0.2183,,0,,0.0,Sem relação clara,variações parecidas (corr. +0.22),0.0,2026-10-04
Nitro 400,PLANT POWER,Magnésio Plus 900mg,OCEAN DROP,1063,692,SEM_SUBGRUPO,SEM_SUBGRUPO,True,True,0.309,,0,,0.0,Sem relação clara,variações parecidas (corr. +0.31),0.0,2026-10-04
Sleep,KOALA,Proteína Isolada e Hidrolisada - Body Protein,EQUALIV,1128,520,SEM_SUBGRUPO,SEM_SUBGRUPO,True,True,0.0003,,0,,0.0,Sem relação clara,variações independentes (corr. +0.00),0.0,2026-10-04
Refil Whey Concentrado Havanna - W100,NUTRATA,Termogênico - Termo Plus,VITAFOR,1159,902,SEM_SUBGRUPO,SEM_SUBGRUPO,True,True,0.0333,,0,,0.0,Sem relação clara,variações independentes (corr. +0.03),0.0,2026-10-04
Simfort fibras,VITAFOR,Psyllium,OCEAN DROP,401,704,SEM_SUBGRUPO,SEM_SUBGRUPO,True,True,0.1173,-0.0833,4,,0.0,Sem relação clara,"nos picos de um, o outro não caiu; variações parecidas (corr. +0.12)",0.0,2026-10-04
Beef Protein,ESSENTIAL,Ômega 3  - 1360mg,NUTRIFY,1060,1660,SEM_SUBGRUPO,SEM_SUBGRUPO,True,True,0.2026,,0,,0.0,Sem relação clara,variações parecidas (corr. +0.20),0.0,2026-10-04
Ômega Core,ESSENTIAL,Tasty Whey 3W Gourmet,ADAPTOGEN,1011,1670,SEM_SUBGRUPO,SEM_SUBGRUPO,True,True,0.1164,,0,,0.0,Sem relação clara,variações parecidas (corr. +0.12),0.0,2026-10-04
Probióticos em Pó - Simfort,VITAFOR,Suplemento Alimentar - Green Shot,OCEAN DROP,365,712,SEM_SUBGRUPO,SEM_SUBGRUPO,True,True,0.0171,,0,,0.0,Sem relação clara,variações independentes (corr. +0.02),0.0,2026-10-04
Refil Whey Protein Concentrado,VITAFOR,Multivitamínico - Vitalift,ESSENTIAL,1673,531,SEM_SUBGRUPO,SEM_SUBGRUPO,True,True,0.0186,,0,,0.0,Sem relação clara,variações independentes (corr. +0.02),0.0,2026-10-04
Probiótico - Simfort Plus,VITAFOR,Melatonina - Sleepfor,VITAFOR,402,409,SEM_SUBGRUPO,SEM_SUBGRUPO,True,True,0.0582,,0,,0.0,Sem relação clara,variações independentes (corr. +0.06),0.0,2026-10-04
Suplemento Alimentar - Pura Fiber,PURAVIDA,Whey Isolado - Iso Triple Zero,INTEGRALMEDICA,1056,946,SEM_SUBGRUPO,SEM_SUBGRUPO,True,True,0.1823,,0,,0.0,Sem relação clara,variações parecidas (corr. +0.18),0.0,2026-10-04
Whey Tech 100%,ATLHETICA NUTRITION,Suplemento Alimentar - Slim Body 400mg,OCEAN DROP,454,715,SEM_SUBGRUPO,SEM_SUBGRUPO,True,True,0.2384,,0,,0.0,Sem relação clara,variações parecidas (corr. +0.24),0.0,2026-10-04
Colágeno - Colagentek Protein - Bodybalance,VITAFOR,Feno Grego,LAUTON,1451,952,SEM_SUBGRUPO,SEM_SUBGRUPO,True,True,0.0818,,0,,0.0,Sem relação clara,variações independentes (corr. +0.08),0.0,2026-10-04
Ômega 3 - Omegafor Memory,VITAFOR,Ômega - Mega DHA,VITAFOR,394,76,SEM_SUBGRUPO,SEM_SUBGRUPO,True,True,0.1474,,0,,0.0,Sem relação clara,variações parecidas (corr. +0.15),0.0,2026-10-04
Expresso Whey - Sachê,ESSENTIAL,Chocolate 70% Cacau,ONLY4,1930,753,SEM_SUBGRUPO,SEM_SUBGRUPO,True,True,0.1081,,0,,0.0,Sem relação clara,variações parecidas (corr. +0.11),0.0,2026-10-04
Coenzima Q10 - 200mg,CENTRAL NUTRITION,Multivitaminico - Imunomult- 1000mg,VITAFOR,369,424,SEM_SUBGRUPO,SEM_SUBGRUPO,True,True,0.117,,0,,0.0,Sem relação clara,variações parecidas (corr. +0.12),0.0,2026-10-04
Whey 3W,MAX TITANIUM,Suplemento Alimentar - Alpha Inflaminus,PURAVIDA,1001,1274,SEM_SUBGRUPO,SEM_SUBGRUPO,True,True,0.0701,,0,,0.0,Sem relação clara,variações independentes (corr. +0.07),0.0,2026-10-04
Vitamina C3 - 1000mg,VITAFOR,Magnésio Quelato - Bio Mag,PURAVIDA,348,620,SEM_SUBGRUPO,SEM_SUBGRUPO,True,True,0.2141,,0,,0.0,Sem relação clara,variações parecidas (corr. +0.21),0.0,2026-10-04
Creatina Monohidratada - Creatine,VITAFOR,Whey Protein Concentrado,DUX,71,936,SEM_SUBGRUPO,SEM_SUBGRUPO,True,False,0.028,-0.2669,24,0.61,6.0,Sem relação clara,"nos picos de um, o outro não caiu; variações independentes (corr. +0.03); saem juntos 0.6× o esperado",0.0,2026-10-04
Sleep,KOALA,Colágeno - Collagen Protein Hidrolisado Berries Silvestres 450g PURAVIDA,PURAVIDA,1128,652,SEM_SUBGRUPO,SEM_SUBGRUPO,True,True,0.0788,,0,,0.0,Sem relação clara,variações independentes (corr. +0.08),0.0,2026-10-04
Whey,ESSENTIAL,Whey Protein Isolado - Isofort,VITAFOR,41,73,SEM_SUBGRUPO,SEM_SUBGRUPO,True,True,0.1299,,0,,0.0,Sem relação clara,variações parecidas (corr. +0.13),0.0,2026-10-04
Vitamina D - Vita D3,VITAFOR,Ômega 3 EPA DHA,VITAFOR,395,77,SEM_SUBGRUPO,SEM_SUBGRUPO,True,False,0.1288,-0.1935,4,,0.0,Sem relação clara,"nos picos de um, o outro não caiu; variações parecidas (corr. +0.13)",0.0,2026-10-04
Refil Whey Concentrado - W100,NUTRATA,Colágeno - Collagen Renew Hidrolisado,NUTRIFY,1158,206,SEM_SUBGRUPO,SEM_SUBGRUPO,True,True,0.2111,,0,,0.0,Sem relação clara,variações parecidas (corr. +0.21),0.0,2026-10-04
Simfort fibras,VITAFOR,Ferro Quelato + Vitamina C,OCEAN DROP,401,697,SEM_SUBGRUPO,SEM_SUBGRUPO,True,True,0.0415,,0,,0.0,Sem relação clara,variações independentes (corr. +0.04),0.0,2026-10-04
SuperCoffee,CAFFEINE ARMY,Ultracoffee - Vegano,PLANT POWER,463,538,SEM_SUBGRUPO,SEM_SUBGRUPO,True,True,0.1256,,0,,0.0,Sem relação clara,variações parecidas (corr. +0.13),0.0,2026-10-04
Gold Whey Concentrado Refil,ADAPTOGEN,Whey,ESSENTIAL,115,35,SEM_SUBGRUPO,SEM_SUBGRUPO,True,True,0.1836,,0,,0.0,Sem relação clara,variações parecidas (corr. +0.18),0.0,2026-10-04
Colágeno - Collagen Essential Protein,ESSENTIAL,Tasty Whey 3W Gourmet,ADAPTOGEN,1049,109,SEM_SUBGRUPO,SEM_SUBGRUPO,True,True,0.0242,,0,,0.0,Sem relação clara,variações independentes (corr. +0.02),0.0,2026-10-04
Bio Ferro,PURAVIDA,Trio Magnésio 720mg,OCEAN DROP,1069,711,SEM_SUBGRUPO,SEM_SUBGRUPO,True,False,0.0043,-0.0417,6,,0.0,Sem relação clara,"nos picos de um, o outro não caiu; variações independentes (corr. +0.00)",0.0,2026-10-04
Colágeno - Collagen Pro - Body Suport,PURAVIDA,Whey Isolado e Hidrolisado - H.I Whey,ESSENTIAL,1026,37,SEM_SUBGRUPO,SEM_SUBGRUPO,True,True,0.0205,,0,,0.0,Sem relação clara,variações independentes (corr. +0.02),0.0,2026-10-04
Whey Protein Concentrado,DUX,Colágeno Hidrolisado - Collagen Pro 18g,NUTRIFY,2,209,SEM_SUBGRUPO,SEM_SUBGRUPO,True,True,0.0648,,0,,0.0,Sem relação clara,variações independentes (corr. +0.06),0.0,2026-10-04
Tasty Whey 3W Gourmet,ADAPTOGEN,BT Nitrato 400,DOBRO,102,481,SEM_SUBGRUPO,SEM_SUBGRUPO,True,True,0.2109,,0,,0.0,Sem relação clara,variações parecidas (corr. +0.21),0.0,2026-10-04
Vitamina D3,ESSENTIAL,Whey Protein Isolado - Sachê,DUX,1242,1913,SEM_SUBGRUPO,SEM_SUBGRUPO,True,True,0.008,,0,,0.0,Sem relação clara,variações independentes (corr. +0.01),0.0,2026-10-04
Bom Ciclo,CENTRAL NUTRITION,Cranberry - She She Comfort,OCEAN DROP,336,680,SEM_SUBGRUPO,SEM_SUBGRUPO,True,True,0.0451,,0,,0.0,Sem relação clara,variações independentes (corr. +0.05),0.0,2026-10-04
Vitamina D - Vita D3,VITAFOR,Whey Protein Concentrado,DUX,397,939,SEM_SUBGRUPO,SEM_SUBGRUPO,True,False,0.3462,-0.1634,14,,0.0,Sem relação clara,"nos picos de um, o outro não caiu; variações parecidas (corr. +0.35)",0.0,2026-10-04
SuperCoffee,CAFFEINE ARMY,Fresh Whey,DUX,457,861,SEM_SUBGRUPO,SEM_SUBGRUPO,True,True,0.1352,,0,,0.0,Sem relação clara,variações parecidas (corr. +0.14),0.0,2026-10-04
Omegafor Plus,VITAFOR,Whey Protein Isolado,DUX,69,943,SEM_SUBGRUPO,SEM_SUBGRUPO,True,False,0.169,-0.2903,3,1.3207,2.0,Sem relação clara,"nos picos de um, o outro não caiu; variações parecidas (corr. +0.17); saem juntos 1.3× o esperado",0.0,2026-10-04
Suplemento Alimentar - True Nac,TRUE SOURCE,Vitamina D3 - 2000 Ui,LAUTON,1111,794,SEM_SUBGRUPO,SEM_SUBGRUPO,True,True,0.1438,,0,,0.0,Sem relação clara,variações parecidas (corr. +0.14),0.0,2026-10-04
Colágeno - Collagen Pro - Body Suport,PURAVIDA,Whey Tech 100%,ATLHETICA NUTRITION,1026,454,SEM_SUBGRUPO,SEM_SUBGRUPO,True,True,0.2431,,0,,0.0,Sem relação clara,variações parecidas (corr. +0.24),0.0,2026-10-04
Refil Whey Concentrado - W100,NUTRATA,Vitamina D3,OCEAN DROP,1157,1265,SEM_SUBGRUPO,SEM_SUBGRUPO,True,True,0.0029,,0,,0.0,Sem relação clara,variações independentes (corr. +0.00),0.0,2026-10-04
Whey Protein Concentrado - Sachê,MAIS MU,Whey 3W -  Sachê,BOLD,1939,1941,SEM_SUBGRUPO,SEM_SUBGRUPO,True,True,0.1355,,0,,0.0,Sem relação clara,variações parecidas (corr. +0.14),0.0,2026-10-04
True Cúrcuma,TRUE SOURCE,Ômega 3,TRUE SOURCE,1045,1498,SEM_SUBGRUPO,SEM_SUBGRUPO,True,True,0.1268,,0,,0.0,Sem relação clara,variações parecidas (corr. +0.13),0.0,2026-10-04
Cafeína,DUX,Colágeno - Colagentek,VITAFOR,1091,443,SEM_SUBGRUPO,SEM_SUBGRUPO,True,True,0.1662,,0,,0.0,Sem relação clara,variações parecidas (corr. +0.17),0.0,2026-10-04
Ômega 3 - Ultra Caps 1000mg,EQUALIV,Probiótico - Simfort Plus,VITAFOR,1212,402,SEM_SUBGRUPO,SEM_SUBGRUPO,True,True,0.0206,,0,,0.0,Sem relação clara,variações independentes (corr. +0.02),0.0,2026-10-04
Ômega 3  - 1360mg,NUTRIFY,Colágeno Hidrolisado - Collagen Pro 18g,NUTRIFY,1660,209,SEM_SUBGRUPO,SEM_SUBGRUPO,True,True,0.0075,,0,,0.0,Sem relação clara,variações independentes (corr. +0.01),0.0,2026-10-04
Morning Shot - Imunidade,SUBLYME,Whey Protein Concentrado,DUX,781,939,SEM_SUBGRUPO,SEM_SUBGRUPO,True,True,0.0319,,0,,0.0,Sem relação clara,variações independentes (corr. +0.03),0.0,2026-10-04
Coenzima Q10,YOSEN,Whey Protein - Isofort Beauty,VITAFOR,1129,1199,SEM_SUBGRUPO,SEM_SUBGRUPO,True,True,0.1257,,0,,0.0,Sem relação clara,variações parecidas (corr. +0.13),0.0,2026-10-04
Colágeno - Collagen Essential Protein,ESSENTIAL,Whey hidrolisado e isolado,TRUE SOURCE,1048,84,SEM_SUBGRUPO,SEM_SUBGRUPO,True,True,0.3497,,0,,0.0,Sem relação clara,variações parecidas (corr. +0.35),0.0,2026-10-04
Creatina,ALLMAX,Creatina,INTEGRALMEDICA,599,783,SEM_SUBGRUPO,SEM_SUBGRUPO,True,True,0.1329,,0,,0.0,Sem relação clara,variações parecidas (corr. +0.13),0.0,2026-10-04
Creatina 100%,NUTRIFY,Vitamina D - Vita D3 + C + Zinco,VITAFOR,1097,399,SEM_SUBGRUPO,SEM_SUBGRUPO,True,False,0.0208,-0.4286,3,,0.0,Sem relação clara,"nos picos de um, o outro não caiu; variações independentes (corr. +0.02)",0.0,2026-10-04
Creatina - Creafort (Creapure),VITAFOR,Creatina Monohidratada,DUX,434,486,SEM_SUBGRUPO,SEM_SUBGRUPO,True,False,0.0155,-0.165,22,0.0608,1.0,Sem relação clara,"nos picos de um, o outro não caiu; variações independentes (corr. +0.02); saem juntos 0.1× o esperado",0.0,2026-10-04
Termogênico - Lipix6,VITAFOR,Suplemento Alimentar - Alpha Mater,PURAVIDA,330,932,SEM_SUBGRUPO,SEM_SUBGRUPO,True,True,0.0784,,0,,0.0,Sem relação clara,variações independentes (corr. +0.08),0.0,2026-10-04
Omegafor Family - Ômega 3,VITAFOR,Coenzima Q10,PURAVIDA,1247,623,SEM_SUBGRUPO,SEM_SUBGRUPO,True,True,0.0836,,0,,0.0,Sem relação clara,variações independentes (corr. +0.08),0.0,2026-10-04
Própolis Líquido - Gotas,VITAFOR,Bio Cálcio  60 caps PURAVIDA,PURAVIDA,412,917,SEM_SUBGRUPO,SEM_SUBGRUPO,True,True,0.0845,,0,,0.0,Sem relação clara,variações independentes (corr. +0.08),0.0,2026-10-04
Probiótico - Simfort Plus,VITAFOR,"Vitaminas A, E, D e K2- RESTAURE® - Gotas",CENTRAL NUTRITION,360,363,SEM_SUBGRUPO,SEM_SUBGRUPO,True,True,0.1167,,0,1.0326,1.0,Sem relação clara,variações parecidas (corr. +0.12); saem juntos 1.0× o esperado,0.0,2026-10-04
Whey Protein Concentrado,DUX,Coenzima Q10 + Ômega 3 + Vitamina E,ESSENTIAL,2,534,SEM_SUBGRUPO,SEM_SUBGRUPO,True,False,0.0298,-0.1364,6,,0.0,Sem relação clara,"nos picos de um, o outro não caiu; variações independentes (corr. +0.03)",0.0,2026-10-04
SuperCoffee,CAFFEINE ARMY,Proteína Isolada e Hidrolisada - Body Protein,EQUALIV,1292,520,SEM_SUBGRUPO,SEM_SUBGRUPO,True,True,0.0448,,0,,0.0,Sem relação clara,variações independentes (corr. +0.04),0.0,2026-10-04
Própolis Alcoólico,APIS FLORA,Barrinha - Body Protein,EQUALIV,1120,1577,SEM_SUBGRUPO,SEM_SUBGRUPO,True,True,0.0805,,0,,0.0,Sem relação clara,variações independentes (corr. +0.08),0.0,2026-10-04
Whey Protein Isolado - Sachê,DUX,Tablete de Doce,FLORMEL,1910,837,SEM_SUBGRUPO,SEM_SUBGRUPO,True,True,0.0897,,0,,0.0,Sem relação clara,variações independentes (corr. +0.09),0.0,2026-10-04
Tasty Whey 3W Gourmet,ADAPTOGEN,Aminoácidos - Aminolift,ESSENTIAL,102,1105,SEM_SUBGRUPO,SEM_SUBGRUPO,True,True,0.1334,,0,,0.0,Sem relação clara,variações parecidas (corr. +0.13),0.0,2026-10-04
Creatina - Creafort (Creapure),VITAFOR,Whey Protein Isolado,DUX,434,943,SEM_SUBGRUPO,SEM_SUBGRUPO,True,False,0.0353,-0.1694,9,1.2791,4.0,Sem relação clara,"nos picos de um, o outro não caiu; variações independentes (corr. +0.04); saem juntos 1.3× o esperado",0.0,2026-10-04
Omegafor Plus,VITAFOR,Whey Protein Concentrado,DUX,375,940,SEM_SUBGRUPO,SEM_SUBGRUPO,True,False,0.0479,-0.0099,14,,0.0,Sem relação clara,"nos picos de um, o outro não caiu; variações independentes (corr. +0.05)",0.0,2026-10-04
Whey Protein Isolado - Sachê,DUX,FreshWhey - Sachê,DUX,1911,1920,SEM_SUBGRUPO,SEM_SUBGRUPO,True,True,0.1132,,0,,0.0,Sem relação clara,variações parecidas (corr. +0.11),0.0,2026-10-04
Super Ômega 3,ESSENTIAL,Colágeno - Colagentek Protein - Bodybalance,VITAFOR,1252,390,SEM_SUBGRUPO,SEM_SUBGRUPO,True,True,0.1282,,0,,0.0,Sem relação clara,variações parecidas (corr. +0.13),0.0,2026-10-04
Suplemento Alimentar - L-teanina - Happy Theanine,ESSENTIAL,Própolis - Green Própolis,NUTRIFY,1108,1326,SEM_SUBGRUPO,SEM_SUBGRUPO,True,True,0.1014,,0,,0.0,Sem relação clara,variações parecidas (corr. +0.10),0.0,2026-10-04
Pasta de Amendoim,DR. PEANUT,Ômega 3 Fosfatix,PURAVIDA,1020,52,SEM_SUBGRUPO,SEM_SUBGRUPO,True,True,0.1592,,0,,0.0,Sem relação clara,variações parecidas (corr. +0.16),0.0,2026-10-04
Whey - Immuno Golden,ESSENTIAL,Whey Protein Isolado - Tasty Iso,ADAPTOGEN,1099,1333,SEM_SUBGRUPO,SEM_SUBGRUPO,True,True,0.0956,,0,,0.0,Sem relação clara,variações independentes (corr. +0.10),0.0,2026-10-04
Creatina Monohidratada,ATLHETICA NUTRITION,Creatina Monohidratada,DUX,141,486,SEM_SUBGRUPO,SEM_SUBGRUPO,True,False,0.1703,-0.2057,22,0.0908,1.0,Sem relação clara,"nos picos de um, o outro não caiu; variações parecidas (corr. +0.17); saem juntos 0.1× o esperado",0.0,2026-10-04
Creatina Monohidratada,DUX,Creatina Monohidratada - Creatine,VITAFOR,486,71,SEM_SUBGRUPO,SEM_SUBGRUPO,True,False,0.0506,-0.4545,26,0.057,1.0,Sem relação clara,"nos picos de um, o outro não caiu; variações independentes (corr. +0.05); saem juntos 0.1× o esperado",0.0,2026-10-04
Super Ômega 3,ESSENTIAL,Fresh Whey,DUX,32,858,SEM_SUBGRUPO,SEM_SUBGRUPO,True,True,0.407,,0,,0.0,Sem relação clara,variações parecidas (corr. +0.41),0.0,2026-10-04
Coenzima Q10 200mg,LAUTON,Suplemento para Imunidade - Immune Up 100%,NUTRIFY,1408,219,SEM_SUBGRUPO,SEM_SUBGRUPO,True,True,0.0696,,0,,0.0,Sem relação clara,variações independentes (corr. +0.07),0.0,2026-10-04
Suplemento de Magnésio - Blue Calm,PURAVIDA,Pré-Treino,DUX,1475,1560,SEM_SUBGRUPO,SEM_SUBGRUPO,True,True,0.2164,,0,,0.0,Sem relação clara,variações parecidas (corr. +0.22),0.0,2026-10-04
Colágeno Hidrolisado - Collagen Pro 18g,NUTRIFY,Ômega - Mega DHA,VITAFOR,209,76,SEM_SUBGRUPO,SEM_SUBGRUPO,True,True,0.1187,,0,,0.0,Sem relação clara,variações parecidas (corr. +0.12),0.0,2026-10-04
Whey Tech 100%,ATLHETICA NUTRITION,Creatina Monohidratada - Creatine,VITAFOR,453,71,SEM_SUBGRUPO,SEM_SUBGRUPO,True,False,0.1086,-0.0735,10,1.3522,4.0,Sem relação clara,"nos picos de um, o outro não caiu; variações parecidas (corr. +0.11); saem juntos 1.4× o esperado",0.0,2026-10-04
Glutamina - Glutamax,VITAFOR,Cúrcuma Plus,VITAFOR,406,416,SEM_SUBGRUPO,SEM_SUBGRUPO,True,True,0.0842,,0,,0.0,Sem relação clara,variações independentes (corr. +0.08),0.0,2026-10-04
Bio Ferro,PURAVIDA,Coenzima Q10 (200mg p/ porção),VITAFOR,1069,448,SEM_SUBGRUPO,SEM_SUBGRUPO,True,False,0.0151,,0,,0.0,Sem relação clara,variações independentes (corr. +0.02),0.0,2026-10-04
100% Whey Protein - Flavour,ATLHETICA NUTRITION,Ultracoffee - Vegano,PLANT POWER,144,538,SEM_SUBGRUPO,SEM_SUBGRUPO,True,True,0.3303,,0,,0.0,Sem relação clara,variações parecidas (corr. +0.33),0.0,2026-10-04
Colágeno - Collagen Protein Hidrolisado,PURAVIDA,Ômega 3 Super DHA - BIG N,PURAVIDA,659,925,SEM_SUBGRUPO,SEM_SUBGRUPO,True,True,0.1058,,0,,0.0,Sem relação clara,variações parecidas (corr. +0.11),0.0,2026-10-04
Whey,ESSENTIAL,Fresh Whey,DUX,33,858,SEM_SUBGRUPO,SEM_SUBGRUPO,True,True,0.3715,,0,,0.0,Sem relação clara,variações parecidas (corr. +0.37),0.0,2026-10-04
Suplemento de Magnésio - Blue Calm,PURAVIDA,Aminoácido - Aminovita,VITAFOR,1239,381,SEM_SUBGRUPO,SEM_SUBGRUPO,True,True,0.1729,,0,,0.0,Sem relação clara,variações parecidas (corr. +0.17),0.0,2026-10-04
Gold Whey Concentrado Refil,ADAPTOGEN,Ultracoffee - Vegano,PLANT POWER,115,538,SEM_SUBGRUPO,SEM_SUBGRUPO,True,True,0.1466,,0,,0.0,Sem relação clara,variações parecidas (corr. +0.15),0.0,2026-10-04
Creatina 100%,NUTRIFY,Whey Protein Concentrado,DUX,1097,938,SEM_SUBGRUPO,SEM_SUBGRUPO,True,False,0.108,-0.2,4,0.5408,1.0,Sem relação clara,"nos picos de um, o outro não caiu; variações parecidas (corr. +0.11); saem juntos 0.5× o esperado",0.0,2026-10-04
Colágeno Hidrolisado - Collagen Pro 18g,NUTRIFY,Whey Protein Concentrado,DUX,211,3,SEM_SUBGRUPO,SEM_SUBGRUPO,True,True,0.0901,,0,,0.0,Sem relação clara,variações independentes (corr. +0.09),0.0,2026-10-04
Whey 3W -  Sachê,BOLD,Gel Nitrato,DOBRO,1941,988,SEM_SUBGRUPO,SEM_SUBGRUPO,True,True,0.103,,0,,0.0,Sem relação clara,variações parecidas (corr. +0.10),0.0,2026-10-04
Pré-Treino,OCEAN DROP,Suplemento Alimentar - Green Shot,OCEAN DROP,689,712,SEM_SUBGRUPO,SEM_SUBGRUPO,True,True,0.053,,0,,0.0,Sem relação clara,variações independentes (corr. +0.05),0.0,2026-10-04
Vitamina D3,OCEAN DROP,Glutamina em Pó,PURAVIDA,1265,647,SEM_SUBGRUPO,SEM_SUBGRUPO,True,True,0.1291,,0,,0.0,Sem relação clara,variações parecidas (corr. +0.13),0.0,2026-10-04
True Cúrcuma,TRUE SOURCE,Vitamina D - Vita D3 + C + Zinco,VITAFOR,1045,400,SEM_SUBGRUPO,SEM_SUBGRUPO,True,True,0.0479,,0,,0.0,Sem relação clara,variações independentes (corr. +0.05),0.0,2026-10-04
Aminoácidos - Aminnu EAAs - Sem Xilitol,CENTRAL NUTRITION,Proteína Isolada e Hidrolisada - Body Protein,EQUALIV,1456,522,SEM_SUBGRUPO,SEM_SUBGRUPO,True,True,0.1062,,0,,0.0,Sem relação clara,variações parecidas (corr. +0.11),0.0,2026-10-04
Ômega 3 EPA DHA,VITAFOR,Fresh Whey,DUX,72,861,SEM_SUBGRUPO,SEM_SUBGRUPO,True,False,0.0734,-0.0951,11,0.8391,2.0,Sem relação clara,"nos picos de um, o outro não caiu; variações independentes (corr. +0.07); saem juntos 0.8× o esperado",0.0,2026-10-04
Vitamina D - Vita D3 + C + Zinco,VITAFOR,Colágeno Tipo II,LAUTON,399,995,SEM_SUBGRUPO,SEM_SUBGRUPO,True,True,0.0465,,0,,0.0,Sem relação clara,variações independentes (corr. +0.05),0.0,2026-10-04
Ômega 3 DHA,OCEAN DROP,BT Nitrato,DOBRO,687,983,SEM_SUBGRUPO,SEM_SUBGRUPO,True,True,0.2042,,0,,0.0,Sem relação clara,variações parecidas (corr. +0.20),0.0,2026-10-04
Vitamina D3,NUTRIFY,Cúrcuma 500mg,OCEAN DROP,1204,691,SEM_SUBGRUPO,SEM_SUBGRUPO,True,True,0.0702,,0,,0.0,Sem relação clara,variações independentes (corr. +0.07),0.0,2026-10-04
Magnésio Quelato - Bio Mag,PURAVIDA,Ômega - Mega DHA,VITAFOR,620,76,SEM_SUBGRUPO,SEM_SUBGRUPO,True,True,0.0329,,0,,0.0,Sem relação clara,variações independentes (corr. +0.03),0.0,2026-10-04
SuperCoffee Língua de gato - Kopenhagen,CAFFEINE ARMY,Vitamina D - Vita D3,VITAFOR,1384,395,SEM_SUBGRUPO,SEM_SUBGRUPO,True,False,0.1083,-0.0237,10,,0.0,Sem relação clara,"nos picos de um, o outro não caiu; variações parecidas (corr. +0.11)",0.0,2026-10-04
Ômega 3 - EPA DHA - 1000mg,EQUALIV,Ômega 3 EPA DHA,VITAFOR,1215,77,SEM_SUBGRUPO,SEM_SUBGRUPO,True,False,0.1767,-0.3313,9,,0.0,Sem relação clara,"nos picos de um, o outro não caiu; variações parecidas (corr. +0.18)",0.0,2026-10-04
Vitamina D3 + K2,NUTRIFY,Colágeno - Colagentek,VITAFOR,1331,442,SEM_SUBGRUPO,SEM_SUBGRUPO,True,True,0.1026,,0,,0.0,Sem relação clara,variações parecidas (corr. +0.10),0.0,2026-10-04
"Suplemento Alimentar - Cabelo, Unha e Pele - Beauty +",EQUALIV,Colágeno - Colagentek,VITAFOR,1211,445,SEM_SUBGRUPO,SEM_SUBGRUPO,True,True,0.179,,0,,0.0,Sem relação clara,variações parecidas (corr. +0.18),0.0,2026-10-04
Ômega Core,ESSENTIAL,Glutamina em Pó,NUTRIFY,1011,598,SEM_SUBGRUPO,SEM_SUBGRUPO,True,True,0.4375,,0,,0.0,Sem relação clara,variações parecidas (corr. +0.44),0.0,2026-10-04
Sleep,KOALA,Whey Protein Isolado - Isofort,VITAFOR,1128,73,SEM_SUBGRUPO,SEM_SUBGRUPO,True,True,0.0407,,0,,0.0,Sem relação clara,variações independentes (corr. +0.04),0.0,2026-10-04
100% Whey Pure,INTEGRALMEDICA,Whey,ESSENTIAL,169,34,SEM_SUBGRUPO,SEM_SUBGRUPO,True,True,0.1672,,0,,0.0,Sem relação clara,variações parecidas (corr. +0.17),0.0,2026-10-04
Glutamina - Glutamax Refil,VITAFOR,Fresh Whey,DUX,422,861,SEM_SUBGRUPO,SEM_SUBGRUPO,True,True,0.1827,,0,,0.0,Sem relação clara,variações parecidas (corr. +0.18),0.0,2026-10-04
Coq10 + Vitamina E,TRUE SOURCE,BT Nitrato 400,DOBRO,1495,481,SEM_SUBGRUPO,SEM_SUBGRUPO,True,True,0.1414,,0,,0.0,Sem relação clara,variações parecidas (corr. +0.14),0.0,2026-10-04
Ômega 3 EPA DHA,VITAFOR,Magnésio - Inositol Relief 3.0,TRUE SOURCE,376,634,SEM_SUBGRUPO,SEM_SUBGRUPO,True,True,0.0334,,0,,0.0,Sem relação clara,variações independentes (corr. +0.03),0.0,2026-10-04
Magnésio Inositol,NUTRIFY,NAC 650mg,OCEAN DROP,1659,695,SEM_SUBGRUPO,SEM_SUBGRUPO,True,True,0.1679,,0,,0.0,Sem relação clara,variações parecidas (corr. +0.17),0.0,2026-10-04
Ômega 3 - Ultra Caps 1000mg,EQUALIV,Suplemento Alimentar - Alpha Inflaminus,PURAVIDA,1212,1274,SEM_SUBGRUPO,SEM_SUBGRUPO,True,True,0.1253,,0,,0.0,Sem relação clara,variações parecidas (corr. +0.13),0.0,2026-10-04
Resveratrol 500mg,OCEAN DROP,Barrinha de Proteína,DUX,709,899,SEM_SUBGRUPO,SEM_SUBGRUPO,True,True,0.1545,,0,,0.0,Sem relação clara,variações parecidas (corr. +0.15),0.0,2026-10-04
Creatina 100%,NUTRIFY,Whey Protein Concentrado,DUX,1097,935,SEM_SUBGRUPO,SEM_SUBGRUPO,True,False,0.2224,-0.3171,3,1.2782,1.0,Sem relação clara,"nos picos de um, o outro não caiu; variações parecidas (corr. +0.22); saem juntos 1.3× o esperado",0.0,2026-10-04
Creatina 100%,NUTRIFY,Ferro Quelato + Vitamina C,OCEAN DROP,1092,697,SEM_SUBGRUPO,SEM_SUBGRUPO,True,True,0.0911,,0,,0.0,Sem relação clara,variações independentes (corr. +0.09),0.0,2026-10-04
Omegafor Plus,VITAFOR,Vitamina D - Vita D3,VITAFOR,375,395,SEM_SUBGRUPO,SEM_SUBGRUPO,True,False,0.1811,,0,,0.0,Sem relação clara,variações parecidas (corr. +0.18),0.0,2026-10-04
Fresh Whey,DUX,Whey,ESSENTIAL,1415,34,SEM_SUBGRUPO,SEM_SUBGRUPO,True,True,0.1838,,0,,0.0,Sem relação clara,variações parecidas (corr. +0.18),0.0,2026-10-04
FreshWhey - Sachê,DUX,Barrinha de Proteína,DUX,1920,901,SEM_SUBGRUPO,SEM_SUBGRUPO,True,True,0.0634,,0,,0.0,Sem relação clara,variações independentes (corr. +0.06),0.0,2026-10-04
Whey Protein Crisp - Isocrisp,VITAFOR,Vitamina D3 Synergy,PURAVIDA,426,914,SEM_SUBGRUPO,SEM_SUBGRUPO,True,True,0.0165,,0,,0.0,Sem relação clara,variações independentes (corr. +0.02),0.0,2026-10-04
Magnésio - Mag 5 Complex,NUTRIFY,Whey Protein Isolado,DUX,1657,1725,SEM_SUBGRUPO,SEM_SUBGRUPO,True,True,0.1573,,0,,0.0,Sem relação clara,variações parecidas (corr. +0.16),0.0,2026-10-04
SuperCoffee,CAFFEINE ARMY,Sleep,KOALA,1383,800,SEM_SUBGRUPO,SEM_SUBGRUPO,True,True,0.0885,,0,,0.0,Sem relação clara,variações independentes (corr. +0.09),0.0,2026-10-04
Refil Whey 100% Pure,INTEGRALMEDICA,Cálcio de Algas 1000mg,OCEAN DROP,140,679,SEM_SUBGRUPO,SEM_SUBGRUPO,True,True,0.1905,,0,,0.0,Sem relação clara,variações parecidas (corr. +0.19),0.0,2026-10-04
Ômega Golden,ESSENTIAL,Omegafor Family - Ômega 3,VITAFOR,1010,1450,SEM_SUBGRUPO,SEM_SUBGRUPO,True,True,0.2017,,0,,0.0,Sem relação clara,variações parecidas (corr. +0.20),0.0,2026-10-04
L-Taurina - 1.000mg,VITAFOR,Creatina,INTEGRALMEDICA,405,783,SEM_SUBGRUPO,SEM_SUBGRUPO,True,True,0.2425,,0,,0.0,Sem relação clara,variações parecidas (corr. +0.24),0.0,2026-10-04
Complexo B 500mg,OCEAN DROP,Feno Grego + Boro 500mg,OCEAN DROP,694,699,SEM_SUBGRUPO,SEM_SUBGRUPO,True,True,0.058,,0,,0.0,Sem relação clara,variações independentes (corr. +0.06),0.0,2026-10-04
Colágeno - Colagentek Protein - Bodybalance,VITAFOR,Coenzima Q10 + Ômega 3 + Vitamina E,ESSENTIAL,439,534,SEM_SUBGRUPO,SEM_SUBGRUPO,True,False,0.0402,-0.2395,9,,0.0,Sem relação clara,"nos picos de um, o outro não caiu; variações independentes (corr. +0.04)",0.0,2026-10-04
Vitamina B12,YOSEN,NAC Acetilcisteína -  600mg,EQUALIV,1131,994,SEM_SUBGRUPO,SEM_SUBGRUPO,True,True,0.1188,,0,,0.0,Sem relação clara,variações parecidas (corr. +0.12),0.0,2026-10-04
Melatonina - Sleepfor,VITAFOR,Magnésio,NUTRIFY,409,615,SEM_SUBGRUPO,SEM_SUBGRUPO,True,True,0.0406,,0,,0.0,Sem relação clara,variações independentes (corr. +0.04),0.0,2026-10-04
Colágeno - Colagentek,VITAFOR,Vitamina C + Zinco - Gomas,OCEAN DROP,393,693,SEM_SUBGRUPO,SEM_SUBGRUPO,True,True,0.0837,,0,,0.0,Sem relação clara,variações independentes (corr. +0.08),0.0,2026-10-04
Whey Tech 100%,ATLHETICA NUTRITION,Ômega 3 Super DHA - BIG N,PURAVIDA,453,925,SEM_SUBGRUPO,SEM_SUBGRUPO,True,False,0.2889,-0.1096,6,,0.0,Sem relação clara,"nos picos de um, o outro não caiu; variações parecidas (corr. +0.29)",0.0,2026-10-04
Creatina 100%,NUTRIFY,Ômega 3 Super DHA - BIG N,PURAVIDA,1097,925,SEM_SUBGRUPO,SEM_SUBGRUPO,True,False,0.1508,-0.2603,6,,0.0,Sem relação clara,"nos picos de um, o outro não caiu; variações parecidas (corr. +0.15)",0.0,2026-10-04
Fresh Whey,DUX,Whey Protein Concentrado,DUX,861,935,SEM_SUBGRUPO,SEM_SUBGRUPO,True,False,0.1526,-0.161,11,0.7012,1.0,Sem relação clara,"nos picos de um, o outro não caiu; variações parecidas (corr. +0.15); saem juntos 0.7× o esperado",0.0,2026-10-04
Creatina Monohidratada,OCEAN DROP,Ômega 3 EPA DHA,VITAFOR,685,77,SEM_SUBGRUPO,SEM_SUBGRUPO,True,False,0.0013,-0.06,19,1.0727,5.0,Sem relação clara,"nos picos de um, o outro não caiu; variações independentes (corr. +0.00); saem juntos 1.1× o esperado",0.0,2026-10-04
Coenzima Q10  (200mg p/ porção),VITAFOR,Omegafor Plus,VITAFOR,450,69,SEM_SUBGRUPO,SEM_SUBGRUPO,True,True,0.0553,,0,,0.0,Sem relação clara,variações independentes (corr. +0.06),0.0,2026-10-04
Salgadinho,BELIVE,Creatina 100% Pure,TRUE SOURCE,1646,82,SEM_SUBGRUPO,SEM_SUBGRUPO,True,True,0.1737,,0,,0.0,Sem relação clara,variações parecidas (corr. +0.17),0.0,2026-10-04
Refil Whey 100% Pure,INTEGRALMEDICA,Creatina,ALLMAX,1386,599,SEM_SUBGRUPO,SEM_SUBGRUPO,True,True,0.0646,,0,,0.0,Sem relação clara,variações independentes (corr. +0.06),0.0,2026-10-04
Melatonina - Sleepfor,VITAFOR,Vitamina D3 + K2,OCEAN DROP,409,706,SEM_SUBGRUPO,SEM_SUBGRUPO,True,True,0.0179,,0,,0.0,Sem relação clara,variações independentes (corr. +0.02),0.0,2026-10-04
Aminoácidos - Aminnu EAAs,CENTRAL NUTRITION,Glutamina Isolates,INTEGRALMEDICA,331,487,SEM_SUBGRUPO,SEM_SUBGRUPO,True,True,0.2244,,0,,0.0,Sem relação clara,variações parecidas (corr. +0.22),0.0,2026-10-04
Beta Alanina,VITAFOR,Glutamina,DUX,407,474,SEM_SUBGRUPO,SEM_SUBGRUPO,True,False,0.0336,,0,,0.0,Sem relação clara,variações independentes (corr. +0.03),0.0,2026-10-04
Immuno Whey,ESSENTIAL,Whey Protein Isolado - Tasty Iso,ADAPTOGEN,1220,1332,SEM_SUBGRUPO,SEM_SUBGRUPO,True,True,0.026,,0,,0.0,Sem relação clara,variações independentes (corr. +0.03),0.0,2026-10-04
Isofort Plant (Life Vegan),VITAFOR,BT Nitrato 400,DOBRO,428,481,SEM_SUBGRUPO,SEM_SUBGRUPO,True,True,0.1792,,0,,0.0,Sem relação clara,variações parecidas (corr. +0.18),0.0,2026-10-04
Whey Protein Isolado - Sachê,DUX,Vitamina B12,LAUTON,1911,629,SEM_SUBGRUPO,SEM_SUBGRUPO,True,True,0.2528,,0,,0.0,Sem relação clara,variações parecidas (corr. +0.25),0.0,2026-10-04
Whey Protein Isolado,DUX,Whey,ESSENTIAL,4,40,SEM_SUBGRUPO,SEM_SUBGRUPO,True,True,0.136,,0,,0.0,Sem relação clara,variações parecidas (corr. +0.14),0.0,2026-10-04
Magnésio Inositol,NUTRIFY,Colágeno Hidrolisado - Collagen Pro 18g,NUTRIFY,1205,210,SEM_SUBGRUPO,SEM_SUBGRUPO,True,True,0.092,,0,,0.0,Sem relação clara,variações independentes (corr. +0.09),0.0,2026-10-04
Ferro - Ydrosolv,YOSEN,Proteína Isolada e Hidrolisada - Body Protein,EQUALIV,1132,521,SEM_SUBGRUPO,SEM_SUBGRUPO,True,True,0.1108,,0,,0.0,Sem relação clara,variações parecidas (corr. +0.11),0.0,2026-10-04
SuperCoffee Língua de gato - Kopenhagen,CAFFEINE ARMY,Whey Tech 100%,ATLHETICA NUTRITION,1384,453,SEM_SUBGRUPO,SEM_SUBGRUPO,True,False,0.0174,0.0,10,,0.0,Sem relação clara,"nos picos de um, o outro não caiu; variações independentes (corr. +0.02)",0.0,2026-10-04
Glutamina,NUTRIFY,Tablete de Doce,FLORMEL,1327,835,SEM_SUBGRUPO,SEM_SUBGRUPO,True,True,0.1626,,0,,0.0,Sem relação clara,variações parecidas (corr. +0.16),0.0,2026-10-04
Complexo B - Bio Vit.B+,PURAVIDA,Aminoácido - Tryptophan,NUTRIFY,1347,533,SEM_SUBGRUPO,SEM_SUBGRUPO,True,True,0.1394,,0,,0.0,Sem relação clara,variações parecidas (corr. +0.14),0.0,2026-10-04
Whey 3W,MAX TITANIUM,Colágeno - Colagentek,VITAFOR,1001,443,SEM_SUBGRUPO,SEM_SUBGRUPO,True,True,0.1709,,0,,0.0,Sem relação clara,variações parecidas (corr. +0.17),0.0,2026-10-04
Tasty Whey 3W Gourmet,ADAPTOGEN,Whey hidrolisado e isolado,TRUE SOURCE,107,84,SEM_SUBGRUPO,SEM_SUBGRUPO,True,True,0.1034,,0,,0.0,Sem relação clara,variações parecidas (corr. +0.10),0.0,2026-10-04
Whey Protein Concentrado,DUX,Psyllium,OCEAN DROP,2,704,SEM_SUBGRUPO,SEM_SUBGRUPO,True,False,0.1979,-0.1176,3,,0.0,Sem relação clara,"nos picos de um, o outro não caiu; variações parecidas (corr. +0.20)",0.0,2026-10-04
Creatina - Creafort (Creapure),VITAFOR,Fresh Whey,DUX,434,861,SEM_SUBGRUPO,SEM_SUBGRUPO,True,False,0.0571,-0.1789,14,0.6307,2.0,Sem relação clara,"nos picos de um, o outro não caiu; variações independentes (corr. +0.06); saem juntos 0.6× o esperado",0.0,2026-10-04
Glutamina,DUX,Omegafor Plus,VITAFOR,474,68,SEM_SUBGRUPO,SEM_SUBGRUPO,True,False,0.1515,-0.0146,15,0.5501,2.0,Sem relação clara,"nos picos de um, o outro não caiu; variações parecidas (corr. +0.15); saem juntos 0.6× o esperado",0.0,2026-10-04
Whey Protein Concentrado,DUX,Whey Protein Isolado,DUX,2,941,SEM_SUBGRUPO,SEM_SUBGRUPO,True,False,0.2388,-0.1452,5,0.3435,1.0,Sem relação clara,"nos picos de um, o outro não caiu; variações parecidas (corr. +0.24); saem juntos 0.3× o esperado",0.0,2026-10-04
Glutamina em Pó,NUTRIFY,Biotina Plus,LAUTON,598,807,SEM_SUBGRUPO,SEM_SUBGRUPO,True,True,0.3217,,0,,0.0,Sem relação clara,variações parecidas (corr. +0.32),0.0,2026-10-04
Ômega 3 - EPA DHA - 1000mg,EQUALIV,Ômega 3 - 1360mg,NUTRIFY,1215,635,SEM_SUBGRUPO,SEM_SUBGRUPO,True,False,0.0026,-0.1607,5,,0.0,Sem relação clara,"nos picos de um, o outro não caiu; variações independentes (corr. +0.00)",0.0,2026-10-04
Salgadinho,BELIVE,NAC PRO,DUX,1646,1853,SEM_SUBGRUPO,SEM_SUBGRUPO,True,True,0.0636,,0,,0.0,Sem relação clara,variações independentes (corr. +0.06),0.0,2026-10-04
Própolis Trio,TRUE SOURCE,Laranja Moro,LAUTON,1044,957,SEM_SUBGRUPO,SEM_SUBGRUPO,True,True,0.0697,,0,,0.0,Sem relação clara,variações independentes (corr. +0.07),0.0,2026-10-04
Ômega 3 - EPA DHA - 1000mg,EQUALIV,Coenzima Q10 + Ômega 3 + Vitamina E,ESSENTIAL,1215,534,SEM_SUBGRUPO,SEM_SUBGRUPO,True,False,0.2453,-0.1978,11,,0.0,Sem relação clara,"nos picos de um, o outro não caiu; variações parecidas (corr. +0.25)",0.0,2026-10-04
Própolis - Green Própolis,NUTRIFY,Simfort Ultra,VITAFOR,1326,1711,SEM_SUBGRUPO,SEM_SUBGRUPO,True,True,0.244,,0,,0.0,Sem relação clara,variações parecidas (corr. +0.24),0.0,2026-10-04
Coq10 + Vitamina E,TRUE SOURCE,Glutamina Isolates,INTEGRALMEDICA,1495,487,SEM_SUBGRUPO,SEM_SUBGRUPO,True,True,0.1108,,0,,0.0,Sem relação clara,variações parecidas (corr. +0.11),0.0,2026-10-04
Salgadinho,BELIVE,Gel Nitrato com L-Citrulinilarginina,DOBRO,1647,989,SEM_SUBGRUPO,SEM_SUBGRUPO,True,True,0.2323,,0,,0.0,Sem relação clara,variações parecidas (corr. +0.23),0.0,2026-10-04
Pasta de Amendoim,DR. PEANUT,Pré-treino - Energyzer & focus,TRUE SOURCE,1020,1110,SEM_SUBGRUPO,SEM_SUBGRUPO,True,True,0.2921,,0,,0.0,Sem relação clara,variações parecidas (corr. +0.29),0.0,2026-10-04
Whey Tech 100%,ATLHETICA NUTRITION,Whey Protein Concentrado,DUX,453,936,SEM_SUBGRUPO,SEM_SUBGRUPO,True,False,0.0339,-0.01,14,,0.0,Sem relação clara,"nos picos de um, o outro não caiu; variações independentes (corr. +0.03)",0.0,2026-10-04
Melatonina Duo,ESSENTIAL,Palatinose,VITAFOR,1106,374,SEM_SUBGRUPO,SEM_SUBGRUPO,True,True,0.1109,,0,,0.0,Sem relação clara,variações parecidas (corr. +0.11),0.0,2026-10-04
Coenzima Q10 (200mg p/ porção),VITAFOR,Morning Shot - Imunidade,SUBLYME,449,782,SEM_SUBGRUPO,SEM_SUBGRUPO,True,True,0.0771,,0,,0.0,Sem relação clara,variações independentes (corr. +0.08),0.0,2026-10-04
Creatina 100%,NUTRIFY,Whey Protein Concentrado,DUX,1097,936,SEM_SUBGRUPO,SEM_SUBGRUPO,True,False,0.2139,-0.1194,14,0.4362,1.0,Sem relação clara,"nos picos de um, o outro não caiu; variações parecidas (corr. +0.21); saem juntos 0.4× o esperado",0.0,2026-10-04
Refil Whey Concentrado - W100,NUTRATA,Suplemento Alimentar - GUARDIAN®,CENTRAL NUTRITION,1289,358,SEM_SUBGRUPO,SEM_SUBGRUPO,True,True,0.1939,,0,,0.0,Sem relação clara,variações parecidas (corr. +0.19),0.0,2026-10-04
Barrinha de Proteína - Protein Crisp Bar,INTEGRALMEDICA,BodyBalance - Muscle Synergy,ESSENTIAL,1037,1249,SEM_SUBGRUPO,SEM_SUBGRUPO,True,True,0.2657,,0,,0.0,Sem relação clara,variações parecidas (corr. +0.27),0.0,2026-10-04
Whey Protein - Isofort Beauty,VITAFOR,SuperCoffee,CAFFEINE ARMY,1200,465,SEM_SUBGRUPO,SEM_SUBGRUPO,True,True,0.2079,,0,,0.0,Sem relação clara,variações parecidas (corr. +0.21),0.0,2026-10-04
Refil Whey Concentrado - W100,NUTRATA,BT Nitrato,DOBRO,1290,983,SEM_SUBGRUPO,SEM_SUBGRUPO,True,True,0.0001,,0,,0.0,Sem relação clara,variações independentes (corr. +0.00),0.0,2026-10-04
Pré-Treino,DUX,Achocolatado - Choco Family - Refil,VITAFOR,1560,528,SEM_SUBGRUPO,SEM_SUBGRUPO,True,True,0.2343,,0,,0.0,Sem relação clara,variações parecidas (corr. +0.23),0.0,2026-10-04
Suplemento Alimentar - GUARDIAN®,CENTRAL NUTRITION,BT Nitrato,DOBRO,358,983,SEM_SUBGRUPO,SEM_SUBGRUPO,True,True,0.2362,,0,,0.0,Sem relação clara,variações parecidas (corr. +0.24),0.0,2026-10-04
Whey Protein Concentrado - Sachê,MAIS MU,Gel Nitrato,DOBRO,1939,988,SEM_SUBGRUPO,SEM_SUBGRUPO,True,True,0.0204,,0,,0.0,Sem relação clara,variações independentes (corr. +0.02),0.0,2026-10-04
Proteína Isolada e Hidrolisada - Body Protein,EQUALIV,Whey Protein Concentrado,DUX,1639,1705,SEM_SUBGRUPO,SEM_SUBGRUPO,True,True,0.0637,,0,,0.0,Sem relação clara,variações independentes (corr. +0.06),0.0,2026-10-04
Creatina Monohidratada,DUX,Whey Protein Concentrado,DUX,486,939,SEM_SUBGRUPO,SEM_SUBGRUPO,True,False,0.162,-0.4582,20,1.3157,13.0,Sem relação clara,"nos picos de um, o outro não caiu; variações parecidas (corr. +0.16); saem juntos 1.3× o esperado",0.0,2026-10-04
Whey Tech 100%,ATLHETICA NUTRITION,Multivitaminico  - Imunomult- 1000mg,VITAFOR,587,613,SEM_SUBGRUPO,SEM_SUBGRUPO,True,True,0.0205,,0,,0.0,Sem relação clara,variações independentes (corr. +0.02),0.0,2026-10-04
Ômega 3 EPA DHA,VITAFOR,Whey Protein Isolado,DUX,77,943,SEM_SUBGRUPO,SEM_SUBGRUPO,True,False,0.0632,-0.3871,7,,0.0,Sem relação clara,"nos picos de um, o outro não caiu; variações independentes (corr. +0.06)",0.0,2026-10-04
Fresh Vegan,DUX,Super Ômega 3,ESSENTIAL,1116,38,SEM_SUBGRUPO,SEM_SUBGRUPO,True,True,0.0426,,0,,0.0,Sem relação clara,variações independentes (corr. +0.04),0.0,2026-10-04
SuperCoffee Língua de gato - Kopenhagen,CAFFEINE ARMY,Whey Protein Concentrado,DUX,1384,939,SEM_SUBGRUPO,SEM_SUBGRUPO,True,False,0.2675,-0.2091,14,0.3217,1.0,Sem relação clara,"nos picos de um, o outro não caiu; variações parecidas (corr. +0.27); saem juntos 0.3× o esperado",0.0,2026-10-04
Magnésio - Bio Trimag,PURAVIDA,Ômega 3 Super DHA - BIG N,PURAVIDA,915,925,SEM_SUBGRUPO,SEM_SUBGRUPO,True,True,0.0245,-0.3333,4,,0.0,Sem relação clara,"nos picos de um, o outro não caiu; variações independentes (corr. +0.02)",0.0,2026-10-04
Proteína Isolada e Hidrolisada - Body Protein,EQUALIV,Whey Protein Concentrado,DUX,1639,3,SEM_SUBGRUPO,SEM_SUBGRUPO,True,True,0.0161,,0,,0.0,Sem relação clara,variações independentes (corr. +0.02),0.0,2026-10-04
Coq10 + Vitamina E,TRUE SOURCE,Ômega 3 DHA,OCEAN DROP,1495,687,SEM_SUBGRUPO,SEM_SUBGRUPO,True,True,0.0438,,0,,0.0,Sem relação clara,variações independentes (corr. +0.04),0.0,2026-10-04
Suplemento de Magnésio - Blue Calm,PURAVIDA,L-Taurina - 1.000mg,VITAFOR,1239,405,SEM_SUBGRUPO,SEM_SUBGRUPO,True,True,0.1697,,0,,0.0,Sem relação clara,variações parecidas (corr. +0.17),0.0,2026-10-04
Suplemento Alimentar - GUARDIAN®,CENTRAL NUTRITION,Creatina Premium - Creapure,PURAVIDA,356,60,SEM_SUBGRUPO,SEM_SUBGRUPO,True,True,0.0742,,0,,0.0,Sem relação clara,variações independentes (corr. +0.07),0.0,2026-10-04
Probiótico - Simcaps,VITAFOR,Sleep,KOALA,371,800,SEM_SUBGRUPO,SEM_SUBGRUPO,True,True,0.071,,0,,0.0,Sem relação clara,variações independentes (corr. +0.07),0.0,2026-10-04
Multivitaminico - Imunomult- 1000mg,VITAFOR,Vitamina B12,OCEAN DROP,424,690,SEM_SUBGRUPO,SEM_SUBGRUPO,True,True,0.2254,,0,,0.0,Sem relação clara,variações parecidas (corr. +0.23),0.0,2026-10-04
NAC + Glycine + Taurine,ESSENTIAL,Whey Protein Isolado,PURAVIDA,1250,1872,SEM_SUBGRUPO,SEM_SUBGRUPO,True,True,0.1176,,0,,0.0,Sem relação clara,variações parecidas (corr. +0.12),0.0,2026-10-04
Bio Ferro,PURAVIDA,Creatina - Creafort (Creapure),VITAFOR,1069,434,SEM_SUBGRUPO,SEM_SUBGRUPO,True,False,0.2414,-0.125,6,,0.0,Sem relação clara,"nos picos de um, o outro não caiu; variações parecidas (corr. +0.24)",0.0,2026-10-04
Suplemento Alimentar - Pura Fiber,PURAVIDA,Ômega 3 Super DHA - BIG N,PURAVIDA,1056,925,SEM_SUBGRUPO,SEM_SUBGRUPO,True,True,0.0092,,0,,0.0,Sem relação clara,variações independentes (corr. +0.01),0.0,2026-10-04
Colágeno - Collagen Renew Hidrolisado,NUTRIFY,Cromo Picolinato - 250mg,LAUTON,1093,811,SEM_SUBGRUPO,SEM_SUBGRUPO,True,True,0.0207,,0,,0.0,Sem relação clara,variações independentes (corr. +0.02),0.0,2026-10-04
Própolis Verde - Propomax,APIS FLORA,Vitamina B12,OCEAN DROP,1117,707,SEM_SUBGRUPO,SEM_SUBGRUPO,True,True,0.134,,0,,0.0,Sem relação clara,variações parecidas (corr. +0.13),0.0,2026-10-04
Immuno Whey,ESSENTIAL,Refil Whey Concentrado - W100,NUTRATA,1220,1485,SEM_SUBGRUPO,SEM_SUBGRUPO,True,True,0.19,,0,,0.0,Sem relação clara,variações parecidas (corr. +0.19),0.0,2026-10-04
Melatonina,PURAVIDA,Complexo B - Bio Vit.B+,PURAVIDA,1067,1347,SEM_SUBGRUPO,SEM_SUBGRUPO,True,True,0.2315,,0,,0.0,Sem relação clara,variações parecidas (corr. +0.23),0.0,2026-10-04
Melatonina - Ydrosolv,YOSEN,Glutamina,NUTRIFY,1137,1327,SEM_SUBGRUPO,SEM_SUBGRUPO,True,True,0.0176,,0,,0.0,Sem relação clara,variações independentes (corr. +0.02),0.0,2026-10-04
Cafeína,DUX,Omegafor Family - Ômega 3,VITAFOR,1091,1247,SEM_SUBGRUPO,SEM_SUBGRUPO,True,True,0.0893,,0,,0.0,Sem relação clara,variações independentes (corr. +0.09),0.0,2026-10-04
Snack Proteico,OCEAN DROP,Snack Proteico,OCEAN DROP,1968,1969,SEM_SUBGRUPO,SEM_SUBGRUPO,True,True,0.3227,,0,,0.0,Sem relação clara,variações parecidas (corr. +0.32),0.0,2026-10-04
Proteína Isolada e Hidrolisada - Body Protein,EQUALIV,Whey Protein Concentrado Cappuccino 900g DUX,DUX,1639,937,SEM_SUBGRUPO,SEM_SUBGRUPO,True,True,0.0628,,0,,0.0,Sem relação clara,variações independentes (corr. +0.06),0.0,2026-10-04
Refil Whey Protein - 3W,BOLD,Sleep,KOALA,1708,800,SEM_SUBGRUPO,SEM_SUBGRUPO,True,True,0.0791,,0,,0.0,Sem relação clara,variações independentes (corr. +0.08),0.0,2026-10-04
Ômega 3 - EPA DHA - 1000mg,EQUALIV,Colágeno - Colagentek Protein - Bodybalance,VITAFOR,1215,439,SEM_SUBGRUPO,SEM_SUBGRUPO,True,False,0.063,-0.1737,8,,0.0,Sem relação clara,"nos picos de um, o outro não caiu; variações independentes (corr. +0.06)",0.0,2026-10-04
Creatina - Creafort (Creapure),VITAFOR,Whey Protein Concentrado,DUX,434,938,SEM_SUBGRUPO,SEM_SUBGRUPO,True,False,0.1088,-0.1175,10,0.403,3.0,Sem relação clara,"nos picos de um, o outro não caiu; variações parecidas (corr. +0.11); saem juntos 0.4× o esperado",0.0,2026-10-04
Vitamina D - Vita D3,VITAFOR,Psyllium,OCEAN DROP,395,704,SEM_SUBGRUPO,SEM_SUBGRUPO,True,True,0.0648,-0.2353,3,,0.0,Sem relação clara,"nos picos de um, o outro não caiu; variações independentes (corr. +0.06)",0.0,2026-10-04
Bio Ferro,PURAVIDA,Psyllium,OCEAN DROP,1069,704,SEM_SUBGRUPO,SEM_SUBGRUPO,True,False,0.0308,-0.0882,3,,0.0,Sem relação clara,"nos picos de um, o outro não caiu; variações independentes (corr. +0.03)",0.0,2026-10-04
Omegafor Plus,VITAFOR,Whey Protein Concentrado,DUX,68,940,SEM_SUBGRUPO,SEM_SUBGRUPO,True,False,0.06,-0.5302,29,0.4955,8.0,Sem relação clara,"nos picos de um, o outro não caiu; variações independentes (corr. +0.06); saem juntos 0.5× o esperado",0.0,2026-10-04
Omegafor Plus,VITAFOR,Whey Protein Concentrado,DUX,375,939,SEM_SUBGRUPO,SEM_SUBGRUPO,True,False,0.1558,-0.1207,4,,0.0,Sem relação clara,"nos picos de um, o outro não caiu; variações parecidas (corr. +0.16)",0.0,2026-10-04
Vitamina D - Vita D3,VITAFOR,Whey Protein Isolado,DUX,395,941,SEM_SUBGRUPO,SEM_SUBGRUPO,True,False,0.0011,-0.2097,5,,0.0,Sem relação clara,"nos picos de um, o outro não caiu; variações independentes (corr. +0.00)",0.0,2026-10-04
Omegafor Plus,VITAFOR,Whey Protein Concentrado,DUX,69,935,SEM_SUBGRUPO,SEM_SUBGRUPO,True,False,0.1171,-0.5366,3,,0.0,Sem relação clara,"nos picos de um, o outro não caiu; variações parecidas (corr. +0.12)",0.0,2026-10-04
Vitamina D3 - 2000 Ui,LAUTON,Creatina - Creafort (Creapure),VITAFOR,794,871,SEM_SUBGRUPO,SEM_SUBGRUPO,True,True,0.1135,,0,,0.0,Sem relação clara,variações parecidas (corr. +0.11),0.0,2026-10-04
Palatinose,VITAFOR,Achocolatado - Chocoki,ESSENTIAL,374,549,SEM_SUBGRUPO,SEM_SUBGRUPO,True,True,0.1661,,0,,0.0,Sem relação clara,variações parecidas (corr. +0.17),0.0,2026-10-04
Creatina 100%,NUTRIFY,Creatina Monohidratada,OCEAN DROP,1097,685,SEM_SUBGRUPO,SEM_SUBGRUPO,True,False,0.119,-0.0115,15,,0.0,Sem relação clara,"nos picos de um, o outro não caiu; variações parecidas (corr. +0.12)",0.0,2026-10-04
Refil Whey 100% Pure,INTEGRALMEDICA,Vitamina D3 - 2000 Ui,LAUTON,138,794,SEM_SUBGRUPO,SEM_SUBGRUPO,True,True,0.2557,,0,,0.0,Sem relação clara,variações parecidas (corr. +0.26),0.0,2026-10-04
Colágeno - Colagentek,VITAFOR,Complexo B 500mg,OCEAN DROP,442,694,SEM_SUBGRUPO,SEM_SUBGRUPO,True,True,0.0976,,0,,0.0,Sem relação clara,variações independentes (corr. +0.10),0.0,2026-10-04
Proteína Isolada e Hidrolisada - Body Protein,EQUALIV,Magnésio - Bio Trimag,PURAVIDA,521,915,SEM_SUBGRUPO,SEM_SUBGRUPO,True,True,0.09,,0,,0.0,Sem relação clara,variações independentes (corr. +0.09),0.0,2026-10-04
Ferro Plus,VITAFOR,Whey Protein Concentrado - Sachê,MAIS MU,1886,1939,SEM_SUBGRUPO,SEM_SUBGRUPO,True,True,0.104,,0,,0.0,Sem relação clara,variações parecidas (corr. +0.10),0.0,2026-10-04
Fresh Whey,DUX,Ômega 3 Super DHA BIG,PURAVIDA,1415,926,SEM_SUBGRUPO,SEM_SUBGRUPO,True,True,0.0336,,0,,0.0,Sem relação clara,variações independentes (corr. +0.03),0.0,2026-10-04
Tasty Whey 3W Gourmet,ADAPTOGEN,Body Protein Vegano,EQUALIV,102,1227,SEM_SUBGRUPO,SEM_SUBGRUPO,True,True,0.0207,,0,,0.0,Sem relação clara,variações independentes (corr. +0.02),0.0,2026-10-04
Magnésio Inositol,NUTRIFY,Colágeno - Colagentek II,VITAFOR,1659,1781,SEM_SUBGRUPO,SEM_SUBGRUPO,True,True,0.3152,,0,,0.0,Sem relação clara,variações parecidas (corr. +0.32),0.0,2026-10-04
Ferro Plus,VITAFOR,NAC,OCEAN DROP,1886,1966,SEM_SUBGRUPO,SEM_SUBGRUPO,True,True,0.13,,0,,0.0,Sem relação clara,variações parecidas (corr. +0.13),0.0,2026-10-04
Refil Whey Concentrado - W100,NUTRATA,Coenzima Q10 200mg,LAUTON,1289,1408,SEM_SUBGRUPO,SEM_SUBGRUPO,True,True,0.1642,,0,,0.0,Sem relação clara,variações parecidas (corr. +0.16),0.0,2026-10-04
Ômega 3 EPA DHA,VITAFOR,Whey Protein Concentrado,DUX,72,936,SEM_SUBGRUPO,SEM_SUBGRUPO,True,False,0.0645,-0.1059,17,0.4326,3.0,Sem relação clara,"nos picos de um, o outro não caiu; variações independentes (corr. +0.06); saem juntos 0.4× o esperado",0.0,2026-10-04
Whey Protein - Isofort Beauty,VITAFOR,Coenzima Q10 - 200mg,CENTRAL NUTRITION,1199,369,SEM_SUBGRUPO,SEM_SUBGRUPO,True,True,0.034,,0,,0.0,Sem relação clara,variações independentes (corr. +0.03),0.0,2026-10-04
Vitamina D - Vita D3,VITAFOR,Omegafor Plus,VITAFOR,395,69,SEM_SUBGRUPO,SEM_SUBGRUPO,True,False,0.0594,,0,,0.0,Sem relação clara,variações independentes (corr. +0.06),0.0,2026-10-04
Vitamina D - Vita D3,VITAFOR,Palatinose,DUX,395,558,SEM_SUBGRUPO,SEM_SUBGRUPO,True,True,0.0682,,0,,0.0,Sem relação clara,variações independentes (corr. +0.07),0.0,2026-10-04
Bio Ferro,PURAVIDA,Omegafor Plus,VITAFOR,1069,69,SEM_SUBGRUPO,SEM_SUBGRUPO,True,False,0.3955,,0,,0.0,Sem relação clara,variações parecidas (corr. +0.40),0.0,2026-10-04
Creatina - Creafort (Creapure),VITAFOR,Whey Protein Concentrado,DUX,434,935,SEM_SUBGRUPO,SEM_SUBGRUPO,True,True,0.1969,-0.3146,9,0.3175,1.0,Sem relação clara,"nos picos de um, o outro não caiu; variações parecidas (corr. +0.20); saem juntos 0.3× o esperado",0.0,2026-10-04
Bom Ciclo,CENTRAL NUTRITION,Coenzima Q10 - 100mg,CENTRAL NUTRITION,336,366,SEM_SUBGRUPO,SEM_SUBGRUPO,True,True,0.2304,,0,,0.0,Sem relação clara,variações parecidas (corr. +0.23),0.0,2026-10-04
Whey Protein Concentrado Cappuccino 900g DUX,DUX,Magnésio Inositol,EQUALIV,937,991,SEM_SUBGRUPO,SEM_SUBGRUPO,True,True,0.1415,,0,,0.0,Sem relação clara,variações parecidas (corr. +0.14),0.0,2026-10-04
Colágeno Tipo II - Artro Aid,NUTRIFY,Colágeno - Collagen Gut,ESSENTIAL,1329,214,SEM_SUBGRUPO,SEM_SUBGRUPO,True,True,0.0559,,0,,0.0,Sem relação clara,variações independentes (corr. +0.06),0.0,2026-10-04
Colágeno - Colagentek Protein - Bodybalance,VITAFOR,Creatina Monohidratada,DUX,439,486,SEM_SUBGRUPO,SEM_SUBGRUPO,True,False,0.0849,-0.1672,19,0.4957,3.0,Sem relação clara,"nos picos de um, o outro não caiu; variações independentes (corr. +0.08); saem juntos 0.5× o esperado",0.0,2026-10-04
Vitamina D - Vita D3,VITAFOR,Probiótico - Simfort Plus,VITAFOR,397,402,SEM_SUBGRUPO,SEM_SUBGRUPO,True,False,0.0715,-0.1204,10,0.3515,1.0,Sem relação clara,"nos picos de um, o outro não caiu; variações independentes (corr. +0.07); saem juntos 0.4× o esperado",0.0,2026-10-04
Tasty Whey 3W Gourmet,ADAPTOGEN,Colágeno - Colagentek Protein - Bodybalance,VITAFOR,109,1452,SEM_SUBGRUPO,SEM_SUBGRUPO,True,True,0.039,,0,,0.0,Sem relação clara,variações independentes (corr. +0.04),0.0,2026-10-04
Suplemento de Magnésio - Blue Calm,PURAVIDA,Omegafor Family - Ômega 3,VITAFOR,1239,1247,SEM_SUBGRUPO,SEM_SUBGRUPO,True,True,0.1535,,0,,0.0,Sem relação clara,variações parecidas (corr. +0.15),0.0,2026-10-04
Vitamina D - Vita D3,VITAFOR,Vitamina D3 + K2,VITAFOR,397,908,SEM_SUBGRUPO,SEM_SUBGRUPO,True,True,0.2542,,0,,0.0,Sem relação clara,variações parecidas (corr. +0.25),0.0,2026-10-04
Palatinose,PURAVIDA,Prebiótico - Fiber Liv,LAUTON,1240,1528,SEM_SUBGRUPO,SEM_SUBGRUPO,True,True,0.0583,,0,,0.0,Sem relação clara,variações independentes (corr. +0.06),0.0,2026-10-04
Aminoácido N-acetil L-cisteína (NAC),VITAFOR,Vitamina D - Vita D3 + C + Zinco,VITAFOR,377,400,SEM_SUBGRUPO,SEM_SUBGRUPO,True,True,0.1751,,0,,0.0,Sem relação clara,variações parecidas (corr. +0.18),0.0,2026-10-04
Colágeno Hidrolisado - Collagen Pro 18g,NUTRIFY,Enzimas Enzyfor,VITAFOR,208,410,SEM_SUBGRUPO,SEM_SUBGRUPO,True,True,0.1024,,0,,0.0,Sem relação clara,variações parecidas (corr. +0.10),0.0,2026-10-04
Refil Whey Concentrado - W100,NUTRATA,Refil Whey Concentrado - W100,NUTRATA,1157,1289,SEM_SUBGRUPO,SEM_SUBGRUPO,True,True,0.007,,0,,0.0,Sem relação clara,variações independentes (corr. +0.01),0.0,2026-10-04
SuperCoffee Língua de gato - Kopenhagen,CAFFEINE ARMY,Glutamina,DUX,1384,474,SEM_SUBGRUPO,SEM_SUBGRUPO,True,False,0.0314,-0.0355,10,0.7315,1.0,Sem relação clara,"nos picos de um, o outro não caiu; variações independentes (corr. +0.03); saem juntos 0.7× o esperado",0.0,2026-10-04
Creatina 100%,NUTRIFY,Ômega 3 EPA DHA,VITAFOR,1097,77,SEM_SUBGRUPO,SEM_SUBGRUPO,True,False,0.2107,-0.1129,4,0.8581,1.0,Sem relação clara,"nos picos de um, o outro não caiu; variações parecidas (corr. +0.21); saem juntos 0.9× o esperado",0.0,2026-10-04
Coenzima Q10,YOSEN,Whey hidrolisado e isolado,TRUE SOURCE,1129,86,SEM_SUBGRUPO,SEM_SUBGRUPO,True,True,0.0248,,0,,0.0,Sem relação clara,variações independentes (corr. +0.02),0.0,2026-10-04
Refil Whey 100% Pure,INTEGRALMEDICA,Colágeno - Colagentek Beauty,VITAFOR,140,447,SEM_SUBGRUPO,SEM_SUBGRUPO,True,True,0.0925,,0,,0.0,Sem relação clara,variações independentes (corr. +0.09),0.0,2026-10-04
Ômega 3 Super DHA - BIG N,PURAVIDA,Whey Protein Concentrado,DUX,925,940,SEM_SUBGRUPO,SEM_SUBGRUPO,True,False,0.0271,-0.3008,20,,0.0,Sem relação clara,"nos picos de um, o outro não caiu; variações independentes (corr. +0.03)",0.0,2026-10-04
Whey Tech 100%,ATLHETICA NUTRITION,Glutamina,DUX,453,474,SEM_SUBGRUPO,SEM_SUBGRUPO,True,False,0.0211,,0,,0.0,Sem relação clara,variações independentes (corr. +0.02),0.0,2026-10-04
Fibras Prébioticas - Prebiotic,NUTRIFY,Cúrcuma Plus,VITAFOR,1328,416,SEM_SUBGRUPO,SEM_SUBGRUPO,True,True,0.0144,,0,,0.0,Sem relação clara,variações independentes (corr. +0.01),0.0,2026-10-04
Proteína Isolada e Hidrolisada - Body Protein,EQUALIV,Termogênico - Termo Plus,VITAFOR,520,902,SEM_SUBGRUPO,SEM_SUBGRUPO,True,True,0.2361,,0,,0.0,Sem relação clara,variações parecidas (corr. +0.24),0.0,2026-10-04
Whey Protein Isolado - Sachê,DUX,Whey 3W -  Sachê,BOLD,1917,1942,SEM_SUBGRUPO,SEM_SUBGRUPO,True,True,0.1075,,0,,0.0,Sem relação clara,variações parecidas (corr. +0.11),0.0,2026-10-04
Gold Whey Concentrado Refil,ADAPTOGEN,Magnésio Inositol,EQUALIV,112,991,SEM_SUBGRUPO,SEM_SUBGRUPO,True,True,0.1733,,0,,0.0,Sem relação clara,variações parecidas (corr. +0.17),0.0,2026-10-04
Refil Whey Concentrado - W100,NUTRATA,Coenzima Q10 200mg,LAUTON,1157,1408,SEM_SUBGRUPO,SEM_SUBGRUPO,True,True,0.2407,,0,,0.0,Sem relação clara,variações parecidas (corr. +0.24),0.0,2026-10-04
Fresh Whey,DUX,Suplemento Alimentar - Slim Body 400mg,OCEAN DROP,1415,715,SEM_SUBGRUPO,SEM_SUBGRUPO,True,True,0.071,,0,,0.0,Sem relação clara,variações independentes (corr. +0.07),0.0,2026-10-04
Aminoácidos - Aminnu EAAs - Sem Xilitol,CENTRAL NUTRITION,Whey,ESSENTIAL,1456,34,SEM_SUBGRUPO,SEM_SUBGRUPO,True,True,0.3165,,0,,0.0,Sem relação clara,variações parecidas (corr. +0.32),0.0,2026-10-04
Colágeno - Collagen Bones,ESSENTIAL,BodyBalance - Muscle Synergy,ESSENTIAL,1100,1249,SEM_SUBGRUPO,SEM_SUBGRUPO,True,True,0.0288,,0,,0.0,Sem relação clara,variações independentes (corr. +0.03),0.0,2026-10-04
Ômega 3 - Ultra Caps 1000mg,EQUALIV,Whey Protein Concentrado,DUX,1212,935,SEM_SUBGRUPO,SEM_SUBGRUPO,True,True,0.0218,,0,,0.0,Sem relação clara,variações independentes (corr. +0.02),0.0,2026-10-04
Aminoácidos - Aminolift,ESSENTIAL,Shot Matinal,OCEAN DROP,1105,698,SEM_SUBGRUPO,SEM_SUBGRUPO,True,True,0.0729,,0,,0.0,Sem relação clara,variações independentes (corr. +0.07),0.0,2026-10-04
Suplemento de Magnésio - Blue Calm,PURAVIDA,100% Whey Pure,INTEGRALMEDICA,550,910,SEM_SUBGRUPO,SEM_SUBGRUPO,True,True,0.382,,0,,0.0,Sem relação clara,variações parecidas (corr. +0.38),0.0,2026-10-04
Ômega Golden,ESSENTIAL,Aminoácido N-acetil L-cisteína (NAC),VITAFOR,1010,377,SEM_SUBGRUPO,SEM_SUBGRUPO,True,True,0.1326,,0,,0.0,Sem relação clara,variações parecidas (corr. +0.13),0.0,2026-10-04
Cúrcuma Plus,VITAFOR,Whey Protein Isolado,DUX,433,943,SEM_SUBGRUPO,SEM_SUBGRUPO,True,False,0.1857,-0.0573,11,0.4051,1.0,Sem relação clara,"nos picos de um, o outro não caiu; variações parecidas (corr. +0.19); saem juntos 0.4× o esperado",0.0,2026-10-04
Magnésio - Mag 5 Complex,NUTRIFY,Cúrcuma Plus,VITAFOR,1657,416,SEM_SUBGRUPO,SEM_SUBGRUPO,True,True,0.0076,,0,,0.0,Sem relação clara,variações independentes (corr. +0.01),0.0,2026-10-04
Ômega 3 - EPA DHA - 1000mg,EQUALIV,Creatina - Creafort (Creapure),VITAFOR,1215,434,SEM_SUBGRUPO,SEM_SUBGRUPO,True,False,0.0056,-0.039,11,,0.0,Sem relação clara,"nos picos de um, o outro não caiu; variações independentes (corr. +0.01)",0.0,2026-10-04
Proteína Isolada e Hidrolisada - Body Protein,EQUALIV,#Whey Fort 3W,VITAFOR,1124,337,SEM_SUBGRUPO,SEM_SUBGRUPO,True,True,0.2524,,0,,0.0,Sem relação clara,variações parecidas (corr. +0.25),0.0,2026-10-04
Omegafor Plus,VITAFOR,Glutamina,DUX,375,474,SEM_SUBGRUPO,SEM_SUBGRUPO,True,False,0.1779,,0,,0.0,Sem relação clara,variações parecidas (corr. +0.18),0.0,2026-10-04
Probióticos em Pó - Simfort,VITAFOR,Aminoácido - Aminovita,VITAFOR,365,381,SEM_SUBGRUPO,SEM_SUBGRUPO,True,True,0.1054,,0,,0.0,Sem relação clara,variações parecidas (corr. +0.11),0.0,2026-10-04
Beta Alanina,VITAFOR,Isofort Plant (Life Vegan),VITAFOR,391,427,SEM_SUBGRUPO,SEM_SUBGRUPO,True,True,0.0747,,0,,0.0,Sem relação clara,variações independentes (corr. +0.07),0.0,2026-10-04
Palatinose,VITAFOR,Glutamina,OCEAN DROP,374,688,SEM_SUBGRUPO,SEM_SUBGRUPO,True,True,0.0522,,0,,0.0,Sem relação clara,variações independentes (corr. +0.05),0.0,2026-10-04
Ômega 3 - 1360mg,NUTRIFY,Whey Protein Isolado,DUX,635,941,SEM_SUBGRUPO,SEM_SUBGRUPO,True,False,0.0493,-0.1452,5,,0.0,Sem relação clara,"nos picos de um, o outro não caiu; variações independentes (corr. +0.05)",0.0,2026-10-04
Ômega Core,ESSENTIAL,Colágeno - Collagen Essential Protein,ESSENTIAL,1011,1049,SEM_SUBGRUPO,SEM_SUBGRUPO,True,True,0.1507,,0,,0.0,Sem relação clara,variações parecidas (corr. +0.15),0.0,2026-10-04
BT Nitrato 400,DOBRO,Sleep,KOALA,480,800,SEM_SUBGRUPO,SEM_SUBGRUPO,True,True,0.0305,,0,,0.0,Sem relação clara,variações independentes (corr. +0.03),0.0,2026-10-04
Whey Fort 3W,VITAFOR,Whey Fort 3W,VITAFOR,341,342,SEM_SUBGRUPO,SEM_SUBGRUPO,True,True,0.0934,,0,,0.0,Sem relação clara,variações independentes (corr. +0.09),0.0,2026-10-04
Super Ômega 3,ESSENTIAL,Ômega 3 Fosfatix,PURAVIDA,38,52,SEM_SUBGRUPO,SEM_SUBGRUPO,True,True,0.028,,0,,0.0,Sem relação clara,variações independentes (corr. +0.03),0.0,2026-10-04
Creatina 100%,NUTRIFY,Glutamina,OCEAN DROP,1097,688,SEM_SUBGRUPO,SEM_SUBGRUPO,True,True,0.107,,0,,0.0,Sem relação clara,variações parecidas (corr. +0.11),0.0,2026-10-04
Suplemento Alimentar - True Nac,TRUE SOURCE,NAC PRO,DUX,1111,1853,SEM_SUBGRUPO,SEM_SUBGRUPO,True,True,0.1566,,0,,0.0,Sem relação clara,variações parecidas (corr. +0.16),0.0,2026-10-04
Própolis Trio,TRUE SOURCE,Whey hidrolisado e isolado Creme Broule 837g TRUE SOURCE,TRUE SOURCE,1044,89,SEM_SUBGRUPO,SEM_SUBGRUPO,True,True,0.1206,,0,,0.0,Sem relação clara,variações parecidas (corr. +0.12),0.0,2026-10-04
Fresh Vegan,DUX,Melatonina - Ydrosolv,YOSEN,1116,1137,SEM_SUBGRUPO,SEM_SUBGRUPO,True,True,0.1401,,0,,0.0,Sem relação clara,variações parecidas (corr. +0.14),0.0,2026-10-04
Colágeno - Colagentek Protein - Bodybalance,VITAFOR,Whey Fort 3W,VITAFOR,1451,341,SEM_SUBGRUPO,SEM_SUBGRUPO,True,True,0.0711,,0,,0.0,Sem relação clara,variações independentes (corr. +0.07),0.0,2026-10-04
Livestrong,ESSENTIAL,Whey hidrolisado e isolado,TRUE SOURCE,1874,87,SEM_SUBGRUPO,SEM_SUBGRUPO,True,True,0.1465,,0,,0.0,Sem relação clara,variações parecidas (corr. +0.15),0.0,2026-10-04
Whey Protein Isolado - Sachê,DUX,Tablete de Doce,FLORMEL,1917,835,SEM_SUBGRUPO,SEM_SUBGRUPO,True,True,0.0942,,0,,0.0,Sem relação clara,variações independentes (corr. +0.09),0.0,2026-10-04
Vitamina C + Zinco - Gomas,OCEAN DROP,Barrinha de Proteína,DUX,693,899,SEM_SUBGRUPO,SEM_SUBGRUPO,True,True,0.0084,,0,,0.0,Sem relação clara,variações independentes (corr. +0.01),0.0,2026-10-04
Whey Protein Concentrado - Sachê,DUX,Snack Proteico,OCEAN DROP,1908,1969,SEM_SUBGRUPO,SEM_SUBGRUPO,True,True,0.2099,,0,,0.0,Sem relação clara,variações parecidas (corr. +0.21),0.0,2026-10-04
Bio Ferro,PURAVIDA,SuperCoffee Língua de gato - Kopenhagen,CAFFEINE ARMY,1069,1384,SEM_SUBGRUPO,SEM_SUBGRUPO,True,False,0.1088,-0.071,10,,0.0,Sem relação clara,"nos picos de um, o outro não caiu; variações parecidas (corr. +0.11)",0.0,2026-10-04
Suplemento de Magnésio - Blue Calm,PURAVIDA,100% Whey Protein - Flavour,ATLHETICA NUTRITION,1239,144,SEM_SUBGRUPO,SEM_SUBGRUPO,True,True,0.3033,,0,,0.0,Sem relação clara,variações parecidas (corr. +0.30),0.0,2026-10-04
Gold Whey Concentrado Refil,ADAPTOGEN,Melatonina Fast,EQUALIV,112,992,SEM_SUBGRUPO,SEM_SUBGRUPO,True,True,0.022,,0,,0.0,Sem relação clara,variações independentes (corr. +0.02),0.0,2026-10-04
Refil Whey 100% Pure,INTEGRALMEDICA,Colágeno - Colagentek,VITAFOR,140,443,SEM_SUBGRUPO,SEM_SUBGRUPO,True,True,0.1202,,0,,0.0,Sem relação clara,variações parecidas (corr. +0.12),0.0,2026-10-04
Própolis - Green Própolis,NUTRIFY,Probióticos em Pó - Simfort,VITAFOR,1326,361,SEM_SUBGRUPO,SEM_SUBGRUPO,True,True,0.007,,0,,0.0,Sem relação clara,variações independentes (corr. +0.01),0.0,2026-10-04
Vitamina D3 + K2,NUTRIFY,Aminoácido N-acetil L-cisteína (NAC),VITAFOR,1331,377,SEM_SUBGRUPO,SEM_SUBGRUPO,True,True,0.3672,,0,,0.0,Sem relação clara,variações parecidas (corr. +0.37),0.0,2026-10-04
Aminoácido N-acetil L-cisteína (NAC),VITAFOR,"Boraprim - Borragem, Prímula e Gergelim",VITAFOR,377,419,SEM_SUBGRUPO,SEM_SUBGRUPO,True,True,0.1588,,0,,0.0,Sem relação clara,variações parecidas (corr. +0.16),0.0,2026-10-04
Granola,KOBBER,Aminoácido - Tryptophan,NUTRIFY,1146,533,SEM_SUBGRUPO,SEM_SUBGRUPO,True,True,0.2828,,0,,0.0,Sem relação clara,variações parecidas (corr. +0.28),0.0,2026-10-04
Whey Protein Isolado - Sachê,DUX,Whey Protein Isolado - Sachê,DUX,1910,1913,SEM_SUBGRUPO,SEM_SUBGRUPO,True,True,0.1815,,0,,0.0,Sem relação clara,variações parecidas (corr. +0.18),0.0,2026-10-04
NAC,OCEAN DROP,Vitamina B12,LAUTON,1966,629,SEM_SUBGRUPO,SEM_SUBGRUPO,True,True,0.1693,,0,,0.0,Sem relação clara,variações parecidas (corr. +0.17),0.0,2026-10-04
Whey Protein Concentrado,DUX,Vitamina D - Vita D3,VITAFOR,2,395,SEM_SUBGRUPO,SEM_SUBGRUPO,True,False,0.0825,,0,,0.0,Sem relação clara,variações independentes (corr. +0.08),0.0,2026-10-04
Coenzima Q10 (200mg p/ porção),VITAFOR,Magnésio Quelato - Bio Mag,PURAVIDA,449,620,SEM_SUBGRUPO,SEM_SUBGRUPO,True,True,0.1989,,0,,0.0,Sem relação clara,variações parecidas (corr. +0.20),0.0,2026-10-04
Snack Proteico,OCEAN DROP,Snack Proteico,OCEAN DROP,1968,1970,SEM_SUBGRUPO,SEM_SUBGRUPO,True,True,0.6557,,0,,0.0,Sem relação clara,variações parecidas (corr. +0.66),0.0,2026-10-04
Whey 3W -  Sachê,BOLD,Whey 3W -  Sachê,BOLD,1941,1942,SEM_SUBGRUPO,SEM_SUBGRUPO,True,True,0.3492,,0,,0.0,Sem relação clara,variações parecidas (corr. +0.35),0.0,2026-10-04
Probiótico - Simfort Plus,VITAFOR,Fresh Whey,DUX,360,861,SEM_SUBGRUPO,SEM_SUBGRUPO,True,False,0.2342,-0.3798,11,,0.0,Sem relação clara,"nos picos de um, o outro não caiu; variações parecidas (corr. +0.23)",0.0,2026-10-04
Colágeno - Collagen Renew Hidrolisado,NUTRIFY,Colágeno Tipo II - Artro Aid,NUTRIFY,1093,1329,SEM_SUBGRUPO,SEM_SUBGRUPO,True,True,0.01,,0,,0.0,Sem relação clara,variações independentes (corr. +0.01),0.0,2026-10-04
Suplemento de Magnésio - Blue Calm,PURAVIDA,Refil Whey Concentrado - W100,NUTRATA,1239,1485,SEM_SUBGRUPO,SEM_SUBGRUPO,True,True,0.2199,,0,,0.0,Sem relação clara,variações parecidas (corr. +0.22),0.0,2026-10-04
Refil Whey Protein Concentrado,VITAFOR,NAC PRO,DUX,1673,1853,SEM_SUBGRUPO,SEM_SUBGRUPO,True,True,0.2084,,0,,0.0,Sem relação clara,variações parecidas (corr. +0.21),0.0,2026-10-04
Melatonina Duo Harmony,ESSENTIAL,Coenzima Q10,OCEAN DROP,1107,681,SEM_SUBGRUPO,SEM_SUBGRUPO,True,True,0.2386,,0,,0.0,Sem relação clara,variações parecidas (corr. +0.24),0.0,2026-10-04
Bio Zinco,PURAVIDA,Beta Alanina 100%,NUTRATA,619,638,SEM_SUBGRUPO,SEM_SUBGRUPO,True,True,0.1236,,0,,0.0,Sem relação clara,variações parecidas (corr. +0.12),0.0,2026-10-04
Refil Whey 100% Pure,INTEGRALMEDICA,Multivitaminico  - Imunomult- 1000mg,VITAFOR,138,613,SEM_SUBGRUPO,SEM_SUBGRUPO,True,True,0.1906,,0,,0.0,Sem relação clara,variações parecidas (corr. +0.19),0.0,2026-10-04
