semana,marca,unidades,faturamento
2024-03-11,ATLHETICA NUTRITION,1.0,94.61
2024-03-11,PURAVIDA,1.0,55.24
2024-03-11,VITAFOR,8.0,1085.01
2024-03-18,VITAFOR,3.0,465.28
2024-03-25,VITAFOR,2.0,318.01
2024-04-01,ADAPTOGEN,1.0,161.12
2024-04-01,ESSENTIAL,3.0,332.93
2024-04-01,MAIS MU,6.0,576.44
2024-04-01,NUTRIFY,1.0,98.62
2024-04-01,PURAVIDA,1.0,133.99
2024-04-01,VITAFOR,15.0,1893.25
2024-04-08,ADAPTOGEN,1.0,110.77
2024-04-08,ATLHETICA NUTRITION,5.0,548.76
2024-04-08,HI-TECH,1.0,144.19
2024-04-08,INTEGRALMEDICA,1.0,98.85
2024-04-08,MAIS MU,2.0,196.37
2024-04-08,OPTIMUM NUTRITION,1.0,183.74
2024-04-08,TRUE SOURCE,2.0,402.8
2024-04-08,VITAFOR,10.0,1261.82
2024-04-15,ATLHETICA NUTRITION,4.0,387.64
2024-04-15,INTEGRALMEDICA,1.0,98.85
2024-04-15,MAIS MU,2.0,166.16
2024-04-15,PURAVIDA,2.0,229.83
2024-04-15,UNDER LABZ,1.0,85.6
2024-04-15,VITAFOR,10.0,1110.66
2024-04-22,ADAPTOGEN,1.0,110.77
2024-04-22,ATLHETICA NUTRITION,8.0,790.36
2024-04-22,DUX,2.0,161.68
2024-04-22,ESSENTIAL,2.0,334.1
2024-04-22,INTEGRALMEDICA,2.0,197.7
2024-04-22,MAIS MU,2.0,177.23
2024-04-22,NUTRIFY,2.0,322.84
2024-04-22,PURAVIDA,8.0,471.09
2024-04-22,TOPWAY,1.0,171.19
2024-04-22,TRUE SOURCE,1.0,201.4
2024-04-22,VITAFOR,16.0,1500.5
2024-04-22,Z2,2.0,99.18
2024-04-29,ADAPTOGEN,1.0,90.63
2024-04-29,ATLHETICA NUTRITION,9.0,904.31
2024-04-29,DOBRO,1.0,159.03
2024-04-29,DUOM,1.0,60.42
2024-04-29,DUX,5.0,506.4
2024-04-29,ELEMENTO PURO,1.0,37.23
2024-04-29,ESSENTIAL,5.0,770.7
2024-04-29,INTEGRALMEDICA,2.0,211.83
2024-04-29,PURAVIDA,1.0,180.47
2024-04-29,TUFF LABS,1.0,75.53
2024-04-29,VITAFOR,24.0,2415.9
2024-04-29,Z2,1.0,95.76
2024-05-06,ADAPTOGEN,3.0,315.35
2024-05-06,ATLHETICA NUTRITION,4.0,334.26
2024-05-06,CAFFEINE ARMY,1.0,96.93
2024-05-06,CENTRAL NUTRITION,3.0,395.68
2024-05-06,DUX,9.0,756.58
2024-05-06,DYMATIZE,1.0,178.4
2024-05-06,ELEMENTO PURO,2.0,208.38
2024-05-06,EQUALIV,1.0,164.32
2024-05-06,ESSENTIAL,4.0,590.65
2024-05-06,INTEGRALMEDICA,4.0,366.41
2024-05-06,MAIS MU,2.0,288.32
2024-05-06,NUTRATA,2.0,77.28
2024-05-06,NUTRIFY,1.0,144.43
2024-05-06,OPTIMUM NUTRITION,1.0,237.52
2024-05-06,PURAVIDA,1.0,44.72
2024-05-06,TOPWAY,1.0,124.77
2024-05-06,TUFF LABS,1.0,67.58
2024-05-06,UNDER LABZ,1.0,76.59
2024-05-06,VITAFOR,43.0,4065.53
2024-05-13,ADAPTOGEN,4.0,423.47
2024-05-13,ATLHETICA NUTRITION,11.0,980.61
2024-05-13,BOLD,2.0,285.4
2024-05-13,CAFFEINE ARMY,4.0,544.97
2024-05-13,CENTRAL NUTRITION,2.0,280.27
2024-05-13,DUX,7.0,615.42
2024-05-13,EQUALIV,1.0,164.32
2024-05-13,ESSENTIAL,6.0,743.08
2024-05-13,HI-TECH,3.0,387.03
2024-05-13,INTEGRALMEDICA,3.0,265.32
2024-05-13,NUTRATA,1.0,38.64
2024-05-13,NUTRIFY,1.0,158.43
2024-05-13,PURAVIDA,9.0,716.76
2024-05-13,TOPWAY,2.0,192.35
2024-05-13,TRUE SOURCE,1.0,90.1
2024-05-13,UNDER LABZ,1.0,76.59
2024-05-13,VITAFOR,64.0,5816.74
2024-05-20,ADAPTOGEN,4.0,513.57
2024-05-20,ATLHETICA NUTRITION,6.0,543.24
2024-05-20,CAFFEINE ARMY,1.0,96.92
2024-05-20,DARKNESS,2.0,237.51
2024-05-20,DUX,5.0,613.9
2024-05-20,ENDOGEN,5.0,405.05
2024-05-20,EQUALIV,2.0,328.64
2024-05-20,ESSENTIAL,3.0,355.94
2024-05-20,INTEGRALMEDICA,7.0,577.61
2024-05-20,NUTRIFY,6.0,830.4
2024-05-20,PURAVIDA,4.0,178.88
2024-05-20,SYNTRAX,1.0,273.7
2024-05-20,TOPWAY,1.0,153.17
2024-05-20,TUFF LABS,3.0,245.98
2024-05-20,UNDER LABZ,3.0,229.77
2024-05-20,VITAFOR,45.0,4711.53
2024-05-27,ADAPTOGEN,1.0,144.16
2024-05-27,ATLHETICA NUTRITION,3.0,271.16
2024-05-27,CAFFEINE ARMY,2.0,157.32
2024-05-27,DUX,2.0,121.2
2024-05-27,ESSENTIAL,10.0,1353.63
2024-05-27,INTEGRALMEDICA,4.0,366.41
2024-05-27,MUSCLETECH,2.0,356.8
2024-05-27,NUTRATA,1.0,41.73
2024-05-27,NUTRIFY,2.0,188.36
2024-05-27,PURAVIDA,2.0,278.45
2024-05-27,TOPWAY,2.0,135.16
2024-05-27,TUFF LABS,1.0,89.2
2024-05-27,UNDER LABZ,2.0,153.18
2024-05-27,VITAFOR,31.0,2564.47
2024-06-03,ADAPTOGEN,1.0,81.09
2024-06-03,ATLHETICA NUTRITION,8.0,682.47
2024-06-03,CAFFEINE ARMY,1.0,96.93
2024-06-03,CENTRAL NUTRITION,1.0,138.04
2024-06-03,DUOM,2.0,60.96
2024-06-03,DUX,2.0,277.23
2024-06-03,DYMATIZE,2.0,356.8
2024-06-03,ELEMENTO PURO,1.0,30.29
2024-06-03,EQUALIV,2.0,328.64
2024-06-03,ESSENTIAL,12.0,1555.38
2024-06-03,INTEGRALMEDICA,4.0,379.06
2024-06-03,NUTRATA,1.0,41.73
2024-06-03,NUTRIFY,3.0,228.81
2024-06-03,OCEAN DROP,4.0,191.9
2024-06-03,PURAVIDA,8.0,610.05
2024-06-03,SUBLYME,1.0,87.21
2024-06-03,TRUE SOURCE,2.0,360.4
2024-06-03,TUFF LABS,1.0,54.71
2024-06-03,VITAFOR,71.0,6873.38
2024-06-10,ADAPTOGEN,2.0,216.24
2024-06-10,ATLHETICA NUTRITION,14.0,1252.69
2024-06-10,CAFFEINE ARMY,3.0,321.17
2024-06-10,CENTRAL NUTRITION,1.0,180.97
2024-06-10,DARKNESS,1.0,92.59
2024-06-10,DOBRO,2.0,219.26
2024-06-10,DUX,8.0,1308.7
2024-06-10,ELEMENTO PURO,1.0,226.4
2024-06-10,ENDOGEN,1.0,81.01
2024-06-10,EQUALIV,3.0,492.96
2024-06-10,ESSENTIAL,7.0,1238.08
2024-06-10,INTEGRALMEDICA,4.0,379.06
2024-06-10,MAIS MU,1.0,23.77
2024-06-10,NEW MILLEN,1.0,90.08
2024-06-10,NUTRATA,3.0,237.37
2024-06-10,NUTRIFY,8.0,462.46
2024-06-10,OCEAN DROP,5.0,247.04
2024-06-10,PURAVIDA,7.0,764.79
2024-06-10,SYNTRAX,1.0,279.64
2024-06-10,TOPWAY,1.0,124.77
2024-06-10,UNDER LABZ,3.0,229.77
2024-06-10,VITAFOR,41.0,3650.55
2024-06-10,Z2,1.0,79.48
2024-06-10,ZEROMILK,1.0,24.65
2024-06-17,ADAPTOGEN,4.0,520.09
2024-06-17,ATLHETICA NUTRITION,10.0,891.45
2024-06-17,CAFFEINE ARMY,4.0,492.55
2024-06-17,CENTRAL NUTRITION,1.0,76.67
2024-06-17,DOBRO,1.0,109.63
2024-06-17,DUOM,1.0,21.48
2024-06-17,DUX,6.0,976.68
2024-06-17,ELEMENTO PURO,1.0,33.31
2024-06-17,EQUALIV,4.0,657.28
2024-06-17,ESSENTIAL,16.0,1940.28
2024-06-17,INTEGRALMEDICA,6.0,627.86
2024-06-17,LAUTON,1.0,30.94
2024-06-17,L`AMORE NUTS,1.0,20.11
2024-06-17,MAIS MU,2.0,198.22
2024-06-17,NUTRIFY,5.0,474.49
2024-06-17,OCEAN DROP,5.0,254.95
2024-06-17,ONLY4,2.0,46.76
2024-06-17,PLANT POWER,1.0,82.26
2024-06-17,PURAVIDA,4.0,467.09
2024-06-17,TOPWAY,2.0,277.94
2024-06-17,TRUE SOURCE,2.0,270.3
2024-06-17,TUFF LABS,1.0,89.2
2024-06-17,UNDER LABZ,1.0,76.59
2024-06-17,VITAFOR,56.0,5681.2
2024-06-17,ZEROMILK,2.0,49.3
2024-06-24,ATLHETICA NUTRITION,18.0,1615.77
2024-06-24,BOLD,5.0,275.18
2024-06-24,CAFFEINE ARMY,5.0,422.3
2024-06-24,DARKNESS,1.0,123.34
2024-06-24,DOBRO,9.0,574.12
2024-06-24,DUX,6.0,952.24
2024-06-24,ELEMENTO PURO,3.0,420.8
2024-06-24,ENDOGEN,1.0,81.01
2024-06-24,EQUALIV,2.0,328.64
2024-06-24,ESSENTIAL,5.0,474.23
2024-06-24,GU,2.0,376.58
2024-06-24,HI-TECH,2.0,258.02
2024-06-24,INTEGRALMEDICA,10.0,892.86
2024-06-24,MAIS MU,1.0,99.11
2024-06-24,NUTRATA,1.0,41.73
2024-06-24,NUTRIFY,5.0,640.42
2024-06-24,OCEAN DROP,10.0,751.15
2024-06-24,OPTIMUM NUTRITION,1.0,237.52
2024-06-24,PURAVIDA,10.0,643.58
2024-06-24,SUBLYME,1.0,101.92
2024-06-24,TOPWAY,5.0,585.42
2024-06-24,TRUE SOURCE,7.0,1081.2
2024-06-24,UNDER LABZ,1.0,76.59
2024-06-24,VITAFOR,80.0,7932.3
2024-06-24,Z2,4.0,201.42
2024-07-01,ADAPTOGEN,2.0,297.09
2024-07-01,ATLHETICA NUTRITION,22.0,1934.7
2024-07-01,BOLD,4.0,156.86
2024-07-01,CAFFEINE ARMY,2.0,44.94
2024-07-01,CENTRAL NUTRITION,1.0,180.97
2024-07-01,CHEF WHEY,1.0,166.97
2024-07-01,DARKNESS,1.0,92.59
2024-07-01,DOBRO,3.0,79.64
2024-07-01,DUOM,5.0,188.86
2024-07-01,DUX,3.0,571.35
2024-07-01,ELEMENTO PURO,4.0,678.55
2024-07-01,EQUALIV,2.0,328.64
2024-07-01,ESSENTIAL,12.0,1822.91
2024-07-01,GU,1.0,31.38
2024-07-01,INTEGRALMEDICA,9.0,779.12
2024-07-01,LAUTON,3.0,95.11
2024-07-01,MAIS MU,2.0,95.09
2024-07-01,MIX NUTRI,1.0,71.4
2024-07-01,NUTRATA,1.0,86.4
2024-07-01,NUTRIFY,7.0,770.87
2024-07-01,OCEAN DROP,9.0,342.36
2024-07-01,OPTIMUM NUTRITION,1.0,245.17
2024-07-01,PERFOMANCE NUTRITION,1.0,75.22
2024-07-01,PURAVIDA,15.0,1060.81
2024-07-01,TOPWAY,1.0,67.58
2024-07-01,TRUE SOURCE,5.0,804.64
2024-07-01,VITAFOR,65.0,6341.27
2024-07-01,Z2,3.0,103.28
2024-07-01,ZEROMILK,1.0,24.65
2024-07-08,ATLHETICA NUTRITION,13.0,1107.27
2024-07-08,BOLD,1.0,142.7
2024-07-08,CAFFEINE ARMY,3.0,289.15
2024-07-08,CENTRAL NUTRITION,1.0,180.97
2024-07-08,DARKNESS,1.0,123.34
2024-07-08,DOBRO,5.0,306.45
2024-07-08,DUOM,1.0,15.45
2024-07-08,DUX,10.0,1537.37
2024-07-08,EQUALIV,3.0,492.96
2024-07-08,ESSENTIAL,11.0,1557.83
2024-07-08,INTEGRALMEDICA,1.0,95.84
2024-07-08,LAUTON,3.0,127.72
2024-07-08,MAIS MU,3.0,149.41
2024-07-08,MOSTEIRO DEVAKAN,1.0,38.59
2024-07-08,NUTRIFY,12.0,1010.33
2024-07-08,OCEAN DROP,8.0,636.15
2024-07-08,OPTIMUM NUTRITION,2.0,392.64
2024-07-08,PERFOMANCE NUTRITION,2.0,150.44
2024-07-08,PLANT POWER,1.0,82.26
2024-07-08,PURAVIDA,15.0,970.08
2024-07-08,TOPWAY,2.0,211.5
2024-07-08,TRUE SOURCE,8.0,1183.64
2024-07-08,VITAFOR,97.0,8454.16
2024-07-08,WE:ON,1.0,50.07
2024-07-15,ADAPTOGEN,4.0,875.44
2024-07-15,ATLHETICA NUTRITION,23.0,2055.93
2024-07-15,BOLD,2.0,66.24
2024-07-15,CAFFEINE ARMY,5.0,641.4
2024-07-15,CENTRAL NUTRITION,5.0,340.98
2024-07-15,DOBRO,1.0,109.63
2024-07-15,DUOM,5.0,159.88
2024-07-15,DUX,16.0,2034.48
2024-07-15,ELEMENTO PURO,2.0,206.82
2024-07-15,ENDOGEN,1.0,81.01
2024-07-15,EQUALIV,4.0,657.28
2024-07-15,ESSENTIAL,6.0,941.14
2024-07-15,INTEGRALMEDICA,12.0,1086.69
2024-07-15,LAUTON,4.0,181.39
2024-07-15,MAIS MU,5.0,236.48
2024-07-15,NUTRATA,4.0,297.84
2024-07-15,NUTRIFY,2.0,75.65
2024-07-15,NUTRILATINA,1.0,161.38
2024-07-15,OCEAN DROP,15.0,913.53
2024-07-15,PINATI,3.0,86.23
2024-07-15,PURAVIDA,16.0,1013.86
2024-07-15,SHARK PRO,1.0,127.5
2024-07-15,SUBLYME,3.0,291.05
2024-07-15,TOPWAY,1.0,153.17
2024-07-15,TRUE SOURCE,4.0,560.99
2024-07-15,UNDER LABZ,1.0,76.59
2024-07-15,UNIVERSAL NUTRITION,1.0,61.79
2024-07-15,VITAFOR,90.0,8736.67
2024-07-15,Z2,4.0,242.77
2024-07-22,ADAPTOGEN,4.0,506.44
2024-07-22,ATLHETICA NUTRITION,7.0,716.39
2024-07-22,BOLD,3.0,107.01
2024-07-22,CAFFEINE ARMY,3.0,261.29
2024-07-22,CENTRAL NUTRITION,1.0,73.02
2024-07-22,DUOM,1.0,21.34
2024-07-22,DUX,27.0,3100.43
2024-07-22,DYMATIZE,1.0,178.4
2024-07-22,ELEMENTO PURO,3.0,143.9
2024-07-22,EQUALIV,1.0,164.32
2024-07-22,ESSENTIAL,13.0,1967.03
2024-07-22,FLORMEL,1.0,22.1
2024-07-22,INTEGRALMEDICA,7.0,637.77
2024-07-22,L`AMORE NUTS,2.0,40.22
2024-07-22,NUTRATA,1.0,38.64
2024-07-22,NUTRIFY,8.0,621.36
2024-07-22,OCEAN DROP,10.0,593.32
2024-07-22,PINATI,2.0,58.05
2024-07-22,PURAVIDA,13.0,821.56
2024-07-22,TRUE SOURCE,6.0,907.2
2024-07-22,UNDER LABZ,1.0,76.59
2024-07-22,VITAFOR,64.0,6009.24
2024-07-22,Z2,2.0,171.28
2024-07-29,ALLMAX,2.0,255.0
2024-07-29,ATLHETICA NUTRITION,5.0,539.58
2024-07-29,BOLD,2.0,178.37
2024-07-29,CAFFEINE ARMY,3.0,326.07
2024-07-29,DOBRO,7.0,728.49
2024-07-29,DUOM,1.0,16.97
2024-07-29,DUX,41.0,4831.59
2024-07-29,ELEMENTO PURO,2.0,166.64
2024-07-29,ENDOGEN,1.0,109.68
2024-07-29,ESSENTIAL,7.0,1189.0
2024-07-29,GU,1.0,31.38
2024-07-29,INTEGRALMEDICA,6.0,524.3
2024-07-29,KOALA,2.0,237.66
2024-07-29,LAUTON,1.0,24.52
2024-07-29,MAIS MU,3.0,264.25
2024-07-29,NUTRATA,1.0,86.4
2024-07-29,NUTRIFY,4.0,373.59
2024-07-29,NUTRILATINA,1.0,60.31
2024-07-29,OCEAN DROP,5.0,329.31
2024-07-29,PINATI,3.0,86.23
2024-07-29,PURAVIDA,15.0,1175.87
2024-07-29,SUBLYME,1.0,101.92
2024-07-29,TOPWAY,2.0,277.94
2024-07-29,TRUE SOURCE,6.0,851.79
2024-07-29,UNDER LABZ,3.0,229.77
2024-07-29,VITAFOR,52.0,4254.46
2024-07-29,Z2,5.0,243.96
2024-08-05,ADAPTOGEN,1.0,83.35
2024-08-05,ALLMAX,2.0,255.0
2024-08-05,AST SPORTS SCIENCE,1.0,172.79
2024-08-05,ATLHETICA NUTRITION,5.0,566.46
2024-08-05,CAFFEINE ARMY,5.0,556.3
2024-08-05,CENTRAL NUTRITION,5.0,767.06
2024-08-05,DOBRO,10.0,361.5
2024-08-05,DUOM,4.0,83.66
2024-08-05,DUX,35.0,4325.2
2024-08-05,ENDOGEN,1.0,69.45
2024-08-05,EQUALIV,5.0,821.6
2024-08-05,ESSENTIAL,14.0,2084.78
2024-08-05,FLORMEL,3.0,83.1
2024-08-05,GU,1.0,188.29
2024-08-05,INTEGRALMEDICA,4.0,410.05
2024-08-05,L`AMORE NUTS,1.0,20.11
2024-08-05,MAIS MU,5.0,392.75
2024-08-05,MUSCLETECH,1.0,198.98
2024-08-05,NUTRATA,1.0,35.9
2024-08-05,NUTRIFY,9.0,771.13
2024-08-05,OCEAN DROP,10.0,680.22
2024-08-05,PURAVIDA,15.0,1081.01
2024-08-05,SYNTRAX,1.0,270.62
2024-08-05,TRUE SOURCE,5.0,826.26
2024-08-05,VITAFOR,79.0,6738.44
2024-08-05,Z2,3.0,120.37
2024-08-12,ADAPTOGEN,1.0,141.03
2024-08-12,ALLMAX,3.0,382.5
2024-08-12,ATLHETICA NUTRITION,9.0,915.72
2024-08-12,CAFFEINE ARMY,2.0,238.82
2024-08-12,DARKNESS,1.0,123.34
2024-08-12,DOBRO,7.0,377.73
2024-08-12,DUOM,2.0,37.65
2024-08-12,DUX,28.0,2673.32
2024-08-12,ENDOGEN,1.0,107.13
2024-08-12,EQUALIV,4.0,657.28
2024-08-12,ESSENTIAL,6.0,1080.88
2024-08-12,FTW,1.0,57.38
2024-08-12,GU,2.0,336.98
2024-08-12,INTEGRALMEDICA,6.0,711.67
2024-08-12,KOALA,1.0,118.83
2024-08-12,LAUTON,3.0,148.93
2024-08-12,MAX TITANIUM,2.0,191.82
2024-08-12,MOSTEIRO DEVAKAN,1.0,38.59
2024-08-12,NUTRATA,2.0,128.13
2024-08-12,NUTRIFY,2.0,227.76
2024-08-12,OCEAN DROP,7.0,432.9
2024-08-12,PERFOMANCE NUTRITION,1.0,81.76
2024-08-12,PINATI,1.0,24.14
2024-08-12,PLANT POWER,1.0,75.93
2024-08-12,PURAVIDA,19.0,1170.99
2024-08-12,SANAVITA,2.0,201.74
2024-08-12,SHARK PRO,1.0,84.99
2024-08-12,SUBLYME,1.0,87.21
2024-08-12,SYNTRAX,1.0,273.7
2024-08-12,TOPWAY,1.0,124.77
2024-08-12,VITAFOR,53.0,5016.98
2024-08-19,ALLMAX,2.0,255.0
2024-08-19,AST SPORTS SCIENCE,1.0,172.79
2024-08-19,ATLHETICA NUTRITION,5.0,510.45
2024-08-19,BOLD,2.0,173.27
2024-08-19,CAFFEINE ARMY,3.0,266.19
2024-08-19,CENTRAL NUTRITION,1.0,162.27
2024-08-19,CHEF WHEY,2.0,333.94
2024-08-19,DARKNESS,4.0,431.86
2024-08-19,DOBRO,1.0,106.1
2024-08-19,DUOM,1.0,35.79
2024-08-19,DUX,21.0,2749.78
2024-08-19,ELEMENTO PURO,3.0,393.04
2024-08-19,ESSENTIAL,7.0,1061.41
2024-08-19,FTW,1.0,54.4
2024-08-19,INTEGRALMEDICA,4.0,359.23
2024-08-19,KOALA,1.0,101.01
2024-08-19,LAUTON,4.0,143.57
2024-08-19,MAIS MU,1.0,42.49
2024-08-19,NUTRATA,2.0,77.63
2024-08-19,NUTRIFY,6.0,694.74
2024-08-19,OCEAN DROP,7.0,321.19
2024-08-19,OPTIMUM NUTRITION,1.0,228.24
2024-08-19,PINATI,1.0,24.14
2024-08-19,PURAVIDA,35.0,2576.26
2024-08-19,SANAVITA,1.0,100.87
2024-08-19,SHARK PRO,2.0,54.74
2024-08-19,TOPWAY,1.0,153.17
2024-08-19,VITAFOR,53.0,5245.59
2024-08-19,Z2,2.0,83.98
2024-08-26,ADAPTOGEN,3.0,365.41
2024-08-26,ATLHETICA NUTRITION,16.0,1541.4
2024-08-26,BOLD,8.0,798.34
2024-08-26,CAFFEINE ARMY,4.0,456.02
2024-08-26,CENTRAL NUTRITION,4.0,385.24
2024-08-26,DOBRO,2.0,248.39
2024-08-26,DUX,33.0,3683.73
2024-08-26,ELEMENTO PURO,2.0,258.39
2024-08-26,ENDOGEN,1.0,69.45
2024-08-26,EQUALIV,3.0,492.96
2024-08-26,ESSENTIAL,7.0,1416.2
2024-08-26,INTEGRALMEDICA,2.0,180.23
2024-08-26,LAUTON,1.0,53.97
2024-08-26,MAIS MU,10.0,793.34
2024-08-26,MANDUBIM,1.0,13.59
2024-08-26,MAX TITANIUM,1.0,95.91
2024-08-26,NUTRIFY,18.0,1467.32
2024-08-26,NUTRILATINA,1.0,29.84
2024-08-26,OCEAN DROP,17.0,866.64
2024-08-26,ONLY4,3.0,70.14
2024-08-26,PLANT POWER,3.0,227.79
2024-08-26,PURAVIDA,24.0,1928.71
2024-08-26,SANAVITA,1.0,107.6
2024-08-26,SHARK PRO,1.0,127.5
2024-08-26,TOPWAY,1.0,86.73
2024-08-26,TRUE SOURCE,6.0,534.29
2024-08-26,VITAFOR,86.0,7981.19
2024-08-26,ZEROMILK,1.0,24.65
2024-09-02,ADAPTOGEN,3.0,552.85
2024-09-02,ALLMAX,3.0,382.5
2024-09-02,APIS FLORA,3.0,95.91
2024-09-02,ATLHETICA NUTRITION,14.0,1702.34
2024-09-02,CAFFEINE ARMY,5.0,675.55
2024-09-02,CENTRAL NUTRITION,4.0,503.38
2024-09-02,DOBRO,2.0,201.34
2024-09-02,DUX,39.0,4850.25
2024-09-02,ELEMENTO PURO,2.0,244.92
2024-09-02,ENDOGEN,1.0,107.13
2024-09-02,EQUALIV,9.0,1473.48
2024-09-02,ESSENTIAL,13.0,2057.77
2024-09-02,FTW,4.0,262.72
2024-09-02,INTEGRALMEDICA,8.0,915.74
2024-09-02,KOALA,1.0,101.01
2024-09-02,LAUTON,1.0,74.29
2024-09-02,MAIS MU,1.0,42.49
2024-09-02,MAX TITANIUM,4.0,460.25
2024-09-02,NUTRATA,2.0,128.13
2024-09-02,NUTRIFY,11.0,954.84
2024-09-02,OCEAN DROP,7.0,405.47
2024-09-02,OPTIMUM NUTRITION,2.0,456.48
2024-09-02,PINATI,3.0,101.73
2024-09-02,PLANT POWER,1.0,75.93
2024-09-02,PURAVIDA,22.0,1870.1
2024-09-02,SHARK PRO,2.0,212.49
2024-09-02,SUBLYME,2.0,189.13
2024-09-02,TOPWAY,1.0,153.17
2024-09-02,TRUE SOURCE,2.0,268.1
2024-09-02,VITAFOR,84.0,8259.0
2024-09-02,Z2,1.0,78.37
2024-09-09,ADAPTOGEN,1.0,141.03
2024-09-09,ALLMAX,3.0,382.5
2024-09-09,APIS FLORA,3.0,80.8
2024-09-09,ATLHETICA NUTRITION,17.0,2053.64
2024-09-09,BOLD,4.0,227.07
2024-09-09,CAFFEINE ARMY,4.0,590.03
2024-09-09,CENTRAL NUTRITION,1.0,73.02
2024-09-09,CHÁ MAIS,1.0,18.0
2024-09-09,DOBRO,7.0,312.14
2024-09-09,DR. PEANUT,1.0,53.59
2024-09-09,DUOM,3.0,102.85
2024-09-09,DUX,38.0,4731.79
2024-09-09,ELEMENTO PURO,2.0,166.64
2024-09-09,ENDOGEN,2.0,214.26
2024-09-09,EQUALIV,6.0,985.92
2024-09-09,ESSENTIAL,12.0,2208.87
2024-09-09,FLORMEL,1.0,27.13
2024-09-09,FTW,4.0,295.39
2024-09-09,INTEGRALMEDICA,6.0,435.36
2024-09-09,KOALA,3.0,454.95
2024-09-09,LAUTON,7.0,304.43
2024-09-09,MAIS MU,10.0,646.33
2024-09-09,MANDUBIM,1.0,20.22
2024-09-09,MAX TITANIUM,2.0,316.51
2024-09-09,MOSTEIRO DEVAKAN,1.0,38.59
2024-09-09,NUTRATA,4.0,252.64
2024-09-09,NUTRIFY,14.0,1172.84
2024-09-09,OCEAN DROP,17.0,940.08
2024-09-09,PURAVIDA,31.0,3034.48
2024-09-09,TRUE SOURCE,3.0,350.64
2024-09-09,VITAFOR,105.0,9478.68
2024-09-09,YOSEN,5.0,538.71
2024-09-16,ADAPTOGEN,2.0,166.7
2024-09-16,ALLMAX,1.0,127.5
2024-09-16,APIS FLORA,5.0,112.29
2024-09-16,ATLHETICA NUTRITION,18.0,1712.86
2024-09-16,BOLD,3.0,189.12
2024-09-16,CAFFEINE ARMY,4.0,462.9
2024-09-16,CENTRAL NUTRITION,4.0,466.33
2024-09-16,DARKNESS,2.0,215.93
2024-09-16,DOBRO,5.0,567.01
2024-09-16,DUOM,3.0,92.92
2024-09-16,DUX,32.0,2750.19
2024-09-16,EQUALIV,6.0,985.92
2024-09-16,ESSENTIAL,9.0,1381.13
2024-09-16,FTW,3.0,153.51
2024-09-16,GU,1.0,202.48
2024-09-16,INTEGRALMEDICA,14.0,1446.76
2024-09-16,KOALA,2.0,303.3
2024-09-16,LAUTON,4.0,238.82
2024-09-16,MAIS MU,4.0,459.17
2024-09-16,NUTRATA,1.0,96.49
2024-09-16,NUTRIFY,9.0,731.58
2024-09-16,OCEAN DROP,18.0,1025.24
2024-09-16,ORGANIC INDIA,1.0,51.02
2024-09-16,PINATI,1.0,33.92
2024-09-16,PLANT POWER,5.0,390.34
2024-09-16,PURAVIDA,21.0,1606.47
2024-09-16,SANAVITA,4.0,281.68
2024-09-16,SHARK PRO,1.0,84.99
2024-09-16,SUBLYME,1.0,87.21
2024-09-16,TRUE SOURCE,7.0,673.48
2024-09-16,TUFF LABS,1.0,89.2
2024-09-16,UNDER LABZ,1.0,126.65
2024-09-16,VITAFOR,86.0,8107.49
2024-09-16,YOSEN,3.0,192.83
2024-09-16,Z2,6.0,357.54
2024-09-16,ZEROMILK,1.0,24.65
2024-09-23,ALLMAX,2.0,255.0
2024-09-23,ATLHETICA NUTRITION,17.0,1832.03
2024-09-23,CAFFEINE ARMY,2.0,231.45
2024-09-23,CENTRAL NUTRITION,4.0,479.93
2024-09-23,DOBRO,4.0,390.7
2024-09-23,DR. PEANUT,3.0,160.77
2024-09-23,DUX,28.0,3239.26
2024-09-23,ELEMENTO PURO,2.0,256.69
2024-09-23,EQUALIV,6.0,985.92
2024-09-23,ESSENTIAL,19.0,2647.42
2024-09-23,FTW,3.0,163.74
2024-09-23,INTEGRALMEDICA,17.0,1549.03
2024-09-23,LAUTON,1.0,39.65
2024-09-23,MAX TITANIUM,4.0,468.28
2024-09-23,MOSTEIRO DEVAKAN,1.0,38.59
2024-09-23,MUSCLETECH,1.0,198.98
2024-09-23,NUTRIFY,16.0,1459.55
2024-09-23,OCEAN DROP,8.0,437.96
2024-09-23,PINATI,5.0,120.7
2024-09-23,PLANT POWER,3.0,238.48
2024-09-23,PURAVIDA,38.0,2791.54
2024-09-23,SANAVITA,4.0,248.05
2024-09-23,SHARK PRO,1.0,127.5
2024-09-23,SUBLYME,3.0,276.34
2024-09-23,TRUE SOURCE,6.0,1044.17
2024-09-23,VITAFOR,74.0,8099.35
2024-09-23,Z2,2.0,119.18
2024-09-30,ALLMAX,4.0,510.0
2024-09-30,APIS FLORA,8.0,231.74
2024-09-30,ATLHETICA NUTRITION,20.0,2225.92
2024-09-30,BLK PERFORMANCE,1.0,95.14
2024-09-30,BOLD,1.0,47.57
2024-09-30,CAFFEINE ARMY,3.0,311.33
2024-09-30,CENTRAL NUTRITION,4.0,470.58
2024-09-30,DOBRO,2.0,212.2
2024-09-30,DUX,21.0,3028.0
2024-09-30,EAT CLEAN,1.0,27.12
2024-09-30,ELEMENTO PURO,2.0,166.64
2024-09-30,EQUALIV,15.0,1869.79
2024-09-30,ESSENTIAL,13.0,1866.31
2024-09-30,FTW,4.0,255.85
2024-09-30,INTEGRALMEDICA,10.0,953.11
2024-09-30,KOALA,1.0,151.65
2024-09-30,KOBBER,1.0,35.82
2024-09-30,LAUTON,4.0,169.48
2024-09-30,MAIS MU,2.0,195.48
2024-09-30,MANDUBIM,1.0,20.22
2024-09-30,MAX TITANIUM,4.0,383.64
2024-09-30,MIX NUTRI,1.0,71.4
2024-09-30,NUTRATA,2.0,183.48
2024-09-30,NUTRIFY,19.0,1415.4
2024-09-30,OCEAN DROP,22.0,1319.87
2024-09-30,PURAVIDA,30.0,1922.86
2024-09-30,SANAVITA,2.0,80.62
2024-09-30,SUBLYME,1.0,87.21
2024-09-30,TOPWAY,1.0,124.77
2024-09-30,TRUE SOURCE,7.0,1041.6
2024-09-30,UNDER LABZ,3.0,379.95
2024-09-30,VITAFOR,94.0,8566.84
2024-09-30,YOSEN,2.0,218.32
2024-10-07,ADAPTOGEN,4.0,691.62
2024-10-07,ALLMAX,4.0,510.0
2024-10-07,APIS FLORA,2.0,45.33
2024-10-07,ATLHETICA NUTRITION,15.0,1576.13
2024-10-07,BOLD,7.0,912.26
2024-10-07,CAFFEINE ARMY,5.0,595.29
2024-10-07,CENTRAL NUTRITION,3.0,343.24
2024-10-07,DARKNESS,1.0,92.59
2024-10-07,DOBRO,12.0,1302.37
2024-10-07,DUOM,1.0,35.79
2024-10-07,DUX,21.0,2420.02
2024-10-07,EAT CLEAN,1.0,29.75
2024-10-07,ELEMENTO PURO,2.0,244.92
2024-10-07,EQUALIV,8.0,1163.56
2024-10-07,ESSENTIAL,16.0,2477.45
2024-10-07,FTW,4.0,309.4
2024-10-07,HART`S NATURAL,3.0,92.77
2024-10-07,INTEGRALMEDICA,20.0,2056.45
2024-10-07,LAUTON,4.0,240.18
2024-10-07,MAIS MU,2.0,61.48
2024-10-07,MAX TITANIUM,1.0,95.91
2024-10-07,MUSCLETECH,1.0,178.4
2024-10-07,NUTRATA,5.0,366.08
2024-10-07,NUTRIFY,8.0,692.37
2024-10-07,OCEAN DROP,15.0,991.2
2024-10-07,OPTIMUM NUTRITION,1.0,224.25
2024-10-07,PINATI,1.0,51.34
2024-10-07,PLANT POWER,2.0,151.86
2024-10-07,PURAVIDA,39.0,2688.21
2024-10-07,SANAVITA,2.0,100.13
2024-10-07,SUBLYME,3.0,261.63
2024-10-07,TOPWAY,1.0,86.73
2024-10-07,TRUE SOURCE,8.0,1265.81
2024-10-07,UNDER LABZ,2.0,253.3
2024-10-07,VITAFOR,95.0,10322.52
2024-10-07,WS NATURAIS,1.0,19.35
2024-10-07,YOSEN,4.0,286.32
2024-10-07,Z2,2.0,143.57
2024-10-14,ADAPTOGEN,3.0,423.09
2024-10-14,ALLMAX,3.0,382.5
2024-10-14,ATLHETICA NUTRITION,31.0,3409.72
2024-10-14,BOLD,5.0,644.54
2024-10-14,CAFFEINE ARMY,4.0,515.41
2024-10-14,CENTRAL NUTRITION,5.0,557.28
2024-10-14,DOBRO,1.0,100.61
2024-10-14,DUOM,1.0,18.18
2024-10-14,DUX,30.0,4203.25
2024-10-14,ELEMENTO PURO,3.0,406.52
2024-10-14,EQUALIV,9.0,1066.06
2024-10-14,ESSENTIAL,22.0,3331.09
2024-10-14,FLORMEL,3.0,66.93
2024-10-14,GU,1.0,201.35
2024-10-14,HART`S NATURAL,1.0,32.09
2024-10-14,HÁBITO VIDA,2.0,46.41
2024-10-14,INTEGRALMEDICA,10.0,807.12
2024-10-14,KOALA,2.0,303.3
2024-10-14,LAUTON,6.0,297.39
2024-10-14,MAIS MU,3.0,184.09
2024-10-14,MANDUBIM,2.0,36.21
2024-10-14,NUTRATA,5.0,477.38
2024-10-14,NUTRIFY,15.0,1177.2
2024-10-14,OCEAN DROP,21.0,1266.39
2024-10-14,PURAVIDA,31.0,2715.44
2024-10-14,SHARK PRO,1.0,127.5
2024-10-14,SUBLYME,3.0,291.05
2024-10-14,TOPWAY,1.0,124.77
2024-10-14,TRUE SOURCE,3.0,338.91
2024-10-14,VITAFOR,104.0,10260.8
2024-10-14,YOSEN,8.0,758.12
2024-10-14,Z2,1.0,83.98
2024-10-14,ZEROMILK,1.0,24.65
2024-10-21,ADAPTOGEN,6.0,841.58
2024-10-21,ALLMAX,1.0,127.5
2024-10-21,APIS FLORA,1.0,22.25
2024-10-21,ATLHETICA NUTRITION,14.0,1550.65
2024-10-21,BOLD,2.0,127.13
2024-10-21,CAFFEINE ARMY,3.0,408.02
2024-10-21,CENTRAL NUTRITION,3.0,446.01
2024-10-21,DOBRO,20.0,1583.74
2024-10-21,DUOM,1.0,21.34
2024-10-21,DUX,31.0,4005.78
2024-10-21,ELEMENTO PURO,1.0,83.32
2024-10-21,ENDOGEN,1.0,107.13
2024-10-21,EQUALIV,14.0,2155.7
2024-10-21,ESSENTIAL,12.0,1693.14
2024-10-21,FLORMEL,1.0,22.1
2024-10-21,FTW,6.0,410.55
2024-10-21,HART`S NATURAL,3.0,91.02
2024-10-21,INTEGRALMEDICA,14.0,1295.4
2024-10-21,LAUTON,6.0,247.55
2024-10-21,MAIS MU,1.0,81.99
2024-10-21,MANDUBIM,1.0,15.99
2024-10-21,MOSTEIRO DEVAKAN,2.0,77.18
2024-10-21,NUTRATA,12.0,1206.49
2024-10-21,NUTRIFY,9.0,659.52
2024-10-21,OCEAN DROP,26.0,1519.04
2024-10-21,PLANT POWER,2.0,151.86
2024-10-21,PURAVIDA,27.0,1808.13
2024-10-21,SUBLYME,1.0,87.21
2024-10-21,THÉRAPI,1.0,33.92
2024-10-21,TRUE SOURCE,3.0,403.98
2024-10-21,VITAFOR,102.0,9069.82
2024-10-21,YOSEN,2.0,219.95
2024-10-28,ADAPTOGEN,4.0,444.24
2024-10-28,ALLMAX,2.0,255.0
2024-10-28,APIS FLORA,1.0,31.97
2024-10-28,ATLHETICA NUTRITION,34.0,4035.4
2024-10-28,CAFFEINE ARMY,2.0,217.46
2024-10-28,CENTRAL NUTRITION,9.0,1210.35
2024-10-28,COPRA,1.0,23.8
2024-10-28,DOBRO,10.0,612.57
2024-10-28,DUX,36.0,4110.38
2024-10-28,ELEMENTO PURO,1.0,181.67
2024-10-28,EQUALIV,7.0,1004.36
2024-10-28,ESSENTIAL,22.0,3321.94
2024-10-28,FLORMEL,3.0,67.56
2024-10-28,FTW,1.0,89.24
2024-10-28,HART`S NATURAL,4.0,123.11
2024-10-28,HÁBITO VIDA,2.0,46.41
2024-10-28,INTEGRALMEDICA,17.0,1603.24
2024-10-28,KOALA,1.0,151.65
2024-10-28,KOBBER,1.0,35.82
2024-10-28,LAUTON,5.0,247.48
2024-10-28,MAIS MU,4.0,80.74
2024-10-28,MAX TITANIUM,1.0,95.91
2024-10-28,MOSTEIRO DEVAKAN,2.0,77.18
2024-10-28,NUTRATA,1.0,108.11
2024-10-28,NUTRIFY,17.0,1730.17
2024-10-28,OCEAN DROP,19.0,1322.08
2024-10-28,ONLY4,1.0,23.38
2024-10-28,PURAVIDA,25.0,2068.87
2024-10-28,SANAVITA,1.0,78.0
2024-10-28,SUBLYME,2.0,174.42
2024-10-28,TOPWAY,2.0,277.94
2024-10-28,TRUE SOURCE,6.0,1057.85
2024-10-28,TRUSTFUEL,1.0,83.2
2024-10-28,VITAFOR,101.0,9790.93
2024-10-28,WE:ON,1.0,50.07
2024-10-28,YOSEN,2.0,241.0
2024-10-28,Z2,2.0,143.57
2024-11-04,ADAPTOGEN,4.0,591.79
2024-11-04,ALLMAX,5.0,637.5
2024-11-04,APIS FLORA,3.0,94.85
2024-11-04,ATLHETICA NUTRITION,24.0,2621.2
2024-11-04,BOLD,1.0,121.58
2024-11-04,CAFFEINE ARMY,11.0,1494.4
2024-11-04,CENTRAL NUTRITION,3.0,319.29
2024-11-04,CHÁ MAIS,2.0,40.8
2024-11-04,DOBRO,4.0,210.91
2024-11-04,DUOM,4.0,125.55
2024-11-04,DUX,38.0,4171.4
2024-11-04,ELEMENTO PURO,4.0,700.78
2024-11-04,EQUALIV,5.0,663.33
2024-11-04,ESSENTIAL,24.0,3410.27
2024-11-04,FLORMEL,5.0,127.93
2024-11-04,FTW,4.0,255.85
2024-11-04,GU,1.0,33.56
2024-11-04,HART`S NATURAL,3.0,91.02
2024-11-04,INTEGRALMEDICA,17.0,1474.77
2024-11-04,KOALA,2.0,256.58
2024-11-04,LAUTON,5.0,249.48
2024-11-04,MAIS MU,4.0,299.26
2024-11-04,MAX TITANIUM,1.0,76.58
2024-11-04,MIX NUTRI,2.0,213.08
2024-11-04,MOSTEIRO DEVAKAN,2.0,77.18
2024-11-04,NUTRATA,6.0,562.49
2024-11-04,NUTRIFY,25.0,2003.75
2024-11-04,OCEAN DROP,19.0,1099.52
2024-11-04,PINATI,1.0,36.51
2024-11-04,PLANT POWER,2.0,151.86
2024-11-04,PURAVIDA,44.0,3231.72
2024-11-04,SPEEDO NUTRITION,1.0,69.98
2024-11-04,SUBLYME,4.0,378.26
2024-11-04,SUPER NUTRITION,1.0,93.86
2024-11-04,THÉRAPI,1.0,33.92
2024-11-04,TRUE SOURCE,5.0,812.18
2024-11-04,TRUSTFUEL,1.0,83.2
2024-11-04,TUFF LABS,1.0,54.71
2024-11-04,VITAFOR,108.0,9564.93
2024-11-04,YOSEN,3.0,297.92
2024-11-04,Z2,1.0,59.59
2024-11-11,ADAPTOGEN,6.0,869.25
2024-11-11,ALLMAX,2.0,255.0
2024-11-11,APIS FLORA,3.0,87.02
2024-11-11,ATLHETICA NUTRITION,19.0,1970.45
2024-11-11,CAFFEINE ARMY,2.0,229.58
2024-11-11,CENTRAL NUTRITION,5.0,607.01
2024-11-11,DOBRO,4.0,314.73
2024-11-11,DUX,34.0,3953.82
2024-11-11,EQUALIV,7.0,606.38
2024-11-11,ESSENTIAL,18.0,2397.57
2024-11-11,FLORMEL,1.0,22.73
2024-11-11,FTW,6.0,467.92
2024-11-11,HÁBITO VIDA,1.0,21.56
2024-11-11,INTEGRALMEDICA,14.0,1419.6
2024-11-11,LAUTON,8.0,367.28
2024-11-11,MANDUBIM,1.0,20.22
2024-11-11,MAX TITANIUM,4.0,410.29
2024-11-11,MOSTEIRO DEVAKAN,2.0,77.18
2024-11-11,NUTRATA,2.0,216.22
2024-11-11,NUTRIFY,18.0,1845.86
2024-11-11,OCEAN DROP,17.0,769.7
2024-11-11,OPTIMUM NUTRITION,1.0,228.24
2024-11-11,PURAVIDA,26.0,2006.52
2024-11-11,SANAVITA,2.0,127.8
2024-11-11,SHARK PRO,4.0,309.74
2024-11-11,SUBLYME,3.0,261.63
2024-11-11,SYNTRAX,1.0,247.84
2024-11-11,TRUSTFUEL,2.0,146.99
2024-11-11,UNDER LABZ,2.0,253.3
2024-11-11,VITAFOR,110.0,10635.34
2024-11-11,YOSEN,1.0,79.6
2024-11-11,Z2,2.0,167.96
2024-11-18,ADAPTOGEN,11.0,1372.94
2024-11-18,ALLMAX,3.0,375.0
2024-11-18,APIS FLORA,1.0,22.25
2024-11-18,ATLHETICA NUTRITION,10.0,1277.93
2024-11-18,BOLD,1.0,47.57
2024-11-18,CAFFEINE ARMY,7.0,882.82
2024-11-18,CENTRAL NUTRITION,12.0,1784.45
2024-11-18,CHEF WHEY,1.0,166.97
2024-11-18,DARKNESS,1.0,123.34
2024-11-18,DOBRO,2.0,185.92
2024-11-18,DUOM,2.0,73.72
2024-11-18,DUX,32.0,3951.73
2024-11-18,ELEMENTO PURO,4.0,431.32
2024-11-18,EQUALIV,9.0,1025.62
2024-11-18,ESSENTIAL,16.0,2272.96
2024-11-18,FTW,2.0,159.59
2024-11-18,HART`S NATURAL,3.0,91.02
2024-11-18,HÁBITO VIDA,4.0,92.82
2024-11-18,INTEGRALMEDICA,13.0,1287.04
2024-11-18,KOALA,2.0,303.3
2024-11-18,LAUTON,6.0,189.97
2024-11-18,MAIS MU,3.0,213.71
2024-11-18,MANDUBIM,1.0,20.22
2024-11-18,MAX TITANIUM,4.0,469.67
2024-11-18,MIX NUTRI,3.0,354.76
2024-11-18,NUTRATA,7.0,722.11
2024-11-18,NUTRIFY,18.0,1178.11
2024-11-18,NUTRILATINA,1.0,60.31
2024-11-18,OCEAN DROP,21.0,1307.04
2024-11-18,PINATI,2.0,102.68
2024-11-18,PURAVIDA,39.0,3432.93
2024-11-18,SUBLYME,4.0,348.84
2024-11-18,SUPER NUTRITION,2.0,187.72
2024-11-18,SYNTRAX,1.0,247.84
2024-11-18,TRUE SOURCE,3.0,468.65
2024-11-18,UNDER LABZ,2.0,146.48
2024-11-18,VITAFOR,113.0,11434.25
2024-11-18,YOSEN,1.0,118.15
2024-11-25,ADAPTOGEN,7.0,843.43
2024-11-25,ALLMAX,3.0,360.0
2024-11-25,APIS FLORA,3.0,76.47
2024-11-25,ATLHETICA NUTRITION,17.0,1844.3
2024-11-25,BOLD,3.0,455.94
2024-11-25,CAFFEINE ARMY,9.0,977.43
2024-11-25,CENTRAL NUTRITION,12.0,1741.46
2024-11-25,DARKNESS,1.0,123.34
2024-11-25,DOBRO,6.0,495.09
2024-11-25,DUOM,2.0,69.48
2024-11-25,DUX,57.0,5829.54
2024-11-25,ELEMENTO PURO,3.0,576.62
2024-11-25,EQUALIV,6.0,681.66
2024-11-25,ESSENTIAL,36.0,5356.94
2024-11-25,FLORMEL,2.0,44.2
2024-11-25,FTW,5.0,391.64
2024-11-25,GU,1.0,33.56
2024-11-25,HART`S NATURAL,1.0,32.09
2024-11-25,HÁBITO VIDA,1.0,21.56
2024-11-25,INTEGRALMEDICA,13.0,1135.49
2024-11-25,KOALA,1.0,151.65
2024-11-25,LAUTON,10.0,514.1
2024-11-25,MANDUBIM,1.0,15.99
2024-11-25,MAX TITANIUM,2.0,257.13
2024-11-25,MOSTEIRO DEVAKAN,4.0,154.36
2024-11-25,NUTRATA,5.0,454.38
2024-11-25,NUTRIFY,20.0,1558.59
2024-11-25,NUTRILATINA,1.0,60.31
2024-11-25,OCEAN DROP,19.0,1205.51
2024-11-25,OPTIMUM NUTRITION,1.0,228.24
2024-11-25,PLANT POWER,1.0,86.62
2024-11-25,PURAVIDA,38.0,3253.26
2024-11-25,SANAVITA,1.0,26.85
2024-11-25,SUBLYME,2.0,189.13
2024-11-25,THÉRAPI,1.0,33.92
2024-11-25,TOPWAY,1.0,124.77
2024-11-25,TRUE SOURCE,7.0,1319.53
2024-11-25,VITAFOR,150.0,13251.64
2024-11-25,VITALIN,2.0,26.91
2024-11-25,WS NATURAIS,1.0,19.35
2024-11-25,YOSEN,3.0,315.72
2024-12-02,ADAPTOGEN,8.0,979.86
2024-12-02,ALLMAX,1.0,127.5
2024-12-02,ATLHETICA NUTRITION,12.0,1449.66
2024-12-02,BOLD,2.0,122.27
2024-12-02,CAFFEINE ARMY,2.0,178.72
2024-12-02,CENTRAL NUTRITION,5.0,687.16
2024-12-02,DOBRO,4.0,487.34
2024-12-02,DUX,37.0,4263.26
2024-12-02,EAT CLEAN,1.0,21.0
2024-12-02,EQUALIV,9.0,1461.16
2024-12-02,ESSENTIAL,20.0,3157.22
2024-12-02,FTW,3.0,236.94
2024-12-02,INTEGRALMEDICA,5.0,384.27
2024-12-02,LAUTON,3.0,129.41
2024-12-02,MAX TITANIUM,1.0,76.58
2024-12-02,NUTRATA,13.0,1362.32
2024-12-02,NUTRIFY,21.0,2057.93
2024-12-02,NUTRILATINA,2.0,151.03
2024-12-02,OCEAN DROP,13.0,859.12
2024-12-02,PLANT POWER,4.0,443.71
2024-12-02,PURAVIDA,28.0,3010.73
2024-12-02,SUBLYME,1.0,87.21
2024-12-02,TRUE SOURCE,3.0,426.44
2024-12-02,TRUSTFUEL,2.0,193.77
2024-12-02,UNDER LABZ,2.0,253.3
2024-12-02,VITAFOR,94.0,8641.19
2024-12-02,YOSEN,1.0,79.6
2024-12-09,ADAPTOGEN,10.0,1396.15
2024-12-09,ATLHETICA NUTRITION,9.0,1011.42
2024-12-09,BOLD,4.0,360.09
2024-12-09,CAFFEINE ARMY,4.0,461.06
2024-12-09,CENTRAL NUTRITION,8.0,1171.08
2024-12-09,CHÁ MAIS,2.0,36.6
2024-12-09,DOBRO,2.0,126.44
2024-12-09,DUX,34.0,3991.8
2024-12-09,EAT CLEAN,1.0,27.12
2024-12-09,ELEMENTO PURO,2.0,363.34
2024-12-09,EQUALIV,8.0,1022.27
2024-12-09,ESSENTIAL,7.0,1064.64
2024-12-09,FLORMEL,2.0,65.83
2024-12-09,FTW,3.0,201.24
2024-12-09,HÁBITO VIDA,1.0,21.56
2024-12-09,INTEGRALMEDICA,18.0,1605.14
2024-12-09,LAUTON,8.0,391.84
2024-12-09,MAIS MU,3.0,361.65
2024-12-09,MAX TITANIUM,6.0,659.39
2024-12-09,NEO PRO LINE,1.0,84.15
2024-12-09,NUTRATA,12.0,1033.71
2024-12-09,NUTRIFY,24.0,1770.5
2024-12-09,OCEAN DROP,22.0,1269.21
2024-12-09,PLANT POWER,2.0,173.24
2024-12-09,PURAVIDA,48.0,3841.67
2024-12-09,SUBLYME,1.0,101.92
2024-12-09,SUPER NUTRITION,2.0,166.04
2024-12-09,SYNTRAX,1.0,247.84
2024-12-09,TRUE SOURCE,2.0,391.69
2024-12-09,UNDER LABZ,2.0,199.89
2024-12-09,VITAFOR,92.0,8597.02
2024-12-16,ADAPTOGEN,4.0,531.85
2024-12-16,APIS FLORA,1.0,23.29
2024-12-16,ATLHETICA NUTRITION,8.0,937.07
2024-12-16,BOLD,4.0,177.55
2024-12-16,CAFFEINE ARMY,1.0,88.55
2024-12-16,CENTRAL NUTRITION,6.0,755.08
2024-12-16,DUOM,1.0,26.12
2024-12-16,DUX,27.0,3320.78
2024-12-16,ELEMENTO PURO,3.0,538.14
2024-12-16,EQUALIV,4.0,473.48
2024-12-16,ESSENTIAL,16.0,2393.08
2024-12-16,FTW,6.0,410.55
2024-12-16,HART`S NATURAL,3.0,94.52
2024-12-16,HÁBITO VIDA,3.0,67.97
2024-12-16,INTEGRALMEDICA,4.0,356.11
2024-12-16,INTERNATIONAL PROTEIN,1.0,221.34
2024-12-16,KOALA,1.0,151.65
2024-12-16,LAUTON,14.0,596.1
2024-12-16,MAX TITANIUM,3.0,229.74
2024-12-16,MOSTEIRO DEVAKAN,1.0,38.59
2024-12-16,NEO PRO LINE,1.0,84.15
2024-12-16,NUTRATA,5.0,451.12
2024-12-16,NUTRIFY,20.0,1556.21
2024-12-16,OCEAN DROP,21.0,1185.14
2024-12-16,PURAVIDA,23.0,1908.28
2024-12-16,SANAVITA,2.0,156.0
2024-12-16,SUBLYME,1.0,101.92
2024-12-16,TOPWAY,1.0,153.17
2024-12-16,TRUE SOURCE,2.0,300.84
2024-12-16,TRUSTFUEL,2.0,196.06
2024-12-16,TUFF LABS,1.0,52.83
2024-12-16,UNDER LABZ,2.0,253.3
2024-12-16,VITAFOR,76.0,7164.38
2024-12-16,WS NATURAIS,1.0,19.35
2024-12-16,YOSEN,4.0,510.82
2024-12-23,APIS FLORA,3.0,82.46
2024-12-23,ATLHETICA NUTRITION,6.0,722.88
2024-12-23,CAFFEINE ARMY,2.0,269.28
2024-12-23,DUX,14.0,1637.56
2024-12-23,EQUALIV,3.0,271.7
2024-12-23,ESSENTIAL,7.0,931.76
2024-12-23,FTW,2.0,119.0
2024-12-23,INTEGRALMEDICA,4.0,478.49
2024-12-23,LAUTON,1.0,66.43
2024-12-23,MAX TITANIUM,1.0,149.25
2024-12-23,MOSTEIRO DEVAKAN,2.0,77.18
2024-12-23,NUTRATA,1.0,108.11
2024-12-23,NUTRIFY,7.0,599.26
2024-12-23,OCEAN DROP,8.0,583.16
2024-12-23,PURAVIDA,13.0,1299.6
2024-12-23,TRUE SOURCE,3.0,359.86
2024-12-23,VITAFOR,40.0,3523.88
2024-12-30,ADAPTOGEN,1.0,83.35
2024-12-30,APIS FLORA,1.0,36.3
2024-12-30,ATLHETICA NUTRITION,11.0,1490.57
2024-12-30,CAFFEINE ARMY,4.0,499.07
2024-12-30,DUX,21.0,2199.7
2024-12-30,ELEMENTO PURO,1.0,181.67
2024-12-30,EQUALIV,6.0,804.06
2024-12-30,ESSENTIAL,6.0,812.79
2024-12-30,INTEGRALMEDICA,8.0,696.22
2024-12-30,LAUTON,2.0,136.35
2024-12-30,MAX TITANIUM,5.0,442.28
2024-12-30,NUTRATA,3.0,321.7
2024-12-30,NUTRIFY,5.0,545.5
2024-12-30,OCEAN DROP,8.0,458.37
2024-12-30,PURAVIDA,9.0,601.71
2024-12-30,SUPER NUTRITION,1.0,72.18
2024-12-30,TRUE SOURCE,1.0,72.17
2024-12-30,UNDER LABZ,1.0,73.24
2024-12-30,VITAFOR,47.0,3881.75
2024-12-30,YOSEN,1.0,65.71
2024-12-30,Z2,1.0,34.34
2025-01-06,ADAPTOGEN,1.0,99.11
2025-01-06,APIS FLORA,4.0,118.16
2025-01-06,AST SPORTS SCIENCE,1.0,172.79
2025-01-06,ATLHETICA NUTRITION,7.0,704.11
2025-01-06,BOLD,14.0,1066.67
2025-01-06,CAFFEINE ARMY,4.0,511.89
2025-01-06,CENTRAL NUTRITION,3.0,382.26
2025-01-06,CHÁ MAIS,1.0,18.0
2025-01-06,DOBRO,2.0,55.96
2025-01-06,DUOM,2.0,46.09
2025-01-06,DUX,39.0,5217.17
2025-01-06,ELEMENTO PURO,3.0,439.79
2025-01-06,EQUALIV,14.0,1892.71
2025-01-06,ESSENTIAL,24.0,3239.26
2025-01-06,FLORMEL,2.0,76.34
2025-01-06,FTW,9.0,669.16
2025-01-06,GU,1.0,201.35
2025-01-06,HART`S NATURAL,2.0,62.43
2025-01-06,INTEGRALMEDICA,19.0,1980.12
2025-01-06,KOALA,1.0,151.65
2025-01-06,LAUTON,4.0,200.4
2025-01-06,MAIS MU,4.0,500.54
2025-01-06,MAX TITANIUM,3.0,289.12
2025-01-06,MOSTEIRO DEVAKAN,2.0,77.18
2025-01-06,NUTRATA,10.0,895.22
2025-01-06,NUTRIFY,20.0,1435.76
2025-01-06,OCEAN DROP,13.0,801.14
2025-01-06,PURAVIDA,23.0,2254.46
2025-01-06,SHARK PRO,1.0,127.5
2025-01-06,SUBLYME,1.0,87.21
2025-01-06,TRUE SOURCE,5.0,629.3
2025-01-06,UNDER LABZ,2.0,146.48
2025-01-06,VITAFOR,104.0,9283.32
2025-01-06,YOSEN,3.0,306.71
2025-01-13,ADAPTOGEN,10.0,1248.95
2025-01-13,ALLMAX,1.0,127.5
2025-01-13,APIS FLORA,1.0,23.08
2025-01-13,ATLHETICA NUTRITION,19.0,2196.95
2025-01-13,BIOGHEN,1.0,30.48
2025-01-13,BOLD,1.0,36.85
2025-01-13,CAFFEINE ARMY,3.0,372.52
2025-01-13,CENTRAL NUTRITION,3.0,390.12
2025-01-13,DOBRO,6.0,669.8
2025-01-13,DUOM,2.0,47.46
2025-01-13,DUX,49.0,6393.92
2025-01-13,ELEMENTO PURO,4.0,333.28
2025-01-13,ENDOGEN,1.0,107.13
2025-01-13,EQUALIV,10.0,1359.4
2025-01-13,ESSENTIAL,31.0,4648.69
2025-01-13,FLORMEL,1.0,29.33
2025-01-13,FTW,6.0,402.48
2025-01-13,HART`S NATURAL,2.0,62.43
2025-01-13,HÁBITO VIDA,2.0,46.41
2025-01-13,INTEGRALMEDICA,32.0,3386.72
2025-01-13,KOALA,2.0,202.02
2025-01-13,LAUTON,11.0,452.31
2025-01-13,MAIS MU,2.0,249.32
2025-01-13,MAX TITANIUM,5.0,382.9
2025-01-13,NUTRATA,6.0,556.93
2025-01-13,NUTRIFY,24.0,2016.92
2025-01-13,OCEAN DROP,28.0,1521.23
2025-01-13,OPTIMUM NUTRITION,1.0,228.24
2025-01-13,PURAVIDA,29.0,3000.55
2025-01-13,SHARK PRO,4.0,313.99
2025-01-13,SUBLYME,1.0,101.92
2025-01-13,SUPER NUTRITION,1.0,93.86
2025-01-13,TRUE SOURCE,8.0,1428.64
2025-01-13,UNDER LABZ,2.0,146.48
2025-01-13,VITAFOR,116.0,11087.26
2025-01-13,YOSEN,4.0,386.31
2025-01-20,ADAPTOGEN,7.0,922.67
2025-01-20,APIS FLORA,1.0,22.25
2025-01-20,ATLHETICA NUTRITION,15.0,1526.54
2025-01-20,BOLD,3.0,218.83
2025-01-20,CAFFEINE ARMY,5.0,487.48
2025-01-20,CENTRAL NUTRITION,6.0,971.41
2025-01-20,COMBOS,1.0,181.25
2025-01-20,COPRA,1.0,17.85
2025-01-20,DOBRO,3.0,99.18
2025-01-20,DR. PEANUT,3.0,158.93
2025-01-20,DUX,25.0,3627.92
2025-01-20,DYMATIZE,1.0,749.7
2025-01-20,EAT CLEAN,3.0,71.33
2025-01-20,ELEMENTO PURO,5.0,730.71
2025-01-20,ENDOGEN,1.0,69.45
2025-01-20,EQUALIV,17.0,1961.63
2025-01-20,ESSENTIAL,21.0,2949.67
2025-01-20,FTW,6.0,446.25
2025-01-20,INTEGRALMEDICA,19.0,2014.0
2025-01-20,LAUTON,12.0,571.16
2025-01-20,MAIS MU,3.0,359.64
2025-01-20,MANDUBIM,1.0,20.22
2025-01-20,MAX TITANIUM,6.0,555.42
2025-01-20,NUTRATA,6.0,602.92
2025-01-20,NUTRIFY,36.0,3227.36
2025-01-20,OCEAN DROP,21.0,1333.09
2025-01-20,ONLY4,1.0,23.38
2025-01-20,PINATI,2.0,102.68
2025-01-20,PLANT POWER,1.0,119.03
2025-01-20,PURAVIDA,31.0,2484.57
2025-01-20,SHARK PRO,1.0,84.99
2025-01-20,SPEEDO NUTRITION,2.0,139.96
2025-01-20,SUBLYME,4.0,365.59
2025-01-20,SUPER NUTRITION,4.0,303.17
2025-01-20,TOPWAY,1.0,153.17
2025-01-20,TRUE SOURCE,4.0,845.22
2025-01-20,TRUSTFUEL,1.0,94.6
2025-01-20,UNDER LABZ,1.0,73.24
2025-01-20,VITAFOR,126.0,11910.66
2025-01-20,YOSEN,5.0,324.25
2025-01-20,Z2,2.0,68.68
2025-01-27,ADAPTOGEN,5.0,515.48
2025-01-27,ALLMAX,1.0,127.5
2025-01-27,APIS FLORA,4.0,91.49
2025-01-27,ATLHETICA NUTRITION,24.0,2805.83
2025-01-27,BOLD,1.0,151.98
2025-01-27,CAFFEINE ARMY,7.0,923.34
2025-01-27,CENTRAL NUTRITION,5.0,535.36
2025-01-27,CHÁ DA SERRA,1.0,23.46
2025-01-27,CHÁ MAIS,1.0,18.0
2025-01-27,COMBOS,1.0,181.25
2025-01-27,DOBRO,1.0,25.83
2025-01-27,DUX,34.0,4532.89
2025-01-27,EAT CLEAN,2.0,38.94
2025-01-27,ELEMENTO PURO,5.0,716.99
2025-01-27,ENDOGEN,1.0,69.45
2025-01-27,EQUALIV,5.0,679.34
2025-01-27,ESSENTIAL,39.0,4898.88
2025-01-27,FLORMEL,1.0,29.33
2025-01-27,FTW,7.0,497.68
2025-01-27,HÁBITO VIDA,2.0,46.41
2025-01-27,INTEGRALMEDICA,28.0,2750.73
2025-01-27,LAUTON,16.0,872.34
2025-01-27,MAIS MU,5.0,523.28
2025-01-27,MANDUBIM,1.0,20.22
2025-01-27,MAX TITANIUM,1.0,76.58
2025-01-27,NICE MILK,1.0,48.25
2025-01-27,NUTRATA,12.0,1278.95
2025-01-27,NUTRIFY,43.0,3796.99
2025-01-27,NUTRILATINA,1.0,90.72
2025-01-27,OCEAN DROP,36.0,2146.12
2025-01-27,ONLY4,2.0,46.76
2025-01-27,OPTIMUM NUTRITION,1.0,228.24
2025-01-27,ORGANIC INDIA,1.0,51.02
2025-01-27,PLANT POWER,3.0,227.79
2025-01-27,PURAVIDA,52.0,3903.7
2025-01-27,SANAVITA,2.0,135.68
2025-01-27,SHARK PRO,1.0,127.5
2025-01-27,SUBLYME,4.0,363.55
2025-01-27,TRUE SOURCE,5.0,825.86
2025-01-27,TRUSTFUEL,1.0,110.7
2025-01-27,UNDER LABZ,1.0,73.24
2025-01-27,VITAFOR,130.0,13535.57
2025-01-27,YOSEN,4.0,363.63
2025-02-03,ADAPTOGEN,4.0,529.51
2025-02-03,ALLMAX,3.0,382.5
2025-02-03,APIS FLORA,2.0,63.94
2025-02-03,ATLHETICA NUTRITION,17.0,1850.85
2025-02-03,BOLD,15.0,1030.24
2025-02-03,CAFFEINE ARMY,8.0,1157.01
2025-02-03,CENTRAL NUTRITION,3.0,443.98
2025-02-03,DOBRO,8.0,530.56
2025-02-03,DR. PEANUT,2.0,107.18
2025-02-03,DUX,77.0,8864.61
2025-02-03,ELEMENTO PURO,12.0,1370.41
2025-02-03,ENDOGEN,2.0,176.58
2025-02-03,EQUALIV,8.0,1272.03
2025-02-03,ESSENTIAL,33.0,4436.83
2025-02-03,FLORMEL,3.0,66.93
2025-02-03,FTW,9.0,636.18
2025-02-03,HÁBITO VIDA,5.0,107.8
2025-02-03,INTEGRALMEDICA,10.0,1057.27
2025-02-03,KOALA,1.0,151.65
2025-02-03,KOBBER,1.0,35.82
2025-02-03,LAUTON,5.0,191.71
2025-02-03,MAIS MU,6.0,615.19
2025-02-03,MANDUBIM,2.0,36.21
2025-02-03,MAX TITANIUM,2.0,345.04
2025-02-03,MOSTEIRO DEVAKAN,2.0,77.18
2025-02-03,NUTRATA,6.0,583.9
2025-02-03,NUTRIFY,20.0,1519.76
2025-02-03,OCEAN DROP,48.0,2745.24
2025-02-03,PLANT POWER,3.0,227.79
2025-02-03,PURAVIDA,38.0,3082.68
2025-02-03,SHARK PRO,1.0,27.37
2025-02-03,SUBLYME,5.0,450.76
2025-02-03,TOPWAY,2.0,306.34
2025-02-03,TRUE SOURCE,9.0,1263.59
2025-02-03,TRUSTFUEL,1.0,91.18
2025-02-03,TUFF LABS,1.0,52.83
2025-02-03,VITAFOR,118.0,10877.62
2025-02-03,VITALIN,1.0,14.27
2025-02-03,YOSEN,11.0,838.48
2025-02-03,Z2,2.0,167.96
2025-02-10,ADAPTOGEN,5.0,699.66
2025-02-10,ALLMAX,1.0,127.5
2025-02-10,APIS FLORA,2.0,44.5
2025-02-10,ATLHETICA NUTRITION,19.0,2225.33
2025-02-10,BOLD,1.0,151.98
2025-02-10,CAFFEINE ARMY,7.0,838.65
2025-02-10,CELLFORCE,1.0,102.0
2025-02-10,CENTRAL NUTRITION,2.0,352.08
2025-02-10,DOBRO,7.0,698.42
2025-02-10,DUOM,6.0,135.13
2025-02-10,DUX,89.0,11150.34
2025-02-10,ELEMENTO PURO,8.0,824.32
2025-02-10,EQUALIV,23.0,3125.0
2025-02-10,ESSENTIAL,50.0,6250.61
2025-02-10,FTW,4.0,270.13
2025-02-10,GRANO SQUARE,1.0,43.56
2025-02-10,GU,3.0,604.05
2025-02-10,HART`S NATURAL,1.0,30.34
2025-02-10,HÁBITO VIDA,6.0,135.94
2025-02-10,INTEGRALMEDICA,22.0,2106.4
2025-02-10,LAUTON,14.0,700.28
2025-02-10,L`AMORE NUTS,1.0,20.11
2025-02-10,MAIS MU,1.0,144.49
2025-02-10,MAX TITANIUM,1.0,172.52
2025-02-10,NUTRATA,13.0,1214.04
2025-02-10,NUTRIFY,26.0,2168.6
2025-02-10,OCEAN DROP,43.0,2507.64
2025-02-10,ORGANIC INDIA,1.0,51.02
2025-02-10,PLANT POWER,2.0,151.86
2025-02-10,PURAVIDA,51.0,4677.65
2025-02-10,SHARK PRO,1.0,240.89
2025-02-10,SUBLYME,1.0,101.92
2025-02-10,SUPER NUTRITION,2.0,187.72
2025-02-10,THÉRAPI,1.0,33.92
2025-02-10,TRUE SOURCE,9.0,1210.36
2025-02-10,UNDER LABZ,1.0,73.24
2025-02-10,VITAFOR,176.0,16416.24
2025-02-10,VITALIN,1.0,12.64
2025-02-10,WS NATURAIS,1.0,19.35
2025-02-10,YOSEN,1.0,138.72
2025-02-10,Z2,2.0,78.74
2025-02-10,ZEROMILK,1.0,24.65
2025-02-17,ADAPTOGEN,9.0,1507.37
2025-02-17,ALLMAX,1.0,127.5
2025-02-17,APIS FLORA,1.0,31.97
2025-02-17,ATLHETICA NUTRITION,32.0,3296.08
2025-02-17,BOLD,1.0,151.98
2025-02-17,CAFFEINE ARMY,9.0,1054.34
2025-02-17,CENTRAL NUTRITION,3.0,443.22
2025-02-17,CHÁ MAIS,3.0,58.8
2025-02-17,DARKNESS,5.0,616.7
2025-02-17,DOBRO,12.0,713.92
2025-02-17,DR. PEANUT,1.0,51.75
2025-02-17,DUOM,1.0,21.34
2025-02-17,DUX,71.0,9670.73
2025-02-17,EAT CLEAN,4.0,108.48
2025-02-17,ELEMENTO PURO,4.0,666.19
2025-02-17,EQUALIV,24.0,2827.77
2025-02-17,ESSENTIAL,46.0,6865.97
2025-02-17,FLORMEL,3.0,73.53
2025-02-17,FTW,8.0,605.84
2025-02-17,HART`S NATURAL,2.0,62.43
2025-02-17,HÁBITO VIDA,1.0,24.85
2025-02-17,INTEGRALMEDICA,20.0,1857.35
2025-02-17,KOALA,2.0,252.66
2025-02-17,LAUTON,11.0,528.32
2025-02-17,MAIS MU,8.0,759.18
2025-02-17,MAX TITANIUM,2.0,255.2
2025-02-17,MOSTEIRO DEVAKAN,5.0,192.95
2025-02-17,NUTRATA,5.0,524.67
2025-02-17,NUTRIFY,23.0,1348.22
2025-02-17,NUTRILATINA,2.0,151.03
2025-02-17,OCEAN DROP,38.0,2269.54
2025-02-17,PLANT POWER,1.0,75.93
2025-02-17,PURAVIDA,53.0,5371.12
2025-02-17,SANAVITA,3.0,80.55
2025-02-17,SHARK PRO,2.0,157.25
2025-02-17,SPEEDO NUTRITION,1.0,69.98
2025-02-17,SUBLYME,2.0,174.42
2025-02-17,TERRAMAZONIA,1.0,49.71
2025-02-17,TOPWAY,1.0,153.17
2025-02-17,TRUE SOURCE,14.0,2625.73
2025-02-17,TRUSTFUEL,2.0,194.92
2025-02-17,TUFF LABS,1.0,89.2
2025-02-17,VITAFOR,154.0,14635.6
2025-02-17,YOSEN,1.0,79.6
2025-02-17,Z2,1.0,31.07
2025-02-24,ADAPTOGEN,5.0,917.92
2025-02-24,ALLMAX,1.0,127.5
2025-02-24,APIS FLORA,6.0,162.62
2025-02-24,ATLHETICA NUTRITION,25.0,2800.84
2025-02-24,BOLD,4.0,296.65
2025-02-24,CAFFEINE ARMY,7.0,770.44
2025-02-24,CENTRAL NUTRITION,3.0,386.51
2025-02-24,COPRA,1.0,23.72
2025-02-24,DOBRO,6.0,317.81
2025-02-24,DR. PEANUT,2.0,107.18
2025-02-24,DUOM,3.0,85.25
2025-02-24,DUX,85.0,10811.95
2025-02-24,EAT CLEAN,1.0,27.12
2025-02-24,EQUALIV,35.0,4183.35
2025-02-24,ESSENTIAL,39.0,5837.79
2025-02-24,FLORMEL,1.0,33.24
2025-02-24,FTW,5.0,383.57
2025-02-24,INTEGRALMEDICA,10.0,961.52
2025-02-24,KOALA,3.0,404.31
2025-02-24,KOBBER,1.0,35.82
2025-02-24,LAUTON,8.0,487.24
2025-02-24,MAIS MU,2.0,42.76
2025-02-24,MOSTEIRO DEVAKAN,2.0,77.18
2025-02-24,NUTRATA,8.0,880.68
2025-02-24,NUTRIFY,22.0,1953.4
2025-02-24,NUTRILATINA,1.0,90.72
2025-02-24,OCEAN DROP,27.0,1582.7
2025-02-24,ONLY4,1.0,23.38
2025-02-24,OPTIMUM NUTRITION,1.0,260.96
2025-02-24,PURAVIDA,37.0,3316.23
2025-02-24,SUBLYME,2.0,191.17
2025-02-24,TRUE SOURCE,5.0,743.02
2025-02-24,TRUSTFUEL,2.0,196.06
2025-02-24,VITAFOR,172.0,17202.08
2025-02-24,VITALIN,3.0,37.92
2025-02-24,WE:ON,1.0,44.18
2025-02-24,YOSEN,8.0,789.75
2025-02-24,Z2,1.0,31.07
2025-03-03,ADAPTOGEN,4.0,589.45
2025-03-03,ALLMAX,1.0,161.5
2025-03-03,APIS FLORA,4.0,125.12
2025-03-03,ATLHETICA NUTRITION,24.0,2534.48
2025-03-03,BOLD,8.0,837.77
2025-03-03,CAFFEINE ARMY,9.0,1067.64
2025-03-03,CENTRAL NUTRITION,5.0,901.62
2025-03-03,CHÁ MAIS,1.0,18.0
2025-03-03,DARKNESS,1.0,123.34
2025-03-03,DOBRO,7.0,357.61
2025-03-03,DR. PEANUT,5.0,266.11
2025-03-03,DUOM,2.0,108.12
2025-03-03,DUX,110.0,13773.37
2025-03-03,EAT CLEAN,1.0,27.12
2025-03-03,ELEMENTO PURO,4.0,837.6
2025-03-03,EQUALIV,18.0,2363.27
2025-03-03,ESSENTIAL,37.0,5611.08
2025-03-03,EURONUTRY,1.0,30.0
2025-03-03,FLORMEL,8.0,181.21
2025-03-03,FTW,4.0,257.17
2025-03-03,GU,2.0,234.91
2025-03-03,HART`S NATURAL,1.0,30.34
2025-03-03,HÁBITO VIDA,2.0,49.7
2025-03-03,INTEGRALMEDICA,26.0,3008.53
2025-03-03,KOALA,1.0,151.65
2025-03-03,KOBBER,1.0,35.82
2025-03-03,LAUTON,17.0,888.04
2025-03-03,MAIS MU,3.0,397.16
2025-03-03,MANDUBIM,2.0,31.98
2025-03-03,MAX TITANIUM,1.0,150.95
2025-03-03,NICE MILK,1.0,48.25
2025-03-03,NUTRATA,3.0,200.33
2025-03-03,NUTRIFY,15.0,905.3
2025-03-03,OCEAN DROP,42.0,2498.98
2025-03-03,ONLY4,1.0,23.38
2025-03-03,ORGANIC INDIA,1.0,51.02
2025-03-03,PINATI,2.0,59.71
2025-03-03,PLANT POWER,2.0,162.55
2025-03-03,PURAVIDA,94.0,7828.75
2025-03-03,SHARK PRO,1.0,240.89
2025-03-03,SUBLYME,3.0,276.34
2025-03-03,SUPER NUTRITION,4.0,375.44
2025-03-03,TOPWAY,1.0,153.17
2025-03-03,TRUE SOURCE,6.0,1119.84
2025-03-03,TUFF LABS,1.0,52.83
2025-03-03,VITAFOR,158.0,16320.45
2025-03-03,YOSEN,3.0,222.79
2025-03-03,Z2,1.0,59.59
2025-03-03,ZEROMILK,1.0,24.65
2025-03-10,ADAPTOGEN,9.0,1236.92
2025-03-10,APIS FLORA,4.0,116.46
2025-03-10,ATLHETICA NUTRITION,27.0,3266.41
2025-03-10,BOLD,1.0,26.97
2025-03-10,CAFFEINE ARMY,10.0,1258.78
2025-03-10,CENTRAL NUTRITION,5.0,585.34
2025-03-10,DOBRO,5.0,535.96
2025-03-10,DUX,111.0,12849.63
2025-03-10,EAT CLEAN,3.0,90.37
2025-03-10,ELEMENTO PURO,3.0,543.18
2025-03-10,EQUALIV,26.0,3007.37
2025-03-10,ESSENTIAL,37.0,5930.75
2025-03-10,FLORMEL,5.0,115.08
2025-03-10,FTW,9.0,642.6
2025-03-10,GU,1.0,201.35
2025-03-10,HÁBITO VIDA,7.0,173.95
2025-03-10,INTEGRALMEDICA,30.0,3212.64
2025-03-10,KOALA,1.0,151.65
2025-03-10,LAUTON,8.0,442.71
2025-03-10,MAIS MU,2.0,54.66
2025-03-10,MANDUBIM,1.0,15.99
2025-03-10,MAX TITANIUM,1.0,150.95
2025-03-10,MOSTEIRO DEVAKAN,3.0,115.77
2025-03-10,NUTRATA,9.0,915.45
2025-03-10,NUTRIFY,17.0,1291.42
2025-03-10,NUTRILATINA,1.0,90.72
2025-03-10,OCEAN DROP,37.0,2219.94
2025-03-10,ONLY4,4.0,93.52
2025-03-10,PLANT POWER,5.0,379.65
2025-03-10,PURAVIDA,67.0,6131.33
2025-03-10,QUEST NUTRITION,1.0,238.0
2025-03-10,SUBLYME,2.0,203.84
2025-03-10,SUPER NUTRITION,2.0,187.72
2025-03-10,THÉRAPI,1.0,33.92
2025-03-10,TOPWAY,3.0,401.07
2025-03-10,TRUE SOURCE,4.0,802.93
2025-03-10,TRUSTFUEL,2.0,213.29
2025-03-10,UNDER LABZ,1.0,126.65
2025-03-10,VITAFOR,168.0,15259.33
2025-03-10,WS NATURAIS,3.0,58.05
2025-03-10,YOSEN,5.0,367.04
2025-03-17,ADAPTOGEN,23.0,3085.28
2025-03-17,ALLMAX,3.0,947.45
2025-03-17,APIS FLORA,4.0,126.5
2025-03-17,ATLHETICA NUTRITION,16.0,1887.23
2025-03-17,CAFFEINE ARMY,16.0,1979.04
2025-03-17,CENTRAL NUTRITION,10.0,1576.73
2025-03-17,CHÁ MAIS,1.0,18.0
2025-03-17,COPRA,1.0,26.31
2025-03-17,DOBRO,1.0,143.06
2025-03-17,DR. PEANUT,4.0,214.36
2025-03-17,DUX,75.0,10042.63
2025-03-17,EAT CLEAN,3.0,81.53
2025-03-17,ELEMENTO PURO,1.0,181.67
2025-03-17,EQUALIV,20.0,2041.54
2025-03-17,ESSENTIAL,31.0,4447.16
2025-03-17,FLORMEL,4.0,94.69
2025-03-17,FTW,5.0,329.63
2025-03-17,GRANO SQUARE,1.0,43.56
2025-03-17,HART`S NATURAL,1.0,32.09
2025-03-17,HÁBITO VIDA,1.0,24.85
2025-03-17,INTEGRALMEDICA,22.0,2504.42
2025-03-17,KOALA,3.0,353.67
2025-03-17,LAUTON,4.0,228.69
2025-03-17,MAIS MU,2.0,208.66
2025-03-17,MANDUBIM,1.0,20.22
2025-03-17,MAX TITANIUM,2.0,301.9
2025-03-17,MOSTEIRO DEVAKAN,1.0,38.59
2025-03-17,NUTRATA,5.0,323.92
2025-03-17,NUTRIFY,35.0,2672.76
2025-03-17,OCEAN DROP,37.0,2014.64
2025-03-17,ONLY4,1.0,23.38
2025-03-17,ORGANIC INDIA,1.0,51.02
2025-03-17,PINATI,3.0,139.19
2025-03-17,PLANT POWER,4.0,357.51
2025-03-17,PURAVIDA,39.0,3178.54
2025-03-17,SUBLYME,1.0,87.21
2025-03-17,SUPER NUTRITION,1.0,93.86
2025-03-17,THÉRAPI,1.0,33.92
2025-03-17,TOPWAY,1.0,153.17
2025-03-17,TRUE SOURCE,15.0,1638.09
2025-03-17,UNDER LABZ,1.0,126.65
2025-03-17,VITAFOR,174.0,16576.81
2025-03-17,YOSEN,5.0,339.93
2025-03-17,Z2,1.0,31.07
2025-03-24,ADAPTOGEN,14.0,1542.02
2025-03-24,APIS FLORA,5.0,131.3
2025-03-24,ATLHETICA NUTRITION,25.0,2519.43
2025-03-24,BENDU,1.0,30.98
2025-03-24,BOLD,2.0,180.17
2025-03-24,CAFFEINE ARMY,15.0,1810.95
2025-03-24,CELLFORCE,1.0,85.0
2025-03-24,CENTRAL NUTRITION,4.0,659.79
2025-03-24,CHÁ MAIS,1.0,18.0
2025-03-24,DARKNESS,2.0,198.34
2025-03-24,DOBRO,8.0,334.88
2025-03-24,DR. PEANUT,2.0,107.18
2025-03-24,DUOM,1.0,21.34
2025-03-24,DUX,110.0,11408.56
2025-03-24,EAT CLEAN,5.0,151.24
2025-03-24,ELEMENTO PURO,6.0,1225.37
2025-03-24,EQUALIV,25.0,2757.39
2025-03-24,ESSENTIAL,48.0,6854.86
2025-03-24,EURONUTRY,1.0,60.0
2025-03-24,FLORMEL,2.0,60.37
2025-03-24,FTW,6.0,424.83
2025-03-24,GOLDKO,1.0,32.81
2025-03-24,GU,1.0,27.69
2025-03-24,HART`S NATURAL,5.0,153.45
2025-03-24,INTEGRALMEDICA,22.0,2034.7
2025-03-24,KOALA,3.0,341.78
2025-03-24,KOBBER,1.0,35.82
2025-03-24,LAUTON,15.0,753.33
2025-03-24,MAIS MU,4.0,107.8
2025-03-24,MANDUBIM,3.0,47.97
2025-03-24,MAX TITANIUM,3.0,338.25
2025-03-24,MOSTEIRO DEVAKAN,1.0,38.59
2025-03-24,NUTRATA,6.0,517.71
2025-03-24,NUTRIFY,41.0,2979.61
2025-03-24,OCEAN DROP,39.0,2239.73
2025-03-24,ONLY4,3.0,70.14
2025-03-24,PURAVIDA,56.0,4362.61
2025-03-24,SUBLYME,2.0,174.42
2025-03-24,SUPER NUTRITION,1.0,72.18
2025-03-24,TOPWAY,1.0,94.73
2025-03-24,TRUE SOURCE,8.0,813.05
2025-03-24,TRUSTFUEL,2.0,208.73
2025-03-24,UNDER LABZ,3.0,326.54
2025-03-24,VITAFOR,157.0,13305.92
2025-03-24,VITALIN,1.0,12.64
2025-03-24,WS NATURAIS,2.0,38.7
2025-03-24,YOSEN,4.0,339.93
2025-03-24,Z2,1.0,119.17
2025-03-31,ADAPTOGEN,18.0,2125.67
2025-03-31,APIS FLORA,8.0,235.87
2025-03-31,ATLHETICA NUTRITION,31.0,3832.77
2025-03-31,BOLD,6.0,849.56
2025-03-31,CAFFEINE ARMY,13.0,1610.87
2025-03-31,CELLFORCE,1.0,100.0
2025-03-31,CENTRAL NUTRITION,5.0,855.47
2025-03-31,CHÁ MAIS,2.0,36.0
2025-03-31,DARKNESS,1.0,109.89
2025-03-31,DOBRO,4.0,339.4
2025-03-31,DR. PEANUT,4.0,214.36
2025-03-31,DUOM,3.0,135.61
2025-03-31,DUX,113.0,13526.01
2025-03-31,EAT CLEAN,1.0,27.12
2025-03-31,ELEMENTO PURO,3.0,584.33
2025-03-31,EQUALIV,19.0,2553.23
2025-03-31,ESSENTIAL,29.0,4567.28
2025-03-31,FLORMEL,3.0,65.85
2025-03-31,FTW,8.0,659.72
2025-03-31,GU,2.0,402.7
2025-03-31,HART`S NATURAL,4.0,123.11
2025-03-31,HÁBITO VIDA,6.0,149.1
2025-03-31,INTEGRALMEDICA,22.0,2615.54
2025-03-31,KOALA,2.0,303.3
2025-03-31,KOBBER,1.0,35.82
2025-03-31,LAUTON,6.0,264.97
2025-03-31,MAIS MU,3.0,242.91
2025-03-31,MANDUBIM,3.0,52.2
2025-03-31,MAX TITANIUM,1.0,150.95
2025-03-31,MOSTEIRO DEVAKAN,3.0,115.77
2025-03-31,NUTRATA,10.0,1083.79
2025-03-31,NUTRIFY,27.0,1841.81
2025-03-31,NUTRILATINA,1.0,90.72
2025-03-31,OCEAN DROP,26.0,1491.68
2025-03-31,ONLY4,1.0,23.84
2025-03-31,PLANT POWER,5.0,379.65
2025-03-31,PURAVIDA,66.0,5571.71
2025-03-31,SUBLYME,5.0,436.05
2025-03-31,SUPER NUTRITION,1.0,93.86
2025-03-31,SYNTRAX,1.0,279.64
2025-03-31,TOPWAY,1.0,153.17
2025-03-31,TRUE SOURCE,13.0,1866.59
2025-03-31,UNDER LABZ,2.0,199.89
2025-03-31,VITAFOR,206.0,20609.65
2025-03-31,YOSEN,2.0,236.3
2025-03-31,Z2,4.0,286.02
2025-04-07,ADAPTOGEN,12.0,1862.82
2025-04-07,APIS FLORA,3.0,78.78
2025-04-07,ATLHETICA NUTRITION,20.0,2604.31
2025-04-07,BOLD,5.0,400.82
2025-04-07,CAFFEINE ARMY,15.0,1789.05
2025-04-07,CENTRAL NUTRITION,5.0,877.99
2025-04-07,CHOC,2.0,43.2
2025-04-07,COPRA,1.0,26.31
2025-04-07,DARKNESS,3.0,351.69
2025-04-07,DOBRO,12.0,1211.73
2025-04-07,DR. PEANUT,2.0,105.34
2025-04-07,DUOM,1.0,39.33
2025-04-07,DUX,115.0,14786.35
2025-04-07,EAT CLEAN,4.0,104.49
2025-04-07,ENDOGEN,1.0,107.13
2025-04-07,EQUALIV,14.0,2216.54
2025-04-07,ESSENTIAL,44.0,7126.15
2025-04-07,FLORMEL,2.0,44.83
2025-04-07,FTW,3.0,190.82
2025-04-07,GOLDKO,2.0,58.91
2025-04-07,INTEGRALMEDICA,9.0,885.8
2025-04-07,LAUTON,16.0,743.36
2025-04-07,MAIS MU,3.0,248.32
2025-04-07,MANDUBIM,1.0,15.99
2025-04-07,MAX TITANIUM,1.0,138.11
2025-04-07,MOSTEIRO DEVAKAN,3.0,115.77
2025-04-07,MYDREAM,2.0,79.9
2025-04-07,NUTRATA,3.0,325.46
2025-04-07,NUTRIFY,28.0,2343.78
2025-04-07,NUTRILATINA,1.0,60.31
2025-04-07,OCEAN DROP,35.0,2271.75
2025-04-07,PINATI,4.0,190.53
2025-04-07,PLANT POWER,1.0,75.93
2025-04-07,PURAVIDA,54.0,4278.92
2025-04-07,SUBLYME,1.0,87.21
2025-04-07,SUPER NUTRITION,2.0,187.72
2025-04-07,TOPWAY,3.0,459.51
2025-04-07,TRUE SOURCE,20.0,2690.85
2025-04-07,VITAFOR,136.0,13785.49
2025-04-07,VITALIN,2.0,28.54
2025-04-07,WE:ON,5.0,220.9
2025-04-07,XTRATUS,2.0,293.86
2025-04-07,Z2,1.0,59.59
2025-04-14,ADAPTOGEN,7.0,840.12
2025-04-14,ALLMAX,1.0,161.5
2025-04-14,APIS FLORA,1.0,31.97
2025-04-14,ATLHETICA NUTRITION,25.0,3092.7
2025-04-14,BELIVE,2.0,50.58
2025-04-14,BOLD,6.0,830.28
2025-04-14,CAFFEINE ARMY,18.0,2151.65
2025-04-14,CENTRAL NUTRITION,7.0,1040.52
2025-04-14,CHÁ MAIS,1.0,18.0
2025-04-14,DARKNESS,1.0,117.23
2025-04-14,DOBRO,3.0,370.42
2025-04-14,DR. PEANUT,1.0,53.59
2025-04-14,DUOM,1.0,18.87
2025-04-14,DUX,72.0,10138.87
2025-04-14,ELEMENTO PURO,1.0,182.83
2025-04-14,EQUALIV,17.0,2643.33
2025-04-14,ESSENTIAL,34.0,6119.22
2025-04-14,FLORMEL,3.0,119.44
2025-04-14,GOLDKO,3.0,94.51
2025-04-14,HART`S NATURAL,1.0,32.09
2025-04-14,INTEGRALMEDICA,13.0,1253.61
2025-04-14,LAUTON,17.0,940.48
2025-04-14,MAIS MU,6.0,631.63
2025-04-14,MANDUBIM,1.0,15.99
2025-04-14,MAX TITANIUM,3.0,336.01
2025-04-14,MOSTEIRO DEVAKAN,1.0,38.59
2025-04-14,NUTRATA,13.0,1241.27
2025-04-14,NUTRIFY,33.0,2652.35
2025-04-14,OCEAN DROP,31.0,1674.72
2025-04-14,ONLY4,1.0,23.84
2025-04-14,PINATI,1.0,56.23
2025-04-14,PURAVIDA,52.0,4582.9
2025-04-14,STAMIN-UP,1.0,99.0
2025-04-14,SUBLYME,5.0,452.8
2025-04-14,SUPER NUTRITION,1.0,86.63
2025-04-14,TOPWAY,2.0,249.54
2025-04-14,TRUE SOURCE,5.0,445.21
2025-04-14,TRUSTFUEL,1.0,91.18
2025-04-14,VITAFOR,123.0,13508.23
2025-04-14,WHEYVIV,2.0,56.1
2025-04-14,YOSEN,2.0,182.41
2025-04-14,Z2,2.0,119.18
2025-04-14,ZEROMILK,2.0,40.12
2025-04-21,ADAPTOGEN,11.0,1425.35
2025-04-21,ALLMAX,1.0,161.5
2025-04-21,APIS FLORA,1.0,31.97
2025-04-21,ATLHETICA NUTRITION,19.0,2142.47
2025-04-21,BELIVE,1.0,25.29
2025-04-21,BENDU,2.0,82.15
2025-04-21,BOLD,1.0,36.85
2025-04-21,CAFFEINE ARMY,16.0,1706.7
2025-04-21,CENTRAL NUTRITION,2.0,277.02
2025-04-21,DARKNESS,2.0,234.46
2025-04-21,DOBRO,6.0,469.98
2025-04-21,DR. PEANUT,1.0,51.75
2025-04-21,DUX,96.0,10198.28
2025-04-21,EAT CLEAN,2.0,97.75
2025-04-21,ENDOGEN,1.0,107.13
2025-04-21,EQUALIV,13.0,1789.13
2025-04-21,ESSENTIAL,29.0,4898.95
2025-04-21,FLORMEL,8.0,203.66
2025-04-21,FTW,1.0,78.43
2025-04-21,GOLDKO,2.0,65.62
2025-04-21,GU,4.0,302.03
2025-04-21,HART`S NATURAL,5.0,151.7
2025-04-21,INTEGRALMEDICA,18.0,1581.95
2025-04-21,KOALA,4.0,555.96
2025-04-21,LAUTON,8.0,398.05
2025-04-21,MAIS MU,4.0,554.33
2025-04-21,MANDUBIM,1.0,20.22
2025-04-21,MAX TITANIUM,3.0,440.01
2025-04-21,MIX NUTRI,1.0,28.0
2025-04-21,MOSTEIRO DEVAKAN,3.0,115.77
2025-04-21,MUSCLETECH,2.0,124.0
2025-04-21,NICE MILK,1.0,48.25
2025-04-21,NUTRATA,13.0,1332.45
2025-04-21,NUTRIFY,25.0,1759.77
2025-04-21,OCEAN DROP,29.0,1633.84
2025-04-21,ORGANIC INDIA,3.0,153.06
2025-04-21,PLANT POWER,3.0,313.99
2025-04-21,PURAVIDA,59.0,4993.79
2025-04-21,QUEST NUTRITION,1.0,238.0
2025-04-21,STÉVIACHOCO,4.0,89.08
2025-04-21,SUBLYME,4.0,363.55
2025-04-21,SUPER NUTRITION,3.0,276.45
2025-04-21,TRUE SOURCE,8.0,710.45
2025-04-21,TRUSTFUEL,2.0,169.81
2025-04-21,VITAFOR,144.0,13508.09
2025-04-21,WHEYVIV,3.0,84.15
2025-04-21,WS NATURAIS,1.0,19.35
2025-04-21,YOSEN,1.0,178.5
2025-04-21,ZEROMILK,4.0,98.6
2025-04-28,ADAPTOGEN,7.0,1425.36
2025-04-28,ALLMAX,1.0,161.5
2025-04-28,APIS FLORA,2.0,52.52
2025-04-28,ATLHETICA NUTRITION,22.0,2444.28
2025-04-28,BELIVE,1.0,25.29
2025-04-28,BOLD,5.0,735.86
2025-04-28,CAFFEINE ARMY,11.0,1192.72
2025-04-28,CENTRAL NUTRITION,4.0,524.89
2025-04-28,DOBRO,5.0,657.78
2025-04-28,DR. PEANUT,1.0,53.59
2025-04-28,DUX,92.0,13284.63
2025-04-28,EAT CLEAN,2.0,48.72
2025-04-28,ELEMENTO PURO,1.0,47.78
2025-04-28,EQUALIV,31.0,3743.61
2025-04-28,ESSENTIAL,31.0,5298.41
2025-04-28,FLORMEL,2.0,55.34
2025-04-28,FTW,2.0,145.05
2025-04-28,GUDAY,2.0,305.82
2025-04-28,INTEGRALMEDICA,14.0,1491.0
2025-04-28,KOALA,4.0,415.8
2025-04-28,LAUTON,11.0,709.84
2025-04-28,MAIS MU,3.0,163.15
2025-04-28,MANDUBIM,3.0,47.97
2025-04-28,MAX TITANIUM,1.0,150.95
2025-04-28,MOSTEIRO DEVAKAN,1.0,38.59
2025-04-28,NUTRATA,10.0,1041.77
2025-04-28,NUTRIFY,28.0,2649.01
2025-04-28,OCEAN DROP,22.0,1507.0
2025-04-28,OPTIMUM NUTRITION,1.0,228.24
2025-04-28,PLANT POWER,3.0,270.89
2025-04-28,PURAVIDA,68.0,4769.68
2025-04-28,SANAVITA,1.0,80.03
2025-04-28,SUBLYME,2.0,176.46
2025-04-28,SUPER NUTRITION,2.0,187.72
2025-04-28,THÉRAPI,1.0,33.92
2025-04-28,TOPWAY,2.0,306.34
2025-04-28,TRUE SOURCE,6.0,739.16
2025-04-28,VITAFOR,119.0,11878.93
2025-04-28,WS NATURAIS,1.0,19.35
2025-04-28,XTRATUS,1.0,146.93
2025-04-28,YOSEN,2.0,144.25
2025-05-05,ADAPTOGEN,14.0,2083.59
2025-05-05,APIS FLORA,5.0,131.3
2025-05-05,ATLHETICA NUTRITION,15.0,1862.66
2025-05-05,BELIVE,3.0,75.87
2025-05-05,BOLD,10.0,1035.9
2025-05-05,CAFFEINE ARMY,15.0,1891.43
2025-05-05,CENTRAL NUTRITION,5.0,827.26
2025-05-05,CHÁ MAIS,1.0,18.0
2025-05-05,COPRA,1.0,23.38
2025-05-05,DARKNESS,1.0,92.59
2025-05-05,DOBRO,11.0,641.98
2025-05-05,DUX,91.0,12900.97
2025-05-05,EAT CLEAN,5.0,239.16
2025-05-05,ELEMENTO PURO,2.0,365.66
2025-05-05,EQUALIV,28.0,3910.22
2025-05-05,ESSENTIAL,41.0,6274.22
2025-05-05,EURONUTRY,2.0,103.0
2025-05-05,FLORMEL,2.0,55.34
2025-05-05,FTW,3.0,256.05
2025-05-05,GOLDKO,2.0,62.3
2025-05-05,HART`S NATURAL,1.0,30.34
2025-05-05,HÁBITO VIDA,1.0,24.85
2025-05-05,INTEGRALMEDICA,23.0,2075.66
2025-05-05,KOALA,4.0,555.96
2025-05-05,KONJAC MASSA MF,1.0,24.3
2025-05-05,LAUTON,17.0,904.08
2025-05-05,MAIS MU,4.0,418.96
2025-05-05,MANDUBIM,2.0,36.21
2025-05-05,MAX TITANIUM,4.0,510.7
2025-05-05,MOSTEIRO DEVAKAN,1.0,38.59
2025-05-05,NICE MILK,1.0,48.25
2025-05-05,NUTRATA,8.0,723.24
2025-05-05,NUTRIFY,42.0,3670.34
2025-05-05,NUTRILATINA,1.0,90.72
2025-05-05,OCEAN DROP,36.0,2263.2
2025-05-05,ONLY4,2.0,46.76
2025-05-05,PERFOMANCE NUTRITION,1.0,81.76
2025-05-05,PLANT POWER,4.0,431.51
2025-05-05,PURAVIDA,56.0,4616.82
2025-05-05,STAMIN-UP,1.0,99.0
2025-05-05,SUBLYME,2.0,203.84
2025-05-05,SUPER NUTRITION,1.0,72.18
2025-05-05,SÃO FRANCISCO,1.0,31.87
2025-05-05,TOPWAY,4.0,437.36
2025-05-05,TRUE SOURCE,9.0,1213.83
2025-05-05,TRUSTFUEL,2.0,200.62
2025-05-05,VITAFOR,178.0,17470.45
2025-05-05,VITALIN,2.0,25.28
2025-05-05,WS NATURAIS,1.0,19.35
2025-05-05,XTRATUS,1.0,146.93
2025-05-05,YOSEN,4.0,287.05
2025-05-05,Z2,2.0,143.57
2025-05-12,ADAPTOGEN,14.0,2164.45
2025-05-12,ALLMAX,2.0,323.0
2025-05-12,APIS FLORA,1.0,31.97
2025-05-12,ATLHETICA NUTRITION,26.0,2989.35
2025-05-12,BELIVE,1.0,25.29
2025-05-12,BOLD,5.0,614.83
2025-05-12,CAFFEINE ARMY,30.0,3547.71
2025-05-12,CENTRAL NUTRITION,12.0,1812.7
2025-05-12,CLEAN WHEY,1.0,115.37
2025-05-12,DOBRO,21.0,936.29
2025-05-12,DUOM,1.0,39.33
2025-05-12,DUX,90.0,13446.6
2025-05-12,ENDOGEN,1.0,107.13
2025-05-12,EQUALIV,18.0,2297.78
2025-05-12,ESSENTIAL,26.0,4591.23
2025-05-12,FTW,1.0,138.24
2025-05-12,GOLDKO,1.0,29.49
2025-05-12,INTEGRALMEDICA,25.0,2591.38
2025-05-12,KOALA,5.0,656.97
2025-05-12,LAUTON,9.0,421.28
2025-05-12,MAIS MU,4.0,455.05
2025-05-12,MANDUBIM,6.0,108.63
2025-05-12,MAX TITANIUM,1.0,115.15
2025-05-12,MOSTEIRO DEVAKAN,3.0,115.77
2025-05-12,NEW MILLEN,1.0,119.63
2025-05-12,NICE MILK,1.0,48.25
2025-05-12,NUTRATA,8.0,869.77
2025-05-12,NUTRIFY,42.0,3322.12
2025-05-12,NUTRILATINA,1.0,60.31
2025-05-12,OCEAN DROP,47.0,2746.66
2025-05-12,ONLY4,1.0,23.38
2025-05-12,OPTIMUM NUTRITION,1.0,228.24
2025-05-12,PLANT POWER,1.0,119.03
2025-05-12,PURAVIDA,42.0,3229.47
2025-05-12,SUBLYME,5.0,450.76
2025-05-12,SÃO FRANCISCO,1.0,31.87
2025-05-12,TOPWAY,1.0,94.73
2025-05-12,TRUE SOURCE,8.0,1421.38
2025-05-12,VITAFOR,146.0,14346.78
2025-05-12,WHEYVIV,5.0,140.25
2025-05-12,WS NATURAIS,1.0,19.35
2025-05-12,XTRATUS,3.0,440.79
2025-05-12,YOSEN,8.0,843.97
2025-05-12,Z2,1.0,83.98
2025-05-19,ADAPTOGEN,14.0,1795.38
2025-05-19,ALLMAX,1.0,161.5
2025-05-19,APIS FLORA,6.0,163.27
2025-05-19,ATLHETICA NUTRITION,19.0,2276.1
2025-05-19,BOLD,4.0,554.86
2025-05-19,CAFFEINE ARMY,17.0,2022.39
2025-05-19,CENTRAL NUTRITION,6.0,812.97
2025-05-19,CHÁ MAIS,2.0,36.6
2025-05-19,COPRA,1.0,23.8
2025-05-19,DESINCHÁ,1.0,51.0
2025-05-19,DOBRO,8.0,532.13
2025-05-19,DR. PEANUT,1.0,53.59
2025-05-19,DUOM,2.0,52.51
2025-05-19,DUX,84.0,13322.76
2025-05-19,EAT CLEAN,2.0,54.24
2025-05-19,ELEMENTO PURO,3.0,89.57
2025-05-19,EQUALIV,33.0,4301.58
2025-05-19,ESSENTIAL,41.0,7225.07
2025-05-19,FLORMEL,2.0,55.34
2025-05-19,FTW,4.0,388.23
2025-05-19,GU,1.0,27.69
2025-05-19,GUDAY,2.0,305.82
2025-05-19,HART`S NATURAL,1.0,30.34
2025-05-19,HÁBITO VIDA,1.0,24.85
2025-05-19,INTEGRALMEDICA,14.0,1453.0
2025-05-19,KOALA,3.0,404.31
2025-05-19,KOBBER,2.0,71.64
2025-05-19,LAUTON,12.0,483.14
2025-05-19,MAIS MU,5.0,532.48
2025-05-19,MANDUBIM,1.0,15.99
2025-05-19,MAX TITANIUM,6.0,695.28
2025-05-19,MOSTEIRO DEVAKAN,6.0,231.54
2025-05-19,NUTRATA,12.0,743.4
2025-05-19,NUTRIFY,43.0,3561.19
2025-05-19,OCEAN DROP,67.0,4519.47
2025-05-19,OPTIMUM NUTRITION,1.0,134.25
2025-05-19,PINATI,1.0,25.35
2025-05-19,PLANT POWER,4.0,346.82
2025-05-19,PURAVIDA,92.0,7412.53
2025-05-19,QUEST NUTRITION,2.0,476.0
2025-05-19,STAMIN-UP,1.0,99.0
2025-05-19,SUBLYME,1.0,87.21
2025-05-19,SYNTRAX,1.0,239.49
2025-05-19,TOPWAY,3.0,401.07
2025-05-19,TRUE SOURCE,7.0,1189.73
2025-05-19,VITAFOR,187.0,18958.32
2025-05-19,WHEYVIV,2.0,56.1
2025-05-19,XTRATUS,1.0,146.93
2025-05-19,YOSEN,6.0,485.19
2025-05-26,ADAPTOGEN,19.0,2394.29
2025-05-26,APIS FLORA,6.0,163.27
2025-05-26,ATLHETICA NUTRITION,34.0,3838.06
2025-05-26,BOLD,7.0,964.88
2025-05-26,CAFFEINE ARMY,13.0,1662.23
2025-05-26,CELLFORCE,1.0,99.0
2025-05-26,CENTRAL NUTRITION,12.0,1912.2
2025-05-26,CHÁ MAIS,1.0,19.8
2025-05-26,DARKNESS,2.0,209.82
2025-05-26,DESINCHÁ,1.0,51.0
2025-05-26,DOBRO,7.0,343.86
2025-05-26,DR. PEANUT,4.0,208.84
2025-05-26,DUX,82.0,11760.61
2025-05-26,EAT CLEAN,2.0,53.05
2025-05-26,ELEMENTO PURO,1.0,213.01
2025-05-26,EQUALIV,35.0,4243.9
2025-05-26,ESSENTIAL,44.0,6772.77
2025-05-26,FLORMEL,5.0,120.13
2025-05-26,FTW,1.0,45.77
2025-05-26,HART`S NATURAL,3.0,91.02
2025-05-26,HÁBITO VIDA,2.0,49.7
2025-05-26,INTEGRALMEDICA,15.0,1231.67
2025-05-26,KOALA,3.0,392.42
2025-05-26,KOBBER,1.0,35.82
2025-05-26,LAUTON,14.0,588.81
2025-05-26,MAIS MU,4.0,281.7
2025-05-26,MANDUBIM,2.0,31.98
2025-05-26,MAX TITANIUM,4.0,590.96
2025-05-26,MOSTEIRO DEVAKAN,3.0,115.77
2025-05-26,MUSCLETECH,1.0,71.39
2025-05-26,NEW MILLEN,2.0,239.26
2025-05-26,NUTRATA,7.0,605.88
2025-05-26,NUTRIFY,37.0,3028.76
2025-05-26,OCEAN DROP,24.0,1646.88
2025-05-26,OPTIMUM NUTRITION,1.0,228.24
2025-05-26,PLANT POWER,6.0,494.53
2025-05-26,PURAVIDA,67.0,4935.72
2025-05-26,SANAVITA,1.0,74.26
2025-05-26,STAMIN-UP,1.0,99.0
2025-05-26,SUBLYME,8.0,743.85
2025-05-26,SUPER NUTRITION,1.0,72.18
2025-05-26,SÃO FRANCISCO,1.0,31.87
2025-05-26,TRUE SOURCE,15.0,2502.46
2025-05-26,VITAFOR,147.0,14269.85
2025-05-26,WHEYVIV,2.0,56.1
2025-05-26,YOSEN,4.0,299.88
2025-06-02,ADAPTOGEN,17.0,2539.39
2025-06-02,ALLMAX,1.0,161.5
2025-06-02,APIS FLORA,6.0,168.98
2025-06-02,ATLHETICA NUTRITION,30.0,3204.65
2025-06-02,BOLD,8.0,987.27
2025-06-02,CAFFEINE ARMY,19.0,2298.41
2025-06-02,CENTRAL NUTRITION,11.0,1494.03
2025-06-02,CHÁ DA SERRA,1.0,23.46
2025-06-02,CHÁ MAIS,2.0,36.0
2025-06-02,DARKNESS,1.0,92.59
2025-06-02,DOBRO,5.0,353.45
2025-06-02,DR. PEANUT,1.0,53.59
2025-06-02,DUOM,4.0,134.63
2025-06-02,DUX,87.0,12393.82
2025-06-02,DYMATIZE,1.0,722.03
2025-06-02,EAT CLEAN,5.0,246.8
2025-06-02,EQUALIV,28.0,3095.92
2025-06-02,ESSENTIAL,46.0,7170.94
2025-06-02,FLORMEL,1.0,22.1
2025-06-02,FTW,1.0,66.62
2025-06-02,HÁBITO VIDA,8.0,198.8
2025-06-02,INTEGRALMEDICA,16.0,1783.9
2025-06-02,KOALA,1.0,101.01
2025-06-02,LAUTON,16.0,773.15
2025-06-02,MAIS MU,2.0,144.16
2025-06-02,MANDUBIM,2.0,31.98
2025-06-02,MAX TITANIUM,4.0,442.5
2025-06-02,MOSTEIRO DEVAKAN,5.0,192.95
2025-06-02,NEW MILLEN,1.0,119.63
2025-06-02,NUTRATA,12.0,1164.43
2025-06-02,NUTRIFY,41.0,3882.6
2025-06-02,NUTRILATINA,1.0,90.72
2025-06-02,OCEAN DROP,37.0,2377.23
2025-06-02,OPTIMUM NUTRITION,1.0,228.24
2025-06-02,PLANT POWER,1.0,75.93
2025-06-02,PURAVIDA,61.0,4962.68
2025-06-02,SUBLYME,3.0,276.34
2025-06-02,SUPER NUTRITION,2.0,204.27
2025-06-02,SYNTRAX,1.0,282.2
2025-06-02,TOPWAY,1.0,153.17
2025-06-02,TRUE SOURCE,27.0,3572.49
2025-06-02,VITAFOR,182.0,17291.37
2025-06-02,WHEYVIV,3.0,84.15
2025-06-02,WS NATURAIS,1.0,19.35
2025-06-02,YOSEN,5.0,543.15
2025-06-02,ZEROMILK,3.0,73.95
2025-06-09,ADAPTOGEN,10.0,1519.04
2025-06-09,APIS FLORA,1.0,36.3
2025-06-09,ATLHETICA NUTRITION,19.0,2375.77
2025-06-09,BENDU,1.0,30.98
2025-06-09,BOLD,9.0,1241.6
2025-06-09,CAFFEINE ARMY,31.0,3509.76
2025-06-09,CENTRAL NUTRITION,12.0,1378.59
2025-06-09,CHÁ MAIS,1.0,18.0
2025-06-09,DARKNESS,3.0,351.69
2025-06-09,DOBRO,10.0,836.29
2025-06-09,DR. PEANUT,1.0,53.59
2025-06-09,DUOM,1.0,39.33
2025-06-09,DUX,112.0,16912.01
2025-06-09,DYMATIZE,1.0,722.03
2025-06-09,EAT CLEAN,2.0,54.24
2025-06-09,ENDOGEN,1.0,107.13
2025-06-09,EQUALIV,14.0,1359.48
2025-06-09,ESSENTIAL,36.0,6190.97
2025-06-09,FLORMEL,1.0,33.24
2025-06-09,FTW,1.0,66.62
2025-06-09,GUDAY,1.0,152.91
2025-06-09,HÁBITO VIDA,2.0,49.7
2025-06-09,INTEGRALMEDICA,11.0,1060.47
2025-06-09,KOALA,6.0,859.26
2025-06-09,KOBBER,1.0,35.82
2025-06-09,KONJAC MASSA MF,1.0,24.3
2025-06-09,LAUTON,5.0,327.55
2025-06-09,MAIS MU,1.0,135.99
2025-06-09,MANDUBIM,1.0,20.22
2025-06-09,MAX TITANIUM,2.0,301.9
2025-06-09,MOSTEIRO DEVAKAN,1.0,38.59
2025-06-09,NEW MILLEN,1.0,119.63
2025-06-09,NICE MILK,1.0,48.25
2025-06-09,NUTRATA,11.0,1191.67
2025-06-09,NUTRIFY,31.0,2536.77
2025-06-09,OCEAN DROP,24.0,1473.32
2025-06-09,ONLY4,4.0,93.98
2025-06-09,PURAVIDA,49.0,4179.42
2025-06-09,STAMIN-UP,1.0,99.0
2025-06-09,STÉVIACHOCO,1.0,22.27
2025-06-09,SUBLYME,10.0,930.94
2025-06-09,TOPWAY,2.0,306.34
2025-06-09,TRUE SOURCE,10.0,1519.73
2025-06-09,TRUSTFUEL,2.0,174.49
2025-06-09,VITAFOR,153.0,15043.61
2025-06-09,VITALIN,3.0,37.92
2025-06-09,WS NATURAIS,1.0,19.35
2025-06-09,YOSEN,1.0,91.8
2025-06-09,ZEROMILK,1.0,24.65
2025-06-16,ADAPTOGEN,7.0,840.12
2025-06-16,ALLMAX,1.0,161.5
2025-06-16,APIS FLORA,4.0,110.75
2025-06-16,ATLHETICA NUTRITION,13.0,1163.12
2025-06-16,BOLD,3.0,331.53
2025-06-16,CAFFEINE ARMY,7.0,895.24
2025-06-16,CENTRAL NUTRITION,5.0,733.59
2025-06-16,DOBRO,11.0,1110.83
2025-06-16,DR. PEANUT,2.0,105.34
2025-06-16,DUOM,1.0,18.18
2025-06-16,DUX,45.0,7347.6
2025-06-16,EAT CLEAN,2.0,62.06
2025-06-16,EQUALIV,22.0,3432.38
2025-06-16,ESSENTIAL,40.0,6289.27
2025-06-16,FTW,1.0,45.77
2025-06-16,GU,1.0,201.35
2025-06-16,INTEGRALMEDICA,15.0,1896.44
2025-06-16,KOALA,1.0,151.65
2025-06-16,KONJAC MASSA MF,2.0,48.6
2025-06-16,LAUTON,10.0,413.25
2025-06-16,MAIS MU,3.0,328.86
2025-06-16,MAX TITANIUM,3.0,325.41
2025-06-16,NEW MILLEN,2.0,239.26
2025-06-16,NUTRATA,5.0,470.14
2025-06-16,NUTRIFY,36.0,3095.23
2025-06-16,OCEAN DROP,23.0,1431.62
2025-06-16,ONLY4,2.0,47.22
2025-06-16,PLANT POWER,3.0,313.99
2025-06-16,PURAVIDA,51.0,3994.11
2025-06-16,TRUE SOURCE,7.0,719.66
2025-06-16,TRUSTFUEL,1.0,63.79
2025-06-16,VITAFOR,161.0,15594.41
2025-06-16,VITALIN,1.0,12.64
2025-06-16,WHEYVIV,4.0,112.2
2025-06-16,XTRATUS,1.0,146.93
2025-06-16,YOSEN,3.0,229.5
2025-06-23,ADAPTOGEN,11.0,1905.14
2025-06-23,ALLMAX,1.0,269.16
2025-06-23,APIS FLORA,5.0,142.72
2025-06-23,ATLHETICA NUTRITION,24.0,2316.24
2025-06-23,BOLD,4.0,632.02
2025-06-23,CAFFEINE ARMY,33.0,3800.77
2025-06-23,CENTRAL NUTRITION,5.0,834.98
2025-06-23,COPRA,1.0,23.8
2025-06-23,DARKNESS,3.0,337.48
2025-06-23,DOBRO,3.0,429.18
2025-06-23,DR. PEANUT,1.0,53.59
2025-06-23,DUOM,1.0,39.33
2025-06-23,DUX,62.0,10013.57
2025-06-23,EAT CLEAN,3.0,80.17
2025-06-23,EQUALIV,16.0,1946.61
2025-06-23,ESSENTIAL,31.0,5219.42
2025-06-23,EURONUTRY,2.0,78.0
2025-06-23,FLORMEL,1.0,33.24
2025-06-23,FTW,1.0,78.43
2025-06-23,HÁBITO VIDA,1.0,24.85
2025-06-23,INTEGRALMEDICA,22.0,2467.61
2025-06-23,KOALA,4.0,539.75
2025-06-23,LAUTON,13.0,718.11
2025-06-23,MAIS MU,5.0,814.56
2025-06-23,MANDUBIM,1.0,15.99
2025-06-23,MAX TITANIUM,1.0,93.65
2025-06-23,MOSTEIRO DEVAKAN,1.0,38.59
2025-06-23,NEW MILLEN,1.0,119.63
2025-06-23,NUTRATA,5.0,518.84
2025-06-23,NUTRIFY,25.0,2069.86
2025-06-23,OCEAN DROP,34.0,2172.38
2025-06-23,ORGANIC INDIA,4.0,204.08
2025-06-23,PURAVIDA,64.0,5326.31
2025-06-23,SUBLYME,5.0,438.09
2025-06-23,TRUE SOURCE,12.0,1801.0
2025-06-23,VITAFOR,155.0,15051.81
2025-06-23,VITALIN,1.0,14.27
2025-06-23,WHEYVIV,1.0,28.05
2025-06-23,WS NATURAIS,3.0,58.05
2025-06-23,XTRATUS,1.0,146.93
2025-06-23,YOSEN,5.0,428.4
2025-06-23,ZEROMILK,1.0,24.65
2025-06-30,ADAPTOGEN,18.0,2800.44
2025-06-30,ALLMAX,1.0,161.5
2025-06-30,APIS FLORA,1.0,26.26
2025-06-30,ATLHETICA NUTRITION,21.0,2390.96
2025-06-30,BENDU,1.0,51.17
2025-06-30,BOLD,8.0,1031.55
2025-06-30,CAFFEINE ARMY,21.0,2939.77
2025-06-30,CENTRAL NUTRITION,8.0,1280.61
2025-06-30,COPRA,2.0,47.6
2025-06-30,DARKNESS,2.0,227.59
2025-06-30,DOBRO,6.0,782.5
2025-06-30,DUX,108.0,17573.11
2025-06-30,EAT CLEAN,7.0,205.48
2025-06-30,EQUALIV,24.0,3270.02
2025-06-30,ESSENTIAL,33.0,5659.16
2025-06-30,FLORMEL,2.0,55.34
2025-06-30,FTW,1.0,45.77
2025-06-30,GUDAY,2.0,305.82
2025-06-30,HART`S NATURAL,2.0,60.68
2025-06-30,HÁBITO VIDA,1.0,24.85
2025-06-30,INTEGRALMEDICA,15.0,1763.59
2025-06-30,KOALA,1.0,103.8
2025-06-30,LAUTON,14.0,796.79
2025-06-30,MAIS MU,3.0,371.9
2025-06-30,MANDUBIM,4.0,63.96
2025-06-30,MAX TITANIUM,3.0,272.2
2025-06-30,MOSTEIRO DEVAKAN,3.0,115.77
2025-06-30,MYDREAM,1.0,39.95
2025-06-30,NUTRATA,19.0,1832.36
2025-06-30,NUTRIFY,45.0,4337.41
2025-06-30,OCEAN DROP,31.0,2022.88
2025-06-30,ONLY4,2.0,47.68
2025-06-30,OPTIMUM NUTRITION,2.0,489.2
2025-06-30,PINATI,3.0,137.81
2025-06-30,PLANT POWER,8.0,723.46
2025-06-30,PURAVIDA,58.0,3881.13
2025-06-30,QUEST NUTRITION,1.0,238.0
2025-06-30,SANAVITA,1.0,80.75
2025-06-30,SUBLYME,2.0,187.11
2025-06-30,SUPER NUTRITION,2.0,187.72
2025-06-30,Super Nutrition,1.0,127.35
2025-06-30,TOPWAY,1.0,86.73
2025-06-30,TRUE SOURCE,14.0,1834.85
2025-06-30,VITAFOR,165.0,16189.25
2025-06-30,WHEYVIV,7.0,196.35
2025-06-30,WS NATURAIS,3.0,58.05
2025-06-30,YOSEN,3.0,283.69
2025-07-07,ADAPTOGEN,9.0,1261.0
2025-07-07,APIS FLORA,6.0,174.69
2025-07-07,ATLHETICA NUTRITION,19.0,2073.4
2025-07-07,BENDU,1.0,30.98
2025-07-07,BOLD,10.0,1040.52
2025-07-07,CAFFEINE ARMY,18.0,2637.54
2025-07-07,CENTRAL NUTRITION,7.0,1086.07
2025-07-07,DOBRO,7.0,318.16
2025-07-07,DR. PEANUT,2.0,107.18
2025-07-07,DUOM,2.0,51.14
2025-07-07,DUX,71.0,11804.84
2025-07-07,EAT CLEAN,5.0,128.29
2025-07-07,EQUALIV,18.0,2128.7
2025-07-07,ESSENTIAL,32.0,5269.94
2025-07-07,GRANO SQUARE,1.0,33.09
2025-07-07,INTEGRALMEDICA,12.0,1413.56
2025-07-07,KOALA,1.0,179.9
2025-07-07,LAUTON,16.0,746.22
2025-07-07,MAIS MU,4.0,317.84
2025-07-07,MAX TITANIUM,2.0,200.05
2025-07-07,MOSTEIRO DEVAKAN,1.0,39.9
2025-07-07,NUTRATA,7.0,705.67
2025-07-07,NUTRIFY,41.0,3428.57
2025-07-07,OCEAN DROP,26.0,1665.42
2025-07-07,PURAVIDA,45.0,4370.16
2025-07-07,SPEEDO NUTRITION,1.0,69.98
2025-07-07,SUBLYME,3.0,299.7
2025-07-07,TRUE SOURCE,13.0,2104.84
2025-07-07,TRUSTFUEL,2.0,205.3
2025-07-07,VITAFOR,131.0,13854.76
2025-07-07,WHEYVIV,5.0,140.25
2025-07-07,YOSEN,4.0,582.3
2025-07-14,ADAPTOGEN,12.0,1850.15
2025-07-14,APIS FLORA,10.0,262.6
2025-07-14,ATLHETICA NUTRITION,17.0,1662.23
2025-07-14,BOLD,5.0,612.66
2025-07-14,CAFFEINE ARMY,16.0,2453.4
2025-07-14,CENTRAL NUTRITION,7.0,1237.5
2025-07-14,COMBOS,1.0,134.67
2025-07-14,DOBRO,7.0,589.32
2025-07-14,DUOM,1.0,39.33
2025-07-14,DUX,61.0,11098.48
2025-07-14,EAT CLEAN,3.0,85.78
2025-07-14,EQUALIV,34.0,4054.02
2025-07-14,ESSENTIAL,32.0,5842.52
2025-07-14,FLORMEL,1.0,22.73
2025-07-14,FTW,1.0,78.43
2025-07-14,GOLDKO,3.0,95.11
2025-07-14,GUDAY,1.0,152.91
2025-07-14,HART`S NATURAL,1.0,30.34
2025-07-14,HÁBITO VIDA,2.0,49.7
2025-07-14,INTEGRALMEDICA,4.0,518.02
2025-07-14,KOALA,1.0,119.9
2025-07-14,LAUTON,8.0,414.05
2025-07-14,MAIS MU,3.0,294.07
2025-07-14,MANDUBIM,4.0,68.19
2025-07-14,MAX TITANIUM,1.0,84.9
2025-07-14,NEW MILLEN,2.0,239.26
2025-07-14,NUTRATA,15.0,1475.87
2025-07-14,NUTRIFY,38.0,2827.04
2025-07-14,OCEAN DROP,29.0,1790.41
2025-07-14,ORGANIC INDIA,1.0,51.02
2025-07-14,PURAVIDA,35.0,3425.63
2025-07-14,SHARK PRO,1.0,240.89
2025-07-14,SPEEDO NUTRITION,1.0,69.98
2025-07-14,STAMIN-UP,1.0,99.0
2025-07-14,SUBLYME,3.0,299.7
2025-07-14,SUPER NUTRITION,1.0,110.42
2025-07-14,SYNTRAX,2.0,487.33
2025-07-14,TOPWAY,3.0,364.36
2025-07-14,TRUE SOURCE,18.0,1865.63
2025-07-14,VITAFOR,115.0,11343.07
2025-07-14,WHEYVIV,2.0,56.1
2025-07-14,WS NATURAIS,1.0,19.35
2025-07-14,YOSEN,9.0,780.3
2025-07-14,ZEROMILK,2.0,49.3
2025-07-21,ADAPTOGEN,6.0,999.4
2025-07-21,APIS FLORA,4.0,110.75
2025-07-21,ATLHETICA NUTRITION,15.0,1248.1
2025-07-21,BOLD,7.0,513.63
2025-07-21,CAFFEINE ARMY,12.0,1698.08
2025-07-21,CENTRAL NUTRITION,3.0,498.8
2025-07-21,CHÁ MAIS,2.0,37.8
2025-07-21,COPRA,1.0,17.85
2025-07-21,DOBRO,9.0,554.18
2025-07-21,DR. PEANUT,1.0,53.59
2025-07-21,DUOM,1.0,18.87
2025-07-21,DUX,48.0,7972.67
2025-07-21,DYMATIZE,1.0,722.03
2025-07-21,EAT CLEAN,2.0,97.25
2025-07-21,EQUALIV,17.0,1941.89
2025-07-21,ESSENTIAL,18.0,3539.39
2025-07-21,HÁBITO VIDA,2.0,49.7
2025-07-21,INTEGRALMEDICA,13.0,1671.62
2025-07-21,KOALA,1.0,119.9
2025-07-21,KOBBER,2.0,71.64
2025-07-21,LAUTON,9.0,334.46
2025-07-21,MAIS MU,3.0,262.71
2025-07-21,MAX TITANIUM,3.0,274.05
2025-07-21,MUSCLETECH,1.0,71.39
2025-07-21,NUTRATA,6.0,672.19
2025-07-21,NUTRIFY,27.0,2187.15
2025-07-21,NUTRILATINA,1.0,90.72
2025-07-21,OCEAN DROP,27.0,1815.86
2025-07-21,PLANT POWER,1.0,109.9
2025-07-21,PURAVIDA,44.0,3622.5
2025-07-21,SUBLYME,3.0,299.7
2025-07-21,TOPWAY,1.0,174.9
2025-07-21,TRUE SOURCE,9.0,1359.47
2025-07-21,TRUSTFUEL,2.0,166.38
2025-07-21,VITAFOR,103.0,11600.62
2025-07-21,WHEYVIV,2.0,56.1
2025-07-21,YOSEN,6.0,482.4
2025-07-21,ZEROMILK,1.0,24.65
2025-07-28,ADAPTOGEN,10.0,1664.0
2025-07-28,APIS FLORA,4.0,115.08
2025-07-28,ATLHETICA NUTRITION,19.0,2204.49
2025-07-28,BOLD,11.0,1598.9
2025-07-28,CAFFEINE ARMY,21.0,3183.74
2025-07-28,CENTRAL NUTRITION,5.0,775.37
2025-07-28,DARKNESS,2.0,185.18
2025-07-28,DOBRO,1.0,175.31
2025-07-28,DR. PEANUT,3.0,160.77
2025-07-28,DUX,62.0,10768.49
2025-07-28,EAT CLEAN,3.0,82.3
2025-07-28,EQUALIV,26.0,3541.03
2025-07-28,ESSENTIAL,24.0,4677.43
2025-07-28,EURONUTRY,1.0,80.0
2025-07-28,FLORMEL,1.0,22.1
2025-07-28,FTW,2.0,133.24
2025-07-28,GU,1.0,33.56
2025-07-28,HÁBITO VIDA,4.0,99.4
2025-07-28,INTEGRALMEDICA,14.0,1696.7
2025-07-28,KOALA,2.0,299.8
2025-07-28,LAUTON,12.0,525.75
2025-07-28,MAIS MU,5.0,626.69
2025-07-28,MANDUBIM,1.0,15.99
2025-07-28,MAX TITANIUM,2.0,242.36
2025-07-28,MOSTEIRO DEVAKAN,1.0,39.9
2025-07-28,MYDREAM,1.0,39.95
2025-07-28,NUTRATA,4.0,433.05
2025-07-28,NUTRIFY,61.0,5931.01
2025-07-28,NUTRILATINA,1.0,90.72
2025-07-28,OCEAN DROP,30.0,2036.63
2025-07-28,PURAVIDA,77.0,6834.47
2025-07-28,SPEEDO NUTRITION,1.0,69.98
2025-07-28,STAMIN-UP,1.0,99.0
2025-07-28,SUBLYME,5.0,499.5
2025-07-28,SÃO FRANCISCO,1.0,31.87
2025-07-28,TOPWAY,2.0,349.8
2025-07-28,TRUE SOURCE,16.0,2344.79
2025-07-28,TRUSTFUEL,2.0,213.29
2025-07-28,VITAFOR,140.0,15417.53
2025-07-28,VITALIN,2.0,25.28
2025-07-28,WS NATURAIS,3.0,58.05
2025-07-28,YOSEN,4.0,444.15
2025-07-28,Z2,1.0,59.59
2025-08-04,ADAPTOGEN,9.0,1754.1
2025-08-04,APIS FLORA,2.0,65.16
2025-08-04,ATLHETICA NUTRITION,23.0,2655.41
2025-08-04,BOLD,6.0,679.4
2025-08-04,CAFFEINE ARMY,14.0,2152.52
2025-08-04,CENTRAL NUTRITION,11.0,1829.12
2025-08-04,COLOR ANDINA,2.0,71.7
2025-08-04,DARKNESS,1.0,129.9
2025-08-04,DOBRO,5.0,399.5
2025-08-04,DR. PEANUT,3.0,162.08
2025-08-04,DUX,93.0,16306.0
2025-08-04,DYMATIZE,1.0,722.03
2025-08-04,EAT CLEAN,1.0,32.9
2025-08-04,EQUALIV,24.0,3376.93
2025-08-04,ESSENTIAL,23.0,4069.9
2025-08-04,FLORMEL,2.0,53.8
2025-08-04,FTW,6.0,464.27
2025-08-04,GOLDKO,1.0,34.9
2025-08-04,HÁBITO VIDA,1.0,24.85
2025-08-04,INTEGRALMEDICA,12.0,1244.46
2025-08-04,KOALA,2.0,359.8
2025-08-04,KOBBER,2.0,65.8
2025-08-04,LAUTON,19.0,1250.04
2025-08-04,MAIS MU,9.0,832.1
2025-08-04,MAX TITANIUM,1.0,154.9
2025-08-04,MUSCLETECH,1.0,84.9
2025-08-04,MYDREAM,1.0,39.9
2025-08-04,NUTRATA,14.0,1507.32
2025-08-04,NUTRIFY,46.0,4192.83
2025-08-04,OCEAN DROP,44.0,2968.61
2025-08-04,OPTIMUM NUTRITION,1.0,199.9
2025-08-04,PLANT POWER,1.0,109.9
2025-08-04,PURAVIDA,81.0,8116.35
2025-08-04,STAMIN-UP,1.0,99.0
2025-08-04,SUBLYME,5.0,499.5
2025-08-04,SUPER NUTRITION,4.0,417.52
2025-08-04,Super Nutrition,2.0,254.7
2025-08-04,TRUE SOURCE,17.0,3036.9
2025-08-04,TRUSTFUEL,1.0,94.6
2025-08-04,VITAFOR,142.0,14297.28
2025-08-04,WHEYVIV,10.0,294.2
2025-08-04,WS NATURAIS,2.0,48.25
2025-08-11,ADAPTOGEN,12.0,2063.8
2025-08-11,ALLMAX,1.0,199.9
2025-08-11,APIS FLORA,2.0,67.8
2025-08-11,ATLHETICA NUTRITION,19.0,2159.89
2025-08-11,BOLD,6.0,759.4
2025-08-11,CAFFEINE ARMY,18.0,2650.05
2025-08-11,CENTRAL NUTRITION,6.0,774.64
2025-08-11,COLOR ANDINA,2.0,99.4
2025-08-11,DARKNESS,6.0,702.09
2025-08-11,DOBRO,4.0,539.6
2025-08-11,DR. PEANUT,2.0,109.8
2025-08-11,DUX,76.0,13317.04
2025-08-11,DYMATIZE,1.0,722.03
2025-08-11,EAT CLEAN,2.0,65.8
2025-08-11,EQUALIV,15.0,1732.5
2025-08-11,ESSENTIAL,35.0,6791.19
2025-08-11,GOLDKO,2.0,69.8
2025-08-11,GUDAY,2.0,299.8
2025-08-11,HART`S NATURAL,1.0,39.9
2025-08-11,INTEGRALMEDICA,12.0,1604.8
2025-08-11,KONJAC MASSA MF,1.0,24.3
2025-08-11,LAUTON,9.0,623.48
2025-08-11,MAIS MU,5.0,538.5
2025-08-11,MANDUBIM,1.0,26.9
2025-08-11,MAX TITANIUM,1.0,84.9
2025-08-11,MUSCLETECH,1.0,84.9
2025-08-11,NUTRATA,7.0,541.16
2025-08-11,NUTRIFY,49.0,4570.43
2025-08-11,OCEAN DROP,20.0,1319.65
2025-08-11,PURAVIDA,53.0,5213.62
2025-08-11,SUBLYME,3.0,299.7
2025-08-11,Super Nutrition,1.0,127.35
2025-08-11,TOPWAY,1.0,174.9
2025-08-11,TRUE SOURCE,17.0,3021.55
2025-08-11,VITAFOR,141.0,14754.66
2025-08-11,WHEYVIV,7.0,244.3
2025-08-11,XTRATUS,1.0,199.9
2025-08-11,YOSEN,2.0,164.8
2025-08-18,ADAPTOGEN,10.0,1535.35
2025-08-18,APIS FLORA,6.0,193.4
2025-08-18,ATLHETICA NUTRITION,12.0,1350.59
2025-08-18,BELIVE,1.0,24.9
2025-08-18,BOLD,6.0,669.4
2025-08-18,CAFFEINE ARMY,18.0,2768.2
2025-08-18,CENTRAL NUTRITION,3.0,574.25
2025-08-18,CHÁ DA SERRA,1.0,29.9
2025-08-18,COPRA,1.0,32.9
2025-08-18,DARKNESS,2.0,168.4
2025-08-18,DOBRO,3.0,241.7
2025-08-18,DR. PEANUT,4.0,219.6
2025-08-18,DUX,64.0,11009.7
2025-08-18,DYMATIZE,1.0,331.81
2025-08-18,EAT CLEAN,5.0,170.5
2025-08-18,EQUALIV,21.0,2531.17
2025-08-18,ESSENTIAL,31.0,6009.24
2025-08-18,FTW,2.0,199.8
2025-08-18,GU,1.0,201.35
2025-08-18,GUDAY,1.0,149.9
2025-08-18,HART`S NATURAL,1.0,39.9
2025-08-18,HÁBITO VIDA,2.0,59.8
2025-08-18,INTEGRALMEDICA,15.0,1745.6
2025-08-18,KOALA,3.0,359.7
2025-08-18,LAUTON,6.0,287.4
2025-08-18,MAIS MU,2.0,252.8
2025-08-18,MANDUBIM,2.0,46.8
2025-08-18,MAX TITANIUM,7.0,684.3
2025-08-18,MOSTEIRO DEVAKAN,1.0,39.9
2025-08-18,MYDREAM,1.0,39.9
2025-08-18,NUTRATA,7.0,824.34
2025-08-18,NUTRIFY,41.0,3705.03
2025-08-18,NUTRILATINA,1.0,89.9
2025-08-18,OCEAN DROP,44.0,2911.0
2025-08-18,PINATI,3.0,104.7
2025-08-18,PLANT POWER,3.0,467.83
2025-08-18,PURAVIDA,68.0,7010.84
2025-08-18,QUEST NUTRITION,1.0,259.9
2025-08-18,SUBLYME,6.0,599.4
2025-08-18,TOPWAY,1.0,86.73
2025-08-18,TRUE SOURCE,13.0,1812.71
2025-08-18,VITAFOR,162.0,17877.87
2025-08-18,VITALIN,1.0,15.9
2025-08-18,WHEYVIV,7.0,244.3
2025-08-18,WS NATURAIS,2.0,57.8
2025-08-18,YOSEN,5.0,404.5
2025-08-25,ADAPTOGEN,15.0,2083.5
2025-08-25,APIS FLORA,7.0,202.3
2025-08-25,ATLHETICA NUTRITION,19.0,1967.45
2025-08-25,BOLD,2.0,339.8
2025-08-25,CAFFEINE ARMY,23.0,3472.7
2025-08-25,CENTRAL NUTRITION,5.0,690.02
2025-08-25,COLOR ANDINA,3.0,149.1
2025-08-25,COPRA,1.0,32.9
2025-08-25,DARKNESS,2.0,239.8
2025-08-25,DOBRO,7.0,999.3
2025-08-25,DR. PEANUT,3.0,164.7
2025-08-25,DUX,74.0,12531.8
2025-08-25,DYMATIZE,1.0,722.03
2025-08-25,EAT CLEAN,9.0,296.1
2025-08-25,EQUALIV,26.0,4181.75
2025-08-25,ESSENTIAL,30.0,5636.42
2025-08-25,FLORMEL,1.0,36.9
2025-08-25,GRANO SQUARE,1.0,33.09
2025-08-25,GUDAY,1.0,149.9
2025-08-25,HÁBITO VIDA,1.0,29.9
2025-08-25,INTEGRALMEDICA,7.0,725.3
2025-08-25,KOALA,3.0,358.63
2025-08-25,KOBBER,2.0,65.8
2025-08-25,LAUTON,19.0,1166.35
2025-08-25,MAIS MU,5.0,554.5
2025-08-25,MANDUBIM,2.0,39.8
2025-08-25,MAX TITANIUM,7.0,741.3
2025-08-25,MOSTEIRO DEVAKAN,2.0,79.8
2025-08-25,NICE MILK,1.0,58.9
2025-08-25,NUTRATA,7.0,549.34
2025-08-25,NUTRIFY,44.0,4059.06
2025-08-25,OCEAN DROP,31.0,2037.45
2025-08-25,PURAVIDA,66.0,6779.63
2025-08-25,STAMIN-UP,1.0,119.9
2025-08-25,SUBLYME,5.0,499.5
2025-08-25,SUPER NUTRITION,5.0,571.51
2025-08-25,SYNTRAX,1.0,369.0
2025-08-25,Super Nutrition,1.0,127.35
2025-08-25,TOPWAY,2.0,349.8
2025-08-25,TRUE SOURCE,6.0,1204.4
2025-08-25,TRUSTFUEL,2.0,193.78
2025-08-25,VITAFOR,160.0,15966.39
2025-08-25,WS NATURAIS,2.0,57.8
2025-08-25,YOSEN,4.0,359.6
2025-09-01,ADAPTOGEN,15.0,2573.5
2025-09-01,ALLMAX,2.0,399.8
2025-09-01,APIS FLORA,5.0,186.5
2025-09-01,ATLHETICA NUTRITION,16.0,1882.11
2025-09-01,BOLD,8.0,1012.69
2025-09-01,CAFFEINE ARMY,12.0,1843.8
2025-09-01,CENTRAL NUTRITION,7.0,1238.3
2025-09-01,COLOR ANDINA,1.0,22.0
2025-09-01,DOBRO,6.0,203.55
2025-09-01,DR. PEANUT,4.0,219.6
2025-09-01,DUX,99.0,17260.6
2025-09-01,DYMATIZE,2.0,1053.84
2025-09-01,EAT CLEAN,6.0,209.4
2025-09-01,EQUALIV,32.0,5039.54
2025-09-01,ESSENTIAL,27.0,5659.73
2025-09-01,FTW,4.0,365.6
2025-09-01,GUDAY,2.0,302.05
2025-09-01,INTEGRALMEDICA,6.0,527.4
2025-09-01,KOALA,7.0,1019.3
2025-09-01,KOBBER,4.0,131.6
2025-09-01,LAUTON,14.0,694.82
2025-09-01,MAIS MU,2.0,252.8
2025-09-01,MANDUBIM,3.0,66.7
2025-09-01,MAX TITANIUM,1.0,84.9
2025-09-01,MUSCLETECH,1.0,84.9
2025-09-01,NUTRATA,8.0,796.2
2025-09-01,NUTRIFY,38.0,4019.34
2025-09-01,NUTRILATINA,1.0,153.65
2025-09-01,OCEAN DROP,32.0,2274.53
2025-09-01,ONLY4,2.0,59.8
2025-09-01,PURAVIDA,52.0,5226.8
2025-09-01,STÉVIACHOCO,1.0,36.9
2025-09-01,SUBLYME,4.0,399.6
2025-09-01,TOPWAY,1.0,86.73
2025-09-01,TRUE SOURCE,15.0,2568.94
2025-09-01,VITAFOR,151.0,16895.32
2025-09-01,VITALIN,1.0,15.9
2025-09-01,WS NATURAIS,2.0,57.8
2025-09-01,YOSEN,3.0,319.7
2025-09-08,ADAPTOGEN,20.0,3475.7
2025-09-08,ALLMAX,1.0,199.9
2025-09-08,APIS FLORA,6.0,233.4
2025-09-08,ATLHETICA NUTRITION,22.0,2473.19
2025-09-08,BOLD,9.0,628.06
2025-09-08,CAFFEINE ARMY,27.0,4247.3
2025-09-08,CENTRAL NUTRITION,8.0,1459.2
2025-09-08,COLOR ANDINA,1.0,49.7
2025-09-08,DARKNESS,2.0,270.0
2025-09-08,DOBRO,7.0,952.13
2025-09-08,DR. PEANUT,3.0,164.7
2025-09-08,DUX,120.0,20703.38
2025-09-08,EAT CLEAN,8.0,269.2
2025-09-08,EQUALIV,36.0,5262.76
2025-09-08,ESSENTIAL,48.0,8785.95
2025-09-08,FLORMEL,6.0,51.1
2025-09-08,HÁBITO VIDA,2.0,59.8
2025-09-08,INTEGRALMEDICA,16.0,1844.03
2025-09-08,KOALA,2.0,359.8
2025-09-08,KOBBER,1.0,32.9
2025-09-08,KONJAC MASSA MF,2.0,48.6
2025-09-08,LAUTON,10.0,440.11
2025-09-08,MAIS MU,6.0,752.4
2025-09-08,MANDUBIM,3.0,73.7
2025-09-08,MAX TITANIUM,6.0,624.4
2025-09-08,MOSTEIRO DEVAKAN,1.0,39.9
2025-09-08,NUTRATA,9.0,894.1
2025-09-08,NUTRIFY,57.0,5497.07
2025-09-08,OCEAN DROP,34.0,2258.61
2025-09-08,PINATI,2.0,27.21
2025-09-08,PLANT POWER,1.0,109.9
2025-09-08,PURAVIDA,75.0,7138.23
2025-09-08,SUBLYME,1.0,99.9
2025-09-08,SUPER NUTRITION,2.0,229.8
2025-09-08,TRUE SOURCE,23.0,4291.59
2025-09-08,VITAFOR,166.0,17909.5
2025-09-08,VITALIN,2.0,32.8
2025-09-08,YOSEN,5.0,479.5
2025-09-15,ADAPTOGEN,9.0,1386.8
2025-09-15,APIS FLORA,3.0,86.7
2025-09-15,ATLHETICA NUTRITION,23.0,2668.9
2025-09-15,BENDU,1.0,12.38
2025-09-15,BOLD,3.0,439.7
2025-09-15,CAFFEINE ARMY,17.0,2650.15
2025-09-15,CENTRAL NUTRITION,7.0,1239.3
2025-09-15,CHÁ MAIS,1.0,7.2
2025-09-15,COLOR ANDINA,1.0,49.7
2025-09-15,DARKNESS,2.0,244.8
2025-09-15,DOBRO,3.0,236.36
2025-09-15,DR. PEANUT,5.0,274.5
2025-09-15,DUX,94.0,15375.28
2025-09-15,EAT CLEAN,8.0,265.55
2025-09-15,EQUALIV,48.0,5968.21
2025-09-15,ESSENTIAL,35.0,5860.36
2025-09-15,FTW,1.0,65.9
2025-09-15,GUDAY,1.0,149.9
2025-09-15,HART`S NATURAL,1.0,39.9
2025-09-15,HÁBITO VIDA,1.0,29.9
2025-09-15,INTEGRALMEDICA,17.0,2106.3
2025-09-15,KOALA,4.0,599.6
2025-09-15,KOBBER,1.0,32.9
2025-09-15,LAUTON,11.0,457.81
2025-09-15,MAIS MU,6.0,546.38
2025-09-15,MANDUBIM,1.0,19.9
2025-09-15,MAX TITANIUM,8.0,1036.2
2025-09-15,MIX NUTRI,1.0,6.7
2025-09-15,MOSTEIRO DEVAKAN,4.0,159.6
2025-09-15,NUTRATA,6.0,582.81
2025-09-15,NUTRIFY,42.0,3666.08
2025-09-15,OCEAN DROP,26.0,1732.35
2025-09-15,PLANT POWER,1.0,164.9
2025-09-15,PURAVIDA,68.0,6953.93
2025-09-15,SUBLYME,3.0,299.7
2025-09-15,SUPER NUTRITION,2.0,192.08
2025-09-15,Super Nutrition,1.0,127.35
2025-09-15,TERRAMAZONIA,1.0,68.35
2025-09-15,TOPWAY,1.0,159.9
2025-09-15,TRUE SOURCE,17.0,2739.62
2025-09-15,VITAFOR,162.0,18835.61
2025-09-15,WHEYVIV,3.0,33.66
2025-09-15,WS NATURAIS,1.0,28.9
2025-09-15,XTRATUS,1.0,199.9
2025-09-15,YOSEN,4.0,364.6
2025-09-15,ZEROMILK,1.0,15.54
2025-09-22,ADAPTOGEN,5.0,1049.5
2025-09-22,APIS FLORA,6.0,237.4
2025-09-22,ATLHETICA NUTRITION,14.0,1386.02
2025-09-22,BOLD,9.0,988.74
2025-09-22,CAFFEINE ARMY,21.0,3182.9
2025-09-22,CENTRAL NUTRITION,8.0,1238.6
2025-09-22,CHÁ MAIS,1.0,7.2
2025-09-22,COLOR ANDINA,1.0,49.7
2025-09-22,DARKNESS,1.0,119.9
2025-09-22,DOBRO,3.0,292.53
2025-09-22,DR. PEANUT,1.0,54.9
2025-09-22,DUX,87.0,15762.42
2025-09-22,DYMATIZE,1.0,722.03
2025-09-22,EAT CLEAN,2.0,108.8
2025-09-22,EQUALIV,23.0,3591.81
2025-09-22,ESSENTIAL,32.0,5775.73
2025-09-22,FLORMEL,15.0,173.88
2025-09-22,GUDAY,1.0,149.9
2025-09-22,HART`S NATURAL,1.0,39.9
2025-09-22,HÁBITO VIDA,4.0,119.6
2025-09-22,INTEGRALMEDICA,17.0,1967.3
2025-09-22,KOALA,1.0,179.9
2025-09-22,KOBBER,1.0,32.9
2025-09-22,LAUTON,12.0,699.59
2025-09-22,MAIS MU,3.0,235.7
2025-09-22,MANDUBIM,1.0,19.9
2025-09-22,MAX TITANIUM,4.0,559.55
2025-09-22,MOSTEIRO DEVAKAN,1.0,39.9
2025-09-22,MYDREAM,2.0,23.96
2025-09-22,NUTRATA,6.0,636.31
2025-09-22,NUTRIFY,43.0,4013.89
2025-09-22,OCEAN DROP,35.0,2397.25
2025-09-22,PINATI,2.0,31.74
2025-09-22,PURAVIDA,73.0,6947.83
2025-09-22,STAMIN-UP,2.0,239.8
2025-09-22,SUBLYME,5.0,499.5
2025-09-22,TOPWAY,1.0,174.9
2025-09-22,TRUE SOURCE,19.0,3121.17
2025-09-22,VITAFOR,133.0,14873.15
2025-09-22,YOSEN,5.0,484.5
2025-09-29,ADAPTOGEN,19.0,3749.45
2025-09-29,APIS FLORA,5.0,154.5
2025-09-29,ATLHETICA NUTRITION,21.0,2410.9
2025-09-29,BELIVE,2.0,12.0
2025-09-29,BOLD,6.0,609.36
2025-09-29,CAFFEINE ARMY,20.0,3168.0
2025-09-29,CENTRAL NUTRITION,11.0,2072.02
2025-09-29,COPRA,3.0,66.7
2025-09-29,DARKNESS,4.0,504.6
2025-09-29,DOBRO,8.0,1321.2
2025-09-29,DR. PEANUT,4.0,219.6
2025-09-29,DUX,111.0,18030.2
2025-09-29,EAT CLEAN,6.0,208.43
2025-09-29,EQUALIV,25.0,3964.85
2025-09-29,ESSENTIAL,41.0,6952.44
2025-09-29,FLORMEL,1.0,109.9
2025-09-29,FTW,2.0,199.8
2025-09-29,GOLDKO,4.0,39.36
2025-09-29,GUDAY,2.0,289.8
2025-09-29,HÁBITO VIDA,4.0,119.6
2025-09-29,INTEGRALMEDICA,13.0,1574.9
2025-09-29,KOALA,3.0,539.7
2025-09-29,KOBBER,1.0,32.9
2025-09-29,LAUTON,14.0,898.87
2025-09-29,MAIS MU,3.0,384.7
2025-09-29,MANDUBIM,2.0,39.8
2025-09-29,MAX TITANIUM,11.0,1377.2
2025-09-29,MIX NUTRI,2.0,13.4
2025-09-29,MOSTEIRO DEVAKAN,3.0,119.7
2025-09-29,MUSCLETECH,1.0,89.9
2025-09-29,NUTRATA,12.0,1064.91
2025-09-29,NUTRIFY,52.0,5147.52
2025-09-29,OCEAN DROP,43.0,2726.7
2025-09-29,ONLY4,1.0,29.9
2025-09-29,PERFOMANCE NUTRITION,1.0,75.22
2025-09-29,PLANT POWER,1.0,164.9
2025-09-29,PURAVIDA,79.0,7470.26
2025-09-29,SUBLYME,3.0,299.7
2025-09-29,SUPER NUTRITION,1.0,109.9
2025-09-29,TOPWAY,1.0,174.9
2025-09-29,TRUE SOURCE,13.0,2028.81
2025-09-29,VITAFOR,186.0,20821.25
2025-09-29,WHEYVIV,7.0,78.54
2025-09-29,WS NATURAIS,2.0,57.8
2025-09-29,ZEROMILK,2.0,31.08
2025-10-06,ADAPTOGEN,11.0,1898.9
2025-10-06,APIS FLORA,2.0,57.8
2025-10-06,ATLHETICA NUTRITION,25.0,2525.61
2025-10-06,BOLD,12.0,1358.56
2025-10-06,CAFFEINE ARMY,24.0,3867.6
2025-10-06,CENTRAL NUTRITION,4.0,609.6
2025-10-06,COLOR ANDINA,1.0,49.7
2025-10-06,COPRA,1.0,3.9
2025-10-06,DOBRO,3.0,332.53
2025-10-06,DR. PEANUT,4.0,219.6
2025-10-06,DUX,102.0,18012.92
2025-10-06,DYMATIZE,1.0,722.03
2025-10-06,EAT CLEAN,3.0,104.7
2025-10-06,EQUALIV,37.0,4933.24
2025-10-06,ESSENTIAL,42.0,7685.84
2025-10-06,FLORMEL,2.0,8.4
2025-10-06,GOLDKO,1.0,9.84
2025-10-06,GU,6.0,71.28
2025-10-06,HART`S NATURAL,1.0,39.9
2025-10-06,HÁBITO VIDA,2.0,59.8
2025-10-06,INTEGRALMEDICA,21.0,2661.0
2025-10-06,KOALA,4.0,659.6
2025-10-06,LAUTON,19.0,959.6
2025-10-06,MAIS MU,6.0,588.42
2025-10-06,MANDUBIM,1.0,19.9
2025-10-06,MAX TITANIUM,4.0,544.6
2025-10-06,MOSTEIRO DEVAKAN,1.0,39.9
2025-10-06,NUTRATA,9.0,902.51
2025-10-06,NUTRIFY,49.0,4831.58
2025-10-06,OCEAN DROP,31.0,1982.73
2025-10-06,PLANT POWER,5.0,714.5
2025-10-06,PURAVIDA,69.0,6964.04
2025-10-06,QUEST NUTRITION,1.0,225.0
2025-10-06,SUBLYME,10.0,999.0
2025-10-06,SUPER NUTRITION,3.0,309.7
2025-10-06,TOPWAY,2.0,349.8
2025-10-06,TRUE SOURCE,19.0,2677.29
2025-10-06,VITAFOR,179.0,19043.2
2025-10-06,WHEYVIV,7.0,78.54
2025-10-06,WS NATURAIS,1.0,28.9
2025-10-06,XTRATUS,1.0,199.9
2025-10-06,YOSEN,2.0,189.8
2025-10-06,ZEROMILK,4.0,62.16
2025-10-13,ADAPTOGEN,17.0,3042.65
2025-10-13,ALLMAX,3.0,1509.7
2025-10-13,APIS FLORA,5.0,144.5
2025-10-13,ATLHETICA NUTRITION,20.0,2258.66
2025-10-13,BOLD,6.0,712.55
2025-10-13,CAFFEINE ARMY,12.0,1883.8
2025-10-13,CENTRAL NUTRITION,4.0,702.6
2025-10-13,CHÁ MAIS,3.0,21.6
2025-10-13,COPRA,1.0,3.9
2025-10-13,DOBRO,6.0,203.55
2025-10-13,DR. PEANUT,3.0,164.7
2025-10-13,DUX,114.0,19612.36
2025-10-13,EAT CLEAN,1.0,21.0
2025-10-13,EQUALIV,33.0,4993.8
2025-10-13,ESSENTIAL,46.0,8067.65
2025-10-13,GUDAY,1.0,144.9
2025-10-13,HÁBITO VIDA,3.0,89.7
2025-10-13,INTEGRALMEDICA,16.0,1976.4
2025-10-13,KOALA,3.0,419.7
2025-10-13,KOBBER,2.0,65.8
2025-10-13,LAUTON,14.0,601.66
2025-10-13,MAIS MU,4.0,355.03
2025-10-13,MANDUBIM,5.0,106.5
2025-10-13,MAX TITANIUM,3.0,414.7
2025-10-13,NUTRATA,11.0,1119.9
2025-10-13,NUTRIFY,47.0,4966.48
2025-10-13,OCEAN DROP,33.0,2215.94
2025-10-13,ONLY4,2.0,59.8
2025-10-13,PINATI,1.0,15.87
2025-10-13,PLANT POWER,1.0,109.9
2025-10-13,PURAVIDA,66.0,6513.79
2025-10-13,SUBLYME,3.0,299.7
2025-10-13,SUPER NUTRITION,4.0,439.6
2025-10-13,TRUE SOURCE,28.0,3775.61
2025-10-13,VITAFOR,170.0,17141.32
2025-10-13,WHEYVIV,2.0,22.44
2025-10-13,YOSEN,5.0,434.5
2025-10-20,ADAPTOGEN,2.0,389.8
2025-10-20,APIS FLORA,1.0,28.9
2025-10-20,ATLHETICA NUTRITION,13.0,1261.15
2025-10-20,BOLD,7.0,976.3
2025-10-20,CAFFEINE ARMY,27.0,4172.3
2025-10-20,CENTRAL NUTRITION,3.0,417.67
2025-10-20,COPRA,3.0,55.57
2025-10-20,DOBRO,2.0,299.8
2025-10-20,DR. PEANUT,1.0,54.9
2025-10-20,DUX,96.0,16256.39
2025-10-20,EAT CLEAN,1.0,149.9
2025-10-20,EQUALIV,29.0,2839.8
2025-10-20,ESSENTIAL,29.0,5852.9
2025-10-20,INTEGRALMEDICA,11.0,1349.0
2025-10-20,KOALA,2.0,239.8
2025-10-20,LAUTON,9.0,531.7
2025-10-20,MAIS MU,2.0,249.8
2025-10-20,MANDUBIM,3.0,59.7
2025-10-20,MAX TITANIUM,2.0,244.8
2025-10-20,MOSTEIRO DEVAKAN,1.0,39.9
2025-10-20,MYDREAM,2.0,23.96
2025-10-20,NUTRATA,3.0,284.7
2025-10-20,NUTRIFY,46.0,4840.4
2025-10-20,OCEAN DROP,33.0,2244.6
2025-10-20,PLANT POWER,1.0,164.9
2025-10-20,PURAVIDA,60.0,6303.1
2025-10-20,SUBLYME,1.0,99.9
2025-10-20,SUPER NUTRITION,1.0,109.9
2025-10-20,TRUE SOURCE,19.0,2690.12
2025-10-20,VITAFOR,169.0,18108.19
2025-10-20,WS NATURAIS,1.0,28.9
2025-10-20,YOSEN,1.0,209.9
2025-10-27,ADAPTOGEN,12.0,2383.8
2025-10-27,APIS FLORA,4.0,139.6
2025-10-27,ATLHETICA NUTRITION,22.0,2252.8
2025-10-27,BOLD,12.0,1177.23
2025-10-27,CAFFEINE ARMY,18.0,2683.2
2025-10-27,CENTRAL NUTRITION,12.0,1929.72
2025-10-27,DARKNESS,1.0,124.9
2025-10-27,DOBRO,12.0,152.76
2025-10-27,DR. PEANUT,4.0,219.6
2025-10-27,DUX,95.0,16429.09
2025-10-27,DYMATIZE,1.0,899.9
2025-10-27,EQUALIV,24.0,3841.6
2025-10-27,ESSENTIAL,44.0,8019.81
2025-10-27,FLORMEL,1.0,9.38
2025-10-27,GOLDKO,2.0,47.54
2025-10-27,HART`S NATURAL,1.0,39.9
2025-10-27,HÁBITO VIDA,3.0,89.7
2025-10-27,INTEGRALMEDICA,16.0,1908.4
2025-10-27,KOALA,1.0,119.9
2025-10-27,KOBBER,1.0,32.9
2025-10-27,LAUTON,22.0,1111.71
2025-10-27,MAIS MU,10.0,569.94
2025-10-27,MANDUBIM,3.0,59.7
2025-10-27,MAX TITANIUM,2.0,196.8
2025-10-27,MOSTEIRO DEVAKAN,2.0,79.8
2025-10-27,NUTRATA,3.0,304.7
2025-10-27,NUTRIFY,51.0,4991.89
2025-10-27,OCEAN DROP,45.0,3116.97
2025-10-27,PINATI,1.0,5.96
2025-10-27,PURAVIDA,50.0,5092.12
2025-10-27,QUEST NUTRITION,1.0,259.9
2025-10-27,SUBLYME,6.0,599.4
2025-10-27,SUPER NUTRITION,4.0,419.6
2025-10-27,THÉRAPI,1.0,34.9
2025-10-27,TRUE SOURCE,17.0,3148.3
2025-10-27,TRUSTFUEL,1.0,129.9
2025-10-27,VITAFOR,139.0,15457.68
2025-10-27,VITALIN,2.0,33.8
2025-10-27,WS NATURAIS,1.0,28.9
2025-10-27,YOSEN,5.0,529.5
2025-10-27,ZEROMILK,4.0,62.16
2025-11-03,ADAPTOGEN,15.0,2578.5
2025-11-03,APIS FLORA,5.0,144.5
2025-11-03,ATLHETICA NUTRITION,13.0,1648.7
2025-11-03,BOLD,10.0,1332.49
2025-11-03,CAFFEINE ARMY,29.0,4347.19
2025-11-03,CENTRAL NUTRITION,6.0,985.8
2025-11-03,CHÁ MAIS,2.0,14.4
2025-11-03,COLOR ANDINA,1.0,49.7
2025-11-03,COPRA,2.0,65.8
2025-11-03,DARKNESS,1.0,124.9
2025-11-03,DOBRO,8.0,590.52
2025-11-03,DR. PEANUT,4.0,219.6
2025-11-03,DUX,115.0,18685.98
2025-11-03,EQUALIV,34.0,4000.0
2025-11-03,ESSENTIAL,25.0,4145.58
2025-11-03,FTW,1.0,52.9
2025-11-03,GOLDKO,3.0,37.32
2025-11-03,GUDAY,1.0,144.9
2025-11-03,HÁBITO VIDA,6.0,179.4
2025-11-03,INTEGRALMEDICA,12.0,1622.2
2025-11-03,KOBBER,1.0,32.9
2025-11-03,LAUTON,10.0,566.0
2025-11-03,MAIS MU,1.0,8.39
2025-11-03,MAX TITANIUM,3.0,324.7
2025-11-03,MOSTEIRO DEVAKAN,1.0,39.9
2025-11-03,NUTRATA,4.0,208.74
2025-11-03,NUTRIFY,38.0,3871.2
2025-11-03,OCEAN DROP,40.0,2646.2
2025-11-03,PLANT POWER,2.0,357.93
2025-11-03,PURAVIDA,48.0,5124.39
2025-11-03,SUBLYME,4.0,399.6
2025-11-03,SUPER NUTRITION,3.0,309.7
2025-11-03,TRUE SOURCE,12.0,1962.45
2025-11-03,VITAFOR,157.0,17645.5
2025-11-03,YOSEN,2.0,199.8
2025-11-03,ZEROMILK,6.0,93.24
2025-11-10,ADAPTOGEN,7.0,1294.3
2025-11-10,APIS FLORA,2.0,57.8
2025-11-10,ATLHETICA NUTRITION,23.0,2405.84
2025-11-10,BENDU,1.0,12.38
2025-11-10,BOLD,9.0,1324.1
2025-11-10,CAFFEINE ARMY,20.0,2990.92
2025-11-10,CENTRAL NUTRITION,8.0,1331.2
2025-11-10,COPRA,1.0,3.9
2025-11-10,DARKNESS,1.0,124.9
2025-11-10,DOBRO,7.0,383.45
2025-11-10,DR. PEANUT,3.0,164.7
2025-11-10,DUX,107.0,17141.8
2025-11-10,EAT CLEAN,2.0,58.5
2025-11-10,EQUALIV,27.0,3149.9
2025-11-10,ESSENTIAL,45.0,8781.3
2025-11-10,FLORMEL,4.0,16.8
2025-11-10,GOLDKO,1.0,9.84
2025-11-10,INTEGRALMEDICA,12.0,1483.8
2025-11-10,KOALA,3.0,469.7
2025-11-10,LAUTON,12.0,620.49
2025-11-10,MAIS MU,3.0,444.74
2025-11-10,MANDUBIM,4.0,79.6
2025-11-10,MAX TITANIUM,5.0,654.5
2025-11-10,MOSTEIRO DEVAKAN,1.0,39.9
2025-11-10,NUTRATA,3.0,263.05
2025-11-10,NUTRIFY,50.0,4586.0
2025-11-10,OCEAN DROP,49.0,3154.1
2025-11-10,PINATI,1.0,5.96
2025-11-10,PURAVIDA,52.0,5736.8
2025-11-10,STAMIN-UP,1.0,119.9
2025-11-10,SUBLYME,6.0,614.4
2025-11-10,SUPER NUTRITION,1.0,72.18
2025-11-10,TRUE SOURCE,14.0,2498.78
2025-11-10,VITAFOR,146.0,15969.08
2025-11-10,VITALIN,2.0,32.8
2025-11-10,WS NATURAIS,2.0,57.8
2025-11-10,YOSEN,2.0,309.8
2025-11-10,ZEROMILK,1.0,15.54
2025-11-17,ADAPTOGEN,8.0,1264.2
2025-11-17,APIS FLORA,5.0,158.5
2025-11-17,ATLHETICA NUTRITION,16.0,1822.4
2025-11-17,BOLD,15.0,1087.39
2025-11-17,CAFFEINE ARMY,14.0,2098.6
2025-11-17,CENTRAL NUTRITION,4.0,699.6
2025-11-17,DOBRO,8.0,153.31
2025-11-17,DUX,126.0,16464.18
2025-11-17,EQUALIV,16.0,1999.6
2025-11-17,ESSENTIAL,38.0,8156.32
2025-11-17,FTW,1.0,54.9
2025-11-17,GOLDKO,1.0,9.84
2025-11-17,HART`S NATURAL,4.0,159.6
2025-11-17,INTEGRALMEDICA,13.0,1753.7
2025-11-17,KOALA,1.0,114.9
2025-11-17,LAUTON,8.0,357.56
2025-11-17,MAIS MU,14.0,561.6
2025-11-17,MANDUBIM,2.0,46.8
2025-11-17,MAX TITANIUM,4.0,319.6
2025-11-17,MOSTEIRO DEVAKAN,1.0,39.9
2025-11-17,MYDREAM,2.0,23.96
2025-11-17,NUTRATA,9.0,776.23
2025-11-17,NUTRIFY,32.0,2791.8
2025-11-17,OCEAN DROP,42.0,2796.8
2025-11-17,ONLY4,1.0,29.9
2025-11-17,PINATI,4.0,23.84
2025-11-17,PURAVIDA,39.0,4174.19
2025-11-17,SUBLYME,2.0,209.8
2025-11-17,TRUE SOURCE,14.0,2296.87
2025-11-17,VITAFOR,136.0,13632.53
2025-11-17,YOSEN,3.0,269.7
2025-11-17,ZEROMILK,1.0,22.9
2025-11-24,ADAPTOGEN,6.0,1099.4
2025-11-24,APIS FLORA,9.0,270.1
2025-11-24,ATLHETICA NUTRITION,21.0,2155.99
2025-11-24,BOLD,38.0,1165.0
2025-11-24,CAFFEINE ARMY,8.0,1174.2
2025-11-24,CENTRAL NUTRITION,12.0,1966.94
2025-11-24,CHÁ MAIS,3.0,21.6
2025-11-24,COPRA,2.0,48.15
2025-11-24,DARKNESS,1.0,124.9
2025-11-24,DOBRO,9.0,241.74
2025-11-24,DUX,98.0,11630.45
2025-11-24,EQUALIV,18.0,2182.06
2025-11-24,ESSENTIAL,52.0,9914.86
2025-11-24,FLORMEL,10.0,42.0
2025-11-24,GOLDKO,2.0,39.74
2025-11-24,HÁBITO VIDA,4.0,119.6
2025-11-24,INTEGRALMEDICA,11.0,1229.0
2025-11-24,KOALA,1.0,174.9
2025-11-24,LAUTON,8.0,351.2
2025-11-24,LIQUIDZ,21.0,581.25
2025-11-24,MAIS MU,13.0,485.47
2025-11-24,MANDUBIM,1.0,19.9
2025-11-24,MAX TITANIUM,2.0,294.8
2025-11-24,MOSTEIRO DEVAKAN,3.0,119.7
2025-11-24,MYDREAM,1.0,11.98
2025-11-24,NUTRATA,3.0,409.7
2025-11-24,NUTRIFY,51.0,3993.9
2025-11-24,OCEAN DROP,40.0,2660.13
2025-11-24,ONLY4,2.0,59.8
2025-11-24,PINATI,1.0,5.96
2025-11-24,PURAVIDA,30.0,2813.0
2025-11-24,STÉVIACHOCO,1.0,36.9
2025-11-24,SUBLYME,3.0,314.7
2025-11-24,TRUE SOURCE,13.0,2223.7
2025-11-24,VITAFOR,190.0,21160.79
2025-11-24,VITALIN,2.0,31.8
2025-11-24,WS NATURAIS,1.0,28.9
2025-11-24,YOSEN,3.0,316.3
2025-12-01,ADAPTOGEN,6.0,979.4
2025-12-01,APIS FLORA,4.0,115.6
2025-12-01,ATLHETICA NUTRITION,13.0,1317.89
2025-12-01,BOLD,7.0,630.26
2025-12-01,CAFFEINE ARMY,10.0,1584.0
2025-12-01,CENTRAL NUTRITION,12.0,2056.94
2025-12-01,DR. PEANUT,2.0,106.65
2025-12-01,DUX,95.0,15467.5
2025-12-01,EQUALIV,16.0,1788.26
2025-12-01,ESSENTIAL,19.0,3648.19
2025-12-01,FLORMEL,3.0,12.6
2025-12-01,HART`S NATURAL,1.0,39.9
2025-12-01,HÁBITO VIDA,4.0,119.6
2025-12-01,INTEGRALMEDICA,10.0,1619.0
2025-12-01,KOBBER,1.0,32.9
2025-12-01,LAUTON,13.0,701.5
2025-12-01,LIQUIDZ,16.0,374.4
2025-12-01,MANDUBIM,2.0,39.8
2025-12-01,NUTRATA,1.0,12.9
2025-12-01,NUTRIFY,28.0,2213.2
2025-12-01,OCEAN DROP,23.0,1702.8
2025-12-01,PINATI,1.0,15.87
2025-12-01,PLANT POWER,2.0,279.8
2025-12-01,PURAVIDA,46.0,4308.98
2025-12-01,SÃO FRANCISCO,1.0,24.01
2025-12-01,TRUE SOURCE,17.0,3033.3
2025-12-01,VITAFOR,144.0,16418.19
2025-12-01,YOSEN,1.0,79.9
2025-12-08,ADAPTOGEN,9.0,1519.1
2025-12-08,ALLMAX,1.0,249.9
2025-12-08,APIS FLORA,9.0,274.1
2025-12-08,ATLHETICA NUTRITION,19.0,2353.1
2025-12-08,BOLD,12.0,400.74
2025-12-08,CAFFEINE ARMY,13.0,2003.7
2025-12-08,CENTRAL NUTRITION,7.0,1304.3
2025-12-08,DOBRO,1.0,174.9
2025-12-08,DR. PEANUT,4.0,216.45
2025-12-08,DUX,102.0,13337.03
2025-12-08,EQUALIV,16.0,2399.4
2025-12-08,ESSENTIAL,34.0,4634.69
2025-12-08,GU,1.0,269.89
2025-12-08,INTEGRALMEDICA,8.0,1304.2
2025-12-08,KOALA,2.0,289.8
2025-12-08,LAUTON,5.0,191.5
2025-12-08,LIQUIDZ,1.0,94.9
2025-12-08,MAIS MU,16.0,551.36
2025-12-08,MANDUBIM,1.0,19.9
2025-12-08,MAX TITANIUM,2.0,209.8
2025-12-08,NUTRATA,13.0,858.4
2025-12-08,NUTRIFY,17.0,1643.3
2025-12-08,OCEAN DROP,35.0,2350.5
2025-12-08,PINATI,2.0,22.68
2025-12-08,PURAVIDA,39.0,4019.1
2025-12-08,SUBLYME,4.0,419.6
2025-12-08,SUPER NUTRITION,3.0,331.71
2025-12-08,TRUE SOURCE,15.0,2977.72
2025-12-08,VITAFOR,153.0,16404.3
2025-12-08,WS NATURAIS,1.0,28.9
2025-12-08,YOSEN,3.0,374.7
2025-12-15,ADAPTOGEN,4.0,649.6
2025-12-15,APIS FLORA,2.0,58.8
2025-12-15,ATLHETICA NUTRITION,7.0,914.3
2025-12-15,BOLD,14.0,542.6
2025-12-15,CAFFEINE ARMY,8.0,1349.2
2025-12-15,CENTRAL NUTRITION,8.0,1344.2
2025-12-15,CHÁ MAIS,1.0,6.9
2025-12-15,DARKNESS,1.0,124.9
2025-12-15,DOBRO,3.0,310.7
2025-12-15,DR. PEANUT,2.0,119.8
2025-12-15,DUX,88.0,10809.8
2025-12-15,DYMATIZE,1.0,899.9
2025-12-15,EQUALIV,20.0,3646.0
2025-12-15,ESSENTIAL,23.0,3455.7
2025-12-15,FLORMEL,1.0,20.28
2025-12-15,GOLDKO,1.0,9.9
2025-12-15,GUDAY,3.0,369.7
2025-12-15,INTEGRALMEDICA,9.0,1035.1
2025-12-15,KOBBER,1.0,32.9
2025-12-15,LAUTON,7.0,293.3
2025-12-15,LIQUIDZ,2.0,189.8
2025-12-15,MAIS MU,3.0,275.7
2025-12-15,MAX TITANIUM,4.0,539.6
2025-12-15,MOSTEIRO DEVAKAN,3.0,119.7
2025-12-15,NUTRATA,2.0,142.8
2025-12-15,NUTRIFY,31.0,2786.9
2025-12-15,OCEAN DROP,21.0,1614.9
2025-12-15,PINATI,1.0,15.87
2025-12-15,PLANT POWER,1.0,139.9
2025-12-15,PURAVIDA,31.0,3288.9
2025-12-15,SUBLYME,1.0,104.9
2025-12-15,SUPER NUTRITION,1.0,109.9
2025-12-15,TRUE SOURCE,9.0,1319.1
2025-12-15,VITAFOR,105.0,13869.5
2025-12-15,YOSEN,1.0,199.9
2025-12-22,ADAPTOGEN,3.0,359.7
2025-12-22,APIS FLORA,1.0,29.9
2025-12-22,ATLHETICA NUTRITION,7.0,959.3
2025-12-22,BOLD,1.0,174.9
2025-12-22,CAFFEINE ARMY,6.0,899.4
2025-12-22,CENTRAL NUTRITION,1.0,209.9
2025-12-22,DUX,52.0,7795.35
2025-12-22,EQUALIV,4.0,736.6
2025-12-22,ESSENTIAL,14.0,3159.6
2025-12-22,INTEGRALMEDICA,1.0,59.9
2025-12-22,KOALA,2.0,289.8
2025-12-22,LAUTON,1.0,49.9
2025-12-22,LIQUIDZ,8.0,55.2
2025-12-22,MAIS MU,3.0,32.7
2025-12-22,MANDUBIM,1.0,18.89
2025-12-22,MOSTEIRO DEVAKAN,1.0,39.9
2025-12-22,MYDREAM,6.0,75.56
2025-12-22,NUTRATA,3.0,284.7
2025-12-22,NUTRIFY,9.0,879.1
2025-12-22,OCEAN DROP,11.0,860.9
2025-12-22,PURAVIDA,25.0,2675.5
2025-12-22,SUBLYME,4.0,419.6
2025-12-22,SUPER NUTRITION,1.0,109.9
2025-12-22,TRUE SOURCE,1.0,109.9
2025-12-22,VITAFOR,77.0,8989.3
2025-12-22,YOSEN,3.0,334.7
2025-12-29,ADAPTOGEN,3.0,569.7
2025-12-29,ALLMAX,1.0,249.9
2025-12-29,ATLHETICA NUTRITION,15.0,1693.5
2025-12-29,BOLD,8.0,782.2
2025-12-29,CAFFEINE ARMY,9.0,1459.1
2025-12-29,CENTRAL NUTRITION,5.0,984.5
2025-12-29,DOBRO,3.0,32.7
2025-12-29,DR. PEANUT,1.0,59.9
2025-12-29,DUX,61.0,9904.65
2025-12-29,DYMATIZE,2.0,739.8
2025-12-29,EQUALIV,17.0,2438.3
2025-12-29,ESSENTIAL,25.0,4302.5
2025-12-29,FLORMEL,3.0,14.7
2025-12-29,GOLDKO,1.0,9.9
2025-12-29,GUDAY,1.0,144.9
2025-12-29,INTEGRALMEDICA,6.0,768.4
2025-12-29,KOBBER,1.0,32.9
2025-12-29,LAUTON,2.0,74.8
2025-12-29,LIQUIDZ,17.0,117.3
2025-12-29,MAX TITANIUM,1.0,164.9
2025-12-29,MYDREAM,2.0,23.96
2025-12-29,NUTRATA,4.0,281.84
2025-12-29,NUTRIFY,14.0,1913.6
2025-12-29,OCEAN DROP,20.0,1416.0
2025-12-29,PINATI,1.0,11.9
2025-12-29,PLANT POWER,2.0,279.8
2025-12-29,PURAVIDA,20.0,2319.0
2025-12-29,SUBLYME,3.0,314.7
2025-12-29,SUPER NUTRITION,2.0,199.8
2025-12-29,TOPWAY,2.0,479.8
2025-12-29,TRUE SOURCE,6.0,999.4
2025-12-29,VITAFOR,94.0,10926.6
2025-12-29,WS NATURAIS,1.0,32.9
2025-12-29,YOSEN,5.0,436.1
2026-01-05,ADAPTOGEN,7.0,1139.3
2026-01-05,ALLMAX,1.0,249.9
2026-01-05,APIS FLORA,11.0,358.9
2026-01-05,ATLHETICA NUTRITION,20.0,2563.0
2026-01-05,BOLD,5.0,54.5
2026-01-05,CAFFEINE ARMY,6.0,969.4
2026-01-05,CENTRAL NUTRITION,5.0,762.5
2026-01-05,CHÁ MAIS,1.0,6.9
2026-01-05,DARKNESS,3.0,333.95
2026-01-05,DOBRO,3.0,141.7
2026-01-05,DUX,126.0,17144.85
2026-01-05,EQUALIV,13.0,1467.7
2026-01-05,ESSENTIAL,31.0,6244.9
2026-01-05,FLORMEL,5.0,24.5
2026-01-05,GOLDKO,1.0,9.9
2026-01-05,HÁBITO VIDA,1.0,29.9
2026-01-05,INTEGRALMEDICA,5.0,540.5
2026-01-05,KOALA,1.0,174.9
2026-01-05,LAUTON,9.0,585.1
2026-01-05,LIQUIDZ,13.0,177.7
2026-01-05,MAIS MU,4.0,371.6
2026-01-05,MANDUBIM,4.0,97.58
2026-01-05,MAX TITANIUM,4.0,404.6
2026-01-05,NICE MILK,1.0,59.9
2026-01-05,NUTRATA,4.0,365.6
2026-01-05,NUTRIFY,39.0,3958.1
2026-01-05,OCEAN DROP,38.0,2931.2
2026-01-05,PINATI,7.0,53.3
2026-01-05,PLANT POWER,3.0,419.7
2026-01-05,PURAVIDA,40.0,4160.0
2026-01-05,SUBLYME,1.0,104.9
2026-01-05,SUPER NUTRITION,1.0,109.9
2026-01-05,TRUE SOURCE,10.0,1644.0
2026-01-05,VITAFOR,186.0,19993.4
2026-01-05,YOSEN,2.0,174.8
2026-01-12,ADAPTOGEN,13.0,2413.7
2026-01-12,APIS FLORA,5.0,149.5
2026-01-12,ATLHETICA NUTRITION,21.0,2436.0
2026-01-12,BENDU,3.0,38.7
2026-01-12,BOLD,7.0,669.3
2026-01-12,CAFFEINE ARMY,26.0,4157.4
2026-01-12,CENTRAL NUTRITION,7.0,1269.3
2026-01-12,CHÁ MAIS,2.0,13.8
2026-01-12,DARKNESS,7.0,884.3
2026-01-12,DOBRO,23.0,895.84
2026-01-12,DR. PEANUT,1.0,59.9
2026-01-12,DUX,145.0,20432.5
2026-01-12,EQUALIV,27.0,3205.3
2026-01-12,ESSENTIAL,49.0,8304.9
2026-01-12,FLORMEL,7.0,34.3
2026-01-12,GOLDKO,4.0,39.6
2026-01-12,GUDAY,1.0,144.9
2026-01-12,HÁBITO VIDA,3.0,87.7
2026-01-12,INTEGRALMEDICA,10.0,1759.0
2026-01-12,KOALA,4.0,519.6
2026-01-12,LAUTON,4.0,274.6
2026-01-12,LIQUIDZ,2.0,189.8
2026-01-12,MAIS MU,21.0,660.9
2026-01-12,MANDUBIM,1.0,18.89
2026-01-12,MAX TITANIUM,1.0,129.9
2026-01-12,MOSTEIRO DEVAKAN,1.0,39.9
2026-01-12,NUTRATA,5.0,505.5
2026-01-12,NUTRIFY,30.0,3164.27
2026-01-12,OCEAN DROP,32.0,2159.8
2026-01-12,ONLY4,1.0,29.9
2026-01-12,ORGANIC INDIA,2.0,129.8
2026-01-12,PINATI,2.0,11.86
2026-01-12,PLANT POWER,2.0,279.8
2026-01-12,PURAVIDA,48.0,5581.5
2026-01-12,STÉVIACHOCO,2.0,64.8
2026-01-12,SUBLYME,6.0,629.4
2026-01-12,SUPER NUTRITION,1.0,99.9
2026-01-12,TRUE SOURCE,24.0,4972.6
2026-01-12,VITAFOR,165.0,20981.5
2026-01-12,WS NATURAIS,2.0,65.8
2026-01-12,YOSEN,7.0,749.3
2026-01-12,ZEROMILK,2.0,37.78
2026-01-19,ADAPTOGEN,6.0,1499.4
2026-01-19,APIS FLORA,3.0,89.7
2026-01-19,ATLHETICA NUTRITION,22.0,2387.46
2026-01-19,BOLD,12.0,1441.8
2026-01-19,CAFFEINE ARMY,17.0,2838.3
2026-01-19,CENTRAL NUTRITION,8.0,1399.2
2026-01-19,DOBRO,6.0,345.23
2026-01-19,DUX,99.0,13407.85
2026-01-19,DYMATIZE,1.0,899.9
2026-01-19,EQUALIV,23.0,3057.58
2026-01-19,ESSENTIAL,61.0,10794.4
2026-01-19,FLORMEL,7.0,47.26
2026-01-19,GOLDKO,2.0,19.8
2026-01-19,GUDAY,1.0,144.9
2026-01-19,HÁBITO VIDA,3.0,87.7
2026-01-19,INTEGRALMEDICA,7.0,739.3
2026-01-19,KOBBER,2.0,65.8
2026-01-19,LAUTON,9.0,521.1
2026-01-19,LIQUIDZ,1.0,6.9
2026-01-19,MAIS MU,9.0,763.1
2026-01-19,MAX TITANIUM,1.0,129.9
2026-01-19,MOSTEIRO DEVAKAN,1.0,39.9
2026-01-19,NICE MILK,1.0,59.9
2026-01-19,NUTRATA,9.0,537.1
2026-01-19,NUTRIFY,35.0,3343.58
2026-01-19,OCEAN DROP,37.0,2475.9
2026-01-19,PINATI,3.0,32.58
2026-01-19,PURAVIDA,38.0,3916.2
2026-01-19,SUBLYME,3.0,314.7
2026-01-19,SUPER NUTRITION,3.0,314.7
2026-01-19,Super Nutrition,2.0,259.8
2026-01-19,TOPWAY,1.0,239.9
2026-01-19,TRUE SOURCE,22.0,3732.8
2026-01-19,VITAFOR,144.0,15047.6
2026-01-19,WS NATURAIS,1.0,32.9
2026-01-19,YOSEN,8.0,729.2
2026-01-19,ZEROMILK,1.0,18.89
2026-01-26,ADAPTOGEN,18.0,3403.2
2026-01-26,APIS FLORA,2.0,59.8
2026-01-26,ATLHETICA NUTRITION,25.0,2872.5
2026-01-26,BOLD,10.0,466.0
2026-01-26,CAFFEINE ARMY,28.0,4282.2
2026-01-26,CENTRAL NUTRITION,5.0,884.5
2026-01-26,DOBRO,8.0,460.89
2026-01-26,DUX,132.0,18854.09
2026-01-26,EQUALIV,24.0,3081.46
2026-01-26,ESSENTIAL,52.0,9135.8
2026-01-26,FLORMEL,11.0,62.38
2026-01-26,FTW,1.0,94.9
2026-01-26,GOLDKO,2.0,19.8
2026-01-26,GUDAY,3.0,434.7
2026-01-26,HÁBITO VIDA,2.0,55.8
2026-01-26,INTEGRALMEDICA,8.0,1135.2
2026-01-26,KOALA,5.0,814.5
2026-01-26,LAUTON,13.0,726.7
2026-01-26,LIQUIDZ,15.0,543.5
2026-01-26,MAIS MU,6.0,149.4
2026-01-26,MAX TITANIUM,3.0,374.7
2026-01-26,MOSTEIRO DEVAKAN,5.0,199.5
2026-01-26,NUTRATA,8.0,620.2
2026-01-26,NUTRIFY,40.0,5020.15
2026-01-26,OCEAN DROP,50.0,3170.73
2026-01-26,PINATI,4.0,35.66
2026-01-26,PLANT POWER,1.0,109.9
2026-01-26,PURAVIDA,46.0,5516.4
2026-01-26,SUBLYME,7.0,734.3
2026-01-26,SUPER NUTRITION,2.0,209.8
2026-01-26,SÃO FRANCISCO,1.0,24.01
2026-01-26,TRUE SOURCE,22.0,3584.8
2026-01-26,VITAFOR,172.0,20960.88
2026-01-26,XTRATUS,1.0,199.9
2026-02-02,ADAPTOGEN,7.0,1549.3
2026-02-02,APIS FLORA,2.0,72.8
2026-02-02,ATLHETICA NUTRITION,26.0,3062.4
2026-02-02,BENDU,5.0,63.46
2026-02-02,BOLD,1.0,109.9
2026-02-02,CAFFEINE ARMY,19.0,3073.1
2026-02-02,CENTRAL NUTRITION,9.0,1519.23
2026-02-02,CHÁ MAIS,1.0,6.9
2026-02-02,COPRA,1.0,3.9
2026-02-02,DUX,122.0,16834.25
2026-02-02,DYMATIZE,1.0,369.9
2026-02-02,EQUALIV,20.0,2740.0
2026-02-02,ESSENTIAL,48.0,8798.2
2026-02-02,GUDAY,2.0,289.8
2026-02-02,HÁBITO VIDA,3.0,83.7
2026-02-02,INTEGRALMEDICA,7.0,508.3
2026-02-02,KOALA,1.0,174.9
2026-02-02,LAUTON,6.0,383.09
2026-02-02,LIQUIDZ,13.0,441.7
2026-02-02,MAIS MU,1.0,84.9
2026-02-02,MOSTEIRO DEVAKAN,4.0,159.6
2026-02-02,NUTRATA,4.0,402.6
2026-02-02,NUTRIFY,32.0,3296.8
2026-02-02,OCEAN DROP,47.0,3148.3
2026-02-02,PURAVIDA,38.0,4365.2
2026-02-02,SANAVITA,1.0,17.85
2026-02-02,STÉVIACHOCO,1.0,27.9
2026-02-02,SUBLYME,5.0,524.5
2026-02-02,SUPER NUTRITION,1.0,119.9
2026-02-02,TRUE SOURCE,12.0,2328.8
2026-02-02,VERDE CAMPO,12.0,97.88
2026-02-02,VITAFOR,149.0,19979.1
2026-02-02,WS NATURAIS,3.0,98.7
2026-02-02,YOSEN,4.0,351.2
2026-02-09,ADAPTOGEN,7.0,1344.3
2026-02-09,APIS FLORA,5.0,149.5
2026-02-09,ATLHETICA NUTRITION,29.0,2864.92
2026-02-09,BELIVE,2.0,11.8
2026-02-09,BOLD,14.0,660.6
2026-02-09,CAFFEINE ARMY,17.0,2843.3
2026-02-09,CENTRAL NUTRITION,8.0,1434.2
2026-02-09,CHÁ MAIS,6.0,42.0
2026-02-09,COPRA,1.0,3.9
2026-02-09,DOBRO,8.0,390.2
2026-02-09,DUX,84.0,14930.13
2026-02-09,DYMATIZE,1.0,369.9
2026-02-09,EQUALIV,21.0,2265.53
2026-02-09,ESSENTIAL,33.0,6919.2
2026-02-09,FLORMEL,6.0,29.4
2026-02-09,GOLDKO,1.0,29.9
2026-02-09,HART`S NATURAL,1.0,44.9
2026-02-09,HÁBITO VIDA,1.0,29.9
2026-02-09,INTEGRALMEDICA,2.0,364.8
2026-02-09,KOALA,3.0,419.7
2026-02-09,LAUTON,8.0,464.07
2026-02-09,LIQUIDZ,7.0,224.3
2026-02-09,MAIS MU,2.0,21.8
2026-02-09,MAX TITANIUM,4.0,404.6
2026-02-09,NUTRATA,7.0,613.3
2026-02-09,NUTRIFY,16.0,1703.4
2026-02-09,OCEAN DROP,39.0,2820.46
2026-02-09,PINATI,2.0,11.92
2026-02-09,PLANT POWER,1.0,139.9
2026-02-09,PURAVIDA,41.0,4016.44
2026-02-09,SUBLYME,1.0,104.9
2026-02-09,TRUE SOURCE,11.0,1600.9
2026-02-09,VERDE CAMPO,10.0,79.7
2026-02-09,VITAFOR,130.0,14875.18
2026-02-09,WS NATURAIS,1.0,29.9
2026-02-09,YOSEN,1.0,99.9
2026-02-16,ADAPTOGEN,4.0,589.6
2026-02-16,APIS FLORA,3.0,89.7
2026-02-16,ATLHETICA NUTRITION,33.0,2779.04
2026-02-16,BELIVE,1.0,5.9
2026-02-16,BOLD,6.0,949.4
2026-02-16,CAFFEINE ARMY,13.0,2013.7
2026-02-16,CENTRAL NUTRITION,1.0,209.9
2026-02-16,CHÁ MAIS,2.0,13.8
2026-02-16,COPRA,1.0,3.9
2026-02-16,DOBRO,4.0,649.6
2026-02-16,DUX,74.0,13329.02
2026-02-16,EQUALIV,11.0,1537.01
2026-02-16,ESSENTIAL,32.0,5660.8
2026-02-16,GUDAY,1.0,144.9
2026-02-16,HÁBITO VIDA,1.0,27.9
2026-02-16,INTEGRALMEDICA,9.0,800.1
2026-02-16,KOALA,3.0,419.7
2026-02-16,LAUTON,7.0,278.88
2026-02-16,LIQUIDZ,6.0,217.4
2026-02-16,MAIS MU,5.0,323.5
2026-02-16,MAX TITANIUM,3.0,339.7
2026-02-16,MOSTEIRO DEVAKAN,1.0,39.9
2026-02-16,NUTRATA,3.0,145.7
2026-02-16,NUTRIFY,27.0,2814.3
2026-02-16,OCEAN DROP,27.0,1870.6
2026-02-16,PLANT POWER,3.0,389.7
2026-02-16,PURAVIDA,24.0,2532.87
2026-02-16,SUBLYME,2.0,209.8
2026-02-16,Super Nutrition,1.0,129.9
2026-02-16,TOPWAY,2.0,479.8
2026-02-16,TRUE SOURCE,18.0,3365.2
2026-02-16,VERDE CAMPO,3.0,23.07
2026-02-16,VITAFOR,111.0,12777.17
2026-02-16,WS NATURAIS,1.0,32.9
2026-02-16,YOSEN,1.0,199.9
2026-02-16,ZEROMILK,1.0,18.89
2026-02-23,ADAPTOGEN,9.0,1829.1
2026-02-23,APIS FLORA,5.0,149.5
2026-02-23,ATLHETICA NUTRITION,46.0,5097.47
2026-02-23,BELIVE,4.0,23.6
2026-02-23,BENDU,3.0,38.18
2026-02-23,BOLD,23.0,1048.7
2026-02-23,CAFFEINE ARMY,30.0,4742.0
2026-02-23,CENTRAL NUTRITION,13.0,2344.44
2026-02-23,CHÁ MAIS,1.0,6.9
2026-02-23,COPRA,1.0,3.9
2026-02-23,DARKNESS,1.0,124.9
2026-02-23,DOBRO,1.0,109.9
2026-02-23,DUX,135.0,21671.91
2026-02-23,DYMATIZE,1.0,899.9
2026-02-23,EQUALIV,15.0,2261.5
2026-02-23,ESSENTIAL,48.0,9374.19
2026-02-23,FLORMEL,5.0,24.5
2026-02-23,GUDAY,1.0,144.9
2026-02-23,HART`S NATURAL,1.0,44.9
2026-02-23,INTEGRALMEDICA,21.0,1460.9
2026-02-23,KOALA,2.0,229.8
2026-02-23,LAUTON,17.0,720.82
2026-02-23,LIQUIDZ,4.0,291.6
2026-02-23,MAIS MU,21.0,1093.94
2026-02-23,MANDUBIM,1.0,18.89
2026-02-23,MAX TITANIUM,6.0,729.4
2026-02-23,MOSTEIRO DEVAKAN,1.0,39.9
2026-02-23,NUTRATA,10.0,864.0
2026-02-23,NUTRIFY,31.0,2887.01
2026-02-23,OCEAN DROP,59.0,3854.7
2026-02-23,ORGANIC INDIA,1.0,64.9
2026-02-23,PINATI,2.0,23.8
2026-02-23,PLANT POWER,1.0,139.9
2026-02-23,PURAVIDA,49.0,5144.46
2026-02-23,SUBLYME,5.0,524.5
2026-02-23,SUPER NUTRITION,1.0,99.9
2026-02-23,TRUE SOURCE,18.0,3433.2
2026-02-23,VERDE CAMPO,15.0,120.95
2026-02-23,VITAFOR,176.0,19368.3
2026-02-23,VITALIN,2.0,31.8
2026-02-23,YOSEN,2.0,179.8
2026-03-02,ADAPTOGEN,14.0,2988.6
2026-03-02,APIS FLORA,4.0,129.6
2026-03-02,ATLHETICA NUTRITION,36.0,4035.94
2026-03-02,BOLD,11.0,1205.9
2026-03-02,CAFFEINE ARMY,29.0,4257.1
2026-03-02,CENTRAL NUTRITION,18.0,3267.33
2026-03-02,CHÁ MAIS,1.0,7.2
2026-03-02,DOBRO,1.0,149.9
2026-03-02,DR. PEANUT,1.0,59.9
2026-03-02,DUX,118.0,19126.38
2026-03-02,DYMATIZE,2.0,739.8
2026-03-02,EQUALIV,19.0,2544.11
2026-03-02,ESSENTIAL,42.0,7689.83
2026-03-02,FLORMEL,1.0,4.9
2026-03-02,GOLDKO,1.0,9.9
2026-03-02,GUDAY,1.0,144.9
2026-03-02,HART`S NATURAL,1.0,39.9
2026-03-02,HÁBITO VIDA,3.0,83.7
2026-03-02,INTEGRALMEDICA,10.0,1203.0
2026-03-02,KOALA,3.0,554.7
2026-03-02,LAUTON,17.0,714.99
2026-03-02,LIQUIDZ,9.0,150.1
2026-03-02,MAIS MU,5.0,462.5
2026-03-02,MANDUBIM,1.0,18.89
2026-03-02,MAX TITANIUM,2.0,499.8
2026-03-02,NUTRATA,8.0,780.2
2026-03-02,NUTRIFY,53.0,4614.51
2026-03-02,OCEAN DROP,77.0,4143.15
2026-03-02,ONLY4,1.0,29.9
2026-03-02,PINATI,4.0,47.6
2026-03-02,PURAVIDA,45.0,4792.68
2026-03-02,SUBLYME,7.0,734.3
2026-03-02,SUPER NUTRITION,3.0,319.7
2026-03-02,TRUE SOURCE,16.0,1943.4
2026-03-02,VITAFOR,208.0,25415.22
2026-03-02,VITALIN,1.0,15.9
2026-03-02,WS NATURAIS,4.0,131.6
2026-03-02,ZEROMILK,1.0,18.89
2026-03-09,ADAPTOGEN,8.0,1684.2
2026-03-09,APIS FLORA,3.0,109.7
2026-03-09,ATLHETICA NUTRITION,28.0,3150.92
2026-03-09,BELIVE,3.0,17.7
2026-03-09,BOLD,9.0,686.19
2026-03-09,CAFFEINE ARMY,24.0,3822.6
2026-03-09,CENTRAL NUTRITION,8.0,1524.2
2026-03-09,CHÁ MAIS,7.0,48.9
2026-03-09,DARKNESS,1.0,124.9
2026-03-09,DOBRO,25.0,567.86
2026-03-09,DR. PEANUT,1.0,59.9
2026-03-09,DUX,88.0,14334.52
2026-03-09,EQUALIV,11.0,1724.93
2026-03-09,ESSENTIAL,47.0,8861.57
2026-03-09,FLORMEL,4.0,19.6
2026-03-09,GOLDKO,1.0,9.9
2026-03-09,INTEGRALMEDICA,8.0,805.38
2026-03-09,KOALA,1.0,189.9
2026-03-09,LAUTON,9.0,367.19
2026-03-09,LIQUIDZ,20.0,402.0
2026-03-09,MAIS MU,8.0,374.2
2026-03-09,MAX TITANIUM,1.0,79.9
2026-03-09,MOSTEIRO DEVAKAN,2.0,79.8
2026-03-09,MOVING,4.0,43.6
2026-03-09,NUTRATA,7.0,434.39
2026-03-09,NUTRIFY,30.0,3259.0
2026-03-09,OCEAN DROP,39.0,2439.92
2026-03-09,PLANT POWER,3.0,339.88
2026-03-09,PURAVIDA,26.0,2785.92
2026-03-09,SUBLYME,1.0,104.9
2026-03-09,SUPER NUTRITION,3.0,299.7
2026-03-09,TRUE SOURCE,16.0,3343.4
2026-03-09,VITAFOR,169.0,19744.91
2026-03-09,YOSEN,1.0,76.5
2026-03-09,ZEROMILK,2.0,37.78
2026-03-16,ADAPTOGEN,12.0,2723.8
2026-03-16,ALLMAX,1.0,229.99
2026-03-16,APIS FLORA,1.0,29.9
2026-03-16,ATLHETICA NUTRITION,23.0,3022.88
2026-03-16,BELIVE,2.0,11.8
2026-03-16,BENDU,2.0,62.8
2026-03-16,BOLD,4.0,674.6
2026-03-16,CAFFEINE ARMY,16.0,2613.4
2026-03-16,CENTRAL NUTRITION,10.0,1817.0
2026-03-16,COPRA,1.0,3.9
2026-03-16,DOBRO,17.0,318.74
2026-03-16,DUX,97.0,14863.59
2026-03-16,DYMATIZE,2.0,1249.8
2026-03-16,EQUALIV,9.0,1638.1
2026-03-16,ESSENTIAL,48.0,7785.24
2026-03-16,FLORMEL,6.0,29.4
2026-03-16,GOLDKO,2.0,19.8
2026-03-16,GU,5.0,64.5
2026-03-16,GUDAY,1.0,144.9
2026-03-16,HÁBITO VIDA,2.0,57.8
2026-03-16,INTEGRALMEDICA,14.0,1074.6
2026-03-16,KOALA,1.0,189.9
2026-03-16,KOBBER,1.0,32.9
2026-03-16,LAUTON,9.0,479.19
2026-03-16,LIQUIDZ,1.0,6.9
2026-03-16,MAIS MU,19.0,809.03
2026-03-16,MANDUBIM,1.0,18.89
2026-03-16,MAX TITANIUM,2.0,379.15
2026-03-16,MOVING,16.0,167.4
2026-03-16,NUTRATA,17.0,1457.84
2026-03-16,NUTRIFY,33.0,3811.8
2026-03-16,OCEAN DROP,34.0,2010.68
2026-03-16,PLANT POWER,1.0,99.99
2026-03-16,PURAVIDA,40.0,4822.45
2026-03-16,STÉVIACHOCO,2.0,59.98
2026-03-16,SUBLYME,1.0,104.9
2026-03-16,TRUE SOURCE,8.0,999.2
2026-03-16,VERDE CAMPO,8.0,71.92
2026-03-16,VITAFOR,165.0,18434.76
2026-03-16,YOSEN,1.0,199.9
2026-03-23,ADAPTOGEN,12.0,2313.8
2026-03-23,ALLMAX,1.0,229.99
2026-03-23,APIS FLORA,10.0,368.0
2026-03-23,ATLHETICA NUTRITION,19.0,2041.47
2026-03-23,BELIVE,4.0,23.6
2026-03-23,BENDU,1.0,12.9
2026-03-23,BOLD,6.0,784.49
2026-03-23,CAFFEINE ARMY,27.0,4292.3
2026-03-23,CENTRAL NUTRITION,8.0,1504.2
2026-03-23,DOBRO,12.0,862.43
2026-03-23,DUX,95.0,16499.37
2026-03-23,DYMATIZE,3.0,2029.71
2026-03-23,EQUALIV,21.0,2988.99
2026-03-23,ESSENTIAL,50.0,9205.8
2026-03-23,FLORMEL,13.0,63.7
2026-03-23,GOLDKO,2.0,19.8
2026-03-23,HÁBITO VIDA,1.0,27.9
2026-03-23,INTEGRALMEDICA,14.0,1874.78
2026-03-23,KOALA,4.0,609.6
2026-03-23,LAUTON,10.0,430.37
2026-03-23,LIQUIDZ,11.0,163.9
2026-03-23,MAIS MU,9.0,693.28
2026-03-23,MANDUBIM,2.0,59.8
2026-03-23,MOSTEIRO DEVAKAN,1.0,39.9
2026-03-23,MOVING,13.0,135.7
2026-03-23,NUTRATA,10.0,737.18
2026-03-23,NUTRIFY,31.0,3556.87
2026-03-23,OCEAN DROP,48.0,3240.01
2026-03-23,PINATI,3.0,21.76
2026-03-23,PLANT POWER,4.0,399.96
2026-03-23,PURAVIDA,33.0,4370.79
2026-03-23,STÉVIACHOCO,1.0,27.9
2026-03-23,SUBLYME,6.0,629.4
2026-03-23,SUPER NUTRITION,1.0,99.9
2026-03-23,TRUE SOURCE,10.0,2014.0
2026-03-23,VERDE CAMPO,2.0,17.98
2026-03-23,VITAFOR,200.0,23261.17
2026-03-23,WS NATURAIS,2.0,65.8
2026-03-30,ADAPTOGEN,12.0,2543.8
2026-03-30,APIS FLORA,1.0,39.9
2026-03-30,ATLHETICA NUTRITION,9.0,1086.7
2026-03-30,BOLD,16.0,618.12
2026-03-30,CAFFEINE ARMY,24.0,3802.6
2026-03-30,CENTRAL NUTRITION,5.0,719.5
2026-03-30,DOBRO,11.0,571.62
2026-03-30,DUX,128.0,25617.0
2026-03-30,DYMATIZE,1.0,899.9
2026-03-30,EQUALIV,25.0,4025.5
2026-03-30,ESSENTIAL,54.0,9545.95
2026-03-30,FLORMEL,1.0,8.9
2026-03-30,GOLDKO,18.0,276.9
2026-03-30,GUDAY,1.0,144.9
2026-03-30,HART`S NATURAL,1.0,39.9
2026-03-30,HÁBITO VIDA,1.0,27.9
2026-03-30,INTEGRALMEDICA,6.0,939.49
2026-03-30,KOALA,3.0,494.7
2026-03-30,KOBBER,1.0,32.9
2026-03-30,LAUTON,10.0,550.0
2026-03-30,LIQUIDZ,2.0,189.8
2026-03-30,MAIS MU,13.0,738.46
2026-03-30,MANDUBIM,1.0,18.89
2026-03-30,MAX TITANIUM,2.0,244.8
2026-03-30,MOVING,2.0,21.8
2026-03-30,NUTRATA,7.0,578.39
2026-03-30,NUTRIFY,37.0,3948.3
2026-03-30,OCEAN DROP,37.0,2455.3
2026-03-30,PLANT POWER,2.0,199.98
2026-03-30,PURAVIDA,27.0,3129.3
2026-03-30,STÉVIACHOCO,1.0,29.99
2026-03-30,SUBLYME,3.0,314.7
2026-03-30,SUPER NUTRITION,1.0,99.9
2026-03-30,TRUE SOURCE,19.0,3398.1
2026-03-30,VERDE CAMPO,28.0,220.52
2026-03-30,VITAFOR,182.0,20576.15
2026-03-30,WS NATURAIS,2.0,59.8
2026-04-06,ADAPTOGEN,11.0,2723.9
2026-04-06,APIS FLORA,3.0,99.7
2026-04-06,ATLHETICA NUTRITION,16.0,1814.09
2026-04-06,BELIVE,6.0,35.4
2026-04-06,BENDU,1.0,49.9
2026-04-06,BOLD,2.0,185.8
2026-04-06,CAFFEINE ARMY,34.0,5376.6
2026-04-06,CENTRAL NUTRITION,9.0,1794.39
2026-04-06,CHÁ MAIS,1.0,7.2
2026-04-06,COPRA,3.0,11.7
2026-04-06,DOBRO,9.0,500.1
2026-04-06,DUX,138.0,21289.97
2026-04-06,DYMATIZE,1.0,369.9
2026-04-06,EQUALIV,21.0,2383.99
2026-04-06,ESSENTIAL,46.0,9345.4
2026-04-06,GOLDKO,4.0,39.6
2026-04-06,GUDAY,2.0,289.8
2026-04-06,HÁBITO VIDA,1.0,27.9
2026-04-06,INTEGRALMEDICA,16.0,1678.5
2026-04-06,KOALA,1.0,114.9
2026-04-06,LAUTON,10.0,478.0
2026-04-06,MAIS MU,2.0,203.8
2026-04-06,MANDUBIM,1.0,29.9
2026-04-06,MAX TITANIUM,2.0,244.8
2026-04-06,MOVING,16.0,173.4
2026-04-06,NAKED NUTS,2.0,99.0
2026-04-06,NICE MILK,1.0,64.9
2026-04-06,NUTRATA,10.0,906.0
2026-04-06,NUTRIFY,40.0,4739.18
2026-04-06,OCEAN DROP,59.0,3851.32
2026-04-06,ONLY4,3.0,89.7
2026-04-06,PURAVIDA,33.0,3370.33
2026-04-06,STÉVIACHOCO,1.0,27.9
2026-04-06,SUBLYME,3.0,314.7
2026-04-06,SUPER NUTRITION,1.0,94.9
2026-04-06,SÃO FRANCISCO,1.0,34.9
2026-04-06,TRUE SOURCE,16.0,3073.49
2026-04-06,VERDE CAMPO,7.0,53.83
2026-04-06,VITAFOR,167.0,21018.75
2026-04-06,WS NATURAIS,2.0,65.8
2026-04-06,YOSEN,3.0,254.7
2026-04-13,ADAPTOGEN,13.0,2748.7
2026-04-13,APIS FLORA,1.0,29.9
2026-04-13,ATLHETICA NUTRITION,9.0,810.69
2026-04-13,BELIVE,1.0,5.9
2026-04-13,BOLD,3.0,484.7
2026-04-13,CAFFEINE ARMY,17.0,3183.3
2026-04-13,CENTRAL NUTRITION,12.0,2243.02
2026-04-13,CHÁ MAIS,1.0,6.9
2026-04-13,COPRA,1.0,34.9
2026-04-13,DOBRO,7.0,215.3
2026-04-13,DR. PEANUT,1.0,59.9
2026-04-13,DUX,164.0,22020.68
2026-04-13,EQUALIV,23.0,2669.15
2026-04-13,ESSENTIAL,55.0,9173.99
2026-04-13,FLORMEL,5.0,28.5
2026-04-13,GOLDKO,1.0,17.64
2026-04-13,GUDAY,1.0,144.9
2026-04-13,HÁBITO VIDA,1.0,27.9
2026-04-13,INTEGRALMEDICA,14.0,1206.0
2026-04-13,KOALA,2.0,304.8
2026-04-13,KOBBER,5.0,164.5
2026-04-13,LAUTON,12.0,501.69
2026-04-13,LIQUIDZ,12.0,434.8
2026-04-13,MAIS MU,4.0,41.6
2026-04-13,MANDUBIM,1.0,29.9
2026-04-13,MAX TITANIUM,4.0,689.6
2026-04-13,MOSTEIRO DEVAKAN,1.0,39.9
2026-04-13,MOVING,9.0,97.1
2026-04-13,NUTRATA,6.0,437.4
2026-04-13,NUTRIFY,35.0,4122.22
2026-04-13,OCEAN DROP,76.0,4224.99
2026-04-13,PINATI,1.0,9.9
2026-04-13,PURAVIDA,41.0,3767.88
2026-04-13,SUBLYME,3.0,314.7
2026-04-13,SUPER NUTRITION,2.0,209.8
2026-04-13,Super Nutrition,1.0,129.9
2026-04-13,TRUE SOURCE,29.0,3391.28
2026-04-13,VERDE CAMPO,5.0,41.25
2026-04-13,VITAFOR,202.0,24906.24
2026-04-13,YOSEN,5.0,539.5
2026-04-20,ADAPTOGEN,14.0,3213.6
2026-04-20,ALLMAX,1.0,249.9
2026-04-20,APIS FLORA,2.0,59.8
2026-04-20,ATLHETICA NUTRITION,2.0,189.89
2026-04-20,BELIVE,5.0,29.5
2026-04-20,BOLD,10.0,388.0
2026-04-20,CAFFEINE ARMY,16.0,2808.4
2026-04-20,CENTRAL NUTRITION,8.0,1394.29
2026-04-20,CHÁ MAIS,4.0,28.2
2026-04-20,DOBRO,9.0,701.76
2026-04-20,DUX,92.0,15857.46
2026-04-20,DYMATIZE,2.0,739.8
2026-04-20,EQUALIV,27.0,3174.84
2026-04-20,ESSENTIAL,30.0,5818.27
2026-04-20,HART`S NATURAL,1.0,44.9
2026-04-20,HÁBITO VIDA,4.0,111.6
2026-04-20,INTEGRALMEDICA,8.0,875.2
2026-04-20,KOALA,4.0,609.6
2026-04-20,LAUTON,11.0,520.35
2026-04-20,LIQUIDZ,24.0,517.6
2026-04-20,MAIS MU,24.0,860.64
2026-04-20,MAX TITANIUM,5.0,938.85
2026-04-20,MOSTEIRO DEVAKAN,1.0,39.9
2026-04-20,MOVING,8.0,85.2
2026-04-20,NUTRATA,22.0,2026.8
2026-04-20,NUTRIFY,25.0,2755.77
2026-04-20,OCEAN DROP,63.0,3706.38
2026-04-20,PLANT POWER,6.0,809.4
2026-04-20,PURAVIDA,37.0,3993.2
2026-04-20,SUBLYME,1.0,104.9
2026-04-20,TRUE SOURCE,29.0,4215.69
2026-04-20,VERDE CAMPO,2.0,15.38
2026-04-20,VITAFOR,157.0,17925.74
2026-04-20,VITALIN,1.0,15.9
2026-04-20,YOSEN,5.0,624.5
2026-04-27,ADAPTOGEN,8.0,1739.2
2026-04-27,ALLMAX,1.0,249.9
2026-04-27,APIS FLORA,1.0,29.9
2026-04-27,ATLHETICA NUTRITION,9.0,1080.98
2026-04-27,BENDU,2.0,25.8
2026-04-27,BOLD,13.0,698.7
2026-04-27,CAFFEINE ARMY,18.0,3218.2
2026-04-27,CENTRAL NUTRITION,12.0,2203.02
2026-04-27,COLOR ANDINA,1.0,22.0
2026-04-27,DOBRO,30.0,809.0
2026-04-27,DUX,143.0,19337.6
2026-04-27,DYMATIZE,3.0,1629.7
2026-04-27,EQUALIV,18.0,2106.29
2026-04-27,ESSENTIAL,46.0,9769.96
2026-04-27,FLORMEL,1.0,4.9
2026-04-27,GOLDKO,4.0,39.6
2026-04-27,GUDAY,3.0,434.7
2026-04-27,HÁBITO VIDA,3.0,87.7
2026-04-27,INTEGRALMEDICA,19.0,2217.1
2026-04-27,KOALA,4.0,609.6
2026-04-27,LABGENIX,1.0,239.9
2026-04-27,LAUTON,7.0,427.39
2026-04-27,LIQUIDZ,14.0,360.6
2026-04-27,MAIS MU,12.0,320.8
2026-04-27,MOVING,23.0,248.7
2026-04-27,NUTRATA,11.0,1096.9
2026-04-27,NUTRIFY,43.0,4795.7
2026-04-27,OCEAN DROP,42.0,2821.15
2026-04-27,PURAVIDA,40.0,4058.44
2026-04-27,SUBLYME,8.0,839.2
2026-04-27,SUPER NUTRITION,1.0,119.9
2026-04-27,TRUE SOURCE,40.0,4874.36
2026-04-27,VITAFOR,189.0,23272.63
2026-04-27,VITALIN,2.0,31.8
2026-04-27,WS NATURAIS,1.0,29.9
2026-04-27,YOSEN,2.0,161.4
2026-05-04,ADAPTOGEN,10.0,2309.0
2026-05-04,APIS FLORA,8.0,262.2
2026-05-04,ATLHETICA NUTRITION,9.0,1084.1
2026-05-04,BENDU,1.0,12.9
2026-05-04,BOLD,5.0,620.5
2026-05-04,CAFFEINE ARMY,15.0,2708.5
2026-05-04,CENTRAL NUTRITION,14.0,2213.6
2026-05-04,DOBRO,2.0,259.8
2026-05-04,DUX,160.0,23614.33
2026-05-04,DYMATIZE,1.0,889.9
2026-05-04,EQUALIV,26.0,3571.4
2026-05-04,ESSENTIAL,45.0,7002.85
2026-05-04,FLORMEL,6.0,29.4
2026-05-04,HART`S NATURAL,1.0,44.9
2026-05-04,HÁBITO VIDA,1.0,29.9
2026-05-04,INTEGRALMEDICA,8.0,840.2
2026-05-04,KOALA,1.0,189.9
2026-05-04,LAUTON,8.0,425.2
2026-05-04,LIQUIDZ,1.0,94.9
2026-05-04,MAIS MU,9.0,565.1
2026-05-04,MAX TITANIUM,4.0,704.6
2026-05-04,MOVING,5.0,49.5
2026-05-04,NUTRATA,14.0,1410.6
2026-05-04,NUTRIFY,27.0,2664.3
2026-05-04,OCEAN DROP,62.0,4243.8
2026-05-04,ONLY4,1.0,29.9
2026-05-04,ORGANIC INDIA,1.0,64.9
2026-05-04,PLANT POWER,4.0,559.6
2026-05-04,PURAVIDA,30.0,2716.0
2026-05-04,SUBLYME,4.0,419.6
2026-05-04,SUPER NUTRITION,3.0,311.98
2026-05-04,TRUE SOURCE,29.0,2886.58
2026-05-04,VITAFOR,187.0,23641.3
2026-05-04,VITALIN,1.0,15.9
2026-05-04,WS NATURAIS,2.0,65.8
2026-05-04,YOSEN,3.0,241.3
2026-05-11,ADAPTOGEN,8.0,1884.2
2026-05-11,ALLMAX,1.0,249.9
2026-05-11,APIS FLORA,5.0,169.5
2026-05-11,ATLHETICA NUTRITION,8.0,1069.2
2026-05-11,BELIVE,12.0,70.8
2026-05-11,BENDU,2.0,62.8
2026-05-11,BOLD,5.0,214.5
2026-05-11,CAFFEINE ARMY,19.0,3518.1
2026-05-11,CENTRAL NUTRITION,15.0,2733.5
2026-05-11,CHÁ MAIS,4.0,27.9
2026-05-11,COPRA,1.0,32.9
2026-05-11,DOBRO,6.0,183.96
2026-05-11,DUX,118.0,21304.34
2026-05-11,DYMATIZE,1.0,369.9
2026-05-11,EQUALIV,34.0,4733.6
2026-05-11,ESSENTIAL,57.0,10797.3
2026-05-11,FLORMEL,6.0,29.4
2026-05-11,GOLDKO,3.0,29.7
2026-05-11,GUDAY,1.0,144.9
2026-05-11,HART`S NATURAL,1.0,44.9
2026-05-11,INTEGRALMEDICA,8.0,833.2
2026-05-11,KOALA,1.0,189.9
2026-05-11,LAUTON,12.0,675.8
2026-05-11,LIQUIDZ,24.0,341.6
2026-05-11,MAIS MU,21.0,332.9
2026-05-11,MANDUBIM,1.0,29.9
2026-05-11,MAX TITANIUM,3.0,409.7
2026-05-11,MOSTEIRO DEVAKAN,1.0,39.9
2026-05-11,MOVING,3.0,32.7
2026-05-11,NUTRATA,13.0,1177.7
2026-05-11,NUTRIFY,32.0,4221.8
2026-05-11,OCEAN DROP,58.0,3709.53
2026-05-11,PLANT POWER,1.0,109.9
2026-05-11,PURAVIDA,40.0,3746.0
2026-05-11,SUBLYME,5.0,524.5
2026-05-11,Super Nutrition,1.0,129.9
2026-05-11,TRUE SOURCE,38.0,4358.59
2026-05-11,VITAFOR,204.0,23363.6
2026-05-11,WS NATURAIS,1.0,32.9
2026-05-11,YOSEN,4.0,344.6
2026-05-18,ADAPTOGEN,10.0,2284.3
2026-05-18,APIS FLORA,3.0,115.7
2026-05-18,ATLHETICA NUTRITION,9.0,670.42
2026-05-18,BELIVE,1.0,5.9
2026-05-18,BOLD,5.0,335.5
2026-05-18,CAFFEINE ARMY,16.0,2928.4
2026-05-18,CENTRAL NUTRITION,23.0,4006.83
2026-05-18,COPRA,1.0,3.9
2026-05-18,DOBRO,15.0,891.52
2026-05-18,DUX,170.0,19370.16
2026-05-18,DYMATIZE,1.0,332.91
2026-05-18,EQUALIV,20.0,3444.0
2026-05-18,ESSENTIAL,54.0,10001.23
2026-05-18,FLORMEL,5.0,24.5
2026-05-18,GOLDKO,1.0,9.9
2026-05-18,HÁBITO VIDA,6.0,169.4
2026-05-18,INTEGRALMEDICA,5.0,582.9
2026-05-18,KOALA,3.0,419.7
2026-05-18,LAUTON,9.0,576.1
2026-05-18,LIQUIDZ,4.0,379.6
2026-05-18,MAIS MU,18.0,775.22
2026-05-18,MAX TITANIUM,3.0,516.71
2026-05-18,MOSTEIRO DEVAKAN,1.0,39.9
2026-05-18,MOVING,9.0,98.1
2026-05-18,NUTRATA,27.0,1944.3
2026-05-18,NUTRIFY,27.0,3317.3
2026-05-18,OCEAN DROP,38.0,2276.53
2026-05-18,ORGANIC INDIA,1.0,64.9
2026-05-18,PURAVIDA,50.0,5217.0
2026-05-18,SUBLYME,11.0,1153.9
2026-05-18,SUPER NUTRITION,1.0,119.9
2026-05-18,TRUE SOURCE,42.0,5407.87
2026-05-18,VITAFOR,167.0,19189.9
2026-05-18,YOSEN,5.0,534.5
2026-05-25,ADAPTOGEN,7.0,1359.3
2026-05-25,APIS FLORA,3.0,89.7
2026-05-25,ATLHETICA NUTRITION,7.0,956.9
2026-05-25,BENDU,3.0,38.18
2026-05-25,BOLD,3.0,141.7
2026-05-25,CAFFEINE ARMY,17.0,2969.2
2026-05-25,CENTRAL NUTRITION,14.0,2429.6
2026-05-25,CHÁ MAIS,1.0,7.2
2026-05-25,DOBRO,6.0,442.4
2026-05-25,DUX,124.0,17166.46
2026-05-25,EQUALIV,35.0,5276.5
2026-05-25,ESSENTIAL,48.0,8804.5
2026-05-25,FLORMEL,3.0,14.7
2026-05-25,INTEGRALMEDICA,7.0,765.31
2026-05-25,KOALA,2.0,379.8
2026-05-25,LAUTON,10.0,520.0
2026-05-25,LIQUIDZ,3.0,108.7
2026-05-25,MAIS MU,4.0,148.6
2026-05-25,MAX TITANIUM,1.0,194.9
2026-05-25,MOSTEIRO DEVAKAN,1.0,39.9
2026-05-25,MOVING,4.0,42.6
2026-05-25,NUTRATA,15.0,1123.59
2026-05-25,NUTRIFY,34.0,3910.05
2026-05-25,OCEAN DROP,70.0,3683.78
2026-05-25,ONLY4,1.0,29.9
2026-05-25,PINATI,1.0,5.96
2026-05-25,PLANT POWER,3.0,389.7
2026-05-25,PURAVIDA,38.0,4323.57
2026-05-25,SUBLYME,5.0,524.5
2026-05-25,Super Nutrition,2.0,259.8
2026-05-25,TRUE SOURCE,43.0,4263.42
2026-05-25,VERDE CAMPO,1.0,7.69
2026-05-25,VITAFOR,153.0,18193.6
2026-05-25,YOSEN,3.0,279.7
2026-06-01,ADAPTOGEN,5.0,1299.5
2026-06-01,APIS FLORA,5.0,149.5
2026-06-01,ATLHETICA NUTRITION,8.0,838.39
2026-06-01,BENDU,1.0,12.9
2026-06-01,BOLD,3.0,32.7
2026-06-01,CAFFEINE ARMY,8.0,1509.47
2026-06-01,CENTRAL NUTRITION,19.0,2634.5
2026-06-01,DUX,105.0,16243.56
2026-06-01,DYMATIZE,1.0,899.9
2026-06-01,EQUALIV,35.0,4326.5
2026-06-01,ESSENTIAL,37.0,7048.57
2026-06-01,GUDAY,1.0,144.9
2026-06-01,HART`S NATURAL,1.0,44.9
2026-06-01,INTEGRALMEDICA,10.0,883.18
2026-06-01,KOALA,2.0,379.8
2026-06-01,KOBBER,1.0,32.9
2026-06-01,LAUTON,7.0,314.88
2026-06-01,LIQUIDZ,3.0,23.7
2026-06-01,MAIS MU,10.0,161.0
2026-06-01,MANDUBIM,1.0,18.89
2026-06-01,MOSTEIRO DEVAKAN,2.0,79.89
2026-06-01,MOVING,4.0,42.69
2026-06-01,NUTRATA,18.0,955.2
2026-06-01,NUTRIFY,35.0,3672.04
2026-06-01,OCEAN DROP,39.0,2444.54
2026-06-01,PURAVIDA,38.0,4111.29
2026-06-01,SUBLYME,3.0,314.7
2026-06-01,TRUE SOURCE,27.0,3267.02
2026-06-01,VERDE CAMPO,4.0,30.76
2026-06-01,VITAFOR,131.0,15687.89
2026-06-01,YOSEN,2.0,199.8
2026-06-08,ADAPTOGEN,5.0,977.86
2026-06-08,APIS FLORA,4.0,129.6
2026-06-08,ATLHETICA NUTRITION,1.0,74.9
2026-06-08,BOLD,4.0,45.6
2026-06-08,CAFFEINE ARMY,16.0,2848.4
2026-06-08,CENTRAL NUTRITION,15.0,2143.04
2026-06-08,CHOC,1.0,21.6
2026-06-08,CHÁ MAIS,4.0,27.9
2026-06-08,DUX,87.0,14955.2
2026-06-08,EQUALIV,29.0,4242.1
2026-06-08,ESSENTIAL,47.0,9052.65
2026-06-08,FTW,1.0,78.9
2026-06-08,HART`S NATURAL,1.0,39.9
2026-06-08,INTEGRALMEDICA,13.0,1300.7
2026-06-08,KOALA,1.0,114.9
2026-06-08,KOBBER,1.0,32.9
2026-06-08,LAUTON,6.0,404.4
2026-06-08,LIQUIDZ,8.0,324.2
2026-06-08,MAIS MU,1.0,84.9
2026-06-08,MANDUBIM,2.0,48.79
2026-06-08,MAX TITANIUM,1.0,79.9
2026-06-08,MOSTEIRO DEVAKAN,1.0,39.99
2026-06-08,MOVING,14.0,153.86
2026-06-08,NUTRATA,5.0,597.5
2026-06-08,NUTRIFY,39.0,4486.1
2026-06-08,OCEAN DROP,36.0,2192.03
2026-06-08,PURAVIDA,27.0,3523.3
2026-06-08,SUBLYME,1.0,104.9
2026-06-08,SÃO FRANCISCO,1.0,34.9
2026-06-08,TRUE SOURCE,8.0,1514.29
2026-06-08,VERDE CAMPO,16.0,123.04
2026-06-08,VITAFOR,143.0,16649.54
2026-06-08,YOSEN,2.0,239.8
2026-06-15,ADAPTOGEN,10.0,2135.63
2026-06-15,APIS FLORA,7.0,262.3
2026-06-15,ATLHETICA NUTRITION,5.0,520.16
2026-06-15,BELIVE,4.0,23.6
2026-06-15,BENDU,1.0,12.38
2026-06-15,BOLD,1.0,159.9
2026-06-15,CAFFEINE ARMY,13.0,2393.97
2026-06-15,CENTRAL NUTRITION,10.0,1484.0
2026-06-15,CHÁ MAIS,5.0,34.5
2026-06-15,DOBRO,3.0,196.7
2026-06-15,DUX,73.0,14151.6
2026-06-15,DYMATIZE,2.0,739.8
2026-06-15,EQUALIV,25.0,3791.5
2026-06-15,ESSENTIAL,35.0,5391.77
2026-06-15,FTW,1.0,54.9
2026-06-15,HART`S NATURAL,1.0,44.9
2026-06-15,INTEGRALMEDICA,3.0,312.7
2026-06-15,LAUTON,9.0,403.68
2026-06-15,LIQUIDZ,1.0,94.9
2026-06-15,MAIS MU,1.0,111.94
2026-06-15,MOSTEIRO DEVAKAN,1.0,39.99
2026-06-15,MOVING,3.0,32.97
2026-06-15,NUTRATA,2.0,259.8
2026-06-15,NUTRIFY,36.0,3047.4
2026-06-15,OCEAN DROP,32.0,1974.25
2026-06-15,PLANT POWER,1.0,108.99
2026-06-15,PURAVIDA,17.0,1783.3
2026-06-15,SUBLYME,2.0,209.8
2026-06-15,SUPER NUTRITION,1.0,119.9
2026-06-15,Super Nutrition,1.0,129.9
2026-06-15,TRUE SOURCE,11.0,2091.17
2026-06-15,VITAFOR,126.0,15952.49
2026-06-15,VITALIN,1.0,15.9
2026-06-15,YOSEN,2.0,299.8
2026-06-15,ZEROMILK,1.0,18.89
2026-06-22,ADAPTOGEN,4.0,829.6
2026-06-22,APIS FLORA,2.0,79.8
2026-06-22,ATLHETICA NUTRITION,7.0,1084.3
2026-06-22,BELIVE,4.0,23.6
2026-06-22,BENDU,4.0,50.56
2026-06-22,BOLD,5.0,251.5
2026-06-22,CAFFEINE ARMY,8.0,1409.74
2026-06-22,CENTRAL NUTRITION,12.0,2174.09
2026-06-22,CHÁ MAIS,2.0,13.8
2026-06-22,DOBRO,1.0,149.9
2026-06-22,DUX,83.0,14972.73
2026-06-22,EQUALIV,23.0,2622.7
2026-06-22,ESSENTIAL,34.0,7008.81
2026-06-22,FLORMEL,7.0,34.3
2026-06-22,FTW,2.0,239.8
2026-06-22,HART`S NATURAL,1.0,54.9
2026-06-22,INTEGRALMEDICA,9.0,719.1
2026-06-22,KOALA,1.0,114.9
2026-06-22,LAUTON,8.0,366.78
2026-06-22,MAIS MU,15.0,303.5
2026-06-22,MANDUBIM,3.0,56.67
2026-06-22,MAX TITANIUM,1.0,194.9
2026-06-22,MOVING,12.0,154.8
2026-06-22,NUTRATA,10.0,960.0
2026-06-22,NUTRIFY,39.0,4273.37
2026-06-22,OCEAN DROP,54.0,3065.94
2026-06-22,PLANT POWER,2.0,359.8
2026-06-22,PURAVIDA,20.0,2391.0
2026-06-22,SUBLYME,3.0,314.7
2026-06-22,SUPER NUTRITION,4.0,300.6
2026-06-22,TRUE SOURCE,17.0,3394.48
2026-06-22,VERDE CAMPO,1.0,7.69
2026-06-22,VITAFOR,101.0,11771.9
2026-06-22,YOSEN,4.0,419.6
2026-06-22,ZEROMILK,1.0,18.89
2026-06-29,ADAPTOGEN,9.0,2314.1
2026-06-29,APIS FLORA,8.0,249.2
2026-06-29,ATLHETICA NUTRITION,8.0,1099.86
2026-06-29,BELIVE,4.0,23.6
2026-06-29,BENDU,1.0,12.38
2026-06-29,BIOBALANCE,1.0,192.02
2026-06-29,BOLD,2.0,210.8
2026-06-29,CAFFEINE ARMY,8.0,1515.74
2026-06-29,CENTRAL NUTRITION,8.0,1419.2
2026-06-29,CHÁ MAIS,8.0,56.4
2026-06-29,COPRA,1.0,34.9
2026-06-29,DOBRO,3.0,449.7
2026-06-29,DUX,125.0,21073.0
2026-06-29,DYMATIZE,2.0,1269.8
2026-06-29,EQUALIV,22.0,2738.8
2026-06-29,ESSENTIAL,33.0,7302.93
2026-06-29,FLORMEL,3.0,14.7
2026-06-29,FTW,2.0,158.8
2026-06-29,GOLDKO,4.0,44.6
2026-06-29,HART`S NATURAL,2.0,109.8
2026-06-29,INTEGRALMEDICA,13.0,635.7
2026-06-29,LAUTON,9.0,428.17
2026-06-29,LIQUIDZ,4.0,379.6
2026-06-29,MAIS MU,6.0,400.4
2026-06-29,MANDUBIM,2.0,37.78
2026-06-29,MOVING,2.0,23.8
2026-06-29,NUTRATA,15.0,759.5
2026-06-29,NUTRIFY,34.0,3321.7
2026-06-29,OCEAN DROP,27.0,1559.65
2026-06-29,PURAVIDA,17.0,2386.3
2026-06-29,STÉVIACHOCO,1.0,36.9
2026-06-29,SUBLYME,3.0,314.7
2026-06-29,SUPER NUTRITION,2.0,195.8
2026-06-29,TRUE SOURCE,29.0,4009.81
2026-06-29,VITAFOR,153.0,18525.24
2026-06-29,YOSEN,4.0,409.6
2026-07-06,ADAPTOGEN,7.0,1414.3
2026-07-06,ATLHETICA NUTRITION,7.0,1019.3
2026-07-06,BENDU,1.0,12.9
2026-07-06,BOLD,7.0,567.3
2026-07-06,CAFFEINE ARMY,11.0,2203.35
2026-07-06,CENTRAL NUTRITION,14.0,2378.6
2026-07-06,CHÁ MAIS,2.0,13.8
2026-07-06,DOBRO,7.0,413.3
2026-07-06,DUX,88.0,17330.63
2026-07-06,EQUALIV,18.0,2690.2
2026-07-06,ESSENTIAL,21.0,3585.9
2026-07-06,FLORMEL,2.0,14.28
2026-07-06,FTW,1.0,69.99
2026-07-06,GOLDKO,1.0,17.89
2026-07-06,HART`S NATURAL,3.0,164.7
2026-07-06,INTEGRALMEDICA,2.0,152.8
2026-07-06,LAUTON,10.0,608.58
2026-07-06,LIQUIDZ,3.0,284.7
2026-07-06,MAIS MU,8.0,610.2
2026-07-06,MANDUBIM,2.0,48.79
2026-07-06,MAX TITANIUM,2.0,389.8
2026-07-06,NUTRATA,3.0,389.7
2026-07-06,NUTRIFY,29.0,3007.1
2026-07-06,OCEAN DROP,36.0,2336.75
2026-07-06,ONLY4,3.0,89.7
2026-07-06,PLANT POWER,1.0,119.9
2026-07-06,PURAVIDA,23.0,3097.72
2026-07-06,STÉVIACHOCO,1.0,27.9
2026-07-06,SUBLYME,6.0,629.4
2026-07-06,SUPER NUTRITION,12.0,679.43
2026-07-06,SÃO FRANCISCO,1.0,34.9
2026-07-06,THÉRAPI,1.0,34.9
2026-07-06,TRUE SOURCE,14.0,2555.41
2026-07-06,VITAFOR,116.0,13928.27
2026-07-06,YOSEN,7.0,809.3
2026-07-13,ADAPTOGEN,12.0,2933.89
2026-07-13,APIS FLORA,1.0,29.9
2026-07-13,ATLHETICA NUTRITION,6.0,310.06
2026-07-13,BELIVE,3.0,16.77
2026-07-13,BENDU,5.0,63.46
2026-07-13,BOLD,10.0,1301.0
2026-07-13,CAFFEINE ARMY,23.0,4100.41
2026-07-13,CENTRAL NUTRITION,16.0,2253.4
2026-07-13,CHÁ MAIS,19.0,132.6
2026-07-13,DOBRO,42.0,916.27
2026-07-13,DUX,91.0,17834.23
2026-07-13,EQUALIV,29.0,5324.1
2026-07-13,ESSENTIAL,33.0,5691.17
2026-07-13,FLORMEL,4.0,19.6
2026-07-13,FTW,12.0,938.88
2026-07-13,GUDAY,1.0,144.9
2026-07-13,HART`S NATURAL,3.0,149.7
2026-07-13,INTEGRALMEDICA,5.0,732.5
2026-07-13,LAUTON,11.0,567.17
2026-07-13,LIQUIDZ,15.0,466.5
2026-07-13,MAIS MU,32.0,1187.8
2026-07-13,MANDUBIM,2.0,37.78
2026-07-13,MOSTEIRO DEVAKAN,2.0,99.8
2026-07-13,MOVING,1.0,11.9
2026-07-13,NUTRATA,28.0,1584.2
2026-07-13,NUTRIFY,42.0,4655.8
2026-07-13,OCEAN DROP,70.0,3851.7
2026-07-13,PURAVIDA,14.0,1603.6
2026-07-13,SUBLYME,1.0,104.9
2026-07-13,SUPER NUTRITION,6.0,559.94
2026-07-13,TRUE SOURCE,48.0,3580.71
2026-07-13,VERDE CAMPO,3.0,23.7
2026-07-13,VITAFOR,159.0,19231.4
2026-07-13,YOSEN,6.0,549.4
2026-07-20,ADAPTOGEN,12.0,2978.89
2026-07-20,APIS FLORA,3.0,99.7
2026-07-20,ATLHETICA NUTRITION,6.0,799.4
2026-07-20,BOLD,4.0,49.6
2026-07-20,CAFFEINE ARMY,12.0,2384.43
2026-07-20,CENTRAL NUTRITION,13.0,1959.15
2026-07-20,CHÁ MAIS,2.0,13.8
2026-07-20,COPRA,1.0,29.99
2026-07-20,DUX,118.0,21627.59
2026-07-20,EQUALIV,23.0,3073.7
2026-07-20,ESSENTIAL,19.0,3800.07
2026-07-20,FTW,3.0,24.97
2026-07-20,GOLDKO,1.0,9.9
2026-07-20,HART`S NATURAL,2.0,109.8
2026-07-20,INTEGRALMEDICA,2.0,234.9
2026-07-20,KOBBER,1.0,44.9
2026-07-20,LAUTON,11.0,596.9
2026-07-20,LIQUIDZ,5.0,213.5
2026-07-20,MAIS MU,5.0,491.5
2026-07-20,MANDUBIM,1.0,18.89
2026-07-20,MAX TITANIUM,1.0,79.9
2026-07-20,MOSTEIRO DEVAKAN,1.0,49.9
2026-07-20,MOVING,17.0,214.3
2026-07-20,NUTRATA,7.0,665.3
2026-07-20,NUTRIFY,34.0,3613.87
2026-07-20,OCEAN DROP,28.0,1833.01
2026-07-20,ONLY4,1.0,29.9
2026-07-20,PHYTONATUS,2.0,39.98
2026-07-20,PURAVIDA,16.0,1532.4
2026-07-20,SHARK PRO,1.0,139.9
2026-07-20,SUBLYME,3.0,314.7
2026-07-20,SUPER NUTRITION,8.0,47.2
2026-07-20,THÉRAPI,1.0,34.9
2026-07-20,TRUE SOURCE,51.0,2978.22
2026-07-20,VERDE CAMPO,23.0,203.27
2026-07-20,VITAFOR,133.0,14982.65
2026-07-20,VITALIN,3.0,47.7
2026-07-20,YOSEN,6.0,739.4
2026-07-20,ZEROMILK,2.0,37.78
2026-07-27,ADAPTOGEN,7.0,1674.3
2026-07-27,APIS FLORA,4.0,119.6
2026-07-27,ATLHETICA NUTRITION,5.0,825.7
2026-07-27,BELIVE,6.0,33.85
2026-07-27,BENDU,2.0,25.8
2026-07-27,BOLD,12.0,1106.8
2026-07-27,CAFFEINE ARMY,23.0,4226.41
2026-07-27,CENTRAL NUTRITION,18.0,2945.03
2026-07-27,CHÁ MAIS,2.0,14.4
2026-07-27,COPRA,2.0,33.89
2026-07-27,DOBRO,2.0,259.8
2026-07-27,DUX,154.0,21229.46
2026-07-27,EQUALIV,45.0,6508.43
2026-07-27,ESSENTIAL,37.0,5684.29
2026-07-27,FLORMEL,1.0,4.9
2026-07-27,FTW,2.0,117.98
2026-07-27,GUDAY,1.0,144.9
2026-07-27,INTEGRALMEDICA,2.0,599.78
2026-07-27,KOALA,4.0,459.6
2026-07-27,LAUTON,8.0,454.2
2026-07-27,LIQUIDZ,8.0,237.2
2026-07-27,MAIS MU,7.0,511.38
2026-07-27,MAX TITANIUM,1.0,194.9
2026-07-27,MOVING,2.0,23.8
2026-07-27,NUTRATA,15.0,1508.5
2026-07-27,NUTRIFY,40.0,4021.0
2026-07-27,OCEAN DROP,38.0,2213.92
2026-07-27,PURAVIDA,21.0,2547.9
2026-07-27,SHARK PRO,1.0,139.9
2026-07-27,SUBLYME,2.0,209.8
2026-07-27,SUPER NUTRITION,3.0,101.79
2026-07-27,TRUE SOURCE,53.0,4530.38
2026-07-27,VERDE CAMPO,14.0,97.46
2026-07-27,VITAFOR,177.0,20633.51
2026-07-27,YOSEN,11.0,1578.9
2026-08-03,ADAPTOGEN,5.0,1009.5
2026-08-03,APIS FLORA,3.0,89.7
2026-08-03,ATLHETICA NUTRITION,12.0,1150.8
2026-08-03,BELIVE,7.0,41.3
2026-08-03,BOLD,7.0,461.48
2026-08-03,CAFFEINE ARMY,18.0,3238.1
2026-08-03,CENTRAL NUTRITION,17.0,3346.42
2026-08-03,CHÁ MAIS,7.0,48.9
2026-08-03,DOBRO,2.0,299.8
2026-08-03,DUX,177.0,29049.22
2026-08-03,DYMATIZE,2.0,739.8
2026-08-03,EQUALIV,29.0,3523.1
2026-08-03,ESSENTIAL,21.0,4012.37
2026-08-03,FTW,2.0,219.98
2026-08-03,GUDAY,1.0,144.9
2026-08-03,INTEGRALMEDICA,9.0,1394.08
2026-08-03,KOALA,1.0,114.9
2026-08-03,LAUTON,11.0,612.9
2026-08-03,LIQUIDZ,3.0,110.7
2026-08-03,MAIS MU,8.0,333.24
2026-08-03,MANDUBIM,1.0,29.9
2026-08-03,MAX TITANIUM,1.0,129.9
2026-08-03,MOSTEIRO DEVAKAN,1.0,49.9
2026-08-03,MOVING,11.0,120.9
2026-08-03,NUTRATA,13.0,1240.7
2026-08-03,NUTRIFY,40.0,3731.0
2026-08-03,OCEAN DROP,29.0,1570.19
2026-08-03,ONLY4,1.0,29.9
2026-08-03,PHYTONATUS,6.0,179.58
2026-08-03,PURAVIDA,29.0,3830.1
2026-08-03,SHARK PRO,4.0,484.6
2026-08-03,SUPER NUTRITION,1.0,5.9
2026-08-03,TRUE SOURCE,51.0,3937.77
2026-08-03,VERDE CAMPO,15.0,104.65
2026-08-03,VITAFOR,165.0,19514.91
2026-08-03,VITALIN,2.0,31.8
2026-08-03,YOSEN,6.0,709.4
2026-08-10,ADAPTOGEN,8.0,1549.2
2026-08-10,APIS FLORA,7.0,242.3
2026-08-10,ATLHETICA NUTRITION,15.0,2531.56
2026-08-10,BELIVE,5.0,25.86
2026-08-10,BOLD,9.0,963.1
2026-08-10,CAFFEINE ARMY,12.0,2159.25
2026-08-10,CENTRAL NUTRITION,11.0,1863.9
2026-08-10,CHÁ MAIS,14.0,97.8
2026-08-10,DARKNESS,1.0,129.9
2026-08-10,DOBRO,1.0,219.9
2026-08-10,DUX,203.0,27727.95
2026-08-10,EQUALIV,24.0,2920.6
2026-08-10,ESSENTIAL,25.0,4027.49
2026-08-10,FLORMEL,1.0,4.9
2026-08-10,FTW,2.0,184.8
2026-08-10,INTEGRALMEDICA,7.0,794.3
2026-08-10,LAUTON,10.0,432.27
2026-08-10,LIQUIDZ,4.0,379.6
2026-08-10,MAIS MU,1.0,69.9
2026-08-10,MANDUBIM,1.0,29.9
2026-08-10,MAX TITANIUM,1.0,194.9
2026-08-10,MOVING,21.0,255.9
2026-08-10,NUTRATA,18.0,799.2
2026-08-10,NUTRIFY,44.0,4152.6
2026-08-10,OCEAN DROP,40.0,2137.17
2026-08-10,ONLY4,3.0,89.7
2026-08-10,PHYTONATUS,2.0,49.8
2026-08-10,PURAVIDA,18.0,2479.29
2026-08-10,STÉVIACHOCO,5.0,139.5
2026-08-10,SUBLYME,1.0,104.9
2026-08-10,TRUE SOURCE,7.0,1641.39
2026-08-10,VERDE CAMPO,10.0,81.9
2026-08-10,VITAFOR,123.0,17164.88
2026-08-10,VITALIN,3.0,47.7
2026-08-10,ZEROMILK,4.0,75.56
2026-08-17,ADAPTOGEN,7.0,1344.3
2026-08-17,APIS FLORA,3.0,99.7
2026-08-17,ATLHETICA NUTRITION,11.0,1821.33
2026-08-17,BOLD,1.0,199.9
2026-08-17,CAFFEINE ARMY,6.0,1169.76
2026-08-17,CENTRAL NUTRITION,5.0,854.59
2026-08-17,CHÁ MAIS,2.0,14.1
2026-08-17,COPRA,6.0,23.4
2026-08-17,DOBRO,2.0,164.8
2026-08-17,DUX,98.0,17344.45
2026-08-17,EQUALIV,16.0,2386.4
2026-08-17,ESSENTIAL,23.0,5363.68
2026-08-17,FLORMEL,2.0,9.8
2026-08-17,GUDAY,2.0,289.8
2026-08-17,INTEGRALMEDICA,6.0,649.4
2026-08-17,LAUTON,6.0,257.4
2026-08-17,LIQUIDZ,6.0,564.49
2026-08-17,MAIS MU,3.0,24.7
2026-08-17,MAX TITANIUM,1.0,194.9
2026-08-17,MOSTEIRO DEVAKAN,1.0,49.9
2026-08-17,MOVING,2.0,22.89
2026-08-17,NUTRATA,9.0,873.1
2026-08-17,NUTRIFY,26.0,2828.58
2026-08-17,OCEAN DROP,34.0,2388.32
2026-08-17,PHYTONATUS,1.0,19.9
2026-08-17,PURAVIDA,19.0,1850.1
2026-08-17,SUBLYME,1.0,104.9
2026-08-17,TRUE SOURCE,16.0,3497.29
2026-08-17,VERDE CAMPO,1.0,5.99
2026-08-17,VITAFOR,112.0,14224.33
2026-08-17,VITALIN,1.0,15.9
2026-08-17,YOSEN,3.0,439.7
2026-08-24,ADAPTOGEN,3.0,609.7
2026-08-24,APIS FLORA,2.0,59.8
2026-08-24,ATLHETICA NUTRITION,3.0,474.7
2026-08-24,BELIVE,10.0,49.9
2026-08-24,BENDU,3.0,37.66
2026-08-24,BOLD,5.0,735.5
2026-08-24,CAFFEINE ARMY,20.0,3634.53
2026-08-24,CENTRAL NUTRITION,21.0,3518.26
2026-08-24,DARKNESS,1.0,114.9
2026-08-24,DOBRO,3.0,249.7
2026-08-24,DUX,136.0,25667.43
2026-08-24,EQUALIV,22.0,2897.98
2026-08-24,ESSENTIAL,39.0,5257.09
2026-08-24,FLORMEL,4.0,19.6
2026-08-24,GOLDKO,1.0,9.9
2026-08-24,INTEGRALMEDICA,5.0,559.5
2026-08-24,LABGENIX,1.0,179.99
2026-08-24,LAUTON,17.0,867.3
2026-08-24,LIQUIDZ,4.0,292.6
2026-08-24,MAIS MU,5.0,172.5
2026-08-24,MAX TITANIUM,1.0,79.9
2026-08-24,MOSTEIRO DEVAKAN,2.0,99.8
2026-08-24,MOVING,13.0,141.97
2026-08-24,NUTRATA,7.0,311.3
2026-08-24,NUTRIFY,32.0,3838.89
2026-08-24,OCEAN DROP,50.0,2566.8
2026-08-24,PLANT POWER,1.0,119.9
2026-08-24,PURAVIDA,37.0,4033.3
2026-08-24,STÉVIACHOCO,1.0,27.9
2026-08-24,SUBLYME,5.0,524.5
2026-08-24,SUPER NUTRITION,2.0,199.8
2026-08-24,SÃO FRANCISCO,1.0,34.9
2026-08-24,THÉRAPI,1.0,34.9
2026-08-24,TRUE SOURCE,32.0,3875.69
2026-08-24,VERDE CAMPO,17.0,101.83
2026-08-24,VITAFOR,137.0,17352.29
2026-08-24,VITALIN,1.0,15.9
2026-08-24,YOSEN,11.0,1283.9
2026-08-31,ADAPTOGEN,9.0,2199.19
2026-08-31,APIS FLORA,3.0,89.7
2026-08-31,ATLHETICA NUTRITION,3.0,684.69
2026-08-31,BELIVE,17.0,88.47
2026-08-31,BOLD,2.0,21.8
2026-08-31,CAFFEINE ARMY,24.0,4359.67
2026-08-31,CENTRAL NUTRITION,7.0,994.57
2026-08-31,CHÁ MAIS,3.0,20.7
2026-08-31,COPRA,1.0,34.9
2026-08-31,DOBRO,15.0,489.5
2026-08-31,DUX,125.0,21889.0
2026-08-31,DYMATIZE,1.0,369.9
2026-08-31,EQUALIV,12.0,1476.8
2026-08-31,ESSENTIAL,35.0,5391.97
2026-08-31,FTW,3.0,100.7
2026-08-31,GUDAY,1.0,144.9
2026-08-31,INTEGRALMEDICA,9.0,1522.08
2026-08-31,LABGENIX,1.0,168.99
2026-08-31,LAUTON,8.0,366.76
2026-08-31,LIQUIDZ,5.0,300.5
2026-08-31,MAIS MU,1.0,10.9
2026-08-31,MOVING,8.0,85.65
2026-08-31,NUTRATA,3.0,157.7
2026-08-31,NUTRIFY,38.0,3211.83
2026-08-31,OCEAN DROP,38.0,2338.19
2026-08-31,ONLY4,2.0,59.8
2026-08-31,PURAVIDA,40.0,4210.81
2026-08-31,SUBLYME,3.0,314.7
2026-08-31,SUPER NUTRITION,1.0,99.9
2026-08-31,TRUE SOURCE,34.0,3800.4
2026-08-31,VERDE CAMPO,2.0,15.98
2026-08-31,VITAFOR,126.0,13614.45
2026-08-31,YOSEN,9.0,1224.1
2026-09-07,ADAPTOGEN,8.0,1969.2
2026-09-07,APIS FLORA,3.0,109.7
2026-09-07,ATLHETICA NUTRITION,6.0,892.5
2026-09-07,BELIVE,4.0,19.96
2026-09-07,BOLD,3.0,221.7
2026-09-07,CAFFEINE ARMY,5.0,834.5
2026-09-07,CENTRAL NUTRITION,13.0,2003.79
2026-09-07,CHÁ MAIS,1.0,6.9
2026-09-07,DUX,124.0,19763.54
2026-09-07,EQUALIV,14.0,2351.78
2026-09-07,ESSENTIAL,29.0,6621.06
2026-09-07,FTW,1.0,79.9
2026-09-07,GUDAY,1.0,144.9
2026-09-07,INTEGRALMEDICA,3.0,289.7
2026-09-07,KOBBER,1.0,44.9
2026-09-07,KONJAC MASSA MF,3.0,53.97
2026-09-07,LAUTON,8.0,465.48
2026-09-07,LIQUIDZ,1.0,94.9
2026-09-07,MAIS MU,9.0,146.28
2026-09-07,MANDUBIM,2.0,59.8
2026-09-07,MAX TITANIUM,1.0,79.9
2026-09-07,MOVING,12.0,136.8
2026-09-07,NUTRATA,6.0,390.4
2026-09-07,NUTRIFY,42.0,4525.61
2026-09-07,OCEAN DROP,26.0,1572.76
2026-09-07,ONLY4,1.0,29.9
2026-09-07,PURAVIDA,42.0,4721.98
2026-09-07,SUBLYME,1.0,104.9
2026-09-07,SUPER NUTRITION,8.0,359.2
2026-09-07,TRUE SOURCE,18.0,2420.1
2026-09-07,VERDE CAMPO,6.0,57.4
2026-09-07,VITAFOR,146.0,17582.53
2026-09-07,VITALIN,1.0,15.9
2026-09-07,YOSEN,2.0,329.8
2026-09-07,ZEROMILK,1.0,18.89
2026-09-14,ADAPTOGEN,5.0,1359.5
2026-09-14,APIS FLORA,6.0,199.4
2026-09-14,ATLHETICA NUTRITION,3.0,404.79
2026-09-14,BELIVE,6.0,29.94
2026-09-14,BOLD,3.0,221.7
2026-09-14,CAFFEINE ARMY,8.0,1349.57
2026-09-14,CENTRAL NUTRITION,21.0,3753.98
2026-09-14,CHÁ MAIS,7.0,49.8
2026-09-14,DOBRO,4.0,649.6
2026-09-14,DUX,114.0,19931.11
2026-09-14,EQUALIV,22.0,2705.52
2026-09-14,ESSENTIAL,31.0,4864.88
2026-09-14,FLORMEL,4.0,19.6
2026-09-14,INTEGRALMEDICA,4.0,345.6
2026-09-14,KONJAC MASSA MF,2.0,39.8
2026-09-14,LAUTON,13.0,719.7
2026-09-14,LIQUIDZ,4.0,205.69
2026-09-14,MAIS MU,3.0,104.7
2026-09-14,MANDUBIM,2.0,59.8
2026-09-14,NUTRATA,5.0,331.5
2026-09-14,NUTRIFY,41.0,4164.26
2026-09-14,OCEAN DROP,27.0,1332.47
2026-09-14,PHYTONATUS,5.0,100.86
2026-09-14,PURAVIDA,39.0,4203.09
2026-09-14,STÉVIACHOCO,3.0,83.7
2026-09-14,SUBLYME,1.0,104.9
2026-09-14,TRUE SOURCE,16.0,2382.29
2026-09-14,VITAFOR,146.0,16740.14
2026-09-14,YOSEN,3.0,299.7
2026-09-21,ADAPTOGEN,9.0,1784.28
2026-09-21,APIS FLORA,3.0,89.7
2026-09-21,ATLHETICA NUTRITION,7.0,1269.65
2026-09-21,BELIVE,18.0,108.64
2026-09-21,BOLD,1.0,199.9
2026-09-21,CAFFEINE ARMY,7.0,1054.66
2026-09-21,CENTRAL NUTRITION,11.0,1533.99
2026-09-21,CHÁ MAIS,9.0,63.0
2026-09-21,COPRA,2.0,7.8
2026-09-21,DUX,85.0,15009.57
2026-09-21,EQUALIV,21.0,2531.9
2026-09-21,ESSENTIAL,27.0,5467.27
2026-09-21,FLORMEL,8.0,59.2
2026-09-21,FTW,3.0,208.7
2026-09-21,GOLDKO,2.0,39.8
2026-09-21,INTEGRALMEDICA,12.0,1518.79
2026-09-21,KONJAC MASSA MF,2.0,39.8
2026-09-21,LAUTON,8.0,350.48
2026-09-21,LIQUIDZ,5.0,126.5
2026-09-21,MAIS MU,3.0,28.7
2026-09-21,MAX TITANIUM,2.0,389.8
2026-09-21,MOSTEIRO DEVAKAN,2.0,99.8
2026-09-21,MOVING,1.0,11.9
2026-09-21,NUTRATA,11.0,1179.9
2026-09-21,NUTRIFY,22.0,2465.07
2026-09-21,OCEAN DROP,38.0,2258.62
2026-09-21,ONLY4,1.0,29.9
2026-09-21,PURAVIDA,28.0,2851.74
2026-09-21,SUBLYME,1.0,104.9
2026-09-21,SUPER NUTRITION,4.0,307.6
2026-09-21,SÃO FRANCISCO,1.0,24.01
2026-09-21,TRUE SOURCE,22.0,2895.52
2026-09-21,VERDE CAMPO,18.0,139.64
2026-09-21,VITAFOR,133.0,15435.47
2026-09-21,VITALIN,1.0,15.9
2026-09-21,YOSEN,2.0,319.8
2026-09-21,ZEROMILK,3.0,56.67
2026-09-28,ADAPTOGEN,10.0,2124.0
2026-09-28,APIS FLORA,1.0,29.9
2026-09-28,ATLHETICA NUTRITION,20.0,1998.18
2026-09-28,BELIVE,6.0,43.58
2026-09-28,BENDU,1.0,12.9
2026-09-28,BOLD,6.0,458.4
2026-09-28,CAFFEINE ARMY,13.0,2139.51
2026-09-28,CENTRAL NUTRITION,18.0,2973.47
2026-09-28,CHÁ MAIS,2.0,14.1
2026-09-28,DOBRO,2.0,324.8
2026-09-28,DUX,177.0,29600.17
2026-09-28,EQUALIV,35.0,4125.5
2026-09-28,ESSENTIAL,26.0,4850.85
2026-09-28,FLORMEL,5.0,28.5
2026-09-28,FTW,6.0,433.4
2026-09-28,GOLDKO,15.0,182.57
2026-09-28,INTEGRALMEDICA,17.0,1663.29
2026-09-28,KOALA,5.0,724.5
2026-09-28,KONJAC MASSA MF,2.0,39.8
2026-09-28,LABGENIX,1.0,69.99
2026-09-28,LAUTON,24.0,1257.28
2026-09-28,LIQUIDZ,18.0,947.29
2026-09-28,MAIS MU,11.0,302.0
2026-09-28,MOVING,10.0,119.0
2026-09-28,NUTRATA,15.0,1333.5
2026-09-28,NUTRIFY,37.0,4900.44
2026-09-28,OCEAN DROP,50.0,2475.0
2026-09-28,ONLY4,1.0,29.9
2026-09-28,PHYTONATUS,3.0,74.88
2026-09-28,PURAVIDA,40.0,4615.45
2026-09-28,STÉVIACHOCO,3.0,92.7
2026-09-28,SUBLYME,4.0,419.6
2026-09-28,SUPER NUTRITION,2.0,209.8
2026-09-28,TRUE SOURCE,39.0,5704.62
2026-09-28,VERDE CAMPO,3.0,21.97
2026-09-28,VITAFOR,240.0,26406.95
2026-09-28,VITALIN,1.0,15.9
2026-09-28,YOSEN,15.0,2373.38
2026-10-05,ADAPTOGEN,2.0,369.8
2026-10-05,ATLHETICA NUTRITION,3.0,559.88
2026-10-05,BOLD,1.0,199.9
2026-10-05,CAFFEINE ARMY,1.0,179.99
2026-10-05,CENTRAL NUTRITION,2.0,399.98
2026-10-05,DOBRO,2.0,324.8
2026-10-05,DUX,18.0,3603.2
2026-10-05,EQUALIV,3.0,251.7
2026-10-05,ESSENTIAL,5.0,664.5
2026-10-05,INTEGRALMEDICA,1.0,144.9
2026-10-05,LAUTON,2.0,96.8
2026-10-05,LIQUIDZ,1.0,94.9
2026-10-05,MAIS MU,1.0,69.9
2026-10-05,NUTRATA,1.0,96.9
2026-10-05,NUTRIFY,2.0,289.8
2026-10-05,OCEAN DROP,5.0,216.5
2026-10-05,PURAVIDA,8.0,1006.56
2026-10-05,SUBLYME,1.0,104.9
2026-10-05,TRUE SOURCE,12.0,1183.52
2026-10-05,VERDE CAMPO,7.0,48.93
2026-10-05,VITAFOR,34.0,4064.49
2026-10-05,ZEROMILK,1.0,18.89
