semana,produto_nome,unidades,faturamento
2024-03-11,Creatina Monohidratada,1.0,94.61
2024-03-11,Creatina Monohidratada - Creatine,3.0,334.89
2024-03-11,Omegafor Plus,1.0,148.34
2024-03-11,Whey Protein Isolado - Isofort,2.0,402.28
2024-03-11,Ômega 3 EPA DHA,3.0,254.74
2024-03-18,Whey Protein Isolado - Isofort,2.0,402.28
2024-03-18,Ômega 3 EPA DHA,1.0,63.0
2024-03-25,Creatina Monohidratada - Creatine,1.0,111.63
2024-03-25,Whey Protein Isolado - Isofort,1.0,206.38
2024-04-01,Adapto Whey 3W,1.0,161.12
2024-04-01,Creatina Monohidratada,2.0,169.6
2024-04-01,Creatina Monohidratada (Creapure),1.0,98.62
2024-04-01,Creatina Monohidratada - Creatine,6.0,616.58
2024-04-01,Omegafor Plus,2.0,296.68
2024-04-01,Refil Whey Protein Concentrado,2.0,189.22
2024-04-01,Super Ômega 3,3.0,332.93
2024-04-01,Vegan Protein - Vegano,1.0,133.99
2024-04-01,Whey Protein Isolado,1.0,110.77
2024-04-01,Whey Protein Isolado - Isofort,1.0,181.98
2024-04-01,Whey Protein Vegetal,1.0,106.85
2024-04-01,Ômega - Mega DHA,4.0,650.76
2024-04-01,Ômega 3 EPA DHA,2.0,147.25
2024-04-08,100% Whey Protein - Flavour,3.0,302.04
2024-04-08,Best Whey,1.0,161.12
2024-04-08,Creatina Micronizada,1.0,183.74
2024-04-08,Creatina Monohidratada,2.0,229.79
2024-04-08,Creatina Monohidratada - Creatine,1.0,100.99
2024-04-08,Creatina Monohidratada - Hardcore,1.0,98.85
2024-04-08,Gold Whey Concentrado Refil,1.0,110.77
2024-04-08,Omegafor Plus,2.0,268.44
2024-04-08,Refil Whey Protein Concentrado,1.0,85.6
2024-04-08,Whey Protein Isolado,1.0,110.77
2024-04-08,Whey Protein Isolado - Isofort,2.0,368.7
2024-04-08,Whey hidrolisado e isolado,2.0,402.8
2024-04-08,Ômega - Mega DHA,1.0,162.69
2024-04-08,Ômega 3 EPA DHA,4.0,361.0
2024-04-15,100% Whey Protein - Flavour,3.0,302.04
2024-04-15,Creatina Monohidratada,3.0,251.76
2024-04-15,Creatina Monohidratada - Creatine,2.0,201.98
2024-04-15,Creatina Monohidratada - Hardcore,1.0,98.85
2024-04-15,Glutamina - Glutamax,1.0,64.0
2024-04-15,Glutamina - Glutamax Refil,1.0,109.0
2024-04-15,Omegafor Plus,2.0,224.47
2024-04-15,Refil Whey Protein Concentrado,1.0,85.6
2024-04-15,Vegan Ômega 3 DHA,1.0,130.74
2024-04-15,Whey Protein Isolado - Isofort,2.0,363.96
2024-04-15,Ômega 3 EPA DHA,2.0,147.25
2024-04-15,Ômega 3 Super DHA,1.0,99.09
2024-04-22,100% Whey Protein - Flavour,7.0,704.76
2024-04-22,"Boraprim - Borragem, Prímula e Gergelim",1.0,33.25
2024-04-22,Coenzima Q10 (200mg p/ porção),1.0,99.75
2024-04-22,Colágeno Hidrolisado - Collagen Pro 18g,2.0,322.84
2024-04-22,Creatina Monohidratada,4.0,327.84
2024-04-22,Creatina Monohidratada - Creatine,1.0,100.99
2024-04-22,Creatina Monohidratada - Hardcore,2.0,197.7
2024-04-22,Energy Gel,2.0,99.18
2024-04-22,Gold Whey Concentrado Refil,1.0,110.77
2024-04-22,Magnésio Plus - 350mg,1.0,55.1
2024-04-22,Omegafor Plus,2.0,268.44
2024-04-22,Palatinose,1.0,52.25
2024-04-22,Probiótico - Simfort Plus,3.0,248.9
2024-04-22,Própolis Líquido - Gotas,1.0,30.4
2024-04-22,Vegan Protein - Vegano,1.0,121.23
2024-04-22,Whey,2.0,334.1
2024-04-22,Whey Protein 3W,1.0,171.19
2024-04-22,Whey Protein Isolado - Isofort,2.0,368.7
2024-04-22,Whey Protein Vegetal,1.0,96.67
2024-04-22,Whey hidrolisado e isolado,1.0,201.4
2024-04-22,Ômega 3 EPA DHA,9.0,497.11
2024-04-22,Ômegafor Vegan 400mg,1.0,95.47
2024-04-29,100% Whey Protein - Flavour,7.0,683.56
2024-04-29,100% Whey Pure,1.0,112.98
2024-04-29,BT Nitrato 400,1.0,159.03
2024-04-29,Best Whey,1.0,144.16
2024-04-29,Cafeína 200 mg - Termodop,1.0,37.23
2024-04-29,Coenzima Q10 (200mg p/ porção),1.0,99.75
2024-04-29,Coenzima Q10 - (100mg p/ porção),3.0,182.4
2024-04-29,Colágeno - Collagen Gut,1.0,185.25
2024-04-29,Creatina,2.0,166.16
2024-04-29,Creatina 1100mg,1.0,60.42
2024-04-29,Creatina Monohidratada,2.0,148.92
2024-04-29,Creatina Monohidratada - Hardcore,1.0,98.85
2024-04-29,Energy Gel,1.0,95.76
2024-04-29,Omegafor Plus,3.0,442.97
2024-04-29,Palatinose,3.0,155.99
2024-04-29,Probiótico - Simfort Plus,2.0,193.8
2024-04-29,Probióticos em Pó - Simfort,1.0,34.2
2024-04-29,Pré-Treino - V Fort Ultra,2.0,197.6
2024-04-29,Própolis Líquido - Gotas,1.0,31.35
2024-04-29,Simfort fibras,1.0,55.1
2024-04-29,Super Ômega 3,4.0,585.45
2024-04-29,Suplemento de Magnésio - Blue Calm,1.0,180.47
2024-04-29,Whey Protein Concentrado,2.0,324.83
2024-04-29,Whey Protein Crisp - Isocrisp,3.0,339.2
2024-04-29,Whey Protein Isolado - Isofort,3.0,531.53
2024-04-29,Ômega 3 EPA DHA,3.0,261.25
2024-05-06,100% Whey Pure,1.0,101.09
2024-05-06,Achocolatado - Choco Family - Refil,1.0,29.75
2024-05-06,Achocolatado - Chocoki,1.0,54.4
2024-05-06,Aminoácido - BCAA 3500,1.0,45.37
2024-05-06,Aminoácido N-acetil L-cisteína (NAC),1.0,57.8
2024-05-06,Beta Alanina,1.0,44.2
2024-05-06,Cafeína 200 mg - Termodop,1.0,33.31
2024-05-06,Chá Vitatea,1.0,43.35
2024-05-06,Coenzima Q10 (200mg p/ porção),1.0,54.4
2024-05-06,Colágeno - Collpure® - 450g,1.0,138.04
2024-05-06,Colágeno Hidrolisado - Collagen Pro 18g,1.0,144.43
2024-05-06,Creatina,2.0,148.67
2024-05-06,Creatina - Creafort (Creapure),4.0,561.0
2024-05-06,Creatina Monohidratada,11.0,741.03
2024-05-06,Creatina Monohidratada (Creapure),1.0,175.07
2024-05-06,Creatina Monohidratada - Creatine,3.0,271.08
2024-05-06,Creatina Monohidratada - Hardcore,3.0,265.32
2024-05-06,Glutamina - Glutamax,3.0,141.1
2024-05-06,Gold Whey Concentrado Refil,1.0,99.11
2024-05-06,Magnésio Plus - 350mg,1.0,49.3
2024-05-06,Melatonina em Gotas,1.0,32.3
2024-05-06,Multivitamínico - Vitalift,1.0,102.35
2024-05-06,Omegafor Plus,7.0,873.43
2024-05-06,Omegafor Vision,1.0,85.38
2024-05-06,Palatinose,1.0,48.87
2024-05-06,Probiótico - Simfort Plus,3.0,222.7
2024-05-06,Probióticos em Pó - Simfort,2.0,61.2
2024-05-06,Proteína Isolada e Hidrolisada - Body Protein Red,1.0,164.32
2024-05-06,Pré-Treino - V Fort Ultra,2.0,176.8
2024-05-06,Refil Whey Protein Isolado,1.0,189.21
2024-05-06,SuperCoffee,1.0,96.93
2024-05-06,Suplemento Alimentar - GUARDIAN®,1.0,180.97
2024-05-06,Suplemento para Cabelos e Unhas- Biocolin Hair,1.0,76.67
2024-05-06,Tasty Whey 3W Gourmet,1.0,135.15
2024-05-06,Vitamina D - Vita D3,1.0,38.25
2024-05-06,Whey,2.0,433.9
2024-05-06,Whey 100% - Proteína Concentrada,1.0,124.77
2024-05-06,Whey 100% Gold Standard,1.0,237.52
2024-05-06,Whey Protein 100% Elite,1.0,178.4
2024-05-06,Whey Protein Isolado,2.0,327.47
2024-05-06,Whey Protein Isolado - Isofort,5.0,822.63
2024-05-06,Whey Tech 100%,2.0,181.08
2024-05-06,Ômega - Mega DHA,1.0,145.56
2024-05-06,Ômega 3 EPA DHA,5.0,400.02
2024-05-13,100% Whey Protein - Flavour,3.0,270.24
2024-05-13,Adapto Whey 3W,1.0,144.16
2024-05-13,Aminoácido - Aminovita,2.0,241.4
2024-05-13,Aminoácido N-acetil L-cisteína (NAC),1.0,57.8
2024-05-13,Barrinha de Proteína,2.0,285.4
2024-05-13,Coenzima Q10 + Ômega 3 + Vitamina E,2.0,209.02
2024-05-13,Colágeno - Colagentek Beauty,1.0,85.0
2024-05-13,Colágeno - Colagentek Protein - Bodybalance,2.0,263.5
2024-05-13,Colágeno tipo 2 - Colagentek II,1.0,74.8
2024-05-13,Creatina,1.0,81.09
2024-05-13,Creatina - Creafort (Creapure),5.0,701.25
2024-05-13,Creatina 100% Pure,1.0,90.1
2024-05-13,Creatina Monohidratada,11.0,935.75
2024-05-13,Creatina Monohidratada (Creapure),1.0,158.43
2024-05-13,Creatina Monohidratada - Creatine,4.0,361.44
2024-05-13,Creatina Monohidratada - Hardcore,3.0,265.32
2024-05-13,Cúrcuma Plus,2.0,107.1
2024-05-13,Glutamina - Glutamax,2.0,108.8
2024-05-13,Glutamina Pure,1.0,99.3
2024-05-13,Gold Whey Concentrado Refil,2.0,198.22
2024-05-13,Isofort Plant (Life Vegan),1.0,91.8
2024-05-13,Magnésio Plus - 350mg,1.0,49.3
2024-05-13,Melatonina,1.0,32.3
2024-05-13,Omegafor Plus,10.0,1345.18
2024-05-13,Palatinose,2.0,97.74
2024-05-13,Probiótico - Simfort Plus,2.0,173.4
2024-05-13,Probióticos em Pó - Simfort,5.0,183.6
2024-05-13,Proteína Isolada e Hidrolisada - Body Protein,1.0,164.32
2024-05-13,Pré-Treino - V Fort Ultra,2.0,176.8
2024-05-13,Pré-Treino Energy ATP®,1.0,180.97
2024-05-13,Própolis Líquido - Gotas,1.0,31.35
2024-05-13,Super Ômega 3,1.0,85.68
2024-05-13,SuperCoffee,4.0,544.97
2024-05-13,Suplemento de Magnésio - Blue Calm,1.0,161.47
2024-05-13,Vegan Protein,1.0,108.47
2024-05-13,Vegan Protein - Vegano,1.0,108.47
2024-05-13,Vitamina C3 - 1000mg,1.0,39.1
2024-05-13,Vitamina D - Vita D3,6.0,229.5
2024-05-13,Vitamina D - Vita D3 + C + Zinco,3.0,147.9
2024-05-13,Whey,3.0,448.38
2024-05-13,Whey 100% - Proteína Concentrada,1.0,124.77
2024-05-13,Whey Fort 3W,1.0,242.25
2024-05-13,Whey Protein Crisp - Isocrisp,1.0,108.8
2024-05-13,Whey Protein Isolado,1.0,228.36
2024-05-13,Whey Protein Isolado - Isofort,1.0,167.07
2024-05-13,Whey Tech 100%,7.0,633.78
2024-05-13,Ômega 3 - Omegafor Memory,2.0,156.4
2024-05-13,Ômega 3 EPA DHA,11.0,864.5
2024-05-13,Ômega 3 Pulse,1.0,114.75
2024-05-20,#Whey Fort 3W,1.0,129.2
2024-05-20,100% Whey Pure,1.0,101.09
2024-05-20,Adapto Whey 3W,3.0,432.48
2024-05-20,Barrinha de Proteína Protein Crisp,3.0,233.34
2024-05-20,Beta Alanina Pure,1.0,66.3
2024-05-20,"Boraprim - Borragem, Prímula e Gergelim",3.0,148.75
2024-05-20,Coenzima Q10 + Ômega 3 + Vitamina E,1.0,104.51
2024-05-20,Colágeno - Colagentek II,1.0,74.8
2024-05-20,Colágeno - Collagen Gut,1.0,165.75
2024-05-20,Colágeno Hidrolisado - Collagen Pro 18g,1.0,144.43
2024-05-20,Colágeno tipo 2 - Colagentek II,2.0,149.6
2024-05-20,Creatina,2.0,148.67
2024-05-20,Creatina - Creapure,1.0,123.34
2024-05-20,Creatina Monohidratada,3.0,229.77
2024-05-20,Creatina Monohidratada (Creapure),3.0,475.29
2024-05-20,Creatina Monohidratada - Creatine,3.0,271.08
2024-05-20,Creatina Monohidratada - Hardcore,2.0,176.88
2024-05-20,Cúrcuma Plus,3.0,181.05
2024-05-20,Glutamina - Glutamax,3.0,141.1
2024-05-20,Glutamina em Pó,1.0,86.49
2024-05-20,L-Taurina - 1.000mg,1.0,50.15
2024-05-20,Melatonina em Gotas,1.0,32.3
2024-05-20,Multivitaminico  - Imunomult- 1000mg,1.0,102.0
2024-05-20,Omegafor Plus,10.0,1617.18
2024-05-20,Palatinose,3.0,144.49
2024-05-20,Probiótico - Simfort Plus,2.0,98.6
2024-05-20,Profem - Óleo de Prímula,1.0,79.9
2024-05-20,Proteína Isolada e Hidrolisada - Body Protein,2.0,328.64
2024-05-20,Super Ômega 3,1.0,85.68
2024-05-20,SuperCoffee,1.0,96.92
2024-05-20,Suplemento para Imunidade - Immune Up 100%,1.0,124.19
2024-05-20,Termogênico - Lipix6,1.0,83.3
2024-05-20,Vitamina D - Vita D3,2.0,78.2
2024-05-20,Whey Isolado Nectar,1.0,273.7
2024-05-20,Whey Protein 100% Concentrado,1.0,114.17
2024-05-20,Whey Protein 3W,1.0,153.17
2024-05-20,Whey Protein Concentrado,2.0,306.78
2024-05-20,Whey Protein Isolado,1.0,209.38
2024-05-20,Whey Protein Isolado - Isofort,4.0,782.0
2024-05-20,Whey Protein Isolado Muscle Guard,2.0,178.4
2024-05-20,Whey Tech 100%,6.0,543.24
2024-05-20,Ômega 3 + Coenzima Q10 - Omegavie,5.0,405.05
2024-05-20,Ômega 3 EPA DHA,8.0,739.03
2024-05-20,Ômegafor Vegan 400mg,1.0,85.42
2024-05-27,100% Whey Protein - Flavour,1.0,90.08
2024-05-27,100% Whey Pure,1.0,101.09
2024-05-27,Adapto Whey 3W,1.0,144.16
2024-05-27,Aminoácido - Aminovita,1.0,120.7
2024-05-27,Beta Alanina,1.0,45.9
2024-05-27,Beta Alanina 100%,1.0,41.73
2024-05-27,"Boraprim - Borragem, Prímula e Gergelim",2.0,119.0
2024-05-27,Coenzima  Q10 - 100mg,1.0,83.33
2024-05-27,Coenzima Q10 (200mg p/ porção),1.0,93.5
2024-05-27,Coenzima Q10 + Ômega 3 + Vitamina E,2.0,209.02
2024-05-27,Colágeno - Colagentek II,1.0,74.8
2024-05-27,Colágeno - Collagen Gut,1.0,165.75
2024-05-27,Creatina - Creafort (Creapure),2.0,280.5
2024-05-27,Creatina Monohidratada,5.0,360.67
2024-05-27,Creatina Monohidratada - Creatine,2.0,180.72
2024-05-27,Creatina Monohidratada - Hardcore,3.0,265.32
2024-05-27,Cúrcuma Plus,1.0,34.0
2024-05-27,Glutamina - Glutamax,1.0,54.4
2024-05-27,Grassfed Whey Protein,1.0,161.47
2024-05-27,L-Carnitina 530mg,1.0,76.5
2024-05-27,Magnésio Plus - 350mg,4.0,197.2
2024-05-27,Multivitamínico - Vitalift,2.0,204.7
2024-05-27,Omegafor Plus,7.0,761.95
2024-05-27,Palatinose,2.0,95.62
2024-05-27,Probiótico - Simfort Plus,1.0,86.7
2024-05-27,Super Ômega 3,3.0,475.24
2024-05-27,SuperCoffee,2.0,157.32
2024-05-27,Suplemento para Imunidade - Immune Up 100%,1.0,105.03
2024-05-27,Vegan Ômega 3 DHA,1.0,116.98
2024-05-27,Whey,2.0,298.92
2024-05-27,Whey Fort 3W,1.0,129.2
2024-05-27,Whey Protein 100% Gold,2.0,356.8
2024-05-27,Whey Protein Isolado Muscle Guard,1.0,89.2
2024-05-27,Whey Tech 100%,2.0,181.08
2024-05-27,Ômega 3 - Omegafor Memory,1.0,79.9
2024-05-27,Ômega 3 EPA DHA,3.0,182.75
2024-06-03,#Whey Fort 3W,1.0,129.2
2024-06-03,100% Whey Pure,2.0,202.18
2024-06-03,Achocolatado - Chocoki,2.0,100.44
2024-06-03,Aminoácido - Aminovita,3.0,328.95
2024-06-03,Aminoácido - Tryptophan,1.0,44.85
2024-06-03,Barrinha de Proteína Veganpro Bar,1.0,83.39
2024-06-03,Beta Alanina,1.0,45.9
2024-06-03,Beta Alanina 100%,1.0,41.73
2024-06-03,"Boraprim - Borragem, Prímula e Gergelim",2.0,89.25
2024-06-03,Chá Vitatea,1.0,43.35
2024-06-03,Coenzima Q10,1.0,77.19
2024-06-03,Coenzima Q10  (200mg p/ porção),2.0,323.0
2024-06-03,Coenzima Q10 + Ômega 3 + Vitamina E,2.0,209.02
2024-06-03,Coenzima Q10 - (100mg p/ porção),1.0,59.5
2024-06-03,Colágeno - Colagentek,1.0,66.3
2024-06-03,Colágeno - Colagentek II,1.0,74.8
2024-06-03,Colágeno - Colagentek Protein - Bodybalance,2.0,263.5
2024-06-03,Colágeno - Collpure® - 450g,1.0,138.04
2024-06-03,Creatina,1.0,81.09
2024-06-03,Creatina - Creafort (Creapure),1.0,140.25
2024-06-03,Creatina Monohidratada,3.0,229.77
2024-06-03,Creatina Monohidratada - Creatine,5.0,451.8
2024-06-03,Creatina Monohidratada - Hardcore,2.0,176.88
2024-06-03,Cúrcuma Plus,3.0,154.7
2024-06-03,Extrato de Própolis - Propolyz,1.0,22.2
2024-06-03,Ferro Quelato + Vitamina C,1.0,34.93
2024-06-03,Glutamina 100% Pure,1.0,54.71
2024-06-03,Isofort Plant (Life Vegan),1.0,91.8
2024-06-03,Maca Peruana,1.0,38.76
2024-06-03,Melatonina em Gotas,1.0,32.3
2024-06-03,Morning Shot - Imunidade,1.0,87.21
2024-06-03,Omegafor Plus,13.0,1734.22
2024-06-03,Omegafor Vision,1.0,85.38
2024-06-03,Palatinose,2.0,95.62
2024-06-03,Palatinose 100% - Carbolift,1.0,69.36
2024-06-03,Probiótico - Simcaps,1.0,38.25
2024-06-03,Probiótico - Simfort Plus,1.0,86.7
2024-06-03,Proteína Isolada e Hidrolisada - Body Protein,2.0,328.64
2024-06-03,Proteína Vegana - Immuno Veggie,1.0,163.03
2024-06-03,Proteína Vegana - One Nutrition,1.0,139.64
2024-06-03,Psyllium,2.0,129.23
2024-06-03,Simfort fibras,1.0,49.3
2024-06-03,Super Ômega 3,2.0,266.06
2024-06-03,SuperCoffee,1.0,96.93
2024-06-03,Suplemento Alimentar  - Hepatofor,2.0,127.5
2024-06-03,Termogênico - Lipix6,2.0,166.6
2024-06-03,Vegan Protein,1.0,108.47
2024-06-03,Vitamina B12,1.0,27.74
2024-06-03,Vitamina B12 - Vitadop,1.0,30.29
2024-06-03,Vitamina D - Vita D3,7.0,273.7
2024-06-03,Vitamina D - Vita D3 + C + Zinco,1.0,49.3
2024-06-03,Whey,3.0,583.63
2024-06-03,Whey Fort 3W,3.0,411.48
2024-06-03,Whey Isolado e Hidrolisado - H.I Whey,1.0,163.84
2024-06-03,Whey Protein 100% Elite,2.0,356.8
2024-06-03,Whey Protein Isofort UltraImuno,4.0,652.8
2024-06-03,Whey Protein Isolado,1.0,228.36
2024-06-03,Whey Protein Isolado - Isofort,2.0,391.0
2024-06-03,Whey Tech 100%,5.0,452.7
2024-06-03,Whey hidrolisado e isolado,2.0,360.4
2024-06-03,Óleo de Krill  - Ômega 3 EPA DHA,2.0,173.4
2024-06-03,Ômega 3 - 1360mg,1.0,100.57
2024-06-03,Ômega 3 - Omegafor Memory,1.0,79.9
2024-06-03,Ômega 3 EPA DHA,7.0,382.5
2024-06-03,Ômega 3 Pulse,1.0,114.75
2024-06-10,#Whey Fort 3W,1.0,129.2
2024-06-10,100% Whey Protein - Flavour,2.0,180.16
2024-06-10,100% Whey Pure,2.0,202.18
2024-06-10,Aminoácidos - Aminnu EAAs,1.0,180.97
2024-06-10,BT Nitrato 400,2.0,219.26
2024-06-10,Barra Chocolate 70%,1.0,24.65
2024-06-10,Barrinha de Proteína Choco Wheyfer,1.0,23.77
2024-06-10,Barrinha de Proteína Whey Grego - Havanna,2.0,195.64
2024-06-10,Beta Alanina,2.0,91.8
2024-06-10,Beta Alanina 100%,1.0,41.73
2024-06-10,"Boraprim - Borragem, Prímula e Gergelim",1.0,59.5
2024-06-10,Chlorella 400mg,1.0,77.97
2024-06-10,Coenzima Q10  (200mg p/ porção),1.0,161.5
2024-06-10,Colágeno - Colagentek,1.0,66.3
2024-06-10,Colágeno - Collagen Protein Hidrolisado,1.0,144.34
2024-06-10,Colágeno - Collagen Protein Hidrolisado Berries Silvestres 450g PURAVIDA,1.0,145.69
2024-06-10,Colágeno - Collagen Tipo II 40mg,1.0,67.94
2024-06-10,Combo com 4 Sachês SuperCoffee,1.0,22.47
2024-06-10,Combo com 4Barrinhas de Proteína Veganpro Bar,3.0,100.05
2024-06-10,Creatina,1.0,81.09
2024-06-10,Creatina - Creafort (Creapure),4.0,561.0
2024-06-10,Creatina Monohidratada,4.0,306.36
2024-06-10,Creatina Monohidratada - Creatine,4.0,361.44
2024-06-10,Creatina Monohidratada - Hardcore,2.0,176.88
2024-06-10,Cúrcuma Plus,1.0,60.35
2024-06-10,Energy Gel,1.0,79.48
2024-06-10,Ferro Quelato + Vitamina C,1.0,34.93
2024-06-10,Hipercalórico - Monsterone,1.0,92.59
2024-06-10,L-Taurina - 1.000mg,2.0,57.8
2024-06-10,Melatonina em Gotas,2.0,64.6
2024-06-10,Omegafor Plus,3.0,320.93
2024-06-10,Palatinose,2.0,95.62
2024-06-10,Probiótico - Simfort Plus,2.0,173.4
2024-06-10,Probióticos em Pó - Simfort,1.0,71.4
2024-06-10,Proteína Isolada e Hidrolisada - Body Protein,3.0,492.96
2024-06-10,Proteína Vegana - One Nutrition,2.0,279.28
2024-06-10,Pré-Treino - V Fort Ultra,1.0,88.4
2024-06-10,Própolis Líquido - Gotas,1.0,31.35
2024-06-10,Resveratrol Plus - 165mg,1.0,93.5
2024-06-10,Super Ômega 3,2.0,247.67
2024-06-10,SuperCoffee,2.0,298.7
2024-06-10,Tasty Whey 3W Gourmet,1.0,135.15
2024-06-10,Trio Magnésio 720mg,1.0,50.37
2024-06-10,Vegan Protein,1.0,108.47
2024-06-10,Vitamina - Good Mood,1.0,59.47
2024-06-10,Vitamina B12,2.0,61.6
2024-06-10,Vitamina D - Vita D3,2.0,78.2
2024-06-10,Vitamina D - Vita D3 + C + Zinco,1.0,49.3
2024-06-10,Vitamina D3 + K2,1.0,56.03
2024-06-10,Whey,5.0,990.41
2024-06-10,Whey 100% - Proteína Concentrada,1.0,124.77
2024-06-10,Whey Fort 3W,1.0,153.08
2024-06-10,Whey Isolado Nectar Sweets,1.0,279.64
2024-06-10,Whey Protein 100% Concentrado,1.0,90.08
2024-06-10,Whey Protein Concentrado,3.0,498.03
2024-06-10,Whey Protein Isolado,4.0,761.8
2024-06-10,Whey Protein Isolado - Isofort,3.0,616.25
2024-06-10,Whey Tech 100%,11.0,995.94
2024-06-10,Wheydop X,1.0,226.4
2024-06-10,Ômega 3 + Coenzima Q10 - Omegavie,1.0,81.01
2024-06-10,Ômega 3 - 1360mg,2.0,201.14
2024-06-10,Ômega 3 EPA DHA,7.0,401.51
2024-06-17,100% Whey Pure,2.0,202.18
2024-06-17,Achocolatado - Chocoki,1.0,50.22
2024-06-17,Aminoácido N-acetil L-cisteína (NAC),1.0,34.0
2024-06-17,BT Nitrato 400,1.0,109.63
2024-06-17,Barra Chocolate 40%,1.0,24.65
2024-06-17,Barra Chocolate 70%,1.0,24.65
2024-06-17,Barrinha de Proteína Protein Crisp,1.0,70.5
2024-06-17,Barrinha de Proteína Veganpro Bar,2.0,166.78
2024-06-17,"Boraprim - Borragem, Prímula e Gergelim",4.0,208.25
2024-06-17,Cafeína 200 mg - Termodop,1.0,33.31
2024-06-17,Chocolate 70% Cacau,2.0,46.76
2024-06-17,Coenzima Q10  (200mg p/ porção),1.0,161.5
2024-06-17,Coenzima Q10 (200mg p/ porção),1.0,93.5
2024-06-17,Coenzima Q10 + Ômega 3 + Vitamina E,2.0,209.02
2024-06-17,Coenzima Q10 - (100mg p/ porção),1.0,59.5
2024-06-17,Colágeno - Colagentek Protein - Bodybalance,2.0,263.5
2024-06-17,Colágeno - Collagen Renew Hidrolisado,1.0,62.71
2024-06-17,Colágeno Hidrolisado - Collagen Pro 18g,1.0,144.43
2024-06-17,Creatina,1.0,81.09
2024-06-17,Creatina - Creafort (Creapure),6.0,841.5
2024-06-17,Creatina 100% Pure,1.0,90.1
2024-06-17,Creatina Monohidratada,2.0,153.18
2024-06-17,Creatina Monohidratada - Creatine,6.0,542.16
2024-06-17,Creatina Monohidratada - Hardcore,2.0,176.88
2024-06-17,Creatina Premium - Creapure,1.0,199.36
2024-06-17,Cúrcuma,1.0,21.48
2024-06-17,Cúrcuma Plus,3.0,181.05
2024-06-17,Ferro Quelato + Vitamina C,1.0,34.93
2024-06-17,Glutamina,1.0,44.71
2024-06-17,Glutamina - Glutamax,1.0,54.4
2024-06-17,Glutamina - Glutamax Refil,1.0,92.65
2024-06-17,Melatonina - Sleepfor,1.0,49.3
2024-06-17,Omegafor Plus,7.0,851.09
2024-06-17,Palatinose,1.0,48.87
2024-06-17,Palatinose 100% - Carbolift,2.0,128.04
2024-06-17,Pasta de Amendoim + Whey,1.0,20.11
2024-06-17,Probiótico - Simfort Plus,4.0,234.6
2024-06-17,Proteína Isolada e Hidrolisada - Body Protein,3.0,492.96
2024-06-17,Proteína Isolada e Hidrolisada - Body Protein Red,1.0,164.32
2024-06-17,Psyllium,2.0,119.28
2024-06-17,Refil Whey 100% Pure,1.0,178.3
2024-06-17,Resveratrol Plus - 165mg,1.0,93.5
2024-06-17,Simfort fibras,1.0,49.3
2024-06-17,Super Ômega 3,5.0,675.72
2024-06-17,SuperCoffee,4.0,492.55
2024-06-17,Suplemento Alimentar  - Hepatofor,1.0,63.75
2024-06-17,Suplemento para Cabelos e Unhas- Biocolin Hair,1.0,76.67
2024-06-17,Tasty Whey 3W Gourmet,2.0,270.3
2024-06-17,Ultracoffee - Vegano,1.0,82.26
2024-06-17,Vegan Protein,1.0,108.47
2024-06-17,Vitamina D3 + K2,1.0,56.03
2024-06-17,Vitamina D3 - 2000 Ui,1.0,30.94
2024-06-17,Whey,6.0,877.28
2024-06-17,Whey 100% - Proteína Concentrada,1.0,124.77
2024-06-17,Whey Fort 3W,3.0,459.0
2024-06-17,Whey Protein 3W,1.0,153.17
2024-06-17,Whey Protein Concentrado,1.0,166.01
2024-06-17,Whey Protein Isolado,6.0,960.02
2024-06-17,Whey Protein Isolado - Isofort,4.0,901.0
2024-06-17,Whey Protein Isolado - Tasty Iso,1.0,168.7
2024-06-17,Whey Protein Isolado Muscle Guard,1.0,89.2
2024-06-17,Whey Tech 100%,9.0,814.86
2024-06-17,Whey hidrolisado e isolado,1.0,180.2
2024-06-17,Ômega -  Mega DHA,1.0,83.0
2024-06-17,Ômega 3 - 1360mg,1.0,100.57
2024-06-17,Ômega 3 - Omegafor Memory,1.0,79.9
2024-06-17,Ômega 3 EPA DHA,6.0,329.26
2024-06-17,Ômega 3 Pulse,1.0,114.75
2024-06-24,100% Whey Pure,4.0,404.36
2024-06-24,Aminoácido - Aminovita,3.0,295.8
2024-06-24,Arginofor - L-Arginina,1.0,57.8
2024-06-24,BT Nitrato 400,3.0,328.89
2024-06-24,BT Nitrato com cafeína,1.0,109.63
2024-06-24,Barrinha de Proteína,3.0,214.04
2024-06-24,Barrinha de Proteína Cleanpro Bar,1.0,83.39
2024-06-24,Barrinha de Proteína Tube,2.0,61.14
2024-06-24,Beta Alanina,3.0,137.7
2024-06-24,Beta Alanina 100%,1.0,41.73
2024-06-24,"Boraprim - Borragem, Prímula e Gergelim",1.0,59.5
2024-06-24,Coenzima Q10,1.0,75.45
2024-06-24,Coenzima Q10  (200mg p/ porção),2.0,323.0
2024-06-24,Coenzima Q10 (200mg p/ porção),1.0,93.5
2024-06-24,Coenzima Q10 + Ômega 3 + Vitamina E,1.0,104.51
2024-06-24,Colágeno - Colagentek II,3.0,224.4
2024-06-24,Colágeno - Colagentek Protein - Bodybalance,2.0,263.5
2024-06-24,Colágeno - Collagen Protein Hidrolisado,1.0,144.34
2024-06-24,Colágeno Hidrolisado - Collagen Pro 18g,2.0,288.86
2024-06-24,Combo com 4 Sachês SuperCoffee,2.0,44.94
2024-06-24,Complexo B 500mg,1.0,31.07
2024-06-24,Creatina,2.0,127.34
2024-06-24,Creatina - Creafort (Creapure),3.0,420.75
2024-06-24,Creatina - Creapure,1.0,123.34
2024-06-24,Creatina 100% Pure,2.0,180.2
2024-06-24,Creatina Monohidratada,7.0,675.72
2024-06-24,Creatina Monohidratada (Creapure),2.0,333.5
2024-06-24,Creatina Monohidratada - Creatine,5.0,451.8
2024-06-24,Creatina Monohidratada - Hardcore,3.0,265.32
2024-06-24,Cúrcuma 500mg,1.0,84.32
2024-06-24,Cúrcuma Plus,2.0,94.35
2024-06-24,Energy Gel,6.0,578.0
2024-06-24,Gel Neutro Fresh com Cafeína,3.0,83.94
2024-06-24,Gel Nitrato,2.0,51.66
2024-06-24,Glutamina - Glutadop,1.0,66.04
2024-06-24,Glutamina - Glutamax,3.0,163.2
2024-06-24,Glutamina - Glutamax Refil,2.0,185.3
2024-06-24,Isofort Plant (Life Vegan),1.0,91.8
2024-06-24,Magnésio Plus - 350mg,1.0,49.3
2024-06-24,Magnésio Quelato - Bio Mag,2.0,114.28
2024-06-24,Matchá - Chá Verde em Pó,1.0,63.87
2024-06-24,Melatonina - Sleepfor,1.0,49.3
2024-06-24,Melatonina em Gotas,1.0,32.3
2024-06-24,Morning Shot - Imunidade,1.0,101.92
2024-06-24,NAC 650mg,1.0,50.37
2024-06-24,Omegafor Plus,13.0,1655.54
2024-06-24,Palatinose,3.0,142.37
2024-06-24,Probiótico - Simcaps,1.0,57.8
2024-06-24,Probiótico - Simfort Plus,5.0,396.1
2024-06-24,Probióticos em Pó - Simfort,2.0,202.3
2024-06-24,Proteína Isolada e Hidrolisada - Body Protein,2.0,328.64
2024-06-24,Proteína Vegetal em Pó - Veganpro,1.0,109.74
2024-06-24,Pré-Treino,1.0,66.33
2024-06-24,Pré-Treino Turbo,1.0,86.73
2024-06-24,Própolis Verde - Premium 10mg,1.0,47.66
2024-06-24,Refil Whey 100% Pure,1.0,95.84
2024-06-24,Resveratrol Plus - 165mg,1.0,93.5
2024-06-24,Shot Matinal,1.0,61.69
2024-06-24,Simfort fibras,2.0,98.6
2024-06-24,Super Ômega 3,3.0,220.26
2024-06-24,SuperCoffee,3.0,377.36
2024-06-24,Termogênico - Lipix6,1.0,83.3
2024-06-24,Vitamina D - Vita D3,2.0,78.2
2024-06-24,Whey,1.0,149.46
2024-06-24,Whey 100% - Proteína Concentrada,1.0,124.77
2024-06-24,Whey 100% Gold Standard,1.0,237.52
2024-06-24,Whey Fort 3W,4.0,701.25
2024-06-24,Whey Protein 3W,2.0,306.34
2024-06-24,Whey Protein Concentrado,2.0,332.02
2024-06-24,Whey Protein Isolado,4.0,670.46
2024-06-24,Whey Protein Isolado - Isofort,3.0,675.75
2024-06-24,Whey Tech 100%,17.0,1539.18
2024-06-24,Whey hidrolisado e isolado,4.0,720.8
2024-06-24,Whey hidrolisado e isolado Creme Broule 837g TRUE SOURCE,1.0,180.2
2024-06-24,Wheydop ISO,1.0,179.69
2024-06-24,Ômega -  Mega DHA,1.0,83.0
2024-06-24,Ômega - Mega DHA,1.0,145.56
2024-06-24,Ômega 3 + Coenzima Q10 - Omegavie,1.0,81.01
2024-06-24,Ômega 3 DHA,1.0,121.11
2024-06-24,Ômega 3 EPA DHA,12.0,797.15
2024-06-24,Ômega 3 Pulse,1.0,114.75
2024-07-01,100% Whey Protein - Flavour,3.0,270.24
2024-07-01,100% Whey Protein Zero - Clinical,1.0,166.97
2024-07-01,100% Whey Pure,2.0,202.18
2024-07-01,100% Whey True Protein,2.0,325.54
2024-07-01,Achocolatado - Chocoki,1.0,50.22
2024-07-01,Aminoácido N-acetil L-cisteína (NAC),2.0,115.6
2024-07-01,Aminoácidos - Aminnu EAAs,1.0,180.97
2024-07-01,Barra Chocolate 70%,1.0,24.65
2024-07-01,Barrinha CHOKLERS CRISP - 12g,1.0,71.4
2024-07-01,Barrinha de Proteína,3.0,107.01
2024-07-01,Barrinha de Proteína Choco Wheyfer,1.0,23.77
2024-07-01,Barrinha de Proteína ChocoWheyfer,1.0,71.32
2024-07-01,Barrinha de Proteína Crunch,1.0,49.85
2024-07-01,Barrinha de Proteína Veganpro Bar,2.0,166.78
2024-07-01,Barrinha de Proteína Whey Grego - Havanna,1.0,86.4
2024-07-01,Biotina Plus,1.0,39.65
2024-07-01,"Boraprim - Borragem, Prímula e Gergelim",3.0,178.5
2024-07-01,Coenzima  Q10 - 100mg,1.0,83.33
2024-07-01,Coenzima Q10  (200mg p/ porção),1.0,161.5
2024-07-01,Coenzima Q10 (200mg p/ porção),1.0,93.5
2024-07-01,Colágeno - Colagentek Protein - Bodybalance,2.0,263.5
2024-07-01,Colágeno - Collagen Protein Hidrolisado,2.0,288.68
2024-07-01,Colágeno Hidrolisado - Collagen Pro 18g,1.0,144.43
2024-07-01,Combo com 4 Sachês SuperCoffee,2.0,44.94
2024-07-01,Cranberry,1.0,40.94
2024-07-01,Creatina,2.0,127.34
2024-07-01,Creatina - Creafort (Creapure),5.0,701.25
2024-07-01,Creatina 1100mg,1.0,54.06
2024-07-01,Creatina Monohidratada,5.0,373.94
2024-07-01,Creatina Monohidratada (Creapure),2.0,316.86
2024-07-01,Creatina Monohidratada -  Crealift (Creapure),1.0,213.41
2024-07-01,Creatina Monohidratada - Crea Pepto,1.0,75.22
2024-07-01,Creatina Monohidratada - Creatine,7.0,632.52
2024-07-01,Creatina Monohidratada - Hardcore,4.0,353.76
2024-07-01,Cromo Picolinato - 250mg,1.0,24.52
2024-07-01,Cálcio de Algas 1000mg,1.0,47.54
2024-07-01,Cúrcuma Plus,5.0,196.35
2024-07-01,Energy Gel,4.0,134.66
2024-07-01,Ferro Quelato + Vitamina C,4.0,139.72
2024-07-01,Gel Neutro Fresh com Cafeína,1.0,27.98
2024-07-01,Gel Nitrato,2.0,51.66
2024-07-01,Glutamina,1.0,33.76
2024-07-01,Glutamina - Glutamax,1.0,54.4
2024-07-01,Hipercalórico - Monsterone,1.0,92.59
2024-07-01,Isofort Plant (Life Vegan),1.0,91.8
2024-07-01,L-Taurina - 1.000mg,1.0,28.9
2024-07-01,Maca Peruana,1.0,38.76
2024-07-01,Maca Peruana 600mg,1.0,67.35
2024-07-01,Magnésio - Inositol Relief 3.0,3.0,479.1
2024-07-01,Magnésio - Quelato,1.0,21.34
2024-07-01,Melatonina - Sleepfor,1.0,49.3
2024-07-01,Omegafor Plus,9.0,1175.18
2024-07-01,Palatinose,2.0,93.5
2024-07-01,Polivitamínico - Berryki,1.0,54.4
2024-07-01,Probiótico - Simcaps,1.0,38.25
2024-07-01,Proteína Isolada e Hidrolisada - Body Protein,2.0,328.64
2024-07-01,Pré-Treino - V Fort Ultra,1.0,88.4
2024-07-01,Pré-treino Panic Pre Workout,1.0,128.39
2024-07-01,Própolis Verde - Premium 10mg,2.0,95.32
2024-07-01,Refil Whey 100% Pure,1.0,95.84
2024-07-01,Resveratrol Plus - 165mg,1.0,93.5
2024-07-01,Super Ômega 3,3.0,475.24
2024-07-01,Suplemento de Magnésio - Blue Calm,1.0,161.47
2024-07-01,Termogênico - Lipix6,1.0,49.83
2024-07-01,Vitamina - Good Mood,1.0,59.47
2024-07-01,Vitamina B12,3.0,87.75
2024-07-01,Vitamina C - Vitadop Ácido Ascórbico,1.0,30.29
2024-07-01,Vitamina D - Vita D3,1.0,39.1
2024-07-01,Vitamina D - Vita D3 + C + Zinco,2.0,81.6
2024-07-01,Vitamina D3 - 2000 Ui,1.0,30.94
2024-07-01,Whey,6.0,1029.64
2024-07-01,Whey 100% Gold Standard,1.0,245.17
2024-07-01,Whey Fort 3W,3.0,459.0
2024-07-01,Whey Protein Isolado,3.0,571.35
2024-07-01,Whey Protein Isolado - Isofort,3.0,675.75
2024-07-01,Whey Protein Isolado - Tasty Iso,1.0,168.7
2024-07-01,Whey Tech 100%,15.0,1358.1
2024-07-01,Wheydop ISO,2.0,421.86
2024-07-01,Wheydop X,1.0,226.4
2024-07-01,Ômega 3 EPA DHA,18.0,1166.44
2024-07-01,Ômega 3 Pulse,1.0,114.75
2024-07-01,Ômegafor Vegan 400mg,2.0,214.19
2024-07-08,100% Whey True Protein,2.0,325.54
2024-07-08,Achocolatado - Choco Family - Refil,1.0,29.75
2024-07-08,Aminoácido - Aminovita,2.0,175.1
2024-07-08,BT Nitrato 400,2.0,219.26
2024-07-08,Barrinha de Proteína,1.0,142.7
2024-07-08,Barrinha de Proteína Choco Wheyfer,1.0,23.77
2024-07-08,Barrinha de Proteína ChocoWheyfer,1.0,83.15
2024-07-08,Beta Alanina,1.0,45.9
2024-07-08,Bio Zinco,1.0,25.62
2024-07-08,"Boraprim - Borragem, Prímula e Gergelim",4.0,238.0
2024-07-08,Cappuccino Proteico,1.0,42.49
2024-07-08,Chá Vitatea,1.0,43.35
2024-07-08,Coenzima Q10,3.0,229.83
2024-07-08,Coenzima Q10 + Ômega 3 + Vitamina E,1.0,104.51
2024-07-08,Colágeno - Colagentek,1.0,66.3
2024-07-08,Colágeno - Colagentek II,1.0,74.8
2024-07-08,Colágeno - Colagentek Protein - Bodybalance,4.0,527.0
2024-07-08,Colágeno - Collagen Renew Hidrolisado,2.0,125.42
2024-07-08,Colágeno - Collagen Tipo II 40mg,3.0,203.82
2024-07-08,Colágeno Collagen Skin,2.0,244.8
2024-07-08,Colágeno Hidrolisado - Collagen Pro 18g,2.0,288.86
2024-07-08,Combo com 4 Sachês SuperCoffee,1.0,22.47
2024-07-08,Creatina - Creafort (Creapure),6.0,841.5
2024-07-08,Creatina - Creapure,1.0,123.34
2024-07-08,Creatina 100% Pure,2.0,180.2
2024-07-08,Creatina Micronizada,2.0,392.64
2024-07-08,Creatina Monohidratada,5.0,382.95
2024-07-08,Creatina Monohidratada - Crea Pepto,2.0,150.44
2024-07-08,Creatina Monohidratada - Creatine,8.0,722.88
2024-07-08,Cúrcuma 500mg,2.0,168.64
2024-07-08,Cúrcuma Plus,5.0,275.4
2024-07-08,Energy Gel - Endurance,1.0,23.8
2024-07-08,Energy Shot Gel,1.0,50.07
2024-07-08,Enzima - Enzyfor,1.0,44.2
2024-07-08,Extrato de Laranja Moro 400mg,1.0,84.32
2024-07-08,Ferro,1.0,15.45
2024-07-08,Fresh Whey,2.0,337.64
2024-07-08,Gel Nitrato,2.0,51.66
2024-07-08,Gel Nitrato c/ Cafeína,1.0,35.53
2024-07-08,Glutamina,1.0,57.04
2024-07-08,Glutamina - Glutamax,4.0,217.6
2024-07-08,Isofort Plant (Life Vegan),1.0,91.8
2024-07-08,Magnésio Dimalato,1.0,45.22
2024-07-08,Magnésio Quelato - Bio Mag,1.0,57.14
2024-07-08,Melatonina - Sleepfor,1.0,49.3
2024-07-08,Multivitaminico  - Imunomult- 1000mg,1.0,102.0
2024-07-08,Multivitaminico - Imunomult- 1000mg,3.0,201.45
2024-07-08,Nootrópico - Brain Up,1.0,137.3
2024-07-08,Omegafor Plus,12.0,1367.63
2024-07-08,Palatinose,1.0,48.87
2024-07-08,Probiótico - Simfort Plus,6.0,445.4
2024-07-08,Probióticos em Pó - Simfort,1.0,130.9
2024-07-08,Proteína Isolada e Hidrolisada - Body Protein,1.0,164.32
2024-07-08,Proteína Isolada e Hidrolisada - Body Protein Red,2.0,328.64
2024-07-08,Proteína Vegetal em Pó - Veganpro,2.0,219.48
2024-07-08,Pré-Treino Turbo,1.0,86.73
2024-07-08,Própolis Líquido - Gotas,3.0,94.05
2024-07-08,Própolis Verde - Premium 10mg,2.0,95.32
2024-07-08,Psyllium,3.0,157.87
2024-07-08,Refil Whey 100% Pure,1.0,95.84
2024-07-08,Resveratrol 500mg,1.0,67.35
2024-07-08,Simfort fibras,3.0,147.9
2024-07-08,Super Ômega 3,1.0,180.38
2024-07-08,SuperCoffee,2.0,266.68
2024-07-08,Suplemento Alimentar - GUARDIAN®,1.0,180.97
2024-07-08,Suplemento para Imunidade - Immune Up 100%,1.0,105.03
2024-07-08,Termogênico - Lipix6,1.0,83.3
2024-07-08,Ultracoffee - Vegano,1.0,82.26
2024-07-08,Vegan Ômega 3 DHA,1.0,112.18
2024-07-08,Vitamina B12,2.0,67.72
2024-07-08,Vitamina D - Vita D3,6.0,234.6
2024-07-08,Vitamina D - Vita D3 + C + Zinco,1.0,49.3
2024-07-08,Vitamina K2- Menaquinona,1.0,53.17
2024-07-08,Whey,7.0,1028.14
2024-07-08,Whey 100% - Proteína Concentrada,1.0,124.77
2024-07-08,Whey Fort 3W,2.0,306.0
2024-07-08,Whey Protein Concentrado,2.0,332.02
2024-07-08,Whey Protein Isolado,5.0,905.43
2024-07-08,Whey Protein Isolado - Isofort,5.0,1126.25
2024-07-08,Whey Tech 100%,8.0,724.32
2024-07-08,Whey hidrolisado e isolado,2.0,360.4
2024-07-08,Whey hidrolisado e isolado Creme Broule 837g TRUE SOURCE,1.0,180.2
2024-07-08,Óleo de Prímula - 500mg,1.0,29.33
2024-07-08,Ômega 3 - Omegafor Memory,1.0,79.9
2024-07-08,Ômega 3 DHA,1.0,121.11
2024-07-08,Ômega 3 EPA DHA,16.0,885.86
2024-07-08,Ômega 3 Pulse,1.0,114.75
2024-07-15,100% Whey Protein - Flavour,1.0,90.08
2024-07-15,100% Whey Pure,3.0,303.27
2024-07-15,100% Whey True Protein,1.0,151.49
2024-07-15,Aminoácido N-acetil L-cisteína (NAC),2.0,91.8
2024-07-15,BT Nitrato 400,1.0,109.63
2024-07-15,Barra Double,1.0,18.41
2024-07-15,Barrinha de Proteína,2.0,65.25
2024-07-15,Barrinha de Proteína Choco Wheyfer,4.0,153.33
2024-07-15,Barrinha de Proteína ChocoWheyfer,1.0,83.15
2024-07-15,Barrinha de Proteína Tube,1.0,30.57
2024-07-15,Barrinha de Proteína Whey Grego - Havanna,3.0,259.2
2024-07-15,Beta Alanina,3.0,137.7
2024-07-15,Bio Zinco,2.0,51.24
2024-07-15,"Boraprim - Borragem, Prímula e Gergelim",2.0,125.8
2024-07-15,Coenzima Q10 (200mg p/ porção),1.0,93.5
2024-07-15,Coenzima Q10 + Ômega 3 + Vitamina E,2.0,209.02
2024-07-15,Colosfort,1.0,193.8
2024-07-15,Colágeno - Colagentek,3.0,198.9
2024-07-15,Cranberry - She She Comfort,1.0,61.69
2024-07-15,Creatina,2.0,127.34
2024-07-15,Creatina - Creafort (Creapure),8.0,1122.0
2024-07-15,Creatina 100% Pure,1.0,90.1
2024-07-15,Creatina Monohidratada,11.0,867.08
2024-07-15,Creatina Monohidratada - Creadop Serie Sport,2.0,206.82
2024-07-15,Creatina Monohidratada - Creatine,6.0,542.16
2024-07-15,Creatina Monohidratada - Hardcore,2.0,176.88
2024-07-15,Cromo Picolinato - 250mg,1.0,24.52
2024-07-15,Cálcio de Algas 1000mg,1.0,47.54
2024-07-15,Cúrcuma Plus,1.0,60.35
2024-07-15,Energy Gel,4.0,242.77
2024-07-15,Enzima - Enzyfor,1.0,44.2
2024-07-15,Enzimas Enzyfor,1.0,110.5
2024-07-15,Extrato de Laranja Moro 400mg,1.0,84.32
2024-07-15,Fresh Whey,1.0,146.8
2024-07-15,Glutamina,5.0,251.75
2024-07-15,Glutamina - Glutamax,1.0,32.3
2024-07-15,Maca Peruana,3.0,107.37
2024-07-15,Maca Peruana 2000mg,1.0,66.43
2024-07-15,Magnésio,1.0,41.79
2024-07-15,Magnésio - 3MAG - Pool de Magnésio,3.0,83.34
2024-07-15,Magnésio - Inositol Relief 3.0,2.0,319.4
2024-07-15,Magnésio Dimalato,2.0,90.44
2024-07-15,Magnésio Plus - 350mg,6.0,325.55
2024-07-15,Magnésio Plus 900mg,1.0,73.18
2024-07-15,Magnésio Quelato - Bio Mag,1.0,57.14
2024-07-15,Magnésio de Malato,1.0,21.34
2024-07-15,Matchá - Chá Verde em Pó,1.0,63.87
2024-07-15,Melatonina - Sleepfor,1.0,49.3
2024-07-15,Morning Shot - Imunidade,3.0,291.05
2024-07-15,Multivitaminico - Imunomult- 1000mg,2.0,134.3
2024-07-15,Omegafor Plus,13.0,1616.2
2024-07-15,Omegafor Vision,1.0,85.38
2024-07-15,Palatinose,3.0,124.03
2024-07-15,Probiótico - Simcaps,1.0,57.8
2024-07-15,Proteína Isolada e Hidrolisada - Body Protein,3.0,492.96
2024-07-15,Proteína Isolada e Hidrolisada - Body Protein Red,1.0,164.32
2024-07-15,Pré-Treino - V Fort Ultra,1.0,88.4
2024-07-15,Pré-treino Panic Pre Workout,1.0,83.35
2024-07-15,Própolis Verde - Premium 10mg,2.0,95.32
2024-07-15,Refil 100% Whey - Tasty Iso,2.0,656.94
2024-07-15,Refil Whey 100% Pure,5.0,479.2
2024-07-15,Resveratrol 500mg,1.0,67.35
2024-07-15,Shot Matinal,1.0,61.69
2024-07-15,Simfort fibras,1.0,49.3
2024-07-15,SuperCoffee,5.0,641.4
2024-07-15,Suplemento Alimentar - GUARDIAN®,1.0,180.97
2024-07-15,Suplemento para Cabelos e Unhas- Biocolin Hair,1.0,76.67
2024-07-15,Tasty Whey 3W Gourmet,1.0,135.15
2024-07-15,Termogênico - Lipix6,1.0,83.3
2024-07-15,Termogênico - Termo Plus,1.0,97.75
2024-07-15,Tortinha Proteica,2.0,67.82
2024-07-15,Trio Magnésio 720mg,1.0,50.37
2024-07-15,Vegan Protein,1.0,108.47
2024-07-15,Vitamina B12,2.0,61.6
2024-07-15,Vitamina C + Zinco - Gomas,3.0,134.13
2024-07-15,Vitamina C3 - 1000mg,1.0,68.0
2024-07-15,Vitamina D - Vita D3,6.0,234.6
2024-07-15,Vitamina D - Vita D3 + C + Zinco,1.0,49.3
2024-07-15,Vitamina D3 + K2 Gotas,1.0,61.8
2024-07-15,Whey,4.0,732.12
2024-07-15,Whey - Isocrisp Pouch,1.0,75.65
2024-07-15,Whey Fort 3W,2.0,484.5
2024-07-15,Whey Protein - 3W,1.0,161.38
2024-07-15,Whey Protein 100% - Refil,1.0,127.5
2024-07-15,Whey Protein 3W,1.0,153.17
2024-07-15,Whey Protein Concentrado,2.0,332.02
2024-07-15,Whey Protein Isolado,7.0,1287.97
2024-07-15,Whey Protein Isolado - Isofort,4.0,935.0
2024-07-15,Whey Tech 100%,15.0,1410.94
2024-07-15,Óleo de Krill  - Ômega 3 EPA DHA,1.0,86.7
2024-07-15,Ômega - Mega DHA,1.0,145.56
2024-07-15,Ômega 3 + Coenzima Q10 - Omegavie,1.0,81.01
2024-07-15,Ômega 3 - Omegafor Memory,5.0,399.5
2024-07-15,Ômega 3 EPA DHA,14.0,1013.24
2024-07-15,Ômega 3 Pulse,3.0,344.25
2024-07-15,Ômega 3 Super DHA - BIG N,1.0,71.2
2024-07-15,Ômegafor Vegan 400mg,1.0,128.77
2024-07-22,100% Whey Pure,3.0,305.09
2024-07-22,Aminoácido N-acetil L-cisteína (NAC),2.0,115.6
2024-07-22,Barrinha de Proteína,10.0,308.63
2024-07-22,Barrinha de Proteína Collagen Bar,1.0,101.14
2024-07-22,Barrinha de Proteína Protein Crisp,2.0,141.0
2024-07-22,Barrinha de Proteína Veganpro Bar,1.0,83.39
2024-07-22,Bio Zinco,1.0,25.62
2024-07-22,"Boraprim - Borragem, Prímula e Gergelim",1.0,66.3
2024-07-22,Coenzima Q10,1.0,77.19
2024-07-22,Coenzima Q10  (200mg p/ porção),2.0,323.0
2024-07-22,Coenzima Q10 + Ômega 3 + Vitamina E,3.0,336.52
2024-07-22,Combo com 4 Sachês SuperCoffee,1.0,22.47
2024-07-22,Complexo B 500mg,1.0,31.07
2024-07-22,Creatina - Creafort (Creapure),4.0,572.25
2024-07-22,Creatina 100% Pure,1.0,90.1
2024-07-22,Creatina Monohidratada,6.0,462.25
2024-07-22,Creatina Monohidratada - Creadop Serie Sport,1.0,83.32
2024-07-22,Creatina Monohidratada - Creatine,7.0,696.32
2024-07-22,Cúrcuma Plus,5.0,249.05
2024-07-22,Energy Gel,2.0,171.28
2024-07-22,Feno Grego + Boro 500mg,1.0,78.67
2024-07-22,Fibra - Fosvita,1.0,54.4
2024-07-22,Fresh Whey,1.0,146.8
2024-07-22,Glutamina - Glutamax Refil,1.0,97.75
2024-07-22,Magnésio,1.0,41.79
2024-07-22,Magnésio - Bio Trimag,1.0,58.11
2024-07-22,Magnésio - Inositol Relief 3.0,2.0,319.4
2024-07-22,Magnésio - Quelato,1.0,21.34
2024-07-22,Magnésio Plus - 350mg,1.0,55.25
2024-07-22,Magnésio Plus 900mg,1.0,73.18
2024-07-22,Melatonina,1.0,39.05
2024-07-22,Multivitaminico  - Imunomult- 1000mg,2.0,204.0
2024-07-22,Multivitamínico - Vitalift,1.0,102.35
2024-07-22,Nootrópico - Brain Up Am/Pm  60 caps TRUE SOURCE,1.0,137.3
2024-07-22,Omegafor Plus,5.0,725.03
2024-07-22,Palatinose,3.0,121.91
2024-07-22,Pasta de Amendoim + Whey,2.0,40.22
2024-07-22,Probiótico - Simcaps,1.0,57.8
2024-07-22,Probiótico - Simfort Plus,1.0,49.3
2024-07-22,Probióticos em Pó - Simfort,2.0,202.3
2024-07-22,Proteína Isolada e Hidrolisada - Body Protein,1.0,164.32
2024-07-22,Pré-Treino - V Fort Ultra,5.0,442.0
2024-07-22,Pré-treino Panic Pre Workout,1.0,83.35
2024-07-22,Própolis Líquido - Gotas,2.0,62.7
2024-07-22,Psyllium,3.0,178.92
2024-07-22,Refil Whey 100% Pure,2.0,191.68
2024-07-22,Super Ômega 3,4.0,655.62
2024-07-22,SuperCoffee,2.0,238.82
2024-07-22,Suplemento Alimentar  - Hepatofor,1.0,63.75
2024-07-22,"Suplemento Alimentar - Cabelo, Pele e Unha - Gomas",1.0,61.69
2024-07-22,Suplemento para Cabelos e Unhas- Biocolin Hair,1.0,73.02
2024-07-22,Tablete de Doce,1.0,22.1
2024-07-22,Tasty Whey 3W Gourmet,3.0,423.09
2024-07-22,Termogênico - Lipix6,2.0,133.13
2024-07-22,Tortinha Proteica,1.0,33.91
2024-07-22,Vitamina - Good Mood,1.0,59.47
2024-07-22,Vitamina B12,3.0,95.88
2024-07-22,Vitamina B12 - Vitadop,2.0,60.58
2024-07-22,Vitamina C - Bio Vit C+,1.0,50.97
2024-07-22,Vitamina D - Vita D3,3.0,117.3
2024-07-22,Vitamina D - Vita D3 + C + Zinco,4.0,180.2
2024-07-22,Vitamina D3 + K2 Gotas,1.0,55.37
2024-07-22,Whey,5.0,872.54
2024-07-22,Whey - Isocrisp Pouch,1.0,75.65
2024-07-22,Whey Fort 3W,1.0,331.5
2024-07-22,Whey Protein 100% Elite,1.0,178.4
2024-07-22,Whey Protein Concentrado,7.0,850.13
2024-07-22,Whey Protein Concentrado Cappuccino 900g DUX,3.0,342.06
2024-07-22,Whey Protein Isolado,8.0,1508.8
2024-07-22,Whey Protein Isolado - Isofort,1.0,242.25
2024-07-22,Whey Tech 100%,4.0,467.84
2024-07-22,Whey hidrolisado e isolado,1.0,180.2
2024-07-22,Whey hidrolisado e isolado Creme Broule 837g TRUE SOURCE,1.0,180.2
2024-07-22,Ômega -  Mega DHA,1.0,83.0
2024-07-22,Ômega - Mega DHA,1.0,145.56
2024-07-22,Ômega 3 - 1360mg,3.0,301.71
2024-07-22,Ômega 3 - Vision Care,1.0,62.62
2024-07-22,Ômega 3 EPA DHA,7.0,677.63
2024-07-22,Ômega 3 Pulse,2.0,187.8
2024-07-22,Ômega 3 Super DHA - BIG N,3.0,213.6
2024-07-29,100% Whey Protein - Flavour,1.0,90.08
2024-07-29,100% Whey Pure,1.0,102.0
2024-07-29,100% Whey True Protein,1.0,151.49
2024-07-29,Achocolatado - Choco Family - Refil,1.0,29.75
2024-07-29,Aminoácido - Aminovita,1.0,87.55
2024-07-29,BT 400,3.0,447.87
2024-07-29,BT Nitrato 400,1.0,109.63
2024-07-29,BT Nitrato com cafeína,1.0,109.63
2024-07-29,Barra Double,1.0,18.41
2024-07-29,Barrinha de Proteína,7.0,326.27
2024-07-29,Barrinha de Proteína Choco Wheyfer,1.0,81.99
2024-07-29,Barrinha de Proteína ChocoWheyfer,1.0,83.15
2024-07-29,Barrinha de Proteína Protein Crisp,2.0,147.9
2024-07-29,Barrinha de Proteína Whey Grego - Havanna,1.0,86.4
2024-07-29,Beta Alanina,1.0,45.9
2024-07-29,Beta Alanina Pure,1.0,66.3
2024-07-29,"Boraprim - Borragem, Prímula e Gergelim",2.0,132.6
2024-07-29,Coenzima Q10,3.0,231.57
2024-07-29,Colágeno - Collagen Renew Hidrolisado,1.0,62.71
2024-07-29,Colágeno Hidrolisado + Ácido Hialurônico,1.0,60.31
2024-07-29,Colágeno Tipo II - Chondro,1.0,109.68
2024-07-29,Combo com 4 Sachês SuperCoffee,1.0,27.37
2024-07-29,Creatina,2.0,255.0
2024-07-29,Creatina - Creafort (Creapure),1.0,165.0
2024-07-29,Creatina 100% Pure,2.0,180.2
2024-07-29,Creatina Monohidratada,6.0,550.09
2024-07-29,Creatina Monohidratada -  Crealift (Creapure),1.0,213.41
2024-07-29,Creatina Monohidratada - Creadop Serie Sport,2.0,166.64
2024-07-29,Creatina Monohidratada - Creatine,3.0,318.93
2024-07-29,Creatina Monohidratada - Hardcore,2.0,208.1
2024-07-29,Cromo Picolinato - 250mg,1.0,24.52
2024-07-29,Cúrcuma Plus,5.0,249.05
2024-07-29,Energy Gel,6.0,275.34
2024-07-29,Fibra - Fosvita,1.0,54.4
2024-07-29,Fresh Whey,3.0,440.4
2024-07-29,Gel Nitrato,1.0,25.83
2024-07-29,Gel Nitrato c/ Cafeína,1.0,35.53
2024-07-29,Glutamina,3.0,171.12
2024-07-29,Glutamina - Glutamax,2.0,64.6
2024-07-29,Magnésio - Bio Trimag,2.0,116.22
2024-07-29,Magnésio - Inositol Relief 3.0,1.0,159.7
2024-07-29,Matchá - Chá Verde em Pó,1.0,63.87
2024-07-29,Morning Shot - Imunidade,1.0,101.92
2024-07-29,Multivitaminico  - Imunomult- 1000mg,1.0,102.0
2024-07-29,Multivitamínico - Vitalift,1.0,102.35
2024-07-29,Omegafor Plus,4.0,753.28
2024-07-29,Palatinose,2.0,84.33
2024-07-29,Probiótico - Simfort Plus,4.0,197.2
2024-07-29,Probióticos em Pó - Simfort,1.0,130.9
2024-07-29,Proteína - Isocrisp Plant Pouch,1.0,57.8
2024-07-29,Proteína Vegetal em Pó - Veganpro,1.0,109.74
2024-07-29,Própolis Líquido - Gotas,1.0,31.35
2024-07-29,Resveratrol - Resveramax,1.0,140.95
2024-07-29,Sleep,2.0,237.66
2024-07-29,SuperCoffee,2.0,298.7
2024-07-29,Termogênico - Lipix6,1.0,83.3
2024-07-29,Tortinha Proteica,2.0,67.82
2024-07-29,Vegan Protein - Vegano,1.0,106.05
2024-07-29,Vitamina B12,1.0,32.27
2024-07-29,Vitamina C - Antioxidante,1.0,16.97
2024-07-29,Vitamina D - Vita D3,7.0,273.7
2024-07-29,Vitamina D - Vita D3 + C + Zinco,5.0,246.5
2024-07-29,Vitamina D3 + K2,2.0,112.06
2024-07-29,Vitamina D3 + K2 Gotas,1.0,55.37
2024-07-29,Whey,5.0,873.24
2024-07-29,Whey 100% - Proteína Concentrada,1.0,124.77
2024-07-29,Whey Fort 3W,3.0,497.25
2024-07-29,Whey Protein 3W,1.0,153.17
2024-07-29,Whey Protein Concentrado,15.0,1730.42
2024-07-29,Whey Protein Concentrado Cappuccino 900g DUX,3.0,342.06
2024-07-29,Whey Protein Isolado,11.0,1935.84
2024-07-29,Whey Protein Isolado - Isofort,1.0,242.25
2024-07-29,Whey Tech 100%,2.0,254.56
2024-07-29,Whey hidrolisado e isolado,1.0,180.2
2024-07-29,Whey hidrolisado e isolado Creme Broule 837g TRUE SOURCE,1.0,180.2
2024-07-29,Óleo de Krill  - Ômega 3 EPA DHA,1.0,86.7
2024-07-29,Ômega 3 - 1360mg,2.0,201.14
2024-07-29,Ômega 3 - Omegafor Memory,1.0,79.9
2024-07-29,Ômega 3 DHA,1.0,121.11
2024-07-29,Ômega 3 EPA DHA,4.0,330.91
2024-07-29,Ômega 3 Pulse,2.0,187.8
2024-07-29,Ômega 3 Super DHA - BIG N,4.0,284.8
2024-08-05,100% Whey Pure,3.0,306.0
2024-08-05,Achocolatado - Choco Family - Refil,2.0,59.5
2024-08-05,Achocolatado - Chocoki,1.0,50.22
2024-08-05,Aminoácido - BCAA 3500,1.0,45.37
2024-08-05,BT Nitrato 400,1.0,109.63
2024-08-05,Barrinha de Proteína,4.0,118.32
2024-08-05,Barrinha de Proteína Cleanpro Bar,1.0,83.39
2024-08-05,Beta Alanina,1.0,45.9
2024-08-05,Bombom,1.0,33.24
2024-08-05,"Boraprim - Borragem, Prímula e Gergelim",3.0,170.85
2024-08-05,Cappuccino Proteico,3.0,127.47
2024-08-05,Chlorella 400mg,1.0,77.97
2024-08-05,Chá Vitatea,2.0,86.7
2024-08-05,Coenzima Q10,1.0,77.19
2024-08-05,Coenzima Q10  (200mg p/ porção),2.0,323.0
2024-08-05,Coenzima Q10 (200mg p/ porção),1.0,93.5
2024-08-05,Coenzima Q10 - (100mg p/ porção),1.0,59.5
2024-08-05,Colágeno - Colagentek,1.0,66.3
2024-08-05,Colágeno - Colagentek Protein - Bodybalance,4.0,527.0
2024-08-05,Colágeno - Collagen Gut,2.0,331.5
2024-08-05,Colágeno - Collagen Protein Hidrolisado,1.0,144.34
2024-08-05,Colágeno - Collagen Renew Hidrolisado,2.0,125.42
2024-08-05,Creatina,2.0,255.0
2024-08-05,Creatina - Creafort (Creapure),2.0,330.0
2024-08-05,Creatina 100% Pure,1.0,90.1
2024-08-05,Creatina Monohidratada,4.0,356.22
2024-08-05,Creatina Monohidratada -  Crealift (Creapure),1.0,213.41
2024-08-05,Creatina Monohidratada - Creatine,5.0,531.55
2024-08-05,Creatina Monohidratada - Hardcore,1.0,104.05
2024-08-05,Cálcio de Algas 1000mg,1.0,47.54
2024-08-05,Cúrcuma Plus,3.0,181.05
2024-08-05,Energy Gel,4.0,308.66
2024-08-05,Enzima - Enzyfor,1.0,44.2
2024-08-05,Enzima Lactase - Laczyme,1.0,49.3
2024-08-05,Feno Grego + Boro 500mg,2.0,157.34
2024-08-05,Ferro,2.0,30.9
2024-08-05,Fresh Whey,3.0,440.4
2024-08-05,Gel Nitrato,7.0,180.81
2024-08-05,Gel Nitrato c/ Cafeína,2.0,71.06
2024-08-05,Glutamina - Glutamax,1.0,32.3
2024-08-05,Isofort Plant (Life Vegan),4.0,367.2
2024-08-05,Maca Peruana,1.0,35.79
2024-08-05,Maca Peruana 600mg,1.0,67.35
2024-08-05,Magnésio - Bio Trimag,1.0,58.11
2024-08-05,Magnésio - Inositol Relief 3.0,2.0,375.76
2024-08-05,Melatonina,1.0,39.05
2024-08-05,Melatonina - Sleepfor,1.0,49.3
2024-08-05,Melatonina em Gotas,3.0,96.9
2024-08-05,Omegafor Plus,10.0,1415.84
2024-08-05,Palatinose,3.0,112.74
2024-08-05,Pasta de Amendoim + Whey,1.0,20.11
2024-08-05,Paçoquinha,1.0,22.73
2024-08-05,Probiótico - Simfort Plus,4.0,197.2
2024-08-05,Profem - Óleo de Prímula,1.0,84.15
2024-08-05,Proteína Isolada e Hidrolisada - Body Protein,4.0,657.28
2024-08-05,Proteína Isolada e Hidrolisada - Body Protein Red,1.0,164.32
2024-08-05,Proteína Isolada e Hidrolisada - Raptor HP,1.0,172.79
2024-08-05,Proteína Vegana - Immuno Veggie,1.0,163.03
2024-08-05,Pré-Treino - V Fort Ultra,1.0,88.4
2024-08-05,Pré-Treino Energy ATP®,1.0,158.02
2024-08-05,Pré-treino Panic Pre Workout,1.0,83.35
2024-08-05,Própolis Verde - Premium 10mg,3.0,142.98
2024-08-05,Psyllium,1.0,57.8
2024-08-05,Refil Whey Protein Concentrado,1.0,166.17
2024-08-05,Resveratrol Plus - 165mg,1.0,93.5
2024-08-05,Simfort fibras,1.0,49.3
2024-08-05,Super Ômega 3,4.0,535.06
2024-08-05,SuperCoffee,5.0,556.3
2024-08-05,Suplemento Alimentar  - Hepatofor,1.0,63.75
2024-08-05,"Suplemento Alimentar - Cabelo, Pele e Unha - Gomas",1.0,61.69
2024-08-05,Suplemento Alimentar - GUARDIAN®,3.0,474.06
2024-08-05,Tablete de Doce,1.0,27.13
2024-08-05,Trio Magnésio 720mg,1.0,50.37
2024-08-05,Vitamina - Good Mood,1.0,59.47
2024-08-05,Vitamina C - Antioxidante,1.0,16.97
2024-08-05,Vitamina D - Vita D3,4.0,156.4
2024-08-05,Vitamina D - Vita D3 + C + Zinco,2.0,98.6
2024-08-05,Vitamina D3 Synergy,2.0,89.78
2024-08-05,"Vitaminas A, E, D e K2- RESTAURE® - Gotas",1.0,134.98
2024-08-05,Whey,5.0,791.56
2024-08-05,Whey - Isocrisp Pouch,2.0,151.3
2024-08-05,Whey Isolado Nectar,1.0,270.62
2024-08-05,Whey Protein 100% Gold,1.0,198.98
2024-08-05,Whey Protein Concentrado,14.0,1877.96
2024-08-05,Whey Protein Concentrado Cappuccino 900g DUX,1.0,134.14
2024-08-05,Whey Protein Isolado,9.0,1570.0
2024-08-05,Whey Tech 100%,3.0,371.52
2024-08-05,Whey hidrolisado e isolado,1.0,180.2
2024-08-05,Whey hidrolisado e isolado Creme Broule 837g TRUE SOURCE,1.0,180.2
2024-08-05,Óleo de Krill  - Ômega 3 EPA DHA,2.0,173.4
2024-08-05,Ômega -  Mega DHA,1.0,83.0
2024-08-05,Ômega - Mega DHA,1.0,136.85
2024-08-05,Ômega 3 + Coenzima Q10 - Omegavie,1.0,69.45
2024-08-05,Ômega 3 - 1360mg,5.0,502.85
2024-08-05,Ômega 3 - Omegafor Memory,1.0,79.9
2024-08-05,Ômega 3 DHA,1.0,121.11
2024-08-05,Ômega 3 EPA DHA,12.0,912.13
2024-08-05,Ômega 3 Pulse,3.0,281.7
2024-08-05,Ômega 3 Super DHA BIG,1.0,127.58
2024-08-12,#Whey Fort 3W,1.0,165.75
2024-08-12,100% Whey Protein - Flavour,2.0,180.16
2024-08-12,100% Whey Pure,3.0,399.52
2024-08-12,Aminoácido - Aminovita,2.0,175.1
2024-08-12,Aminoácido - BCAA Fort,4.0,231.4
2024-08-12,BT Nitrato 400,1.0,106.1
2024-08-12,Barrinha de Proteína,12.0,354.74
2024-08-12,Barrinha de Proteína Whey Grego - Havanna,1.0,86.4
2024-08-12,Beta Alanina,1.0,45.9
2024-08-12,Beta Alanina 100%,1.0,41.73
2024-08-12,Bio Zinco,2.0,51.24
2024-08-12,"Boraprim - Borragem, Prímula e Gergelim",3.0,198.9
2024-08-12,Cafeína - Caffeinex 200,1.0,31.5
2024-08-12,Chlorella 400mg,1.0,77.97
2024-08-12,Coenzima  Q10 - 100mg,1.0,83.33
2024-08-12,Coenzima Q10  (200mg p/ porção),1.0,161.5
2024-08-12,Coenzima Q10 + Ômega 3 + Vitamina E,1.0,127.5
2024-08-12,Colágeno - Colagentek,2.0,132.6
2024-08-12,Colágeno Hidrolisado - Collagen Pro 18g,1.0,144.43
2024-08-12,Colágeno Tipo II - Chondro,1.0,107.13
2024-08-12,Colágeno Verisol,2.0,201.74
2024-08-12,Creatina,3.0,382.5
2024-08-12,Creatina - Creafort (Creapure),4.0,660.0
2024-08-12,Creatina - Creapure,1.0,123.34
2024-08-12,Creatina Monohidratada,9.0,897.99
2024-08-12,Creatina Monohidratada -  Crealift (Creapure),1.0,245.65
2024-08-12,Creatina Monohidratada - Creatine,4.0,425.24
2024-08-12,Creatina Monohidratada - Hardcore,3.0,312.15
2024-08-12,Cúrcuma Plus,2.0,94.35
2024-08-12,Energy Gel,2.0,336.98
2024-08-12,Extrato de Própolis - Propolyz,1.0,22.2
2024-08-12,Ferro,1.0,15.45
2024-08-12,Fibra - Fosvita,1.0,76.5
2024-08-12,Fresh Whey,2.0,293.6
2024-08-12,Gel Nitrato,3.0,100.77
2024-08-12,Gel Nitrato com L-Citrulinilarginina,2.0,74.94
2024-08-12,Glutamina - Glutamax Refil,1.0,97.75
2024-08-12,Glutamina em Pó,1.0,76.94
2024-08-12,Isofort Plant (Life Vegan),1.0,91.8
2024-08-12,Maca Peruana 2000mg,1.0,66.43
2024-08-12,Maca Peruana 600mg,2.0,134.7
2024-08-12,Magnésio - Bio Trimag,1.0,58.11
2024-08-12,Melatonina,1.0,39.05
2024-08-12,Melatonina em Gotas,2.0,64.6
2024-08-12,Morning Shot - Imunidade,1.0,87.21
2024-08-12,Multivitaminico  - Imunomult- 1000mg,1.0,102.0
2024-08-12,Multivitamínico - Vitalift,1.0,102.35
2024-08-12,Omegafor Plus,4.0,581.56
2024-08-12,Omegafor Vision,1.0,85.38
2024-08-12,Palatinose,1.0,37.58
2024-08-12,Probiótico - Simcaps,1.0,57.8
2024-08-12,Probiótico - Simfort Plus,1.0,49.3
2024-08-12,Proteína - Isocrisp Plant Pouch,1.0,57.8
2024-08-12,Proteína Isolada e Hidrolisada - Body Protein,4.0,657.28
2024-08-12,Pré-treino com Beta Alanina,1.0,95.92
2024-08-12,Própolis Líquido - Gotas,1.0,31.35
2024-08-12,Psyllium,2.0,96.39
2024-08-12,Repositor Energético - Glyco Fuel,1.0,81.76
2024-08-12,Shot Matinal,1.0,61.69
2024-08-12,Simfort fibras,2.0,98.6
2024-08-12,Sleep,1.0,118.83
2024-08-12,Super Ômega 3,1.0,180.38
2024-08-12,SuperCoffee,2.0,238.82
2024-08-12,"Suplemento Alimentar - Cabelo, Pele e Unha - Gomas",1.0,61.69
2024-08-12,Tasty Whey 3W Gourmet,1.0,141.03
2024-08-12,Termogênico - Termo Plus,1.0,97.75
2024-08-12,Thermo Caps - DiaboVerde,1.0,57.38
2024-08-12,Ultracoffee - Vegano,1.0,75.93
2024-08-12,Vitamina C - Bio Vit C+,1.0,50.97
2024-08-12,Vitamina D - Vita D3,2.0,78.2
2024-08-12,Vitamina D - Vita D3 + C + Zinco,1.0,49.3
2024-08-12,Vitamina D3 + K2 Gotas,3.0,166.11
2024-08-12,Vitamina D3 Synergy,1.0,44.89
2024-08-12,Vitamina K2- Menaquinona,1.0,53.17
2024-08-12,Whey,2.0,425.0
2024-08-12,Whey 100% - Proteína Concentrada,1.0,124.77
2024-08-12,Whey Fort 3W,1.0,165.75
2024-08-12,Whey Isolado Nectar,1.0,273.7
2024-08-12,Whey Protein Concentrado,4.0,536.56
2024-08-12,Whey Protein Concentrado Cappuccino 900g DUX,1.0,134.14
2024-08-12,Whey Protein Isolado,5.0,914.6
2024-08-12,Whey Protein Isolado - Isofort,2.0,484.5
2024-08-12,Whey Tech 100%,4.0,509.12
2024-08-12,Óleo de Prímula - 500mg,1.0,29.33
2024-08-12,Ômega 3 EPA DHA,9.0,668.74
2024-08-12,Ômega 3 Pulse,2.0,208.03
2024-08-12,Ômega 3 Super DHA,1.0,88.66
2024-08-12,Ômega 3 Super DHA - BIG N,3.0,213.6
2024-08-19,100% Whey Protein - Flavour,3.0,275.38
2024-08-19,100% Whey Protein Zero - Clinical,2.0,333.94
2024-08-19,100% Whey Pure,1.0,120.0
2024-08-19,Achocolatado - Chocoki,1.0,50.22
2024-08-19,Aminoácido N-acetil L-cisteína (NAC),2.0,115.6
2024-08-19,BT Nitrato 400,1.0,106.1
2024-08-19,Barrinha de Proteína,5.0,271.24
2024-08-19,Barrinha de Proteína - Protein Crisp Bar,1.0,61.23
2024-08-19,Barrinha de Proteína Protein Crisp,1.0,73.95
2024-08-19,Barrinha de Proteína Tube,1.0,30.57
2024-08-19,Barrinha de Proteína Veganpro Bar,1.0,83.39
2024-08-19,Beta Alanina 100%,1.0,41.73
2024-08-19,Bio Ferro,1.0,37.54
2024-08-19,Bio Vitamina B12 em gotas,2.0,75.08
2024-08-19,Bio Zinco,4.0,102.48
2024-08-19,"Boraprim - Borragem, Prímula e Gergelim",2.0,132.6
2024-08-19,Cappuccino Proteico,1.0,42.49
2024-08-19,Clorella Orgânica - 200 tabletes,1.0,84.04
2024-08-19,Coenzima Q10  (200mg p/ porção),1.0,161.5
2024-08-19,Coenzima Q10 (200mg p/ porção),3.0,280.5
2024-08-19,Coenzima Q10 + Ômega 3 + Vitamina E,2.0,255.0
2024-08-19,Coenzima Q10 - (100mg p/ porção),1.0,59.5
2024-08-19,Colosfort,1.0,193.8
2024-08-19,Colágeno - Collagen Essential Protein,3.0,471.75
2024-08-19,Colágeno - Collagen Protein Hidrolisado,2.0,288.68
2024-08-19,Colágeno Tipo II,1.0,53.97
2024-08-19,Colágeno Verisol,1.0,100.87
2024-08-19,Combo com 4 Sachês SuperCoffee,1.0,27.37
2024-08-19,Complexo B 500mg,2.0,62.14
2024-08-19,Creatina,2.0,255.0
2024-08-19,Creatina - Creafort (Creapure),4.0,728.0
2024-08-19,Creatina - Creapure,2.0,246.68
2024-08-19,Creatina Micronizada,1.0,228.24
2024-08-19,Creatina Monohidratada,6.0,507.45
2024-08-19,Creatina Monohidratada (Creapure),2.0,333.31
2024-08-19,Creatina Monohidratada - Creadop Serie Sport,2.0,166.64
2024-08-19,Creatina Monohidratada - Creatine,2.0,212.62
2024-08-19,Creatina Monohidratada - Hardcore,1.0,104.05
2024-08-19,Creatina Premium - Creapure,2.0,398.72
2024-08-19,Cúrcuma Plus,1.0,34.0
2024-08-19,Doce Bocadito,2.0,54.74
2024-08-19,Energy Gel,2.0,83.98
2024-08-19,Ferro Quelato + Vitamina C,1.0,34.93
2024-08-19,Fresh Whey,1.0,97.28
2024-08-19,Glutamina - Glutamax,3.0,136.85
2024-08-19,Glutamina - Glutamax Refil,1.0,97.75
2024-08-19,Glutamina em Pó,3.0,240.37
2024-08-19,Hipercalórico - Monsterone,2.0,185.18
2024-08-19,L-Taurina - 1.000mg,1.0,28.9
2024-08-19,Maca Peruana,1.0,35.79
2024-08-19,Maca Peruana 600mg,1.0,67.35
2024-08-19,Magnésio - Bio Trimag,7.0,299.46
2024-08-19,Melatonina - Sleepfor,1.0,49.3
2024-08-19,Multivitaminico  - Imunomult- 1000mg,1.0,102.0
2024-08-19,Omegafor Plus,6.0,973.12
2024-08-19,Probiótico - Simfort Plus,1.0,49.3
2024-08-19,Probióticos em Pó - Simfort,1.0,71.4
2024-08-19,Proteína Isolada e Hidrolisada - Raptor HP,1.0,172.79
2024-08-19,Própolis Líquido - Gotas,1.0,31.35
2024-08-19,Sleep,1.0,101.01
2024-08-19,SuperCoffee,2.0,238.82
2024-08-19,"Suplemento Alimentar - Cabelo, Pele e Unha - Gomas",1.0,61.69
2024-08-19,Suplemento Alimentar - GUARDIAN®,1.0,162.27
2024-08-19,Suplemento Alimentar - Pura Fiber,1.0,65.0
2024-08-19,Termogênico - Lipix6,1.0,83.3
2024-08-19,Trio Magnésio 720mg,1.0,50.37
2024-08-19,Vegan Ômega 3 DHA,1.0,112.18
2024-08-19,Vitamina C + Zinco - Gomas,1.0,44.71
2024-08-19,Vitamina D - Vita D3,5.0,195.5
2024-08-19,Vitamina D - Vita D3 + C + Zinco,1.0,49.3
2024-08-19,Vitamina D3 + K2 Gotas,1.0,52.06
2024-08-19,Vitamina D3 - 2000 Ui,1.0,30.94
2024-08-19,Vitamina D3 Synergy,1.0,44.89
2024-08-19,Whey,1.0,284.44
2024-08-19,Whey Fort 3W,1.0,165.75
2024-08-19,Whey Protein 3W,1.0,153.17
2024-08-19,Whey Protein Concentrado,8.0,1073.12
2024-08-19,Whey Protein Isolado,7.0,1298.93
2024-08-19,Whey Protein Isolado - Isofort,2.0,527.25
2024-08-19,Whey Tech 100%,1.0,137.6
2024-08-19,Wheydop X,1.0,226.4
2024-08-19,Zinco,1.0,43.51
2024-08-19,Óleo de Krill  - Ômega 3 EPA DHA,2.0,173.4
2024-08-19,Óleo de Prímula - 500mg,2.0,58.66
2024-08-19,Ômega 3 - 1360mg,1.0,148.04
2024-08-19,Ômega 3 EPA DHA,8.0,593.0
2024-08-19,Ômega 3 Super DHA - BIG N,9.0,718.62
2024-08-26,100% Whey Flavour,1.0,92.65
2024-08-26,100% Whey Protein - Flavour,4.0,370.6
2024-08-26,Aminoácido - Aminovita,4.0,449.65
2024-08-26,Aminoácido - BCAA 2:1:1,2.0,42.7
2024-08-26,Aminoácido N-acetil L-cisteína (NAC),1.0,57.8
2024-08-26,Antioxidante - Astaxantina,1.0,138.03
2024-08-26,BT Nitrato,1.0,106.1
2024-08-26,BT Nitrato 400,1.0,142.29
2024-08-26,Barra Chocolate 70%,1.0,24.65
2024-08-26,Barrinha de Proteína,7.0,592.84
2024-08-26,Barrinha de Proteína Thin,3.0,275.1
2024-08-26,Beta Alanina,3.0,137.7
2024-08-26,Bio Cálcio  60 caps PURAVIDA,1.0,57.72
2024-08-26,Bio Ferro,2.0,75.08
2024-08-26,Bom Ciclo,1.0,73.02
2024-08-26,"Boraprim - Borragem, Prímula e Gergelim",2.0,132.6
2024-08-26,Brain Focus,1.0,69.27
2024-08-26,Cafeína,1.0,33.2
2024-08-26,Chocolate 70% Cacau,2.0,46.76
2024-08-26,Chocolate 85% Cacau,1.0,23.38
2024-08-26,Cloreto de Magnésio,1.0,29.84
2024-08-26,Coenzima Q10,1.0,75.45
2024-08-26,Coenzima Q10  (200mg p/ porção),1.0,161.5
2024-08-26,Coenzima Q10 - (100mg p/ porção),1.0,59.5
2024-08-26,Colágeno - Colagentek,4.0,265.2
2024-08-26,Colágeno - Colagentek Protein - Bodybalance,4.0,534.86
2024-08-26,Colágeno - Collagen Gut,1.0,148.97
2024-08-26,Colágeno - Collagen Protein Hidrolisado,1.0,144.34
2024-08-26,Colágeno - Collagen Protein Hidrolisado Berries Silvestres 450g PURAVIDA,1.0,145.69
2024-08-26,Colágeno - Collagen Renew Hidrolisado,1.0,62.71
2024-08-26,Colágeno - Collagen Tipo II 40mg,3.0,203.82
2024-08-26,Colágeno - Collcreatine,1.0,166.18
2024-08-26,Colágeno Collagen Skin,1.0,122.4
2024-08-26,Colágeno Hidrolisado - Collagen Pro 18g,1.0,144.43
2024-08-26,Colágeno Tipo II,1.0,53.97
2024-08-26,Complexo B 500mg,1.0,31.07
2024-08-26,Creatina,1.0,63.67
2024-08-26,Creatina - Creafort (Creapure),6.0,927.0
2024-08-26,Creatina 100%,9.0,677.88
2024-08-26,Creatina Monohidratada,7.0,702.99
2024-08-26,Creatina Monohidratada (Creapure),1.0,175.07
2024-08-26,Creatina Monohidratada - Creadop Serie Sport,1.0,83.32
2024-08-26,Creatina Monohidratada - Creatine,3.0,318.93
2024-08-26,Cúrcuma Plus,3.0,154.7
2024-08-26,Enzimas Enzyfor,1.0,110.5
2024-08-26,Ferro Quelato + Vitamina C,1.0,34.93
2024-08-26,Fresh Whey,11.0,1070.08
2024-08-26,Glutamina,5.0,260.54
2024-08-26,Glutamina - Glutamax,1.0,72.25
2024-08-26,Grassfed Whey Protein,1.0,137.25
2024-08-26,Isofort Plant (Life Vegan),1.0,91.8
2024-08-26,L-Taurina - 1.000mg,3.0,107.95
2024-08-26,Magnésio,1.0,41.79
2024-08-26,Magnésio - Inositol Relief 3.0,1.0,187.88
2024-08-26,Magnésio Plus - 350mg,1.0,55.25
2024-08-26,Magnésio Plus 900mg,1.0,73.18
2024-08-26,Matchá - Chá Verde em Pó,1.0,63.87
2024-08-26,Melatonina - Sleepfor,3.0,147.9
2024-08-26,Multivitaminico  - Imunomult- 1000mg,1.0,102.0
2024-08-26,Omegafor Plus,10.0,1382.96
2024-08-26,Omegafor Vision,1.0,85.38
2024-08-26,Palatinose,2.0,85.73
2024-08-26,Pasta de Amendoim,1.0,42.5
2024-08-26,Pasta de Amendoim Integral,1.0,13.59
2024-08-26,Probiótico - Simcaps,2.0,99.03
2024-08-26,Probiótico - Simfort Plus,1.0,49.3
2024-08-26,Probióticos em Pó - Simfort,2.0,202.3
2024-08-26,Proteína Isolada e Hidrolisada - Body Protein,3.0,492.96
2024-08-26,Proteína Vegana - Vegan Tasty,1.0,109.74
2024-08-26,Pré-Treino - V Fort Ultra,1.0,101.48
2024-08-26,Pré-Treino Turbo,1.0,86.73
2024-08-26,Pré-treino Panic Pre Workout,1.0,83.35
2024-08-26,Própolis Trio,2.0,129.9
2024-08-26,Própolis Verde - Premium 10mg,2.0,137.22
2024-08-26,Psyllium,3.0,184.89
2024-08-26,Refil Whey 100% Pure,1.0,116.56
2024-08-26,Refil Whey Protein Concentrado,2.0,332.34
2024-08-26,Resveratrol 500mg,1.0,67.35
2024-08-26,Simfort fibras,3.0,147.9
2024-08-26,SuperCoffee,4.0,456.02
2024-08-26,Suplemento Alimentar  - Hepatofor,1.0,63.75
2024-08-26,Suplemento Alimentar - Slim Body 400mg,1.0,65.03
2024-08-26,Suplemento para Cabelos e Unhas- Biocolin Hair,2.0,146.04
2024-08-26,Suplemento para Imunidade - Immune Up 100%,1.0,105.03
2024-08-26,Tasty Whey 3W Gourmet,2.0,282.06
2024-08-26,Termogênico - Lipix6,1.0,83.3
2024-08-26,True Cúrcuma,3.0,216.51
2024-08-26,Ultracoffee - Vegano,3.0,227.79
2024-08-26,Vegan Protein,1.0,123.41
2024-08-26,Vitamina B12,5.0,155.17
2024-08-26,Vitamina D - Vita D3,6.0,234.6
2024-08-26,Vitamina D - Vita D3 + C + Zinco,2.0,98.6
2024-08-26,Vitamina D3 + K2,2.0,115.53
2024-08-26,Whey,4.0,1010.95
2024-08-26,Whey Fort 3W,1.0,165.75
2024-08-26,Whey Isolado - Garrafinha,3.0,48.42
2024-08-26,Whey Protein 100% - Refil,1.0,127.5
2024-08-26,Whey Protein Concentrado,7.0,938.98
2024-08-26,Whey Protein Concentrado Cappuccino 900g DUX,1.0,134.14
2024-08-26,Whey Protein Isolado,8.0,1310.8
2024-08-26,Whey Protein Isolado - Isofort,3.0,726.75
2024-08-26,Whey Tech 100%,6.0,743.04
2024-08-26,Whey Vegetal - Garrafinha,1.0,16.14
2024-08-26,Ômega 3 + Coenzima Q10 - Omegavie,1.0,69.45
2024-08-26,Ômega 3 - 1360mg,1.0,121.92
2024-08-26,Ômega 3 - Omegafor Memory,2.0,159.8
2024-08-26,Ômega 3 EPA DHA,13.0,897.5
2024-08-26,Ômega 3 Super DHA,1.0,107.6
2024-08-26,Ômega 3 Super DHA - BIG N,2.0,188.92
2024-08-26,Ômega 3 Super DHA BIG,1.0,127.58
2024-08-26,Ômega Golden,1.0,133.88
2024-09-02,100% Whey Flavour,1.0,92.65
2024-09-02,100% Whey Protein - Flavour,3.0,277.95
2024-09-02,100% Whey Pure,2.0,240.0
2024-09-02,100% Whey True Protein,1.0,195.93
2024-09-02,Achocolatado - Chocoki,1.0,63.08
2024-09-02,Aminoácido - Aminovita,1.0,87.55
2024-09-02,Aminoácidos - Aminnu EAAs,1.0,158.02
2024-09-02,BT Nitrato com cafeína,2.0,201.34
2024-09-02,Barrinha de Proteína,2.0,69.6
2024-09-02,Barrinha de Proteína Protein Crisp,2.0,147.9
2024-09-02,Barrinha de Proteína Whey Grego - Havanna,1.0,86.4
2024-09-02,Best Whey,1.0,232.64
2024-09-02,Beta Alanina,1.0,45.9
2024-09-02,Beta Alanina 100%,1.0,41.73
2024-09-02,Beta Alanina Pure,1.0,66.3
2024-09-02,Beta Glucana,1.0,74.29
2024-09-02,Bio Ferro,1.0,37.54
2024-09-02,Bio Vitamina B12 em gotas,1.0,37.54
2024-09-02,Bom Ciclo,1.0,73.02
2024-09-02,"Boraprim - Borragem, Prímula e Gergelim",3.0,170.85
2024-09-02,Cappuccino Proteico,1.0,42.49
2024-09-02,Chlorella 400mg,1.0,77.97
2024-09-02,Coenzima Q10,1.0,77.19
2024-09-02,Coenzima Q10  (200mg p/ porção),5.0,807.5
2024-09-02,Coenzima Q10 (200mg p/ porção),1.0,93.5
2024-09-02,Coenzima Q10 + Ômega 3 + Vitamina E,2.0,255.0
2024-09-02,Coenzima Q10 - (100mg p/ porção),1.0,59.5
2024-09-02,Colágeno - Colagentek Protein - Bodybalance,2.0,268.74
2024-09-02,Colágeno - Collagen Gut,1.0,148.97
2024-09-02,Colágeno - Collagen Protein Hidrolisado,1.0,135.54
2024-09-02,Colágeno Hidrolisado - Collagen Pro 18g,2.0,288.86
2024-09-02,Colágeno Tipo II - Chondro,1.0,107.13
2024-09-02,Creatina,3.0,382.5
2024-09-02,Creatina - Creafort (Creapure),7.0,1092.0
2024-09-02,Creatina - Creapure,1.0,161.12
2024-09-02,Creatina 100%,7.0,547.04
2024-09-02,Creatina Micronizada,2.0,456.48
2024-09-02,Creatina Monohidratada,9.0,882.33
2024-09-02,Creatina Monohidratada (Creapure),1.0,161.6
2024-09-02,Creatina Monohidratada -  Crealift (Creapure),1.0,245.65
2024-09-02,Creatina Monohidratada - Creadop Serie Sport,1.0,83.32
2024-09-02,Creatina Monohidratada - Creatine,10.0,1063.1
2024-09-02,Creatina Premium - Creapure,2.0,398.72
2024-09-02,Cúrcuma 500mg,1.0,84.32
2024-09-02,Cúrcuma Plus,3.0,181.05
2024-09-02,Energy Gel,1.0,78.37
2024-09-02,Fibra - Fosvita,1.0,54.4
2024-09-02,Fresh Vegan,2.0,261.56
2024-09-02,Fresh Whey,4.0,389.12
2024-09-02,Gel - Endurance,1.0,71.4
2024-09-02,Glutamina,6.0,317.58
2024-09-02,Glutamina - Glutamax,2.0,144.5
2024-09-02,Glutamina - Glutamax Refil,1.0,97.75
2024-09-02,Glutamina Isolada,2.0,89.48
2024-09-02,Glutamina em Pó,1.0,76.94
2024-09-02,Isofort Plant (Life Vegan),1.0,91.8
2024-09-02,Magnésio Inositol,1.0,158.92
2024-09-02,Melatonina,1.0,46.94
2024-09-02,Melatonina Duo Harmony,1.0,85.08
2024-09-02,Morning Shot - Imunidade,2.0,189.13
2024-09-02,Multivitaminico - Imunomult- 1000mg,1.0,67.15
2024-09-02,Neuro Health,1.0,153.34
2024-09-02,Omegafor Plus,8.0,1209.4
2024-09-02,Palatinose,4.0,171.46
2024-09-02,Probiótico - Simfort Plus,6.0,295.8
2024-09-02,Proteína Isolada e Hidrolisada - Body Protein,8.0,1314.56
2024-09-02,Proteína Vegana - Immuno Veggie,1.0,188.5
2024-09-02,Pré-treino Panic Pre Workout,1.0,83.35
2024-09-02,Própolis Verde - Premium 10mg,1.0,68.61
2024-09-02,Própolis Verde 70,3.0,95.91
2024-09-02,Psyllium,1.0,61.63
2024-09-02,Refil 100% Whey - Tasty Iso,1.0,328.47
2024-09-02,Refil Whey 100% Pure,1.0,116.56
2024-09-02,Refil Whey Protein 100%,1.0,82.24
2024-09-02,Resveratrol Plus - 165mg,2.0,187.0
2024-09-02,Simfort fibras,1.0,49.3
2024-09-02,Sleep,1.0,101.01
2024-09-02,Super Ômega 3,1.0,125.72
2024-09-02,SuperCoffee,5.0,675.55
2024-09-02,Suplemento Alimentar  - Hepatofor,3.0,191.25
2024-09-02,Suplemento Alimentar - Alpha Mater,3.0,316.35
2024-09-02,"Suplemento Alimentar - Cabelo, Pele e Unha - Gomas",1.0,61.69
2024-09-02,Suplemento Alimentar - Moreflex,1.0,119.0
2024-09-02,Tasty Whey 3W Gourmet,1.0,141.03
2024-09-02,Termogênico - Termo Plus,1.0,97.75
2024-09-02,Tortinha Proteica,3.0,101.73
2024-09-02,True Cúrcuma,1.0,72.17
2024-09-02,Ultracoffee - Vegano,1.0,75.93
2024-09-02,Vegan Protein,1.0,123.41
2024-09-02,Vegan Protein - Vegano,1.0,106.05
2024-09-02,Vitamina - Good Mood,2.0,118.94
2024-09-02,Vitamina B12,1.0,30.44
2024-09-02,Vitamina C - Bio Vit C+,1.0,33.27
2024-09-02,Vitamina D - Vita D3,7.0,273.7
2024-09-02,Vitamina D - Vita D3 + C + Zinco,1.0,49.3
2024-09-02,Vitamina D3 Synergy,3.0,134.67
2024-09-02,Whey,4.0,772.33
2024-09-02,Whey - Immuno Golden,1.0,173.44
2024-09-02,Whey 3W,1.0,172.52
2024-09-02,Whey 3W - Delicious,1.0,91.0
2024-09-02,Whey Fort 3W,2.0,331.5
2024-09-02,Whey Isolado - Iso Triple Zero,2.0,344.98
2024-09-02,Whey Protein 100% - Refil,1.0,127.5
2024-09-02,Whey Protein 3W,1.0,153.17
2024-09-02,Whey Protein Concentrado,15.0,2100.75
2024-09-02,Whey Protein Concentrado Cappuccino 900g DUX,2.0,268.28
2024-09-02,Whey Protein Crisp - Isocrisp,1.0,41.31
2024-09-02,Whey Protein Isolado,5.0,1142.95
2024-09-02,Whey Protein Isolado - Isofort,1.0,242.25
2024-09-02,Whey Tech 100%,6.0,743.04
2024-09-02,Ômega - Mega DHA,3.0,410.55
2024-09-02,Ômega 3 - Omegafor Memory,1.0,79.9
2024-09-02,Ômega 3 EPA DHA,7.0,482.26
2024-09-02,Ômega 3 Super DHA - BIG N,1.0,102.07
2024-09-09,100% Whey Protein - Flavour,2.0,185.3
2024-09-09,100% Whey Pure,1.0,102.0
2024-09-09,100% Whey True Protein,1.0,166.54
2024-09-09,Achocolatado,1.0,46.74
2024-09-09,Achocolatado - Choco Family - Refil,1.0,29.75
2024-09-09,Aminoácido N-acetil L-cisteína (NAC),2.0,115.6
2024-09-09,Arginofor -  L-Arginina,1.0,86.7
2024-09-09,BT 400,1.0,148.04
2024-09-09,Barrinha de Proteina - Protein Crisp Bar,1.0,61.23
2024-09-09,Barrinha de Proteína,9.0,298.41
2024-09-09,Barrinha de Proteína - Protein Crisp Bar,3.0,183.69
2024-09-09,Barrinha de Proteína Best Whey 62g (15g de Proteína),1.0,132.5
2024-09-09,Barrinha de Proteína Choco Wheyfer,5.0,238.85
2024-09-09,Barrinha de Proteína ChocoWheyfer,1.0,83.15
2024-09-09,Barrinha de Proteína Cleanpro Bar,1.0,83.39
2024-09-09,Barrinha de Proteína Crunch,2.0,99.7
2024-09-09,Barrinha de Proteína Tube,1.0,91.7
2024-09-09,Barrinha de Proteína Veganpro Bar,1.0,83.39
2024-09-09,Barrinha de Proteína Whey Grego - Havanna,1.0,86.4
2024-09-09,Best Whey Iso,2.0,387.34
2024-09-09,Beta Alanina 100%,1.0,43.35
2024-09-09,Bio Ferro,1.0,37.54
2024-09-09,Bio Vitamina B12 em gotas,1.0,37.54
2024-09-09,Biotina Plus,1.0,39.65
2024-09-09,"Boraprim - Borragem, Prímula e Gergelim",1.0,38.25
2024-09-09,Cappuccino Proteico,1.0,42.49
2024-09-09,Chá,1.0,18.0
2024-09-09,Clorella Orgânica - 200 tabletes,1.0,84.04
2024-09-09,Coenzima  Q10 - 100mg,1.0,83.33
2024-09-09,Coenzima Q10,5.0,564.23
2024-09-09,Coenzima Q10  (200mg p/ porção),1.0,161.5
2024-09-09,Coenzima Q10 (200mg p/ porção),1.0,93.5
2024-09-09,Coenzima Q10 + Ômega 3 + Vitamina E,1.0,127.5
2024-09-09,Coffee - Brainstorm,2.0,170.0
2024-09-09,Colágeno - Colagentek,3.0,198.9
2024-09-09,Colágeno - Colagentek Protein - Bodybalance,2.0,268.74
2024-09-09,Colágeno - Collagen Essential Protein,2.0,301.07
2024-09-09,Colágeno - Collagen Protein Hidrolisado,1.0,144.34
2024-09-09,Colágeno - Collagen Protein Hidrolisado Berries Silvestres 450g PURAVIDA,1.0,145.69
2024-09-09,Colágeno - Collagen Renew Hidrolisado,1.0,62.71
2024-09-09,Colágeno Collagen Resilience,1.0,153.81
2024-09-09,Colágeno Tipo II,1.0,53.97
2024-09-09,Colágeno Tipo II - Chondro,2.0,214.26
2024-09-09,Complexo B 500mg,1.0,31.07
2024-09-09,Cranberry,1.0,40.94
2024-09-09,Creatina,3.0,382.5
2024-09-09,Creatina - Creafort (Creapure),6.0,927.0
2024-09-09,Creatina 100%,7.0,547.04
2024-09-09,Creatina Monohidratada,10.0,904.88
2024-09-09,Creatina Monohidratada (Creapure),1.0,210.0
2024-09-09,Creatina Monohidratada -  Crealift (Creapure),1.0,245.65
2024-09-09,Creatina Monohidratada - Creadop Serie Sport,2.0,166.64
2024-09-09,Creatina Monohidratada - Creatine,4.0,425.24
2024-09-09,Creatina Monohidratada - Hardcore,1.0,88.44
2024-09-09,Creatina Premium - Creapure,1.0,199.36
2024-09-09,Cúrcuma Plus,9.0,490.2
2024-09-09,Energy Gel,1.0,37.41
2024-09-09,Extrato de Laranja Moro 400mg,1.0,84.32
2024-09-09,Extrato de Própolis - Propolyz,1.0,26.12
2024-09-09,Ferro Quelato + Vitamina C,3.0,104.79
2024-09-09,Fibra - Fosvita,2.0,108.8
2024-09-09,Fibras - Fiberfor,1.0,69.7
2024-09-09,Fresh Vegan,1.0,130.78
2024-09-09,Fresh Whey,7.0,680.96
2024-09-09,Gel Nitrato,6.0,164.1
2024-09-09,Glutamina - Glutamax,3.0,216.75
2024-09-09,Grassfed Whey Protein,1.0,137.25
2024-09-09,Isofort Plant (Life Vegan),1.0,91.8
2024-09-09,L-Taurina - 1.000mg,2.0,57.8
2024-09-09,MCT com AGE,1.0,49.3
2024-09-09,Maca Peruana,1.0,35.79
2024-09-09,Maca Peruana 2000mg,1.0,66.43
2024-09-09,Maca Peruana 600mg,1.0,67.35
2024-09-09,Magnésio - Bio Trimag,1.0,42.78
2024-09-09,Magnésio Plus - 350mg,1.0,65.31
2024-09-09,Melatonina,1.0,39.05
2024-09-09,Melatonina Duo Harmony,1.0,85.08
2024-09-09,Melatonina em Gotas,2.0,64.6
2024-09-09,Multivitamínico - Alpha Kids,1.0,83.72
2024-09-09,NAC 650mg,1.0,50.37
2024-09-09,Omegafor Plus,17.0,2788.68
2024-09-09,Palatinose,2.0,90.22
2024-09-09,Pasta de Amendoim,1.0,53.59
2024-09-09,Pasta de Amendoim Granulado,1.0,20.22
2024-09-09,Probiótico - Simcaps,3.0,173.4
2024-09-09,Probiótico - Simfort Plus,6.0,295.8
2024-09-09,Profem - Óleo de Prímula,1.0,84.15
2024-09-09,Proteína Isolada e Hidrolisada - Body Protein,6.0,985.92
2024-09-09,Pré-treino - Energyzer & focus,1.0,111.93
2024-09-09,Pré-treino - Égide,1.0,135.96
2024-09-09,Pré-treino Exquenta,1.0,135.99
2024-09-09,Própolis Líquido - Gotas,3.0,94.05
2024-09-09,Própolis Verde - Alcoólico,2.0,44.5
2024-09-09,Psyllium,4.0,223.48
2024-09-09,Refil Whey Concentrado - W100,1.0,86.99
2024-09-09,Refil Whey Protein 100%,1.0,82.24
2024-09-09,Resveratrol 500mg,1.0,67.35
2024-09-09,Shot Matinal,3.0,185.07
2024-09-09,Simfort fibras,3.0,147.9
2024-09-09,Sleep,3.0,454.95
2024-09-09,Spirulina Orgânica - 200 tabletes,1.0,78.15
2024-09-09,SuperCoffee,4.0,590.03
2024-09-09,Suplemento Alimentar  - Hepatofor,1.0,63.75
2024-09-09,Suplemento Alimentar - Alpha Men,1.0,116.93
2024-09-09,Suplemento Alimentar - Alpha Women,2.0,234.48
2024-09-09,Suplemento Alimentar - Geleia Real - Apireal,1.0,36.3
2024-09-09,Suplemento Alimentar - Pura Fiber,3.0,195.0
2024-09-09,Suplemento para Cabelos e Unhas- Biocolin Hair,1.0,73.02
2024-09-09,Tablete de Doce,1.0,27.13
2024-09-09,Tasty Whey 3W Gourmet,1.0,141.03
2024-09-09,Trio Magnésio 720mg,1.0,50.37
2024-09-09,True Cúrcuma,1.0,72.17
2024-09-09,Vitamina - Good Mood,1.0,59.47
2024-09-09,Vitamina B12,3.0,125.21
2024-09-09,Vitamina C3 - 1000mg,1.0,68.0
2024-09-09,Vitamina D - Vita D3,4.0,156.4
2024-09-09,Vitamina D - Vita D3 + C + Zinco,4.0,180.2
2024-09-09,Vitamina D3 + K2,1.0,59.5
2024-09-09,Vitamina D3 + K2 Gotas,1.0,52.06
2024-09-09,Vitamina D3 - 2000 Ui,2.0,61.88
2024-09-09,Vitamina D3 - Ydrosolv,1.0,61.41
2024-09-09,Vitamina K2- Menaquinona,1.0,53.17
2024-09-09,Whey,4.0,1125.76
2024-09-09,Whey - Isocrisp Pouch,1.0,75.65
2024-09-09,Whey 3W - Delicious,2.0,168.35
2024-09-09,Whey Fort 3W,2.0,331.5
2024-09-09,Whey Isolado,1.0,180.55
2024-09-09,Whey Protein Concentrado,8.0,1233.01
2024-09-09,Whey Protein Crisp - Isocrisp,1.0,41.31
2024-09-09,Whey Protein Isolado,11.0,2300.05
2024-09-09,Whey Tech 100%,6.0,763.68
2024-09-09,Zinco,1.0,43.51
2024-09-09,Óleo de Prímula - 500mg,1.0,29.33
2024-09-09,Ômega -  Mega DHA,1.0,83.0
2024-09-09,Ômega - Mega DHA,7.0,957.95
2024-09-09,Ômega 3 EPA DHA,5.0,375.34
2024-09-09,Ômega 3 Pulse,2.0,228.26
2024-09-09,Ômega 3 Super DHA,1.0,88.66
2024-09-09,Ômega 3 Super DHA - BIG N,4.0,408.28
2024-09-09,Ômega 3 Super DHA BIG,3.0,382.74
2024-09-16,100% Whey Crush Concentrada,1.0,126.65
2024-09-16,100% Whey Protein - Flavour,8.0,741.2
2024-09-16,100% Whey Pure,7.0,714.0
2024-09-16,Aminoácido - Aminovita,1.0,87.55
2024-09-16,Aminoácido - BCAA 2:1:1,1.0,21.35
2024-09-16,Aminoácido N-acetil L-cisteína (NAC),1.0,57.8
2024-09-16,Aminoácidos - Aminnu EAAs,1.0,158.02
2024-09-16,Antioxidante - Astaxantina,1.0,138.03
2024-09-16,BT 400,1.0,148.04
2024-09-16,BT Nitrato 400,3.0,318.3
2024-09-16,BT Nitrato com cafeína,1.0,100.67
2024-09-16,Barra Chocolate 70%,1.0,24.65
2024-09-16,Barrinha de Proteína,14.0,432.11
2024-09-16,Barrinha de Proteína - Protein Crisp Bar,2.0,122.46
2024-09-16,Barrinha de Proteína Choco Wheyfer,1.0,27.72
2024-09-16,Barrinha de Proteína Crunch,1.0,49.85
2024-09-16,Barrinha de Proteína Thin,1.0,91.7
2024-09-16,Beta Alanina,7.0,321.3
2024-09-16,Bio Cálcio  60 caps PURAVIDA,1.0,57.72
2024-09-16,Bio Ferro,1.0,37.54
2024-09-16,Bio Vitamina B12 em gotas,1.0,37.54
2024-09-16,Bio Zinco,1.0,25.62
2024-09-16,Biotina Plus,1.0,39.65
2024-09-16,Bom Ciclo,1.0,73.02
2024-09-16,"Boraprim - Borragem, Prímula e Gergelim",3.0,198.9
2024-09-16,Cafeína,1.0,33.2
2024-09-16,Chá - Spicy Fennel,1.0,51.02
2024-09-16,Chá Vitatea,1.0,43.35
2024-09-16,Clorella Orgânica - 200 tabletes,1.0,84.04
2024-09-16,Coenzima Q10,2.0,150.9
2024-09-16,Coenzima Q10 (200mg p/ porção),1.0,59.5
2024-09-16,Coenzima Q10 + Ômega 3 + Vitamina E,1.0,127.5
2024-09-16,Colosfort,1.0,193.8
2024-09-16,Colágeno - Colagentek,2.0,132.6
2024-09-16,Colágeno - Collagen Essential Protein,1.0,150.54
2024-09-16,Colágeno - Collagen Renew Hidrolisado,1.0,62.71
2024-09-16,Colágeno Hidrolisado - Collagen Pro 18g,1.0,144.43
2024-09-16,Creatina,2.0,201.46
2024-09-16,Creatina - Creafort (Creapure),1.0,165.0
2024-09-16,Creatina - Creapure,1.0,123.34
2024-09-16,Creatina 100%,3.0,249.72
2024-09-16,Creatina 100% Pure,1.0,107.04
2024-09-16,Creatina Monohidratada,8.0,594.93
2024-09-16,Creatina Monohidratada - Creatine,12.0,1084.32
2024-09-16,Creatina Monohidratada - Hardcore,3.0,265.32
2024-09-16,Cúrcuma Plus,3.0,181.05
2024-09-16,Energy Gel,7.0,560.02
2024-09-16,Enzima Lactase - Laczyme,1.0,49.3
2024-09-16,Ferro Quelato + Vitamina C,1.0,34.93
2024-09-16,Fibra - Fosvita,1.0,76.5
2024-09-16,Fresh Whey,7.0,680.96
2024-09-16,Glutamina,1.0,57.04
2024-09-16,Glutamina - Glutamax Refil,1.0,97.75
2024-09-16,Glutamina em Pó,1.0,50.5
2024-09-16,Grassfed Whey Protein,1.0,137.25
2024-09-16,Hipercalórico - Monsterone,1.0,92.59
2024-09-16,Isofort Plant (Life Vegan),1.0,91.8
2024-09-16,L-Taurina - 1.000mg,2.0,57.8
2024-09-16,Maca Peruana,2.0,71.58
2024-09-16,Magnésio - Bio Trimag,2.0,85.56
2024-09-16,Magnésio - Inositol Relief 3.0,1.0,159.7
2024-09-16,Magnésio Plus - 350mg,2.0,130.62
2024-09-16,Magnésio Plus 900mg,1.0,73.18
2024-09-16,Magnésio Quelato - Bio Mag,2.0,114.28
2024-09-16,Magnésio de Malato,1.0,21.34
2024-09-16,Melatonina,2.0,78.1
2024-09-16,Melatonina - Sleepfor,1.0,49.3
2024-09-16,Melatonina - Ydrosolv,1.0,65.71
2024-09-16,Morning Shot - Imunidade,1.0,87.21
2024-09-16,Omegafor Plus,9.0,1385.28
2024-09-16,Palatinose,2.0,93.26
2024-09-16,Probiótico - Simcaps,1.0,41.23
2024-09-16,Probiótico - Simfort Plus,2.0,98.6
2024-09-16,Profem - Óleo de Prímula,1.0,84.15
2024-09-16,Proteína Isolada e Hidrolisada - Body Protein,6.0,985.92
2024-09-16,Pré-Treino - V Fort Ultra,2.0,202.96
2024-09-16,Pré-treino - Energyzer & focus,3.0,285.42
2024-09-16,Pré-treino Panic Pre Workout,2.0,166.7
2024-09-16,Própolis Alcoólico,1.0,23.29
2024-09-16,Própolis Verde - Alcoólico,4.0,89.0
2024-09-16,Própolis Verde - Premium 10mg,1.0,68.61
2024-09-16,Psyllium,4.0,246.52
2024-09-16,Quercetina 300mg,1.0,63.68
2024-09-16,Refil Whey Concentrado Havanna - W100,1.0,96.49
2024-09-16,Refil Whey Protein Concentrado,2.0,332.34
2024-09-16,Resveratrol Plus - 165mg,2.0,187.0
2024-09-16,Shot Matinal,1.0,61.69
2024-09-16,Sleep,2.0,303.3
2024-09-16,Super Ômega 3,4.0,612.2
2024-09-16,SuperCoffee,4.0,462.9
2024-09-16,Suplemento - Hyaluronic Hair,1.0,66.73
2024-09-16,Suplemento Alimentar - Alpha Women,1.0,117.24
2024-09-16,"Suplemento Alimentar - Cabelo, Pele e Unha - Gomas",1.0,65.12
2024-09-16,Suplemento Alimentar - GUARDIAN®,1.0,162.27
2024-09-16,Suplemento Alimentar - True Nac,1.0,49.15
2024-09-16,Suplemento para Cabelos e Unhas- Biocolin Hair,1.0,73.02
2024-09-16,Termogênico - Lipix6,2.0,166.6
2024-09-16,Tortinha Proteica,1.0,33.92
2024-09-16,True Cúrcuma,1.0,72.17
2024-09-16,Ultracoffee - Vegano,5.0,390.34
2024-09-16,Vitamina - Good Mood,2.0,118.94
2024-09-16,Vitamina B12,3.0,131.84
2024-09-16,Vitamina C - Cristais Quali C,1.0,49.42
2024-09-16,Vitamina D - Vita D3,3.0,117.3
2024-09-16,Vitamina D - Vita D3 + C + Zinco,1.0,49.3
2024-09-16,Vitamina D3 + K2,4.0,227.59
2024-09-16,Vitamina D3 - Ydrosolv,1.0,61.41
2024-09-16,Whey,3.0,490.89
2024-09-16,Whey 3W - Delicious,1.0,77.35
2024-09-16,Whey Fort 3W,2.0,331.5
2024-09-16,Whey Isolado - Iso Triple Zero,2.0,344.98
2024-09-16,Whey Protein Concentrado,4.0,679.68
2024-09-16,Whey Protein Isolado,4.0,784.88
2024-09-16,Whey Protein Isolado - Isofort,5.0,1211.25
2024-09-16,Whey Protein Isolado Muscle Guard,1.0,89.2
2024-09-16,Whey Tech 100%,6.0,701.76
2024-09-16,Óleo de Prímula - 500mg,1.0,29.33
2024-09-16,Ômega - Mega DHA,2.0,273.7
2024-09-16,Ômega 3 - 1360mg,1.0,121.92
2024-09-16,Ômega 3 EPA DHA,11.0,807.24
2024-09-16,Ômega 3 Pulse,1.0,114.13
2024-09-16,Ômega 3 Super DHA,2.0,177.32
2024-09-16,Ômega 3 Super DHA - BIG N,3.0,306.21
2024-09-16,Ômega 3 Super EPA,2.0,161.36
2024-09-16,Ômega Ultra - 1000mg,2.0,169.84
2024-09-23,#Whey Fort 3W,1.0,165.75
2024-09-23,100% Whey Flavour,1.0,92.65
2024-09-23,100% Whey Protein - Flavour,2.0,185.3
2024-09-23,100% Whey Pure,8.0,816.0
2024-09-23,100% Whey True Protein,2.0,333.08
2024-09-23,Aminoácidos - Aminnu EAAs,1.0,158.02
2024-09-23,BT Nitrato,1.0,131.07
2024-09-23,BT Nitrato 400,2.0,224.68
2024-09-23,Barrinha de Proteína,10.0,268.6
2024-09-23,Barrinha de Proteína - Protein Crisp Bar,2.0,122.46
2024-09-23,Barrinha de Proteína Cleanpro Bar,1.0,83.39
2024-09-23,Barrinha de Proteína Protein Crisp,1.0,73.95
2024-09-23,Barrinha de Proteína Veganpro Bar,1.0,83.39
2024-09-23,Beta Alanina Pure,1.0,66.3
2024-09-23,Bio Zinco,2.0,51.24
2024-09-23,Biotina Plus,1.0,39.65
2024-09-23,Bom Ciclo,1.0,73.02
2024-09-23,"Boraprim - Borragem, Prímula e Gergelim",1.0,66.3
2024-09-23,Chlorella 530mg,1.0,77.97
2024-09-23,Coenzima  Q10 - 100mg,1.0,84.15
2024-09-23,Coenzima Q10,3.0,303.25
2024-09-23,Coenzima Q10  (200mg p/ porção),1.0,161.5
2024-09-23,Coenzima Q10 (200mg p/ porção),3.0,212.5
2024-09-23,Coenzima Q10 + Ômega 3 + Vitamina E,2.0,255.0
2024-09-23,Coenzima Q10 - 100mg,1.0,95.55
2024-09-23,Coffee - Brainstorm,1.0,85.0
2024-09-23,Colágeno - Colagentek,1.0,66.3
2024-09-23,Colágeno - Colagentek Protein - Bodybalance,1.0,134.37
2024-09-23,Colágeno - Collagen Essential Protein,3.0,451.62
2024-09-23,Colágeno - Collagen Gut,2.0,297.94
2024-09-23,Colágeno - Collagen Renew Hidrolisado,1.0,68.37
2024-09-23,Colágeno - Collagen Tipo II 40mg,3.0,220.03
2024-09-23,Colágeno Hidrolisado - Collagen Pro 18g,3.0,433.29
2024-09-23,Colágeno Skin e Body,1.0,53.77
2024-09-23,Complexo B 500mg,2.0,62.14
2024-09-23,Creatina,4.0,402.92
2024-09-23,Creatina - Creafort (Creapure),6.0,990.0
2024-09-23,Creatina - Creapure,2.0,322.24
2024-09-23,Creatina 100%,3.0,214.08
2024-09-23,Creatina Monohidratada,10.0,873.9
2024-09-23,Creatina Monohidratada - Creatine,3.0,271.08
2024-09-23,Creatina Monohidratada - Hardcore,4.0,353.76
2024-09-23,Cúrcuma Plus,1.0,60.35
2024-09-23,Energy Gel,2.0,119.18
2024-09-23,Enzima Lactase - Laczyme,1.0,49.3
2024-09-23,Ferro Quelato + Vitamina C,1.0,34.93
2024-09-23,Fresh Vegan,1.0,130.78
2024-09-23,Fresh Whey,7.0,680.96
2024-09-23,Gel Nitrato,1.0,34.95
2024-09-23,Glutamina,1.0,57.04
2024-09-23,Glutamina - Glutamax Refil,1.0,97.75
2024-09-23,Glutamina Isolada,1.0,44.74
2024-09-23,Glutamina em Pó,2.0,101.0
2024-09-23,Grassfed Whey Protein,1.0,137.25
2024-09-23,Magnésio,1.0,45.9
2024-09-23,Magnésio - Bio Trimag,6.0,256.68
2024-09-23,Magnésio - Inositol Relief 3.0,3.0,479.1
2024-09-23,Magnésio Plus - 350mg,2.0,130.62
2024-09-23,Magnésio Plus 900mg,1.0,73.18
2024-09-23,Melatonina,1.0,46.94
2024-09-23,Melatonina Duo,1.0,44.51
2024-09-23,Melatonina em Gotas,1.0,32.3
2024-09-23,Morning Shot - Imunidade,3.0,276.34
2024-09-23,Multivitaminico  - Imunomult- 1000mg,4.0,408.0
2024-09-23,Multivitamínico - Vitalift,1.0,121.98
2024-09-23,Neuro Health,1.0,153.34
2024-09-23,Omegafor Plus,9.0,1374.68
2024-09-23,Palatinose,4.0,183.48
2024-09-23,Pasta de Amendoim,3.0,160.77
2024-09-23,Probiótico - Simfort Plus,1.0,49.3
2024-09-23,Probióticos em Pó - Simfort,2.0,216.85
2024-09-23,Proteína Isolada e Hidrolisada - Body Protein,6.0,985.92
2024-09-23,Própolis Verde - Premium 10mg,2.0,137.22
2024-09-23,Psyllium,1.0,38.59
2024-09-23,Refil Whey 100% Pure,1.0,116.56
2024-09-23,Repositor Energético - D Ribose,1.0,75.65
2024-09-23,Resveratrol Plus - 165mg,1.0,93.5
2024-09-23,Spirulina 500mg,1.0,83.85
2024-09-23,Super Ômega 3,5.0,737.92
2024-09-23,SuperCoffee,2.0,231.45
2024-09-23,Suplemento Alimentar  - Hepatofor,4.0,255.0
2024-09-23,Suplemento Alimentar - Alpha Metabolicus,1.0,127.05
2024-09-23,Suplemento Alimentar - Immune +,1.0,141.58
2024-09-23,Suplemento Vitamínico - ZMA,1.0,47.61
2024-09-23,Suplemento para Imunidade - Immune Up 100%,1.0,105.03
2024-09-23,Ultracoffee - Vegano,3.0,238.48
2024-09-23,Vegan Protein - Vegano,1.0,106.05
2024-09-23,Vegan Ômega 3 DHA,1.0,112.18
2024-09-23,Vitamina B12,3.0,89.94
2024-09-23,Vitamina B12 - Vitadop,1.0,30.29
2024-09-23,Vitamina C - Bio Vit C+,2.0,66.54
2024-09-23,Vitamina D - Vita D3,4.0,156.4
2024-09-23,Vitamina D - Vita D3 + C + Zinco,3.0,130.9
2024-09-23,Vitamina D3 + K2,1.0,59.5
2024-09-23,Vitamina D3 Synergy,2.0,89.78
2024-09-23,Whey,3.0,490.89
2024-09-23,Whey - Isocrisp Pouch,1.0,75.65
2024-09-23,Whey Fort 3W,1.0,165.75
2024-09-23,Whey Isolado,1.0,180.55
2024-09-23,Whey Protein 100% - Refil,1.0,127.5
2024-09-23,Whey Protein 100% Gold,1.0,198.98
2024-09-23,Whey Protein Concentrado,2.0,339.84
2024-09-23,Whey Protein Isolado,8.0,1672.42
2024-09-23,Whey Protein Isolado - Isofort,5.0,1211.25
2024-09-23,Whey Tech 100%,8.0,935.68
2024-09-23,Whey hidrolisado e isolado,1.0,231.99
2024-09-23,Wheydop X,1.0,226.4
2024-09-23,Óleo de Krill,1.0,162.56
2024-09-23,Óleo de Krill  - Ômega 3 EPA DHA,1.0,86.7
2024-09-23,Ômega - Mega DHA,3.0,410.55
2024-09-23,Ômega 3 - 1360mg,1.0,121.92
2024-09-23,Ômega 3 - Omegafor Memory,1.0,79.9
2024-09-23,Ômega 3 EPA DHA,13.0,1079.64
2024-09-23,Ômega 3 Pulse,1.0,114.13
2024-09-23,Ômega 3 Super DHA,1.0,88.66
2024-09-23,Ômega 3 Super DHA - BIG N,4.0,408.28
2024-09-23,Ômega 3 Super DHA BIG,1.0,106.25
2024-09-30,100% Whey Crush Concentrada,3.0,379.95
2024-09-30,100% Whey Flavour,1.0,92.65
2024-09-30,100% Whey Pure,5.0,510.0
2024-09-30,100% Whey True Protein,1.0,166.54
2024-09-30,Achocolatado - Choco Family - Refil,1.0,29.75
2024-09-30,Aminoácido - BCAA Fort,1.0,102.34
2024-09-30,Aminoácido N-acetil L-cisteína (NAC),3.0,150.46
2024-09-30,Aminoácidos - Aminolift,1.0,147.26
2024-09-30,BT Nitrato 400,2.0,212.2
2024-09-30,Barrinha CHOKLERS CRISP - 12g,1.0,71.4
2024-09-30,Barrinha de Proteína,1.0,47.57
2024-09-30,Barrinha de Proteína - Protein Crisp Bar,1.0,61.23
2024-09-30,Best Whey,1.0,232.65
2024-09-30,Beta Alanina,3.0,161.5
2024-09-30,Bio Vitamina B12 em gotas,2.0,75.08
2024-09-30,"Boraprim - Borragem, Prímula e Gergelim",1.0,38.25
2024-09-30,Cappuccino Proteico,1.0,42.49
2024-09-30,Chlorella 530mg,1.0,77.97
2024-09-30,Coenzima Q10,1.0,113.9
2024-09-30,Coenzima Q10  (200mg p/ porção),1.0,161.5
2024-09-30,Coenzima Q10 (200mg p/ porção),1.0,93.5
2024-09-30,Coenzima Q10 + Ômega 3 + Vitamina E,2.0,255.0
2024-09-30,Coenzima Q10 - (100mg p/ porção),1.0,59.5
2024-09-30,Colosfort,1.0,193.8
2024-09-30,Colágeno - Colagentek,1.0,66.3
2024-09-30,Colágeno - Colagentek Protein - Bodybalance,4.0,537.48
2024-09-30,Colágeno - Collagen Essential Protein,2.0,301.08
2024-09-30,Colágeno - Collagen Gut,2.0,297.94
2024-09-30,Colágeno - Collagen Renew Hidrolisado,2.0,136.74
2024-09-30,Colágeno Hidrolisado - Collagen Pro 18g,1.0,144.43
2024-09-30,Colágeno Skin e Body,1.0,53.77
2024-09-30,Combo com 4 Sachês SuperCoffee,1.0,27.37
2024-09-30,Creatina,4.0,510.0
2024-09-30,Creatina - Creafort (Creapure),3.0,495.0
2024-09-30,Creatina 100%,7.0,511.4
2024-09-30,Creatina 100% Pure,1.0,107.04
2024-09-30,Creatina Monohidratada,18.0,1500.6
2024-09-30,Creatina Monohidratada - Creadop Serie Sport,2.0,166.64
2024-09-30,Creatina Monohidratada - Creatine,10.0,903.6
2024-09-30,Creatina Monohidratada - Hardcore,3.0,265.32
2024-09-30,Creatina Premium - Creapure,1.0,199.36
2024-09-30,Cromo Picolinato - 250mg,1.0,24.52
2024-09-30,Cúrcuma 500mg,2.0,168.64
2024-09-30,Cúrcuma Plus,3.0,145.75
2024-09-30,Feno Grego + Boro 500mg,1.0,78.67
2024-09-30,Ferro - Ydrosolv,1.0,79.6
2024-09-30,Ferro Quelato + Vitamina C,2.0,69.86
2024-09-30,Fibras - Fiberfor,1.0,69.7
2024-09-30,Fresh Whey,2.0,194.56
2024-09-30,Glutamina,2.0,114.08
2024-09-30,Glutamina em Pó,5.0,288.49
2024-09-30,Granola,1.0,35.82
2024-09-30,Maca Peruana 2000mg,1.0,66.43
2024-09-30,Magnésio - Bio Trimag,2.0,85.56
2024-09-30,Magnésio - Inositol Relief 3.0,1.0,159.7
2024-09-30,Magnésio Inositol,2.0,317.84
2024-09-30,Magnésio Plus - 350mg,2.0,130.62
2024-09-30,Magnésio Plus 900mg,1.0,73.18
2024-09-30,Melatonina Duo,1.0,44.51
2024-09-30,Melatonina Fast,1.0,46.21
2024-09-30,Morning Shot - Imunidade,1.0,87.21
2024-09-30,Multivitaminico  - Imunomult- 1000mg,1.0,102.0
2024-09-30,Omegafor Plus,12.0,1780.68
2024-09-30,Palatinose,3.0,138.37
2024-09-30,Pasta de Amendoim,1.0,27.12
2024-09-30,Pasta de Amendoim Granulado,1.0,20.22
2024-09-30,Prebiótico,2.0,124.24
2024-09-30,Probiótico - Simfort Plus,3.0,185.3
2024-09-30,Probióticos em Pó - Simfort,1.0,85.95
2024-09-30,Proteína Isolada e Hidrolisada - Body Protein,4.0,657.28
2024-09-30,Proteína Isolada e Hidrolisada - Body Protein Red,3.0,492.96
2024-09-30,Proteína Vegana - Vegan Tasty,2.0,219.48
2024-09-30,Pré-Treino - V Fort Ultra,1.0,101.48
2024-09-30,Pré-treino Exquenta,1.0,152.99
2024-09-30,Própolis Alcoólico,1.0,23.29
2024-09-30,Própolis Verde,4.0,156.49
2024-09-30,Própolis Verde - Alcoólico,2.0,44.5
2024-09-30,Própolis Verde - Premium 10mg,2.0,137.22
2024-09-30,Própolis Verde - Propomax,1.0,23.08
2024-09-30,Própolis Verde 70,1.0,31.97
2024-09-30,Psyllium,3.0,184.89
2024-09-30,Refil Whey 100% Pure,1.0,116.56
2024-09-30,Refil Whey Concentrado - W100,1.0,86.99
2024-09-30,Refil Whey Concentrado Havanna - W100,1.0,96.49
2024-09-30,Resveratrol Plus - 165mg,2.0,187.0
2024-09-30,Sleep,1.0,151.65
2024-09-30,Super Ômega 3,1.0,180.38
2024-09-30,SuperCoffee,2.0,283.96
2024-09-30,Suplemento Alimentar  - Hepatofor,2.0,127.5
2024-09-30,Suplemento Alimentar - GUARDIAN®,2.0,324.54
2024-09-30,Suplemento Alimentar - Slim Body 400mg,1.0,65.03
2024-09-30,Suplemento alimentar de Ômega 3 - DHA OX,1.0,138.72
2024-09-30,Suplemento para Cabelos e Unhas- Biocolin Hair,2.0,146.04
2024-09-30,Termogênico - Termo Plus,2.0,195.5
2024-09-30,Trio Magnésio 720mg,1.0,50.37
2024-09-30,True Cúrcuma,2.0,144.34
2024-09-30,Vitamina - Good Mood,1.0,59.47
2024-09-30,Vitamina B12,10.0,313.73
2024-09-30,Vitamina C - Bio Vit C+,1.0,33.27
2024-09-30,Vitamina D - Vita D3,7.0,273.7
2024-09-30,Vitamina D - Vita D3 + C + Zinco,2.0,81.6
2024-09-30,Vitamina D3,1.0,33.89
2024-09-30,Vitamina D3 + K2,4.0,227.59
2024-09-30,Vitamina D3 + K2 Gotas,1.0,52.06
2024-09-30,Vitamina D3 - 2000 Ui,1.0,30.94
2024-09-30,Vitamina D3 Synergy,2.0,89.78
2024-09-30,Vitamina E,1.0,26.85
2024-09-30,Whey,4.0,640.14
2024-09-30,Whey 100% - Proteína Concentrada,1.0,124.77
2024-09-30,Whey 3W - Delicious,1.0,77.35
2024-09-30,Whey Fort 3W,4.0,663.0
2024-09-30,Whey Protein Concentrado,11.0,1869.12
2024-09-30,Whey Protein Isolado,3.0,685.77
2024-09-30,Whey Protein Isolado - Isofort,1.0,242.25
2024-09-30,Whey Tech 100%,12.0,1403.52
2024-09-30,Whey hidrolisado e isolado,2.0,463.98
2024-09-30,Ômega -  Mega DHA,1.0,83.0
2024-09-30,Ômega - Mega DHA,1.0,136.85
2024-09-30,Ômega 3 - 1360mg,1.0,121.92
2024-09-30,Ômega 3 - EPA DHA - 1000mg,4.0,249.31
2024-09-30,Ômega 3 - Omegafor Memory,1.0,79.9
2024-09-30,Ômega 3 EPA DHA,21.0,1279.11
2024-09-30,Ômega 3 Pulse,2.0,228.88
2024-09-30,Ômega 3 Super DHA - BIG N,1.0,102.07
2024-10-07,100% Whey Crush Concentrada,2.0,253.3
2024-10-07,100% Whey Flavour,1.0,92.65
2024-10-07,100% Whey Pure,8.0,816.0
2024-10-07,100% Whey True Protein,1.0,166.54
2024-10-07,Aminoácido - Aminovita,1.0,120.7
2024-10-07,Aminoácido N-acetil L-cisteína (NAC),2.0,116.46
2024-10-07,BT 400,2.0,296.08
2024-10-07,BT Nitrato 400,5.0,650.47
2024-10-07,BT Nitrato com cafeína,3.0,302.01
2024-10-07,Barrinha de Proteína,10.0,921.16
2024-10-07,Barrinha de Proteína - Protein Crisp Bar,2.0,122.46
2024-10-07,Barrinha de Proteína Best Whey 49g (12g de Proteína),1.0,99.44
2024-10-07,Barrinha de Proteína Protein Crisp,2.0,145.95
2024-10-07,Barrinha de Proteína Thin,2.0,183.4
2024-10-07,Barrinha de Proteína Whey Grego - Havanna,1.0,86.4
2024-10-07,Beef Protein,1.0,163.63
2024-10-07,Beta Alanina,1.0,45.9
2024-10-07,Beta Alanina 100%,2.0,86.7
2024-10-07,Beta Alanina Pure,1.0,66.3
2024-10-07,Bio Cálcio  60 caps PURAVIDA,2.0,115.44
2024-10-07,Bio Ferro,1.0,37.54
2024-10-07,Bio Vitamina B12 em gotas,4.0,150.16
2024-10-07,Bio Zinco,3.0,76.86
2024-10-07,Cafeína,1.0,33.2
2024-10-07,Cappuccino Proteico,1.0,42.49
2024-10-07,Chlorella 400mg,1.0,77.97
2024-10-07,Clorella Orgânica - 600 tabletes,1.0,192.0
2024-10-07,Coenzima Q10,1.0,77.19
2024-10-07,Coenzima Q10 (200mg p/ porção),2.0,187.0
2024-10-07,Coenzima Q10 + Ômega 3 + Vitamina E,2.0,231.75
2024-10-07,Coenzima Q10 - (100mg p/ porção),1.0,59.5
2024-10-07,Colágeno - Colagentek,3.0,198.9
2024-10-07,Colágeno - Colagentek Protein - Bodybalance,2.0,268.74
2024-10-07,Colágeno - Collagen Essential Protein,2.0,301.08
2024-10-07,Colágeno Hidrolisado,1.0,44.34
2024-10-07,Colágeno Hidrolisado - Collagen Pro 18g,1.0,144.43
2024-10-07,Colágeno Skin e Body,1.0,53.77
2024-10-07,Colágeno Tipo II,1.0,53.97
2024-10-07,Combo com 4 Sachês SuperCoffee,1.0,27.37
2024-10-07,Complexo B 500mg,1.0,31.07
2024-10-07,Creatina,7.0,718.43
2024-10-07,Creatina - Creafort (Creapure),4.0,660.0
2024-10-07,Creatina 100%,2.0,95.2
2024-10-07,Creatina 100% Pure,1.0,107.04
2024-10-07,Creatina Monohidratada,9.0,774.72
2024-10-07,Creatina Monohidratada (Creapure),2.0,340.1
2024-10-07,Creatina Monohidratada - Creadop Serie Sport,1.0,83.32
2024-10-07,Creatina Monohidratada - Creatine,8.0,722.88
2024-10-07,Creatina Monohidratada - Hardcore,1.0,88.44
2024-10-07,Cálcio de Algas 1000mg,1.0,47.54
2024-10-07,Cúrcuma 500mg,1.0,84.32
2024-10-07,Cúrcuma Plus,4.0,241.4
2024-10-07,Energy Gel,2.0,143.57
2024-10-07,Enzima Lactase - Laczyme,1.0,49.3
2024-10-07,Ferro - Ydrosolv,2.0,159.2
2024-10-07,Fresh Whey,5.0,486.4
2024-10-07,Gel Neutro Fresh com Cafeína,1.0,27.98
2024-10-07,Gel Nitrato,1.0,25.83
2024-10-07,Glutamina,3.0,165.83
2024-10-07,Glutamina - Glutamax Refil,1.0,97.75
2024-10-07,Glutamina em Pó,5.0,324.48
2024-10-07,Granola,1.0,19.35
2024-10-07,Granola Australia - Low Carb,3.0,92.77
2024-10-07,Grassfed Whey Protein,1.0,223.95
2024-10-07,Hipercalórico - Monsterone,1.0,92.59
2024-10-07,L-Taurina - 1.000mg,1.0,28.9
2024-10-07,Maca Peruana,1.0,35.79
2024-10-07,Maca Peruana 2000mg,1.0,66.43
2024-10-07,Magnésio,1.0,41.79
2024-10-07,Magnésio - 3MAG - Pool de Magnésio,1.0,61.97
2024-10-07,Magnésio - Bio Trimag,4.0,171.12
2024-10-07,Magnésio - Inositol Relief 3.0,3.0,479.1
2024-10-07,Magnésio Plus - 350mg,2.0,130.62
2024-10-07,Magnésio Plus 900mg,1.0,73.18
2024-10-07,Melatonina Duo Harmony,1.0,85.09
2024-10-07,Morning Shot - Imunidade,3.0,261.63
2024-10-07,Multivitaminico  - Imunomult- 1000mg,1.0,102.0
2024-10-07,Omegafor Plus,16.0,2580.56
2024-10-07,Palatinose,1.0,48.15
2024-10-07,Pasta de Castanha de Caju,1.0,29.75
2024-10-07,Probiótico - Simfort Plus,2.0,173.4
2024-10-07,Probióticos em Pó - Simfort,1.0,130.9
2024-10-07,Profem - Óleo de Prímula,1.0,84.15
2024-10-07,Proteína Isolada e Hidrolisada - Body Protein,4.0,657.28
2024-10-07,Proteína Isolada e Hidrolisada - Body Protein Red,2.0,328.64
2024-10-07,Proteína Vegana - One Nutrition,1.0,139.64
2024-10-07,Pré-Treino - V Fort Ultra,1.0,101.48
2024-10-07,Pré-Treino Turbo,1.0,86.73
2024-10-07,Própolis Líquido - Gotas,2.0,62.7
2024-10-07,Própolis Verde - Alcoólico,1.0,22.25
2024-10-07,Própolis Verde - Propomax,1.0,23.08
2024-10-07,Psyllium,2.0,123.26
2024-10-07,Refil 100% Whey - Tasty Iso,1.0,328.47
2024-10-07,Refil Whey Concentrado Havanna - W100,2.0,192.98
2024-10-07,Resveratrol Plus - 165mg,2.0,187.0
2024-10-07,Shot Matinal,1.0,61.69
2024-10-07,Spirulina Orgânica - 200 tabletes,1.0,78.15
2024-10-07,Super Ômega 3,5.0,792.58
2024-10-07,SuperCoffee,4.0,567.92
2024-10-07,Suplemento Alimentar  - Hepatofor,2.0,127.5
2024-10-07,Suplemento Alimentar - GUARDIAN®,1.0,162.27
2024-10-07,Suplemento Alimentar - Moreflex,1.0,119.0
2024-10-07,Suplemento Alimentar - True Nac,1.0,49.15
2024-10-07,Tasty Whey 3W Gourmet,2.0,282.06
2024-10-07,Tortinha Proteica,1.0,51.34
2024-10-07,Trio Magnésio 720mg,2.0,106.34
2024-10-07,Ultracoffee - Vegano,2.0,151.86
2024-10-07,Vegan Ômega 3 DHA,1.0,112.18
2024-10-07,Vitamina - Good Mood,1.0,59.47
2024-10-07,Vitamina B12,2.0,95.46
2024-10-07,Vitamina B9 - Ácido Fólico,1.0,61.52
2024-10-07,Vitamina C + Zinco - Gomas,1.0,47.19
2024-10-07,Vitamina C - VIT C 4 Protect,1.0,119.0
2024-10-07,Vitamina D - Vita D3,3.0,117.3
2024-10-07,Vitamina D - Vita D3 + C + Zinco,5.0,246.5
2024-10-07,Vitamina D3,1.0,72.18
2024-10-07,Vitamina D3 + K2 Gotas,2.0,107.43
2024-10-07,Vitamina D3 - Ydrosolv,1.0,61.41
2024-10-07,Vitamina D3 Synergy,1.0,59.5
2024-10-07,Whey,3.0,712.14
2024-10-07,Whey - Isocrisp Pouch,1.0,75.65
2024-10-07,Whey 100% Gold Standard,1.0,224.25
2024-10-07,Whey 3W - Delicious,4.0,309.4
2024-10-07,Whey Fort 3W,6.0,967.5
2024-10-07,Whey Isolado - Iso Triple Zero,4.0,689.96
2024-10-07,Whey Protein 100% Gold,1.0,178.4
2024-10-07,Whey Protein Concentrado,4.0,679.68
2024-10-07,Whey Protein Isolado,4.0,914.36
2024-10-07,Whey Protein Isolado - Isofort,4.0,969.0
2024-10-07,Whey Tech 100%,9.0,1052.64
2024-10-07,Whey Vegetal - Garrafinha,1.0,18.99
2024-10-07,Whey hidrolisado e isolado,1.0,231.99
2024-10-07,Whey hidrolisado e isolado Creme Broule 837g TRUE SOURCE,1.0,231.99
2024-10-07,Ômega - Mega DHA,2.0,273.7
2024-10-07,Ômega 3 - EPA DHA - 1000mg,1.0,71.45
2024-10-07,Ômega 3 - Omegafor Memory,2.0,159.8
2024-10-07,Ômega 3 DHA,1.0,121.11
2024-10-07,Ômega 3 EPA DHA,16.0,1333.07
2024-10-07,Ômega 3 Pulse,3.0,342.39
2024-10-07,Ômega 3 Super DHA,1.0,88.66
2024-10-07,Ômega 3 Super DHA - BIG N,2.0,173.7
2024-10-14,100% Whey Pure,3.0,306.0
2024-10-14,Achocolatado - Choco Family - Refil,1.0,29.75
2024-10-14,Achocolatado - Chocoki,1.0,63.08
2024-10-14,Aminoácido - Aminovita,4.0,416.5
2024-10-14,Aminoácido N-acetil L-cisteína (NAC),3.0,174.69
2024-10-14,BT Nitrato,1.0,100.61
2024-10-14,Barra Chocolate 40%,1.0,24.65
2024-10-14,Barrinha de Proteína,6.0,562.04
2024-10-14,Barrinha de Proteína Cleanpro Bar,1.0,83.39
2024-10-14,Barrinha de Proteína Protein Crisp,2.0,155.37
2024-10-14,Barrinha de Proteína Thin,2.0,197.88
2024-10-14,Barrinha de Proteína Whey Grego - Havanna,1.0,83.44
2024-10-14,Beef Protein,6.0,805.8
2024-10-14,Beta Alanina,2.0,91.8
2024-10-14,Beta Alanina Pure,1.0,66.3
2024-10-14,Beta Glucana,1.0,74.29
2024-10-14,Bio Ferro,4.0,150.16
2024-10-14,Bio Vitamina B12 em gotas,3.0,112.62
2024-10-14,Bio Zinco,1.0,25.62
2024-10-14,Blend de Chá - Calmante,1.0,24.85
2024-10-14,Blend de Chá - Detox,1.0,21.56
2024-10-14,Bom Ciclo,2.0,146.04
2024-10-14,"Boraprim - Borragem, Prímula e Gergelim",2.0,104.55
2024-10-14,Cafeína,1.0,39.31
2024-10-14,Cappuccino Proteico,2.0,84.98
2024-10-14,Chlorella 530mg,1.0,77.97
2024-10-14,Coenzima Q10,4.0,405.12
2024-10-14,Coenzima Q10  (200mg p/ porção),2.0,323.0
2024-10-14,Coenzima Q10 (200mg p/ porção),3.0,280.5
2024-10-14,Coenzima Q10 + Ômega 3 + Vitamina E,3.0,382.5
2024-10-14,Coenzima Q10 - 200mg,1.0,129.97
2024-10-14,Coffee - Brainstorm,1.0,85.0
2024-10-14,Colágeno - Colagentek,3.0,198.9
2024-10-14,Colágeno - Colagentek Protein - Bodybalance,3.0,403.11
2024-10-14,Colágeno - Collagen Bones,1.0,147.26
2024-10-14,Colágeno - Collagen Essential Protein,1.0,150.54
2024-10-14,Colágeno - Collagen Gut,1.0,148.97
2024-10-14,Colágeno - Collagen Pro - Body Suport,1.0,163.98
2024-10-14,Colágeno - Collagen Protein Hidrolisado,2.0,273.22
2024-10-14,Colágeno - Collagen Renew Hidrolisado,3.0,199.45
2024-10-14,Colágeno - Collagen Tipo II 40mg,1.0,67.94
2024-10-14,Colágeno Hidrolisado,1.0,44.34
2024-10-14,Colágeno Hidrolisado - Collagen Pro 18g,3.0,445.71
2024-10-14,Complexo B 500mg,1.0,31.07
2024-10-14,Creatina,6.0,573.51
2024-10-14,Creatina - Creafort (Creapure),8.0,1320.0
2024-10-14,Creatina 100%,6.0,321.24
2024-10-14,Creatina 100% Pure,1.0,107.04
2024-10-14,Creatina Monohidratada,9.0,725.85
2024-10-14,Creatina Monohidratada (Creapure),2.0,323.2
2024-10-14,Creatina Monohidratada - Creadop Serie Sport,1.0,83.32
2024-10-14,Creatina Monohidratada - Creatine,10.0,861.08
2024-10-14,Creatina Monohidratada - Hardcore,1.0,88.44
2024-10-14,Creatina Premium - Creapure,2.0,398.72
2024-10-14,Cúrcuma Plus,4.0,223.75
2024-10-14,Energy Gel,2.0,285.33
2024-10-14,Extrato de Laranja Moro 400mg,1.0,84.32
2024-10-14,Feno Grego + Boro 500mg,1.0,83.04
2024-10-14,Ferro,1.0,18.18
2024-10-14,Ferro - Ydrosolv,4.0,318.4
2024-10-14,Ferro Quelato + Vitamina C,2.0,77.6
2024-10-14,Fresh Whey,2.0,194.56
2024-10-14,Glutamina,6.0,336.95
2024-10-14,Glutamina - Glutamax,1.0,72.25
2024-10-14,Glutamina - Glutamax Refil,1.0,97.75
2024-10-14,Glutamina em Pó,2.0,101.0
2024-10-14,Granola Australia - Low Carb,1.0,32.09
2024-10-14,L-Carnitina 530mg,2.0,153.0
2024-10-14,Maca Peruana 2000mg,1.0,66.43
2024-10-14,Magnésio - Bio Trimag,1.0,61.5
2024-10-14,Magnésio - Inositol Relief 3.0,1.0,159.7
2024-10-14,Magnésio Inositol,1.0,158.92
2024-10-14,Magnésio Quelato - Bio Mag,1.0,53.46
2024-10-14,Melatonina - Sleepfor,1.0,49.3
2024-10-14,Morning Shot - Imunidade,3.0,291.05
2024-10-14,Multivitaminico  - Imunomult- 1000mg,1.0,102.0
2024-10-14,Multivitaminico - Imunomult- 1000mg,2.0,143.97
2024-10-14,Omegafor Plus,5.0,855.84
2024-10-14,Palatinose,2.0,90.22
2024-10-14,Palatinose 100% - Carbolift,1.0,70.03
2024-10-14,Pasta de Amendoim Granulado,1.0,20.22
2024-10-14,Pasta de Amendoim Integral,1.0,15.99
2024-10-14,Probiótico - Simcaps,1.0,41.23
2024-10-14,Probiótico - Simfort Plus,1.0,86.7
2024-10-14,Probióticos em Pó - Simfort,1.0,85.95
2024-10-14,Proteína Isolada e Hidrolisada - Body Protein,4.0,657.28
2024-10-14,Proteína Vegana - Immuno Veggie,1.0,188.5
2024-10-14,Proteína Vegana - One Nutrition,1.0,139.64
2024-10-14,Própolis Líquido - Gotas,1.0,31.35
2024-10-14,Psyllium,1.0,61.63
2024-10-14,Refil Whey Concentrado - W100,3.0,285.83
2024-10-14,Refil Whey Concentrado Havanna - W100,1.0,108.11
2024-10-14,Resveratrol Plus - 165mg,3.0,280.5
2024-10-14,Simfort fibras,1.0,49.3
2024-10-14,Sleep,2.0,303.3
2024-10-14,Super Ômega 3,1.0,180.38
2024-10-14,SuperCoffee,4.0,515.41
2024-10-14,Suplemento - Hyaluronic Hair,2.0,133.46
2024-10-14,Suplemento Alimentar - Alpha Metabolicus,1.0,127.05
2024-10-14,"Suplemento Alimentar - Cabelo, Pele e Unha - Gomas",4.0,260.48
2024-10-14,Suplemento Alimentar - GUARDIAN®,1.0,162.27
2024-10-14,Suplemento Alimentar - Moreflex,1.0,119.0
2024-10-14,Suplemento alimentar de Ômega 3 - DHA OX,1.0,138.72
2024-10-14,Suplemento de Magnésio - Blue Calm,2.0,232.78
2024-10-14,Tablete de Doce,3.0,66.93
2024-10-14,Tasty Whey 3W Gourmet,3.0,423.09
2024-10-14,Termogênico - Termo Plus,1.0,97.75
2024-10-14,Trio Magnésio 720mg,1.0,53.17
2024-10-14,Triptofano - Triptoflex 215mg,1.0,42.08
2024-10-14,Triptofano Noite,1.0,70.69
2024-10-14,True Cúrcuma,1.0,72.17
2024-10-14,Vitamina - Good Mood,1.0,59.47
2024-10-14,Vitamina B12,3.0,92.83
2024-10-14,Vitamina D - Vita D3,4.0,156.4
2024-10-14,Vitamina D - Vita D3 + C + Zinco,1.0,49.3
2024-10-14,Vitamina D3 + K2,2.0,106.5
2024-10-14,Vitamina D3 + K2 Gotas,1.0,55.37
2024-10-14,Vitamina D3 - 2000 Ui,1.0,30.94
2024-10-14,Vitamina D3 - Ydrosolv,2.0,125.71
2024-10-14,Whey,5.0,1109.03
2024-10-14,Whey - Isocrisp Pouch,2.0,151.3
2024-10-14,Whey 100% - Proteína Concentrada,1.0,124.77
2024-10-14,Whey Fort 3W,6.0,994.5
2024-10-14,Whey Protein 100% - Refil,1.0,127.5
2024-10-14,Whey Protein Concentrado,5.0,818.43
2024-10-14,Whey Protein Concentrado Cappuccino 900g DUX,1.0,169.92
2024-10-14,Whey Protein Crisp - Isocrisp,1.0,41.31
2024-10-14,Whey Protein Isolado,14.0,2753.64
2024-10-14,Whey Protein Isolado - Isofort,4.0,969.0
2024-10-14,Whey Tech 100%,24.0,2839.52
2024-10-14,Óleo de Krill  - Ômega 3 EPA DHA,2.0,173.4
2024-10-14,Ômega 3 - EPA DHA - 1000mg,4.0,249.86
2024-10-14,Ômega 3 DHA,1.0,118.88
2024-10-14,Ômega 3 EPA DHA,14.0,987.86
2024-10-14,Ômega 3 Super DHA,1.0,88.66
2024-10-14,Ômega 3 Super DHA - BIG N,4.0,347.4
2024-10-21,100% Whey Flavour,1.0,92.65
2024-10-21,100% Whey Protein - Flavour,2.0,185.3
2024-10-21,100% Whey Pure,6.0,612.0
2024-10-21,Achocolatado - Choco Family - Refil,3.0,89.25
2024-10-21,Achocolatado - Chocoki,1.0,63.08
2024-10-21,Aminoácido - Aminovita,5.0,537.2
2024-10-21,Aminoácido N-acetil L-cisteína (NAC),1.0,34.0
2024-10-21,Aminoácidos - Aminnu EAAs,1.0,158.02
2024-10-21,BT Nitrato,7.0,704.27
2024-10-21,BT Nitrato 400,4.0,572.24
2024-10-21,Barrinha de Proteína,3.0,124.49
2024-10-21,Barrinha de Proteína - Protein Crisp Bar,2.0,122.46
2024-10-21,Barrinha de Proteína Best Whey 49g (12g de Proteína),1.0,99.44
2024-10-21,Barrinha de Proteína Best Whey 62g (15g de Proteína),1.0,132.5
2024-10-21,Barrinha de Proteína Choco Wheyfer,1.0,81.99
2024-10-21,Barrinha de Proteína Protein Crisp,2.0,147.9
2024-10-21,Barrinha de Proteína Tube,1.0,79.56
2024-10-21,Beta Alanina 100%,1.0,43.35
2024-10-21,Bio Ferro,2.0,75.08
2024-10-21,Bio Vitamina B12 em gotas,3.0,112.62
2024-10-21,Bio Zinco,1.0,25.62
2024-10-21,Body Protein Vegano,1.0,143.76
2024-10-21,"Boraprim - Borragem, Prímula e Gergelim",1.0,66.3
2024-10-21,Chlorella 530mg,1.0,77.97
2024-10-21,Chá Vitatea,5.0,216.75
2024-10-21,Coenzima  Q10 - 100mg,1.0,83.33
2024-10-21,Coenzima Q10,1.0,77.19
2024-10-21,Coenzima Q10 (200mg p/ porção),2.0,153.0
2024-10-21,Coenzima Q10 + Ômega 3 + Vitamina E,1.0,104.25
2024-10-21,Coenzima Q10 - 200mg,1.0,129.97
2024-10-21,Colágeno - Colagentek,3.0,198.9
2024-10-21,Colágeno - Colagentek Protein - Bodybalance,3.0,403.11
2024-10-21,Colágeno Tipo II,2.0,107.94
2024-10-21,Colágeno Tipo II - Chondro,1.0,107.13
2024-10-21,Complexo B 500mg,1.0,36.75
2024-10-21,Creatina,3.0,272.26
2024-10-21,Creatina - Creafort (Creapure),1.0,165.0
2024-10-21,Creatina - Creapure,1.0,161.12
2024-10-21,Creatina 100%,3.0,267.55
2024-10-21,Creatina 100% Pure,1.0,107.04
2024-10-21,Creatina Monohidratada,9.0,669.92
2024-10-21,Creatina Monohidratada -  Crealift (Creapure),1.0,245.65
2024-10-21,Creatina Monohidratada - Creadop Serie Sport,1.0,83.32
2024-10-21,Creatina Monohidratada - Creatine,9.0,813.24
2024-10-21,Creatina Monohidratada - Hardcore,2.0,176.88
2024-10-21,Cromo Picolinato - 250mg,1.0,24.52
2024-10-21,Cúrcuma 500mg,2.0,168.64
2024-10-21,Cúrcuma Plus,6.0,344.45
2024-10-21,Ferro - Ydrosolv,1.0,79.6
2024-10-21,Ferro Quelato + Vitamina C,2.0,77.6
2024-10-21,Fibras - Fiberfor,3.0,209.1
2024-10-21,Fresh Vegan,2.0,261.56
2024-10-21,Fresh Whey,12.0,1167.36
2024-10-21,Gel Neutro Fresh com Cafeína,3.0,83.94
2024-10-21,Gel Nitrato,2.0,73.41
2024-10-21,Gel Nitrato com L-Citrulinilarginina,4.0,149.88
2024-10-21,Glutamina - Glutamax,2.0,144.5
2024-10-21,Glutamina - Glutamax Refil,3.0,293.25
2024-10-21,Glutamina em Pó,1.0,73.13
2024-10-21,Granola Australia - Low Carb,3.0,91.02
2024-10-21,Magnésio - Bio Trimag,2.0,85.56
2024-10-21,Magnésio - Quelato,1.0,21.34
2024-10-21,Magnésio Inositol,1.0,158.92
2024-10-21,Magnésio Plus 900mg,2.0,154.5
2024-10-21,Melatonina,3.0,112.02
2024-10-21,Melatonina - Sleepfor,1.0,49.3
2024-10-21,Melatonina em Gotas,1.0,32.3
2024-10-21,Morning Shot - Imunidade,1.0,87.21
2024-10-21,NAC + Glycine + Taurine,2.0,138.72
2024-10-21,Omegafor Family - Ômega 3,1.0,64.3
2024-10-21,Omegafor Plus,6.0,829.84
2024-10-21,Palatinose,3.0,138.37
2024-10-21,Pasta de Amendoim Integral,1.0,15.99
2024-10-21,Prebiótico,1.0,61.24
2024-10-21,Probiótico - Simcaps,1.0,41.23
2024-10-21,Probiótico - Simfort Plus,1.0,86.7
2024-10-21,Probióticos em Pó - Simfort,2.0,171.9
2024-10-21,Proteína Isolada e Hidrolisada - Body Protein,7.0,1284.72
2024-10-21,Proteína Isolada e Hidrolisada - Body Protein Red,1.0,164.32
2024-10-21,Proteína Vegana - One Nutrition,1.0,139.64
2024-10-21,Pré-treino - Pre Workout,1.0,121.36
2024-10-21,Própolis Trio,1.0,64.95
2024-10-21,Própolis Verde - Alcoólico,1.0,22.25
2024-10-21,Própolis Verde - Premium 10mg,1.0,64.6
2024-10-21,Psyllium,3.0,138.81
2024-10-21,Refil Whey Concentrado - W100,7.0,730.7
2024-10-21,Refil Whey Concentrado Havanna - W100,4.0,432.44
2024-10-21,Resveratrol Plus - 165mg,1.0,93.5
2024-10-21,Simfort fibras,2.0,98.6
2024-10-21,Spirulina 500mg,1.0,83.85
2024-10-21,Super Ômega 3,3.0,541.14
2024-10-21,SuperCoffee,3.0,408.02
2024-10-21,Suplemento Alimentar  - Hepatofor,1.0,63.75
2024-10-21,Suplemento Alimentar - Alpha Men,1.0,116.93
2024-10-21,Suplemento Alimentar - Alpha Women,1.0,117.24
2024-10-21,"Suplemento Alimentar - Cabelo, Pele e Unha - Gomas",1.0,65.12
2024-10-21,Suplemento Alimentar - Focus Energy 500mg,1.0,61.69
2024-10-21,Suplemento Alimentar - GUARDIAN®,1.0,158.02
2024-10-21,Suplemento de Magnésio - Blue Calm,1.0,71.31
2024-10-21,Tablete de Doce,1.0,22.1
2024-10-21,Tasty Whey 3W Gourmet,3.0,423.09
2024-10-21,Termogênico - Termo Plus,2.0,195.5
2024-10-21,Trio Magnésio 720mg,2.0,106.34
2024-10-21,Ultracoffee - Vegano,2.0,151.86
2024-10-21,Vitamina - Good Mood,2.0,118.94
2024-10-21,Vitamina B12,6.0,187.12
2024-10-21,Vitamina C + Zinco - Gomas,2.0,94.38
2024-10-21,Vitamina D - Vita D3,5.0,195.5
2024-10-21,Vitamina D - Vita D3 + C + Zinco,3.0,130.9
2024-10-21,Vitamina D3,3.0,139.96
2024-10-21,Vitamina D3 + K2 Gotas,2.0,110.74
2024-10-21,Vitamina D3 - 2000 Ui,2.0,61.88
2024-10-21,Vitamina K2,1.0,53.21
2024-10-21,Vitamina K2 - Ydrosolv,1.0,140.35
2024-10-21,Whey,3.0,528.12
2024-10-21,Whey 3W - Delicious,3.0,232.05
2024-10-21,Whey Fort 3W,1.0,165.75
2024-10-21,Whey Isolado - Iso Triple Zero,1.0,172.49
2024-10-21,Whey Protein Concentrado,5.0,849.6
2024-10-21,Whey Protein Isolado,6.0,1379.13
2024-10-21,Whey Protein Isolado - Isofort,6.0,1453.5
2024-10-21,Whey Protein Isolado - Tasty Iso,2.0,337.4
2024-10-21,Whey Tech 100%,6.0,713.94
2024-10-21,Whey hidrolisado e isolado,1.0,231.99
2024-10-21,Ômega - Mega DHA,3.0,410.55
2024-10-21,Ômega 3 - 1360mg,1.0,121.92
2024-10-21,Ômega 3 - EPA DHA - 1000mg,2.0,130.92
2024-10-21,Ômega 3 - Omegafor Memory,2.0,159.8
2024-10-21,Ômega 3 - Ultra Caps 1000mg,2.0,273.06
2024-10-21,Ômega 3 DHA,1.0,118.88
2024-10-21,Ômega 3 EPA DHA,18.0,1251.71
2024-10-21,Ômega 3 Pulse,1.0,114.13
2024-10-21,Ômega 3 Super DHA - BIG N,2.0,173.7
2024-10-21,Ômegafor Vegan 400mg,1.0,128.77
2024-10-28,#Whey Fort 3W,1.0,165.75
2024-10-28,100% Whey Flavour,1.0,92.65
2024-10-28,100% Whey Protein - Flavour,2.0,185.3
2024-10-28,100% Whey Pure,7.0,714.0
2024-10-28,100% Whey True Protein,4.0,666.16
2024-10-28,Achocolatado - Choco Family - Refil,2.0,59.5
2024-10-28,Achocolatado - Chocoki,1.0,63.08
2024-10-28,Aminoácido - Aminovita,1.0,120.7
2024-10-28,Aminoácidos - Aminnu EAAs,4.0,632.08
2024-10-28,BT 400,1.0,148.04
2024-10-28,BT Nitrato,1.0,100.61
2024-10-28,BT Nitrato 400,1.0,143.06
2024-10-28,Barrinha de Proteína,3.0,115.38
2024-10-28,Barrinha de Proteína - Protein Crisp Bar,6.0,367.38
2024-10-28,Barrinha de Proteína Choco Wheyfer,1.0,23.77
2024-10-28,Best Whey,1.0,232.65
2024-10-28,Best Whey Iso,2.0,387.34
2024-10-28,Beta Alanina,4.0,183.6
2024-10-28,Bio Ferro,2.0,75.08
2024-10-28,Bio Zinco,1.0,25.62
2024-10-28,Blend de Chá - Calmante,1.0,24.85
2024-10-28,Blend de Chá - Detox,1.0,21.56
2024-10-28,Bom Ciclo,1.0,73.02
2024-10-28,"Boraprim - Borragem, Prímula e Gergelim",1.0,66.3
2024-10-28,Cafeína,2.0,66.4
2024-10-28,Chlorella 400mg,1.0,76.82
2024-10-28,Chocolate 70% Cacau,1.0,23.38
2024-10-28,Coenzima Q10,3.0,329.67
2024-10-28,Coenzima Q10 (200mg p/ porção),3.0,280.5
2024-10-28,Coenzima Q10 + Ômega 3 + Vitamina E,3.0,382.5
2024-10-28,Coenzima Q10 - (100mg p/ porção),1.0,59.5
2024-10-28,Colosfort Lactoferrin Plus,1.0,124.1
2024-10-28,Colágeno -  Collagen Gut,2.0,296.22
2024-10-28,Colágeno - Collagen Essential Protein,3.0,451.62
2024-10-28,Colágeno - Collagen Gut,1.0,148.97
2024-10-28,Colágeno - Collagen Protein Hidrolisado,1.0,125.11
2024-10-28,Colágeno - Collagen Protein Hidrolisado Berries Silvestres 450g PURAVIDA,1.0,134.48
2024-10-28,Colágeno - Collagen Renew Hidrolisado,3.0,205.11
2024-10-28,Colágeno Hidrolisado - Collagen Pro 18g,2.0,288.86
2024-10-28,Colágeno Tipo II,1.0,53.97
2024-10-28,Colágeno Verisol,1.0,78.0
2024-10-28,Creatina,4.0,417.18
2024-10-28,Creatina - Creafort (Creapure),2.0,330.0
2024-10-28,Creatina - Creapure,2.0,296.7
2024-10-28,Creatina - Gummies,1.0,83.2
2024-10-28,Creatina 100%,3.0,249.74
2024-10-28,Creatina Monohidratada,17.0,1390.85
2024-10-28,Creatina Monohidratada (Creapure),1.0,178.5
2024-10-28,Creatina Monohidratada - Creatine,6.0,542.16
2024-10-28,Creatina Monohidratada - Hardcore,2.0,176.88
2024-10-28,Cúrcuma - Curcumagic,1.0,112.56
2024-10-28,Cúrcuma Plus,5.0,301.75
2024-10-28,Energy Gel,2.0,143.57
2024-10-28,Energy Shot Gel,1.0,50.07
2024-10-28,Extrato de Laranja Moro 400mg,3.0,252.96
2024-10-28,Ferro Quelato + Vitamina C,2.0,77.6
2024-10-28,Fibras - Fiberfor,1.0,69.7
2024-10-28,Fresh Vegan,1.0,130.78
2024-10-28,Fresh Whey,7.0,706.44
2024-10-28,Gel Neutro Fresh com Cafeína,4.0,111.92
2024-10-28,Gel Nitrato,2.0,73.41
2024-10-28,Gel Nitrato c/ Cafeína,1.0,35.53
2024-10-28,Glutamina,4.0,227.31
2024-10-28,Glutamina - Glutamax,2.0,144.5
2024-10-28,Glutamina - Glutamax Refil,3.0,293.25
2024-10-28,Granola,1.0,35.82
2024-10-28,Granola Australia - Low Carb,4.0,123.11
2024-10-28,Magnésio - Bio Trimag,1.0,42.78
2024-10-28,Magnésio - Inositol Relief 3.0,1.0,159.7
2024-10-28,Magnésio Plus 900mg,2.0,154.5
2024-10-28,Magnésio Quelato - Bio Mag,1.0,53.46
2024-10-28,Melatonina - Sleepfor,1.0,49.3
2024-10-28,Melatonina - Ydrosolv,1.0,65.71
2024-10-28,Morning Shot - Imunidade,2.0,174.42
2024-10-28,Omegafor Family - Ômega 3,1.0,64.3
2024-10-28,Omegafor Plus,14.0,2362.12
2024-10-28,Palatinose,3.0,141.41
2024-10-28,Paçoquinha,1.0,22.73
2024-10-28,Prebiótico,1.0,61.24
2024-10-28,Probiótico - Simcaps,1.0,57.8
2024-10-28,Probiótico - Simfort Plus,2.0,173.4
2024-10-28,Probióticos em Pó - Simfort,2.0,121.27
2024-10-28,Proteína Isolada e Hidrolisada - Body Protein,4.0,791.76
2024-10-28,Pré-Treino,1.0,66.33
2024-10-28,Próbiotico - Purabiotics,2.0,153.0
2024-10-28,Própolis Líquido - Gotas,3.0,94.05
2024-10-28,Própolis Verde - Premium 10mg,2.0,129.2
2024-10-28,Própolis Verde 70,1.0,31.97
2024-10-28,Psyllium,2.0,77.18
2024-10-28,Quercetina 300mg,1.0,63.68
2024-10-28,Refil Whey Concentrado Havanna - W100,1.0,108.11
2024-10-28,Refil Whey Protein 100%,1.0,89.24
2024-10-28,Refil Wheydop Iso,1.0,181.67
2024-10-28,Resveratrol 500mg,1.0,67.35
2024-10-28,Resveratrol Plus - 165mg,2.0,187.0
2024-10-28,Simfort fibras,4.0,197.2
2024-10-28,Sleep,1.0,151.65
2024-10-28,Spirulina 400mg,1.0,74.25
2024-10-28,Super Ômega 3,4.0,612.2
2024-10-28,SuperCoffee,2.0,217.46
2024-10-28,Suplemento Alimentar - Alpha Inflaminus,1.0,122.81
2024-10-28,Suplemento Alimentar - GUARDIAN®,1.0,162.27
2024-10-28,Suplemento Alimentar - Slim Body 400mg,1.0,65.03
2024-10-28,Suplemento de Magnésio - Blue Calm,2.0,232.78
2024-10-28,Suplemento para Cabelos e Unhas- Biocolin Hair,1.0,73.02
2024-10-28,Suplemento para Imunidade - Immune Up 100%,1.0,105.03
2024-10-28,Tablete de Doce,2.0,44.83
2024-10-28,Tasty Whey 3W Gourmet,2.0,282.06
2024-10-28,Vitamina - Good Mood,1.0,59.47
2024-10-28,Vitamina B12,4.0,125.92
2024-10-28,Vitamina D - Vita D3,10.0,391.0
2024-10-28,Vitamina D - Vita D3 + C + Zinco,3.0,139.85
2024-10-28,Vitamina D3 + K2,1.0,62.25
2024-10-28,Vitamina D3 - 2000 Ui,1.0,30.94
2024-10-28,Vitamina D3 Synergy,2.0,119.0
2024-10-28,Vitamina K2,1.0,53.21
2024-10-28,Vitamina K2- Menaquinona,1.0,53.17
2024-10-28,"Vitaminas A, E, D e K2- RESTAURE® - Gotas",2.0,269.96
2024-10-28,Whey,6.0,1099.59
2024-10-28,Whey 100% - Proteína Concentrada,1.0,124.77
2024-10-28,Whey Fort 3W,5.0,828.75
2024-10-28,Whey Isolado - Garrafinha,2.0,37.98
2024-10-28,Whey Isolado - Iso Triple Zero,2.0,344.98
2024-10-28,Whey Protein 3W,1.0,153.17
2024-10-28,Whey Protein Concentrado,4.0,648.51
2024-10-28,Whey Protein Isolado,7.0,1617.84
2024-10-28,Whey Protein Isolado - Isofort,5.0,1211.25
2024-10-28,Whey Tech 100%,19.0,2260.81
2024-10-28,Whey Vegetal - Garrafinha,1.0,18.99
2024-10-28,Whey hidrolisado e isolado,1.0,231.99
2024-10-28,Óleo de Coco  - Spray,1.0,23.8
2024-10-28,Ômega - Mega DHA,1.0,136.85
2024-10-28,Ômega 3 - 1360mg,5.0,609.6
2024-10-28,Ômega 3 - EPA DHA - 1000mg,2.0,106.41
2024-10-28,Ômega 3 DHA,2.0,237.76
2024-10-28,Ômega 3 EPA DHA,13.0,1019.19
2024-10-28,Ômega 3 Fosfatix,1.0,150.28
2024-10-28,Ômega 3 Pulse,1.0,114.13
2024-10-28,Ômega 3 Super DHA - BIG N,1.0,86.85
2024-10-28,Ômega 3 Super DHA BIG,1.0,127.59
2024-10-28,Ômega Core,1.0,133.88
2024-10-28,Ômega Golden,1.0,133.88
2024-11-04,100% Whey Flavour,1.0,92.65
2024-11-04,100% Whey Protein - Flavour,2.0,185.3
2024-11-04,100% Whey Pure,6.0,612.0
2024-11-04,100% Whey True Protein,2.0,333.08
2024-11-04,Aminoácido - Aminovita,2.0,241.4
2024-11-04,Aminoácidos - Aminnu EAAs,1.0,158.02
2024-11-04,Antioxidante - Astaxantina,1.0,138.03
2024-11-04,Artimax,1.0,83.04
2024-11-04,BT Nitrato,1.0,100.61
2024-11-04,Barrinha CHOKLERS CRISP - 12g,1.0,71.4
2024-11-04,Barrinha CHOKLERS CRISP - 24g,1.0,141.68
2024-11-04,Barrinha de Proteína,6.0,311.93
2024-11-04,Barrinha de Proteína - Protein Crisp Bar,3.0,183.69
2024-11-04,Barrinha de Proteína Choco Wheyfer,3.0,133.09
2024-11-04,Barrinha de Proteína Protein Crisp,1.0,81.42
2024-11-04,Barrinha de Proteína Whey Grego - Havanna,1.0,86.7
2024-11-04,Beef Protein,2.0,327.26
2024-11-04,Beta Alanina,3.0,137.7
2024-11-04,Beta Alanina 100%,1.0,43.35
2024-11-04,Bio Ferro,4.0,150.16
2024-11-04,Bio Vitamina B12 em gotas,2.0,75.08
2024-11-04,Bio Zinco,2.0,51.24
2024-11-04,Bombom,1.0,33.24
2024-11-04,"Boraprim - Borragem, Prímula e Gergelim",3.0,198.9
2024-11-04,Chá,1.0,22.8
2024-11-04,Chá Sublime - Brisa,1.0,18.0
2024-11-04,Coenzima Q10,1.0,75.45
2024-11-04,Coenzima Q10  (200mg p/ porção),1.0,161.5
2024-11-04,Coenzima Q10 (200mg p/ porção),1.0,59.5
2024-11-04,Coenzima Q10 + Ômega 3 + Vitamina E,3.0,382.5
2024-11-04,Colágeno - Colagentek,3.0,198.9
2024-11-04,Colágeno - Collagen Essential Protein,4.0,602.16
2024-11-04,Colágeno - Collagen Protein Hidrolisado,1.0,136.61
2024-11-04,Colágeno - Collagen Protein Hidrolisado Berries Silvestres 450g PURAVIDA,1.0,134.48
2024-11-04,Colágeno - Collagen Renew Hidrolisado,2.0,131.08
2024-11-04,Colágeno Collagen Resilience,1.0,153.81
2024-11-04,Colágeno Hidrolisado - Collagen Pro 18g,4.0,577.72
2024-11-04,Complexo B - Bio Vit.B+,1.0,35.11
2024-11-04,Complexo B 500mg,1.0,31.07
2024-11-04,Creatina,7.0,764.84
2024-11-04,Creatina - Creafort (Creapure),3.0,432.0
2024-11-04,Creatina - Creapure,2.0,296.7
2024-11-04,Creatina - Gummies,1.0,83.2
2024-11-04,Creatina 100%,3.0,196.27
2024-11-04,Creatina Monohidratada,22.0,1671.03
2024-11-04,Creatina Monohidratada (Creapure),2.0,340.1
2024-11-04,Creatina Monohidratada -  Crealift (Creapure),1.0,245.65
2024-11-04,Creatina Monohidratada - Creadop Serie Sport,1.0,83.32
2024-11-04,Creatina Monohidratada - Creatine,10.0,882.34
2024-11-04,Creatina Monohidratada - Hardcore,4.0,353.76
2024-11-04,Creatina Monohidratada em Gummy,1.0,93.86
2024-11-04,Cúrcuma Plus,7.0,369.5
2024-11-04,Energy Gel,2.0,93.15
2024-11-04,Extrato de Laranja Moro 400mg,1.0,84.32
2024-11-04,Ferro,1.0,18.18
2024-11-04,Ferro - Ydrosolv,2.0,159.2
2024-11-04,Ferro Quelado 34mg,1.0,26.43
2024-11-04,Ferro Quelato + Vitamina C,3.0,116.4
2024-11-04,Fresh Whey,6.0,715.81
2024-11-04,Gel Nitrato,2.0,72.83
2024-11-04,Gel Nitrato com L-Citrulinilarginina,1.0,37.47
2024-11-04,Glutamina,6.0,329.8
2024-11-04,Glutamina - Glutamax,3.0,227.08
2024-11-04,Glutamina - Glutamax Refil,3.0,293.25
2024-11-04,Glutamina 100% Pure,1.0,54.71
2024-11-04,Glutamina Pure,1.0,99.3
2024-11-04,Granola Australia - Low Carb,3.0,91.02
2024-11-04,Granola Coconut,1.0,33.97
2024-11-04,Isofort Plant (Life Vegan),1.0,91.8
2024-11-04,L-Carnitina 530mg,2.0,153.0
2024-11-04,Maca Peruana,3.0,107.37
2024-11-04,Maca Peruana 2000mg,1.0,66.43
2024-11-04,Magnésio,5.0,208.95
2024-11-04,Magnésio - 3MAG - Pool de Magnésio,1.0,61.97
2024-11-04,Magnésio - Bio Trimag,2.0,85.56
2024-11-04,Magnésio - Inositol Relief 3.0,3.0,479.1
2024-11-04,Magnésio Quelato - Bio Mag,1.0,53.46
2024-11-04,Melatonina,3.0,119.91
2024-11-04,Melatonina - Sleepfor,1.0,49.3
2024-11-04,Melatonina Duo,2.0,89.02
2024-11-04,Melatonina Duo Harmony,1.0,85.09
2024-11-04,Melatonina em Gotas,2.0,64.6
2024-11-04,Morning Shot - Imunidade,4.0,378.26
2024-11-04,Omegafor Family - Ômega 3,2.0,128.6
2024-11-04,Omegafor Plus,15.0,2037.24
2024-11-04,Palatinose,2.0,93.26
2024-11-04,Palatinose 100% - Carbolift,2.0,245.44
2024-11-04,Paçoquinha,1.0,22.73
2024-11-04,Probiótico - Simcaps,1.0,57.8
2024-11-04,Probiótico - Simfort Plus,6.0,520.2
2024-11-04,Proteína - Best Vegan,1.0,85.43
2024-11-04,Proteína - Isocrisp Plant Pouch,2.0,115.6
2024-11-04,Proteína Isolada e Hidrolisada - Body Protein,1.0,197.94
2024-11-04,Proteína Isolada e Hidrolisada - Body Protein Red,1.0,197.94
2024-11-04,Proteína Vegana - One Nutrition,1.0,133.0
2024-11-04,Próbiotico - Purabiotics,1.0,76.5
2024-11-04,Própolis Verde - Alcoólico,1.0,22.25
2024-11-04,Própolis Verde - Premium 10mg,3.0,193.8
2024-11-04,Psyllium,4.0,200.44
2024-11-04,Refil Whey 100% Pure,1.0,116.56
2024-11-04,Refil Whey Concentrado - W100,1.0,108.11
2024-11-04,Refil Whey Concentrado Havanna - W100,3.0,324.33
2024-11-04,Refil Whey Protein Concentrado,1.0,166.17
2024-11-04,Resveratrol,1.0,71.1
2024-11-04,Resveratrol 500mg,1.0,67.35
2024-11-04,Resveratrol Plus - 165mg,2.0,187.0
2024-11-04,Simfort fibras,1.0,49.3
2024-11-04,Sleep,2.0,256.58
2024-11-04,Spirulina 500mg,1.0,83.85
2024-11-04,Super Ômega 3,4.0,607.02
2024-11-04,SuperCoffee,9.0,1213.74
2024-11-04,SuperCoffee Língua de gato - Kopenhagen,2.0,280.66
2024-11-04,Suplemento - Hyaluronic Hair,3.0,200.19
2024-11-04,Suplemento Alimentar - Geleia Real - Apireal,2.0,72.6
2024-11-04,Suplemento Alimentar - L-teanina - Happy Theanine,2.0,209.44
2024-11-04,Suplemento Alimentar - Pura Fiber,1.0,65.0
2024-11-04,Suplemento alimentar de Ômega 3 - DHA OX,1.0,138.72
2024-11-04,Tablete de Doce,3.0,71.96
2024-11-04,Tasty Whey 3W Gourmet,3.0,423.09
2024-11-04,Termogênico - Termo Plus,2.0,209.95
2024-11-04,Trio Magnésio 720mg,1.0,53.17
2024-11-04,Ultracoffee - Vegano,2.0,151.86
2024-11-04,Vegan Ômega 3 DHA,2.0,234.32
2024-11-04,Vitamina B12,7.0,223.31
2024-11-04,Vitamina C - Bio Vit C+,1.0,33.27
2024-11-04,Vitamina D - Vita D3,5.0,195.5
2024-11-04,Vitamina D - Vita D3 + C + Zinco,4.0,180.2
2024-11-04,Vitamina D3 + K2,4.0,167.68
2024-11-04,Vitamina D3 + K2 Gotas,1.0,55.37
2024-11-04,Vitamina D3 Synergy,1.0,59.5
2024-11-04,Whey,2.0,462.88
2024-11-04,Whey - Isocrisp Pouch,1.0,75.65
2024-11-04,Whey 3W - Delicious,1.0,77.35
2024-11-04,Whey Fort 3W,1.0,165.75
2024-11-04,Whey Protein Concentrado,6.0,1019.52
2024-11-04,Whey Protein Concentrado Cappuccino 900g DUX,1.0,169.92
2024-11-04,Whey Protein Isolado,10.0,1500.81
2024-11-04,Whey Protein Isolado - Isofort,3.0,726.75
2024-11-04,Whey Protein Isolado - Tasty Iso,1.0,168.7
2024-11-04,Whey Tech 100%,13.0,1546.87
2024-11-04,Wheydop ISO,1.0,229.46
2024-11-04,Wheydop X,1.0,226.4
2024-11-04,Óleo de Prímula - 500mg,1.0,29.33
2024-11-04,Ômega - Mega DHA,1.0,136.85
2024-11-04,Ômega 3 - 1360mg,4.0,487.68
2024-11-04,Ômega 3 - EPA DHA - 1000mg,2.0,130.92
2024-11-04,Ômega 3 - Ultra Caps 1000mg,1.0,136.53
2024-11-04,Ômega 3 EPA DHA,17.0,1234.59
2024-11-04,Ômega 3 Pulse,1.0,114.13
2024-11-04,Ômega 3 Super DHA - BIG N,1.0,86.85
2024-11-04,Ômega 3 Super DHA BIG,4.0,510.36
2024-11-11,100% Whey Crush Concentrada,2.0,253.3
2024-11-11,100% Whey Flavour,2.0,192.94
2024-11-11,100% Whey Protein - Flavour,1.0,92.65
2024-11-11,100% Whey Pure,5.0,510.0
2024-11-11,Aminoácido - Aminovita,3.0,328.95
2024-11-11,Aminoácido N-acetil L-cisteína (NAC),2.0,116.46
2024-11-11,BT Nitrato,1.0,100.61
2024-11-11,BT Nitrato 400,1.0,143.06
2024-11-11,Barrinha de Proteína,4.0,153.84
2024-11-11,Barrinha de Proteína Protein Crisp,2.0,147.9
2024-11-11,Barrinha de Proteína Veganpro Bar,1.0,83.39
2024-11-11,Beef Protein,1.0,163.63
2024-11-11,Beta Alanina Pure,1.0,66.3
2024-11-11,Bio Ferro,4.0,150.16
2024-11-11,Biotina Plus,1.0,39.65
2024-11-11,Blend de Chá - Detox,1.0,21.56
2024-11-11,Bom Ciclo,1.0,73.02
2024-11-11,"Boraprim - Borragem, Prímula e Gergelim",6.0,369.75
2024-11-11,Cafeína,1.0,33.2
2024-11-11,Coenzima  Q10 - 100mg,1.0,83.33
2024-11-11,Coenzima Q10,3.0,231.57
2024-11-11,Coenzima Q10  (200mg p/ porção),4.0,646.0
2024-11-11,Coenzima Q10 (200mg p/ porção),4.0,374.0
2024-11-11,Coenzima Q10 + Ômega 3 + Vitamina E,7.0,846.0
2024-11-11,Coenzima Q10 - (100mg p/ porção),1.0,59.5
2024-11-11,Coenzima Q10 - 200mg,1.0,129.97
2024-11-11,Colosfort,2.0,387.6
2024-11-11,Colágeno - Colagentek,1.0,66.3
2024-11-11,Colágeno - Colagentek Protein - Bodybalance,4.0,537.48
2024-11-11,Colágeno - Collagen Gut,1.0,148.97
2024-11-11,Colágeno - Collagen Protein Hidrolisado,2.0,273.22
2024-11-11,Colágeno - Collagen Protein Hidrolisado Berries Silvestres 450g PURAVIDA,1.0,134.48
2024-11-11,Colágeno - Collagen Renew Hidrolisado,1.0,62.71
2024-11-11,Colágeno - Collcreatine,1.0,168.73
2024-11-11,Colágeno Hidrolisado,1.0,44.34
2024-11-11,Colágeno Hidrolisado - Collagen Pro 18g,2.0,288.86
2024-11-11,Colágeno Skin e Body,2.0,127.8
2024-11-11,Colágeno Tipo II,3.0,161.91
2024-11-11,Complexo B - Bio Vit.B+,1.0,35.11
2024-11-11,Complexo B 500mg,1.0,31.07
2024-11-11,Cranberry - She She Comfort,1.0,61.69
2024-11-11,Creatina,4.0,399.76
2024-11-11,Creatina - Creafort (Creapure),5.0,762.0
2024-11-11,Creatina - Gummies,1.0,83.2
2024-11-11,Creatina 100%,1.0,47.6
2024-11-11,Creatina Micronizada,1.0,228.24
2024-11-11,Creatina Monohidratada,23.0,1782.39
2024-11-11,Creatina Monohidratada (Creapure),3.0,535.5
2024-11-11,Creatina Monohidratada - Creatine,5.0,451.8
2024-11-11,Creatina Monohidratada - Hardcore,2.0,170.19
2024-11-11,Creatina Premium - Creapure,1.0,199.36
2024-11-11,Cálcio de Algas 1000mg,1.0,47.54
2024-11-11,Cúrcuma Plus,5.0,284.1
2024-11-11,Doce Bocadito,2.0,54.74
2024-11-11,Energy Gel,2.0,167.96
2024-11-11,Enzima Lactase - Laczyme,1.0,49.3
2024-11-11,Enzimas Enzyfor,1.0,110.5
2024-11-11,Ferro - Ydrosolv,1.0,79.6
2024-11-11,Ferro Quelato + Vitamina C,2.0,77.6
2024-11-11,Fresh Whey,3.0,291.84
2024-11-11,Gel Nitrato c/ Cafeína,2.0,71.06
2024-11-11,Glutamina,2.0,114.08
2024-11-11,Glutamina - Glutamax,2.0,144.5
2024-11-11,Glutamina - Glutamax Refil,1.0,97.75
2024-11-11,Isofort Plant (Life Vegan),4.0,367.2
2024-11-11,Magnésio,3.0,125.37
2024-11-11,Magnésio Dimalato,2.0,90.44
2024-11-11,Magnésio Plus - 350mg,2.0,130.62
2024-11-11,Magnésio Quelato - Bio Mag,1.0,53.46
2024-11-11,Melatonina,2.0,78.1
2024-11-11,Melatonina - Sleepfor,5.0,246.5
2024-11-11,Melatonina Duo,1.0,39.27
2024-11-11,Morning Shot - Imunidade,3.0,261.63
2024-11-11,Multivitaminico  - Imunomult- 1000mg,3.0,306.0
2024-11-11,Omegafor Family - Ômega 3,1.0,64.3
2024-11-11,Omegafor Plus,10.0,1480.28
2024-11-11,Palatinose,1.0,45.11
2024-11-11,Pasta de Amendoim,1.0,42.5
2024-11-11,Pasta de Amendoim Granulado,1.0,20.22
2024-11-11,Probiótico - Simcaps,3.0,173.4
2024-11-11,Probiótico - Simfort Plus,1.0,86.7
2024-11-11,Probióticos em Pó - Simfort,3.0,252.17
2024-11-11,Proteína Isolada e Hidrolisada - Body Protein Red,1.0,191.42
2024-11-11,Proteína Vegana - Vegan Tasty,2.0,219.48
2024-11-11,Proteína Vegana - Veggie Protein,1.0,144.49
2024-11-11,Própolis Líquido - Gotas,1.0,31.35
2024-11-11,Própolis Verde - Propomax,1.0,23.08
2024-11-11,Própolis Verde 70,2.0,63.94
2024-11-11,Psyllium,3.0,138.81
2024-11-11,Refil Whey 100% Pure,1.0,116.56
2024-11-11,Refil Whey Concentrado - W100,1.0,108.11
2024-11-11,Refil Whey Concentrado Havanna - W100,1.0,108.11
2024-11-11,Refil Whey Protein 100%,3.0,253.72
2024-11-11,Resveratrol Plus - 165mg,2.0,187.0
2024-11-11,Simfort fibras,1.0,49.3
2024-11-11,Spirulina 500mg,1.0,83.85
2024-11-11,Super Ômega 3,2.0,251.44
2024-11-11,SuperCoffee,1.0,89.25
2024-11-11,SuperCoffee Língua de gato - Kopenhagen,1.0,140.33
2024-11-11,Suplemento Alimentar  - Hepatofor,2.0,127.5
2024-11-11,"Suplemento Alimentar - Cabelo, Unha e Pele - Beauty +",1.0,106.18
2024-11-11,Suplemento Alimentar - GUARDIAN®,1.0,162.27
2024-11-11,Suplemento Alimentar - Pura Fiber,1.0,65.0
2024-11-11,Suplemento Alimentar - Slim Body 400mg,1.0,65.03
2024-11-11,Suplemento para Cabelos e Unhas- Biocolin Hair,1.0,73.02
2024-11-11,Tablete de Doce,1.0,22.73
2024-11-11,Tasty Whey 3W Gourmet,2.0,282.06
2024-11-11,Termogênico - Termo Plus,1.0,112.2
2024-11-11,Trio Magnésio 720mg,1.0,53.17
2024-11-11,Vegan Protein,1.0,123.41
2024-11-11,Vinagre de Maçã - Gummies,1.0,63.79
2024-11-11,Vitamina B12,5.0,157.1
2024-11-11,Vitamina D - Vita D3,4.0,156.4
2024-11-11,Vitamina D - Vita D3 + C + Zinco,4.0,180.2
2024-11-11,Vitamina D3,2.0,86.78
2024-11-11,Vitamina D3 + K2 Gotas,1.0,55.37
2024-11-11,Vitamina D3 - 2000 Ui,1.0,30.94
2024-11-11,Vitamina D3 Synergy,1.0,59.5
2024-11-11,Whey,5.0,803.77
2024-11-11,Whey - Isocrisp Pouch,2.0,151.3
2024-11-11,Whey 3W - Delicious,2.0,154.7
2024-11-11,Whey Isolado,1.0,180.55
2024-11-11,Whey Isolado - Iso Triple Zero,2.0,344.98
2024-11-11,Whey Isolado Nectar,1.0,247.84
2024-11-11,Whey Protein 100% - Refil,2.0,255.0
2024-11-11,Whey Protein Concentrado,2.0,339.84
2024-11-11,Whey Protein Isolado,9.0,2062.71
2024-11-11,Whey Protein Isolado - Isofort,3.0,726.75
2024-11-11,Whey Protein Isolado - Tasty Iso,3.0,506.1
2024-11-11,Whey Tech 100%,9.0,1104.91
2024-11-11,Óleo de Krill  - Ômega 3 EPA DHA,1.0,86.7
2024-11-11,Ômega - Mega DHA,1.0,136.85
2024-11-11,Ômega 3 - 1360mg,3.0,365.76
2024-11-11,Ômega 3 - EPA DHA - 1000mg,5.0,308.78
2024-11-11,Ômega 3 - Omegafor Memory,1.0,79.9
2024-11-11,Ômega 3 EPA DHA,14.0,1058.39
2024-11-11,Ômega 3 Pulse,1.0,114.13
2024-11-11,Ômega 3 Super DHA BIG,1.0,127.59
2024-11-18,100% Whey Protein Zero - Clinical,1.0,166.97
2024-11-18,100% Whey Pure,4.0,408.0
2024-11-18,Aminoácido - Aminovita,1.0,120.7
2024-11-18,Aminoácido N-acetil L-cisteína (NAC),3.0,174.69
2024-11-18,Aminoácidos - Aminnu EAAs,3.0,474.06
2024-11-18,BT 400,1.0,148.04
2024-11-18,Barrinha CHOKLERS CRISP - 12g,1.0,71.4
2024-11-18,Barrinha CHOKLERS CRISP - 24g,2.0,283.36
2024-11-18,Barrinha de Proteína,1.0,47.57
2024-11-18,Barrinha de Proteína - Protein Crisp Bar,1.0,61.23
2024-11-18,Barrinha de Proteína - YoPRO,1.0,94.86
2024-11-18,Barrinha de Proteína Choco Wheyfer,2.0,47.54
2024-11-18,Barrinha de Proteína Protein Crisp,2.0,147.9
2024-11-18,Barrinha de Proteína Whey Grego - Havanna,1.0,86.7
2024-11-18,Best Whey Iso,1.0,193.67
2024-11-18,Beta Alanina,1.0,45.9
2024-11-18,Bio Ferro,2.0,75.08
2024-11-18,Blend de Chá - Calmante,1.0,24.85
2024-11-18,Blend de Chá - Detox,2.0,46.41
2024-11-18,Blend de Chá - Digestivo,1.0,21.56
2024-11-18,"Boraprim - Borragem, Prímula e Gergelim",2.0,132.6
2024-11-18,Cafeína,1.0,33.2
2024-11-18,Clorofilla Green,2.0,73.72
2024-11-18,Coenzima Q10,4.0,347.98
2024-11-18,Coenzima Q10  (200mg p/ porção),2.0,323.0
2024-11-18,Coenzima Q10 (200mg p/ porção),5.0,467.5
2024-11-18,Coenzima Q10 + Ômega 3 + Vitamina E,2.0,255.0
2024-11-18,Coenzima Q10 - (100mg p/ porção),1.0,59.5
2024-11-18,Coffee - Brainstorm,1.0,85.0
2024-11-18,Colágeno -  Collagen Gut,1.0,148.11
2024-11-18,Colágeno - Colagentek Beauty,1.0,93.5
2024-11-18,Colágeno - Colagentek II,1.0,74.8
2024-11-18,Colágeno - Colagentek Protein - Bodybalance,1.0,134.37
2024-11-18,Colágeno - Collagen Essential Protein,1.0,150.54
2024-11-18,Colágeno - Collagen Pro - Beauty Blend,1.0,163.98
2024-11-18,Colágeno - Collagen Protein Hidrolisado,3.0,386.83
2024-11-18,Colágeno - Collagen Renew Hidrolisado,4.0,267.82
2024-11-18,Colágeno - Collagen Tipo II 40mg,2.0,135.88
2024-11-18,Colágeno - Collcreatine,1.0,166.18
2024-11-18,Colágeno Collagen Skin,1.0,165.75
2024-11-18,Colágeno Hidrolisado,1.0,44.34
2024-11-18,Colágeno Hidrolisado + Ácido Hialurônico,1.0,60.31
2024-11-18,Colágeno Tipo II - Artro Aid,1.0,101.08
2024-11-18,Cranberry - She She Comfort,1.0,61.69
2024-11-18,Creatina,5.0,537.18
2024-11-18,Creatina - Creafort (Creapure),1.0,156.75
2024-11-18,Creatina - Creapure,2.0,284.46
2024-11-18,Creatina 100%,4.0,313.36
2024-11-18,Creatina Monohidratada,18.0,1370.96
2024-11-18,Creatina Monohidratada - Creadop Serie Sport,1.0,83.32
2024-11-18,Creatina Monohidratada - Creatine,7.0,590.01
2024-11-18,Creatina Monohidratada - Hardcore,3.0,258.63
2024-11-18,Creatina Monohidratada em Gummy,2.0,187.72
2024-11-18,Cúrcuma - Curcumagic,1.0,112.56
2024-11-18,Cúrcuma Plus,7.0,394.15
2024-11-18,Extrato de Laranja Moro 400mg,1.0,84.32
2024-11-18,Ferro Quelato + Vitamina C,2.0,77.6
2024-11-18,Fresh Vegan,2.0,261.56
2024-11-18,Fresh Whey,7.0,970.7
2024-11-18,Gel Nitrato,1.0,37.88
2024-11-18,Glutamina,1.0,57.04
2024-11-18,Glutamina - Glutadop,1.0,66.04
2024-11-18,Glutamina - Glutamax,3.0,227.08
2024-11-18,Glutamina - Glutamax Refil,2.0,195.5
2024-11-18,Glutamina Isolates,1.0,66.3
2024-11-18,Gold Whey Concentrado Refil,2.0,198.22
2024-11-18,Granola Australia - Low Carb,3.0,91.02
2024-11-18,Grassfed Whey Protein,2.0,274.5
2024-11-18,Isofort Plant (Life Vegan),4.0,367.2
2024-11-18,L-Carnitina 530mg,1.0,76.5
2024-11-18,Magnésio,1.0,41.79
2024-11-18,Magnésio - 3MAG - Pool de Magnésio,1.0,61.97
2024-11-18,Magnésio - Inositol Relief 3.0,3.0,468.65
2024-11-18,Magnésio Inositol,2.0,317.84
2024-11-18,Magnésio Plus - 350mg,2.0,130.62
2024-11-18,Matchá - Chá Verde em Pó,1.0,62.7
2024-11-18,Melatonina - Sleepfor,3.0,147.9
2024-11-18,Melatonina Duo,1.0,44.51
2024-11-18,Melatonina Em Gotas Premium - 210mcg,2.0,47.24
2024-11-18,Metil Sulfonil Metano - MSM,1.0,36.51
2024-11-18,Morning Shot - Imunidade,4.0,348.84
2024-11-18,Multivitaminico  - Imunomult- 1000mg,1.0,102.0
2024-11-18,Multivitamínico - Alpha Kids,1.0,83.72
2024-11-18,NAC 650mg,1.0,50.37
2024-11-18,Neuro Health,2.0,306.68
2024-11-18,Omegafor Family - Ômega 3,2.0,128.6
2024-11-18,Omegafor Plus,13.0,2316.62
2024-11-18,Omegafor Vision,1.0,85.38
2024-11-18,Pasta de Amendoim Granulado,1.0,20.22
2024-11-18,Probiótico - Simfort Plus,7.0,606.9
2024-11-18,Probióticos em Pó - Simfort,1.0,161.25
2024-11-18,Proteína Isolada e Hidrolisada - Body Protein Red,1.0,197.94
2024-11-18,Proteína Vegana - One Nutrition,1.0,139.64
2024-11-18,Proteína Vegana - Vegan Tasty,1.0,109.74
2024-11-18,Pré-Treino,1.0,66.33
2024-11-18,Pré-Treino - Beta Action,1.0,180.63
2024-11-18,Pré-Treino - Betadop,1.0,100.29
2024-11-18,Pré-Treino - V Fort Ultra,1.0,101.48
2024-11-18,Pré-treino - Warzone,2.0,146.48
2024-11-18,Pré-treino - Égide,1.0,135.96
2024-11-18,Pré-treino Panic Pre Workout,1.0,83.35
2024-11-18,Próbiotico - Purabiotics,1.0,76.5
2024-11-18,Própolis - Green Própolis,1.0,68.57
2024-11-18,Própolis Líquido - Gotas,1.0,31.35
2024-11-18,Própolis Verde - Alcoólico,1.0,22.25
2024-11-18,Própolis Verde - Premium 10mg,3.0,193.8
2024-11-18,Psyllium,4.0,246.52
2024-11-18,Refil Whey Concentrado - W100,1.0,108.11
2024-11-18,Refil Whey Concentrado Havanna - W100,4.0,432.44
2024-11-18,Refil Whey Protein 100%,1.0,82.24
2024-11-18,Refil Whey Protein Concentrado,1.0,166.17
2024-11-18,Refil Wheydop Iso,1.0,181.67
2024-11-18,Resveratrol 500mg,2.0,134.7
2024-11-18,Resveratrol Plus - 165mg,2.0,187.0
2024-11-18,Simfort fibras,4.0,197.2
2024-11-18,Sleep,2.0,303.3
2024-11-18,Super Ômega 3,6.0,918.3
2024-11-18,SuperCoffee,6.0,742.49
2024-11-18,SuperCoffee Língua de gato - Kopenhagen,1.0,140.33
2024-11-18,Suplemento - Hyaluronic Hair,1.0,66.73
2024-11-18,Suplemento Alimentar - Alpha Metabolicus,1.0,127.05
2024-11-18,Suplemento Alimentar - Alpha Women,1.0,117.24
2024-11-18,Suplemento Alimentar - GUARDIAN®,4.0,640.58
2024-11-18,Suplemento Alimentar - Pura Fiber,1.0,65.0
2024-11-18,Suplemento de Magnésio - Blue Calm,2.0,142.62
2024-11-18,Tasty Whey 3W Gourmet,3.0,423.09
2024-11-18,Termogênico - Lipix6,1.0,83.3
2024-11-18,Tortinha Proteica,2.0,102.68
2024-11-18,Vegan Protein - Vegano,1.0,106.05
2024-11-18,Vitamina B12,4.0,130.48
2024-11-18,Vitamina C - Bio Vit C+,2.0,66.54
2024-11-18,Vitamina C3 - 1000mg,1.0,39.1
2024-11-18,Vitamina D - Vita D3,4.0,151.8
2024-11-18,Vitamina D - Vita D3 + C + Zinco,1.0,32.3
2024-11-18,Vitamina D3,2.0,77.28
2024-11-18,Vitamina D3 + K2,3.0,124.56
2024-11-18,Vitamina D3 + K2 Gotas,3.0,166.11
2024-11-18,Vitamina D3 - 2000 Ui,2.0,61.88
2024-11-18,"Vitaminas A, E, D e K2- RESTAURE® - Gotas",1.0,134.98
2024-11-18,Whey - Isocrisp Pouch,1.0,75.65
2024-11-18,Whey 3W - Delicious,1.0,77.35
2024-11-18,Whey Fort 3W,5.0,967.5
2024-11-18,Whey Isolado,1.0,180.55
2024-11-18,Whey Isolado - Iso Triple Zero,2.0,344.98
2024-11-18,Whey Isolado Nectar,1.0,247.84
2024-11-18,Whey Protein Concentrado,5.0,818.43
2024-11-18,Whey Protein Isolado,5.0,1039.42
2024-11-18,Whey Protein Isolado - Isofort,5.0,1211.25
2024-11-18,Whey Protein Isolado - Tasty Iso,3.0,506.1
2024-11-18,Whey Tech 100%,6.0,757.44
2024-11-18,Óleo de Krill,2.0,325.12
2024-11-18,Ômega 3 - EPA DHA - 1000mg,4.0,236.78
2024-11-18,Ômega 3 - Omegafor Memory,4.0,319.6
2024-11-18,Ômega 3 - Ultra Caps 1000mg,2.0,273.06
2024-11-18,Ômega 3 DHA,1.0,118.88
2024-11-18,Ômega 3 EPA DHA,11.0,791.86
2024-11-18,Ômega 3 Pulse,2.0,228.26
2024-11-18,Ômega 3 Super DHA,1.0,93.75
2024-11-18,Ômega 3 Super DHA - BIG N,3.0,260.55
2024-11-18,Ômega DHA Vegan,1.0,119.19
2024-11-25,100% Whey Protein - Flavour,2.0,200.58
2024-11-25,100% Whey Pure,5.0,510.0
2024-11-25,Achocolatado - Choco Family - Refil,1.0,29.75
2024-11-25,Aminoácido - Aminovita,2.0,208.25
2024-11-25,Aminoácido N-acetil L-cisteína (NAC),4.0,232.92
2024-11-25,Aminoácidos - Aminnu EAAs,3.0,474.06
2024-11-25,Aminoácidos - Aminolift,1.0,147.26
2024-11-25,Amora Miúra - 1500mg,2.0,79.62
2024-11-25,Aveia - Flocos Grossos,1.0,14.27
2024-11-25,BT Nitrato,1.0,100.61
2024-11-25,BT Nitrato 400,2.0,286.12
2024-11-25,Barrinha de Proteína,8.0,648.24
2024-11-25,Barrinha de Proteína - Protein Crisp Bar,1.0,61.23
2024-11-25,Barrinha de Proteína Whey Grego - Havanna,1.0,86.7
2024-11-25,Beef Protein,1.0,163.63
2024-11-25,Beta Alanina,2.0,91.8
2024-11-25,Beta Alanina 100%,1.0,43.35
2024-11-25,Beta Glucana,1.0,74.29
2024-11-25,Bio Ferro,3.0,112.62
2024-11-25,Bio Vitamina B12 em gotas,1.0,37.54
2024-11-25,Biotina Plus,1.0,39.65
2024-11-25,Blend de Chá - Detox,1.0,21.56
2024-11-25,"Boraprim - Borragem, Prímula e Gergelim",3.0,187.2
2024-11-25,Cafeína,1.0,33.2
2024-11-25,Clorella,1.0,48.14
2024-11-25,Coenzima Q10,4.0,308.76
2024-11-25,Coenzima Q10  (200mg p/ porção),1.0,161.5
2024-11-25,Coenzima Q10 (200mg p/ porção),4.0,340.0
2024-11-25,Coenzima Q10 + Ômega 3 + Vitamina E,1.0,97.3
2024-11-25,Coenzima Q10 - (100mg p/ porção),2.0,119.0
2024-11-25,Coenzima Q10 - 100mg,1.0,95.55
2024-11-25,Colágeno -  Collagen Gut,1.0,148.11
2024-11-25,Colágeno - Colagentek,4.0,265.2
2024-11-25,Colágeno - Colagentek Protein - Bodybalance,4.0,537.48
2024-11-25,Colágeno - Collagen Bones,1.0,147.26
2024-11-25,Colágeno - Collagen Protein Hidrolisado,4.0,534.94
2024-11-25,Colágeno - Collagen Renew Hidrolisado,1.0,68.37
2024-11-25,Colágeno - Collagen Tipo II 40mg,2.0,135.88
2024-11-25,Colágeno - Collcreatine,1.0,161.76
2024-11-25,Colágeno Hidrolisado + Ácido Hialurônico,1.0,60.31
2024-11-25,Colágeno Hidrolisado - Collagen Pro 18g,2.0,288.86
2024-11-25,Colágeno tipo 2 - Colagentek II,1.0,66.0
2024-11-25,Colágeno tipo II - Collagen II,1.0,60.0
2024-11-25,Combo com 4 Sachês SuperCoffee,1.0,24.15
2024-11-25,Complexo B - Bio Vit.B+,1.0,35.11
2024-11-25,Creatina,4.0,441.09
2024-11-25,Creatina - Creafort (Creapure),9.0,1410.75
2024-11-25,Creatina - Creapure,2.0,284.46
2024-11-25,Creatina 100%,9.0,674.32
2024-11-25,Creatina Micronizada,1.0,228.24
2024-11-25,Creatina Monohidratada,26.0,1867.13
2024-11-25,Creatina Monohidratada (Creapure),1.0,174.8
2024-11-25,Creatina Monohidratada -  Crealift (Creapure),1.0,245.65
2024-11-25,Creatina Monohidratada - Creatine,13.0,1095.02
2024-11-25,Creatina Monohidratada - Hardcore,5.0,409.26
2024-11-25,Creatina Premium - Creapure,1.0,199.36
2024-11-25,Cúrcuma - Curcumagic,1.0,112.56
2024-11-25,Cúrcuma Plus,15.0,795.6
2024-11-25,Energy Gel,1.0,33.56
2024-11-25,Enzima - Enzyfor,1.0,55.07
2024-11-25,Enzimas Enzyfor,1.0,110.5
2024-11-25,Farinha de Aveia,1.0,12.64
2024-11-25,Ferro - Ydrosolv,1.0,79.6
2024-11-25,Ferro Quelado 34mg,2.0,52.86
2024-11-25,Fresh Whey,7.0,813.09
2024-11-25,Gel Nitrato,2.0,72.83
2024-11-25,Gel Nitrato c/ Cafeína,1.0,35.53
2024-11-25,Glutamina,2.0,114.08
2024-11-25,Glutamina - Glutamax,1.0,72.25
2024-11-25,Glutamina - Glutamax Refil,2.0,195.5
2024-11-25,Glutamina em Pó,1.0,73.13
2024-11-25,Gold Whey Concentrado Refil,2.0,198.22
2024-11-25,Granola - Zero Açúcar,1.0,19.35
2024-11-25,Granola Australia - Low Carb,1.0,32.09
2024-11-25,Grassfed Whey Protein,2.0,274.5
2024-11-25,Isofort Plant (Life Vegan),1.0,91.8
2024-11-25,L-Carnitina 530mg,1.0,76.5
2024-11-25,Maca Peruana 2000mg,1.0,66.43
2024-11-25,Magnésio - 3MAG - Pool de Magnésio,1.0,61.97
2024-11-25,Magnésio - Inositol Relief 3.0,2.0,319.4
2024-11-25,Magnésio - Quelato,1.0,21.34
2024-11-25,Magnésio Inositol,2.0,317.84
2024-11-25,Magnésio Plus - 350mg,1.0,65.31
2024-11-25,Magnésio Plus 900mg,1.0,77.25
2024-11-25,Magnésio Quelato - Bio Mag,3.0,160.38
2024-11-25,Melatonina,2.0,62.42
2024-11-25,Melatonina - Sleepfor,4.0,197.2
2024-11-25,Melatonina Duo,1.0,44.51
2024-11-25,Melatonina em Gotas,1.0,32.3
2024-11-25,Morning Shot - Imunidade,2.0,189.13
2024-11-25,Multivitaminico  - Imunomult- 1000mg,2.0,204.0
2024-11-25,Multivitaminico - Imunomult- 1000mg,2.0,134.3
2024-11-25,Multivitamínico - Alpha Kids,1.0,83.72
2024-11-25,NAC 650mg,1.0,59.25
2024-11-25,Omegafor Family - Ômega 3,1.0,64.3
2024-11-25,Omegafor Plus,15.0,2318.23
2024-11-25,Palatinose,4.0,180.44
2024-11-25,Pasta de Amendoim - VITAPOWER,1.0,31.37
2024-11-25,Pasta de Amendoim Integral,1.0,15.99
2024-11-25,Prebiótico,1.0,63.0
2024-11-25,Probiótico - Simfort Plus,2.0,148.2
2024-11-25,Profem - Óleo de Prímula,3.0,252.45
2024-11-25,Proteína Isolada e Hidrolisada - Body Protein,1.0,197.94
2024-11-25,Pré-Treino - Beta Action,1.0,180.63
2024-11-25,Pré-Treino Energy ATP®,6.0,948.12
2024-11-25,Pré-treino X7,1.0,66.75
2024-11-25,Própolis Verde - Alcoólico,2.0,44.5
2024-11-25,Própolis Verde - Premium 10mg,1.0,64.6
2024-11-25,Própolis Verde 70,1.0,31.97
2024-11-25,Psyllium,10.0,531.34
2024-11-25,Refil Whey 100% Pure,1.0,95.0
2024-11-25,Refil Whey Concentrado - W100,2.0,216.22
2024-11-25,Refil Whey Concentrado Havanna - W100,1.0,108.11
2024-11-25,Refil Whey Protein 100%,1.0,82.24
2024-11-25,Refil Wheydop Iso,1.0,181.67
2024-11-25,Resveratrol,1.0,71.1
2024-11-25,Resveratrol 500mg,1.0,74.25
2024-11-25,Simfort fibras,2.0,98.6
2024-11-25,Sleep,1.0,151.65
2024-11-25,Spirulina 400mg,1.0,74.25
2024-11-25,Super Ômega 3,10.0,1699.55
2024-11-25,SuperCoffee,7.0,812.95
2024-11-25,SuperCoffee Língua de gato - Kopenhagen,1.0,140.33
2024-11-25,Suplemento - Hyaluronic Hair,1.0,66.73
2024-11-25,Suplemento Alimentar - Slim Body 400mg,1.0,65.03
2024-11-25,Suplemento alimentar de Ômega 3 - DHA OX,2.0,236.12
2024-11-25,Suplemento de Magnésio - Blue Calm,1.0,161.47
2024-11-25,Tablete de Doce,2.0,44.2
2024-11-25,Tasty Whey 3W Gourmet,4.0,564.12
2024-11-25,Termogênico - Lipix6,1.0,83.3
2024-11-25,Trio Magnésio 720mg,3.0,165.59
2024-11-25,True Cúrcuma,1.0,72.17
2024-11-25,Ultracoffee - Vegano,1.0,86.62
2024-11-25,Vitamina B12,3.0,99.67
2024-11-25,Vitamina B9 - Ácido Fólico,1.0,61.52
2024-11-25,Vitamina C - Bio Vit C+,1.0,33.27
2024-11-25,Vitamina C3 - 1000mg,1.0,39.1
2024-11-25,Vitamina D - Vita D3,8.0,296.7
2024-11-25,Vitamina D - Vita D3 + C + Zinco,3.0,96.9
2024-11-25,Vitamina D3,6.0,337.21
2024-11-25,Vitamina D3 + K2,1.0,44.25
2024-11-25,Vitamina D3 Synergy,1.0,59.5
2024-11-25,Vitamina E,1.0,26.85
2024-11-25,Vitamina K2,1.0,45.23
2024-11-25,Whey,8.0,1289.78
2024-11-25,Whey - Immuno Golden,1.0,173.44
2024-11-25,Whey 100% - Proteína Concentrada,1.0,124.77
2024-11-25,Whey 3W - Delicious,4.0,309.4
2024-11-25,Whey Fort 3W,4.0,609.0
2024-11-25,Whey Isolado,1.0,180.55
2024-11-25,Whey Protein Concentrado,7.0,1127.1
2024-11-25,Whey Protein Crisp - Isocrisp,2.0,82.62
2024-11-25,Whey Protein Isolado,9.0,1802.97
2024-11-25,Whey Protein Isolado - Isofort,4.0,969.0
2024-11-25,Whey Tech 100%,10.0,1191.66
2024-11-25,Whey hidrolisado e isolado,4.0,927.96
2024-11-25,Wheydop 3W,1.0,220.15
2024-11-25,Zinco,1.0,43.51
2024-11-25,Ômega -  Mega DHA,1.0,83.0
2024-11-25,Ômega 3 - 1360mg,2.0,243.84
2024-11-25,Ômega 3 - EPA DHA - 1000mg,3.0,165.88
2024-11-25,Ômega 3 - Omegafor Memory,3.0,239.7
2024-11-25,Ômega 3 DHA,1.0,118.88
2024-11-25,Ômega 3 EPA DHA,19.0,1197.29
2024-11-25,Ômega 3 Pulse,1.0,114.13
2024-11-25,Ômega 3 Super DHA - BIG N,2.0,163.48
2024-11-25,Ômega 3 Super DHA BIG,3.0,404.37
2024-11-25,Ômega Core,6.0,803.28
2024-11-25,Ômega Ultra - 1000mg,1.0,84.92
2024-12-02,#Whey Fort 3W,1.0,165.75
2024-12-02,100% Whey Crush Concentrada,2.0,253.3
2024-12-02,100% Whey Protein - Flavour,2.0,200.58
2024-12-02,100% Whey Pure,1.0,102.0
2024-12-02,Achocolatado - Choco Family - Refil,1.0,29.75
2024-12-02,Aminoácido - Aminovita,1.0,87.55
2024-12-02,Aminoácido N-acetil L-cisteína (NAC),1.0,58.23
2024-12-02,BT Nitrato,2.0,201.22
2024-12-02,BT Nitrato 400,2.0,286.12
2024-12-02,Barrinha de Proteína - Protein Crisp Bar,1.0,61.23
2024-12-02,Barrinha de Proteína -Nutrata Whey Grego,1.0,65.0
2024-12-02,Barrinha de Proteína Best Whey 49g (12g de Proteína),1.0,99.44
2024-12-02,Barrinha de Proteína Best Whey 62g (15g de Proteína),2.0,265.0
2024-12-02,Barrinha de Proteína Cleanpro Bar,1.0,83.39
2024-12-02,Barrinha de Proteína Collagen Bar,1.0,101.14
2024-12-02,Barrinha de Proteína Thin,1.0,91.7
2024-12-02,Barrinha de Proteína Tube,1.0,30.57
2024-12-02,Bebida Vegetal - Golden Immunity,1.0,91.18
2024-12-02,Beef Protein,4.0,595.86
2024-12-02,Beta Alanina Pure,1.0,66.3
2024-12-02,Bio Cálcio  60 caps PURAVIDA,1.0,57.72
2024-12-02,"Boraprim - Borragem, Prímula e Gergelim",2.0,132.6
2024-12-02,Cafeína,1.0,33.2
2024-12-02,Chlorella 400mg,1.0,77.97
2024-12-02,Chlorella 530mg,1.0,77.97
2024-12-02,Coenzima  Q10 - 100mg,1.0,83.33
2024-12-02,Coenzima Q10 (200mg p/ porção),2.0,119.0
2024-12-02,Coenzima Q10 + Ômega 3 + Vitamina E,1.0,127.5
2024-12-02,Coenzima Q10 - (100mg p/ porção),1.0,59.5
2024-12-02,Coenzima Q10 - 200mg,3.0,389.91
2024-12-02,Colágeno - Colagentek,2.0,132.6
2024-12-02,Colágeno - Colagentek Protein - Bodybalance,2.0,268.74
2024-12-02,Colágeno - Collagen Essential Protein,2.0,301.08
2024-12-02,Colágeno - Collagen Protein Hidrolisado,5.0,648.55
2024-12-02,Colágeno - Collagen Protein Hidrolisado Berries Silvestres 450g PURAVIDA,3.0,403.44
2024-12-02,Colágeno - Collagen Renew Hidrolisado,1.0,68.37
2024-12-02,Colágeno Hidrolisado + Ácido Hialurônico,1.0,60.31
2024-12-02,Colágeno Hidrolisado - Collagen Pro 18g,2.0,288.86
2024-12-02,Cranberry - She She Comfort,1.0,61.69
2024-12-02,Creatina,3.0,289.68
2024-12-02,Creatina - Creafort (Creapure),7.0,1155.0
2024-12-02,Creatina - Creapure,2.0,296.7
2024-12-02,Creatina 100%,4.0,297.32
2024-12-02,Creatina 100% Pure,1.0,107.04
2024-12-02,Creatina Monohidratada,13.0,1034.52
2024-12-02,Creatina Monohidratada (Creapure),2.0,357.0
2024-12-02,Creatina Monohidratada - Creatine,6.0,531.53
2024-12-02,Creatina Monohidratada - Hardcore,1.0,88.44
2024-12-02,Cúrcuma - Curcumagic,1.0,112.56
2024-12-02,Cúrcuma Plus,1.0,60.35
2024-12-02,Enzima Lactase - Laczyme,2.0,98.6
2024-12-02,Extrato de Laranja Moro 400mg,1.0,96.75
2024-12-02,Ferro - Ydrosolv,1.0,79.6
2024-12-02,Ferro Quelato + Vitamina C,1.0,38.8
2024-12-02,Fibras Prébioticas - Prebiotic,1.0,64.96
2024-12-02,Fresh Vegan,1.0,130.78
2024-12-02,Fresh Whey,13.0,1290.12
2024-12-02,Gel - Endurance,1.0,71.4
2024-12-02,Glutamina,2.0,101.75
2024-12-02,Glutamina Isolates,1.0,66.3
2024-12-02,Gold Whey Concentrado Refil,2.0,198.22
2024-12-02,L-Carnitina 530mg,1.0,76.5
2024-12-02,Laranja Moro,1.0,67.53
2024-12-02,Magnésio,1.0,41.79
2024-12-02,Magnésio - Inositol Relief 3.0,2.0,319.4
2024-12-02,Magnésio Inositol,1.0,137.21
2024-12-02,Magnésio Plus - 350mg,1.0,65.31
2024-12-02,Melatonina - Sleepfor,1.0,49.3
2024-12-02,Melatonina Duo,1.0,44.51
2024-12-02,Morning Shot - Imunidade,1.0,87.21
2024-12-02,Multivitaminico  - Imunomult- 1000mg,1.0,102.0
2024-12-02,NAC + Glycine + Taurine,1.0,69.36
2024-12-02,Nitro 400,3.0,357.09
2024-12-02,Omegafor Family - Ômega 3,1.0,64.3
2024-12-02,Omegafor Plus,5.0,809.56
2024-12-02,Omegafor Vision,1.0,85.38
2024-12-02,Pasta de Amendoim,1.0,21.0
2024-12-02,Probiótico - Simcaps,2.0,99.03
2024-12-02,Probiótico - Simfort Plus,3.0,260.1
2024-12-02,Probióticos em Pó - Simfort,2.0,121.27
2024-12-02,Proteína Isolada e Hidrolisada - Body Protein,8.0,1354.97
2024-12-02,Proteína Vegana - One Nutrition,1.0,139.64
2024-12-02,Proteína Vegetal - Vegan Protein,1.0,102.59
2024-12-02,Psyllium,4.0,252.28
2024-12-02,Refil Whey Concentrado - W100,7.0,756.77
2024-12-02,Refil Whey Concentrado Havanna - W100,5.0,540.55
2024-12-02,Refil Whey Protein 100%,1.0,82.24
2024-12-02,Resveratrol 500mg,2.0,134.7
2024-12-02,Simfort fibras,8.0,394.4
2024-12-02,Spirulina 500mg,1.0,74.25
2024-12-02,Super Ômega 3,6.0,964.4
2024-12-02,SuperCoffee,2.0,178.72
2024-12-02,Suplemento Alimentar - Alpha Inflaminus,1.0,122.81
2024-12-02,Suplemento Alimentar - Alpha Men,1.0,116.93
2024-12-02,Suplemento Alimentar - Alpha Women,1.0,117.24
2024-12-02,"Suplemento Alimentar - Cabelo, Unha e Pele - Supreme Beauty",1.0,141.58
2024-12-02,Suplemento Alimentar - GUARDIAN®,1.0,162.27
2024-12-02,Suplemento de Magnésio - Blue Calm,1.0,161.47
2024-12-02,Tasty Whey 3W Gourmet,2.0,282.06
2024-12-02,Ultracoffee - Vegano,1.0,86.62
2024-12-02,Vegan Protein - Vegano,1.0,106.05
2024-12-02,Vita Beauty,1.0,49.3
2024-12-02,Vitamina B12,4.0,127.22
2024-12-02,Vitamina C - VIT C 4 Protect,1.0,119.0
2024-12-02,Vitamina C3 - 1000mg,1.0,39.1
2024-12-02,Vitamina D - Vita D3,8.0,312.8
2024-12-02,Vitamina D - Vita D3 + C + Zinco,4.0,197.2
2024-12-02,Vitamina D3 + K2,1.0,59.5
2024-12-02,Vitamina D3 + K2 Gotas,1.0,55.37
2024-12-02,Vitamina D3 - 2000 Ui,2.0,61.88
2024-12-02,"Vitaminas A, E, D e K2- RESTAURE® - Gotas",1.0,134.98
2024-12-02,Whey,4.0,935.51
2024-12-02,Whey 3W - Delicious,2.0,154.7
2024-12-02,Whey Fort 3W,5.0,804.75
2024-12-02,Whey Protein Concentrado,10.0,1699.2
2024-12-02,Whey Protein Isolado,3.0,484.81
2024-12-02,Whey Protein Isolado - Isofort,4.0,969.0
2024-12-02,Whey Protein Isolado - Tasty Iso,2.0,337.4
2024-12-02,Whey Tech 100%,4.0,509.96
2024-12-02,Óleo de Krill  - Ômega 3 EPA DHA,1.0,86.7
2024-12-02,Ômega - Mega DHA,2.0,273.7
2024-12-02,Ômega 3 - 1360mg,3.0,365.76
2024-12-02,Ômega 3 - Omegafor Memory,2.0,159.8
2024-12-02,Ômega 3 EPA DHA,12.0,806.49
2024-12-02,Ômega 3 Pulse,1.0,114.13
2024-12-02,Ômega 3 Super DHA - BIG N,2.0,168.59
2024-12-02,Ômega 3 Super DHA BIG,1.0,155.31
2024-12-02,Ômega 3 Vegan DHA,1.0,101.08
2024-12-09,100% Whey Concentrado,1.0,84.15
2024-12-09,100% Whey Crush Concentrada,1.0,126.65
2024-12-09,100% Whey Flavour,2.0,200.58
2024-12-09,100% Whey Protein - Flavour,1.0,100.29
2024-12-09,100% Whey Pure,8.0,819.63
2024-12-09,Achocolatado - Choco Family - Refil,2.0,59.5
2024-12-09,Aminoácido N-acetil L-cisteína (NAC),1.0,58.23
2024-12-09,Aminoácidos - Aminnu EAAs,1.0,158.02
2024-12-09,Aminoácidos - Aminnu EAAs - Sem Xilitol,3.0,474.06
2024-12-09,BT Nitrato,1.0,100.61
2024-12-09,Barrinha de Proteína,2.0,76.92
2024-12-09,Barrinha de Proteína - Protein Crisp Bar,1.0,61.23
2024-12-09,Barrinha de Proteína -Nutrata Whey Grego,1.0,65.0
2024-12-09,Barrinha de Proteína Collagen Bar,1.0,101.14
2024-12-09,Barrinha de Proteína Crunch,1.0,36.85
2024-12-09,Barrinha de Proteína Thin,1.0,98.94
2024-12-09,Barrinha de Proteína Tube,1.0,91.7
2024-12-09,Barrinha de Proteína Veganpro Bar,1.0,83.39
2024-12-09,Barrinhas de Proteína Crunch,1.0,132.6
2024-12-09,Beta Alanina,3.0,137.7
2024-12-09,Beta Alanina 100%,3.0,130.05
2024-12-09,Beta Alanina Pure,1.0,66.3
2024-12-09,Bio Ferro,5.0,187.7
2024-12-09,Bio Vitamina B12 em gotas,4.0,150.16
2024-12-09,Bio Zinco,3.0,76.86
2024-12-09,Biotina Plus,1.0,39.65
2024-12-09,Blend de Chá - Digestivo,1.0,21.56
2024-12-09,Bombom Recheado,1.0,43.1
2024-12-09,"Boraprim - Borragem, Prímula e Gergelim",2.0,104.55
2024-12-09,Cafeína,2.0,66.4
2024-12-09,Cappuccino Proteico,1.0,42.49
2024-12-09,Chlorella 530mg,1.0,74.25
2024-12-09,Chá,2.0,36.6
2024-12-09,Coenzima Q10,2.0,154.38
2024-12-09,Coenzima Q10  (200mg p/ porção),1.0,161.5
2024-12-09,Coenzima Q10 (200mg p/ porção),2.0,153.0
2024-12-09,Coenzima Q10 + Ômega 3 + Vitamina E,1.0,127.5
2024-12-09,Coenzima Q10 - (100mg p/ porção),1.0,59.5
2024-12-09,Colágeno -  Collagen Gut,1.0,148.11
2024-12-09,Colágeno - Colagentek,2.0,132.6
2024-12-09,Colágeno - Colagentek Protein - Bodybalance,2.0,268.74
2024-12-09,Colágeno - Collagen Bones,1.0,147.26
2024-12-09,Colágeno - Collagen Protein Hidrolisado,6.0,808.16
2024-12-09,Colágeno - Collagen Protein Hidrolisado Berries Silvestres 450g PURAVIDA,3.0,403.44
2024-12-09,Colágeno - Collagen Renew Hidrolisado,2.0,136.74
2024-12-09,Colágeno - Collcreatine,1.0,168.73
2024-12-09,Colágeno Hidrolisado - Collagen Pro 18g,1.0,144.43
2024-12-09,Combo com 6 Barrinhas de Proteína - Bombar,1.0,39.32
2024-12-09,Cranberry,1.0,34.88
2024-12-09,Creatina,4.0,289.52
2024-12-09,Creatina - Creafort (Creapure),8.0,879.0
2024-12-09,Creatina 100%,7.0,440.12
2024-12-09,Creatina Monohidratada,17.0,1303.09
2024-12-09,Creatina Monohidratada - Creatine,8.0,701.62
2024-12-09,Creatina Monohidratada - Hardcore,6.0,530.64
2024-12-09,Creatina Premium - Creapure,1.0,199.36
2024-12-09,Cálcio de Algas 1000mg,1.0,47.54
2024-12-09,Cúrcuma,1.0,71.53
2024-12-09,Cúrcuma Plus,5.0,301.75
2024-12-09,Enzima - Enzyfor,1.0,55.07
2024-12-09,Enzima Lactase - Laczyme,4.0,197.2
2024-12-09,Extrato de Laranja Moro 400mg,1.0,96.75
2024-12-09,Ferro Quelato + Vitamina C,3.0,116.4
2024-12-09,Fibras Prébioticas - Prebiotic,2.0,129.92
2024-12-09,Fresh Whey,9.0,892.69
2024-12-09,Gel Nitrato,1.0,25.83
2024-12-09,Glutamina,4.0,203.39
2024-12-09,Gold Whey Concentrado Refil,1.0,99.11
2024-12-09,Granola Coconut,3.0,101.91
2024-12-09,Grassfed Whey Protein,1.0,223.95
2024-12-09,Grassfed Whey Protein - Concentrado,1.0,223.96
2024-12-09,L-Carnitina 530mg,1.0,76.5
2024-12-09,Magnésio,1.0,41.79
2024-12-09,Magnésio - Inositol Relief 3.0,1.0,159.7
2024-12-09,Magnésio Plus 900mg,2.0,154.5
2024-12-09,Magnésio Quelato - Bio Mag,1.0,53.46
2024-12-09,Melatonina,1.0,46.94
2024-12-09,Melatonina - Sleepfor,1.0,49.3
2024-12-09,Morning Shot - Imunidade,1.0,101.92
2024-12-09,Omegafor Family - Ômega 3,3.0,215.3
2024-12-09,Omegafor Plus,16.0,2569.96
2024-12-09,Palatinose,1.0,47.69
2024-12-09,Pasta de Amendoim,1.0,27.12
2024-12-09,Prebiótico,1.0,63.0
2024-12-09,Probióticos em Pó - Simfort,4.0,433.7
2024-12-09,Proteína Isolada e Hidrolisada - Body Protein,2.0,330.58
2024-12-09,Proteína Isolada e Hidrolisada - Body Protein Red,2.0,330.58
2024-12-09,Pré-Treino,1.0,66.33
2024-12-09,Pré-Treino - Beta Action,1.0,180.63
2024-12-09,Pré-treino - Warzone,1.0,73.24
2024-12-09,Pré-treino Exquenta,1.0,152.99
2024-12-09,Pré-treino Panic Pre Workout,1.0,83.35
2024-12-09,Próbiotico - Purabiotics,1.0,76.5
2024-12-09,Própolis - Green Própolis,1.0,68.57
2024-12-09,Própolis Líquido - Gotas,1.0,31.35
2024-12-09,Própolis Verde - Premium 10mg,1.0,64.6
2024-12-09,Psyllium,5.0,316.71
2024-12-09,Refil 100% Whey - Tasty Iso,1.0,328.47
2024-12-09,Refil Whey Concentrado - W100,2.0,203.11
2024-12-09,Refil Whey Concentrado Havanna - W100,6.0,635.55
2024-12-09,Refil Whey Protein 100%,1.0,82.24
2024-12-09,Refil Whey Protein Concentrado,1.0,166.17
2024-12-09,Refil Wheydop Iso,2.0,363.34
2024-12-09,Repositor Energético - D Ribose,2.0,151.3
2024-12-09,Simfort fibras,1.0,49.3
2024-12-09,SuperCoffee,4.0,461.06
2024-12-09,Suplemento - Laranja Moro,1.0,72.18
2024-12-09,Suplemento - Super Sono,1.0,93.86
2024-12-09,Suplemento Alimentar - Alpha Metabolicus,1.0,127.05
2024-12-09,Suplemento Alimentar - GUARDIAN®,1.0,162.27
2024-12-09,Suplemento de Magnésio - Blue Calm,1.0,71.31
2024-12-09,Suplemento para Cabelos e Unhas- Biocolin Hair,1.0,73.02
2024-12-09,Tablete de Doce,1.0,22.73
2024-12-09,Tasty Whey 3W Gourmet,4.0,554.34
2024-12-09,Termogênico - Lipix6,1.0,83.3
2024-12-09,Ultracoffee - Vegano,2.0,173.24
2024-12-09,Vegan Protein - Vegano,1.0,106.05
2024-12-09,Vitamina - Good Mood,2.0,118.94
2024-12-09,Vitamina B12,7.0,218.76
2024-12-09,Vitamina C - Bio Vit C+,1.0,33.27
2024-12-09,Vitamina D - Vita D3,5.0,195.5
2024-12-09,Vitamina D - Vita D3 + C + Zinco,1.0,32.3
2024-12-09,Vitamina D3 + K2,3.0,131.62
2024-12-09,Vitamina D3 Synergy,1.0,59.5
2024-12-09,"Vitaminas A, E, D e K2- RESTAURE® - Gotas",1.0,134.98
2024-12-09,Whey,2.0,327.26
2024-12-09,Whey 3W,1.0,172.52
2024-12-09,Whey Fort 3W,2.0,331.5
2024-12-09,Whey Isolado,1.0,180.55
2024-12-09,Whey Isolado Nectar,1.0,247.84
2024-12-09,Whey Protein Concentrado,9.0,1493.68
2024-12-09,Whey Protein Isolado,4.0,872.37
2024-12-09,Whey Protein Isolado - Isofort,1.0,242.25
2024-12-09,Whey Protein Isolado - Tasty Iso,1.0,168.7
2024-12-09,Whey Tech 100%,5.0,637.45
2024-12-09,Whey hidrolisado e isolado,1.0,231.99
2024-12-09,Óleo de Prímula - 500mg,1.0,29.33
2024-12-09,Ômega - Mega DHA,1.0,136.85
2024-12-09,Ômega 3 - 1360mg,3.0,387.89
2024-12-09,Ômega 3 - EPA DHA - 1000mg,2.0,118.39
2024-12-09,Ômega 3 - Omegafor Memory,1.0,79.9
2024-12-09,Ômega 3 - Ultra Caps 1000mg,1.0,136.53
2024-12-09,Ômega 3 EPA DHA,10.0,707.4
2024-12-09,Ômega 3 Super DHA,2.0,177.32
2024-12-09,Ômega 3 Super DHA - BIG N,2.0,173.7
2024-12-09,Ômega Core,1.0,133.88
2024-12-09,Ômega Ultra - 1000mg,1.0,84.92
2024-12-09,Ômegafor Vegan 400mg,1.0,96.75
2024-12-16,#Whey Fort 3W,1.0,165.75
2024-12-16,100% Whey Concentrado,1.0,84.15
2024-12-16,100% Whey Crush Concentrada,2.0,253.3
2024-12-16,100% Whey Protein - Flavour,1.0,100.29
2024-12-16,100% Whey Pure,2.0,204.0
2024-12-16,Aminoácido - Aminovita,1.0,87.55
2024-12-16,Aminoácidos - Aminnu EAAs,2.0,316.04
2024-12-16,Barrinha de Proteína,4.0,209.55
2024-12-16,Barrinha de Proteína Crunch,1.0,36.85
2024-12-16,Barrinha de Proteína Whey Grego - Havanna,1.0,83.44
2024-12-16,Beef Protein,4.0,478.54
2024-12-16,Beta Alanina,1.0,45.9
2024-12-16,Beta Alanina 100%,1.0,43.35
2024-12-16,Bio Ferro,1.0,37.54
2024-12-16,Bio Vitamina B12 em gotas,1.0,37.54
2024-12-16,Biotina Plus,1.0,39.65
2024-12-16,Blend de Chá - Calmante,2.0,46.41
2024-12-16,Blend de Chá - Digestivo,1.0,21.56
2024-12-16,Bom Ciclo,1.0,73.02
2024-12-16,"Boraprim - Borragem, Prímula e Gergelim",3.0,204.8
2024-12-16,Chlorella 530mg,1.0,77.97
2024-12-16,Coenzima Q10,4.0,405.12
2024-12-16,Coenzima Q10  (200mg p/ porção),2.0,323.0
2024-12-16,Coenzima Q10 (200mg p/ porção),2.0,187.0
2024-12-16,Coenzima Q10 + Ômega 3 + Vitamina E,2.0,255.0
2024-12-16,Coenzima Q10 - (100mg p/ porção),2.0,119.0
2024-12-16,Colágeno - Colagentek,1.0,66.3
2024-12-16,Colágeno - Colagentek Beauty,1.0,93.5
2024-12-16,Colágeno - Colagentek Protein - Bodybalance,1.0,134.37
2024-12-16,Colágeno - Collagen Essential Protein,2.0,301.08
2024-12-16,Colágeno - Collagen Protein Hidrolisado,2.0,273.22
2024-12-16,Colágeno - Collagen Renew Hidrolisado,3.0,188.13
2024-12-16,Colágeno - Collagen Tipo II 40mg,2.0,135.88
2024-12-16,Colágeno Hidrolisado,4.0,177.36
2024-12-16,Colágeno Hidrolisado - Collagen Pro 18g,1.0,144.43
2024-12-16,Colágeno Tipo II,2.0,107.94
2024-12-16,Colágeno Verisol,2.0,156.0
2024-12-16,Complexo B - Bio Vit.B+,1.0,35.11
2024-12-16,Creatina,2.0,144.76
2024-12-16,Creatina - Creafort (Creapure),3.0,495.0
2024-12-16,Creatina - Creapure,1.0,161.12
2024-12-16,Creatina 100%,3.0,249.72
2024-12-16,Creatina Monohidratada,14.0,1044.12
2024-12-16,Creatina Monohidratada (Creapure),2.0,353.3
2024-12-16,Creatina Monohidratada - Alcalina Kre,1.0,221.34
2024-12-16,Creatina Monohidratada - Creatine,2.0,170.09
2024-12-16,Creatina Monohidratada - Hardcore,1.0,88.44
2024-12-16,Creatina Premium - Creapure,1.0,199.36
2024-12-16,Curcumina,1.0,79.41
2024-12-16,Cálcio de Algas 1000mg,1.0,47.54
2024-12-16,Cúrcuma - Curcumagic,1.0,112.56
2024-12-16,Cúrcuma 500mg,1.0,84.32
2024-12-16,Cúrcuma Plus,5.0,301.75
2024-12-16,Enzima - Enzyfor,1.0,55.07
2024-12-16,Enzimas Enzyfor,2.0,221.0
2024-12-16,Extrato de Laranja Moro 400mg,1.0,84.32
2024-12-16,Extrato de Própolis - Propolyz,1.0,26.12
2024-12-16,Ferro Quelato + Vitamina C,3.0,116.4
2024-12-16,Fibras Prébioticas - Prebiotic,1.0,64.96
2024-12-16,Fresh Vegan,1.0,130.78
2024-12-16,Fresh Whey,12.0,1167.36
2024-12-16,Glutamina,3.0,170.27
2024-12-16,Glutamina - Glutamax Refil,1.0,97.75
2024-12-16,Granola,1.0,19.35
2024-12-16,Granola Australia - Low Carb,3.0,94.52
2024-12-16,Magnésio,3.0,125.37
2024-12-16,Magnésio Dimalato,1.0,45.22
2024-12-16,Melatonina,2.0,85.99
2024-12-16,Melatonina em Gotas,3.0,96.9
2024-12-16,Morning Shot - Imunidade,1.0,101.92
2024-12-16,Omegafor Plus,13.0,2203.95
2024-12-16,Prebiótico,2.0,122.48
2024-12-16,Probiótico - Simcaps,2.0,115.6
2024-12-16,Probiótico - Simfort Plus,1.0,86.7
2024-12-16,Profem - Óleo de Prímula,1.0,84.15
2024-12-16,Proteína Isolada e Hidrolisada - Body Protein,2.0,330.58
2024-12-16,Proteína Vegana - Immuno Veggie,1.0,188.5
2024-12-16,Proteína Vegana - One Nutrition,1.0,133.0
2024-12-16,Pré-Treino - WarmUp Ultra,2.0,196.06
2024-12-16,Própolis - Green Própolis,1.0,68.57
2024-12-16,Própolis Alcoólico,1.0,23.29
2024-12-16,Própolis Líquido - Gotas,1.0,31.35
2024-12-16,Própolis Verde,1.0,47.59
2024-12-16,Psyllium,2.0,101.66
2024-12-16,Quercetina 300mg,1.0,63.68
2024-12-16,Refil Whey Concentrado - W100,2.0,216.22
2024-12-16,Refil Whey Concentrado Havanna - W100,1.0,108.11
2024-12-16,Refil Wheydop Iso,2.0,363.34
2024-12-16,Resveratrol Plus - 165mg,1.0,93.5
2024-12-16,Sleep,1.0,151.65
2024-12-16,Super Ômega 3,2.0,251.44
2024-12-16,SuperCoffee,1.0,88.55
2024-12-16,Suplemento Alimentar  - Hepatofor,2.0,127.5
2024-12-16,Suplemento Alimentar - Alpha Mater,1.0,105.45
2024-12-16,Suplemento Alimentar - GUARDIAN®,1.0,158.02
2024-12-16,Suplemento Alimentar - Pura Fiber,2.0,130.0
2024-12-16,Suplemento alimentar de Ômega 3 - DHA OX,2.0,256.78
2024-12-16,Suplemento para Cabelos e Unhas- Biocolin Hair,1.0,73.02
2024-12-16,Tasty Whey 3W Gourmet,2.0,282.06
2024-12-16,Termogênico - Thermo Attack,1.0,52.83
2024-12-16,Trio Magnésio 720mg,2.0,106.34
2024-12-16,Vegan Protein,1.0,123.41
2024-12-16,Vitamina B12,6.0,184.6
2024-12-16,Vitamina C - Bio Vit C+,1.0,33.27
2024-12-16,Vitamina C - Ydrosolv,1.0,78.75
2024-12-16,Vitamina D - Vita D3,8.0,312.8
2024-12-16,Vitamina D - Vita D3 + C + Zinco,2.0,98.6
2024-12-16,Vitamina D3,2.0,77.28
2024-12-16,Vitamina D3 - 2000 Ui,3.0,92.82
2024-12-16,Vitamina D3 Synergy,1.0,59.5
2024-12-16,"Vitaminas A, E, D e K2- RESTAURE® - Gotas",1.0,134.98
2024-12-16,Whey,2.0,445.07
2024-12-16,Whey 3W - Delicious,3.0,232.05
2024-12-16,Whey Fort 3W,1.0,165.75
2024-12-16,Whey Protein 3W,1.0,153.17
2024-12-16,Whey Protein Concentrado,4.0,679.68
2024-12-16,Whey Protein Isolado,4.0,924.48
2024-12-16,Whey Protein Isolado - Tasty Iso,1.0,168.7
2024-12-16,Whey Tech 100%,4.0,509.96
2024-12-16,Whey hidrolisado e isolado,1.0,231.99
2024-12-16,Zinco,1.0,43.51
2024-12-16,Óleo de Krill,1.0,162.56
2024-12-16,Óleo de Prímula - 500mg,1.0,29.33
2024-12-16,Ômega -  Mega DHA,2.0,166.0
2024-12-16,Ômega - Mega DHA,1.0,136.85
2024-12-16,Ômega 3 - 1360mg,2.0,243.84
2024-12-16,Ômega 3 - EPA DHA - 1000mg,2.0,142.9
2024-12-16,Ômega 3 - Omegafor Memory,1.0,79.9
2024-12-16,Ômega 3 EPA DHA,7.0,575.64
2024-12-16,Ômega 3 Super DHA,1.0,88.66
2024-12-16,Ômega 3 Super DHA - BIG N,2.0,173.7
2024-12-16,Ômega Core,1.0,133.88
2024-12-16,Ômega DHA,1.0,177.01
2024-12-16,Ômegafor Vegan 400mg,1.0,96.75
2024-12-23,100% Whey Pure,3.0,306.0
2024-12-23,100% Whey True Protein,1.0,166.54
2024-12-23,Aminoácido - Aminovita,1.0,87.55
2024-12-23,Aminoácido - BCAA Fort,1.0,75.65
2024-12-23,Barrinha de Proteína Veganpro Bar,1.0,83.39
2024-12-23,Beef Protein,1.0,104.97
2024-12-23,Coenzima Q10  (200mg p/ porção),1.0,161.5
2024-12-23,Coenzima Q10 + Ômega 3 + Vitamina E,1.0,127.5
2024-12-23,Coenzima Q10 - (100mg p/ porção),1.0,59.5
2024-12-23,Colágeno - Colagentek Beauty,1.0,93.5
2024-12-23,Colágeno - Colagentek Protein - Bodybalance,1.0,186.41
2024-12-23,Colágeno - Collagen Essential Protein,3.0,451.62
2024-12-23,Colágeno - Collagen Pro - Body Suport,1.0,163.98
2024-12-23,Colágeno - Collagen Protein Hidrolisado,3.0,409.83
2024-12-23,Colágeno Hidrolisado - Collagen Pro 18g,1.0,144.43
2024-12-23,Complexo B - Bio Vit.B+,1.0,35.11
2024-12-23,Creatina - Creafort (Creapure),1.0,102.0
2024-12-23,Creatina 100%,2.0,166.48
2024-12-23,Creatina Monohidratada,6.0,438.23
2024-12-23,Creatina Monohidratada - Creatine,3.0,271.08
2024-12-23,Cúrcuma Plus,3.0,181.05
2024-12-23,Fresh Vegan,1.0,130.78
2024-12-23,Fresh Whey,2.0,194.56
2024-12-23,Glutamina,2.0,114.08
2024-12-23,Glutamina - Glutamax,1.0,72.25
2024-12-23,Isofort Plant (Life Vegan),2.0,183.6
2024-12-23,Maca Peruana 2000mg,1.0,66.43
2024-12-23,Magnésio Inositol,1.0,137.21
2024-12-23,Magnésio Plus 900mg,3.0,231.75
2024-12-23,Melatonina,1.0,28.5
2024-12-23,Melatonina - Sleepfor,1.0,68.64
2024-12-23,Multivitaminico  - Imunomult- 1000mg,2.0,204.0
2024-12-23,Nootrópico - Brain Up,1.0,121.15
2024-12-23,Omegafor Plus,1.0,143.59
2024-12-23,Probiótico - Simcaps,1.0,41.23
2024-12-23,Probiótico - Simfort Plus,3.0,260.1
2024-12-23,Probióticos em Pó - Simfort,1.0,85.95
2024-12-23,Proteína - Best Vegan,1.0,85.43
2024-12-23,Proteína - Isocrisp Plant Pouch,1.0,57.8
2024-12-23,Proteína Isolada e Hidrolisada - Body Protein,1.0,165.29
2024-12-23,Pré-Treino - V Fort Ultra,1.0,101.48
2024-12-23,Própolis Verde,1.0,36.3
2024-12-23,Própolis Verde - Propomax,2.0,46.16
2024-12-23,Psyllium,3.0,140.25
2024-12-23,Refil Whey Concentrado - W100,1.0,108.11
2024-12-23,Resveratrol 500mg,1.0,74.25
2024-12-23,Simfort fibras,1.0,49.3
2024-12-23,Spirulina 500mg,1.0,83.85
2024-12-23,Super Ômega 3,2.0,247.67
2024-12-23,SuperCoffee,2.0,269.28
2024-12-23,"Suplemento Alimentar - Cabelo, Pele e Unha - Gomas",2.0,130.24
2024-12-23,Suplemento Alimentar - Immune +,1.0,141.58
2024-12-23,Suplemento de Magnésio - Blue Calm,3.0,235.79
2024-12-23,True Cúrcuma,1.0,72.17
2024-12-23,Vitamina B12,2.0,63.61
2024-12-23,Vitamina C - Bio Vit C+,1.0,48.75
2024-12-23,Vitamina D - Vita D3,1.0,39.1
2024-12-23,Vitamina D - Vita D3 + C + Zinco,2.0,98.6
2024-12-23,Vitamina D3,1.0,33.89
2024-12-23,Vitamina D3 + K2,1.0,59.5
2024-12-23,Vitamina D3 Synergy,1.0,59.5
2024-12-23,Whey Isolado,1.0,149.25
2024-12-23,Whey Isolado - Iso Triple Zero,1.0,172.49
2024-12-23,Whey Protein Concentrado,2.0,339.84
2024-12-23,Whey Protein Isolado,4.0,630.0
2024-12-23,Whey Protein Isolado - Isofort,1.0,242.25
2024-12-23,Whey Tech 100%,5.0,637.45
2024-12-23,Ômega -  Mega DHA,1.0,83.0
2024-12-23,Ômega 3 - EPA DHA - 1000mg,2.0,106.41
2024-12-23,Ômega 3 EPA DHA,4.0,457.0
2024-12-23,Ômega 3 Pulse,1.0,114.13
2024-12-30,100% Whey Protein - Flavour,2.0,200.58
2024-12-30,100% Whey Pure,3.0,306.0
2024-12-30,Aminoácido - Aminovita,2.0,241.4
2024-12-30,Aminoácido N-acetil L-cisteína (NAC),1.0,58.23
2024-12-30,Arginofor -  L-Arginina,1.0,86.7
2024-12-30,Barrinha de Proteina - Protein Crisp Bar,1.0,61.23
2024-12-30,Best Whey,2.0,465.3
2024-12-30,Best Whey Iso,1.0,193.67
2024-12-30,Beta Alanina,2.0,91.8
2024-12-30,Bio Cálcio  60 caps PURAVIDA,1.0,57.72
2024-12-30,Coenzima Q10,5.0,385.95
2024-12-30,Coenzima Q10  (200mg p/ porção),1.0,161.5
2024-12-30,Coenzima Q10 (200mg p/ porção),2.0,187.0
2024-12-30,Coenzima Q10 - (100mg p/ porção),1.0,59.5
2024-12-30,Coenzima Q10 200mg,1.0,91.12
2024-12-30,Colágeno - Colagentek,4.0,265.2
2024-12-30,Colágeno - Collagen Essential Protein,1.0,150.54
2024-12-30,Colágeno - Collagen Renew Hidrolisado,1.0,68.37
2024-12-30,Colágeno Hidrolisado - Collagen Pro 18g,2.0,288.86
2024-12-30,Creatina,1.0,63.67
2024-12-30,Creatina 100%,1.0,83.24
2024-12-30,Creatina Monohidratada,14.0,1094.36
2024-12-30,Creatina Monohidratada - Creatine,2.0,180.72
2024-12-30,Creatina Monohidratada - Hardcore,3.0,265.32
2024-12-30,Cúrcuma Plus,5.0,301.75
2024-12-30,Enzimas Enzyfor,1.0,110.5
2024-12-30,Feno Grego + Boro 500mg,1.0,83.04
2024-12-30,Fresh Whey,7.0,680.96
2024-12-30,Glutamina,3.0,171.12
2024-12-30,Intra-Treino Power Powder ,1.0,34.34
2024-12-30,Magnésio Plus - 350mg,1.0,65.31
2024-12-30,Magnésio Quelato - Bio Mag,1.0,53.46
2024-12-30,Melatonina,1.0,39.05
2024-12-30,Multivitaminico  - Imunomult- 1000mg,1.0,102.0
2024-12-30,Omegafor Plus,2.0,287.18
2024-12-30,Palatinose,2.0,93.26
2024-12-30,Proteína Isolada e Hidrolisada - Body Protein,4.0,661.16
2024-12-30,Pré-Treino - V Fort Ultra,1.0,101.48
2024-12-30,Pré-treino - Warzone,1.0,73.24
2024-12-30,Pré-treino - Égide,1.0,135.96
2024-12-30,Pré-treino Panic Pre Workout,1.0,83.35
2024-12-30,Própolis Líquido - Gotas,1.0,31.35
2024-12-30,Própolis Verde,1.0,36.3
2024-12-30,Psyllium,1.0,63.07
2024-12-30,Refil Whey Concentrado - W100,2.0,216.22
2024-12-30,Refil Wheydop Iso,1.0,181.67
2024-12-30,Resveratrol Plus - 165mg,1.0,93.5
2024-12-30,Simfort Femme,1.0,86.7
2024-12-30,Super Ômega 3,2.0,171.36
2024-12-30,SuperCoffee,3.0,358.74
2024-12-30,SuperCoffee Língua de gato - Kopenhagen,1.0,140.33
2024-12-30,Suplemento - Laranja Moro,1.0,72.18
2024-12-30,Suplemento de Magnésio - Blue Calm,1.0,71.31
2024-12-30,Suplemento para Imunidade - Immune Up 100%,1.0,105.03
2024-12-30,Termogênico - Lipix6,1.0,83.3
2024-12-30,Trio Magnésio 720mg,3.0,159.51
2024-12-30,True Cúrcuma,1.0,72.17
2024-12-30,Vitamina B12,3.0,126.27
2024-12-30,Vitamina C - Bio Vit C+,1.0,33.27
2024-12-30,Vitamina D - Vita D3,2.0,78.2
2024-12-30,Vitamina D - Vita D3 + C + Zinco,1.0,49.3
2024-12-30,Vitamina K2,1.0,45.23
2024-12-30,Whey,3.0,490.89
2024-12-30,Whey Concentrado - W100,1.0,105.48
2024-12-30,Whey Protein - Isofort Beauty,1.0,134.38
2024-12-30,Whey Protein Concentrado,1.0,169.92
2024-12-30,Whey Protein Isolado,3.0,675.99
2024-12-30,Whey Protein Isolado - Isofort,1.0,242.25
2024-12-30,Whey Tech 100%,3.0,382.47
2024-12-30,Ômega -  Mega DHA,3.0,249.0
2024-12-30,Ômega - Mega DHA,1.0,173.74
2024-12-30,Ômega 3 - EPA DHA - 1000mg,2.0,142.9
2024-12-30,Ômega 3 EPA DHA,5.0,281.86
2025-01-06,#Whey Fort 3W,1.0,165.75
2025-01-06,100% Whey Protein - Flavour,2.0,200.58
2025-01-06,100% Whey Pure,11.0,1115.0
2025-01-06,Aminoácido N-acetil L-cisteína (NAC),1.0,58.23
2025-01-06,Barrinha de Proteina - Protein Crisp Bar,1.0,61.23
2025-01-06,Barrinha de Proteína,15.0,1021.8
2025-01-06,Barrinha de Proteína - Protein Crisp Bar,1.0,61.23
2025-01-06,Barrinha de Proteína - YoPRO,1.0,94.86
2025-01-06,Barrinha de Proteína -Nutrata Whey Grego,1.0,65.0
2025-01-06,Barrinha de Proteína Choco Wheyfer,1.0,23.77
2025-01-06,Barrinha de Proteína Collagen Bar,1.0,101.14
2025-01-06,Barrinha de Proteína Thin,2.0,190.64
2025-01-06,Beef Protein,2.0,268.6
2025-01-06,Beta Alanina,2.0,91.8
2025-01-06,Beta Alanina 100%,2.0,86.7
2025-01-06,Bio Ferro,2.0,75.08
2025-01-06,Bio Zinco,1.0,25.62
2025-01-06,Body Protein Vegano,1.0,143.76
2025-01-06,BodyBalance - Muscle Synergy,1.0,202.3
2025-01-06,Bombom,1.0,33.24
2025-01-06,Bombom Recheado,1.0,43.1
2025-01-06,"Boraprim - Borragem, Prímula e Gergelim",1.0,72.2
2025-01-06,Cafeína,2.0,72.51
2025-01-06,Chá Sublime - Brisa,1.0,18.0
2025-01-06,Coenzima  Q10 - 100mg,1.0,83.33
2025-01-06,Coenzima Q10,2.0,252.48
2025-01-06,Coenzima Q10  (200mg p/ porção),2.0,323.0
2025-01-06,Coenzima Q10 (200mg p/ porção),4.0,340.0
2025-01-06,Coenzima Q10 + Ômega 3 + Vitamina E,3.0,382.5
2025-01-06,Coffee - Brainstorm,1.0,92.83
2025-01-06,Colágeno -  Collagen Gut,1.0,148.11
2025-01-06,Colágeno - Colagentek Protein - Bodybalance,2.0,372.82
2025-01-06,Colágeno - Collagen Essential Protein,4.0,602.16
2025-01-06,Colágeno - Collagen Gut,1.0,148.97
2025-01-06,Colágeno - Collagen Protein Hidrolisado,1.0,136.61
2025-01-06,Colágeno - Collagen Renew Hidrolisado,1.0,68.37
2025-01-06,Colágeno Hidrolisado,1.0,44.34
2025-01-06,Colágeno Hidrolisado - Collagen Pro 18g,1.0,144.43
2025-01-06,Creatina - Creafort (Creapure),9.0,1296.0
2025-01-06,Creatina 100%,2.0,130.84
2025-01-06,Creatina 100% Pure,1.0,107.04
2025-01-06,Creatina Monohidratada,16.0,1195.8
2025-01-06,Creatina Monohidratada (Creapure),2.0,353.3
2025-01-06,Creatina Monohidratada - Creadop Serie Sport,1.0,83.32
2025-01-06,Creatina Monohidratada - Creatine,9.0,802.61
2025-01-06,Creatina Monohidratada - Hardcore,2.0,170.19
2025-01-06,Creatina Premium - Creapure,1.0,199.36
2025-01-06,Cúrcuma,1.0,71.53
2025-01-06,Cúrcuma Plus,7.0,422.45
2025-01-06,Energy Gel,1.0,201.35
2025-01-06,Extrato de Laranja Moro 400mg,1.0,84.32
2025-01-06,Extrato de Própolis - Propolyz,1.0,26.12
2025-01-06,Ferro Quelato + Vitamina C,2.0,77.6
2025-01-06,Fresh Vegan,1.0,130.78
2025-01-06,Fresh Whey,9.0,875.52
2025-01-06,Gel Neutro Fresh com Cafeína,2.0,55.96
2025-01-06,Glutamina,2.0,112.04
2025-01-06,Glutamina em Pó,1.0,73.13
2025-01-06,Gold Whey Concentrado Refil,1.0,99.11
2025-01-06,Granola Australia - Low Carb,2.0,62.43
2025-01-06,Grassfed Whey Protein,1.0,137.25
2025-01-06,L-Taurina - 1.000mg,1.0,50.15
2025-01-06,Magnésio,2.0,83.58
2025-01-06,Magnésio - 3MAG - Pool de Magnésio,1.0,61.97
2025-01-06,Magnésio - Inositol Relief 3.0,1.0,149.25
2025-01-06,Magnésio Plus - 350mg,2.0,130.62
2025-01-06,Magnésio Plus 900mg,1.0,77.25
2025-01-06,Melatonina,1.0,46.94
2025-01-06,Melatonina - Ydrosolv,1.0,65.71
2025-01-06,Melatonina Duo,2.0,89.02
2025-01-06,Morning Shot - Imunidade,1.0,87.21
2025-01-06,NAC Acetilcisteína -  600mg,1.0,71.5
2025-01-06,Omegafor Family - Ômega 3,2.0,128.6
2025-01-06,Omegafor Plus,11.0,1624.82
2025-01-06,Palatinose,1.0,45.11
2025-01-06,Probiótico - Simfort Plus,5.0,433.5
2025-01-06,Probióticos em Pó - Simfort,1.0,87.07
2025-01-06,Proteína Isolada e Hidrolisada - Body Protein,6.0,991.74
2025-01-06,Proteína Isolada e Hidrolisada - Body Protein Red,3.0,495.87
2025-01-06,Proteína Isolada e Hidrolisada - Raptor HP,1.0,172.79
2025-01-06,Proteína Vegana - Veggie Protein,1.0,144.49
2025-01-06,Pré-treino - Warzone,2.0,146.48
2025-01-06,Pré-treino - Égide,1.0,135.96
2025-01-06,Própolis Líquido - Gotas,2.0,62.7
2025-01-06,Própolis Verde - Alcoólico,1.0,22.25
2025-01-06,Própolis Verde 70,3.0,95.91
2025-01-06,Psyllium,6.0,329.46
2025-01-06,Refil Whey Concentrado - W100,4.0,432.44
2025-01-06,Refil Whey Concentrado Havanna - W100,2.0,216.22
2025-01-06,Refil Whey Protein 100%,4.0,335.96
2025-01-06,Refil Whey Protein Concentrado,2.0,332.28
2025-01-06,Refil Wheydop Iso,1.0,181.67
2025-01-06,Resveratrol Plus - 165mg,1.0,93.5
2025-01-06,Simfort fibras,1.0,49.3
2025-01-06,Sleep,1.0,151.65
2025-01-06,Super Ômega 3,4.0,402.33
2025-01-06,SuperCoffee,2.0,231.23
2025-01-06,SuperCoffee Língua de gato - Kopenhagen,2.0,280.66
2025-01-06,Suplemento - Hyaluronic Hair,2.0,133.46
2025-01-06,Suplemento Alimentar  - Hepatofor,2.0,146.98
2025-01-06,Suplemento Alimentar - Alpha Metabolicus,1.0,127.05
2025-01-06,"Suplemento Alimentar - Cabelo, Pele e Unha - Gomas",2.0,130.24
2025-01-06,Suplemento Alimentar - GUARDIAN®,2.0,320.29
2025-01-06,Suplemento de Magnésio - Blue Calm,3.0,394.25
2025-01-06,Suplemento para Imunidade - Immune Up 100%,1.0,105.03
2025-01-06,Trio Magnésio 720mg,1.0,53.17
2025-01-06,True Cúrcuma,1.0,72.17
2025-01-06,Vegan Protein,1.0,123.41
2025-01-06,Vegan Protein - Vegano,1.0,106.05
2025-01-06,Vitamina - Good Mood,1.0,59.47
2025-01-06,Vitamina B12,5.0,184.71
2025-01-06,Vitamina C - Antioxidante,1.0,19.97
2025-01-06,Vitamina C3 - 1000mg,1.0,68.0
2025-01-06,Vitamina D - Vita D3,8.0,312.8
2025-01-06,Vitamina D - Vita D3 + C + Zinco,4.0,197.2
2025-01-06,Vitamina D3,8.0,280.62
2025-01-06,Vitamina D3 + K2,1.0,59.5
2025-01-06,Vitamina D3 + K2 Gotas,1.0,55.37
2025-01-06,Vitamina D3 Synergy,1.0,59.5
2025-01-06,Whey,4.0,757.95
2025-01-06,Whey - Isocrisp Pouch,3.0,226.95
2025-01-06,Whey 3W - Delicious,2.0,154.7
2025-01-06,Whey Fort 3W,2.0,331.5
2025-01-06,Whey Isolado - Iso Triple Zero,3.0,517.47
2025-01-06,Whey Protein - Isofort Beauty,1.0,134.38
2025-01-06,Whey Protein 100% - Refil,1.0,127.5
2025-01-06,Whey Protein Concentrado,7.0,1189.44
2025-01-06,Whey Protein Isolado,12.0,2535.89
2025-01-06,Whey Tech 100%,2.0,254.98
2025-01-06,Whey hidrolisado e isolado,1.0,231.99
2025-01-06,Ômega -  Mega DHA,3.0,249.0
2025-01-06,Ômega 3 - 1360mg,2.0,243.84
2025-01-06,Ômega 3 - EPA DHA - 1000mg,3.0,189.84
2025-01-06,Ômega 3 - Pro,1.0,45.22
2025-01-06,Ômega 3 EPA DHA,9.0,699.43
2025-01-06,Ômega 3 Super DHA - BIG N,4.0,347.4
2025-01-06,Ômega 3 Super DHA BIG,1.0,155.31
2025-01-13,100% Whey Flavour,1.0,100.29
2025-01-13,100% Whey Protein - Flavour,5.0,501.45
2025-01-13,100% Whey Pure,15.0,1530.0
2025-01-13,100% Whey True Protein,4.0,666.16
2025-01-13,Achocolatado - Choco Family - Refil,1.0,29.75
2025-01-13,Achocolatado - Chocoki,1.0,63.08
2025-01-13,Aminoácido - Aminovita,2.0,208.25
2025-01-13,Aminoácido - BCAA 3500,1.0,45.37
2025-01-13,Aminoácido - L-lysine 1000mg,1.0,30.48
2025-01-13,Amora Miúra - 1500mg,2.0,79.62
2025-01-13,Antioxidante - Astaxantina,1.0,89.25
2025-01-13,BT Nitrato 400,2.0,286.12
2025-01-13,Barrinha de Proteína,2.0,76.92
2025-01-13,Barrinha de Proteína - Protein Crisp Bar,1.0,61.23
2025-01-13,Barrinha de Proteína Best Whey 49g (12g de Proteína),1.0,99.44
2025-01-13,Barrinha de Proteína ChocoWheyfer,1.0,83.15
2025-01-13,Barrinha de Proteína Cleanpro Bar,1.0,83.39
2025-01-13,Barrinha de Proteína Crunch,1.0,36.85
2025-01-13,Barrinha de Proteína Veganpro Bar,2.0,166.78
2025-01-13,Barrinha de Proteína Whey Grego - Havanna,1.0,86.4
2025-01-13,Beef Protein,2.0,268.6
2025-01-13,Best Whey Iso,1.0,193.67
2025-01-13,Beta Alanina,4.0,199.2
2025-01-13,Beta Alanina 100%,1.0,43.35
2025-01-13,Bio Ferro,2.0,75.08
2025-01-13,Bio Zinco,1.0,25.62
2025-01-13,Blend de Chá - Afrodisíaco,1.0,21.56
2025-01-13,Blend de Chá - Detox,1.0,24.85
2025-01-13,Bombom,1.0,29.33
2025-01-13,"Boraprim - Borragem, Prímula e Gergelim",2.0,144.4
2025-01-13,Cafeína,1.0,33.2
2025-01-13,Chlorella 400mg,1.0,77.97
2025-01-13,Clorella Orgânica - 600 tabletes,1.0,192.0
2025-01-13,Coenzima Q10,3.0,327.93
2025-01-13,Coenzima Q10  (200mg p/ porção),3.0,484.5
2025-01-13,Coenzima Q10 (200mg p/ porção),4.0,340.0
2025-01-13,Coenzima Q10 + Ômega 3 + Vitamina E,3.0,355.57
2025-01-13,Colágeno - Colagentek,5.0,331.5
2025-01-13,Colágeno - Colagentek Beauty,1.0,93.5
2025-01-13,Colágeno - Colagentek Protein - Bodybalance,1.0,186.41
2025-01-13,Colágeno - Collagen Essential Protein,4.0,602.16
2025-01-13,Colágeno - Collagen Pro - Body Suport,2.0,327.96
2025-01-13,Colágeno - Collagen Renew Hidrolisado,5.0,324.87
2025-01-13,Colágeno - Collagen Tipo II 40mg,2.0,135.88
2025-01-13,Colágeno - Collcreatine,1.0,166.18
2025-01-13,Colágeno - Collpure® - 450g,1.0,138.04
2025-01-13,Colágeno Hidrolisado - Collagen Pro 18g,1.0,144.43
2025-01-13,Colágeno Tipo II,2.0,107.94
2025-01-13,Colágeno Tipo II - Chondro,1.0,107.13
2025-01-13,Complexo B 500mg,1.0,31.07
2025-01-13,Creatina,6.0,445.85
2025-01-13,Creatina - Creafort (Creapure),9.0,1422.0
2025-01-13,Creatina - Creapure,1.0,161.12
2025-01-13,Creatina 100%,3.0,249.72
2025-01-13,Creatina Micronizada,1.0,228.24
2025-01-13,Creatina Monohidratada,18.0,1324.2
2025-01-13,Creatina Monohidratada - Creadop Serie Sport,4.0,333.28
2025-01-13,Creatina Monohidratada - Creatine,2.0,180.72
2025-01-13,Creatina Monohidratada - Hardcore,5.0,442.2
2025-01-13,Creatina Monohidratada em Gummy,1.0,93.86
2025-01-13,Cúrcuma Plus,7.0,369.5
2025-01-13,Doce Bocadito,3.0,73.1
2025-01-13,Enzimas Enzyfor,1.0,110.5
2025-01-13,Extrato de Própolis - Propolyz,1.0,26.12
2025-01-13,Ferro - Ydrosolv,1.0,79.6
2025-01-13,Ferro Quelato + Vitamina C,2.0,77.6
2025-01-13,Fibras Prébioticas - Prebiotic,1.0,64.96
2025-01-13,Fresh Vegan,1.0,130.78
2025-01-13,Fresh Whey,12.0,1457.1
2025-01-13,Glutamina,7.0,445.72
2025-01-13,Glutamina em Pó,1.0,73.13
2025-01-13,Gold Whey Concentrado Refil,5.0,543.8
2025-01-13,Granola Australia - Low Carb,2.0,62.43
2025-01-13,Grassfed Whey Protein,1.0,137.25
2025-01-13,Grassfed Whey Protein - Concentrado,1.0,137.26
2025-01-13,Isofort Plant (Life Vegan),1.0,91.8
2025-01-13,L-Carnitina 530mg,1.0,76.5
2025-01-13,L-Taurina - 1.000mg,1.0,28.9
2025-01-13,Maca Peruana 2000mg,1.0,66.43
2025-01-13,Magnésio - Inositol Relief 3.0,2.0,298.5
2025-01-13,Magnésio - Quelato,1.0,21.34
2025-01-13,Magnésio Plus - 350mg,2.0,128.06
2025-01-13,Melatonina,1.0,39.05
2025-01-13,Melatonina - Sleepfor,2.0,137.28
2025-01-13,Melatonina - Ydrosolv,2.0,131.42
2025-01-13,Melatonina Duo,1.0,39.27
2025-01-13,Melatonina Duo Harmony,1.0,75.08
2025-01-13,Melatonina em Gotas,1.0,32.3
2025-01-13,Morning Shot - Imunidade,1.0,101.92
2025-01-13,Omegafor Family - Ômega 3,1.0,64.3
2025-01-13,Omegafor Plus,8.0,1172.54
2025-01-13,Palatinose,3.0,138.37
2025-01-13,Probiótico - Simcaps,1.0,57.8
2025-01-13,Probiótico - Simfort Plus,5.0,423.3
2025-01-13,Probióticos em Pó - Simfort,1.0,35.32
2025-01-13,Proteína Isolada e Hidrolisada - Body Protein,7.0,1157.03
2025-01-13,Pré-Treino - Beta Action,1.0,180.63
2025-01-13,Pré-Treino - V Fort Ultra,1.0,88.4
2025-01-13,Pré-treino - Warzone,2.0,146.48
2025-01-13,Pré-treino com Beta Alanina,4.0,383.68
2025-01-13,Própolis Líquido - Gotas,6.0,188.1
2025-01-13,Própolis Verde - Premium 10mg,1.0,64.6
2025-01-13,Própolis Verde - Propomax,1.0,23.08
2025-01-13,Psyllium,6.0,378.42
2025-01-13,Quercetina 300mg,1.0,63.68
2025-01-13,Refil Whey Concentrado - W100,1.0,108.11
2025-01-13,Refil Whey Concentrado Havanna - W100,1.0,108.11
2025-01-13,Refil Whey Protein 100%,2.0,164.48
2025-01-13,Refil Whey Protein Concentrado,1.0,166.17
2025-01-13,Resveratrol Plus - 165mg,2.0,187.0
2025-01-13,Shot Matinal,1.0,65.12
2025-01-13,Simfort fibras,3.0,147.9
2025-01-13,Sleep,2.0,202.02
2025-01-13,Spirulina 400mg,1.0,83.85
2025-01-13,Super Ômega 3,6.0,631.61
2025-01-13,SuperCoffee,3.0,372.52
2025-01-13,Suplemento - Hyaluronic Hair,1.0,66.73
2025-01-13,Suplemento Alimentar  - Hepatofor,1.0,83.23
2025-01-13,Suplemento Alimentar - Alpha Inflaminus,1.0,122.81
2025-01-13,Suplemento Alimentar - Alpha Mater,1.0,105.45
2025-01-13,Suplemento Alimentar - Alpha Men,1.0,116.93
2025-01-13,Suplemento Alimentar - Alpha Women,1.0,117.24
2025-01-13,"Suplemento Alimentar - Cabelo, Unha e Pele - Supreme Beauty",1.0,141.58
2025-01-13,Suplemento Alimentar - Green Shot,1.0,61.69
2025-01-13,Suplemento Alimentar - Pura Fiber,1.0,65.0
2025-01-13,Suplemento para Cabelos e Unhas- Biocolin Hair,1.0,85.9
2025-01-13,Tasty Whey 3W Gourmet,5.0,705.15
2025-01-13,Trio Magnésio 720mg,1.0,53.17
2025-01-13,Vitamina B12,8.0,255.18
2025-01-13,Vitamina C - Bio Vit C+,1.0,33.27
2025-01-13,Vitamina D - Vita D3,6.0,234.6
2025-01-13,Vitamina D - Vita D3 + C + Zinco,4.0,180.62
2025-01-13,Vitamina D3,1.0,43.39
2025-01-13,Vitamina D3 + K2,2.0,121.75
2025-01-13,Vitamina D3 - 2000 Ui,4.0,123.76
2025-01-13,Vitamina D3 Synergy,1.0,59.5
2025-01-13,Vitamina K2,1.0,45.23
2025-01-13,Whey,8.0,1912.7
2025-01-13,Whey Concentrado - W100,2.0,210.96
2025-01-13,Whey Concentrado - ZeroLac,1.0,240.89
2025-01-13,Whey Fort 3W,6.0,970.5
2025-01-13,Whey Isolado - Iso Triple Zero,6.0,1034.94
2025-01-13,Whey Protein - Isofort Beauty,1.0,134.38
2025-01-13,Whey Protein Concentrado,13.0,2066.56
2025-01-13,Whey Protein Isolado,10.0,1981.98
2025-01-13,Whey Protein Isolado - Isofort,5.0,1211.25
2025-01-13,Whey Protein Isolado - Purajuice,1.0,130.03
2025-01-13,Whey Tech 100%,7.0,892.43
2025-01-13,Whey hidrolisado e isolado,2.0,463.98
2025-01-13,Óleo de Prímula - 500mg,1.0,29.33
2025-01-13,Ômega - Mega DHA,1.0,168.07
2025-01-13,Ômega 3 - 1360mg,6.0,731.52
2025-01-13,Ômega 3 - EPA DHA - 1000mg,3.0,202.37
2025-01-13,Ômega 3 - Omegafor Memory,1.0,96.75
2025-01-13,Ômega 3 DHA,1.0,118.88
2025-01-13,Ômega 3 EPA DHA,9.0,844.0
2025-01-13,Ômega 3 Super DHA,1.0,96.07
2025-01-13,Ômega 3 Super DHA - BIG N,4.0,347.4
2025-01-13,Ômega 3 Super DHA BIG,3.0,465.93
2025-01-13,Ômega DHA,1.0,177.01
2025-01-13,Ômega Golden,1.0,133.88
2025-01-20,#Combo Bora Treinar,1.0,181.25
2025-01-20,#Whey Fort 3W,1.0,165.75
2025-01-20,100% Whey Flavour,2.0,200.58
2025-01-20,100% Whey Protein - Flavour,3.0,300.87
2025-01-20,100% Whey Pure,10.0,1020.0
2025-01-20,Achocolatado - Choco Family - Refil,4.0,119.0
2025-01-20,Achocolatado - Chocoki,1.0,63.08
2025-01-20,Aminoácido - Aminovita,1.0,120.7
2025-01-20,Aminoácido - BCAA 2:1:1,1.0,21.35
2025-01-20,Aminoácido - Tryptophan,1.0,41.4
2025-01-20,Aminoácido N-acetil L-cisteína (NAC),4.0,232.92
2025-01-20,Aminoácidos - Aminnu EAAs,1.0,185.9
2025-01-20,Aminoácidos - Aminnu EAAs - Sem Xilitol,3.0,557.7
2025-01-20,Barrinha de Proteina - Protein Crisp Bar,2.0,122.46
2025-01-20,Barrinha de Proteína,1.0,47.57
2025-01-20,Barrinha de Proteína - Nutrata Whey Grego,1.0,65.0
2025-01-20,Barrinha de Proteína Choco Wheyfer,1.0,27.33
2025-01-20,Barrinha de Proteína Tube,2.0,171.26
2025-01-20,Barrinha de Proteína Veganpro Bar,1.0,83.39
2025-01-20,Beef Protein,2.0,209.94
2025-01-20,Beta Alanina,3.0,137.7
2025-01-20,Bio Cálcio  60 caps PURAVIDA,1.0,57.72
2025-01-20,Bio Ferro,6.0,220.83
2025-01-20,Bio Vitamina B12 em gotas,1.0,33.13
2025-01-20,"Boraprim - Borragem, Prímula e Gergelim",4.0,288.8
2025-01-20,Cafeína,1.0,33.2
2025-01-20,Chlorella 530mg,1.0,77.97
2025-01-20,Chocolate 85% Cacau,1.0,23.38
2025-01-20,Clorella Orgânica - 200 tabletes,1.0,84.04
2025-01-20,Coenzima Q10,3.0,229.83
2025-01-20,Coenzima Q10  (200mg p/ porção),6.0,969.0
2025-01-20,Coenzima Q10 (200mg p/ porção),4.0,374.0
2025-01-20,Coenzima Q10 + Ômega 3 + Vitamina E,1.0,127.5
2025-01-20,Coenzima Q10 200mg,1.0,91.12
2025-01-20,Colágeno - Colagentek,2.0,132.6
2025-01-20,Colágeno - Colagentek Protein - Bodybalance,1.0,186.41
2025-01-20,Colágeno - Collagen Essential Protein,4.0,602.16
2025-01-20,Colágeno - Collagen Gut,1.0,148.97
2025-01-20,Colágeno - Collagen Renew Hidrolisado,4.0,262.16
2025-01-20,Colágeno - Gummies,1.0,94.6
2025-01-20,Colágeno Hidrolisado - Collagen Pro 18g,5.0,722.15
2025-01-20,Colágeno Tipo II,2.0,107.94
2025-01-20,Colágeno Tipo II - Artro Aid,3.0,303.24
2025-01-20,Combo com 4 Sachês SuperCoffee,1.0,27.37
2025-01-20,Combo com 6 Barrinhas de Proteína  - Bombar,2.0,78.64
2025-01-20,Complexo B 500mg,1.0,31.07
2025-01-20,Creatina - Creafort (Creapure),9.0,1485.0
2025-01-20,Creatina 100%,11.0,773.08
2025-01-20,Creatina Monohidratada,15.0,1146.18
2025-01-20,Creatina Monohidratada - Creadop Serie Sport,1.0,83.32
2025-01-20,Creatina Monohidratada - Creatine,7.0,621.89
2025-01-20,Creatina Monohidratada - Hardcore,2.0,176.88
2025-01-20,Cromo Picolinato - 250mg,1.0,24.52
2025-01-20,Cúrcuma 500mg,1.0,84.32
2025-01-20,Cúrcuma Plus,5.0,266.45
2025-01-20,Enzimas Enzyfor,2.0,221.0
2025-01-20,Ferro Quelato + Vitamina C,1.0,38.8
2025-01-20,Fibras Prébioticas - Prebiotic,1.0,64.96
2025-01-20,Fresh Whey,6.0,873.42
2025-01-20,Gel Nitrato,3.0,99.18
2025-01-20,Glutamina,6.0,365.09
2025-01-20,Glutamina - Glutamax,2.0,144.5
2025-01-20,Glutamina em Pó,1.0,73.13
2025-01-20,Gold Whey Concentrado Refil,2.0,217.52
2025-01-20,Grassfed Whey Protein,1.0,137.25
2025-01-20,Immuno Whey,1.0,200.86
2025-01-20,Intra-Treino Power Powder ,2.0,68.68
2025-01-20,Isofort Plant (Life Vegan),3.0,275.4
2025-01-20,Magnésio,1.0,41.79
2025-01-20,Magnésio - 3MAG - Pool de Magnésio,1.0,61.97
2025-01-20,Magnésio - Inositol Relief 3.0,1.0,149.25
2025-01-20,Magnésio Dimalato,1.0,45.22
2025-01-20,Magnésio Inositol,2.0,296.13
2025-01-20,Magnésio Plus - 350mg,2.0,128.06
2025-01-20,Magnésio Plus 900mg,2.0,154.5
2025-01-20,Magnésio Quelato - Bio Mag,1.0,53.46
2025-01-20,Melatonina,1.0,39.05
2025-01-20,Melatonina - Sleepfor,1.0,49.3
2025-01-20,Melatonina - Ydrosolv,3.0,197.13
2025-01-20,Melatonina Duo,1.0,44.51
2025-01-20,Melatonina em Gotas,1.0,32.3
2025-01-20,Melatonina em Gummy,1.0,86.63
2025-01-20,Morning Shot - Imunidade,4.0,365.59
2025-01-20,Multivitaminico  - Imunomult- 1000mg,1.0,102.0
2025-01-20,Multivitaminico - Imunomult- 1000mg,1.0,67.15
2025-01-20,NAC 650mg,2.0,118.5
2025-01-20,Nitro 400,1.0,119.03
2025-01-20,Omegafor Family - Ômega 3,1.0,64.3
2025-01-20,Omegafor Plus,11.0,1503.82
2025-01-20,Omegafor Vision,1.0,85.38
2025-01-20,Palatinose,8.0,382.16
2025-01-20,Pasta de Amendoim,6.0,230.26
2025-01-20,Pasta de Amendoim Granulado,1.0,20.22
2025-01-20,Probiótico - Simcaps,1.0,57.8
2025-01-20,Probiótico - Simfort Plus,1.0,86.7
2025-01-20,Probióticos em Pó - Simfort,1.0,35.32
2025-01-20,Profem - Óleo de Prímula,1.0,84.15
2025-01-20,Proteina Vegetal,1.0,125.22
2025-01-20,Proteína Isolada e Hidrolisada - Body Protein,5.0,826.45
2025-01-20,Proteína Isolada e Hidrolisada - Body Protein Red,2.0,330.58
2025-01-20,Proteína Vegana - Immuno Veggie,1.0,188.5
2025-01-20,Proteína Vegana - One Nutrition,1.0,133.0
2025-01-20,Proteína Vegana - Vegan Tasty,1.0,109.74
2025-01-20,Pré-Treino - Betadop,1.0,102.38
2025-01-20,Pré-Treino - V Fort Ultra,2.0,189.88
2025-01-20,Pré-treino - Warzone,1.0,73.24
2025-01-20,Própolis Verde,1.0,47.59
2025-01-20,Própolis Verde - Alcoólico,1.0,22.25
2025-01-20,Quercetina 300mg,1.0,63.68
2025-01-20,Refil Whey 100% Pure,3.0,349.68
2025-01-20,Refil Whey Concentrado - W100,3.0,324.33
2025-01-20,Refil Whey Concentrado Havanna - W100,1.0,108.11
2025-01-20,Refil Whey Protein Concentrado,2.0,332.31
2025-01-20,Refil Wheydop Iso,3.0,545.01
2025-01-20,Resveratrol Plus - 165mg,2.0,187.0
2025-01-20,Simfort fibras,4.0,197.2
2025-01-20,Spirulina 500mg,1.0,83.85
2025-01-20,Super Ômega 3,4.0,477.46
2025-01-20,SuperCoffee,3.0,319.78
2025-01-20,SuperCoffee Língua de gato - Kopenhagen,1.0,140.33
2025-01-20,Suplemento - Hyaluronic Hair,1.0,66.73
2025-01-20,Suplemento - Laranja Moro,3.0,216.54
2025-01-20,Suplemento Alimentar - Alpha Mater,2.0,210.9
2025-01-20,Suplemento Alimentar - Alpha Women,1.0,117.24
2025-01-20,"Suplemento Alimentar - Cabelo, Unha e Pele - Beauty +",1.0,106.18
2025-01-20,Suplemento de Magnésio - Blue Calm,4.0,285.24
2025-01-20,Suplemento para Imunidade - Immune Up 100%,1.0,105.03
2025-01-20,Tasty Whey 3W Gourmet,5.0,705.15
2025-01-20,Tortinha Proteica,2.0,102.68
2025-01-20,Trio Magnésio 720mg,1.0,53.17
2025-01-20,Triptofano Noite,1.0,70.69
2025-01-20,Vegan Protein - Vegano,1.0,106.05
2025-01-20,Vegan Ômega 3 DHA,1.0,117.16
2025-01-20,Vitamina - Good Mood,1.0,59.47
2025-01-20,Vitamina B12,6.0,222.89
2025-01-20,Vitamina D - Vita D3,11.0,452.88
2025-01-20,Vitamina D - Vita D3 + C + Zinco,1.0,41.01
2025-01-20,Vitamina D3 + K2 Gotas,1.0,55.37
2025-01-20,Vitamina D3 - 2000 Ui,1.0,30.94
2025-01-20,Vitamina D3 - Ydrosolv,1.0,61.41
2025-01-20,Vitamina D3 Synergy,1.0,59.5
2025-01-20,Whey,3.0,608.7
2025-01-20,Whey - Immuno Golden,1.0,173.44
2025-01-20,Whey 3W,1.0,172.52
2025-01-20,Whey 3W - Delicious,5.0,386.75
2025-01-20,Whey Concentrado - W100,1.0,105.48
2025-01-20,Whey Fort 3W,2.0,304.5
2025-01-20,Whey Isolado - Iso Triple Zero,2.0,344.98
2025-01-20,Whey Isolado - Isofort Ultra Imuno,1.0,299.2
2025-01-20,Whey Protein - 3W - The Whey,1.0,121.33
2025-01-20,Whey Protein 3W,1.0,153.17
2025-01-20,Whey Protein Concentrado,7.0,1153.84
2025-01-20,Whey Protein Crisp - Isocrisp,1.0,41.31
2025-01-20,Whey Protein ISO 100 Hydrolyzed,1.0,749.7
2025-01-20,Whey Protein Isolado,8.0,1506.86
2025-01-20,Whey Protein Isolado - Isofort,5.0,1211.25
2025-01-20,Whey Tech 100%,6.0,764.94
2025-01-20,Whey hidrolisado e isolado,3.0,695.97
2025-01-20,Zinco Quelado,1.0,30.94
2025-01-20,Óleo de Coco  - Spray,1.0,17.85
2025-01-20,Óleo de Prímula - 500mg,1.0,29.33
2025-01-20,Ômega -  Mega DHA,2.0,166.0
2025-01-20,Ômega 3 + Coenzima Q10 - Omegavie,1.0,69.45
2025-01-20,Ômega 3 - 1360mg,4.0,487.68
2025-01-20,Ômega 3 - EPA DHA - 1000mg,6.0,281.64
2025-01-20,Ômega 3 - Ultra Caps 1000mg,1.0,136.53
2025-01-20,Ômega 3 EPA DHA,3.0,223.0
2025-01-20,Ômega 3 IFOS - 660 EPA/ 440 DHA,1.0,165.84
2025-01-20,Ômega 3 Pulse,1.0,114.13
2025-01-20,Ômega 3 Super DHA - BIG N,1.0,86.85
2025-01-20,Ômega 3 Super DHA BIG,1.0,155.31
2025-01-20,Ômega Ultra - 1000mg,1.0,84.92
2025-01-20,Ômegafor Vegan 400mg,1.0,96.75
2025-01-27,#Combo Bora Treinar,1.0,181.25
2025-01-27,100% Whey Flavour,2.0,200.58
2025-01-27,100% Whey Protein - Flavour,5.0,475.41
2025-01-27,100% Whey Pure,16.0,1632.0
2025-01-27,100% Whey True Protein,4.0,666.16
2025-01-27,Achocolatado - Chocoki,3.0,176.48
2025-01-27,Aminoácido - Tryptophan,1.0,41.4
2025-01-27,Aminoácido N-acetil L-cisteína (NAC),3.0,174.69
2025-01-27,Aminoácidos - Aminnu EAAs,1.0,185.9
2025-01-27,Arginofor - L-Arginina,1.0,57.8
2025-01-27,Barrinha de Proteina - Protein Crisp Bar,1.0,61.23
2025-01-27,Barrinha de Proteína,1.0,151.98
2025-01-27,Barrinha de Proteína - Protein Crisp Bar,1.0,61.23
2025-01-27,Barrinha de Proteína Veganpro Bar,1.0,83.39
2025-01-27,Bebida Vegetal,1.0,48.25
2025-01-27,Beef Protein,3.0,314.91
2025-01-27,Best Whey,1.0,232.65
2025-01-27,Best Whey Iso,2.0,387.34
2025-01-27,Beta Alanina,2.0,91.8
2025-01-27,Bio Cálcio  60 caps PURAVIDA,2.0,115.44
2025-01-27,Bio Zinco,1.0,25.62
2025-01-27,Blend de Chá - Afrodisíaco,1.0,21.56
2025-01-27,Blend de Chá - Detox,1.0,24.85
2025-01-27,Bombom,1.0,29.33
2025-01-27,"Boraprim - Borragem, Prímula e Gergelim",1.0,72.2
2025-01-27,Cafeína,1.0,33.2
2025-01-27,Chlorella 530mg,1.0,77.97
2025-01-27,Chocolate 70% Cacau,2.0,46.76
2025-01-27,Chá,1.0,18.0
2025-01-27,Chá - Immuno Guard,1.0,51.02
2025-01-27,Coenzima  Q10 - 100mg,3.0,249.99
2025-01-27,Coenzima Q10,1.0,77.19
2025-01-27,Coenzima Q10  (200mg p/ porção),4.0,646.0
2025-01-27,Coenzima Q10 (200mg p/ porção),1.0,93.5
2025-01-27,Coenzima Q10 + Ômega 3 + Vitamina E,2.0,255.0
2025-01-27,Coenzima Q10 - (100mg p/ porção),1.0,59.5
2025-01-27,Coenzima Q10 - 100mg,1.0,95.55
2025-01-27,Coenzima Q10 - 200mg,1.0,129.97
2025-01-27,Coenzima Q10 200mg,1.0,91.12
2025-01-27,Colosfort Lactoferrin Plus,1.0,157.49
2025-01-27,Colágeno - Colagentek Protein - Bodybalance,1.0,186.41
2025-01-27,Colágeno - Collagen Essential Protein,2.0,301.08
2025-01-27,Colágeno - Collagen Gut,1.0,148.97
2025-01-27,Colágeno - Collagen Pro - Body Suport,1.0,163.98
2025-01-27,Colágeno - Collagen Protein Hidrolisado,2.0,250.22
2025-01-27,Colágeno - Collagen Renew Hidrolisado,1.0,68.37
2025-01-27,Colágeno - Collagen Tipo II 40mg,2.0,135.88
2025-01-27,Colágeno Collagen Skin,1.0,165.75
2025-01-27,Colágeno Hidrolisado - Collagen Pro 18g,4.0,577.72
2025-01-27,Colágeno Tipo II,2.0,107.94
2025-01-27,Combo Cim 3 Caixas de Chá Gourmet - TPM Relax,1.0,23.46
2025-01-27,Complexo B,2.0,166.18
2025-01-27,Creatina,4.0,335.93
2025-01-27,Creatina - Creafort (Creapure),9.0,1233.0
2025-01-27,Creatina - Gummies,1.0,110.7
2025-01-27,Creatina 100%,18.0,1284.48
2025-01-27,Creatina Micronizada,1.0,228.24
2025-01-27,Creatina Monohidratada,25.0,1683.92
2025-01-27,Creatina Monohidratada (Creapure),4.0,706.6
2025-01-27,Creatina Monohidratada -  Crealift (Creapure),1.0,245.65
2025-01-27,Creatina Monohidratada - Creadop Serie Sport,2.0,166.64
2025-01-27,Creatina Monohidratada - Creatine,13.0,1174.68
2025-01-27,Creatina Monohidratada - Hardcore,6.0,523.95
2025-01-27,Creatina Premium - Creapure,1.0,199.36
2025-01-27,Cromo Picolinato - 250mg,1.0,24.52
2025-01-27,Cálcio de Algas 1000mg,2.0,95.08
2025-01-27,Cúrcuma 500mg,2.0,168.64
2025-01-27,Cúrcuma Plus,6.0,362.1
2025-01-27,Energy Gel c/ Cafeína,1.0,37.41
2025-01-27,Enzimas Enzyfor,1.0,110.5
2025-01-27,Extrato de Laranja Moro 400mg,2.0,181.07
2025-01-27,Feno Grego + Boro 500mg,1.0,83.04
2025-01-27,Ferro - Ydrosolv,2.0,159.2
2025-01-27,Ferro Quelato + Vitamina C,3.0,116.4
2025-01-27,Fibras Prébioticas - Prebiotic,2.0,129.92
2025-01-27,Fresh Vegan,1.0,130.78
2025-01-27,Fresh Whey,5.0,618.53
2025-01-27,Gel Nitrato,1.0,25.83
2025-01-27,Glutamina,6.0,377.42
2025-01-27,Glutamina - Glutamax,2.0,152.57
2025-01-27,Glutamina em Pó,1.0,86.49
2025-01-27,Gold Whey Concentrado Refil,2.0,210.01
2025-01-27,L-Carnitina 530mg,2.0,153.0
2025-01-27,L-Taurina - 1.000mg,3.0,150.45
2025-01-27,Maca Peruana 2000mg,2.0,132.86
2025-01-27,Magnésio - 3MAG - Pool de Magnésio,2.0,123.94
2025-01-27,Magnésio - Inositol Relief 3.0,1.0,159.7
2025-01-27,Magnésio Plus - 350mg,2.0,130.62
2025-01-27,Magnésio Plus 900mg,3.0,231.75
2025-01-27,Melatonina,2.0,79.24
2025-01-27,Melatonina - Sleepfor,1.0,68.64
2025-01-27,Melatonina - Ydrosolv,1.0,65.71
2025-01-27,Melatonina Duo Harmony,2.0,170.18
2025-01-27,Melatonina Em Gotas Premium - 210mcg,1.0,23.62
2025-01-27,Morning Shot - Imunidade,4.0,363.55
2025-01-27,Omegafor Family - Ômega 3,1.0,64.3
2025-01-27,Omegafor Plus,22.0,3421.54
2025-01-27,Palatinose,4.0,189.1
2025-01-27,Pasta de Amendoim,2.0,38.94
2025-01-27,Pasta de Amendoim Granulado,1.0,20.22
2025-01-27,Probiótico - Simcaps,1.0,57.8
2025-01-27,Probiótico - Simfort Plus,3.0,249.9
2025-01-27,Proteína - Best Vegan,1.0,85.43
2025-01-27,Proteína Isolada e Hidrolisada - Body Protein,3.0,495.87
2025-01-27,Proteína Vegana - Veggie Protein,1.0,193.63
2025-01-27,Pré-Treino,1.0,66.33
2025-01-27,Pré-Treino - Beta Action,1.0,180.63
2025-01-27,Pré-Treino - V Fort Ultra,2.0,176.8
2025-01-27,Pré-treino - Taken,1.0,90.72
2025-01-27,Pré-treino - Warzone,1.0,73.24
2025-01-27,Pré-treino Exquenta,1.0,152.99
2025-01-27,Pré-treino Panic Pre Workout,1.0,83.35
2025-01-27,Própolis Líquido - Gotas,3.0,94.05
2025-01-27,Própolis Verde - Alcoólico,1.0,22.25
2025-01-27,Própolis Verde - Premium 10mg,1.0,64.6
2025-01-27,Própolis Verde - Propomax,3.0,69.24
2025-01-27,Psyllium,2.0,126.14
2025-01-27,Refil Whey Concentrado - W100,5.0,540.55
2025-01-27,Refil Whey Concentrado Havanna - W100,5.0,527.44
2025-01-27,Refil Whey Protein 100%,2.0,164.48
2025-01-27,Refil Whey Protein Concentrado,2.0,332.31
2025-01-27,Resveratrol,2.0,142.2
2025-01-27,Resveratrol Plus - 165mg,1.0,93.5
2025-01-27,Simfort fibras,1.0,49.3
2025-01-27,Spirulina Orgânica - 200 tabletes,2.0,206.14
2025-01-27,Super Ômega 3,10.0,884.97
2025-01-27,SuperCoffee,5.0,642.68
2025-01-27,SuperCoffee Língua de gato - Kopenhagen,2.0,280.66
2025-01-27,Suplemento Alimentar  - Hepatofor,3.0,191.25
2025-01-27,Suplemento Alimentar - Green Shot,2.0,123.38
2025-01-27,Suplemento Alimentar - Pura Fiber,1.0,65.0
2025-01-27,Suplemento alimentar de Ômega 3 - DHA OX,1.0,138.72
2025-01-27,Suplemento de Magnésio - Blue Calm,2.0,142.62
2025-01-27,Suplemento para Imunidade - Immune Up 100%,1.0,105.03
2025-01-27,Tasty Whey 3W Gourmet,1.0,141.03
2025-01-27,Trio Magnésio 720mg,1.0,53.17
2025-01-27,Ultracoffee - Vegano,3.0,227.79
2025-01-27,Vegan Protein - Vegano,1.0,106.05
2025-01-27,Vegan Ômega 3 DHA,1.0,117.16
2025-01-27,Vitamina B12,5.0,163.07
2025-01-27,Vitamina C - Bio Vit C+,2.0,66.54
2025-01-27,Vitamina D - Vita D3,5.0,198.9
2025-01-27,Vitamina D - Vita D3 + C + Zinco,6.0,295.8
2025-01-27,Vitamina D3 + K2,2.0,124.5
2025-01-27,Vitamina D3 + K2 Gotas,1.0,55.37
2025-01-27,Vitamina D3 - 2000 Ui,3.0,92.82
2025-01-27,Vitamina D3 Synergy,5.0,297.5
2025-01-27,Vitamina E,1.0,26.85
2025-01-27,Whey,7.0,1263.22
2025-01-27,Whey 3W - Delicious,2.0,154.7
2025-01-27,Whey Concentrado - W100,2.0,210.96
2025-01-27,Whey Fort 3W,8.0,1326.0
2025-01-27,Whey Isolado - Garrafinha,2.0,37.98
2025-01-27,Whey Isolado - Iso Triple Zero,2.0,344.98
2025-01-27,Whey Isolado e Hidrolisado - H.I Whey,2.0,327.68
2025-01-27,Whey Protein 100% - Refil,1.0,127.5
2025-01-27,Whey Protein Concentrado,12.0,1967.84
2025-01-27,Whey Protein Isolado,7.0,1323.36
2025-01-27,Whey Protein Isolado - Isofort,4.0,969.0
2025-01-27,Whey Tech 100%,8.0,1019.92
2025-01-27,Wheydop ISO,1.0,200.75
2025-01-27,Zinco Quelado,1.0,30.94
2025-01-27,Óleo de Krill  - Ômega 3 EPA DHA,2.0,173.4
2025-01-27,Ômega - Mega DHA,2.0,347.48
2025-01-27,Ômega 3 + Coenzima Q10 - Omegavie,1.0,69.45
2025-01-27,Ômega 3 - 1360mg,5.0,609.6
2025-01-27,Ômega 3 - EPA DHA - 1000mg,1.0,46.94
2025-01-27,Ômega 3 - Ultra Caps 1000mg,1.0,136.53
2025-01-27,Ômega 3 EPA DHA,23.0,1391.32
2025-01-27,Ômega 3 Pulse,2.0,215.38
2025-01-27,Ômega 3 Super DHA,1.0,108.83
2025-01-27,Ômega 3 Super DHA - BIG N,9.0,781.65
2025-02-03,100% Whey Protein - Flavour,2.0,200.58
2025-02-03,100% Whey Pure,2.0,204.0
2025-02-03,100% Whey True Protein,5.0,832.7
2025-02-03,Achocolatado - Choco Family - Refil,1.0,29.75
2025-02-03,Aminoácido - Aminovita,3.0,328.95
2025-02-03,Aminoácido - BCAA 2:1:1,1.0,21.35
2025-02-03,Aminoácidos - Aminolift,1.0,147.26
2025-02-03,Aveia - Flocos Grossos,1.0,14.27
2025-02-03,BT Nitrato,3.0,301.83
2025-02-03,Barrinha de Proteina - Protein Crisp Bar,1.0,61.23
2025-02-03,Barrinha de Proteína,21.0,1115.19
2025-02-03,Barrinha de Proteína - Protein Crisp Bar,2.0,122.46
2025-02-03,Barrinha de Proteína Choco Wheyfer,1.0,27.72
2025-02-03,Barrinha de Proteína ChocoWheyfer,1.0,83.15
2025-02-03,Barrinha de Proteína Crunch,1.0,36.85
2025-02-03,Barrinhas de Proteína Crunch,1.0,132.6
2025-02-03,Bebida Vegetal - Golden Immunity,1.0,91.18
2025-02-03,Beef Protein,3.0,314.91
2025-02-03,Beta Alanina,5.0,229.5
2025-02-03,Beta Alanina 100%,1.0,43.35
2025-02-03,Bio Cálcio  60 caps PURAVIDA,1.0,57.72
2025-02-03,Bio Ferro,1.0,33.13
2025-02-03,Bio Vitamina B12 em gotas,1.0,37.54
2025-02-03,Blend de Chá - Calmante,2.0,43.12
2025-02-03,Blend de Chá - Detox,1.0,21.56
2025-02-03,Blend de Chá - Digestivo,1.0,21.56
2025-02-03,Blend de Chá - Xô TPM,1.0,21.56
2025-02-03,Body Protein Vegano,1.0,143.76
2025-02-03,"Boraprim - Borragem, Prímula e Gergelim",1.0,72.2
2025-02-03,Cafeína,4.0,132.8
2025-02-03,Coenzima Q10,2.0,152.64
2025-02-03,Coenzima Q10  (200mg p/ porção),2.0,323.0
2025-02-03,Coenzima Q10 (200mg p/ porção),3.0,246.5
2025-02-03,Coenzima Q10 + Ômega 3 + Vitamina E,4.0,483.07
2025-02-03,Coenzima Q10 - (100mg p/ porção),3.0,178.5
2025-02-03,Coffee - Brainstorm,1.0,85.0
2025-02-03,Colágeno -  Collagen Gut,1.0,148.11
2025-02-03,Colágeno - Colagentek,4.0,265.2
2025-02-03,Colágeno - Colagentek Protein - Bodybalance,1.0,186.41
2025-02-03,Colágeno - Collagen Essential Protein,1.0,150.54
2025-02-03,Colágeno - Collagen Pro - Body Suport,1.0,163.98
2025-02-03,Colágeno - Collagen Renew Hidrolisado,3.0,199.45
2025-02-03,Colágeno - Collagen Tipo II 40mg,1.0,67.94
2025-02-03,Colágeno - Collcreatine,1.0,166.18
2025-02-03,Colágeno Hidrolisado - Collagen Pro 18g,4.0,577.72
2025-02-03,Colágeno Tipo 1 e 2 - Collagen 2 Joint,1.0,150.75
2025-02-03,Colágeno Tipo II - Chondro,1.0,107.13
2025-02-03,Complexo B,1.0,83.09
2025-02-03,Complexo B - Vitadop B,1.0,29.64
2025-02-03,Complexo B 500mg,1.0,31.07
2025-02-03,Complexo B Max,1.0,31.32
2025-02-03,Cranberry - She She Comfort,1.0,61.69
2025-02-03,Creatina,4.0,446.17
2025-02-03,Creatina - Creafort (Creapure),5.0,776.0
2025-02-03,Creatina - Creapure,2.0,322.24
2025-02-03,Creatina 100%,5.0,273.64
2025-02-03,Creatina Monohidratada,35.0,2209.78
2025-02-03,Creatina Monohidratada -  Crealift (Creapure),1.0,245.65
2025-02-03,Creatina Monohidratada - Creadop Serie Sport,3.0,249.96
2025-02-03,Creatina Monohidratada - Creatine,8.0,712.25
2025-02-03,Creatina Monohidratada - Hardcore,1.0,88.44
2025-02-03,Cromo Picolinato - 250mg,2.0,49.04
2025-02-03,Cúrcuma - Curcumagic,1.0,112.56
2025-02-03,Cúrcuma 500mg,1.0,84.32
2025-02-03,Cúrcuma Plus,2.0,103.05
2025-02-03,Doce Bocadito,1.0,27.37
2025-02-03,Energy Gel,3.0,205.37
2025-02-03,Ferro - Ydrosolv,4.0,318.4
2025-02-03,Ferro Quelado 34mg,1.0,26.43
2025-02-03,Ferro Quelato + Vitamina C,1.0,38.8
2025-02-03,Fibras Prébioticas - Prebiotic,3.0,194.88
2025-02-03,Fresh Whey,12.0,1192.84
2025-02-03,Gel Nitrato,4.0,122.14
2025-02-03,Glutamina,7.0,422.13
2025-02-03,Glutamina - Glutamax,1.0,72.25
2025-02-03,Glutamina em Pó,1.0,86.49
2025-02-03,Gold Whey Concentrado Refil,1.0,108.76
2025-02-03,Granola,1.0,35.82
2025-02-03,Immuno Whey,3.0,602.58
2025-02-03,Isofort Plant (Life Vegan),1.0,91.8
2025-02-03,L-Carnitina 530mg,1.0,76.5
2025-02-03,MCT,1.0,106.25
2025-02-03,Magnésio,2.0,83.58
2025-02-03,Magnésio - Bio Trimag,4.0,171.12
2025-02-03,Magnésio - Inositol Relief 3.0,1.0,149.25
2025-02-03,Magnésio Plus - 350mg,3.0,195.93
2025-02-03,Magnésio Plus 900mg,2.0,159.0
2025-02-03,Melatonina,4.0,142.7
2025-02-03,Melatonina - Sleepfor,2.0,137.28
2025-02-03,Melatonina - Ydrosolv,1.0,65.71
2025-02-03,Melatonina Duo Harmony,1.0,85.09
2025-02-03,Morning Shot - Imunidade,5.0,450.76
2025-02-03,Multivitaminico  - Imunomult- 1000mg,2.0,204.0
2025-02-03,Nootrópico - Brain Up,1.0,137.3
2025-02-03,Omegafor Plus,11.0,1776.0
2025-02-03,Omegafor Vision,2.0,170.76
2025-02-03,Palatinose,5.0,225.55
2025-02-03,Palatinose - Paladop,2.0,95.56
2025-02-03,Pasta de Amendoim,3.0,149.68
2025-02-03,Pasta de Amendoim Granulado,1.0,20.22
2025-02-03,Pasta de Amendoim Integral,1.0,15.99
2025-02-03,Pre-Workout - DiaboVerde,1.0,105.06
2025-02-03,Prebiótico,1.0,61.24
2025-02-03,Probiótico - Simfort Plus,2.0,173.4
2025-02-03,Probióticos em Pó - Simfort,3.0,207.22
2025-02-03,Profem - Óleo de Prímula,1.0,84.15
2025-02-03,Proteína - Isocrisp Plant Pouch,2.0,115.6
2025-02-03,Proteína Isolada e Hidrolisada - Body Protein,4.0,661.16
2025-02-03,Proteína Isolada e Hidrolisada - Body Protein Red,2.0,330.58
2025-02-03,Proteína Vegana - Immuno Veggie,1.0,188.5
2025-02-03,Pré-Treino,1.0,66.33
2025-02-03,Pré-Treino - Beta Action,1.0,180.63
2025-02-03,Pré-Treino - Betadop,2.0,204.76
2025-02-03,Pré-treino Exquenta,1.0,152.99
2025-02-03,Pré-treino Panic Pre Workout,1.0,83.35
2025-02-03,Próbiotico - Purabiotics,1.0,76.5
2025-02-03,Própolis Líquido - Gotas,1.0,31.35
2025-02-03,Própolis Verde - Premium 10mg,1.0,64.6
2025-02-03,Própolis Verde 70,2.0,63.94
2025-02-03,Psyllium,7.0,393.21
2025-02-03,Refil Whey Concentrado - W100,2.0,216.22
2025-02-03,Refil Whey Concentrado Havanna - W100,3.0,324.33
2025-02-03,Refil Whey Protein 100%,4.0,335.96
2025-02-03,Refil Whey Protein Concentrado,2.0,332.34
2025-02-03,Refil Wheydop Iso,2.0,363.34
2025-02-03,Resveratrol 500mg,1.0,67.35
2025-02-03,Shot Noturno - Melatonina,1.0,106.59
2025-02-03,Simfort fibras,4.0,197.2
2025-02-03,Sleep,1.0,151.65
2025-02-03,Super Ômega 3,7.0,622.59
2025-02-03,SuperCoffee,4.0,595.69
2025-02-03,SuperCoffee Língua de gato - Kopenhagen,4.0,561.32
2025-02-03,Suplemento - Hyaluronic Hair,1.0,66.73
2025-02-03,Suplemento Alimentar - Alpha Inflaminus,1.0,122.81
2025-02-03,Suplemento Alimentar - Alpha Mater,3.0,316.35
2025-02-03,"Suplemento Alimentar - Cabelo, Pele e Unha - Gomas",3.0,195.36
2025-02-03,Suplemento Alimentar - Moreflex,1.0,119.0
2025-02-03,Suplemento Alimentar - Pura Fiber,4.0,260.0
2025-02-03,Suplemento alimentar de Ômega 3 - DHA OX,1.0,138.72
2025-02-03,Tablete de Doce,3.0,66.93
2025-02-03,Termogênico - Thermo Attack,1.0,52.83
2025-02-03,Trio Magnésio 720mg,3.0,159.51
2025-02-03,Triptofano Noite,1.0,70.69
2025-02-03,True Cúrcuma,2.0,144.34
2025-02-03,Ultracoffee - Vegano,3.0,227.79
2025-02-03,Vitamina B12,10.0,378.91
2025-02-03,Vitamina C3 - 1000mg,2.0,107.1
2025-02-03,Vitamina D - Vita D3,8.0,332.18
2025-02-03,Vitamina D - Vita D3 + C + Zinco,2.0,98.6
2025-02-03,Vitamina D3,1.0,72.18
2025-02-03,Vitamina D3 + K2,2.0,121.75
2025-02-03,Vitamina D3 + K2 Gotas,1.0,55.37
2025-02-03,Vitamina D3 - Ydrosolv,3.0,184.23
2025-02-03,Vitamina D3 Synergy,2.0,119.0
2025-02-03,"Vitaminas A, E, D e K2- RESTAURE® - Gotas",1.0,158.8
2025-02-03,Whey,4.0,772.33
2025-02-03,Whey 3W,2.0,345.04
2025-02-03,Whey Fort 3W,3.0,497.25
2025-02-03,Whey Isolado - Garrafinha,1.0,18.99
2025-02-03,Whey Isolado - Iso Triple Zero,3.0,517.47
2025-02-03,Whey Protein 3W,2.0,306.34
2025-02-03,Whey Protein Concentrado,22.0,3600.27
2025-02-03,Whey Protein Concentrado Cappuccino 900g DUX,1.0,169.92
2025-02-03,Whey Protein Crisp - Isocrisp,1.0,41.31
2025-02-03,Whey Protein Isolado,11.0,2340.21
2025-02-03,Whey Protein Isolado - Isofort,5.0,1211.25
2025-02-03,Whey Protein Isolado - Tasty Iso,2.0,337.4
2025-02-03,Whey Tech 100%,7.0,892.43
2025-02-03,Wheydop ISO,1.0,200.75
2025-02-03,Wheydop X,1.0,226.4
2025-02-03,Óleo de Krill,1.0,119.2
2025-02-03,Ômega -  Mega DHA,2.0,166.0
2025-02-03,Ômega - Mega DHA,1.0,173.74
2025-02-03,Ômega 3 + Coenzima Q10 - Omegavie,1.0,69.45
2025-02-03,Ômega 3 - Ultra Caps 1000mg,1.0,136.53
2025-02-03,Ômega 3 DHA,1.0,118.88
2025-02-03,Ômega 3 EPA DHA,15.0,1081.26
2025-02-03,Ômega 3 Pulse,1.0,114.13
2025-02-03,Ômega 3 Super DHA - BIG N,4.0,347.4
2025-02-03,Ômega 3 Super DHA BIG,4.0,559.68
2025-02-03,Ômega Ultra - 1000mg,1.0,84.92
2025-02-10,100% Whey Flavour,3.0,300.87
2025-02-10,100% Whey Protein - Flavour,6.0,601.74
2025-02-10,100% Whey Pure,5.0,503.0
2025-02-10,100% Whey True Protein,1.0,166.54
2025-02-10,Achocolatado - Choco Family - Refil,3.0,89.25
2025-02-10,Achocolatado - Chocoki,1.0,63.08
2025-02-10,Adapto Whey 3W,1.0,149.25
2025-02-10,Aminoácido - Aminovita,6.0,691.05
2025-02-10,Aminoácido - Tryptophan,1.0,41.4
2025-02-10,Aminoácido N-acetil L-cisteína (NAC),3.0,174.69
2025-02-10,Aminoácidos - Aminnu EAAs - Sem Xilitol,1.0,185.9
2025-02-10,Antioxidante - Luteína e Zeaxantina,2.0,118.28
2025-02-10,BT Nitrato,1.0,177.96
2025-02-10,BT Nitrato 400,3.0,429.18
2025-02-10,Barra Chocolate 40%,1.0,24.65
2025-02-10,Barrinha de Proteína,3.0,228.9
2025-02-10,Barrinha de Proteína - Protein Crisp Bar,4.0,244.92
2025-02-10,Barrinha de Proteína - YOPRO,1.0,56.32
2025-02-10,Barrinha de Proteína Cleanpro Bar,1.0,83.39
2025-02-10,Barrinha de Proteína Veganpro Bar,2.0,166.78
2025-02-10,Bebida Vegetal em Pó - Vegan Delight,1.0,67.16
2025-02-10,Beef Protein,8.0,898.42
2025-02-10,Beta Alanina,4.0,183.6
2025-02-10,Beta Alanina 100%,1.0,43.35
2025-02-10,Bio Cálcio  60 caps PURAVIDA,4.0,230.88
2025-02-10,Bio Vitamina B12 em gotas,1.0,37.54
2025-02-10,Bio Zinco,1.0,25.62
2025-02-10,Biotina Plus,2.0,79.3
2025-02-10,Blend de Chá - Detox,3.0,67.97
2025-02-10,Blend de Chá - Digestivo,1.0,21.56
2025-02-10,Blend de Chá - Energia,1.0,24.85
2025-02-10,Blend de Chá - Xô TPM,1.0,21.56
2025-02-10,"Boraprim - Borragem, Prímula e Gergelim",5.0,361.0
2025-02-10,Cafeína,1.0,33.2
2025-02-10,Chlorella 530mg,3.0,230.19
2025-02-10,Chá - Spicy Fennel,1.0,51.02
2025-02-10,Coenzima  Q10 - 100mg,2.0,166.66
2025-02-10,Coenzima Q10,3.0,231.57
2025-02-10,Coenzima Q10  (200mg p/ porção),4.0,646.0
2025-02-10,Coenzima Q10 (200mg p/ porção),6.0,527.0
2025-02-10,Coenzima Q10 + Ômega 3 + Vitamina E,3.0,355.57
2025-02-10,Coffee - Brainstorm,2.0,170.0
2025-02-10,Colágeno - Colagentek,4.0,257.4
2025-02-10,Colágeno - Colagentek Beauty,1.0,93.5
2025-02-10,Colágeno - Colagentek Protein - Bodybalance,4.0,745.64
2025-02-10,Colágeno - Collagen Essential Protein,3.0,451.62
2025-02-10,Colágeno - Collagen Gut,1.0,148.97
2025-02-10,Colágeno - Collagen Pro - Beauty Blend,2.0,327.96
2025-02-10,Colágeno - Collagen Pro - Body Suport,3.0,491.94
2025-02-10,Colágeno - Collagen Protein Hidrolisado,3.0,410.97
2025-02-10,Colágeno - Collagen Protein Hidrolisado Berries Silvestres 450g PURAVIDA,1.0,134.48
2025-02-10,Colágeno - Collagen Renew Hidrolisado,1.0,80.03
2025-02-10,Colágeno - Collagen Tipo II 40mg,4.0,271.76
2025-02-10,Colágeno - Collcreatine,1.0,166.18
2025-02-10,Colágeno Collagen Skin,1.0,165.75
2025-02-10,Colágeno Hidrolisado - Collagen Pro 18g,3.0,433.29
2025-02-10,Colágeno Hidrolisado - Verisol,1.0,115.4
2025-02-10,Colágeno Tipo 1 e 2 - Collagen 2 Joint,1.0,150.75
2025-02-10,Colágeno Tipo II,5.0,269.85
2025-02-10,Complexo B,1.0,83.09
2025-02-10,Complexo B - Bio Vit.B+,1.0,35.11
2025-02-10,Creatina,5.0,422.76
2025-02-10,Creatina - Creafort (Creapure),8.0,1355.0
2025-02-10,Creatina - Creapure,4.0,644.48
2025-02-10,Creatina 100%,3.0,142.8
2025-02-10,Creatina 100% Pure,2.0,214.08
2025-02-10,Creatina Monohidratada,36.0,2527.87
2025-02-10,Creatina Monohidratada (Creapure),2.0,357.0
2025-02-10,Creatina Monohidratada - Creadop Serie Sport,5.0,416.6
2025-02-10,Creatina Monohidratada - Creatine,10.0,861.08
2025-02-10,Creatina Monohidratada - Hardcore,3.0,265.32
2025-02-10,Creatina Monohidratada em Gummy,2.0,187.72
2025-02-10,Creatina Premium - Creapure,2.0,398.72
2025-02-10,Creme Proteico de Amendoim - NUTDOP,1.0,44.38
2025-02-10,Cromo Picolinato - 250mg,1.0,24.52
2025-02-10,Cúrcuma,3.0,64.44
2025-02-10,Cúrcuma Plus,9.0,525.5
2025-02-10,Energy Gel,4.0,651.72
2025-02-10,Enzima - Enzyfor,1.0,55.07
2025-02-10,Farinha de Aveia,1.0,12.64
2025-02-10,Ferro,1.0,18.18
2025-02-10,Ferro Quelato + Vitamina C,2.0,77.6
2025-02-10,Fibras Prébioticas - Prebiotic,1.0,64.96
2025-02-10,Fresh Vegan,5.0,653.9
2025-02-10,Fresh Whey,19.0,2303.65
2025-02-10,Gel Neutro Fresh com Cafeína,1.0,27.98
2025-02-10,Gel Nitrato,1.0,25.83
2025-02-10,Gel Nitrato com L-Citrulinilarginina,1.0,37.47
2025-02-10,Gel de Carboidrato com Cafeína - Energy Gel Vo2,1.0,35.0
2025-02-10,Glutamina,8.0,465.63
2025-02-10,Glutamina - Glutamax,5.0,321.3
2025-02-10,Glutamina em Pó,2.0,159.62
2025-02-10,Gold Whey Concentrado Refil,1.0,108.76
2025-02-10,Granola - Zero Açúcar,1.0,19.35
2025-02-10,Granola Australia - Low Carb,1.0,30.34
2025-02-10,Granola Premium,1.0,43.56
2025-02-10,Immuno Whey,1.0,200.86
2025-02-10,Intra-Treino Power Powder ,1.0,31.07
2025-02-10,Isofort Plant (Life Vegan),1.0,114.07
2025-02-10,Leite de Coco em Pó - Coco Cream,2.0,105.26
2025-02-10,Magnésio,1.0,41.79
2025-02-10,Magnésio - Bio Trimag,3.0,128.34
2025-02-10,Magnésio - Inositol Relief 3.0,1.0,149.25
2025-02-10,Magnésio - Quelato,1.0,21.34
2025-02-10,Magnésio Plus - 350mg,1.0,65.31
2025-02-10,Magnésio Plus 900mg,1.0,77.25
2025-02-10,Melatonina,2.0,72.97
2025-02-10,Melatonina - Sleepfor,1.0,68.64
2025-02-10,Melatonina em Gotas,2.0,64.6
2025-02-10,Morning Shot - Imunidade,1.0,101.92
2025-02-10,Multivitaminico  - Imunomult- 1000mg,5.0,510.0
2025-02-10,Multivitamínico - Vitalift,1.0,128.68
2025-02-10,Omegafor Family - Ômega 3,4.0,257.2
2025-02-10,Omegafor Plus,15.0,1986.0
2025-02-10,Omegafor Vision,1.0,85.38
2025-02-10,Palatinose,4.0,186.52
2025-02-10,Pasta de Amendoim + Whey,1.0,20.11
2025-02-10,Prebiótico,2.0,122.48
2025-02-10,Probiótico - Simcaps,1.0,41.23
2025-02-10,Probiótico - Simfort Plus,1.0,86.7
2025-02-10,Probióticos em Pó - Simfort,1.0,85.95
2025-02-10,Proteína - Best Vegan,1.0,85.43
2025-02-10,Proteína Isolada e Hidrolisada - Body Protein,12.0,1983.48
2025-02-10,Proteína Isolada e Hidrolisada - Body Protein Red,3.0,495.87
2025-02-10,Pré-Treino,1.0,66.33
2025-02-10,Pré-Treino - Beta Action,1.0,180.63
2025-02-10,Pré-Treino - Beta Fusion Night,1.0,102.0
2025-02-10,Pré-Treino - V Fort Ultra,9.0,834.84
2025-02-10,Pré-treino - Warzone,1.0,73.24
2025-02-10,Própolis Líquido - Gotas,3.0,94.05
2025-02-10,Própolis Verde - Alcoólico,2.0,44.5
2025-02-10,Própolis Verde - Premium 10mg,3.0,193.8
2025-02-10,Psyllium,5.0,315.35
2025-02-10,Quercetina 300mg,1.0,63.68
2025-02-10,Refil Whey 100% Pure,3.0,349.68
2025-02-10,Refil Whey Concentrado - W100,5.0,540.55
2025-02-10,Refil Whey Concentrado Havanna - W100,4.0,432.44
2025-02-10,Refil Wheydop Iso,2.0,363.34
2025-02-10,Resveratrol Plus - 165mg,2.0,187.0
2025-02-10,Simfort fibras,1.0,49.3
2025-02-10,Spirulina 400mg,1.0,74.25
2025-02-10,Super Ômega 3,16.0,1609.71
2025-02-10,SuperCoffee,5.0,557.99
2025-02-10,SuperCoffee Língua de gato - Kopenhagen,2.0,280.66
2025-02-10,Suplemento Alimentar  - Hepatofor,2.0,142.05
2025-02-10,Suplemento Alimentar - Alpha Inflaminus,1.0,122.81
2025-02-10,"Suplemento Alimentar - Cabelo, Pele e Unha - Gomas",1.0,65.12
2025-02-10,Suplemento Alimentar - Green Shot,1.0,61.69
2025-02-10,Suplemento Alimentar - Pura Fiber,3.0,195.0
2025-02-10,Suplemento Alimentar - Slim Body 400mg,1.0,65.03
2025-02-10,Suplemento alimentar de Ômega 3 - DHA OX,1.0,138.72
2025-02-10,Suplemento de Magnésio - Blue Calm,3.0,213.93
2025-02-10,Suplemento para Imunidade - Immune Up 100%,1.0,105.03
2025-02-10,Termogênico - Lipix6,1.0,49.83
2025-02-10,Trio Magnésio 720mg,3.0,159.51
2025-02-10,Triptofano Noite,2.0,141.38
2025-02-10,True Cúrcuma,3.0,216.51
2025-02-10,Ultracoffee - Vegano,2.0,151.86
2025-02-10,Vegan Protein,1.0,123.41
2025-02-10,Vitamina - Good Mood,1.0,59.47
2025-02-10,Vitamina B12,6.0,191.0
2025-02-10,Vitamina C - 500mg,1.0,39.48
2025-02-10,Vitamina C3 - 1000mg,1.0,68.0
2025-02-10,Vitamina D - Vita D3,8.0,346.46
2025-02-10,Vitamina D - Vita D3 + C + Zinco,4.0,172.33
2025-02-10,Vitamina D3,5.0,207.45
2025-02-10,Vitamina D3 + K2,4.0,238.0
2025-02-10,Vitamina D3 + K2 Gotas,1.0,55.37
2025-02-10,Vitamina D3 - 2000 Ui,1.0,30.94
2025-02-10,Vitamina D3 Synergy,3.0,178.5
2025-02-10,Whey,6.0,1174.05
2025-02-10,Whey - Isocrisp Pouch,2.0,151.3
2025-02-10,Whey 3W,1.0,172.52
2025-02-10,Whey 3W - Delicious,3.0,232.05
2025-02-10,Whey Concentrado - W100,1.0,105.48
2025-02-10,Whey Concentrado - ZeroLac,1.0,240.89
2025-02-10,Whey Fort 3W,7.0,1160.25
2025-02-10,Whey Isolado - Iso Triple Zero,3.0,517.47
2025-02-10,Whey Isolado e Hidrolisado - H.I Whey,1.0,163.84
2025-02-10,Whey Protein - 3W - The Whey,2.0,242.66
2025-02-10,Whey Protein Concentrado,20.0,3149.2
2025-02-10,Whey Protein Concentrado Cappuccino 900g DUX,1.0,169.92
2025-02-10,Whey Protein Crisp - Isocrisp,2.0,82.62
2025-02-10,Whey Protein Isolado,13.0,2865.82
2025-02-10,Whey Protein Isolado - Isofort,5.0,1211.25
2025-02-10,Whey Protein Isolado - Tasty Iso,2.0,337.4
2025-02-10,Whey Tech 100%,4.0,509.96
2025-02-10,Whey hidrolisado e isolado,2.0,463.98
2025-02-10,Óleo de Krill  - Ômega 3 EPA DHA,1.0,86.7
2025-02-10,Óleo de Prímula - 500mg,1.0,29.33
2025-02-10,Ômega -  Mega DHA,3.0,249.0
2025-02-10,Ômega - Mega DHA,1.0,168.07
2025-02-10,Ômega 3 - EPA DHA - 1000mg,5.0,296.8
2025-02-10,Ômega 3 - Omegafor Memory,2.0,159.8
2025-02-10,Ômega 3 DHA,1.0,118.88
2025-02-10,Ômega 3 EPA DHA,8.0,557.43
2025-02-10,Ômega 3 Pulse,4.0,456.52
2025-02-10,Ômega 3 Super DHA - BIG N,3.0,260.55
2025-02-10,Ômega 3 Super DHA BIG,1.0,155.31
2025-02-10,Ômega Core,1.0,133.88
2025-02-17,100% Whey Flavour,1.0,100.29
2025-02-17,100% Whey Protein - Flavour,6.0,601.74
2025-02-17,100% Whey Pure,3.0,310.0
2025-02-17,100% Whey True Protein,1.0,179.25
2025-02-17,Achocolatado - Choco Family - Refil,1.0,29.75
2025-02-17,Achocolatado - Chocoki,1.0,63.08
2025-02-17,Adoçante Zero,1.0,32.31
2025-02-17,Aminoácido - Aminovita,1.0,120.7
2025-02-17,Aminoácido - BCAA - Glyco HD,4.0,93.56
2025-02-17,Aminoácido N-acetil L-cisteína (NAC),6.0,349.38
2025-02-17,Aminoácidos - Aminnu EAAs,1.0,185.9
2025-02-17,Amora Miúra - 1500mg,2.0,79.62
2025-02-17,Açaí em Pó,1.0,49.71
2025-02-17,BCAA Lift - 8:1:1,1.0,104.13
2025-02-17,BIOCOLIN® - COLLAGEN,1.0,158.02
2025-02-17,BT Nitrato 400,3.0,429.18
2025-02-17,Barrinha de Proteina - Protein Crisp Bar,1.0,61.23
2025-02-17,Barrinha de Proteína,5.0,288.06
2025-02-17,Barrinha de Proteína - Protein Crisp Bar,3.0,183.69
2025-02-17,Barrinha de Proteína - YoPRO,1.0,94.86
2025-02-17,Barrinha de Proteína Choco Wheyfer,1.0,27.72
2025-02-17,Barrinha de Proteína ChocoWheyfer,1.0,83.15
2025-02-17,Barrinha de Proteína Vegan Radiance Joy,1.0,122.4
2025-02-17,Beef Protein,1.0,210.39
2025-02-17,Best Whey,1.0,232.65
2025-02-17,Best Whey Iso,2.0,387.34
2025-02-17,Beta Alanina,3.0,142.36
2025-02-17,Beta Alanina Pure,1.0,66.3
2025-02-17,Blend de Chá - Calmante,1.0,24.85
2025-02-17,BodyBalance - Muscle Synergy,1.0,202.3
2025-02-17,Bombom,1.0,29.33
2025-02-17,"Boraprim - Borragem, Prímula e Gergelim",2.0,76.5
2025-02-17,Cafeína,1.0,43.22
2025-02-17,Cafeína - Caffeinex 200,1.0,31.5
2025-02-17,Cappuccino Proteico,2.0,84.98
2025-02-17,Chá Misto,3.0,58.8
2025-02-17,Coenzima  Q10 - 100mg,1.0,83.33
2025-02-17,Coenzima Q10,4.0,303.54
2025-02-17,Coenzima Q10  (200mg p/ porção),1.0,161.5
2025-02-17,Coenzima Q10 (200mg p/ porção),3.0,224.13
2025-02-17,Coenzima Q10 + Ômega 3 + Vitamina E,5.0,583.64
2025-02-17,Colágeno -  Collagen Gut,1.0,148.11
2025-02-17,Colágeno - Colagentek,2.0,137.7
2025-02-17,Colágeno - Colagentek Beauty,2.0,187.0
2025-02-17,Colágeno - Colagentek Protein - Bodybalance,2.0,276.32
2025-02-17,Colágeno - Collagen Essential Protein,4.0,602.16
2025-02-17,Colágeno - Collagen Pro - Beauty Blend,1.0,163.98
2025-02-17,Colágeno - Collagen Pro - Body Suport,1.0,163.98
2025-02-17,Colágeno - Collagen Protein Hidrolisado,4.0,546.44
2025-02-17,Colágeno - Collagen Protein Hidrolisado Berries Silvestres 450g PURAVIDA,2.0,268.96
2025-02-17,Colágeno - Collagen Renew Hidrolisado,2.0,136.74
2025-02-17,Colágeno Collagen Skin,2.0,257.36
2025-02-17,Colágeno Hidrolisado,1.0,44.34
2025-02-17,Colágeno Hidrolisado + Ácido Hialurônico,1.0,60.31
2025-02-17,Colágeno Hidrolisado - Collagen Pro 18g,1.0,144.43
2025-02-17,Colágeno Tipo II,3.0,161.91
2025-02-17,Complexo B 500mg,1.0,31.36
2025-02-17,Creatina,3.0,254.84
2025-02-17,Creatina - Creafort (Creapure),6.0,1040.0
2025-02-17,Creatina - Creapure,6.0,777.82
2025-02-17,Creatina 100%,2.0,95.2
2025-02-17,Creatina 100% Pure,1.0,107.04
2025-02-17,Creatina Monohidratada,44.0,3132.34
2025-02-17,Creatina Monohidratada (Creapure),2.0,353.3
2025-02-17,Creatina Monohidratada -  Crealift (Creapure),2.0,491.3
2025-02-17,Creatina Monohidratada - Creadop Serie Sport,1.0,83.32
2025-02-17,Creatina Monohidratada - Creatine,11.0,962.07
2025-02-17,Creatina Monohidratada - Hardcore,2.0,163.5
2025-02-17,Creatina- Creapure,1.0,206.87
2025-02-17,Cúrcuma 500mg,2.0,168.64
2025-02-17,Cúrcuma Plus,4.0,243.95
2025-02-17,Extrato de Laranja Moro 400mg,2.0,181.07
2025-02-17,Feno Grego - Testo + Woman,1.0,96.89
2025-02-17,Ferro - Ydrosolv,1.0,79.6
2025-02-17,Fibras - Fiberfor,2.0,189.11
2025-02-17,Fresh Vegan,2.0,261.56
2025-02-17,Fresh Whey,8.0,1093.24
2025-02-17,Gel - Endurance,1.0,71.4
2025-02-17,Gel Neutro Fresh com Cafeína,5.0,139.9
2025-02-17,Gel Nitrato,2.0,69.9
2025-02-17,Gel Nitrato com L-Citrulinilarginina,2.0,74.94
2025-02-17,Gel Shark Up Black,1.0,29.75
2025-02-17,Glutamina,5.0,408.7
2025-02-17,Glutamina - Glutamax,4.0,195.5
2025-02-17,Glutamina Pure,1.0,99.3
2025-02-17,Glutamina em Pó,1.0,73.13
2025-02-17,Granola Australia - Low Carb,2.0,62.43
2025-02-17,Granola Coconut,2.0,67.94
2025-02-17,Grassfed Whey Protein,2.0,361.2
2025-02-17,Grassfed Whey Protein - Concentrado,1.0,223.96
2025-02-17,Intra-Treino Power Powder ,1.0,31.07
2025-02-17,Isofort Plant (Life Vegan),4.0,367.2
2025-02-17,L-Carnitina 530mg,1.0,76.5
2025-02-17,L-Taurina - 1.000mg,1.0,50.15
2025-02-17,Magnésio,1.0,41.79
2025-02-17,Magnésio - Bio Trimag,2.0,85.56
2025-02-17,Magnésio - Inositol Relief 3.0,2.0,308.95
2025-02-17,Magnésio Inositol,1.0,137.21
2025-02-17,Magnésio Plus - 350mg,3.0,193.37
2025-02-17,Magnésio de Malato,1.0,21.34
2025-02-17,Melatonina,2.0,71.72
2025-02-17,Melatonina - Sleepfor,1.0,68.64
2025-02-17,Melatonina Duo Harmony,1.0,85.09
2025-02-17,Melatonina Fast,1.0,46.21
2025-02-17,Morning Shot - Imunidade,2.0,174.42
2025-02-17,Multivitaminico  - Imunomult- 1000mg,1.0,103.7
2025-02-17,Multivitaminico - Imunomult- 1000mg,1.0,76.82
2025-02-17,Multivitamínico - Vitalift,1.0,128.68
2025-02-17,Omegafor Family - Ômega 3,1.0,64.3
2025-02-17,Omegafor Plus,13.0,2080.64
2025-02-17,Omegafor Vision,2.0,170.76
2025-02-17,Palatinose,4.0,191.58
2025-02-17,Palatinose 100% - Carbolift,1.0,175.41
2025-02-17,Pasta de Amendoim,5.0,160.23
2025-02-17,Probiótico - Simcaps,4.0,198.06
2025-02-17,Probiótico - Simfort Plus,2.0,173.4
2025-02-17,Profem - Óleo de Prímula,1.0,84.15
2025-02-17,Proteina Vegetal,1.0,125.22
2025-02-17,Proteína - Best Vegan,2.0,170.86
2025-02-17,Proteína - Isocrisp Plant Pouch,1.0,57.8
2025-02-17,Proteína Isolada e Hidrolisada - Body Protein,8.0,1322.32
2025-02-17,Proteína Isolada e Hidrolisada - Body Protein Red,3.0,495.87
2025-02-17,Proteína Vegana - Vegan Tasty,1.0,109.74
2025-02-17,Proteína Vegana - Veggie Protein,1.0,193.63
2025-02-17,Pré-Treino - V Fort Ultra,1.0,88.4
2025-02-17,Pré-Treino - WarmUp Ultra,1.0,98.03
2025-02-17,Pré-treino - Energyzer & focus,1.0,95.14
2025-02-17,Pré-treino - Taken,1.0,90.72
2025-02-17,Pré-treino Panic Pre Workout,2.0,166.7
2025-02-17,Próbiotico - Purabiotics,1.0,76.5
2025-02-17,Própolis Líquido - Gotas,3.0,94.05
2025-02-17,Própolis Verde,2.0,95.18
2025-02-17,Própolis Verde 70,1.0,31.97
2025-02-17,Psyllium,11.0,571.37
2025-02-17,Refil 100% Whey - Tasty Iso,1.0,328.47
2025-02-17,Refil Whey 100% Pure,7.0,772.8
2025-02-17,Refil Whey Concentrado Havanna - W100,3.0,324.33
2025-02-17,Refil Whey Protein 100%,1.0,82.24
2025-02-17,Refil Whey Protein Concentrado,2.0,332.34
2025-02-17,Refil Wheydop Iso,1.0,181.67
2025-02-17,Resveratrol,1.0,71.1
2025-02-17,Resveratrol Plus - 165mg,1.0,93.5
2025-02-17,Simfort fibras,6.0,295.8
2025-02-17,Sleep,2.0,252.66
2025-02-17,Super Ômega 3,6.0,745.21
2025-02-17,SuperCoffee,7.0,773.68
2025-02-17,SuperCoffee Língua de gato - Kopenhagen,2.0,280.66
2025-02-17,Suplemento - Hyaluronic Hair,1.0,66.73
2025-02-17,Suplemento Alimentar  - Hepatofor,1.0,63.75
2025-02-17,Suplemento Alimentar - Alpha Inflaminus,3.0,368.43
2025-02-17,Suplemento Alimentar - Alpha Mater,1.0,113.25
2025-02-17,Suplemento Alimentar - Alpha Women,1.0,125.56
2025-02-17,"Suplemento Alimentar - Cabelo, Unha e Pele - Beauty +",1.0,91.88
2025-02-17,Suplemento Alimentar - Pura Fiber,2.0,130.0
2025-02-17,Suplemento de Magnésio - Blue Calm,5.0,378.41
2025-02-17,Tablete de Doce,2.0,44.2
2025-02-17,Termogênico - Termo Plus,1.0,112.2
2025-02-17,Trio Magnésio 720mg,2.0,106.34
2025-02-17,True Cúrcuma,1.0,72.17
2025-02-17,Ultracoffee - Vegano,1.0,75.93
2025-02-17,Vitamina - Good Mood,1.0,59.47
2025-02-17,Vitamina B12,7.0,214.3
2025-02-17,Vitamina C + Zinco - Gomas,1.0,47.19
2025-02-17,Vitamina C - Bio Vit C+,4.0,133.08
2025-02-17,Vitamina D - Vita D3,9.0,378.08
2025-02-17,Vitamina D - Vita D3 + C + Zinco,4.0,180.62
2025-02-17,Vitamina D em Gotas - Kids,1.0,36.11
2025-02-17,Vitamina D3,8.0,267.55
2025-02-17,Vitamina D3 + K2,2.0,121.75
2025-02-17,Vitamina D3 + K2 Gotas,1.0,55.37
2025-02-17,Vitamina D3 - 2000 Ui,1.0,30.94
2025-02-17,Vitamina E,3.0,80.55
2025-02-17,Vitamina K2,1.0,45.23
2025-02-17,Whey,9.0,1590.48
2025-02-17,Whey - Immuno Golden,1.0,181.95
2025-02-17,Whey - Isocrisp Pouch,5.0,378.25
2025-02-17,Whey 3W,1.0,150.95
2025-02-17,Whey 3W - Delicious,6.0,464.1
2025-02-17,Whey Concentrado - W100,1.0,105.48
2025-02-17,Whey Fort 3W,5.0,828.75
2025-02-17,Whey Isolado - Iso Triple Zero,1.0,172.49
2025-02-17,Whey Isolado e Hidrolisado - H.I Whey,2.0,327.68
2025-02-17,Whey Protein - Isofort Beauty,3.0,403.14
2025-02-17,Whey Protein 100% - Refil,1.0,127.5
2025-02-17,Whey Protein 3W,1.0,153.17
2025-02-17,Whey Protein Concentrado,23.0,3730.16
2025-02-17,Whey Protein Concentrado Cappuccino 900g DUX,1.0,169.92
2025-02-17,Whey Protein Crisp - Isocrisp,2.0,82.62
2025-02-17,Whey Protein Isolado,18.0,3516.44
2025-02-17,Whey Protein Isolado - Isofort,8.0,2015.35
2025-02-17,Whey Protein Isolado - Tasty Iso,6.0,1012.2
2025-02-17,Whey Protein Isolado Muscle Guard,1.0,89.2
2025-02-17,Whey Protein Vegetal,1.0,86.5
2025-02-17,Whey Tech 100%,8.0,1019.92
2025-02-17,Whey hidrolisado e isolado,6.0,1399.2
2025-02-17,Whey hidrolisado e isolado Creme Broule 837g TRUE SOURCE,2.0,463.98
2025-02-17,Wheydop X,1.0,226.4
2025-02-17,Zinco,1.0,43.51
2025-02-17,Ômega -  Mega DHA,1.0,83.0
2025-02-17,Ômega 3 - EPA DHA - 1000mg,5.0,300.75
2025-02-17,Ômega 3 - Omegafor Memory,3.0,239.7
2025-02-17,Ômega 3 EPA DHA,9.0,881.0
2025-02-17,Ômega 3 Pulse,5.0,557.77
2025-02-17,Ômega 3 Super DHA - BIG N,3.0,260.55
2025-02-17,Ômega 3 Super DHA BIG,3.0,465.93
2025-02-17,Ômega DHA,1.0,177.01
2025-02-17,Ômega Joint,1.0,133.88
2025-02-24,#Whey Fort 3W,2.0,331.5
2025-02-24,100% Whey Protein - Flavour,3.0,300.87
2025-02-24,100% Whey Pure,1.0,113.0
2025-02-24,Achocolatado - Chocoki,2.0,126.16
2025-02-24,Aminoácido - BCAA - Glyco HD,1.0,23.39
2025-02-24,Aminoácido - BCAA 2:1:1,1.0,21.35
2025-02-24,Aminoácido N-acetil L-cisteína (NAC),1.0,58.23
2025-02-24,BT Nitrato com cafeína,1.0,143.06
2025-02-24,Barrinha de Proteína,2.0,167.14
2025-02-24,Barrinha de Proteína - Protein Crisp Bar,2.0,122.46
2025-02-24,Barrinha de Proteína Choco Wheyfer,1.0,23.77
2025-02-24,Barrinha de Proteína Protein Crisp,2.0,155.37
2025-02-24,Barrinha de Proteína Thin,1.0,98.94
2025-02-24,Barrinha de Proteína Tube,1.0,30.57
2025-02-24,Barrinha de Proteína Vegan Radiance Joy,1.0,122.4
2025-02-24,Barrinha de Proteína Veganpro Bar,2.0,166.78
2025-02-24,Barrinha de Proteína Whey Grego - Havanna,1.0,109.24
2025-02-24,Bebida Vegetal em Pó - Vegan Delight,1.0,67.16
2025-02-24,Beef Protein,1.0,210.39
2025-02-24,Best Whey Iso,2.0,387.34
2025-02-24,Beta Alanina,3.0,148.23
2025-02-24,Bombom,1.0,33.24
2025-02-24,Cafeína,1.0,43.22
2025-02-24,Chlorella 530mg,1.0,77.97
2025-02-24,Chocolate 70% Cacau,1.0,23.38
2025-02-24,Coenzima Q10,2.0,357.0
2025-02-24,Coenzima Q10  (200mg p/ porção),3.0,484.5
2025-02-24,Coenzima Q10 (200mg p/ porção),4.0,329.26
2025-02-24,Coenzima Q10 + Ômega 3 + Vitamina E,2.0,201.14
2025-02-24,Coenzima Q10 - (100mg p/ porção),2.0,119.0
2025-02-24,Colosfort,2.0,387.6
2025-02-24,Colágeno - Colagentek,2.0,142.8
2025-02-24,Colágeno - Colagentek II,1.0,78.14
2025-02-24,Colágeno - Colagentek Protein - Bodybalance,11.0,1519.76
2025-02-24,Colágeno - Collagen Essential Protein,5.0,752.7
2025-02-24,Colágeno - Collagen Pro - Body Suport,1.0,163.98
2025-02-24,Colágeno - Collagen Protein Hidrolisado,4.0,534.94
2025-02-24,Colágeno - Collagen Protein Hidrolisado Berries Silvestres 450g PURAVIDA,3.0,403.44
2025-02-24,Colágeno - Collagen Renew Hidrolisado,3.0,205.11
2025-02-24,Colágeno - Collagen Tipo II 40mg,1.0,67.94
2025-02-24,Colágeno Hidrolisado - Collagen Pro 18g,1.0,144.43
2025-02-24,Colágeno Tipo II - Artro Aid,2.0,166.48
2025-02-24,Cranberry,1.0,37.79
2025-02-24,Creatina,2.0,191.17
2025-02-24,Creatina - Creafort (Creapure),4.0,627.0
2025-02-24,Creatina - Creapure,1.0,161.12
2025-02-24,Creatina 100% Pure,1.0,107.04
2025-02-24,Creatina Monohidratada,43.0,3124.82
2025-02-24,Creatina Monohidratada (Creapure),3.0,535.5
2025-02-24,Creatina Monohidratada -  Crealift (Creapure),1.0,245.65
2025-02-24,Creatina Monohidratada - Creatine,12.0,1031.17
2025-02-24,Cromo Picolinato - 250mg,1.0,24.52
2025-02-24,Cúrcuma 500mg,1.0,84.32
2025-02-24,Cúrcuma Plus,12.0,734.4
2025-02-24,Energy Gel c/ Cafeína,1.0,37.41
2025-02-24,Energy Shot Gel,1.0,44.18
2025-02-24,Extrato de Própolis - Propolyz,1.0,26.12
2025-02-24,Farinha de Aveia,3.0,37.92
2025-02-24,Feno Grego,1.0,75.48
2025-02-24,Feno Grego + Boro 500mg,1.0,83.04
2025-02-24,Ferro - Ydrosolv,3.0,235.62
2025-02-24,Ferro Quelado 34mg,1.0,26.43
2025-02-24,Ferro Quelato + Vitamina C,1.0,38.8
2025-02-24,Fresh Vegan,1.0,130.78
2025-02-24,Fresh Whey,15.0,1700.79
2025-02-24,Gel - Endurance,1.0,71.4
2025-02-24,Gel Nitrato,3.0,104.85
2025-02-24,Gel Nitrato c/ Cafeína,2.0,69.9
2025-02-24,Glutamina,8.0,388.71
2025-02-24,Glutamina - Glutamax,1.0,80.32
2025-02-24,Glutamina - Glutamax Refil,2.0,195.5
2025-02-24,Granola,1.0,35.82
2025-02-24,Immuno Whey,1.0,181.95
2025-02-24,Intra-Treino Power Powder ,1.0,31.07
2025-02-24,Isofort Plant (Life Vegan),1.0,91.8
2025-02-24,L-Carnitina 530mg,2.0,153.0
2025-02-24,Laranja Moro,1.0,67.53
2025-02-24,Magnésio,1.0,41.79
2025-02-24,Magnésio - 3MAG - Pool de Magnésio,1.0,61.97
2025-02-24,Magnésio - Bio Trimag,3.0,147.06
2025-02-24,Magnésio - Quelato,1.0,21.34
2025-02-24,Magnésio Inositol,4.0,575.19
2025-02-24,Magnésio Plus - 350mg,3.0,193.37
2025-02-24,Manteiga de Coco,1.0,23.72
2025-02-24,Melatonina,1.0,32.3
2025-02-24,Melatonina - Ydrosolv,2.0,131.42
2025-02-24,Morning Shot - Imunidade,2.0,191.17
2025-02-24,Multivitaminico  - Imunomult- 1000mg,1.0,103.7
2025-02-24,Multivitamínico - Vitalift,1.0,128.68
2025-02-24,Omegafor Family - Ômega 3,1.0,55.05
2025-02-24,Omegafor Plus,14.0,2412.64
2025-02-24,Palatinose,2.0,90.22
2025-02-24,Pasta de Amendoim,4.0,176.8
2025-02-24,Power Coffee,1.0,74.56
2025-02-24,Probiótico - Simcaps,3.0,156.83
2025-02-24,Probiótico - Simfort Plus,4.0,336.6
2025-02-24,Probióticos em Pó - Simfort,4.0,141.28
2025-02-24,Profem - Óleo de Prímula,1.0,84.15
2025-02-24,Proteína - Best Vegan,1.0,85.43
2025-02-24,Proteína - Isocrisp Plant Pouch,1.0,57.8
2025-02-24,Proteína Isolada e Hidrolisada - Body Protein,13.0,2148.77
2025-02-24,Proteína Isolada e Hidrolisada - Body Protein Red,4.0,661.16
2025-02-24,Proteína Vegana - Immuno Veggie,1.0,188.5
2025-02-24,Proteína Vegana - One Nutrition,1.0,133.0
2025-02-24,Proteína Vegana - Veggie Protein,2.0,338.12
2025-02-24,Proteína Vegetal em Pó - Veganpro,1.0,109.74
2025-02-24,Pré-Treino - V Fort Ultra,1.0,101.48
2025-02-24,Pré-Treino - WarmUp Ultra,2.0,196.06
2025-02-24,Pré-treino - Energyzer & focus,1.0,95.14
2025-02-24,Pré-treino - Heat Up,1.0,128.61
2025-02-24,Pré-treino Panic Pre Workout,1.0,83.35
2025-02-24,Próbiotico - Purabiotics,1.0,76.5
2025-02-24,Própolis - Green Própolis,2.0,112.94
2025-02-24,Própolis Alcoólico,1.0,26.26
2025-02-24,Própolis Verde - Premium 10mg,6.0,367.25
2025-02-24,Própolis Verde - Propomax,3.0,72.42
2025-02-24,Própolis Verde 70,2.0,63.94
2025-02-24,Psyllium,6.0,329.46
2025-02-24,Refil 100% Whey - Tasty Iso,1.0,328.47
2025-02-24,Refil Whey 100% Pure,1.0,116.56
2025-02-24,Refil Whey Concentrado - W100,4.0,432.44
2025-02-24,Refil Whey Protein 100%,3.0,246.72
2025-02-24,Resveratrol,2.0,142.2
2025-02-24,Resveratrol Plus - 165mg,3.0,283.53
2025-02-24,Simfort fibras,2.0,110.14
2025-02-24,Sleep,3.0,404.31
2025-02-24,Super Ômega 3,8.0,933.3
2025-02-24,SuperCoffee,6.0,630.11
2025-02-24,SuperCoffee Língua de gato - Kopenhagen,1.0,140.33
2025-02-24,Suplemento Alimentar  - Hepatofor,2.0,127.5
2025-02-24,Suplemento Alimentar - GUARDIAN®,2.0,324.54
2025-02-24,Suplemento Alimentar - Green Shot,1.0,62.28
2025-02-24,Suplemento Alimentar - Slim Body 400mg,1.0,65.03
2025-02-24,Suplemento de Magnésio - Blue Calm,3.0,224.86
2025-02-24,Suplemento para Imunidade - Immune Up 100%,1.0,105.03
2025-02-24,Termogênico - Lipix6,1.0,83.3
2025-02-24,Termogênico - Termo Plus,1.0,112.2
2025-02-24,Trio Magnésio 720mg,4.0,218.76
2025-02-24,True Cúrcuma,1.0,72.17
2025-02-24,Vegan Protein - Vegano,1.0,106.05
2025-02-24,Vitamina - Good Mood,1.0,59.47
2025-02-24,Vitamina B12,14.0,460.09
2025-02-24,Vitamina C - Bio Vit C+,2.0,66.54
2025-02-24,Vitamina C3 - 1000mg,1.0,68.0
2025-02-24,Vitamina D - Vita D3,11.0,438.6
2025-02-24,Vitamina D - Vita D3 + C + Zinco,2.0,98.6
2025-02-24,Vitamina D3,1.0,72.18
2025-02-24,Vitamina D3 + K2,2.0,121.75
2025-02-24,Vitamina D3 - 2000 Ui,1.0,30.94
2025-02-24,Vitamina D3 Synergy,1.0,59.5
2025-02-24,Whey,9.0,1825.02
2025-02-24,Whey - Immuno Golden,1.0,181.95
2025-02-24,Whey - Isocrisp Pouch,3.0,226.95
2025-02-24,Whey - Zero Lactose,1.0,229.42
2025-02-24,Whey 100% Gold Standard,1.0,260.96
2025-02-24,Whey 3W - Delicious,1.0,77.35
2025-02-24,Whey Concentrado - W100,3.0,339.0
2025-02-24,Whey Fort 3W,11.0,1823.25
2025-02-24,Whey Isolado - Garrafinha,1.0,18.99
2025-02-24,Whey Isolado - Iso Triple Zero,2.0,335.46
2025-02-24,Whey Protein - Isofort Beauty,1.0,134.38
2025-02-24,Whey Protein Concentrado,22.0,3667.04
2025-02-24,Whey Protein Concentrado Cappuccino 900g DUX,2.0,339.84
2025-02-24,Whey Protein Isolado,13.0,2871.01
2025-02-24,Whey Protein Isolado - Isofort,5.0,1342.73
2025-02-24,Whey Protein Isolado - Tasty Iso,3.0,506.1
2025-02-24,Whey Tech 100%,12.0,1499.69
2025-02-24,Whey hidrolisado e isolado,1.0,239.25
2025-02-24,Ômega -  Mega DHA,4.0,332.0
2025-02-24,Ômega - Mega DHA,2.0,347.48
2025-02-24,Ômega 3 - DHA Vegan 430mg,1.0,121.53
2025-02-24,Ômega 3 - EPA DHA - 1000mg,10.0,524.2
2025-02-24,Ômega 3 - Omegafor Memory,1.0,82.86
2025-02-24,Ômega 3 - Ultra Caps 1000mg,2.0,203.62
2025-02-24,Ômega 3 EPA DHA,11.0,962.0
2025-02-24,Ômega 3 Pulse,1.0,114.13
2025-02-24,Ômega 3 Super DHA - BIG N,7.0,607.95
2025-02-24,Ômega Golden,1.0,133.88
2025-03-03,100% Whey Flavour,2.0,200.58
2025-03-03,100% Whey Protein - Flavour,3.0,300.87
2025-03-03,100% Whey Pure,5.0,565.0
2025-03-03,Achocolatado - Choco Family - Refil,2.0,71.12
2025-03-03,Achocolatado - Chocoki,1.0,74.8
2025-03-03,Aminoácido - Aminovita,2.0,250.75
2025-03-03,Aminoácido - BCAA - Glyco HD,2.0,46.78
2025-03-03,Aminoácido N-acetil L-cisteína (NAC),1.0,58.23
2025-03-03,Aminoácidos - Aminnu EAAs - Sem Xilitol,2.0,371.8
2025-03-03,Antioxidante - Luteína e Zeaxantina,1.0,59.14
2025-03-03,BT 400,1.0,163.63
2025-03-03,Barra Chocolate 70%,1.0,24.65
2025-03-03,Barra Double,1.0,23.2
2025-03-03,Barrinha de Proteína,10.0,564.99
2025-03-03,Barrinha de Proteína - YOPRO,1.0,56.32
2025-03-03,Barrinha de Proteína Protein Crisp,1.0,73.95
2025-03-03,Barrinha de Proteína Thin,1.0,91.7
2025-03-03,Barrinha de Proteína Tube,3.0,186.09
2025-03-03,Barrinhas de Proteína Crunch,2.0,265.2
2025-03-03,Bebida Vegetal,1.0,48.25
2025-03-03,Best Whey,2.0,465.3
2025-03-03,Best Whey Iso,1.0,193.67
2025-03-03,Beta Alanina Pure,3.0,198.9
2025-03-03,Bio Ferro,1.0,33.13
2025-03-03,Bio Vitamina B12 em gotas,5.0,183.29
2025-03-03,Bio Zinco,1.0,25.62
2025-03-03,Blend de Chá - Detox,1.0,24.85
2025-03-03,Blend de Chá - Digestivo,1.0,24.85
2025-03-03,"Boraprim - Borragem, Prímula e Gergelim",1.0,58.5
2025-03-03,Brain Focus,5.0,333.75
2025-03-03,Cafeína - Caffeinex 200,2.0,63.0
2025-03-03,Chocolate 70% Cacau,1.0,23.38
2025-03-03,Chá,1.0,18.0
2025-03-03,Chá - Hibiscus Plus,1.0,51.02
2025-03-03,Chá Vitatea,1.0,54.01
2025-03-03,Coenzima  Q10 - 100mg,1.0,83.33
2025-03-03,Coenzima Q10,10.0,770.16
2025-03-03,Coenzima Q10  (200mg p/ porção),5.0,807.5
2025-03-03,Coenzima Q10 (200mg p/ porção),4.0,380.8
2025-03-03,Coenzima Q10 - (100mg p/ porção),1.0,59.5
2025-03-03,Coenzima Q10 200mg,2.0,182.24
2025-03-03,Colágeno -  Collagen Gut,1.0,134.17
2025-03-03,Colágeno - Colagentek,2.0,142.8
2025-03-03,Colágeno - Colagentek Beauty,1.0,93.5
2025-03-03,Colágeno - Colagentek II,1.0,78.14
2025-03-03,Colágeno - Colagentek Protein - Bodybalance,4.0,552.64
2025-03-03,Colágeno - Collagen Essential Protein,3.0,490.89
2025-03-03,Colágeno - Collagen Protein Hidrolisado,8.0,1081.38
2025-03-03,Colágeno - Collagen Protein Hidrolisado Berries Silvestres 450g PURAVIDA,1.0,134.48
2025-03-03,Colágeno - Collagen Renew Hidrolisado,3.0,199.45
2025-03-03,Colágeno Collagen Skin,3.0,434.09
2025-03-03,Colágeno Hidrolisado - Collagen Pro 18g,1.0,144.43
2025-03-03,Colágeno Tipo II,4.0,215.88
2025-03-03,Colágeno Tipo II - Artro Aid,1.0,83.24
2025-03-03,Colágeno tipo 2 - Colagentek II,5.0,380.7
2025-03-03,Combo com 4Barrinhas de Proteína Veganpro Bar,1.0,45.56
2025-03-03,Complexo B Max,1.0,31.32
2025-03-03,Creatina,1.0,161.5
2025-03-03,Creatina - Creafort (Creapure),8.0,1035.0
2025-03-03,Creatina - Creapure,3.0,420.04
2025-03-03,Creatina 100% Pure,1.0,107.04
2025-03-03,Creatina 1100mg,2.0,108.12
2025-03-03,Creatina Monohidratada,54.0,3747.56
2025-03-03,Creatina Monohidratada -  Crealift (Creapure),1.0,231.85
2025-03-03,Creatina Monohidratada - Creatine,8.0,701.62
2025-03-03,Creatina Monohidratada - Hardcore,8.0,707.52
2025-03-03,Creatina Monohidratada em Gummy,3.0,281.58
2025-03-03,Creatina- Creapure,1.0,206.87
2025-03-03,Cúrcuma - Curcumagic,2.0,225.12
2025-03-03,Cúrcuma Plus,2.0,122.4
2025-03-03,Energy Gel,3.0,294.5
2025-03-03,Extrato de Laranja Moro 400mg,1.0,84.32
2025-03-03,Ferro - Ydrosolv,1.0,78.54
2025-03-03,Ferro Quelado 34mg,1.0,26.43
2025-03-03,Ferro Quelato + Vitamina C,2.0,77.6
2025-03-03,Fresh Vegan,1.0,130.78
2025-03-03,Fresh Whey,15.0,1824.5
2025-03-03,Gel Nitrato,3.0,86.61
2025-03-03,Gel Nitrato c/ Cafeína,2.0,69.9
2025-03-03,Gel Nitrato com L-Citrulinilarginina,1.0,37.47
2025-03-03,Glutamina,7.0,285.91
2025-03-03,Glutamina - Glutamax,5.0,230.35
2025-03-03,Glutamina em Pó,2.0,159.62
2025-03-03,Granola,1.0,35.82
2025-03-03,Granola Australia - Low Carb,1.0,30.34
2025-03-03,Grassfed Whey Protein,2.0,361.2
2025-03-03,Isofort Plant (Life Vegan),6.0,550.8
2025-03-03,L-Carnitina 530mg,1.0,76.5
2025-03-03,L-Taurina - 1.000mg,1.0,50.15
2025-03-03,Maca Peruana 2000mg,1.0,66.43
2025-03-03,Magnésio,1.0,41.79
2025-03-03,Magnésio - Bio Trimag,11.0,470.58
2025-03-03,Magnésio - Inositol Relief 3.0,2.0,319.4
2025-03-03,Magnésio Plus - 350mg,1.0,74.38
2025-03-03,Magnésio Plus 900mg,3.0,231.75
2025-03-03,Matchá - Chá Verde em Pó,1.0,73.38
2025-03-03,Melatonina,3.0,133.3
2025-03-03,Melatonina Duo,2.0,89.02
2025-03-03,Melatonina Fast,1.0,46.21
2025-03-03,Morning Shot - Imunidade,3.0,276.34
2025-03-03,Multivitaminico  - Imunomult- 1000mg,1.0,102.0
2025-03-03,Omegafor Family - Ômega 3,2.0,110.1
2025-03-03,Omegafor Plus,16.0,2919.37
2025-03-03,Palatinose,3.0,138.37
2025-03-03,Pasta de Amendoim,6.0,293.23
2025-03-03,Pasta de Amendoim Granulado,1.0,15.99
2025-03-03,Pasta de Amendoim Integral,1.0,15.99
2025-03-03,Power Coffee,6.0,447.36
2025-03-03,Prebiótico,1.0,61.24
2025-03-03,Probiótico - Simcaps,1.0,57.8
2025-03-03,Probiótico - Simfort Plus,1.0,86.7
2025-03-03,Probióticos em Pó - Simfort,1.0,35.32
2025-03-03,Proteína - Best Vegan,2.0,170.86
2025-03-03,Proteína Isolada e Hidrolisada - Body Protein,7.0,1157.03
2025-03-03,Proteína Isolada e Hidrolisada - Body Protein Red,3.0,495.87
2025-03-03,Proteína Vegana - One Nutrition,1.0,133.0
2025-03-03,Proteína Vegana - Veggie Protein,2.0,288.98
2025-03-03,Pré-Treino,1.0,66.33
2025-03-03,Pré-Treino - Beta Action,1.0,163.63
2025-03-03,Pré-Treino - V Fort Ultra,2.0,176.8
2025-03-03,Pré-Treino Energy ATP®,2.0,371.8
2025-03-03,Pré-treino Panic Pre Workout,1.0,83.35
2025-03-03,Próbiotico - Purabiotics,1.0,76.5
2025-03-03,Própolis Verde,5.0,215.37
2025-03-03,Própolis Verde - Alcoólico,1.0,26.26
2025-03-03,Própolis Verde - Premium 10mg,7.0,431.85
2025-03-03,Própolis Verde - Propomax,1.0,26.26
2025-03-03,Psyllium,5.0,315.35
2025-03-03,Refil Whey 100% Pure,1.0,116.56
2025-03-03,Refil Whey Concentrado - W100,1.0,108.11
2025-03-03,Refil Whey Protein 100%,1.0,82.24
2025-03-03,Refil Whey Protein Concentrado,1.0,166.17
2025-03-03,Refil Wheydop Iso,1.0,181.67
2025-03-03,Resveratrol - Resveramax,2.0,302.22
2025-03-03,Resveratrol 500mg,3.0,204.03
2025-03-03,Resveratrol Plus - 165mg,1.0,96.53
2025-03-03,Shot Matinal,3.0,195.36
2025-03-03,Simfort fibras,2.0,153.75
2025-03-03,Sleep,1.0,151.65
2025-03-03,Spirulina 500mg,1.0,83.85
2025-03-03,Super Ômega 3,7.0,826.09
2025-03-03,SuperCoffee,8.0,927.31
2025-03-03,SuperCoffee Língua de gato - Kopenhagen,1.0,140.33
2025-03-03,Suplemento - Beauty Care,1.0,56.12
2025-03-03,Suplemento - Hyaluronic Hair,2.0,133.46
2025-03-03,Suplemento - Super Sono,1.0,93.86
2025-03-03,Suplemento Alimentar  - Hepatofor,2.0,139.88
2025-03-03,Suplemento Alimentar - Alpha Mater,3.0,339.75
2025-03-03,"Suplemento Alimentar - Cabelo, Unha e Pele - Supreme Beauty",1.0,141.58
2025-03-03,Suplemento Alimentar - GUARDIAN®,1.0,158.02
2025-03-03,Suplemento Alimentar - Pura Fiber,5.0,325.0
2025-03-03,Suplemento Vitamínico - ZMA COMPLEX,1.0,30.0
2025-03-03,Tablete de Doce,8.0,181.21
2025-03-03,Termogênico - Termo Plus,1.0,112.2
2025-03-03,Termogênico - Thermo Attack,1.0,52.83
2025-03-03,Trio Magnésio 720mg,3.0,159.51
2025-03-03,Ultracoffee - Vegano,2.0,162.55
2025-03-03,Vitamina B12,6.0,219.63
2025-03-03,Vitamina B9 - Ácido Fólico,1.0,61.52
2025-03-03,Vitamina C - Ydrosolv,1.0,78.54
2025-03-03,Vitamina D - Vita D3,14.0,562.7
2025-03-03,Vitamina D - Vita D3 + C + Zinco,9.0,443.7
2025-03-03,Vitamina D3,1.0,39.96
2025-03-03,Vitamina D3 + K2,4.0,238.0
2025-03-03,Vitamina D3 + K2 Gotas,1.0,55.37
2025-03-03,Vitamina D3 - 2000 Ui,3.0,92.82
2025-03-03,Vitamina D3 Synergy,2.0,119.0
2025-03-03,Vitamina K2,1.0,45.23
2025-03-03,Whey,8.0,1581.89
2025-03-03,Whey - Immuno Golden,1.0,181.95
2025-03-03,Whey - Zero Lactose,1.0,229.42
2025-03-03,Whey 3W,1.0,150.95
2025-03-03,Whey 3W - Delicious,1.0,77.35
2025-03-03,Whey Concentrado - Zerolac,1.0,240.89
2025-03-03,Whey Fort 3W,5.0,828.75
2025-03-03,Whey Isolado - Iso Triple Zero,8.0,1346.6
2025-03-03,Whey Isolado e Hidrolisado - H.I Whey,5.0,819.2
2025-03-03,Whey Juicedop,1.0,213.01
2025-03-03,Whey Protein 3W,1.0,153.17
2025-03-03,Whey Protein Concentrado,34.0,5492.48
2025-03-03,Whey Protein Concentrado Cappuccino 900g DUX,3.0,509.76
2025-03-03,Whey Protein Isolado,14.0,3039.31
2025-03-03,Whey Protein Isolado - Isofort,8.0,2229.68
2025-03-03,Whey Protein Isolado - Tasty Iso,3.0,506.1
2025-03-03,Whey Protein Vegetal,1.0,86.5
2025-03-03,Whey Tech 100%,3.0,382.47
2025-03-03,Whey hidrolisado e isolado,1.0,231.99
2025-03-03,Whey hidrolisado e isolado Creme Broule 837g TRUE SOURCE,1.0,231.99
2025-03-03,Wheydop ISO,2.0,442.92
2025-03-03,Ômega -  Mega DHA,3.0,249.0
2025-03-03,Ômega 3 - EPA DHA - 1000mg,3.0,151.86
2025-03-03,Ômega 3 - Omegafor Memory,1.0,82.86
2025-03-03,Ômega 3 - Ultra Caps 1000mg,3.0,305.43
2025-03-03,Ômega 3 EPA DHA,16.0,1595.06
2025-03-03,Ômega 3 Pulse,3.0,342.39
2025-03-03,Ômega 3 Super DHA - BIG N,7.0,607.95
2025-03-03,Ômega 3 Super DHA BIG,4.0,559.68
2025-03-03,Ômega Core,2.0,294.52
2025-03-03,Ômega DHA Vegan,1.0,119.19
2025-03-03,Ômega Ultra - 1000mg,1.0,84.92
2025-03-10,100% Whey Crush Concentrada,1.0,126.65
2025-03-10,100% Whey Flavour,2.0,200.58
2025-03-10,100% Whey Protein - Flavour,5.0,501.45
2025-03-10,100% Whey Pure,3.0,339.0
2025-03-10,100% Whey True Protein,1.0,179.25
2025-03-10,Achocolatado - Chocoki,1.0,74.8
2025-03-10,Aminoácido - BCAA 2:1:1,1.0,21.35
2025-03-10,Aminoácido N-acetil L-cisteína (NAC),1.0,58.23
2025-03-10,Aminoácidos - Aminnu EAAs,1.0,185.9
2025-03-10,Aminoácidos - Aminnu EAAs - Sem Xilitol,1.0,185.9
2025-03-10,Aminoácidos - Aminolift,1.0,147.26
2025-03-10,BT 400,1.0,163.63
2025-03-10,BT Nitrato,1.0,156.85
2025-03-10,BT Nitrato 400,1.0,143.06
2025-03-10,Barrinha de Proteína,8.0,281.04
2025-03-10,Barrinha de Proteína - Protein Crisp Bar,4.0,244.92
2025-03-10,Barrinha de Proteína Choco Wheyfer,2.0,54.66
2025-03-10,Barrinha de Proteína Cleanpro Bar,1.0,83.39
2025-03-10,Barrinha de Proteína Protein Crisp,6.0,451.17
2025-03-10,Barrinha de Proteína Quest Bar - 60g (20g de proteína),1.0,238.0
2025-03-10,Barrinha de Proteína Tube,1.0,26.97
2025-03-10,Best Whey Iso,4.0,774.68
2025-03-10,Beta Alanina,3.0,149.38
2025-03-10,Bio Cálcio  60 caps PURAVIDA,4.0,230.88
2025-03-10,Bio Vitamina B12 em gotas,4.0,145.75
2025-03-10,Blend de Chá - Calmante,2.0,49.7
2025-03-10,Blend de Chá - Detox,3.0,74.55
2025-03-10,Blend de Chá - Digestivo,2.0,49.7
2025-03-10,Body Protein Vegano,1.0,110.91
2025-03-10,BodyBalance - Muscle Synergy,2.0,366.52
2025-03-10,"Boraprim - Borragem, Prímula e Gergelim",7.0,387.59
2025-03-10,Cafeína,2.0,86.44
2025-03-10,Chlorella 400mg,1.0,77.97
2025-03-10,Chocolate 70% Cacau,3.0,70.14
2025-03-10,Chocolate 85% Cacau,1.0,23.38
2025-03-10,Chá Vitatea,2.0,108.02
2025-03-10,Cocada,1.0,21.02
2025-03-10,Coenzima Q10,6.0,457.92
2025-03-10,Coenzima Q10  (200mg p/ porção),4.0,646.0
2025-03-10,Coenzima Q10 (200mg p/ porção),4.0,387.6
2025-03-10,Coenzima Q10 - (100mg p/ porção),2.0,119.0
2025-03-10,Coenzima Q10 - 100mg,1.0,95.55
2025-03-10,Coenzima Q10 200mg,1.0,91.12
2025-03-10,Coffee - Brainstorm,1.0,90.1
2025-03-10,Colágeno -  Collagen Gut,1.0,134.17
2025-03-10,Colágeno - Colagentek,7.0,481.8
2025-03-10,Colágeno - Colagentek Beauty,1.0,94.46
2025-03-10,Colágeno - Colagentek II,2.0,156.28
2025-03-10,Colágeno - Colagentek Protein - Bodybalance,4.0,552.64
2025-03-10,Colágeno - Collagen Bones,1.0,150.83
2025-03-10,Colágeno - Collagen Essential Protein,3.0,477.8
2025-03-10,Colágeno - Collagen Gut,2.0,268.34
2025-03-10,Colágeno - Collagen Pro - Body Suport,2.0,327.96
2025-03-10,Colágeno - Collagen Protein Hidrolisado,4.0,546.44
2025-03-10,Colágeno - Collagen Protein Hidrolisado Berries Silvestres 450g PURAVIDA,3.0,403.44
2025-03-10,Colágeno - Collagen Renew Hidrolisado,3.0,188.13
2025-03-10,Colágeno Collagen Skin,5.0,797.17
2025-03-10,Colágeno Hidrolisado - Collagen Pro 18g,1.0,144.43
2025-03-10,Colágeno Tipo II - Artro Aid,3.0,249.72
2025-03-10,Colágeno tipo 2 - Colagentek II,4.0,304.56
2025-03-10,Creatina,1.0,94.73
2025-03-10,Creatina - Creafort (Creapure),7.0,1152.0
2025-03-10,Creatina - Creapure,1.0,161.12
2025-03-10,Creatina - Gummies,1.0,110.7
2025-03-10,Creatina Monohidratada,48.0,3209.76
2025-03-10,Creatina Monohidratada (Creapure),1.0,178.5
2025-03-10,Creatina Monohidratada - Creatine,16.0,1403.24
2025-03-10,Creatina Monohidratada - Hardcore,5.0,442.2
2025-03-10,Creatina Monohidratada em Gummy,2.0,187.72
2025-03-10,Cromo Picolinato - 250mg,1.0,24.52
2025-03-10,Cúrcuma,1.0,71.53
2025-03-10,Cúrcuma 500mg,1.0,84.32
2025-03-10,Cúrcuma Plus,2.0,121.55
2025-03-10,Energy Gel,1.0,201.35
2025-03-10,Ferro - Ydrosolv,3.0,235.62
2025-03-10,Ferro Quelato + Vitamina C,3.0,116.8
2025-03-10,Fibras - Fiberfor,1.0,82.01
2025-03-10,Fresh Vegan,3.0,392.34
2025-03-10,Fresh Whey,19.0,2123.59
2025-03-10,Gel - Endurance,1.0,71.4
2025-03-10,Gel Nitrato,1.0,34.95
2025-03-10,Gel Nitrato com L-Citrulinilarginina,1.0,37.47
2025-03-10,Glutamina,8.0,390.75
2025-03-10,Glutamina - Glutamax,2.0,98.6
2025-03-10,Glutamina - Glutamax Refil,2.0,200.6
2025-03-10,Glutamina em Pó,4.0,319.24
2025-03-10,Granola,1.0,19.35
2025-03-10,Granola - Sem Glúten,2.0,38.7
2025-03-10,Granola Coconut,1.0,33.97
2025-03-10,Grassfed Whey Protein,5.0,747.9
2025-03-10,Grassfed Whey Protein - Concentrado,1.0,223.96
2025-03-10,Immuno Whey,3.0,545.85
2025-03-10,Isofort Plant (Life Vegan),3.0,275.4
2025-03-10,Laranja Moro,3.0,202.59
2025-03-10,MCT,1.0,106.25
2025-03-10,Magnésio - 3MAG - Pool de Magnésio,1.0,61.97
2025-03-10,Magnésio - Bio Trimag,7.0,299.46
2025-03-10,Magnésio - Inositol Relief 3.0,1.0,159.7
2025-03-10,Magnésio Plus - 350mg,1.0,74.38
2025-03-10,Melatonina,1.0,33.92
2025-03-10,Melatonina - Sleepfor,2.0,117.94
2025-03-10,Melatonina - Ydrosolv,1.0,65.71
2025-03-10,Melatonina Duo,1.0,44.51
2025-03-10,Melatonina Em Gotas Premium - 210mcg,1.0,23.62
2025-03-10,Melatonina em Gotas,3.0,99.69
2025-03-10,Morning Shot - Imunidade,2.0,203.84
2025-03-10,Multivitaminico  - Imunomult- 1000mg,1.0,103.7
2025-03-10,Multivitaminico - Imunomult- 1000mg,3.0,212.82
2025-03-10,Omegafor Family - Ômega 3,5.0,275.25
2025-03-10,Omegafor Plus,19.0,2868.45
2025-03-10,Palatinose,7.0,318.81
2025-03-10,Pasta de Amendoim,2.0,54.24
2025-03-10,Pasta de Amendoim Integral,1.0,15.99
2025-03-10,Pasta de Castanha de Caju,1.0,36.13
2025-03-10,Paçoquinha,1.0,22.73
2025-03-10,Probiótico - Simfort Plus,5.0,433.5
2025-03-10,Probióticos em Pó - Simfort,2.0,171.9
2025-03-10,Proteina Vegetal,1.0,125.22
2025-03-10,Proteína - Best Vegan,1.0,85.43
2025-03-10,Proteína - Isocrisp Plant Pouch,1.0,57.8
2025-03-10,Proteína Isolada e Hidrolisada - Body Protein,9.0,1487.61
2025-03-10,Proteína Isolada e Hidrolisada - Body Protein Red,1.0,165.29
2025-03-10,Proteína Vegana - Vegan Tasty,1.0,109.74
2025-03-10,Proteína Vegetal - Vegan Protein,1.0,102.59
2025-03-10,Pré-Treino - Beta Action,1.0,163.63
2025-03-10,Pré-Treino - Betadop,1.0,100.29
2025-03-10,Pré-Treino - V Fort Ultra,2.0,202.96
2025-03-10,Pré-treino - Taken,1.0,90.72
2025-03-10,Pré-treino Panic Pre Workout,2.0,166.7
2025-03-10,Pré-treino X7,1.0,66.75
2025-03-10,Própolis Alcoólico,1.0,26.26
2025-03-10,Própolis Líquido - Gotas,2.0,62.7
2025-03-10,Própolis Verde - Alcoólico,1.0,26.26
2025-03-10,Própolis Verde - Premium 10mg,2.0,129.2
2025-03-10,Própolis Verde 70,2.0,63.94
2025-03-10,Psyllium,5.0,241.91
2025-03-10,Refil Whey 100% Pure,5.0,561.24
2025-03-10,Refil Whey Concentrado - W100,5.0,540.55
2025-03-10,Resveratrol 500mg,1.0,74.25
2025-03-10,Resveratrol Plus - 165mg,3.0,289.59
2025-03-10,Shot Matinal,2.0,130.24
2025-03-10,Sleep,1.0,151.65
2025-03-10,Super Ômega 3,3.0,464.86
2025-03-10,SuperCoffee,9.0,1118.45
2025-03-10,SuperCoffee Língua de gato - Kopenhagen,1.0,140.33
2025-03-10,Suplemento - Hyaluronic Hair,1.0,66.73
2025-03-10,Suplemento Alimentar - Alpha Mater,2.0,226.5
2025-03-10,Suplemento Alimentar - Alpha Women,1.0,125.56
2025-03-10,Suplemento Alimentar - Green Shot,2.0,124.56
2025-03-10,Suplemento de Magnésio - Blue Calm,6.0,479.64
2025-03-10,Suplemento para Cabelos e Unhas - Pillfood,1.0,56.02
2025-03-10,Tablete de Doce,3.0,71.33
2025-03-10,Tasty Whey 3W Gourmet,4.0,564.12
2025-03-10,Termogênico - Lipix6,2.0,166.6
2025-03-10,Termogênico - Termo Plus,2.0,224.4
2025-03-10,Trio Magnésio 720mg,1.0,53.17
2025-03-10,Ultracoffee - Vegano,5.0,379.65
2025-03-10,Vitamina B12,10.0,342.62
2025-03-10,Vitamina C - Bio Vit C+,3.0,99.81
2025-03-10,Vitamina D - Vita D3,14.0,564.4
2025-03-10,Vitamina D - Vita D3 + C + Zinco,2.0,98.6
2025-03-10,Vitamina D3 + K2,5.0,305.75
2025-03-10,Vitamina D3 + K2 Gotas,1.0,55.37
2025-03-10,Vitamina D3 Synergy,1.0,59.5
2025-03-10,Whey,11.0,2041.07
2025-03-10,Whey 3W,1.0,150.95
2025-03-10,Whey 3W - Delicious,6.0,464.1
2025-03-10,Whey Concentrado - W100,3.0,339.0
2025-03-10,Whey Fort 3W,2.0,304.5
2025-03-10,Whey Isolado - Iso Triple Zero,7.0,1174.11
2025-03-10,Whey Isolado e Hidrolisado - H.I Whey,1.0,163.84
2025-03-10,Whey Protein - 3W - The Whey,2.0,242.66
2025-03-10,Whey Protein - Isofort Beauty,1.0,134.38
2025-03-10,Whey Protein 3W,2.0,306.34
2025-03-10,Whey Protein Concentrado,20.0,3398.4
2025-03-10,Whey Protein Isolado,19.0,3894.69
2025-03-10,Whey Protein Isolado - Isofort,2.0,557.42
2025-03-10,Whey Protein Isolado - Tasty Iso,3.0,506.1
2025-03-10,Whey Tech 100%,11.0,1372.2
2025-03-10,Whey hidrolisado e isolado,2.0,463.98
2025-03-10,Wheydop ISO,2.0,442.89
2025-03-10,Óleo de Krill,1.0,119.2
2025-03-10,Óleo de Prímula - 500mg,1.0,29.33
2025-03-10,Ômega -  Mega DHA,2.0,166.0
2025-03-10,Ômega 3 - EPA DHA - 1000mg,7.0,390.04
2025-03-10,Ômega 3 - Ultra Caps 1000mg,6.0,610.86
2025-03-10,Ômega 3 EPA DHA,8.0,762.86
2025-03-10,Ômega 3 Super DHA,1.0,96.07
2025-03-10,Ômega 3 Super DHA - BIG N,9.0,781.65
2025-03-10,Ômega 3 Super DHA BIG,4.0,621.24
2025-03-17,100% Whey Crush Concentrada,1.0,126.65
2025-03-17,100% Whey Flavour,1.0,100.29
2025-03-17,100% Whey Protein - Flavour,2.0,200.58
2025-03-17,100% Whey Pure,6.0,660.0
2025-03-17,100% Whey True Protein,2.0,358.5
2025-03-17,Aminoácido - Aminovita,2.0,250.75
2025-03-17,Aminoácido N-acetil L-cisteína (NAC),3.0,174.69
2025-03-17,Aminoácidos - Aminnu EAAs,1.0,185.9
2025-03-17,Aminoácidos - Aminnu EAAs - Sem Xilitol,2.0,371.8
2025-03-17,Arginofor -  L-Arginina,1.0,88.46
2025-03-17,BT Nitrato 400,1.0,143.06
2025-03-17,Barrinha de Proteína,3.0,95.67
2025-03-17,Barrinha de Proteína - Protein Crisp Bar,2.0,122.46
2025-03-17,Barrinha de Proteína Cleanpro Bar,1.0,83.39
2025-03-17,Best Whey Iso,1.0,193.67
2025-03-17,Beta Alanina,3.0,149.38
2025-03-17,Bio Cálcio  60 caps PURAVIDA,2.0,115.44
2025-03-17,Bio Vitamina B12 em gotas,3.0,112.62
2025-03-17,Bio Zinco,1.0,25.62
2025-03-17,Blend de Chá - Energia,1.0,24.85
2025-03-17,Body Protein Vegano,1.0,110.91
2025-03-17,"Boraprim - Borragem, Prímula e Gergelim",2.0,136.42
2025-03-17,Cafeína,1.0,43.22
2025-03-17,Cappuccino Proteico,1.0,42.49
2025-03-17,Chocolate 70% Cacau,1.0,23.38
2025-03-17,Chá,1.0,18.0
2025-03-17,Chá - Immuno Guard,1.0,51.02
2025-03-17,Coenzima  Q10 - 100mg,2.0,166.66
2025-03-17,Coenzima Q10,2.0,150.9
2025-03-17,Coenzima Q10  (200mg p/ porção),5.0,807.5
2025-03-17,Coenzima Q10 (200mg p/ porção),3.0,287.3
2025-03-17,Coenzima Q10 + Ômega 3 + Vitamina E,2.0,228.07
2025-03-17,Coenzima Q10 - (100mg p/ porção),4.0,238.0
2025-03-17,Coenzima Q10+ 200mg,1.0,105.26
2025-03-17,Coffee - Brainstorm,1.0,90.1
2025-03-17,Colágeno -  Collagen Gut,2.0,282.28
2025-03-17,Colágeno - Colagentek,1.0,71.4
2025-03-17,Colágeno - Colagentek Beauty,2.0,187.0
2025-03-17,Colágeno - Colagentek II,1.0,78.14
2025-03-17,Colágeno - Colagentek Protein - Bodybalance,4.0,552.64
2025-03-17,Colágeno - Collagen Essential Protein,2.0,314.17
2025-03-17,Colágeno - Collagen Gut,1.0,134.17
2025-03-17,Colágeno - Collagen Protein Hidrolisado,2.0,250.22
2025-03-17,Colágeno - Collagen Protein Hidrolisado Berries Silvestres 450g PURAVIDA,1.0,134.48
2025-03-17,Colágeno - Collagen Renew Hidrolisado,2.0,131.08
2025-03-17,Colágeno - Collagen Tipo II 40mg,4.0,271.76
2025-03-17,Colágeno - Collcreatine,1.0,166.18
2025-03-17,Colágeno Collagen Skin,1.0,165.75
2025-03-17,Colágeno Hidrolisado - Collagen Pro 18g,2.0,288.86
2025-03-17,Colágeno Tipo II,2.0,107.94
2025-03-17,Colágeno Tipo II - Artro Aid,1.0,83.24
2025-03-17,Complexo B - Bio Vit.B+,1.0,35.11
2025-03-17,Complexo B 500mg,1.0,31.36
2025-03-17,Creatina,5.0,566.27
2025-03-17,Creatina - Creafort (Creapure),6.0,1050.0
2025-03-17,Creatina - Creapure,1.0,161.12
2025-03-17,Creatina 100%,3.0,178.44
2025-03-17,Creatina 100% Pure,1.0,107.04
2025-03-17,Creatina Monohidratada,32.0,2023.19
2025-03-17,Creatina Monohidratada (Creapure),3.0,535.5
2025-03-17,Creatina Monohidratada -  Crealift (Creapure),1.0,231.85
2025-03-17,Creatina Monohidratada - Creatine,7.0,611.26
2025-03-17,Creatina Monohidratada - Hardcore,4.0,347.07
2025-03-17,Creatina Monohidratada em Gummy,1.0,93.86
2025-03-17,Cúrcuma,1.0,71.53
2025-03-17,Cúrcuma - Curcumagic,1.0,112.56
2025-03-17,Cúrcuma 500mg,1.0,84.32
2025-03-17,Cúrcuma Plus,13.0,793.9
2025-03-17,Extrato de Laranja Moro 400mg,1.0,84.32
2025-03-17,Ferro - Ydrosolv,1.0,78.54
2025-03-17,Ferro Quelato + Vitamina C,2.0,77.6
2025-03-17,Fibras - Fiberfor,1.0,82.01
2025-03-17,Fresh Vegan,6.0,784.68
2025-03-17,Fresh Whey,11.0,1384.86
2025-03-17,Glutamina,5.0,246.9
2025-03-17,Glutamina - Glutamax,7.0,311.52
2025-03-17,Glutamina em Pó,2.0,146.26
2025-03-17,Gold Whey Concentrado Refil,5.0,505.2
2025-03-17,Granola Australia - Low Carb,1.0,32.09
2025-03-17,Granola Coconut,1.0,33.97
2025-03-17,Granola Premium,1.0,43.56
2025-03-17,Grassfed Whey Protein,1.0,206.05
2025-03-17,Intra-Treino Power Powder ,1.0,31.07
2025-03-17,Isofort Plant (Life Vegan),4.0,367.2
2025-03-17,L-Carnitina 530mg,1.0,76.5
2025-03-17,MCT com AGE,3.0,147.9
2025-03-17,Magnésio,3.0,125.37
2025-03-17,Magnésio - 3MAG - Pool de Magnésio,1.0,61.97
2025-03-17,Magnésio - Bio Trimag,2.0,85.56
2025-03-17,Magnésio Inositol,1.0,137.21
2025-03-17,Magnésio Plus - 350mg,3.0,199.88
2025-03-17,Melatonina,1.0,33.92
2025-03-17,Melatonina - Ydrosolv,1.0,65.71
2025-03-17,Melatonina Duo,4.0,162.32
2025-03-17,Melatonina em Gotas,1.0,33.23
2025-03-17,Morning Shot - Imunidade,1.0,87.21
2025-03-17,Multivitaminico  - Imunomult- 1000mg,6.0,622.2
2025-03-17,Multivitaminico - Imunomult- 1000mg,1.0,76.82
2025-03-17,Multivitamínico - Vitalift,1.0,128.68
2025-03-17,Nitro 400,1.0,119.03
2025-03-17,Omegafor Family - Ômega 3,8.0,440.4
2025-03-17,Omegafor Plus,20.0,3156.83
2025-03-17,Palatinose,1.0,45.11
2025-03-17,Pasta de Amendoim,6.0,259.76
2025-03-17,Pasta de Amendoim Granulado,1.0,20.22
2025-03-17,Pasta de Castanha de Caju,1.0,36.13
2025-03-17,Probiótico - Simfort Plus,1.0,86.7
2025-03-17,Probióticos em Pó - Simfort,4.0,293.17
2025-03-17,Proteína - Best Vegan,3.0,256.29
2025-03-17,Proteína Isolada e Hidrolisada - Body Protein,7.0,1157.03
2025-03-17,Proteína Isolada e Hidrolisada - Body Protein Red,1.0,165.29
2025-03-17,Pré-Treino,2.0,132.66
2025-03-17,Pré-treino - Energyzer & focus,1.0,95.14
2025-03-17,Própolis - Green Própolis,2.0,112.94
2025-03-17,Própolis Líquido - Gotas,3.0,94.05
2025-03-17,Própolis Trio,5.0,324.75
2025-03-17,Própolis Verde - Alcoólico,1.0,26.26
2025-03-17,Própolis Verde - Premium 10mg,1.0,64.6
2025-03-17,Própolis Verde 70,2.0,63.94
2025-03-17,Psyllium,4.0,227.8
2025-03-17,Refil Whey 100% Pure,4.0,466.24
2025-03-17,Refil Whey Concentrado - W100,2.0,216.22
2025-03-17,Refil Whey Protein Concentrado,1.0,166.17
2025-03-17,Refil Wheydop Iso,1.0,181.67
2025-03-17,Resveratrol - Resveramax,1.0,151.11
2025-03-17,Resveratrol 500mg,1.0,68.01
2025-03-17,Resveratrol Plus - 165mg,1.0,96.53
2025-03-17,Simfort fibras,4.0,220.28
2025-03-17,Sleep,3.0,353.67
2025-03-17,Super Ômega 3,3.0,641.77
2025-03-17,SuperCoffee,10.0,1137.06
2025-03-17,SuperCoffee Língua de gato - Kopenhagen,6.0,841.98
2025-03-17,Suplemento - Alimentar - Cálcio Citrato Malato,1.0,49.22
2025-03-17,Suplemento Alimentar  - Hepatofor,5.0,358.06
2025-03-17,Suplemento Alimentar - Alpha Mater,1.0,113.25
2025-03-17,Suplemento Alimentar - GUARDIAN®,4.0,632.08
2025-03-17,Suplemento Alimentar - Geleia Real - Apireal,1.0,36.3
2025-03-17,Suplemento Alimentar - Green Shot,1.0,62.28
2025-03-17,Suplemento Alimentar - Slim Body 400mg,3.0,195.09
2025-03-17,Suplemento de Magnésio - Blue Calm,4.0,322.06
2025-03-17,Suplemento para Imunidade - Immune Up 100%,1.0,105.03
2025-03-17,Tablete de Doce,4.0,94.69
2025-03-17,Tasty Whey 3W Gourmet,7.0,987.21
2025-03-17,Termogênico - Lipix6,1.0,83.3
2025-03-17,Termogênico - Termo Plus,2.0,224.4
2025-03-17,Tortinha Proteica,2.0,102.68
2025-03-17,True Cúrcuma,4.0,288.68
2025-03-17,Ultracoffee - Vegano,3.0,238.48
2025-03-17,Vegan Protein,1.0,123.41
2025-03-17,Vitamina - Good Mood,2.0,118.94
2025-03-17,Vitamina B12,12.0,432.86
2025-03-17,Vitamina D - Vita D3,12.0,476.0
2025-03-17,Vitamina D - Vita D3 + C + Zinco,5.0,246.5
2025-03-17,Vitamina D3,6.0,259.93
2025-03-17,Vitamina D3 + K2,4.0,217.31
2025-03-17,Vitamina D3 + K2 Gotas,3.0,166.11
2025-03-17,Vitamina D3 - Ydrosolv,1.0,64.26
2025-03-17,Vitamina D3 Synergy,1.0,59.5
2025-03-17,"Vitaminas A, E, D e K2- RESTAURE® - Gotas",1.0,158.8
2025-03-17,Whey,8.0,1307.73
2025-03-17,Whey - Immuno Golden,2.0,363.9
2025-03-17,Whey 3W,2.0,301.9
2025-03-17,Whey 3W - Delicious,3.0,232.05
2025-03-17,Whey Fort 3W,2.0,331.5
2025-03-17,Whey Isolado - Iso Triple Zero,5.0,838.65
2025-03-17,Whey Isolado - Isoflex,1.0,624.45
2025-03-17,Whey Isolado - Isofort Ultra Imuno,2.0,598.4
2025-03-17,Whey Isolado e Hidrolisado - H.I Whey,1.0,163.84
2025-03-17,Whey Protein 3W,1.0,153.17
2025-03-17,Whey Protein Concentrado,19.0,3014.88
2025-03-17,Whey Protein Isolado,15.0,3322.32
2025-03-17,Whey Protein Isolado - Isofort,4.0,1114.84
2025-03-17,Whey Protein Isolado - Tasty Iso,8.0,1349.6
2025-03-17,Whey Tech 100%,7.0,892.43
2025-03-17,Whey hidrolisado e isolado,2.0,463.98
2025-03-17,Óleo De Coco Extravirgem,1.0,26.31
2025-03-17,Ômega 3,1.0,70.0
2025-03-17,Ômega 3 - 1360mg,1.0,121.92
2025-03-17,Ômega 3 - EPA DHA - 1000mg,10.0,506.5
2025-03-17,Ômega 3 - Omegafor Memory,3.0,248.58
2025-03-17,Ômega 3 - Ultra Caps 1000mg,1.0,101.81
2025-03-17,Ômega 3 EPA DHA,11.0,880.21
2025-03-17,Ômega 3 Super DHA,1.0,96.07
2025-03-17,Ômega 3 Super DHA - BIG N,2.0,173.7
2025-03-17,Ômega 3 Super DHA BIG,3.0,404.37
2025-03-17,Ômega DHA,1.0,160.35
2025-03-17,Ômegafor Vegan 400mg,2.0,225.42
2025-03-24,100% Whey Crush Concentrada,2.0,253.3
2025-03-24,100% Whey Protein - Flavour,7.0,675.99
2025-03-24,100% Whey Pure,3.0,339.0
2025-03-24,Achocolatado - Choco Family - Refil,1.0,35.56
2025-03-24,Achocolatado - Chocoki,1.0,74.8
2025-03-24,Aminoácido - Aminovita,1.0,120.7
2025-03-24,Aminoácido - BCAA - Glyco HD,1.0,23.39
2025-03-24,Aminoácido - BCAA 2:1:1,1.0,21.35
2025-03-24,Aminoácido - Tryptophan,1.0,41.59
2025-03-24,Aminoácido N-acetil L-cisteína (NAC),2.0,127.23
2025-03-24,Aminoácidos - Aminnu EAAs - Sem Xilitol,1.0,185.9
2025-03-24,Aminoácidos - Aminolift,2.0,294.52
2025-03-24,BCAA Lift - 8:1:1,1.0,114.54
2025-03-24,BT Nitrato,1.0,100.61
2025-03-24,Barrinha de Chocolate ao Leite,1.0,32.81
2025-03-24,Barrinha de Proteína,20.0,689.51
2025-03-24,Barrinha de Proteína - Protein Crisp Bar,3.0,183.69
2025-03-24,Barrinha de Proteína Choco Wheyfer,1.0,27.33
2025-03-24,Barrinha de Proteína Protein Crisp,1.0,73.95
2025-03-24,Barrinha de Proteína Whey Grego - Havanna,1.0,109.24
2025-03-24,Barrinhas de Proteína Crunch,1.0,132.6
2025-03-24,Bcaa Fix,1.0,75.0
2025-03-24,Best Whey Iso,1.0,193.67
2025-03-24,Beta Alanina,5.0,248.09
2025-03-24,Beta Alanina 100%,1.0,43.35
2025-03-24,Beta Alanina Pure,1.0,53.32
2025-03-24,Bio Cálcio  60 caps PURAVIDA,1.0,57.72
2025-03-24,Bio Vitamina B12 em gotas,7.0,262.78
2025-03-24,Bio Zinco,1.0,25.62
2025-03-24,Biotina Plus,1.0,39.65
2025-03-24,Biscoito Proteico - Sublime,1.0,30.98
2025-03-24,BodyBalance - Muscle Synergy,1.0,183.26
2025-03-24,Bombom,1.0,33.24
2025-03-24,Cafeína,3.0,119.64
2025-03-24,Cappuccino Proteico,1.0,42.49
2025-03-24,Chocolate 85% Cacau,3.0,70.14
2025-03-24,Chá Sublime - Brisa,1.0,18.0
2025-03-24,Coenzima Q10,3.0,229.83
2025-03-24,Coenzima Q10  (200mg p/ porção),1.0,161.5
2025-03-24,Coenzima Q10 (200mg p/ porção),2.0,193.8
2025-03-24,Coenzima Q10 + Ômega 3 + Vitamina E,4.0,456.14
2025-03-24,Coenzima Q10 - (100mg p/ porção),4.0,238.0
2025-03-24,Coenzima Q10 - 200mg,1.0,129.97
2025-03-24,Coenzima Q10 200mg,1.0,91.12
2025-03-24,Colágeno -  Collagen Gut,2.0,268.34
2025-03-24,Colágeno - Colagentek,3.0,214.2
2025-03-24,Colágeno - Colagentek Beauty,4.0,376.88
2025-03-24,Colágeno - Colagentek II,1.0,78.14
2025-03-24,Colágeno - Colagentek Protein - Bodybalance,5.0,690.8
2025-03-24,Colágeno - Collagen Essential Protein,7.0,1119.23
2025-03-24,Colágeno - Collagen Gut,2.0,268.34
2025-03-24,Colágeno - Collagen Protein Hidrolisado,1.0,136.61
2025-03-24,Colágeno - Collagen Protein Hidrolisado Berries Silvestres 450g PURAVIDA,1.0,134.48
2025-03-24,Colágeno - Collagen Renew Hidrolisado,4.0,262.16
2025-03-24,Colágeno - Collagen Tipo II 40mg,2.0,135.88
2025-03-24,Colágeno Collagen Skin,2.0,299.92
2025-03-24,Colágeno Hidrolisado - Collagen Pro 18g,3.0,433.29
2025-03-24,Colágeno Tipo 1 e 2 - Collagen 2 Joint,1.0,150.75
2025-03-24,Colágeno Tipo II,1.0,53.97
2025-03-24,Colágeno tipo 2 - Colagentek II,1.0,76.14
2025-03-24,Combo com 6 Barrinhas de Proteína - Bombar,1.0,39.32
2025-03-24,Complexo B - Bio Vit.B+,1.0,35.11
2025-03-24,Creatina,7.0,585.18
2025-03-24,Creatina - Creafort (Creapure),6.0,1050.0
2025-03-24,Creatina - Creapure,1.0,123.34
2025-03-24,Creatina - Gummies,1.0,110.7
2025-03-24,Creatina 100%,14.0,987.16
2025-03-24,Creatina 100% Pure,1.0,107.04
2025-03-24,Creatina Monohidratada,50.0,3624.88
2025-03-24,Creatina Monohidratada -  Crealift (Creapure),1.0,231.85
2025-03-24,Creatina Monohidratada - Creatine,7.0,611.26
2025-03-24,Creatina Monohidratada - Hardcore,7.0,619.08
2025-03-24,Creatina Premium - Creapure,1.0,199.36
2025-03-24,Cálcio de Algas 1000mg,3.0,143.91
2025-03-24,Cúrcuma Plus,6.0,330.2
2025-03-24,Energy Gel,3.0,184.27
2025-03-24,Energy Gel - Endurance,1.0,23.8
2025-03-24,Enzimas Enzyfor,1.0,110.5
2025-03-24,Farinha de Aveia,1.0,12.64
2025-03-24,Ferro Quelado 34mg,1.0,26.43
2025-03-24,Ferro Quelato + Vitamina C,1.0,38.8
2025-03-24,Fibra - Fosvita,1.0,76.5
2025-03-24,Fibras - Fiberfor,2.0,164.02
2025-03-24,Fibras Prébioticas - Prebiotic,3.0,160.47
2025-03-24,Fresh Vegan,2.0,261.56
2025-03-24,Fresh Whey,18.0,2540.13
2025-03-24,Gel Nitrato,6.0,196.8
2025-03-24,Gel Nitrato com L-Citrulinilarginina,1.0,37.47
2025-03-24,Glutamina,4.0,205.18
2025-03-24,Glutamina - Glutamax,3.0,196.35
2025-03-24,Glutamina - Glutamax Refil,2.0,200.6
2025-03-24,Glutamina Isolates,1.0,66.3
2025-03-24,Glutamina em Pó,1.0,86.49
2025-03-24,Gold Whey Concentrado Refil,4.0,406.09
2025-03-24,Granola,2.0,55.17
2025-03-24,Granola - Zero Açúcar,1.0,19.35
2025-03-24,Granola Australia - Low Carb,5.0,153.45
2025-03-24,Granola Coconut,1.0,33.97
2025-03-24,Grassfed Whey Protein - Concentrado,1.0,223.96
2025-03-24,Immuno Whey,2.0,363.9
2025-03-24,Isofort Plant (Life Vegan),2.0,183.6
2025-03-24,Laranja Moro,1.0,67.53
2025-03-24,Leite de Coco em Pó - Coco Cream,1.0,52.63
2025-03-24,Maca Peruana 2000mg,1.0,66.43
2025-03-24,Magnésio,1.0,41.79
2025-03-24,Magnésio - Bio Trimag,6.0,275.4
2025-03-24,Magnésio - Inositol Relief 3.0,3.0,458.2
2025-03-24,Magnésio - Quelato,1.0,21.34
2025-03-24,Magnésio Dimalato,1.0,45.22
2025-03-24,Magnésio Inositol,2.0,279.06
2025-03-24,Magnésio Plus - 350mg,2.0,148.76
2025-03-24,Magnésio Plus 900mg,3.0,231.75
2025-03-24,Melatonina,1.0,46.94
2025-03-24,Melatonina - Ydrosolv,3.0,197.13
2025-03-24,Melatonina Duo,5.0,217.31
2025-03-24,Melatonina Em Gotas Premium - 210mcg,1.0,23.62
2025-03-24,Melatonina em Gotas,3.0,99.69
2025-03-24,Morning Shot - Imunidade,2.0,174.42
2025-03-24,Omegafor Family - Ômega 3,5.0,284.5
2025-03-24,Omegafor Plus,8.0,1140.09
2025-03-24,Omegafor Vitamins,1.0,106.25
2025-03-24,Palatinose,8.0,369.08
2025-03-24,Pasta de Amendoim,6.0,228.66
2025-03-24,Pasta de Amendoim Integral,3.0,47.97
2025-03-24,Pasta de Castanha de Caju,2.0,72.26
2025-03-24,Probiótico - Simcaps,2.0,115.6
2025-03-24,Probiótico - Simfort Plus,7.0,581.7
2025-03-24,Probióticos em Pó - Simfort,4.0,236.86
2025-03-24,Proteína - Best Vegan,2.0,170.86
2025-03-24,Proteína Isolada e Hidrolisada - Body Protein,6.0,991.74
2025-03-24,Proteína Isolada e Hidrolisada - Body Protein Red,5.0,826.45
2025-03-24,Pré-Treino - Over Up,1.0,60.0
2025-03-24,Pré-Treino - V Fort Ultra,4.0,379.76
2025-03-24,Pré-Treino - WarmUp Ultra,1.0,98.03
2025-03-24,Pré-Treino Energy ATP®,1.0,185.9
2025-03-24,Pré-treino - Energyzer & focus,1.0,95.14
2025-03-24,Pré-treino - Pre Workout,1.0,121.36
2025-03-24,Pré-treino - Warzone,1.0,73.24
2025-03-24,Pré-treino Panic Pre Workout,1.0,83.35
2025-03-24,Próbiotico - Purabiotics,2.0,146.93
2025-03-24,Própolis Alcoólico,2.0,52.52
2025-03-24,Própolis Líquido - Gotas,4.0,125.4
2025-03-24,Própolis Verde,1.0,47.59
2025-03-24,Própolis Verde - Alcoólico,1.0,26.26
2025-03-24,Própolis Verde - Premium 10mg,2.0,129.2
2025-03-24,Própolis Verde - Propomax,2.0,52.52
2025-03-24,Psyllium,5.0,290.87
2025-03-24,Refil Whey 100% Pure,6.0,699.36
2025-03-24,Refil Whey Concentrado - W100,2.0,216.22
2025-03-24,Refil Wheydop Iso,2.0,363.34
2025-03-24,Resveratrol Plus - 165mg,2.0,193.06
2025-03-24,Simfort fibras,4.0,220.28
2025-03-24,Sleep,3.0,341.78
2025-03-24,Spirulina 500mg,1.0,74.25
2025-03-24,Super Ômega 3,3.0,551.25
2025-03-24,SuperCoffee,11.0,1249.63
2025-03-24,SuperCoffee Língua de gato - Kopenhagen,4.0,561.32
2025-03-24,Suplemento - Hyaluronic Hair,2.0,133.46
2025-03-24,Suplemento - Laranja Moro,1.0,72.18
2025-03-24,Suplemento Alimentar  - Hepatofor,2.0,148.24
2025-03-24,Suplemento Alimentar - Alpha Inflaminus,1.0,122.81
2025-03-24,Suplemento Alimentar - Alpha Mater,1.0,113.25
2025-03-24,Suplemento Alimentar - GUARDIAN®,1.0,158.02
2025-03-24,Suplemento Alimentar - Slim Body 400mg,1.0,65.03
2025-03-24,Suplemento alimentar de Ômega 3 - DHA OX,1.0,142.8
2025-03-24,Suplemento de Magnésio - Blue Calm,6.0,490.57
2025-03-24,Tablete de Doce,1.0,27.13
2025-03-24,Tasty Whey 3W Gourmet,1.0,141.03
2025-03-24,Termogênico - Lipix6,3.0,249.9
2025-03-24,Trio Magnésio 720mg,1.0,53.17
2025-03-24,Vitamina B12,14.0,441.65
2025-03-24,Vitamina B9 - Ácido Fólico,1.0,61.52
2025-03-24,Vitamina C,3.0,152.67
2025-03-24,Vitamina C + Zinco - Gomas,1.0,47.19
2025-03-24,Vitamina C - Bio Vit C+,3.0,99.81
2025-03-24,Vitamina D - Vita D3,6.0,257.38
2025-03-24,Vitamina D - Vita D3 + C + Zinco,7.0,345.1
2025-03-24,Vitamina D3,4.0,135.74
2025-03-24,Vitamina D3 + K2,6.0,315.62
2025-03-24,Vitamina D3 - 2000 Ui,1.0,30.94
2025-03-24,Whey,11.0,1784.24
2025-03-24,Whey - Immuno Golden,1.0,181.95
2025-03-24,Whey 3W,1.0,150.95
2025-03-24,Whey 3W - Delicious,5.0,386.75
2025-03-24,Whey Concentrado - W100,1.0,113.0
2025-03-24,Whey Fort 3W,3.0,497.25
2025-03-24,Whey Isolado - Garrafinha,2.0,37.98
2025-03-24,Whey Protein - Isofort Beauty,1.0,134.38
2025-03-24,Whey Protein Concentrado,24.0,3828.88
2025-03-24,Whey Protein Isolado,8.0,1575.22
2025-03-24,Whey Protein Isolado - Isofort,2.0,557.42
2025-03-24,Whey Protein Isolado - Purajuice,1.0,130.03
2025-03-24,Whey Protein Isolado - Tasty Iso,3.0,506.1
2025-03-24,Whey Tech 100%,8.0,1019.92
2025-03-24,Wheydop ISO,1.0,182.83
2025-03-24,Wheydop X,3.0,679.2
2025-03-24,Zinco Quelato,1.0,40.49
2025-03-24,Óleo de Krill  - Ômega 3 EPA DHA,1.0,90.78
2025-03-24,Óleo de Prímula - 500mg,1.0,29.33
2025-03-24,Ômega -  Mega DHA,6.0,498.0
2025-03-24,Ômega - Mega DHA,1.0,168.07
2025-03-24,Ômega 3 - 1360mg,5.0,609.6
2025-03-24,Ômega 3 - EPA DHA - 1000mg,10.0,474.85
2025-03-24,Ômega 3 - Omegafor Memory,2.0,165.72
2025-03-24,Ômega 3 - Ultra Caps 1000mg,3.0,305.43
2025-03-24,Ômega 3 EPA DHA,5.0,562.0
2025-03-24,Ômega 3 Pulse,1.0,114.13
2025-03-24,Ômega 3 Super DHA - BIG N,3.0,260.55
2025-03-24,Ômega 3 Super DHA BIG,6.0,747.18
2025-03-24,Ômega Core,2.0,294.52
2025-03-31,#Combo 2025 com Saúde,1.0,152.7
2025-03-31,#Whey Fort 3W,1.0,165.75
2025-03-31,100% Whey Crush Concentrada,1.0,126.65
2025-03-31,100% Whey Flavour,1.0,100.29
2025-03-31,100% Whey Protein - Flavour,5.0,501.45
2025-03-31,100% Whey Pure,6.0,660.0
2025-03-31,Achocolatado - Choco Family - Refil,1.0,35.56
2025-03-31,Aminoácido - Aminovita,5.0,622.2
2025-03-31,Aminoácido - BCAA 2:1:1,1.0,21.35
2025-03-31,Aminoácido N-acetil L-cisteína (NAC),4.0,243.69
2025-03-31,Aminoácidos - Aminnu EAAs,1.0,185.9
2025-03-31,Arginofor -  L-Arginina,1.0,88.46
2025-03-31,BT Gel Nitrato,2.0,203.84
2025-03-31,BT Nitrato,1.0,100.61
2025-03-31,Barrinha de Proteína,9.0,886.7
2025-03-31,Barrinha de Proteína Choco Wheyfer,1.0,23.77
2025-03-31,Barrinha de Proteína ChocoWheyfer,1.0,83.15
2025-03-31,Barrinha de Proteína Cleanpro Bar,1.0,83.39
2025-03-31,Barrinha de Proteína Dark Bar,1.0,109.89
2025-03-31,Barrinha de Proteína Protein Crisp,2.0,147.9
2025-03-31,Barrinha de Proteína Proto Bar - Havanna,1.0,109.24
2025-03-31,Barrinha de Proteína Thin,1.0,98.94
2025-03-31,Bebida Vegetal em Pó - Vegan Delight,1.0,67.16
2025-03-31,Best Whey,3.0,697.95
2025-03-31,Best Whey Iso,2.0,387.34
2025-03-31,Beta Alanina,7.0,350.14
2025-03-31,Beta Alanina Pure,1.0,40.55
2025-03-31,Bio Cálcio  60 caps PURAVIDA,7.0,404.04
2025-03-31,Bio Ferro,1.0,37.54
2025-03-31,Bio Zinco,3.0,80.49
2025-03-31,Biotina Plus,1.0,39.65
2025-03-31,Blend de Chá - Calmante,2.0,49.7
2025-03-31,Blend de Chá - Detox,1.0,24.85
2025-03-31,Blend de Chá - Digestivo,3.0,74.55
2025-03-31,"Boraprim - Borragem, Prímula e Gergelim",4.0,153.0
2025-03-31,Chocolate com Flor de Sal,1.0,23.84
2025-03-31,Chá Misto,2.0,36.0
2025-03-31,Chá Vitatea,3.0,162.03
2025-03-31,Clorella,2.0,96.28
2025-03-31,Cocada,1.0,21.02
2025-03-31,Coenzima Q10,5.0,467.87
2025-03-31,Coenzima Q10  (200mg p/ porção),2.0,323.0
2025-03-31,Coenzima Q10 (200mg p/ porção),2.0,193.8
2025-03-31,Coenzima Q10 - (100mg p/ porção),2.0,119.0
2025-03-31,Coffee - Brainstorm,1.0,90.1
2025-03-31,Colágeno - Colagentek,8.0,571.2
2025-03-31,Colágeno - Colagentek II,4.0,312.56
2025-03-31,Colágeno - Colagentek Protein - Bodybalance,12.0,1684.99
2025-03-31,Colágeno - Collagen Essential Protein,6.0,968.69
2025-03-31,Colágeno - Collagen Gut,1.0,134.17
2025-03-31,Colágeno - Collagen Pro - Body Suport,3.0,491.94
2025-03-31,Colágeno - Collagen Protein Hidrolisado,4.0,523.44
2025-03-31,Colágeno - Collagen Protein Hidrolisado Berries Silvestres 450g PURAVIDA,1.0,134.48
2025-03-31,Colágeno - Collagen Renew Hidrolisado,4.0,262.16
2025-03-31,Colágeno - Collagen Tipo II 40mg,1.0,67.94
2025-03-31,Colágeno Collagen Skin,1.0,134.17
2025-03-31,Colágeno Hidrolisado - Collagen Pro 18g,2.0,288.86
2025-03-31,Colágeno Tipo II,2.0,107.94
2025-03-31,Colágeno tipo 2 - Colagentek II,7.0,532.98
2025-03-31,Creatina,5.0,405.45
2025-03-31,Creatina - Creafort (Creapure),9.0,1555.0
2025-03-31,Creatina 100%,7.0,440.12
2025-03-31,Creatina 100% Pure,1.0,107.04
2025-03-31,Creatina 1100mg,1.0,39.33
2025-03-31,Creatina Monohidratada,45.0,3453.92
2025-03-31,Creatina Monohidratada - Creatine,8.0,712.25
2025-03-31,Creatina Monohidratada - Hardcore,3.0,258.63
2025-03-31,Creatina Premium - Creapure,2.0,416.11
2025-03-31,Cromo Picolinato - 250mg,1.0,24.52
2025-03-31,Cálcio de Algas 1000mg,1.0,48.75
2025-03-31,Cúrcuma Plus,7.0,428.4
2025-03-31,Energy Gel,6.0,688.72
2025-03-31,Enzimas Enzyfor,1.0,110.5
2025-03-31,Ferro Quelado 34mg,1.0,26.43
2025-03-31,Ferro Quelato + Vitamina C,4.0,155.2
2025-03-31,Fibras - Fiberfor,1.0,82.01
2025-03-31,Fibras Prébioticas - Prebiotic,2.0,106.98
2025-03-31,Fresh Vegan,1.0,130.78
2025-03-31,Fresh Whey,19.0,2454.03
2025-03-31,Gel - Endurance,1.0,71.4
2025-03-31,Gel Nitrato,1.0,34.95
2025-03-31,Glutamina,4.0,205.18
2025-03-31,Glutamina - Glutamax,3.0,211.22
2025-03-31,Glutamina - Glutamax Refil,2.0,200.6
2025-03-31,Glutamina em Pó,3.0,246.11
2025-03-31,Gold Whey Concentrado Refil,6.0,594.66
2025-03-31,Granola,1.0,35.82
2025-03-31,Granola Australia - Low Carb,4.0,123.11
2025-03-31,Grassfed Whey Protein,3.0,473.4
2025-03-31,Hipercalórico - Creamass,1.0,97.93
2025-03-31,Immuno Whey,2.0,363.9
2025-03-31,Isofort Plant (Life Vegan),4.0,367.2
2025-03-31,L-Carnitina 530mg,1.0,76.5
2025-03-31,L-Taurina - 1.000mg,2.0,79.05
2025-03-31,Maca Peruana 2000mg,1.0,66.43
2025-03-31,Magnésio,4.0,165.87
2025-03-31,Magnésio - Bio Trimag,9.0,385.02
2025-03-31,Magnésio - Inositol Relief 3.0,2.0,308.95
2025-03-31,Magnésio Plus - 350mg,1.0,74.38
2025-03-31,Matchá - Chá Verde em Pó,2.0,146.76
2025-03-31,Melatonina - Sleepfor,3.0,205.92
2025-03-31,Melatonina em Gotas,2.0,66.46
2025-03-31,Morning Shot - Imunidade,5.0,436.05
2025-03-31,Multivitaminico  - Imunomult- 1000mg,1.0,103.7
2025-03-31,Multivitaminico - Imunomult- 1000mg,2.0,136.0
2025-03-31,Neuro Health,1.0,153.34
2025-03-31,Omegafor Family - Ômega 3,1.0,86.7
2025-03-31,Omegafor Plus,23.0,3748.11
2025-03-31,Omegafor Vision,2.0,179.46
2025-03-31,Palatinose,9.0,409.03
2025-03-31,Pasta de Amendoim,5.0,241.48
2025-03-31,Pasta de Amendoim Granulado,1.0,20.22
2025-03-31,Pasta de Amendoim Integral,2.0,31.98
2025-03-31,Probiótico - Simcaps,2.0,115.6
2025-03-31,Probiótico - Simfort Plus,3.0,260.1
2025-03-31,Probióticos em Pó - Simfort,3.0,392.7
2025-03-31,Profem - Óleo de Prímula,1.0,84.15
2025-03-31,Proteina Vegetal,1.0,125.22
2025-03-31,Proteína - Best Vegan,2.0,170.86
2025-03-31,Proteína - Isocrisp Plant Pouch,2.0,115.6
2025-03-31,Proteína Isolada e Hidrolisada - Body Protein,12.0,1983.48
2025-03-31,Proteína Isolada e Hidrolisada - Body Protein Red,1.0,165.29
2025-03-31,Pré-Treino - V Fort Ultra,4.0,366.68
2025-03-31,Pré-Treino Energy ATP®,2.0,371.8
2025-03-31,Pré-treino - Energyzer & focus,1.0,95.14
2025-03-31,Pré-treino - Taken,1.0,90.72
2025-03-31,Pré-treino - Warzone,1.0,73.24
2025-03-31,Pré-treino Exquenta,1.0,135.99
2025-03-31,Própolis Alcoólico,1.0,26.26
2025-03-31,Própolis Líquido - Gotas,6.0,188.1
2025-03-31,Própolis Verde,1.0,36.3
2025-03-31,Própolis Verde - Alcoólico,3.0,78.78
2025-03-31,Própolis Verde - Premium 10mg,5.0,282.3
2025-03-31,Própolis Verde - Propomax,1.0,26.26
2025-03-31,Própolis Verde 70,1.0,31.97
2025-03-31,Psyllium,7.0,368.05
2025-03-31,Refil Whey 100% Pure,3.0,364.89
2025-03-31,Refil Whey Concentrado - W100,6.0,635.55
2025-03-31,Resveratrol Plus - 165mg,2.0,187.0
2025-03-31,Simfort fibras,1.0,55.07
2025-03-31,Sleep,2.0,303.3
2025-03-31,Super Ômega 3,3.0,551.25
2025-03-31,SuperCoffee,9.0,1049.55
2025-03-31,SuperCoffee Língua de gato - Kopenhagen,4.0,561.32
2025-03-31,Suplemento - Hyaluronic Hair,2.0,133.46
2025-03-31,Suplemento - Super Sono,1.0,93.86
2025-03-31,Suplemento Alimentar  - Hepatofor,1.0,78.3
2025-03-31,Suplemento Alimentar - Alpha A até Z,1.0,42.76
2025-03-31,Suplemento Alimentar - Alpha Inflaminus,3.0,368.43
2025-03-31,Suplemento Alimentar - Geleia Real - Apireal,1.0,36.3
2025-03-31,Suplemento Alimentar - Slim Body 400mg,1.0,65.03
2025-03-31,Suplemento Vitamínico - ZMA,1.0,47.61
2025-03-31,Suplemento de Magnésio - Blue Calm,3.0,291.6
2025-03-31,Tablete de Doce,2.0,44.83
2025-03-31,Tasty Whey 3W Gourmet,2.0,282.06
2025-03-31,Termogênico - Termo Plus,1.0,112.2
2025-03-31,Thermo Caps - DiaboVerde,1.0,57.38
2025-03-31,Ultracoffee - Vegano,5.0,379.65
2025-03-31,Vegan Ômega 3 DHA,1.0,117.16
2025-03-31,Vitamina - Good Mood,1.0,59.47
2025-03-31,Vitamina B12,6.0,182.08
2025-03-31,Vitamina B9 - Metilfolato,1.0,44.52
2025-03-31,Vitamina C + Zinco - Gomas,2.0,94.38
2025-03-31,Vitamina C - Bio Vit C+,2.0,66.54
2025-03-31,Vitamina D - Vita D3,7.0,278.8
2025-03-31,Vitamina D - Vita D3 + C + Zinco,4.0,189.15
2025-03-31,Vitamina D3,1.0,39.96
2025-03-31,Vitamina D3 + K2,5.0,250.62
2025-03-31,Vitamina D3 Synergy,2.0,119.0
2025-03-31,Whey,13.0,2098.43
2025-03-31,Whey - Zero Lactose,1.0,229.42
2025-03-31,Whey 3W,1.0,150.95
2025-03-31,Whey 3W - Delicious,7.0,602.34
2025-03-31,Whey Concentrado,1.0,100.0
2025-03-31,Whey Concentrado - W100,3.0,339.0
2025-03-31,Whey Fort 3W,7.0,1160.25
2025-03-31,Whey Isolado - Iso Triple Zero,6.0,1045.64
2025-03-31,Whey Isolado Nectar,1.0,279.64
2025-03-31,Whey Protein - Isofort Beauty,1.0,134.38
2025-03-31,Whey Protein 3W,1.0,153.17
2025-03-31,Whey Protein Concentrado,34.0,5350.08
2025-03-31,Whey Protein Isolado,11.0,2470.43
2025-03-31,Whey Protein Isolado - Isofort,5.0,1357.09
2025-03-31,Whey Protein Isolado - Tasty Iso,5.0,843.5
2025-03-31,Whey Tech 100%,13.0,1657.37
2025-03-31,Whey hidrolisado e isolado Creme Broule 837g TRUE SOURCE,2.0,463.98
2025-03-31,Wheydop ISO,3.0,584.33
2025-03-31,Zinco Quelato,1.0,40.49
2025-03-31,Óleo de Krill  - Ômega 3 EPA DHA,1.0,90.78
2025-03-31,Ômega -  Mega DHA,1.0,83.0
2025-03-31,Ômega - Mega DHA,2.0,368.67
2025-03-31,Ômega 3,5.0,617.54
2025-03-31,Ômega 3 - 1360mg,1.0,121.92
2025-03-31,Ômega 3 - DHA Vegan 430mg,1.0,121.53
2025-03-31,Ômega 3 - EPA DHA - 1000mg,5.0,302.15
2025-03-31,Ômega 3 - Omegafor Memory,1.0,82.86
2025-03-31,Ômega 3 - Ultra Caps 1000mg,1.0,102.31
2025-03-31,Ômega 3 EPA DHA,4.0,205.57
2025-03-31,Ômega 3 Pulse,1.0,114.13
2025-03-31,Ômega 3 Super DHA - BIG N,6.0,521.1
2025-03-31,Ômega Golden,1.0,159.41
2025-03-31,Ômegafor Vegan 400mg,1.0,112.71
2025-04-07,100% Whey Flavour,2.0,200.58
2025-04-07,100% Whey Protein - Flavour,3.0,300.87
2025-04-07,100% Whey Pure,2.0,232.76
2025-04-07,100% Whey True Protein,2.0,336.0
2025-04-07,Achocolatado - Choco Family - Refil,3.0,106.68
2025-04-07,Achocolatado - Chocoki,1.0,81.63
2025-04-07,Aminoácido - Aminovita,4.0,482.8
2025-04-07,Aminoácido - Tryptophan,1.0,49.02
2025-04-07,Aminoácido N-acetil L-cisteína (NAC),1.0,58.23
2025-04-07,Aminoácidos - Aminnu EAAs,1.0,185.9
2025-04-07,Aminoácidos - Aminnu EAAs - Sem Xilitol,1.0,185.9
2025-04-07,Aminoácidos - Aminolift,1.0,157.78
2025-04-07,Aveia - Flocos Grossos,2.0,28.54
2025-04-07,BT Nitrato,4.0,402.44
2025-04-07,BT Nitrato 400,2.0,269.81
2025-04-07,BT Nitrato com cafeína,3.0,429.18
2025-04-07,Barrinha de Chocolate ao Leite,1.0,32.81
2025-04-07,Barrinha de Proteína,14.0,586.07
2025-04-07,Barrinha de Proteína Choco Wheyfer,1.0,82.02
2025-04-07,Barrinha de Proteína ChocoWheyfer,2.0,166.3
2025-04-07,Barrinha de Proteína Cleanpro Bar,1.0,93.86
2025-04-07,Barrinha de Proteína Collagen Bar,1.0,101.14
2025-04-07,Barrinha de Proteína Protein Crisp,1.0,73.95
2025-04-07,Barrinha de Proteína Proto Bar - Havanna,1.0,109.24
2025-04-07,Barrinha de Proteína Thin,1.0,93.15
2025-04-07,Barrinha de Proteína Tube,2.0,110.13
2025-04-07,Barrinha de Proteína Veganpro Bar,1.0,83.39
2025-04-07,Best Whey,2.0,465.3
2025-04-07,Best Whey Iso,1.0,193.67
2025-04-07,Beta Alanina,4.0,213.14
2025-04-07,Beta Alanina Pure,1.0,40.55
2025-04-07,Bio Cálcio  60 caps PURAVIDA,1.0,57.72
2025-04-07,Bio Ferro,2.0,70.67
2025-04-07,Bio Zinco,4.0,102.48
2025-04-07,Body Protein Vegano,1.0,126.43
2025-04-07,"Boraprim - Borragem, Prímula e Gergelim",4.0,153.0
2025-04-07,Brain Focus,1.0,66.75
2025-04-07,Cafeína,1.0,33.2
2025-04-07,Cafeína - Caffeinex 200,1.0,31.5
2025-04-07,Chlorella 400mg,1.0,77.97
2025-04-07,Chocolate 45% Cacau,1.0,21.6
2025-04-07,Chocolate 70% Cacau,1.0,21.6
2025-04-07,Chocolate ao Leite,1.0,26.1
2025-04-07,Coenzima Q10,2.0,152.64
2025-04-07,Coenzima Q10  (200mg p/ porção),5.0,831.02
2025-04-07,Coenzima Q10 (200mg p/ porção),1.0,93.5
2025-04-07,Coenzima Q10 + Ômega 3 + Vitamina E,1.0,100.57
2025-04-07,Coenzima Q10 200mg,1.0,91.12
2025-04-07,Coffee - Brainstorm,1.0,100.27
2025-04-07,Colágeno -  Collagen Gut,5.0,759.89
2025-04-07,Colágeno - Colagentek,4.0,285.83
2025-04-07,Colágeno - Colagentek II,2.0,173.4
2025-04-07,Colágeno - Colagentek Protein - Bodybalance,4.0,552.64
2025-04-07,Colágeno - Collagen Essential Protein,8.0,1479.51
2025-04-07,Colágeno - Collagen Pro - Body Suport,2.0,327.96
2025-04-07,Colágeno - Collagen Protein Hidrolisado,2.0,273.22
2025-04-07,Colágeno - Collagen Protein Hidrolisado Berries Silvestres 450g PURAVIDA,1.0,134.48
2025-04-07,Colágeno - Collagen Renew Hidrolisado,2.0,152.86
2025-04-07,Colágeno - Collagen Tipo II 40mg,1.0,67.94
2025-04-07,Colágeno Hidrolisado,1.0,44.34
2025-04-07,Colágeno Hidrolisado + Ácido Hialurônico,1.0,60.31
2025-04-07,Colágeno Hidrolisado - Collagen Pro 18g,2.0,288.86
2025-04-07,Colágeno Tipo II - Artro Aid,1.0,89.18
2025-04-07,Colágeno Tipo II - Chondro,1.0,107.13
2025-04-07,Complexo B Max,1.0,31.32
2025-04-07,Creatina,2.0,168.21
2025-04-07,Creatina - Creafort (Creapure),5.0,802.0
2025-04-07,Creatina - Creapure,7.0,996.17
2025-04-07,Creatina 100%,7.0,484.33
2025-04-07,Creatina 100% Pure,1.0,107.04
2025-04-07,Creatina 1100mg,1.0,39.33
2025-04-07,Creatina Monohidratada,34.0,2481.97
2025-04-07,Creatina Monohidratada (Creapure),2.0,357.0
2025-04-07,Creatina Monohidratada -  Crealift (Creapure),2.0,500.68
2025-04-07,Creatina Monohidratada - Creatine,6.0,531.53
2025-04-07,Creatina Monohidratada - Hardcore,2.0,170.19
2025-04-07,Creatina Monohidratada em Gummy,1.0,93.86
2025-04-07,Creatina Premium - Creapure,2.0,398.72
2025-04-07,Cromo Picolinato - 250mg,1.0,24.52
2025-04-07,Cálcio de Algas 1000mg,1.0,47.97
2025-04-07,Cúrcuma Plus,8.0,488.75
2025-04-07,Energy Gel,1.0,59.59
2025-04-07,Energy Shot Gel,5.0,220.9
2025-04-07,Enzimas Enzyfor,1.0,117.81
2025-04-07,Feno Grego,1.0,75.48
2025-04-07,Feno Grego + Boro 500mg,1.0,83.04
2025-04-07,Ferro Quelado 34mg,3.0,79.29
2025-04-07,Ferro Quelato + Vitamina C,2.0,77.6
2025-04-07,Fibras Prébioticas - Prebiotic,1.0,59.6
2025-04-07,Fresh Whey,28.0,3537.79
2025-04-07,Gel Nitrato,2.0,72.83
2025-04-07,Gel Nitrato com L-Citrulinilarginina,1.0,37.47
2025-04-07,Glutamina,6.0,302.27
2025-04-07,Glutamina - Glutamax,3.0,196.35
2025-04-07,Glutamina Isolada,1.0,45.77
2025-04-07,Glutamina em Pó,3.0,246.11
2025-04-07,Gold Whey Concentrado Refil,2.0,200.36
2025-04-07,Granola Coconut,1.0,33.97
2025-04-07,Grassfed Whey Protein,1.0,137.25
2025-04-07,Grassfed Whey Protein - Concentrado,1.0,223.96
2025-04-07,Hipercalórico - Creamass,2.0,195.86
2025-04-07,Isofort Plant (Life Vegan),2.0,183.6
2025-04-07,Maca Peruana 2000mg,2.0,132.86
2025-04-07,Magnésio - Bio Trimag,5.0,213.9
2025-04-07,Magnésio - Inositol Relief 3.0,5.0,788.05
2025-04-07,Magnésio Inositol,1.0,158.92
2025-04-07,Magnésio Plus 900mg,1.0,77.25
2025-04-07,Magnésio Quelato - Bio Mag,1.0,48.75
2025-04-07,Matchá - Chá Verde em Pó,1.0,73.38
2025-04-07,Melatonina,3.0,107.74
2025-04-07,Melatonina - Sleepfor,1.0,68.64
2025-04-07,Melatonina Duo,3.0,126.23
2025-04-07,Melatonina Duo Harmony,1.0,103.78
2025-04-07,Metil Sulfonil Metano - MSM,1.0,36.51
2025-04-07,Mistura para Bolo de Caneca	,1.0,39.95
2025-04-07,Mistura para Pão de Frigideira,1.0,39.95
2025-04-07,Morning Shot - Imunidade,1.0,87.21
2025-04-07,Multivitaminico - Imunomult- 1000mg,1.0,68.0
2025-04-07,NAC + Glycine + Taurine,1.0,67.32
2025-04-07,Nootrópico - Brain Up Am/Pm  60 caps TRUE SOURCE,2.0,271.55
2025-04-07,Omegafor Family - Ômega 3,3.0,232.19
2025-04-07,Omegafor Plus,17.0,2740.83
2025-04-07,Omegafor Vision,1.0,96.63
2025-04-07,Palatinose,6.0,284.38
2025-04-07,Pasta de Amendoim,5.0,180.58
2025-04-07,Pasta de Amendoim Integral,1.0,15.99
2025-04-07,Pasta de Castanha de Caju,1.0,29.25
2025-04-07,Paçoquinha,1.0,22.73
2025-04-07,Pre-Workout - DiaboVerde,1.0,78.43
2025-04-07,Probiótico - Simcaps,1.0,58.9
2025-04-07,Probiótico - Simfort Plus,5.0,373.45
2025-04-07,Probióticos em Pó - Simfort,2.0,216.85
2025-04-07,Proteina Vegetal - True Vegan,1.0,175.7
2025-04-07,Proteína - Isocrisp Plant Pouch,2.0,115.6
2025-04-07,Proteína Isolada e Hidrolisada - Body Protein,9.0,1645.69
2025-04-07,Proteína Isolada e Hidrolisada - Body Protein Red,1.0,185.05
2025-04-07,Pré-Treino,2.0,179.7
2025-04-07,Pré-Treino Energy ATP®,1.0,185.9
2025-04-07,Pré-treino,2.0,293.86
2025-04-07,Própolis Líquido - Gotas,2.0,62.7
2025-04-07,Própolis Verde - Alcoólico,3.0,78.78
2025-04-07,Própolis Verde - Premium 10mg,4.0,258.4
2025-04-07,Psyllium,9.0,494.19
2025-04-07,Refil 100% Whey - Tasty Iso,1.0,373.91
2025-04-07,Refil Whey Concentrado - W100,2.0,216.22
2025-04-07,Resveratrol - Resveramax,1.0,151.11
2025-04-07,Simfort Femme,2.0,173.4
2025-04-07,Super Café - Desincoffee,1.0,93.86
2025-04-07,Super Ômega 3,8.0,1371.56
2025-04-07,SuperCoffee,12.0,1368.06
2025-04-07,SuperCoffee Língua de gato - Kopenhagen,3.0,420.99
2025-04-07,Suplemento - Hyaluronic Hair,2.0,133.46
2025-04-07,Suplemento Alimentar  - Hepatofor,2.0,141.71
2025-04-07,Suplemento Alimentar - Alpha Mater,1.0,113.25
2025-04-07,Suplemento Alimentar - Alpha Women,1.0,125.56
2025-04-07,Suplemento Alimentar - GUARDIAN®,2.0,320.29
2025-04-07,Suplemento Alimentar - Slim Shape,4.0,229.04
2025-04-07,Suplemento Vitamínico - ZMA,1.0,47.61
2025-04-07,Suplemento de Magnésio - Blue Calm,3.0,235.79
2025-04-07,Tablete de Doce,1.0,22.1
2025-04-07,Tasty Whey 3W Gourmet,3.0,445.54
2025-04-07,Termogênico - Lipix6,4.0,338.56
2025-04-07,Tortinha Proteica,3.0,154.02
2025-04-07,Trio Magnésio 720mg,3.0,159.51
2025-04-07,True Almonds Protein,1.0,20.07
2025-04-07,Ultracoffee - Vegano,1.0,75.93
2025-04-07,Vegan Protein - Vegano,1.0,106.05
2025-04-07,Vitamina B12,5.0,159.64
2025-04-07,Vitamina D - Vita D3,5.0,223.93
2025-04-07,Vitamina D - Vita D3 + C + Zinco,4.0,190.92
2025-04-07,Vitamina D3,5.0,179.6
2025-04-07,Vitamina D3 + K2,3.0,181.25
2025-04-07,Vitamina D3 + K2 Gotas,4.0,221.48
2025-04-07,Vitamina D3 - 2000 Ui,1.0,30.94
2025-04-07,Vitamina D3 Synergy,1.0,59.5
2025-04-07,Whey,11.0,2094.98
2025-04-07,Whey - Immuno Golden,1.0,181.95
2025-04-07,Whey - Isocrisp Pouch,3.0,240.3
2025-04-07,Whey - Zero Lactose,1.0,229.42
2025-04-07,Whey Concentrado - 100% Whey,1.0,138.11
2025-04-07,Whey Fort 3W,4.0,663.0
2025-04-07,Whey Isolado - Iso Triple Zero,1.0,172.49
2025-04-07,Whey Protein 3W,3.0,459.51
2025-04-07,Whey Protein Concentrado,21.0,3283.52
2025-04-07,Whey Protein Hidrolisado,1.0,374.85
2025-04-07,Whey Protein Isolado,22.0,5024.08
2025-04-07,Whey Protein Isolado - Isofort,5.0,1393.55
2025-04-07,Whey Protein Isolado - Purajuice,1.0,130.03
2025-04-07,Whey Protein Isolado - Tasty Iso,4.0,674.8
2025-04-07,Whey Tech 100%,5.0,637.45
2025-04-07,Whey hidrolisado e isolado,1.0,231.99
2025-04-07,Whey hidrolisado e isolado Creme Broule 837g TRUE SOURCE,1.0,231.99
2025-04-07,Óleo De Coco Extravirgem,1.0,26.31
2025-04-07,Óleo de Prímula - 500mg,1.0,29.33
2025-04-07,Ômega 3,1.0,70.0
2025-04-07,Ômega 3 - 1360mg,1.0,128.78
2025-04-07,Ômega 3 - EPA DHA - 1000mg,2.0,100.45
2025-04-07,Ômega 3 DHA,3.0,356.64
2025-04-07,Ômega 3 EPA DHA,12.0,968.89
2025-04-07,Ômega 3 Super DHA - BIG N,3.0,260.55
2025-04-07,Ômega 3 Vegan DHA,1.0,91.57
2025-04-14,100% Whey Flavour,2.0,200.58
2025-04-14,100% Whey Protein - Flavour,4.0,401.16
2025-04-14,100% Whey Pure,2.0,232.76
2025-04-14,Aminoácido N-acetil L-cisteína (NAC),2.0,128.7
2025-04-14,Aminoácidos - Aminnu EAAs,1.0,185.9
2025-04-14,Aminoácidos - Aminolift,3.0,473.34
2025-04-14,BCAA com TCM,1.0,67.06
2025-04-14,BIOCOLIN® - COLLAGEN,1.0,158.02
2025-04-14,BT Nitrato,1.0,100.61
2025-04-14,BT Nitrato 400,2.0,269.81
2025-04-14,Barrinha de Chocolate 70%,1.0,32.81
2025-04-14,Barrinha de Chocolate ao Leite,1.0,32.81
2025-04-14,Barrinha de Proteína,5.0,750.72
2025-04-14,Barrinha de Proteína - Protein Crisp Bar,3.0,183.69
2025-04-14,Barrinha de Proteína Choco Wheyfer,1.0,23.77
2025-04-14,Barrinha de Proteína ChocoWheyfer,1.0,83.15
2025-04-14,Barrinha de Proteína Tube,1.0,79.56
2025-04-14,Bebida Vegetal - Golden Immunity,1.0,91.18
2025-04-14,Beef Protein,2.0,327.26
2025-04-14,Best Whey Iso,4.0,774.68
2025-04-14,Beta Alanina,2.0,102.34
2025-04-14,Beta Alanina 100%,1.0,43.35
2025-04-14,Beta Alanina Pure,1.0,53.32
2025-04-14,Bio Cálcio  60 caps PURAVIDA,2.0,115.44
2025-04-14,Bio Ferro,4.0,145.75
2025-04-14,Bio Vitamina B12 em gotas,3.0,108.21
2025-04-14,Bio Zinco,1.0,25.62
2025-04-14,Biscoito Proteico,2.0,56.1
2025-04-14,Bombom,1.0,33.24
2025-04-14,Bombom Recheado,2.0,86.2
2025-04-14,"Boraprim - Borragem, Prímula e Gergelim",3.0,114.75
2025-04-14,Cafeína,1.0,43.22
2025-04-14,Cappuccino Proteico,1.0,42.49
2025-04-14,Chocolate 40%,2.0,40.12
2025-04-14,Chocolate ao Leite,1.0,28.89
2025-04-14,Chocolate com Cranberry,1.0,23.84
2025-04-14,Chá Sublime - Inverno,1.0,18.0
2025-04-14,Chá Vitatea,1.0,58.17
2025-04-14,Coenzima Q10,1.0,118.15
2025-04-14,Coenzima Q10  (200mg p/ porção),4.0,740.08
2025-04-14,Coenzima Q10 (200mg p/ porção),4.0,358.43
2025-04-14,Coenzima Q10 200mg,5.0,455.6
2025-04-14,Coenzima Q10+ 200mg,1.0,105.26
2025-04-14,Colágeno - Body Collagen Protein,1.0,149.85
2025-04-14,Colágeno - Colagentek,1.0,76.73
2025-04-14,Colágeno - Colagentek Beauty,1.0,94.46
2025-04-14,Colágeno - Colagentek Protein - Bodybalance,2.0,276.32
2025-04-14,Colágeno - Collagen Essential Protein,5.0,930.2
2025-04-14,Colágeno - Collagen Gut,2.0,315.56
2025-04-14,Colágeno - Collagen Protein Hidrolisado,2.0,273.22
2025-04-14,Colágeno - Collagen Protein Hidrolisado Berries Silvestres 450g PURAVIDA,1.0,134.48
2025-04-14,Colágeno - Collagen Renew Hidrolisado,2.0,152.86
2025-04-14,Colágeno - Collagen Tipo II 40mg,2.0,142.19
2025-04-14,Colágeno Hidrolisado - Collagen Pro 18g,1.0,144.43
2025-04-14,Colágeno Tipo II,2.0,107.94
2025-04-14,Colágeno tipo 2 - Colagentek II,1.0,84.15
2025-04-14,Combo com 4 Sachês SuperCoffee,1.0,27.37
2025-04-14,Complexo B - Bio Vit.B+,1.0,35.11
2025-04-14,Complexo B 500mg,1.0,31.36
2025-04-14,Cranberry,1.0,34.88
2025-04-14,Creatina,4.0,399.41
2025-04-14,Creatina - Creafort (Creapure),5.0,865.0
2025-04-14,Creatina - Creapure,2.0,278.35
2025-04-14,Creatina - Gummies,1.0,99.0
2025-04-14,Creatina 100%,14.0,1107.96
2025-04-14,Creatina Monohidratada,28.0,2107.42
2025-04-14,Creatina Monohidratada - Creatine,7.0,632.52
2025-04-14,Creatina Monohidratada - Hardcore,3.0,265.32
2025-04-14,Creatina Premium - Creapure,3.0,598.08
2025-04-14,Creatina em Cápsulas,1.0,41.46
2025-04-14,Cálcio de Algas 1000mg,1.0,47.97
2025-04-14,Cúrcuma,1.0,71.53
2025-04-14,Cúrcuma - Curcumagic,1.0,112.56
2025-04-14,Cúrcuma 500mg,2.0,168.64
2025-04-14,Cúrcuma Plus,6.0,367.2
2025-04-14,Energy Gel,2.0,119.18
2025-04-14,Ferro Quelado 34mg,2.0,52.86
2025-04-14,Ferro Quelato + Vitamina C,3.0,116.4
2025-04-14,Fresh Whey,11.0,1255.66
2025-04-14,Glutamina,9.0,870.83
2025-04-14,Glutamina - Glutamax,2.0,98.6
2025-04-14,Glutamina em Pó,2.0,159.62
2025-04-14,Gold Whey Concentrado Refil,4.0,502.4
2025-04-14,Granola Australia - Low Carb,1.0,32.09
2025-04-14,Grassfed Whey Protein - Concentrado,3.0,411.78
2025-04-14,Guaraná,1.0,18.87
2025-04-14,Immuno Whey,1.0,181.95
2025-04-14,Isofort Plant (Life Vegan),6.0,550.8
2025-04-14,Maca Peruana 600mg,1.0,67.35
2025-04-14,Magnésio - Bio Trimag,2.0,85.56
2025-04-14,Magnésio Dimalato,1.0,45.22
2025-04-14,Magnésio Plus - 350mg,1.0,74.38
2025-04-14,Magnésio Plus 900mg,1.0,77.25
2025-04-14,Melatonina,3.0,133.3
2025-04-14,Melatonina Duo,4.0,182.34
2025-04-14,Melatonina Fast,2.0,92.42
2025-04-14,Melatonina em Gotas,1.0,35.89
2025-04-14,Melatonina em Gummy,1.0,86.63
2025-04-14,Morning Shot - Imunidade,5.0,452.8
2025-04-14,Multivitamínicos - Gummy,1.0,51.38
2025-04-14,NAC 650mg,1.0,50.86
2025-04-14,NAC Acetilcisteína -  600mg,1.0,83.3
2025-04-14,Omegafor Family - Ômega 3,3.0,176.37
2025-04-14,Omegafor Plus,16.0,2673.37
2025-04-14,Palatinose,4.0,194.12
2025-04-14,Palatinose 100% - Carbolift,1.0,75.03
2025-04-14,Pasta de Amendoim,2.0,96.09
2025-04-14,Pasta de Amendoim Integral,1.0,15.99
2025-04-14,Power Coffee,1.0,74.56
2025-04-14,Prebiótico,1.0,61.24
2025-04-14,Probiótico - Simfort Plus,5.0,442.22
2025-04-14,Probióticos em Pó - Simfort,1.0,143.99
2025-04-14,Proteína - Isocrisp Plant Pouch,1.0,57.8
2025-04-14,Proteína Isolada e Hidrolisada - Body Protein,13.0,2415.48
2025-04-14,Proteína Vegana - Veggie Protein,1.0,206.17
2025-04-14,Pré-Treino - V Fort Ultra,1.0,101.48
2025-04-14,Pré-treino - Energyzer & focus,1.0,95.14
2025-04-14,Próbiotico - Purabiotics,1.0,76.5
2025-04-14,Própolis Líquido - Gotas,1.0,31.35
2025-04-14,Própolis Verde 70,1.0,31.97
2025-04-14,Psyllium,4.0,228.48
2025-04-14,Refil Whey 100% Pure,1.0,95.0
2025-04-14,Refil Whey Concentrado - W100,5.0,540.55
2025-04-14,Refil Whey Concentrado Havanna - W100,2.0,216.22
2025-04-14,Refil Whey Protein Concentrado,2.0,332.31
2025-04-14,Salgadinho,2.0,50.58
2025-04-14,Simfort Femme,1.0,86.7
2025-04-14,Simfort fibras,1.0,55.07
2025-04-14,Super Ômega 3,3.0,485.26
2025-04-14,SuperCoffee,12.0,1422.63
2025-04-14,SuperCoffee Língua de gato - Kopenhagen,5.0,701.65
2025-04-14,Suplemento - Beauty Care,1.0,56.12
2025-04-14,Suplemento Alimentar  - Hepatofor,1.0,71.77
2025-04-14,Suplemento Alimentar - Alpha Mater,1.0,113.25
2025-04-14,Suplemento Alimentar - GUARDIAN®,4.0,640.58
2025-04-14,Suplemento Alimentar - Slim Body 400mg,1.0,65.03
2025-04-14,Suplemento de Magnésio - Blue Calm,1.0,97.2
2025-04-14,Suplemento para Cabelos e Unhas - Pillfood,1.0,56.02
2025-04-14,Tasty Whey 3W Gourmet,1.0,163.48
2025-04-14,Termogênico - Lipix6,2.0,177.32
2025-04-14,Termogênico - Termo Plus,4.0,435.6
2025-04-14,Tortinha Proteica,1.0,56.23
2025-04-14,Triptofano Noite,1.0,70.69
2025-04-14,Vitamina B12,12.0,379.04
2025-04-14,Vitamina C,1.0,50.89
2025-04-14,Vitamina C3 - 1000mg,1.0,68.0
2025-04-14,Vitamina D - Vita D3,5.0,219.05
2025-04-14,Vitamina D - Vita D3 + C + Zinco,2.0,108.9
2025-04-14,Vitamina D3,6.0,215.31
2025-04-14,Vitamina D3 + K2,4.0,240.75
2025-04-14,Vitamina D3 + K2 Gotas,2.0,110.74
2025-04-14,Vitamina D3 - 2000 Ui,1.0,30.94
2025-04-14,Vitamina D3 - Ydrosolv,1.0,64.26
2025-04-14,Whey,5.0,1796.9
2025-04-14,Whey - Immuno Golden,1.0,201.96
2025-04-14,Whey - Isocrisp Pouch,1.0,89.0
2025-04-14,Whey 100% - Proteína Concentrada,2.0,249.54
2025-04-14,Whey Concentrado - 100% Whey,1.0,138.11
2025-04-14,Whey Concentrado - W100,3.0,339.0
2025-04-14,Whey Fort 3W,6.0,1160.25
2025-04-14,Whey Isolado - Iso Triple Zero,2.0,359.85
2025-04-14,Whey Protein - Isofort Beauty,2.0,288.28
2025-04-14,Whey Protein Concentrado,17.0,2461.44
2025-04-14,Whey Protein Concentrado Cappuccino 900g DUX,1.0,169.92
2025-04-14,Whey Protein Hidrolisado,2.0,749.7
2025-04-14,Whey Protein Isolado,17.0,3937.45
2025-04-14,Whey Protein Isolado - Isofort,4.0,1078.38
2025-04-14,Whey Tech 100%,10.0,1274.9
2025-04-14,Wheydop ISO,1.0,182.83
2025-04-14,Zinco Quelado,1.0,30.94
2025-04-14,Óleo de Prímula - 500mg,1.0,29.33
2025-04-14,Ômega -  Mega DHA,3.0,258.03
2025-04-14,Ômega - Mega DHA,2.0,401.2
2025-04-14,Ômega 3,3.0,299.18
2025-04-14,Ômega 3  - 1360mg,2.0,379.86
2025-04-14,Ômega 3 - 1360mg,3.0,386.34
2025-04-14,Ômega 3 - EPA DHA - 1000mg,1.0,52.13
2025-04-14,Ômega 3 - Omegafor Memory,1.0,91.58
2025-04-14,Ômega 3 - Pro,1.0,45.22
2025-04-14,Ômega 3 EPA DHA,6.0,445.35
2025-04-14,Ômega 3 Pulse,1.0,114.13
2025-04-14,Ômega 3 Super DHA,3.0,288.21
2025-04-14,Ômega 3 Super DHA - BIG N,6.0,521.1
2025-04-14,Ômega 3 Super DHA BIG,3.0,465.93
2025-04-14,Ômega Golden,2.0,347.82
2025-04-21,100% Whey Flavour,1.0,100.29
2025-04-21,100% Whey Protein - Flavour,6.0,601.74
2025-04-21,100% Whey Pure,1.0,105.63
2025-04-21,Achocolatado - Choco Family - Refil,2.0,71.12
2025-04-21,Achocolatado - Chocoki,3.0,195.03
2025-04-21,Aminoácido - Tryptophan,1.0,49.02
2025-04-21,Aminoácido N-acetil L-cisteína (NAC),4.0,257.4
2025-04-21,Arginofor -  L-Arginina,1.0,94.01
2025-04-21,BT Gel Nitrato com Cafeína,1.0,101.92
2025-04-21,BT Nitrato 400,2.0,269.81
2025-04-21,Barra Chocolate 40%,2.0,49.3
2025-04-21,Barra Chocolate 70%,2.0,49.3
2025-04-21,Barrinha de Chocolate 70%,1.0,32.81
2025-04-21,Barrinha de Chocolate ao Leite,1.0,32.81
2025-04-21,Barrinha de Proteína,22.0,813.52
2025-04-21,Barrinha de Proteína - Best Whey Bar,1.0,52.8
2025-04-21,Barrinha de Proteína - Protein Crisp Bar,1.0,61.23
2025-04-21,Barrinha de Proteína Crunch,1.0,36.85
2025-04-21,Barrinha de Proteína Protein Crisp,4.0,303.27
2025-04-21,Barrinha de Proteínaa Quest Bar - 60g (20g de proteína),1.0,238.0
2025-04-21,Bebida Vegetal,1.0,48.25
2025-04-21,Bebida Vegetal - Golden Immunity,1.0,91.18
2025-04-21,Best Whey Iso,1.0,193.67
2025-04-21,Beta Alanina,3.0,155.89
2025-04-21,Beta Alanina 100%,3.0,167.35
2025-04-21,Beta Alanina Pure,3.0,121.65
2025-04-21,Bio Cálcio  60 caps PURAVIDA,1.0,57.72
2025-04-21,Bio Ferro,3.0,103.8
2025-04-21,Bio Vitamina B12 em gotas,2.0,75.08
2025-04-21,Bio Zinco,2.0,58.5
2025-04-21,Biotina Plus,2.0,79.3
2025-04-21,Biscoito Proteico,3.0,84.15
2025-04-21,Biscoito Proteico - Sublime,1.0,30.98
2025-04-21,Bombom,1.0,33.24
2025-04-21,Brain Focus,1.0,69.28
2025-04-21,Cafeína,1.0,43.22
2025-04-21,Chlorella,1.0,77.97
2025-04-21,Chocolate 66% Cacau,4.0,89.08
2025-04-21,Chá - Deep Mint,1.0,51.02
2025-04-21,Chá - Spicy Fennel,2.0,102.04
2025-04-21,Coenzima Q10,4.0,406.59
2025-04-21,Coenzima Q10  (200mg p/ porção),1.0,185.02
2025-04-21,Coenzima Q10 (200mg p/ porção),7.0,649.13
2025-04-21,Coenzima Q10 + Ômega 3 + Vitamina E,1.0,136.12
2025-04-21,Coenzima Q10 - (100mg p/ porção),6.0,357.0
2025-04-21,Coenzima Q10+ 200mg,1.0,105.26
2025-04-21,Colosfort,1.0,207.06
2025-04-21,Colágeno - Body Collagen Protein,1.0,180.0
2025-04-21,Colágeno - Colagentek,9.0,669.71
2025-04-21,Colágeno - Colagentek II,1.0,84.15
2025-04-21,Colágeno - Colagentek Protein - Bodybalance,4.0,552.64
2025-04-21,Colágeno - Collagen Essential Protein,3.0,578.52
2025-04-21,Colágeno - Collagen Gut,1.0,157.78
2025-04-21,Colágeno - Collagen Pro - Body Suport,3.0,491.94
2025-04-21,Colágeno - Collagen Protein Hidrolisado,6.0,785.16
2025-04-21,Colágeno - Collagen Protein Hidrolisado Berries Silvestres 450g PURAVIDA,4.0,537.92
2025-04-21,Colágeno - Collagen Renew Hidrolisado,1.0,76.43
2025-04-21,Colágeno Collagen Skin,2.0,361.76
2025-04-21,Colágeno Hidrolisado - Collagen Pro 18g,1.0,144.43
2025-04-21,Colágeno Tipo 1 e 2 - Collagen 2 Joint,1.0,150.75
2025-04-21,Colágeno Tipo II - Chondro,1.0,107.13
2025-04-21,Combo com 4 Sachês SuperCoffee,1.0,27.37
2025-04-21,Combo com 6 Barrinhas de Proteína - Bombar,1.0,39.32
2025-04-21,Complexo B,1.0,80.64
2025-04-21,Complexo B 500mg,1.0,31.36
2025-04-21,Creatina,5.0,483.29
2025-04-21,Creatina - Creafort (Creapure),5.0,782.0
2025-04-21,Creatina - Creapure,3.0,395.58
2025-04-21,Creatina 100%,6.0,437.32
2025-04-21,Creatina Monohidratada,27.0,2043.08
2025-04-21,Creatina Monohidratada (Creapure),1.0,178.5
2025-04-21,Creatina Monohidratada - Creatine,3.0,271.08
2025-04-21,Creatina Monohidratada - Hardcore,4.0,347.07
2025-04-21,Creatina Monohidratada em Gummy,1.0,110.41
2025-04-21,Creme de Avelã,1.0,51.17
2025-04-21,Creme de Pistache,1.0,68.0
2025-04-21,Cálcio de Algas 1000mg,2.0,95.94
2025-04-21,Cúrcuma - Curcumagic,1.0,112.56
2025-04-21,Cúrcuma Plus,5.0,306.0
2025-04-21,Energy Gel,4.0,302.03
2025-04-21,Feno Grego,2.0,150.96
2025-04-21,Ferro Quelado 34mg,1.0,26.43
2025-04-21,Ferro Quelato + Vitamina C,6.0,233.2
2025-04-21,Fibras Prébioticas - Prebiotic,2.0,119.2
2025-04-21,Fresh Whey,10.0,1155.69
2025-04-21,Gel Nitrato,1.0,25.83
2025-04-21,Gel Nitrato c/ Cafeína,1.0,34.95
2025-04-21,Gel Nitrato com L-Citrulinilarginina,1.0,37.47
2025-04-21,Glutamina,11.0,678.34
2025-04-21,Glutamina - Glutamax,1.0,65.45
2025-04-21,Glutamina em Pó,4.0,305.88
2025-04-21,Gold Whey Concentrado Refil,6.0,784.19
2025-04-21,Granola - Zero Açúcar,1.0,19.35
2025-04-21,Granola Australia - Low Carb,5.0,151.7
2025-04-21,Grassfed Whey Protein - Concentrado,1.0,137.26
2025-04-21,Immuno Whey,1.0,181.95
2025-04-21,Isofort Plant (Life Vegan),6.0,550.8
2025-04-21,L-Carnitina 530mg,1.0,85.68
2025-04-21,L-Taurina - 1.000mg,1.0,32.13
2025-04-21,Leite de Coco em Pó - Coco Cream,2.0,105.26
2025-04-21,Maca Peruana,2.0,86.42
2025-04-21,Magnésio,1.0,41.79
2025-04-21,Magnésio - Bio Trimag,5.0,213.9
2025-04-21,Magnésio - Inositol Relief 3.0,1.0,149.25
2025-04-21,Magnésio Plus - 350mg,1.0,74.38
2025-04-21,Magnésio Quelato - Bio Mag,1.0,53.46
2025-04-21,Melatonina,1.0,32.3
2025-04-21,Melatonina - Sleepfor,1.0,68.64
2025-04-21,Melatonina Duo,1.0,47.69
2025-04-21,Morning Shot - Imunidade,4.0,363.55
2025-04-21,Multivitaminico  - Imunomult- 1000mg,1.0,113.86
2025-04-21,Nitro 400,2.0,238.06
2025-04-21,Nootrópico - Brain Up,1.0,137.3
2025-04-21,Omegafor Family - Ômega 3,4.0,235.16
2025-04-21,Omegafor Plus,12.0,2146.09
2025-04-21,Palatinose,4.0,192.8
2025-04-21,Pasta de Amendoim,1.0,51.75
2025-04-21,Pasta de Amendoim Granulado,1.0,20.22
2025-04-21,Pasta de Castanha de Caju,1.0,29.75
2025-04-21,Paçoquinha,1.0,22.73
2025-04-21,Pre-Workout - DiaboVerde,1.0,78.43
2025-04-21,Prebiótico,1.0,61.24
2025-04-21,Probiótico - Simfort Plus,3.0,272.04
2025-04-21,Probióticos em Pó - Simfort,6.0,211.92
2025-04-21,Proteína - Isocrisp Plant Pouch,3.0,173.4
2025-04-21,Proteína Isolada e Hidrolisada - Body Protein,6.0,1101.31
2025-04-21,Proteína Isolada e Hidrolisada - Body Protein Red,1.0,185.05
2025-04-21,Pré-Treino,4.0,335.88
2025-04-21,Pré-Treino - Beta Action,2.0,350.62
2025-04-21,Pré-Treino - V Fort Ultra,2.0,202.96
2025-04-21,Pré-treino - Energy Kick Caffeine,1.0,112.35
2025-04-21,Pré-treino - Energyzer & focus,1.0,95.14
2025-04-21,Pré-treino - Pre Workout,1.0,121.36
2025-04-21,Próbiotico - Purabiotics,1.0,76.5
2025-04-21,Própolis - Green Própolis,1.0,60.49
2025-04-21,Própolis Líquido - Gotas,1.0,31.35
2025-04-21,Própolis Trio,2.0,129.9
2025-04-21,Própolis Verde - Premium 10mg,2.0,129.2
2025-04-21,Própolis Verde 70,1.0,31.97
2025-04-21,Psyllium,5.0,241.91
2025-04-21,Quercetina,1.0,67.77
2025-04-21,Refil 100% Whey Protein - Flavour,1.0,102.21
2025-04-21,Refil Whey 100% Pure,3.0,395.31
2025-04-21,Refil Whey Concentrado - W100,4.0,432.44
2025-04-21,Refil Whey Concentrado Havanna - W100,7.0,743.66
2025-04-21,Refil Whey Protein Concentrado,2.0,332.34
2025-04-21,Resveratrol,1.0,71.1
2025-04-21,Salgadinho,2.0,53.29
2025-04-21,Shot Matinal,1.0,65.12
2025-04-21,Simfort Ultra,1.0,70.0
2025-04-21,Simfort fibras,8.0,440.56
2025-04-21,Sleep,4.0,555.96
2025-04-21,Super Ômega 3,4.0,599.14
2025-04-21,SuperCoffee,14.0,1539.0
2025-04-21,SuperCoffee Língua de gato - Kopenhagen,1.0,140.33
2025-04-21,Suplemento - Beauty Care,1.0,56.12
2025-04-21,Suplemento - Laranja Moro,1.0,72.18
2025-04-21,Suplemento - Super Sono,1.0,93.86
2025-04-21,Suplemento Alimentar  - Hepatofor,3.0,221.84
2025-04-21,Suplemento Alimentar -  Brain Sports,1.0,78.63
2025-04-21,Suplemento Alimentar - Alpha Mater,2.0,226.5
2025-04-21,Suplemento Alimentar - GUARDIAN®,1.0,158.02
2025-04-21,Suplemento Alimentar - Moreflex,1.0,119.0
2025-04-21,Suplemento Alimentar - Pura Fiber,1.0,65.0
2025-04-21,Suplemento de Magnésio - Blue Calm,1.0,71.31
2025-04-21,Tablete de Doce,6.0,147.69
2025-04-21,Tasty Whey 3W Gourmet,2.0,379.8
2025-04-21,Termogênico - Lipix6,2.0,141.61
2025-04-21,Trio Magnésio 720mg,3.0,159.51
2025-04-21,Ultracoffee - Vegano,1.0,75.93
2025-04-21,Vegan Ômega 3 DHA,1.0,117.16
2025-04-21,Vitamina - Good Mood,1.0,59.47
2025-04-21,Vitamina B12,2.0,62.59
2025-04-21,Vitamina C,1.0,50.89
2025-04-21,Vitamina C3 - 1000mg,2.0,110.25
2025-04-21,Vitamina D - Vita D3,4.0,172.65
2025-04-21,Vitamina D - Vita D3 + C + Zinco,5.0,272.25
2025-04-21,Vitamina D3,4.0,127.24
2025-04-21,Vitamina D3 + K2,2.0,123.18
2025-04-21,Vitamina D3 - 2000 Ui,1.0,30.94
2025-04-21,Vitamina D3 Synergy,1.0,59.5
2025-04-21,Whey,5.0,1430.08
2025-04-21,Whey 3W,2.0,301.9
2025-04-21,Whey Concentrado - 100% Whey,1.0,138.11
2025-04-21,Whey Concentrado - W100,1.0,113.0
2025-04-21,Whey Fort 3W,3.0,473.25
2025-04-21,Whey Isolado - Iso Triple Zero,1.0,187.36
2025-04-21,Whey Protein - CLEANPRO,1.0,132.93
2025-04-21,Whey Protein - Isofort Beauty,3.0,422.6
2025-04-21,Whey Protein Concentrado,18.0,2951.76
2025-04-21,Whey Protein Concentrado Cappuccino 900g DUX,1.0,169.92
2025-04-21,Whey Protein Isolado,10.0,2569.45
2025-04-21,Whey Protein Isolado - Isofort,4.0,1114.84
2025-04-21,Whey Protein Isolado - Purajuice,1.0,130.03
2025-04-21,Whey Tech 100%,6.0,764.94
2025-04-21,Zinco,2.0,54.0
2025-04-21,Óleo de Krill,1.0,119.2
2025-04-21,Ômega -  Mega DHA,2.0,172.02
2025-04-21,Ômega - Mega DHA,1.0,200.6
2025-04-21,Ômega 3,1.0,70.0
2025-04-21,Ômega 3 - 1360mg,1.0,128.78
2025-04-21,Ômega 3 - EPA DHA - 1000mg,4.0,295.28
2025-04-21,Ômega 3 - Omegafor Memory,1.0,91.58
2025-04-21,Ômega 3 - Ultra Caps 1000mg,1.0,119.71
2025-04-21,Ômega 3 DHA,2.0,237.76
2025-04-21,Ômega 3 EPA DHA,10.0,713.62
2025-04-21,Ômega 3 Pulse,2.0,228.26
2025-04-21,Ômega 3 Super DHA - BIG N,1.0,86.85
2025-04-21,Ômega DHA,1.0,160.35
2025-04-21,Ômega Golden,2.0,347.82
2025-04-28,100% Whey Protein - Flavour,4.0,401.16
2025-04-28,100% Whey Pure,4.0,551.04
2025-04-28,Achocolatado - Chocoki,1.0,81.63
2025-04-28,Aminoácido - Aminovita,1.0,120.7
2025-04-28,Aminoácido - BCAA - Glyco HD,2.0,46.78
2025-04-28,Aminoácido N-acetil L-cisteína (NAC),1.0,64.35
2025-04-28,Antioxidante - Luteína e Zeaxantina,1.0,59.14
2025-04-28,Arginofor -  L-Arginina,1.0,94.01
2025-04-28,BT Nitrato,2.0,201.22
2025-04-28,BT Nitrato 400,3.0,456.56
2025-04-28,Barrinha - Body Protein,4.0,160.0
2025-04-28,Barrinha de Proteína,1.0,137.7
2025-04-28,Barrinha de Proteína - Protein Crisp Bar,4.0,244.92
2025-04-28,Barrinha de Proteína Best Whey 49g (12g de Proteína),1.0,99.44
2025-04-28,Barrinha de Proteína Cleanpro Bar,1.0,93.86
2025-04-28,Barrinha de Proteína Protein Crisp,1.0,73.95
2025-04-28,Barrinhas de Proteína Crunch,1.0,132.6
2025-04-28,Bebida Vegetal em Pó - Vegan Delight,1.0,67.16
2025-04-28,Beef Protein,4.0,775.66
2025-04-28,Best Whey,4.0,680.4
2025-04-28,Beta Alanina,2.0,104.72
2025-04-28,Bio Cálcio  60 caps PURAVIDA,2.0,115.44
2025-04-28,Bio Ferro,2.0,75.08
2025-04-28,Bio Vitamina B12 em gotas,5.0,187.7
2025-04-28,Bio Zinco,6.0,159.82
2025-04-28,Biotina Plus,1.0,39.65
2025-04-28,Body Protein Vegano,1.0,126.43
2025-04-28,BodyBalance - Muscle Synergy,1.0,196.35
2025-04-28,Bombom,1.0,33.24
2025-04-28,"Boraprim - Borragem, Prímula e Gergelim",3.0,215.17
2025-04-28,Cafeína - Caffeinex 200,1.0,31.5
2025-04-28,Coenzima Q10,3.0,229.83
2025-04-28,Coenzima Q10  (200mg p/ porção),2.0,370.04
2025-04-28,Coenzima Q10 (200mg p/ porção),6.0,581.4
2025-04-28,Coenzima Q10 + Ômega 3 + Vitamina E,2.0,250.19
2025-04-28,Coenzima Q10 - (100mg p/ porção),3.0,201.88
2025-04-28,Coenzima Q10 200mg,2.0,182.24
2025-04-28,Coffee - Brainstorm,1.0,100.27
2025-04-28,Colágeno - Body Collagen Protein,3.0,479.7
2025-04-28,Colágeno - Colagentek,3.0,230.19
2025-04-28,Colágeno - Colagentek Protein - Bodybalance,6.0,859.82
2025-04-28,Colágeno - Collagen Bones,1.0,150.83
2025-04-28,Colágeno - Collagen Essential Protein,4.0,754.36
2025-04-28,Colágeno - Collagen Gut,1.0,148.97
2025-04-28,Colágeno - Collagen Protein Hidrolisado,4.0,547.58
2025-04-28,Colágeno - Collagen Protein Hidrolisado Berries Silvestres 450g PURAVIDA,1.0,134.48
2025-04-28,Colágeno - Collagen Renew Hidrolisado,4.0,305.72
2025-04-28,Colágeno - Collagen Tipo II 40mg,2.0,135.88
2025-04-28,Colágeno - Multi Collagen,1.0,139.35
2025-04-28,Colágeno Hidrolisado - Collagen Pro 18g,1.0,144.43
2025-04-28,Colágeno Tipo II,5.0,269.85
2025-04-28,Complexo B,1.0,80.64
2025-04-28,Complexo B 500mg,1.0,31.36
2025-04-28,Creatina,2.0,241.53
2025-04-28,Creatina - Creafort (Creapure),5.0,802.0
2025-04-28,Creatina - Creapure,2.0,322.24
2025-04-28,Creatina - Gummy,2.0,305.82
2025-04-28,Creatina 100%,3.0,251.49
2025-04-28,Creatina Micronizada,1.0,228.24
2025-04-28,Creatina Monohidratada,34.0,2595.79
2025-04-28,Creatina Monohidratada (Creapure),3.0,548.92
2025-04-28,Creatina Monohidratada - Creatine,2.0,180.72
2025-04-28,Creatina Monohidratada - Hardcore,2.0,170.19
2025-04-28,Creatina Premium - Creapure,1.0,199.36
2025-04-28,Cúrcuma,1.0,71.53
2025-04-28,Cúrcuma 500mg,3.0,252.96
2025-04-28,Cúrcuma Plus,5.0,269.0
2025-04-28,Enzima - Enzyfor,1.0,68.0
2025-04-28,Enzima Lactase - Laczyme,1.0,66.83
2025-04-28,Enzimas Enzyfor,1.0,117.81
2025-04-28,Extrato de Laranja Moro 400mg,1.0,96.75
2025-04-28,Ferro - Ydrosolv,1.0,78.54
2025-04-28,Ferro Quelado 34mg,1.0,26.43
2025-04-28,Ferro Quelato + Vitamina C,1.0,38.8
2025-04-28,Fibras Prébioticas - Prebiotic,2.0,119.2
2025-04-28,Fresh Whey,8.0,1118.52
2025-04-28,Glutamina,6.0,353.28
2025-04-28,Glutamina - Glutamax,1.0,65.45
2025-04-28,Glutamina em Pó,1.0,73.13
2025-04-28,Gold Whey Concentrado Refil,1.0,156.19
2025-04-28,Granola - Zero Açúcar,1.0,19.35
2025-04-28,Immuno Whey,1.0,181.95
2025-04-28,Isofort Plant (Life Vegan),2.0,183.6
2025-04-28,Laranja Moro - Moroskinny,1.0,100.5
2025-04-28,MCT com AGE,1.0,49.3
2025-04-28,Maca Peruana,1.0,43.21
2025-04-28,Magnésio - 3MAG - Pool de Magnésio,1.0,61.97
2025-04-28,Magnésio - Bio Trimag,13.0,556.14
2025-04-28,Magnésio - Inositol Relief 3.0,1.0,149.25
2025-04-28,Magnésio - Mag 5 Complex,4.0,240.4
2025-04-28,Magnésio Inositol,2.0,279.06
2025-04-28,Magnésio Plus - 350mg,2.0,148.76
2025-04-28,Magnésio Plus 900mg,1.0,77.25
2025-04-28,Magnésio Quelato - Bio Mag,1.0,53.46
2025-04-28,Melatonina,2.0,73.34
2025-04-28,Melatonina - Sleepfor,1.0,68.64
2025-04-28,Morning Shot - Imunidade,2.0,176.46
2025-04-28,Nitro 400,1.0,119.03
2025-04-28,Omegafor Family - Ômega 3,1.0,104.13
2025-04-28,Omegafor Plus,14.0,2160.18
2025-04-28,Omegafor Vision,1.0,96.63
2025-04-28,Palatinose,6.0,298.02
2025-04-28,Palatinose - Paladop,1.0,47.78
2025-04-28,Pasta de Amendoim,2.0,73.06
2025-04-28,Pasta de Amendoim Integral,3.0,47.97
2025-04-28,Pasta de Castanha de Caju,1.0,29.25
2025-04-28,Pre-Workout - DiaboVerde,1.0,78.43
2025-04-28,Probiótico - Simfort Plus,3.0,200.05
2025-04-28,Profem - Óleo de Prímula,1.0,84.15
2025-04-28,Proteína Isolada e Hidrolisada - Body Protein,8.0,1480.4
2025-04-28,Proteína Isolada e Hidrolisada - Body Protein Red,4.0,752.94
2025-04-28,Proteína Vegana - Vegan Tasty,1.0,109.74
2025-04-28,Proteína Vegetal - Vegan Tasty,1.0,110.77
2025-04-28,Pré-Treino,4.0,312.36
2025-04-28,Pré-Treino - Beta Action,3.0,525.93
2025-04-28,Pré-Treino - V Fort Ultra,1.0,101.48
2025-04-28,Pré-Treino Energy ATP®,1.0,185.9
2025-04-28,Pré-treino,1.0,146.93
2025-04-28,Pré-treino - Energyzer & focus,1.0,95.14
2025-04-28,Própolis - Green Própolis,1.0,60.49
2025-04-28,Própolis Líquido - Gotas,2.0,62.7
2025-04-28,Própolis Verde - Premium 10mg,3.0,193.8
2025-04-28,Própolis Verde - Propomax,2.0,52.52
2025-04-28,Psyllium,4.0,227.8
2025-04-28,Refil 100% Whey - Tasty Iso,1.0,373.91
2025-04-28,Refil Whey 100% Pure,2.0,263.54
2025-04-28,Refil Whey Concentrado - W100,8.0,825.55
2025-04-28,Refil Whey Concentrado Havanna - W100,2.0,216.22
2025-04-28,Refil Whey Protein - 3W,3.0,465.56
2025-04-28,Resveratrol - Resveramax,1.0,151.11
2025-04-28,Resveratrol Plus - 165mg,3.0,289.59
2025-04-28,Salgadinho,1.0,25.29
2025-04-28,Simfort Femme,1.0,86.7
2025-04-28,Simfort Ultra,2.0,140.0
2025-04-28,Sleep,4.0,415.8
2025-04-28,Spirulina 400mg,1.0,83.85
2025-04-28,Super Café - Desincoffee,1.0,93.86
2025-04-28,Super Ômega 3,6.0,1112.44
2025-04-28,SuperCoffee,9.0,912.06
2025-04-28,SuperCoffee Língua de gato - Kopenhagen,2.0,280.66
2025-04-28,Suplemento - Super Sono,1.0,93.86
2025-04-28,Suplemento Alimentar - Alpha Mater,3.0,339.75
2025-04-28,Suplemento Alimentar - Alpha Women,1.0,125.56
2025-04-28,"Suplemento Alimentar - Cabelo, Unha e Pele - Beauty +",1.0,98.29
2025-04-28,Suplemento Alimentar - GUARDIAN®,1.0,158.02
2025-04-28,Suplemento Alimentar - L-teanina - Happy Theanine,1.0,104.72
2025-04-28,Suplemento Alimentar - Moreflex,1.0,119.0
2025-04-28,Suplemento Alimentar - Pura Fiber,2.0,130.0
2025-04-28,Suplemento de Magnésio - Blue Calm,1.0,161.47
2025-04-28,Tablete de Doce,1.0,22.1
2025-04-28,Tasty Whey 3W Gourmet,4.0,653.92
2025-04-28,Termogênico - Lipix6,3.0,255.26
2025-04-28,Termogênico - Termo Plus,1.0,108.9
2025-04-28,Triptofano Noite,1.0,70.69
2025-04-28,Ultracoffee - Vegano,2.0,151.86
2025-04-28,Vitamina B12,3.0,126.35
2025-04-28,Vitamina C - Bio Vit C+,1.0,33.27
2025-04-28,Vitamina D - Vita D3,8.0,354.55
2025-04-28,Vitamina D - Vita D3 + C + Zinco,6.0,321.55
2025-04-28,Vitamina D em Gotas - Kids,1.0,35.83
2025-04-28,Vitamina D3 + K2,2.0,123.18
2025-04-28,Vitamina D3 + K2 Gotas,2.0,110.74
2025-04-28,Vitamina D3 Synergy,2.0,119.0
2025-04-28,Whey,2.0,718.76
2025-04-28,Whey 3W,1.0,150.95
2025-04-28,Whey Fort 3W,3.0,497.25
2025-04-28,Whey Isolado - Garrafinha,1.0,18.99
2025-04-28,Whey Isolado - Iso Triple Zero,1.0,187.36
2025-04-28,Whey Protein - 3W - The Whey,1.0,121.33
2025-04-28,Whey Protein - CLEANPRO,3.0,398.79
2025-04-28,Whey Protein - Isofort Beauty,3.0,422.66
2025-04-28,Whey Protein 3W,2.0,306.34
2025-04-28,Whey Protein Concentrado,25.0,4081.42
2025-04-28,Whey Protein Concentrado Cappuccino 900g DUX,1.0,169.92
2025-04-28,Whey Protein Isolado,17.0,4550.33
2025-04-28,Whey Protein Isolado - Isofort,3.0,862.66
2025-04-28,Whey Protein Isolado - Tasty Iso,1.0,241.34
2025-04-28,Whey Tech 100%,5.0,614.21
2025-04-28,Ômega 3,3.0,210.0
2025-04-28,Ômega 3 - 1360mg,2.0,257.56
2025-04-28,Ômega 3 - EPA DHA - 1000mg,7.0,469.55
2025-04-28,Ômega 3 - Omegafor Memory,1.0,100.57
2025-04-28,Ômega 3 - Ultra Caps 1000mg,2.0,239.42
2025-04-28,Ômega 3 - Vision Care,1.0,61.2
2025-04-28,Ômega 3 DHA,1.0,118.88
2025-04-28,Ômega 3 EPA DHA,11.0,738.09
2025-04-28,Ômega 3 Pulse,4.0,456.52
2025-04-28,Ômega 3 Super DHA - BIG N,3.0,260.55
2025-04-28,Ômega Beauty,1.0,62.82
2025-04-28,Ômega Golden,2.0,333.32
2025-05-05,#Whey Fort 3W,1.0,165.75
2025-05-05,100% Whey Protein - Flavour,7.0,702.03
2025-05-05,100% Whey Pure,3.0,413.28
2025-05-05,Achocolatado - Choco Family - Refil,1.0,35.56
2025-05-05,Achocolatado - Chocoki,1.0,81.63
2025-05-05,Aminoácido - Aminovita,2.0,241.4
2025-05-05,Aminoácido N-acetil L-cisteína (NAC),4.0,243.91
2025-05-05,Aminoácidos - Aminnu EAAs,1.0,185.9
2025-05-05,BT Nitrato,1.0,100.61
2025-05-05,BT Nitrato 400,2.0,299.81
2025-05-05,Barrinha - Body Protein,2.0,80.0
2025-05-05,Barrinha de Chocolate Branco,1.0,32.81
2025-05-05,Barrinha de Proteína,9.0,736.98
2025-05-05,Barrinha de Proteína - Protein Crisp Bar,3.0,183.69
2025-05-05,Barrinha de Proteína - YoPRO,1.0,94.86
2025-05-05,Barrinha de Proteína Choco Wheyfer,1.0,27.72
2025-05-05,Barrinha de Proteína Collagen Bar,2.0,202.28
2025-05-05,Barrinha de Proteína Protein Crisp,1.0,72.0
2025-05-05,Barrinha de Proteína Whey Grego - Havanna,1.0,109.24
2025-05-05,Bebida Vegetal,1.0,48.25
2025-05-05,Bebida Vegetal em Pó - Vegan Delight,1.0,67.16
2025-05-05,Best Whey Iso,2.0,387.34
2025-05-05,Beta Alanina,1.0,51.17
2025-05-05,Beta Alanina 100%,2.0,86.7
2025-05-05,Beta Alanina Pure,2.0,81.1
2025-05-05,Bio Ferro,3.0,112.62
2025-05-05,Bio Vitamina B12 em gotas,2.0,75.08
2025-05-05,Bio Zinco,1.0,25.62
2025-05-05,Blend de Chá - Digestivo,1.0,24.85
2025-05-05,BodyBalance - Muscle Synergy,1.0,196.35
2025-05-05,Bombom,1.0,33.24
2025-05-05,"Boraprim - Borragem, Prímula e Gergelim",5.0,391.26
2025-05-05,Cafeína,2.0,86.44
2025-05-05,Chlorella,1.0,77.97
2025-05-05,Chocolate 70% Cacau,1.0,23.38
2025-05-05,Chocolate 85% Cacau,1.0,23.38
2025-05-05,Chocolate ao Leite - Marshmallow,1.0,29.49
2025-05-05,Chá Sublime - Brisa,1.0,18.0
2025-05-05,Chá Vitatea,1.0,58.17
2025-05-05,Coenzima  Q10 - 100mg,2.0,166.66
2025-05-05,Coenzima Q10,4.0,305.28
2025-05-05,Coenzima Q10  (200mg p/ porção),2.0,346.52
2025-05-05,Coenzima Q10 (200mg p/ porção),1.0,96.9
2025-05-05,Coenzima Q10 + Ômega 3 + Vitamina E,6.0,772.62
2025-05-05,Coenzima Q10 - (100mg p/ porção),2.0,119.0
2025-05-05,Coffee - Brainstorm,1.0,100.27
2025-05-05,Colágeno -  Collagen Gut,1.0,157.78
2025-05-05,Colágeno - Colagentek,4.0,306.92
2025-05-05,Colágeno - Colagentek Beauty,1.0,94.46
2025-05-05,Colágeno - Colagentek II,6.0,504.9
2025-05-05,Colágeno - Colagentek Protein - Bodybalance,9.0,1305.16
2025-05-05,Colágeno - Collagen Essential Protein,1.0,192.84
2025-05-05,Colágeno - Collagen Gut,2.0,315.56
2025-05-05,Colágeno - Collagen Pro - Body Suport,1.0,163.98
2025-05-05,Colágeno - Collagen Protein Hidrolisado,2.0,273.22
2025-05-05,Colágeno - Collagen Renew Hidrolisado,2.0,152.86
2025-05-05,Colágeno - Multi Collagen,1.0,139.35
2025-05-05,Colágeno Hidrolisado - Collagen Pro 18g,5.0,722.15
2025-05-05,Colágeno Tipo II,2.0,107.94
2025-05-05,Colágeno Tipo II - Artro Aid,2.0,178.36
2025-05-05,Colágeno tipo 2 - Colagentek II,1.0,84.15
2025-05-05,Complexo B 500mg,1.0,31.36
2025-05-05,Cranberry,1.0,34.88
2025-05-05,Creatina,8.0,672.89
2025-05-05,Creatina - Creafort (Creapure),10.0,1385.0
2025-05-05,Creatina - Creapure,1.0,161.12
2025-05-05,Creatina - Gummies,1.0,99.0
2025-05-05,Creatina 100%,10.0,772.64
2025-05-05,Creatina 100% Pure,1.0,107.04
2025-05-05,Creatina Monohidratada,22.0,1676.53
2025-05-05,Creatina Monohidratada (Creapure),3.0,562.34
2025-05-05,Creatina Monohidratada - Creatine,9.0,809.95
2025-05-05,Creatina Monohidratada - Hardcore,4.0,347.07
2025-05-05,Creatina Premium - Creapure,2.0,416.11
2025-05-05,Creatina- Creapure,1.0,207.4
2025-05-05,Cromo Picolinato - 250mg,4.0,98.08
2025-05-05,Cálcio de Algas 1000mg,1.0,47.97
2025-05-05,Cúrcuma,1.0,71.53
2025-05-05,Cúrcuma 500mg,1.0,84.32
2025-05-05,Cúrcuma Plus,8.0,452.6
2025-05-05,Energy Gel,2.0,143.57
2025-05-05,Enzima Lactase - Laczyme,1.0,66.83
2025-05-05,Enzimas Enzyfor,4.0,471.24
2025-05-05,Extrato de Laranja Moro 400mg,1.0,84.32
2025-05-05,Farinha de Aveia,2.0,25.28
2025-05-05,Feno Grego,1.0,75.48
2025-05-05,Ferro - Ydrosolv,2.0,157.08
2025-05-05,Ferro Quelato + Vitamina C,1.0,38.8
2025-05-05,Fibras - Fiberlift,1.0,111.65
2025-05-05,Fibras Prébioticas - Prebiotic,1.0,59.6
2025-05-05,Fresh Vegan,1.0,145.22
2025-05-05,Fresh Whey,16.0,1865.91
2025-05-05,Gel Nitrato,5.0,129.15
2025-05-05,Gel Nitrato com L-Citrulinilarginina,3.0,112.41
2025-05-05,Glutamina,2.0,119.6
2025-05-05,Glutamina - Glutamax Refil,1.0,105.91
2025-05-05,Glutamina Isolates,1.0,54.12
2025-05-05,Glutamina em Pó,2.0,172.98
2025-05-05,Gold Whey Concentrado Refil,5.0,658.59
2025-05-05,Granola - Sem Glúten,1.0,19.35
2025-05-05,Granola Australia - Low Carb,1.0,30.34
2025-05-05,Granola Coconut,1.0,33.97
2025-05-05,Grassfed Whey Protein,1.0,223.95
2025-05-05,Hipercalórico - Creamass,1.0,97.93
2025-05-05,Hipercalórico - Monsterone,1.0,92.59
2025-05-05,Immuno Whey,1.0,181.95
2025-05-05,Isofort Plant (Life Vegan),3.0,275.4
2025-05-05,L-Carnitina 530mg,2.0,171.36
2025-05-05,L-Taurina - 1.000mg,2.0,100.3
2025-05-05,Leite de Coco em Pó - Coco Cream,1.0,52.63
2025-05-05,Maca Peruana,2.0,100.21
2025-05-05,Maca Peruana 2000mg,2.0,132.86
2025-05-05,Magnésio,3.0,125.37
2025-05-05,Magnésio - Inositol Relief 3.0,1.0,149.25
2025-05-05,Magnésio Dimalato,2.0,90.44
2025-05-05,Magnésio Inositol,3.0,425.9
2025-05-05,Magnésio Plus - 350mg,1.0,74.38
2025-05-05,Magnésio Plus 900mg,1.0,81.75
2025-05-05,Magnésio Quelato - Bio Mag,1.0,53.46
2025-05-05,Massa Alimentícia de Fibra,1.0,24.3
2025-05-05,Matchá - Chá Verde em Pó,1.0,73.38
2025-05-05,Melatonina,1.0,39.42
2025-05-05,Melatonina Duo,2.0,95.38
2025-05-05,Melatonina Duo Harmony,1.0,103.78
2025-05-05,Melatonina em Gotas,1.0,35.89
2025-05-05,Morning Shot - Imunidade,2.0,203.84
2025-05-05,Multivitaminico  - Imunomult- 1000mg,5.0,569.3
2025-05-05,Multivitamínico - Vitalift,1.0,143.75
2025-05-05,Nitro 400,1.0,193.03
2025-05-05,Omegafor Family - Ômega 3,3.0,312.39
2025-05-05,Omegafor Plus,12.0,2112.18
2025-05-05,Omegafor Vision,1.0,96.63
2025-05-05,Palatinose,7.0,361.72
2025-05-05,Pasta de Amendoim,4.0,106.1
2025-05-05,Pasta de Amendoim Granulado,1.0,20.22
2025-05-05,Pasta de Amendoim Integral,1.0,15.99
2025-05-05,Picolinato de Cromo - 250mg,1.0,23.0
2025-05-05,Power Coffee,1.0,74.56
2025-05-05,Pre-Workout - DiaboVerde,1.0,78.43
2025-05-05,Prebiótico,1.0,61.24
2025-05-05,Probiótico - Simfort Plus,6.0,306.84
2025-05-05,Probióticos em Pó - Simfort,3.0,257.85
2025-05-05,Profem - Óleo de Prímula,2.0,189.78
2025-05-05,Proteina Vegetal,1.0,133.06
2025-05-05,Proteina Vegetal - True Vegan,1.0,175.7
2025-05-05,Proteína Isolada e Hidrolisada - Body Protein,13.0,2415.48
2025-05-05,Proteína Isolada e Hidrolisada - Body Protein Red,2.0,370.1
2025-05-05,Proteína Vegana - Immuno Veggie,1.0,188.5
2025-05-05,Proteína Vegana - Veggie Protein,1.0,193.63
2025-05-05,Proteína Vegetal - Vegan Protein,1.0,102.59
2025-05-05,Pré-Treino,2.0,156.18
2025-05-05,Pré-Treino - Punk Pump,1.0,80.0
2025-05-05,Pré-Treino - WarmUp Ultra,1.0,98.03
2025-05-05,Pré-treino,1.0,146.93
2025-05-05,Pré-treino - Energy Kick,1.0,112.35
2025-05-05,Pré-treino - Energy Kick Caffeine,1.0,112.35
2025-05-05,Pré-treino - Taken,1.0,90.72
2025-05-05,Pré-treino - Égide,1.0,115.15
2025-05-05,Pré-treino Exquenta,1.0,152.99
2025-05-05,Próbiotico - Purabiotics,1.0,76.5
2025-05-05,Própolis - Green Própolis,2.0,120.98
2025-05-05,Própolis Alcoólico,1.0,26.26
2025-05-05,Própolis Líquido - Gotas,3.0,94.05
2025-05-05,Própolis Verde,1.0,47.59
2025-05-05,Própolis Verde - Propomax,4.0,105.04
2025-05-05,Psyllium,11.0,669.29
2025-05-05,Refil 100% Whey Protein - Flavour,1.0,102.21
2025-05-05,Refil Whey 100% Pure,5.0,511.77
2025-05-05,Refil Whey Concentrado - W100,2.0,216.22
2025-05-05,Refil Whey Concentrado Havanna - W100,2.0,216.22
2025-05-05,Refil Whey Protein - 3W,2.0,352.16
2025-05-05,Refil Whey Protein Concentrado,1.0,166.17
2025-05-05,Repositor Energético - Glyco Fuel,1.0,81.76
2025-05-05,Resveratrol Plus - 165mg,1.0,129.28
2025-05-05,Salgadinho,3.0,75.87
2025-05-05,Shot Matinal,1.0,65.12
2025-05-05,Sleep,4.0,555.96
2025-05-05,Super Ômega 3,8.0,1279.62
2025-05-05,SuperCoffee,10.0,1189.78
2025-05-05,SuperCoffee Língua de gato - Kopenhagen,5.0,701.65
2025-05-05,Suplemento - Hyaluronic Hair,1.0,66.73
2025-05-05,Suplemento - Laranja Moro,1.0,72.18
2025-05-05,Suplemento Alimentar  - Hepatofor,1.0,71.77
2025-05-05,Suplemento Alimentar - Alpha Inflaminus,1.0,122.81
2025-05-05,Suplemento Alimentar - Alpha Men,2.0,233.86
2025-05-05,"Suplemento Alimentar - Cabelo, Unha e Pele - Supreme Beauty",1.0,141.58
2025-05-05,Suplemento Alimentar - GUARDIAN®,3.0,482.56
2025-05-05,Suplemento Alimentar - L-teanina - Happy Theanine,1.0,104.72
2025-05-05,Suplemento Alimentar - Slim Body 400mg,2.0,130.06
2025-05-05,Suplemento Alimentar - True Nac,2.0,98.3
2025-05-05,Suplemento de Magnésio - Blue Calm,7.0,615.22
2025-05-05,Tablete de Doce,1.0,22.1
2025-05-05,Tasty Whey 3W Gourmet,4.0,653.92
2025-05-05,Termogênico - Termo Plus,3.0,326.7
2025-05-05,Thermo Caps - DiaboVerde,1.0,39.38
2025-05-05,Trio Magnésio 720mg,1.0,53.17
2025-05-05,Triptofano Noite,3.0,212.07
2025-05-05,Ultracoffee - Vegano,3.0,238.48
2025-05-05,Vegan Protein - Vegano,2.0,212.1
2025-05-05,Vinagre de Maçã Orgânico,1.0,31.87
2025-05-05,Vitamina - Good Mood,1.0,59.47
2025-05-05,Vitamina B12,9.0,312.79
2025-05-05,Vitamina B9 - Ácido Fólico,1.0,61.52
2025-05-05,Vitamina C - Bio Vit C+,3.0,99.81
2025-05-05,Vitamina C - VIT C 4 Protect,1.0,121.97
2025-05-05,Vitamina C3 - 1000mg,1.0,42.25
2025-05-05,Vitamina D - Vita D3,9.0,393.55
2025-05-05,Vitamina D - Vita D3 + C + Zinco,5.0,258.81
2025-05-05,Vitamina D3,3.0,95.43
2025-05-05,Vitamina D3 + K2,2.0,135.23
2025-05-05,Vitamina D3 + K2 Gotas,1.0,55.37
2025-05-05,Vitamina D3 - Ydrosolv,1.0,64.26
2025-05-05,Vitamina D3 Synergy,2.0,119.0
2025-05-05,"Vitaminas A, E, D e K2- RESTAURE® - Gotas",1.0,158.8
2025-05-05,Whey,2.0,533.29
2025-05-05,Whey - Immuno Golden,3.0,605.88
2025-05-05,Whey - Isocrisp Pouch,2.0,178.0
2025-05-05,Whey 3W,2.0,301.9
2025-05-05,Whey 3W - Delicious,1.0,138.24
2025-05-05,Whey Fort 3W,15.0,2486.25
2025-05-05,Whey Isolado - Iso Triple Zero,1.0,187.36
2025-05-05,Whey Isolado e Hidrolisado - H.I Whey,2.0,403.92
2025-05-05,Whey Protein 3W,1.0,153.17
2025-05-05,Whey Protein Concentrado,36.0,6149.16
2025-05-05,Whey Protein Crisp - Isocrisp,1.0,38.37
2025-05-05,Whey Protein Isolado,8.0,2257.69
2025-05-05,Whey Protein Isolado - Isofort,1.0,278.71
2025-05-05,Whey Protein Isolado - Tasty Iso,2.0,509.72
2025-05-05,Whey Tech 100%,4.0,509.96
2025-05-05,Whey hidrolisado e isolado,2.0,463.98
2025-05-05,Wheydop ISO,2.0,365.66
2025-05-05,Zinco,1.0,43.51
2025-05-05,Óleo de Krill,1.0,162.56
2025-05-05,Óleo de Krill  - Ômega 3 EPA DHA,2.0,195.54
2025-05-05,Óleo de coco,1.0,23.38
2025-05-05,Ômega -  Mega DHA,2.0,172.02
2025-05-05,Ômega 3,1.0,141.59
2025-05-05,Ômega 3  - 1360mg,1.0,189.93
2025-05-05,Ômega 3 - 1360mg,1.0,128.78
2025-05-05,Ômega 3 - EPA DHA - 1000mg,2.0,125.95
2025-05-05,Ômega 3 - Ultra Caps 1000mg,2.0,239.42
2025-05-05,Ômega 3 DHA,1.0,118.88
2025-05-05,Ômega 3 EPA DHA,15.0,889.79
2025-05-05,Ômega 3 Kids,3.0,179.79
2025-05-05,Ômega 3 Pulse,3.0,293.13
2025-05-05,Ômega 3 Super DHA - BIG N,4.0,347.4
2025-05-05,Ômega 3 Super DHA BIG,1.0,155.31
2025-05-05,Ômega Golden,1.0,159.41
2025-05-05,Ômega Ultra - 1000mg,2.0,169.84
2025-05-12,#Whey Fort 3W,1.0,165.75
2025-05-12,100% Whey Flavour,1.0,100.29
2025-05-12,100% Whey Protein - Flavour,8.0,802.32
2025-05-12,100% Whey Pure,4.0,551.04
2025-05-12,100% Whey True Protein,1.0,156.75
2025-05-12,Adapto Whey 3W,1.0,149.25
2025-05-12,Aminoácido - Amino Greens,1.0,157.78
2025-05-12,Aminoácido N-acetil L-cisteína (NAC),3.0,193.05
2025-05-12,Aminoácidos - Aminnu EAAs - Sem Xilitol,2.0,371.8
2025-05-12,Arginofor -  L-Arginina,1.0,94.01
2025-05-12,BT Nitrato,3.0,379.18
2025-05-12,Barrinha de Proteína,4.0,401.26
2025-05-12,Barrinha de Proteína - Protein Crisp Bar,1.0,61.23
2025-05-12,Barrinha de Proteína ChocoWheyfer,1.0,83.15
2025-05-12,Barrinha de Proteína Cleanpro Bar,1.0,83.39
2025-05-12,Barrinha de Proteína Tube,1.0,30.57
2025-05-12,Bebida Vegetal,1.0,48.25
2025-05-12,Beef Protein,2.0,327.26
2025-05-12,Beta Alanina,4.0,204.68
2025-05-12,Beta Alanina Pure,2.0,81.1
2025-05-12,Bio Cálcio  60 caps PURAVIDA,2.0,115.44
2025-05-12,Bio Ferro,5.0,187.7
2025-05-12,Bio Vitamina B12 em gotas,5.0,187.7
2025-05-12,Biscoito Proteico,5.0,140.25
2025-05-12,Body Protein Vegano,1.0,126.43
2025-05-12,"Boraprim - Borragem, Prímula e Gergelim",6.0,289.42
2025-05-12,Cafeína,1.0,43.22
2025-05-12,Chocolate 70% Cacau,1.0,23.38
2025-05-12,Chocolate ao Leite - Marshmallow,1.0,29.49
2025-05-12,Chá Vitatea,1.0,58.17
2025-05-12,Coenzima Q10,5.0,482.04
2025-05-12,Coenzima Q10  (200mg p/ porção),1.0,185.02
2025-05-12,Coenzima Q10 (200mg p/ porção),3.0,290.7
2025-05-12,Coenzima Q10 + Ômega 3 + Vitamina E,1.0,136.12
2025-05-12,Coenzima Q10 - 200mg,1.0,129.97
2025-05-12,Coenzima Q10+ 200mg,1.0,105.26
2025-05-12,Colágeno -  Collagen Gut,1.0,157.78
2025-05-12,Colágeno - Colagentek,2.0,153.46
2025-05-12,Colágeno - Colagentek Beauty,2.0,223.74
2025-05-12,Colágeno - Colagentek II,3.0,252.45
2025-05-12,Colágeno - Colagentek Protein - Bodybalance,5.0,690.8
2025-05-12,Colágeno - Collagen Essential Protein,1.0,192.84
2025-05-12,Colágeno - Collagen Gut,1.0,157.78
2025-05-12,Colágeno - Collagen Pro - Body Suport,1.0,163.98
2025-05-12,Colágeno - Collagen Protein Hidrolisado,2.0,273.22
2025-05-12,Colágeno - Collagen Renew Hidrolisado,2.0,152.86
2025-05-12,Colágeno - Collagen Tipo II 40mg,1.0,67.94
2025-05-12,Colágeno Collagen Skin,1.0,180.88
2025-05-12,Colágeno Hidrolisado,1.0,44.34
2025-05-12,Colágeno Hidrolisado + Ácido Hialurônico,1.0,60.31
2025-05-12,Colágeno Hidrolisado - Collagen Pro 18g,2.0,288.86
2025-05-12,Colágeno Tipo II - Chondro,1.0,107.13
2025-05-12,Colágeno tipo II - Collagen II,1.0,60.0
2025-05-12,Complexo B,1.0,80.64
2025-05-12,Complexo B Max,1.0,31.32
2025-05-12,Coq10 + Vitamina E,1.0,114.59
2025-05-12,Creatina,5.0,568.52
2025-05-12,Creatina - Creafort (Creapure),5.0,729.0
2025-05-12,Creatina - Creapure,5.0,780.06
2025-05-12,Creatina 100%,7.0,488.32
2025-05-12,Creatina 1100mg,1.0,39.33
2025-05-12,Creatina Micronizada,1.0,228.24
2025-05-12,Creatina Monohidratada,38.0,2809.7
2025-05-12,Creatina Monohidratada (Creapure),2.0,370.42
2025-05-12,Creatina Monohidratada -  Crealift (Creapure),2.0,500.68
2025-05-12,Creatina Monohidratada - Creatine,6.0,542.16
2025-05-12,Creatina Monohidratada - Hardcore,4.0,353.76
2025-05-12,Cálcio de Algas 1000mg,1.0,47.97
2025-05-12,Cúrcuma 500mg,2.0,168.64
2025-05-12,Cúrcuma Plus,6.0,330.2
2025-05-12,Energy Gel,1.0,83.98
2025-05-12,Enzima Lactase - Laczyme,1.0,66.83
2025-05-12,Feno Grego + Boro 500mg,1.0,83.04
2025-05-12,Ferro - Ydrosolv,4.0,314.16
2025-05-12,Ferro Quelado 34mg,1.0,26.43
2025-05-12,Ferro Quelato + Vitamina C,6.0,232.8
2025-05-12,Fibras Prébioticas - Prebiotic,2.0,119.2
2025-05-12,Fresh Vegan,2.0,290.44
2025-05-12,Fresh Whey,14.0,2000.14
2025-05-12,Gel - Endurance,1.0,71.4
2025-05-12,Gel Neutro Fresh com Cafeína,5.0,139.9
2025-05-12,Gel Nitrato,13.0,417.21
2025-05-12,Glutamina,6.0,503.01
2025-05-12,Glutamina - Glutamax,2.0,98.6
2025-05-12,Glutamina Isolates,2.0,108.24
2025-05-12,Glutamina em Pó,2.0,159.62
2025-05-12,Gold Whey Concentrado Refil,5.0,628.0
2025-05-12,Granola - Zero Açúcar,1.0,19.35
2025-05-12,Grassfed Whey Protein,1.0,206.05
2025-05-12,Hipercalórico - Creamass,4.0,391.72
2025-05-12,Immuno Whey,1.0,181.95
2025-05-12,Isofort Plant (Life Vegan),2.0,183.6
2025-05-12,Laranja Moro,1.0,67.53
2025-05-12,Maca Peruana 2000mg,2.0,132.86
2025-05-12,Magnésio,2.0,83.58
2025-05-12,Magnésio - Bio Trimag,1.0,68.85
2025-05-12,Magnésio - Inositol Relief 3.0,1.0,159.7
2025-05-12,Magnésio Plus - 350mg,2.0,141.2
2025-05-12,Magnésio Plus 900mg,1.0,77.25
2025-05-12,Melatonina,2.0,64.6
2025-05-12,Melatonina - Sleepfor,1.0,68.64
2025-05-12,Melatonina - Ydrosolv,1.0,65.71
2025-05-12,Melatonina Duo,2.0,102.6
2025-05-12,Melatonina Em Gotas Premium - 210mcg,1.0,23.62
2025-05-12,Mocaccino Proteico,1.0,115.37
2025-05-12,Morning Shot - Imunidade,5.0,450.76
2025-05-12,Multivitaminico  - Imunomult- 1000mg,3.0,341.58
2025-05-12,N-Acetil Cisteína (NAC),1.0,51.87
2025-05-12,Nitro 400,1.0,119.03
2025-05-12,Omegafor Family - Ômega 3,4.0,325.84
2025-05-12,Omegafor Plus,13.0,2064.78
2025-05-12,Palatinose,3.0,149.01
2025-05-12,Pasta de Amendoim Granulado,4.0,76.65
2025-05-12,Pasta de Amendoim Integral,2.0,31.98
2025-05-12,Prebiótico,2.0,122.48
2025-05-12,Probiótico - Simcaps,2.0,100.13
2025-05-12,Probiótico - Simfort Plus,4.0,297.82
2025-05-12,Probióticos em Pó - Simfort,1.0,35.32
2025-05-12,Profem - Óleo de Prímula,2.0,168.3
2025-05-12,Proteína Isolada e Hidrolisada - Body Protein,6.0,1110.3
2025-05-12,Proteína Isolada e Hidrolisada - Body Protein Red,3.0,555.15
2025-05-12,Proteína Vegana - Vegan Tasty,1.0,127.42
2025-05-12,Proteína Vegana - Veggie Protein,1.0,206.17
2025-05-12,Proteína Vegetal - Vegan Tasty,1.0,110.77
2025-05-12,Pré-Treino - V Fort Ultra,2.0,202.96
2025-05-12,Pré-treino,3.0,440.79
2025-05-12,Pré-treino - Energy Kick,1.0,112.35
2025-05-12,Pré-treino - Égide,1.0,115.15
2025-05-12,Própolis - Green Própolis,1.0,60.49
2025-05-12,Própolis Trio,1.0,64.95
2025-05-12,Própolis Verde,2.0,95.18
2025-05-12,Própolis Verde 70,1.0,31.97
2025-05-12,Psyllium,7.0,368.05
2025-05-12,Quercetina 300mg,2.0,127.36
2025-05-12,Refil Whey 100% Pure,3.0,358.54
2025-05-12,Refil Whey Concentrado - W100,5.0,540.55
2025-05-12,Refil Whey Concentrado Havanna - W100,2.0,216.22
2025-05-12,Refil Whey Protein - 3W,2.0,289.48
2025-05-12,Refil Whey Protein Concentrado - 100% Whey,1.0,119.63
2025-05-12,Salgadinho,1.0,25.29
2025-05-12,Simfort Femme,1.0,86.7
2025-05-12,Simfort Ultra,3.0,210.0
2025-05-12,Sleep,5.0,656.97
2025-05-12,Super Ômega 3,4.0,731.53
2025-05-12,SuperCoffee,22.0,2425.07
2025-05-12,SuperCoffee Língua de gato - Kopenhagen,8.0,1122.64
2025-05-12,Suplemento - Beauty Care,1.0,56.12
2025-05-12,Suplemento - Hyaluronic Hair,1.0,66.73
2025-05-12,Suplemento Alimentar - Alpha Inflaminus,1.0,122.81
2025-05-12,Suplemento Alimentar - Alpha Mater,2.0,226.5
2025-05-12,Suplemento Alimentar - Focus Energy 500mg,3.0,185.07
2025-05-12,Suplemento Alimentar - GUARDIAN®,4.0,636.33
2025-05-12,Suplemento Alimentar - Green Shot,2.0,124.56
2025-05-12,Suplemento Alimentar - L-teanina - Happy Theanine,1.0,104.72
2025-05-12,Suplemento Alimentar - Moreflex,3.0,357.0
2025-05-12,Suplemento Alimentar - Pura Fiber,1.0,65.0
2025-05-12,Suplemento alimentar de Ômega 3 - DHA OX,2.0,285.6
2025-05-12,Suplemento de Magnésio - Blue Calm,2.0,219.13
2025-05-12,Suplemento para Imunidade - Immune Up 100%,1.0,111.49
2025-05-12,Tasty Whey 3W Gourmet,5.0,817.4
2025-05-12,Termogênico - Lipix6,3.0,255.59
2025-05-12,Termogênico - Termo Plus,3.0,354.74
2025-05-12,Trio Magnésio 720mg,4.0,212.68
2025-05-12,Vinagre de Maçã Orgânico,1.0,31.87
2025-05-12,Vitamina - Good Mood,1.0,59.47
2025-05-12,Vitamina B12,9.0,295.18
2025-05-12,Vitamina D - Vita D3,10.0,443.65
2025-05-12,Vitamina D - Vita D3 + C + Zinco,1.0,54.45
2025-05-12,Vitamina D3,7.0,238.97
2025-05-12,Vitamina D3 + K2,6.0,384.34
2025-05-12,Vitamina D3 + K2 Gotas,3.0,166.11
2025-05-12,"Vitaminas A, E, D e K2- RESTAURE® - Gotas",2.0,317.6
2025-05-12,Whey,2.0,561.34
2025-05-12,Whey - Isocrisp Pouch,1.0,89.0
2025-05-12,Whey - Zero Lactose,1.0,229.42
2025-05-12,Whey 3W - Delicious,1.0,138.24
2025-05-12,Whey Concentrado - W100,1.0,113.0
2025-05-12,Whey Fort 3W,5.0,828.75
2025-05-12,Whey Isolado - Iso Triple Zero,3.0,562.08
2025-05-12,Whey Isolado - Isofort Ultra Imuno,1.0,304.1
2025-05-12,Whey Isolado e Hidrolisado - H.I Whey,2.0,403.92
2025-05-12,Whey Protein - CLEANPRO,1.0,132.93
2025-05-12,Whey Protein - Isofort Beauty,2.0,288.28
2025-05-12,Whey Protein Concentrado,30.0,5106.59
2025-05-12,Whey Protein Crisp - Isocrisp,1.0,44.25
2025-05-12,Whey Protein Isolado,15.0,4017.56
2025-05-12,Whey Protein Isolado - Isofort,4.0,1114.84
2025-05-12,Whey Protein Isolado - Purajuice,1.0,130.03
2025-05-12,Whey Protein Isolado - Tasty Iso,2.0,482.68
2025-05-12,Whey Tech 100%,7.0,892.43
2025-05-12,Whey hidrolisado e isolado,1.0,231.99
2025-05-12,Whey hidrolisado e isolado Creme Broule 837g TRUE SOURCE,2.0,463.98
2025-05-12,Zinco,1.0,43.51
2025-05-12,Ômega -  Mega DHA,4.0,341.03
2025-05-12,Ômega 3  - 1360mg,1.0,189.93
2025-05-12,Ômega 3 - 1360mg,4.0,515.12
2025-05-12,Ômega 3 - EPA DHA - 1000mg,5.0,253.03
2025-05-12,Ômega 3 - Omegafor Memory,1.0,91.58
2025-05-12,Ômega 3 - Ultra Caps 1000mg,1.0,119.71
2025-05-12,Ômega 3 EPA DHA,12.0,1032.59
2025-05-12,Ômega 3 Pulse,2.0,228.26
2025-05-12,Ômega 3 Super DHA,1.0,96.07
2025-05-12,Ômega 3 Super DHA - BIG N,2.0,173.7
2025-05-12,Ômega Core,1.0,173.91
2025-05-19,100% Whey Flavour,1.0,100.29
2025-05-19,100% Whey Protein - Flavour,3.0,300.87
2025-05-19,100% Whey Pure,2.0,275.52
2025-05-19,Achocolatado - Choco Family - Refil,7.0,268.06
2025-05-19,Aminoácido N-acetil L-cisteína (NAC),4.0,257.4
2025-05-19,Aminoácidos - Aminnu EAAs - Sem Xilitol,1.0,185.9
2025-05-19,BCAA com TCM,1.0,67.06
2025-05-19,BT Gel Nitrato com Cafeína,1.0,101.92
2025-05-19,BT Nitrato,3.0,301.83
2025-05-19,Barra Double,1.0,25.35
2025-05-19,Barrinha - Body Protein,2.0,80.0
2025-05-19,Barrinha de Proteína,1.0,151.98
2025-05-19,Barrinha de Proteína - Protein Crisp Bar,2.0,122.46
2025-05-19,Barrinha de Proteína Choco Wheyfer,1.0,24.46
2025-05-19,Barrinha de Proteína Protein Crisp,1.0,73.95
2025-05-19,Barrinha de Proteína Quest Bar - 60g (20g de proteína),2.0,476.0
2025-05-19,Beef Protein,2.0,327.26
2025-05-19,Best Whey,2.0,298.5
2025-05-19,Beta Alanina,5.0,255.85
2025-05-19,Beta Alanina 100%,5.0,216.75
2025-05-19,Beta Alanina Pure,2.0,81.1
2025-05-19,Bio Cálcio  60 caps PURAVIDA,1.0,57.72
2025-05-19,Bio Ferro,5.0,189.99
2025-05-19,Bio Vitamina B12 em gotas,3.0,112.62
2025-05-19,Bio Zinco,2.0,51.24
2025-05-19,Biscoito Proteico,2.0,56.1
2025-05-19,Blend de Chá - Xô TPM,1.0,24.85
2025-05-19,Bombom,1.0,33.24
2025-05-19,"Boraprim - Borragem, Prímula e Gergelim",3.0,174.67
2025-05-19,Chá,1.0,18.6
2025-05-19,Chá Misto,1.0,18.0
2025-05-19,Coenzima  Q10 - 100mg,1.0,83.33
2025-05-19,Coenzima Q10,14.0,1109.44
2025-05-19,Coenzima Q10  (200mg p/ porção),3.0,531.54
2025-05-19,Coenzima Q10 (200mg p/ porção),6.0,506.6
2025-05-19,Coenzima Q10 - (100mg p/ porção),2.0,119.0
2025-05-19,Coenzima Q10 - 100mg,1.0,95.55
2025-05-19,Coenzima Q10 200mg,1.0,91.12
2025-05-19,Colágeno - Colagentek,7.0,537.11
2025-05-19,Colágeno - Colagentek Beauty,1.0,94.46
2025-05-19,Colágeno - Colagentek II,2.0,168.3
2025-05-19,Colágeno - Colagentek Protein - Bodybalance,3.0,414.48
2025-05-19,Colágeno - Collagen Bones,1.0,150.83
2025-05-19,Colágeno - Collagen Essential Protein,6.0,1131.0
2025-05-19,Colágeno - Collagen Protein Hidrolisado,2.0,261.72
2025-05-19,Colágeno - Collagen Protein Hidrolisado Berries Silvestres 450g PURAVIDA,3.0,403.44
2025-05-19,Colágeno - Collagen Renew Hidrolisado,6.0,458.58
2025-05-19,Colágeno - Collagen Tipo II 40mg,3.0,203.82
2025-05-19,Colágeno - Collpure®,1.0,145.69
2025-05-19,Colágeno Collagen Skin,1.0,154.57
2025-05-19,Colágeno Hidrolisado - Collagen Pro 18g,4.0,577.72
2025-05-19,Colágeno Tipo II,1.0,53.97
2025-05-19,Colágeno Tipo II - Artro Aid,1.0,89.18
2025-05-19,Colágeno tipo 2 - Colagentek II,3.0,244.05
2025-05-19,Combo com 3 Chás - Laranja Moro,1.0,51.0
2025-05-19,Combo com 4 Sachês SuperCoffee,1.0,27.37
2025-05-19,Combo com 4Barrinhas de Proteína Veganpro Bar,1.0,45.56
2025-05-19,Combo com 6 Barrinhas de Proteína - Bombar,1.0,39.32
2025-05-19,Complexo B,2.0,161.28
2025-05-19,Complexo B - Bio Vit.B+,2.0,70.22
2025-05-19,Complexo B - Vitadop B,2.0,59.28
2025-05-19,Complexo B Max,2.0,62.64
2025-05-19,Cranberry,2.0,69.76
2025-05-19,Creatina,7.0,691.83
2025-05-19,Creatina - Creafort (Creapure),3.0,525.0
2025-05-19,Creatina - Creapure,1.0,161.12
2025-05-19,Creatina - Gummies,1.0,99.0
2025-05-19,Creatina - Gummy,2.0,305.82
2025-05-19,Creatina 100%,9.0,688.81
2025-05-19,Creatina Micronizada,1.0,134.25
2025-05-19,Creatina Monohidratada,42.0,3082.48
2025-05-19,Creatina Monohidratada (Creapure),2.0,370.42
2025-05-19,Creatina Monohidratada -  Crealift (Creapure),2.0,500.68
2025-05-19,Creatina Monohidratada - Creatine,3.0,271.08
2025-05-19,Creatina Monohidratada - Hardcore,1.0,81.75
2025-05-19,Creatina Premium - Creapure,3.0,632.86
2025-05-19,Cromo Picolinato - 250mg,1.0,24.52
2025-05-19,Cúrcuma 500mg,1.0,84.32
2025-05-19,Cúrcuma Plus,14.0,901.16
2025-05-19,Energy Gel,1.0,27.69
2025-05-19,Energy Gel c/ Cafeína,2.0,74.82
2025-05-19,Enzima Lactase - Laczyme,1.0,66.83
2025-05-19,Ferro - Ydrosolv,3.0,235.62
2025-05-19,Ferro Quelato + Vitamina C,1.0,38.8
2025-05-19,Fibra - Fosvita,1.0,76.5
2025-05-19,Fibras - Fiberfor,1.0,82.01
2025-05-19,Fibras Prébioticas - Prebiotic,2.0,119.2
2025-05-19,Fresh Vegan,2.0,290.44
2025-05-19,Fresh Whey,15.0,2685.55
2025-05-19,Gel Neutro Fresh com Cafeína,2.0,55.96
2025-05-19,Gel Nitrato,1.0,34.95
2025-05-19,Gel Nitrato com L-Citrulinilarginina,1.0,37.47
2025-05-19,Glutamina,5.0,304.19
2025-05-19,Glutamina - Glutamax,1.0,65.45
2025-05-19,Glutamina - Glutamax Refil,2.0,211.82
2025-05-19,Glutamina em Pó,3.0,246.11
2025-05-19,Gold Whey Concentrado Refil,5.0,628.0
2025-05-19,Granola,2.0,71.64
2025-05-19,Granola Australia - Low Carb,1.0,30.34
2025-05-19,Grassfed Whey Protein,1.0,206.05
2025-05-19,Grassfed Whey Protein - Concentrado,1.0,223.96
2025-05-19,Isofort Plant (Life Vegan),2.0,221.08
2025-05-19,Maca Peruana,2.0,102.93
2025-05-19,Maca Peruana 600mg,1.0,67.35
2025-05-19,Magnésio,2.0,83.58
2025-05-19,Magnésio - 3MAG - Pool de Magnésio,1.0,61.97
2025-05-19,Magnésio - Inositol Relief 3.0,2.0,319.4
2025-05-19,Magnésio - Quelato,1.0,21.34
2025-05-19,Magnésio Dimalato,2.0,90.44
2025-05-19,Magnésio Inositol,1.0,137.21
2025-05-19,Magnésio Plus - 350mg,2.0,141.2
2025-05-19,Magnésio Plus 900mg,2.0,154.5
2025-05-19,Magnésio Quelato - Bio Mag,5.0,267.3
2025-05-19,Matchá - Chá Verde em Pó,1.0,78.63
2025-05-19,Melatonina,3.0,118.26
2025-05-19,Melatonina - Sleepfor,1.0,49.3
2025-05-19,Melatonina - Ydrosolv,2.0,131.42
2025-05-19,Melatonina Duo,1.0,47.69
2025-05-19,Melatonina Em Gotas Premium - 210mcg,1.0,23.62
2025-05-19,Melatonina Fast,1.0,46.21
2025-05-19,Morning Shot - Imunidade,1.0,87.21
2025-05-19,Multivitaminico  - Imunomult- 1000mg,1.0,141.53
2025-05-19,Multivitaminico - Imunomult- 1000mg,2.0,148.52
2025-05-19,Multivitamínico - Alpha Kids,1.0,95.74
2025-05-19,Multivitamínico - Vitalift,1.0,143.75
2025-05-19,N-Acetil Cisteína (NAC),1.0,51.87
2025-05-19,NAC + Glycine + Taurine,1.0,94.0
2025-05-19,NAC 650mg,2.0,101.72
2025-05-19,Nitro 400,1.0,119.03
2025-05-19,Omegafor Family - Ômega 3,3.0,176.37
2025-05-19,Omegafor Plus,22.0,3867.57
2025-05-19,Omegafor Vitamins,1.0,115.09
2025-05-19,Palatinose,11.0,538.89
2025-05-19,Pasta de Amendoim,3.0,107.83
2025-05-19,Pasta de Amendoim Integral,1.0,15.99
2025-05-19,Prebiótico,3.0,183.72
2025-05-19,Probiótico - Simcaps,1.0,41.23
2025-05-19,Probiótico - Simfort Plus,5.0,359.32
2025-05-19,Proteina Vegetal,2.0,250.44
2025-05-19,Proteína - Isocrisp Plant Pouch,3.0,173.4
2025-05-19,Proteína Isolada e Hidrolisada - Body Protein,14.0,2600.53
2025-05-19,Proteína Isolada e Hidrolisada - Body Protein Red,3.0,555.15
2025-05-19,Pré-Treino,1.0,89.85
2025-05-19,Pré-Treino - Beta Action,1.0,192.5
2025-05-19,Pré-Treino - V Fort Ultra,1.0,101.48
2025-05-19,Pré-treino,1.0,146.93
2025-05-19,Pré-treino - Energy Kick,1.0,112.35
2025-05-19,Pré-treino - Energy Kick Caffeine,1.0,112.35
2025-05-19,Pré-treino - Energyzer & focus,1.0,95.14
2025-05-19,Próbiotico - Purabiotics,2.0,153.0
2025-05-19,Própolis - Green Própolis,1.0,60.49
2025-05-19,Própolis Alcoólico,2.0,52.52
2025-05-19,Própolis Líquido - Gotas,2.0,62.7
2025-05-19,Própolis Trio,1.0,64.95
2025-05-19,Própolis Verde - Alcoólico,2.0,52.52
2025-05-19,Própolis Verde - Propomax,1.0,26.26
2025-05-19,Própolis Verde 70,1.0,31.97
2025-05-19,Psyllium,10.0,503.12
2025-05-19,Refil 100% Whey Protein - Flavour,1.0,102.21
2025-05-19,Refil Whey 100% Pure,4.0,453.54
2025-05-19,Refil Whey Concentrado - W100,1.0,95.0
2025-05-19,Refil Whey Concentrado Havanna - W100,2.0,216.22
2025-05-19,Refil Whey Protein - 3W,3.0,402.88
2025-05-19,Refil Whey Protein Concentrado,1.0,166.14
2025-05-19,Repositor Energético - D Ribose,1.0,75.65
2025-05-19,Shot Matinal,2.0,130.24
2025-05-19,Simfort Femme,3.0,260.1
2025-05-19,Simfort Ultra,3.0,210.0
2025-05-19,Simfort fibras,2.0,110.14
2025-05-19,Sleep,3.0,404.31
2025-05-19,Spirulina Orgânica - 200 tabletes,1.0,116.62
2025-05-19,Super Ômega 3,9.0,1465.31
2025-05-19,SuperCoffee,12.0,1433.7
2025-05-19,SuperCoffee Língua de gato - Kopenhagen,4.0,561.32
2025-05-19,Suplemento - Beauty Care,1.0,56.12
2025-05-19,Suplemento - Hyaluronic Hair,2.0,137.16
2025-05-19,Suplemento Alimentar  - Hepatofor,2.0,150.07
2025-05-19,Suplemento Alimentar - Alpha Mater,1.0,113.25
2025-05-19,"Suplemento Alimentar - Cabelo, Unha e Pele - Beauty +",1.0,98.29
2025-05-19,Suplemento Alimentar - GUARDIAN®,1.0,158.02
2025-05-19,Suplemento Alimentar - Pura Fiber,2.0,130.0
2025-05-19,Suplemento de Magnésio - Blue Calm,5.0,599.58
2025-05-19,Tablete de Doce,1.0,22.1
2025-05-19,Tasty Whey 3W Gourmet,3.0,490.44
2025-05-19,Termogênico - Lipix6,4.0,283.22
2025-05-19,Termogênico - Termo Plus,2.0,217.8
2025-05-19,Trio Magnésio 720mg,10.0,537.78
2025-05-19,Ultracoffee - Vegano,3.0,227.79
2025-05-19,Vegan Protein - Vegano,1.0,106.05
2025-05-19,Vitamina - Good Mood,3.0,178.41
2025-05-19,Vitamina A - 8000 Ui,1.0,27.75
2025-05-19,Vitamina B12,8.0,261.89
2025-05-19,Vitamina C - Vitadop Ácido Ascórbico,1.0,30.29
2025-05-19,Vitamina D - Vita D3,7.0,304.45
2025-05-19,Vitamina D - Vita D3 + C + Zinco,1.0,54.45
2025-05-19,Vitamina D3,6.0,258.77
2025-05-19,Vitamina D3 + K2 Gotas,4.0,241.71
2025-05-19,Vitamina D3 Synergy,4.0,238.0
2025-05-19,Whey,9.0,2132.48
2025-05-19,Whey - Isocrisp Pouch,2.0,178.0
2025-05-19,Whey 3W - Delicious,2.0,276.48
2025-05-19,Whey Concentrado - 100% Whey,3.0,414.33
2025-05-19,Whey Fort 3W,8.0,1326.0
2025-05-19,Whey Isolado - Iso Triple Zero,2.0,364.68
2025-05-19,Whey Isolado - Isofort Ultra Imuno,2.0,599.76
2025-05-19,Whey Isolado Nectar,1.0,239.49
2025-05-19,Whey Isolado e Hidrolisado - H.I Whey,1.0,201.96
2025-05-19,Whey Protein - Isofort Beauty,3.0,432.42
2025-05-19,Whey Protein 3W,2.0,306.34
2025-05-19,Whey Protein Concentrado,20.0,3423.78
2025-05-19,Whey Protein Concentrado Cappuccino 900g DUX,2.0,339.84
2025-05-19,Whey Protein Isolado,15.0,4313.39
2025-05-19,Whey Protein Isolado - Isofort,6.0,1672.26
2025-05-19,Whey Protein Isolado - Tasty Iso,1.0,241.34
2025-05-19,Whey Protein Vegetal,2.0,269.8
2025-05-19,Whey Tech 100%,9.0,1147.41
2025-05-19,Whey hidrolisado e isolado,2.0,463.98
2025-05-19,Whey hidrolisado e isolado Creme Broule 837g TRUE SOURCE,1.0,246.26
2025-05-19,Óleo de Coco  - Spray,1.0,23.8
2025-05-19,Ômega -  Mega DHA,3.0,255.02
2025-05-19,Ômega - Mega DHA,1.0,200.6
2025-05-19,Ômega 3,1.0,78.19
2025-05-19,Ômega 3 - 1360mg,3.0,386.34
2025-05-19,Ômega 3 - EPA DHA - 1000mg,8.0,474.49
2025-05-19,Ômega 3 - Omegafor Memory,1.0,91.58
2025-05-19,Ômega 3 - Ultra Caps 1000mg,3.0,359.13
2025-05-19,Ômega 3 DHA,7.0,832.16
2025-05-19,Ômega 3 EPA DHA,23.0,1408.21
2025-05-19,Ômega 3 IFOS - 660 EPA/ 440 DHA,1.0,165.84
2025-05-19,Ômega 3 Pulse,2.0,228.26
2025-05-19,Ômega 3 Super DHA,2.0,192.14
2025-05-19,Ômega 3 Super DHA - BIG N,9.0,781.65
2025-05-19,Ômega 3 Super DHA BIG,2.0,310.62
2025-05-19,Ômega Core,2.0,325.79
2025-05-26,100% Whey Flavour,1.0,100.29
2025-05-26,100% Whey Protein - Flavour,6.0,621.39
2025-05-26,100% Whey Pure,1.0,137.76
2025-05-26,100% Whey True Protein,2.0,333.08
2025-05-26,Achocolatado - Choco Family - Refil,2.0,71.12
2025-05-26,Achocolatado - Chocoki,2.0,138.33
2025-05-26,Achocolatado Multivitaminado - Choco Nutrients,3.0,109.56
2025-05-26,Aminoácido - Aminovita,2.0,250.75
2025-05-26,Aminoácido - BCAA - Glyco HD,3.0,70.17
2025-05-26,Aminoácido - BCAA Fort,1.0,80.92
2025-05-26,Aminoácido - Tryptophan,1.0,49.02
2025-05-26,Aminoácido N-acetil L-cisteína (NAC),2.0,128.7
2025-05-26,Aminoácidos - Aminnu EAAs,1.0,185.9
2025-05-26,Aminoácidos - Aminolift,1.0,157.78
2025-05-26,Arginofor -  L-Arginina,1.0,94.01
2025-05-26,BT Nitrato 400,1.0,143.06
2025-05-26,Barrinha de Proteína,3.0,258.46
2025-05-26,Barrinha de Proteína - Protein Crisp Bar,2.0,122.46
2025-05-26,Barrinha de Proteína Choco Wheyfer,1.0,24.46
2025-05-26,Barrinha de Proteína Cleanpro Bar,1.0,83.39
2025-05-26,Barrinha de Proteína Protein Crisp,4.0,301.32
2025-05-26,Barrinha de Proteína Tube,2.0,171.26
2025-05-26,Best Whey,1.0,248.11
2025-05-26,Beta Alanina 100%,1.0,43.35
2025-05-26,Beta Alanina Pure,2.0,81.1
2025-05-26,Bio Cálcio  60 caps PURAVIDA,2.0,115.44
2025-05-26,Bio Ferro,3.0,112.62
2025-05-26,Bio Vitamina B12 em gotas,3.0,112.62
2025-05-26,Bio Zinco,1.0,25.62
2025-05-26,Biscoito Proteico,2.0,56.1
2025-05-26,Blend de Chá - Calmante,1.0,24.85
2025-05-26,Blend de Chá - Xô TPM,1.0,24.85
2025-05-26,BodyBalance - Muscle Synergy,1.0,196.35
2025-05-26,"Boraprim - Borragem, Prímula e Gergelim",2.0,136.42
2025-05-26,Brain Focus,2.0,152.56
2025-05-26,Cacau Premium,1.0,67.59
2025-05-26,Chá Misto,1.0,19.8
2025-05-26,Coenzima  Q10 - 100mg,2.0,166.66
2025-05-26,Coenzima Q10,3.0,276.84
2025-05-26,Coenzima Q10 (200mg p/ porção),1.0,96.9
2025-05-26,Coenzima Q10 + Ômega 3 + Vitamina E,6.0,816.72
2025-05-26,Coenzima Q10 - (100mg p/ porção),1.0,59.5
2025-05-26,Coenzima Q10 - Bio Q10,2.0,241.52
2025-05-26,Coenzima Q10 100 Mg,1.0,111.21
2025-05-26,Coffee - Brainstorm,1.0,100.27
2025-05-26,Colosfort,2.0,414.12
2025-05-26,Colágeno -  Collagen Gut,2.0,315.56
2025-05-26,Colágeno - Colagentek,7.0,537.11
2025-05-26,Colágeno - Colagentek II,2.0,173.4
2025-05-26,Colágeno - Colagentek Protein - Bodybalance,9.0,1243.44
2025-05-26,Colágeno - Collagen Bones,1.0,150.83
2025-05-26,Colágeno - Collagen Essential Protein,4.0,737.36
2025-05-26,Colágeno - Collagen Gut,2.0,315.56
2025-05-26,Colágeno - Collagen Protein Hidrolisado,2.0,250.22
2025-05-26,Colágeno - Collagen Protein Hidrolisado Berries Silvestres 450g PURAVIDA,2.0,268.96
2025-05-26,Colágeno - Collagen Renew Hidrolisado,1.0,76.43
2025-05-26,Colágeno - Collcreatine,1.0,166.18
2025-05-26,Colágeno - Multi Collagen,2.0,278.7
2025-05-26,Colágeno Hidrolisado - Collagen Pro 18g,4.0,577.72
2025-05-26,Colágeno Tipo II - Artro Aid,1.0,89.18
2025-05-26,Colágeno Verisol,1.0,74.26
2025-05-26,Colágeno tipo 2 - Colagentek II,1.0,84.15
2025-05-26,Combo com 3 Chás - Laranja Moro,1.0,51.0
2025-05-26,Combo com 6 Barrinhas de Proteína  - Bombar,1.0,39.32
2025-05-26,Combo com 6 Barrinhas de Proteína - Bombar,1.0,39.32
2025-05-26,Complexo B,2.0,161.28
2025-05-26,Complexo B - Bio Vit.B+,2.0,70.22
2025-05-26,Complexo B 500mg,1.0,31.36
2025-05-26,Cranberry,1.0,34.88
2025-05-26,Creatina,11.0,939.18
2025-05-26,Creatina - Creafort (Creapure),7.0,1225.0
2025-05-26,Creatina - Creapure,6.0,915.47
2025-05-26,Creatina - Gummies,1.0,99.0
2025-05-26,Creatina 100%,7.0,553.98
2025-05-26,Creatina 100% Pure,1.0,107.04
2025-05-26,Creatina Micronizada,1.0,228.24
2025-05-26,Creatina Monohidratada,35.0,2637.8
2025-05-26,Creatina Monohidratada (Creapure),3.0,562.34
2025-05-26,Creatina Monohidratada - Creatine,9.0,809.95
2025-05-26,Creatina Monohidratada - Hardcore,1.0,88.44
2025-05-26,Cromo Picolinato - 250mg,2.0,49.04
2025-05-26,Cálcio de Algas 1000mg,1.0,50.93
2025-05-26,Cúrcuma 500mg,2.0,174.52
2025-05-26,Cúrcuma Plus,5.0,306.0
2025-05-26,Feno Grego,2.0,150.96
2025-05-26,Feno Grego + Boro 500mg,1.0,83.04
2025-05-26,Ferro - Ydrosolv,2.0,157.08
2025-05-26,Ferro Quelado 34mg,4.0,105.72
2025-05-26,Ferro Quelato + Vitamina C,1.0,40.16
2025-05-26,Fresh Vegan,1.0,145.22
2025-05-26,Fresh Whey,11.0,1501.16
2025-05-26,Gel Neutro Fresh com Cafeína,2.0,55.96
2025-05-26,Gel Nitrato,2.0,69.9
2025-05-26,Gel Nitrato com L-Citrulinilarginina,2.0,74.94
2025-05-26,Glutamina,2.0,168.08
2025-05-26,Glutamina - Glutamax,3.0,158.41
2025-05-26,Glutamina - Glutamax Refil,1.0,105.91
2025-05-26,Glutamina Isolada,1.0,45.77
2025-05-26,Glutamina Isolates,1.0,54.12
2025-05-26,Glutamina em Pó,3.0,232.75
2025-05-26,Gold Whey Concentrado Refil,4.0,502.4
2025-05-26,Granola,1.0,35.82
2025-05-26,Granola Australia - Low Carb,3.0,91.02
2025-05-26,Granola Coconut,4.0,135.88
2025-05-26,Grassfed Whey Protein,1.0,137.25
2025-05-26,Hipercalórico - Monsterone,1.0,92.59
2025-05-26,Isofort Plant (Life Vegan),6.0,550.8
2025-05-26,L-Taurina - 1.000mg,3.0,150.45
2025-05-26,Laranja Moro,1.0,67.53
2025-05-26,Leite de Coco em Pó - Coco Cream,1.0,52.63
2025-05-26,Maca Peruana Preta - Macapure,3.0,522.69
2025-05-26,Magnésio,4.0,167.16
2025-05-26,Magnésio - Inositol Relief 3.0,3.0,479.1
2025-05-26,Magnésio Plus - 350mg,1.0,74.38
2025-05-26,Magnésio Plus 900mg,1.0,77.25
2025-05-26,Melatonina,1.0,39.42
2025-05-26,Melatonina Duo,2.0,98.99
2025-05-26,Morning Shot - Imunidade,8.0,743.85
2025-05-26,Omegafor Family - Ômega 3,3.0,221.71
2025-05-26,Omegafor Plus,14.0,2160.87
2025-05-26,Palatinose,3.0,150.33
2025-05-26,Pasta de Amendoim,6.0,261.89
2025-05-26,Pasta de Amendoim Integral,2.0,31.98
2025-05-26,Probiótico - Simfort Plus,5.0,348.96
2025-05-26,Probióticos em Pó - Simfort,1.0,143.99
2025-05-26,Profem - Óleo de Prímula,1.0,84.15
2025-05-26,Proteina Vegetal,1.0,125.22
2025-05-26,Proteína - Isocrisp Plant Pouch,1.0,57.8
2025-05-26,Proteína Isolada e Hidrolisada - Body Protein,10.0,1870.16
2025-05-26,Proteína Isolada e Hidrolisada - Body Protein Red,5.0,925.25
2025-05-26,Proteína Vegana - Immuno Veggie,2.0,377.0
2025-05-26,Proteína Vegana - Vegan Tasty,1.0,127.42
2025-05-26,Pré-Treino,3.0,296.17
2025-05-26,Pré-Treino - Beta Fusion,1.0,99.0
2025-05-26,Pré-treino Panic Pre Workout,1.0,83.35
2025-05-26,Próbiotico - Purabiotics,1.0,76.5
2025-05-26,Própolis Líquido - Gotas,2.0,62.7
2025-05-26,Própolis Verde - Alcoólico,3.0,78.78
2025-05-26,Própolis Verde - Propomax,2.0,52.52
2025-05-26,Própolis Verde 70,1.0,31.97
2025-05-26,Psyllium,5.0,251.9
2025-05-26,Refil 100% Whey Protein - Flavour,1.0,102.21
2025-05-26,Refil Whey 100% Pure,1.0,131.77
2025-05-26,Refil Whey Concentrado - W100,4.0,419.33
2025-05-26,Refil Whey Concentrado Havanna - W100,1.0,108.11
2025-05-26,Refil Whey Protein - 3W,4.0,641.64
2025-05-26,Refil Whey Protein Concentrado,1.0,166.17
2025-05-26,Refil Whey Protein Concentrado - 100% Whey,2.0,239.26
2025-05-26,Resveratrol,1.0,71.1
2025-05-26,Resveratrol 500mg,2.0,136.02
2025-05-26,Resveratrol Plus - 165mg,1.0,96.53
2025-05-26,Shot Matinal,4.0,265.86
2025-05-26,Simfort Femme,4.0,346.8
2025-05-26,Simfort Ultra,1.0,70.0
2025-05-26,Simfort fibras,1.0,55.07
2025-05-26,Sleep,3.0,392.42
2025-05-26,Super Ômega 3,4.0,584.27
2025-05-26,SuperCoffee,6.0,679.92
2025-05-26,SuperCoffee Língua de gato - Kopenhagen,7.0,982.31
2025-05-26,Suplemento - Hyaluronic Hair,3.0,200.19
2025-05-26,Suplemento - Laranja Moro,1.0,72.18
2025-05-26,Suplemento Alimentar  - Hepatofor,2.0,150.07
2025-05-26,Suplemento Alimentar - Alpha Inflaminus,1.0,122.81
2025-05-26,Suplemento Alimentar - Alpha Mater,4.0,453.0
2025-05-26,"Suplemento Alimentar - Cabelo, Unha e Pele - Beauty +",1.0,98.29
2025-05-26,Suplemento Alimentar - GUARDIAN®,3.0,478.31
2025-05-26,Suplemento Alimentar - L-teanina - Happy Theanine,1.0,104.72
2025-05-26,Suplemento Alimentar - Resveratrol,1.0,129.6
2025-05-26,Suplemento Alimentar - Slim Body 400mg,1.0,65.03
2025-05-26,Suplemento de Magnésio - Blue Calm,7.0,641.11
2025-05-26,Tablete de Doce,5.0,120.13
2025-05-26,Tasty Whey 3W Gourmet,5.0,870.24
2025-05-26,Termogênico - Lipix6,1.0,113.98
2025-05-26,Termogênico - Termo Plus,1.0,108.9
2025-05-26,True Cúrcuma,2.0,144.34
2025-05-26,Ultracoffee - Vegano,5.0,379.65
2025-05-26,Vinagre de Maçã Orgânico,1.0,31.87
2025-05-26,Vitamina B12,9.0,290.58
2025-05-26,Vitamina D - Vita D3,5.0,217.2
2025-05-26,Vitamina D - Vita D3 + C + Zinco,8.0,408.72
2025-05-26,Vitamina D3,6.0,242.47
2025-05-26,Vitamina D3 + K2,1.0,59.5
2025-05-26,Vitamina D3 + K2 Gotas,2.0,130.97
2025-05-26,Vitamina D3 - Ydrosolv,1.0,64.26
2025-05-26,Vitamina D3 Synergy,4.0,238.0
2025-05-26,"Vitaminas A, E, D e K2- RESTAURE® - Gotas",2.0,317.6
2025-05-26,Whey,6.0,1340.03
2025-05-26,Whey - Immuno Golden,4.0,807.84
2025-05-26,Whey - Isocrisp Pouch,2.0,178.0
2025-05-26,Whey - Zero Lactose,1.0,229.42
2025-05-26,Whey 3W,3.0,452.85
2025-05-26,Whey Concentrado - 100% Whey,1.0,138.11
2025-05-26,Whey Fort 3W,2.0,331.5
2025-05-26,Whey Isolado - Garrafinha,1.0,18.99
2025-05-26,Whey Isolado - Iso Triple Zero,1.0,187.36
2025-05-26,Whey Isolado - Isofort Ultra Imuno,1.0,299.88
2025-05-26,Whey Juicedop,1.0,213.01
2025-05-26,Whey Protein Concentrado,24.0,4097.43
2025-05-26,Whey Protein Concentrado Cappuccino 900g DUX,1.0,169.92
2025-05-26,Whey Protein Crisp - Isocrisp,4.0,153.48
2025-05-26,Whey Protein Isolado,10.0,2859.8
2025-05-26,Whey Protein Isolado - Isofort,2.0,557.42
2025-05-26,Whey Protein Isolado - Tasty Iso,1.0,241.34
2025-05-26,Whey Tech 100%,12.0,1483.4
2025-05-26,Whey hidrolisado e isolado,2.0,492.52
2025-05-26,Whey hidrolisado e isolado Creme Broule 837g TRUE SOURCE,1.0,246.26
2025-05-26,Zinco - Ydrosolv,1.0,78.54
2025-05-26,Zinco Quelado,1.0,30.94
2025-05-26,Óleo de Krill  - Ômega 3 EPA DHA,1.0,97.77
2025-05-26,Ômega -  Mega DHA,1.0,86.01
2025-05-26,Ômega - Mega DHA,2.0,401.2
2025-05-26,Ômega 3,2.0,341.1
2025-05-26,Ômega 3  - 1360mg,1.0,189.93
2025-05-26,Ômega 3 - 1360mg,3.0,386.34
2025-05-26,Ômega 3 - DHA Vegan 430mg,1.0,121.53
2025-05-26,Ômega 3 - EPA DHA - 1000mg,14.0,866.41
2025-05-26,Ômega 3 - Omegafor Memory,1.0,91.58
2025-05-26,Ômega 3 - Ultra Caps 1000mg,2.0,239.42
2025-05-26,Ômega 3 DHA,1.0,118.88
2025-05-26,Ômega 3 EPA DHA,11.0,622.64
2025-05-26,Ômega 3 Pulse,3.0,342.39
2025-05-26,Ômega 3 Super DHA - BIG N,6.0,521.1
2025-05-26,Ômega Core,1.0,173.91
2025-06-02,100% Whey Protein - Flavour,3.0,320.52
2025-06-02,100% Whey Pure,5.0,656.67
2025-06-02,Achocolatado - Chocoki,1.0,81.63
2025-06-02,Achocolatado Multivitaminado - Choco Nutrients,3.0,109.56
2025-06-02,Aminoácido - Amino Greens,2.0,315.56
2025-06-02,Aminoácido - Aminovita,1.0,120.7
2025-06-02,Aminoácido - BCAA - Glyco HD,3.0,70.17
2025-06-02,Aminoácido N-acetil L-cisteína (NAC),3.0,204.75
2025-06-02,Aminoácidos - Aminnu EAAs,1.0,185.9
2025-06-02,Aminoácidos - Aminolift,4.0,631.12
2025-06-02,BT Nitrato,2.0,271.66
2025-06-02,Barra Chocolate 70%,3.0,73.95
2025-06-02,Barrinha - Body Protein,1.0,40.0
2025-06-02,Barrinha de Proteína,6.0,433.79
2025-06-02,Barrinha de Proteína - Protein Crisp Bar,3.0,183.69
2025-06-02,Barrinha de Proteína Cleanpro Bar,1.0,83.39
2025-06-02,Barrinha de Proteína Crunch,1.0,36.85
2025-06-02,Barrinha de Proteína Thin,2.0,190.64
2025-06-02,Barrinha de Proteína Tube,1.0,79.56
2025-06-02,Best Whey,3.0,518.35
2025-06-02,Beta Alanina,3.0,153.51
2025-06-02,Beta Alanina 100%,1.0,43.35
2025-06-02,Bio Cálcio  60 caps PURAVIDA,2.0,115.44
2025-06-02,Bio Vitamina B12 em gotas,4.0,150.16
2025-06-02,Biscoito Proteico,3.0,84.15
2025-06-02,Blend de Chá - Calmante,4.0,99.4
2025-06-02,Blend de Chá - Detox,1.0,24.85
2025-06-02,Blend de Chá - Digestivo,1.0,24.85
2025-06-02,Blend de Chá - Energia,2.0,49.7
2025-06-02,BodyBalance - Muscle Synergy,2.0,404.6
2025-06-02,Booster Energético - Upgrade Energy - TCM,1.0,125.64
2025-06-02,"Boraprim - Borragem, Prímula e Gergelim",3.0,174.67
2025-06-02,Cafeína - Caffeinex 200,1.0,30.12
2025-06-02,Chlorella,1.0,77.97
2025-06-02,Chá,2.0,36.0
2025-06-02,Coenzima Q10,4.0,421.08
2025-06-02,Coenzima Q10  (200mg p/ porção),2.0,370.04
2025-06-02,Coenzima Q10 (200mg p/ porção),3.0,327.68
2025-06-02,Coenzima Q10 + Ômega 3 + Vitamina E,1.0,136.12
2025-06-02,Coenzima Q10 - (100mg p/ porção),6.0,357.0
2025-06-02,Coffee - Brainstorm,1.0,100.27
2025-06-02,Colosfort,1.0,207.06
2025-06-02,Colágeno -  Collagen Gut,2.0,356.78
2025-06-02,Colágeno - Colagentek,5.0,383.65
2025-06-02,Colágeno - Colagentek Beauty,1.0,93.5
2025-06-02,Colágeno - Colagentek II,3.0,252.45
2025-06-02,Colágeno - Colagentek Protein - Bodybalance,9.0,1243.44
2025-06-02,Colágeno - Collagen Essential Protein,7.0,1323.84
2025-06-02,Colágeno - Collagen Flex + Beauty,1.0,143.27
2025-06-02,Colágeno - Collagen Gut,1.0,157.78
2025-06-02,Colágeno - Collagen Protein Hidrolisado,5.0,660.05
2025-06-02,Colágeno - Collagen Protein Hidrolisado Berries Silvestres 450g PURAVIDA,2.0,268.96
2025-06-02,Colágeno - Collagen Renew Hidrolisado,2.0,152.86
2025-06-02,Colágeno - Collagen Tipo II 40mg,2.0,135.88
2025-06-02,Colágeno - Multi Collagen,1.0,252.9
2025-06-02,Colágeno Collagen Skin,1.0,180.88
2025-06-02,Colágeno Hidrolisado - Collagen Pro 18g,5.0,722.15
2025-06-02,Colágeno Tipo 1 e 2 - Collagen 2 Joint,1.0,150.75
2025-06-02,Colágeno Tipo II,2.0,107.94
2025-06-02,Colágeno Tipo II - Artro Aid,3.0,267.54
2025-06-02,Combo Cim 3 Caixas de Chá Gourmet - TPM Relax,1.0,23.46
2025-06-02,Complexo B 500mg,2.0,62.72
2025-06-02,Complexo B Max,2.0,62.64
2025-06-02,Cranberry,1.0,37.79
2025-06-02,Creatina,5.0,509.98
2025-06-02,Creatina - Creafort (Creapure),10.0,1531.0
2025-06-02,Creatina - Creapure,4.0,447.36
2025-06-02,Creatina 100%,7.0,422.66
2025-06-02,Creatina 100% Pure,3.0,321.12
2025-06-02,Creatina 1100mg,2.0,78.66
2025-06-02,Creatina Micronizada,1.0,228.24
2025-06-02,Creatina Monohidratada,33.0,2549.56
2025-06-02,Creatina Monohidratada (Creapure),7.0,1303.18
2025-06-02,Creatina Monohidratada - Creatine,6.0,542.16
2025-06-02,Creatina Monohidratada em Gummy,1.0,110.41
2025-06-02,Creatina Premium - Creapure,1.0,199.36
2025-06-02,Cálcio de Algas 1000mg,2.0,101.86
2025-06-02,Cúrcuma Plus,17.0,1025.58
2025-06-02,Enzima - Enzyfor,1.0,68.0
2025-06-02,Enzimas Enzyfor,2.0,235.62
2025-06-02,Ferro,1.0,18.18
2025-06-02,Ferro - Ydrosolv,3.0,275.4
2025-06-02,Ferro Quelado 34mg,2.0,52.86
2025-06-02,Ferro Quelato + Vitamina C,3.0,120.48
2025-06-02,Fibras - Fiberlift,1.0,111.65
2025-06-02,Fibras Prébioticas - Prebiotic,1.0,59.6
2025-06-02,Fresh Vegan,1.0,157.84
2025-06-02,Fresh Whey,12.0,1779.04
2025-06-02,Gel Neutro Fresh com Cafeína,2.0,55.96
2025-06-02,Gel Nitrato,1.0,25.83
2025-06-02,Glutamina,7.0,432.66
2025-06-02,Glutamina - Glutamax,1.0,43.32
2025-06-02,Glutamina Isolates,1.0,54.12
2025-06-02,Glutamina em Pó,1.0,86.49
2025-06-02,Gold Whey Concentrado Refil,2.0,251.2
2025-06-02,Granola - Zero Açúcar,1.0,19.35
2025-06-02,Granola Coconut,3.0,101.91
2025-06-02,Grassfed Whey Protein,1.0,223.95
2025-06-02,Hipercalórico - Creamass,1.0,97.93
2025-06-02,Hipercalórico - Hiper Mass Gainer,1.0,121.69
2025-06-02,Hipercalórico - Monsterone,1.0,92.59
2025-06-02,Isofort Plant (Life Vegan),1.0,91.8
2025-06-02,L-Taurina - 1.000mg,1.0,32.13
2025-06-02,Laranja Moro - Moroskinny,1.0,100.5
2025-06-02,Maca Peruana,2.0,134.7
2025-06-02,Maca Peruana 2000mg,1.0,66.43
2025-06-02,Magnésio,1.0,41.79
2025-06-02,Magnésio - 3MAG - Pool de Magnésio,2.0,123.94
2025-06-02,Magnésio - Inositol Relief 3.0,5.0,798.5
2025-06-02,Magnésio Dimalato,2.0,90.44
2025-06-02,Magnésio Inositol,5.0,747.06
2025-06-02,Magnésio Plus 900mg,2.0,154.5
2025-06-02,Melatonina,6.0,215.56
2025-06-02,Melatonina - Ydrosolv,1.0,76.5
2025-06-02,Melatonina Duo,3.0,146.68
2025-06-02,Melatonina Duo Harmony,1.0,103.78
2025-06-02,Melatonina Fast,2.0,61.0
2025-06-02,Morning Shot - Imunidade,3.0,276.34
2025-06-02,Multivitaminico  - Imunomult- 1000mg,1.0,113.86
2025-06-02,Multivitaminico - Imunomult- 1000mg,1.0,74.26
2025-06-02,Omegafor Family - Ômega 3,5.0,489.96
2025-06-02,Omegafor Plus,13.0,2279.19
2025-06-02,Omegafor Vision,2.0,193.26
2025-06-02,Palatinose,7.0,355.56
2025-06-02,Pasta de Amendoim,3.0,107.83
2025-06-02,Pasta de Amendoim Integral,2.0,31.98
2025-06-02,Pasta de Castanha de Caju,2.0,59.5
2025-06-02,Prebiótico - Fiber Liv,1.0,75.01
2025-06-02,Probiótico - Simcaps,1.0,57.8
2025-06-02,Probiótico - Simfort Plus,3.0,293.31
2025-06-02,Profem - Óleo de Prímula,1.0,84.15
2025-06-02,Proteina Vegetal,2.0,258.28
2025-06-02,Proteína - Isocrisp Plant Pouch,4.0,231.2
2025-06-02,Proteína Isolada e Hidrolisada - Body Protein,4.0,735.06
2025-06-02,Proteína Isolada e Hidrolisada - Body Protein Red,2.0,388.88
2025-06-02,Proteína Vegetal - Vegan Tasty,1.0,110.77
2025-06-02,Pré-Treino,1.0,89.85
2025-06-02,Pré-Treino - Beta Action,1.0,192.5
2025-06-02,Pré-treino - Energy Kick Caffeine,2.0,243.74
2025-06-02,Pré-treino - Heat Up,1.0,128.61
2025-06-02,Pré-treino - Taken,1.0,90.72
2025-06-02,Pré-treino Panic Pre Workout,2.0,166.7
2025-06-02,Própolis - Green Própolis,2.0,120.98
2025-06-02,Própolis Líquido - Gotas,4.0,125.4
2025-06-02,Própolis Trio,3.0,194.85
2025-06-02,Própolis Verde,1.0,47.59
2025-06-02,Própolis Verde - Alcoólico,2.0,52.52
2025-06-02,Própolis Verde - Propomax,2.0,52.52
2025-06-02,Própolis Verde 70,2.0,63.94
2025-06-02,Psyllium,10.0,554.85
2025-06-02,Refil 100% Whey - Tasty Iso,1.0,373.91
2025-06-02,Refil Whey 100% Pure,4.0,416.77
2025-06-02,Refil Whey Concentrado - W100,4.0,432.44
2025-06-02,Refil Whey Concentrado Havanna - W100,5.0,540.55
2025-06-02,Refil Whey Protein - 3W,3.0,528.24
2025-06-02,Refil Whey Protein Concentrado - 100% Whey,1.0,119.63
2025-06-02,Resveratrol,1.0,71.1
2025-06-02,Resveratrol 500mg,1.0,74.25
2025-06-02,Resveratrol Plus - 165mg,1.0,96.53
2025-06-02,Shot Matinal,1.0,62.28
2025-06-02,Simfort Femme,2.0,173.4
2025-06-02,Simfort Ultra,1.0,70.0
2025-06-02,Simfort fibras,6.0,330.42
2025-06-02,Sleep,1.0,101.01
2025-06-02,Spirulina 400mg,1.0,74.25
2025-06-02,Super Café - Desincoffee,1.0,93.86
2025-06-02,Super Ômega 3,8.0,1253.26
2025-06-02,SuperCoffee,14.0,1596.76
2025-06-02,SuperCoffee Língua de gato - Kopenhagen,5.0,701.65
2025-06-02,Suplemento Alimentar - Alpha Mater,2.0,226.5
2025-06-02,"Suplemento Alimentar - Cabelo, Pele e Unha - Gomas",1.0,71.14
2025-06-02,Suplemento Alimentar - GUARDIAN®,6.0,969.37
2025-06-02,Suplemento Alimentar - Green Shot,1.0,66.73
2025-06-02,Suplemento Alimentar - L-teanina - Happy Theanine,1.0,104.72
2025-06-02,Suplemento Alimentar - True Nac,2.0,104.3
2025-06-02,Suplemento de Magnésio - Blue Calm,4.0,424.46
2025-06-02,Suplemento para Cabelos e Unhas - Pillfood,1.0,56.02
2025-06-02,Suplemento para Imunidade - Immune Up 100%,1.0,111.49
2025-06-02,Suplemento para Imunidade - Immunity Guard,1.0,83.04
2025-06-02,Tablete de Doce,1.0,22.1
2025-06-02,Tasty Whey 3W Gourmet,6.0,916.42
2025-06-02,Termogênico - Lipix6,2.0,141.61
2025-06-02,Trio Magnésio 720mg,3.0,156.07
2025-06-02,True Cúrcuma,1.0,72.17
2025-06-02,True Cúrcuma com Ômega,1.0,114.69
2025-06-02,Ultracoffee - Vegano,1.0,75.93
2025-06-02,Vitamina - Good Mood,2.0,118.94
2025-06-02,Vitamina B12,5.0,157.79
2025-06-02,Vitamina C,3.0,171.93
2025-06-02,Vitamina C - Bio Vit C+,3.0,99.81
2025-06-02,Vitamina C3 - 1000mg,1.0,68.0
2025-06-02,Vitamina D - Vita D3,12.0,535.88
2025-06-02,Vitamina D - Vita D3 + C + Zinco,5.0,245.37
2025-06-02,Vitamina D em Gotas - Kids,1.0,35.83
2025-06-02,Vitamina D3,3.0,103.58
2025-06-02,Vitamina D3 + K2,3.0,182.68
2025-06-02,Vitamina D3 + K2 Gotas,2.0,110.74
2025-06-02,"Vitaminas A, E, D e K2- RESTAURE® - Gotas",1.0,158.8
2025-06-02,Whey,4.0,755.13
2025-06-02,Whey - Immuno Golden,1.0,201.96
2025-06-02,Whey - Isocrisp Pouch,2.0,178.0
2025-06-02,Whey - Sense,1.0,104.46
2025-06-02,Whey 3W,1.0,150.95
2025-06-02,Whey Concentrado - W100,1.0,113.0
2025-06-02,Whey Fort 3W,5.0,828.75
2025-06-02,Whey Isolado - Iso Triple Zero,2.0,374.72
2025-06-02,Whey Isolado Nectar Sweets,1.0,282.2
2025-06-02,Whey Protein - 3W - The Whey,2.0,225.0
2025-06-02,Whey Protein - CLEANPRO,1.0,132.93
2025-06-02,Whey Protein - Isofort Beauty,2.0,288.28
2025-06-02,Whey Protein 3W,1.0,153.17
2025-06-02,Whey Protein Concentrado,30.0,5003.78
2025-06-02,Whey Protein Concentrado Cappuccino 900g DUX,4.0,661.2
2025-06-02,Whey Protein Crisp - Isocrisp,2.0,76.74
2025-06-02,Whey Protein Hidrolisado,1.0,374.85
2025-06-02,Whey Protein ISO 100 Hydrolyzed,1.0,722.03
2025-06-02,Whey Protein Isolado,4.0,1149.2
2025-06-02,Whey Protein Isolado - Isofort,5.0,1420.08
2025-06-02,Whey Protein Isolado - Tasty Iso,2.0,482.68
2025-06-02,Whey Tech 100%,10.0,1291.94
2025-06-02,Whey hidrolisado e isolado,5.0,1231.3
2025-06-02,Whey hidrolisado e isolado Creme Broule 837g TRUE SOURCE,1.0,246.26
2025-06-02,Óleo de Prímula - 500mg,2.0,58.66
2025-06-02,Ômega -  Mega DHA,3.0,258.03
2025-06-02,Ômega 3,1.0,170.55
2025-06-02,Ômega 3 - 1360mg,4.0,515.12
2025-06-02,Ômega 3 - EPA DHA - 1000mg,9.0,648.39
2025-06-02,Ômega 3 - Ultra Caps 1000mg,1.0,125.77
2025-06-02,Ômega 3 DHA,2.0,228.84
2025-06-02,Ômega 3 EPA DHA,16.0,1116.21
2025-06-02,Ômega 3 Pulse,3.0,342.39
2025-06-02,Ômega 3 Super DHA,1.0,96.07
2025-06-02,Ômega 3 Super DHA - BIG N,6.0,521.1
2025-06-02,Ômega 3 Super DHA BIG,2.0,310.62
2025-06-02,Ômega Core,1.0,173.91
2025-06-02,Ômega Golden,1.0,159.41
2025-06-09,100% Whey Protein - Flavour,3.0,320.52
2025-06-09,100% Whey True Protein,1.0,179.25
2025-06-09,Achocolatado - Choco Family - Refil,2.0,71.12
2025-06-09,Achocolatado Multivitaminado - Choco Nutrients,1.0,36.52
2025-06-09,Aminoácido - Aminovita,1.0,120.7
2025-06-09,BT 400,1.0,175.31
2025-06-09,BT Nitrato,2.0,229.62
2025-06-09,BT Nitrato 400,2.0,269.81
2025-06-09,Barra Chocolate 70%,1.0,24.65
2025-06-09,Barrinha de Proteína,5.0,710.94
2025-06-09,Barrinha de Proteína - Protein Crisp Bar,4.0,244.92
2025-06-09,Barrinha de Proteína Protein Crisp,1.0,73.95
2025-06-09,Barrinha de Proteína Proto Bar - Havanna,1.0,109.24
2025-06-09,Barrinha de Proteína Thin,1.0,98.94
2025-06-09,Barrinha de Proteína Tube,1.0,79.56
2025-06-09,Barrinha de Proteína Veganpro Bar,1.0,83.39
2025-06-09,Barrinha de Proteína Whey Grego - Havanna,1.0,109.24
2025-06-09,Bebida Vegetal,1.0,48.25
2025-06-09,Beta Alanina,3.0,171.31
2025-06-09,Beta Glucana,1.0,74.29
2025-06-09,Bio Cálcio  60 caps PURAVIDA,1.0,57.72
2025-06-09,Bio Melatonina,1.0,59.5
2025-06-09,Bio Vitamina B12 em gotas,4.0,150.16
2025-06-09,Biscoito Proteico - Sublime,1.0,30.98
2025-06-09,Blend de Chá - Afrodisíaco,1.0,24.85
2025-06-09,Blend de Chá - Calmante,1.0,24.85
2025-06-09,Body Protein Vegano,1.0,132.83
2025-06-09,BodyBalance - Muscle Synergy,1.0,196.35
2025-06-09,Bombom,1.0,33.24
2025-06-09,"Boraprim - Borragem, Prímula e Gergelim",6.0,350.17
2025-06-09,Cafeína,1.0,43.22
2025-06-09,Chocolate 70% Cacau,2.0,46.76
2025-06-09,Chocolate 85% Cacau,1.0,23.38
2025-06-09,"Chocolate 99,9% Cacau",1.0,22.27
2025-06-09,Chocolate com Nibs,1.0,23.84
2025-06-09,Chá Sublime - Inverno,1.0,18.0
2025-06-09,Coenzima Q10  (200mg p/ porção),2.0,346.52
2025-06-09,Coenzima Q10 (200mg p/ porção),5.0,455.33
2025-06-09,Coenzima Q10 + Ômega 3 + Vitamina E,2.0,272.24
2025-06-09,Coenzima Q10 - (100mg p/ porção),3.0,178.5
2025-06-09,Coenzima Q10 - 200mg,1.0,129.97
2025-06-09,Coffee - Brainstorm,1.0,100.27
2025-06-09,Colágeno -  Collagen Gut,1.0,157.78
2025-06-09,Colágeno - Colagentek,1.0,76.73
2025-06-09,Colágeno - Colagentek Beauty,2.0,188.92
2025-06-09,Colágeno - Colagentek II,2.0,168.3
2025-06-09,Colágeno - Colagentek Protein - Bodybalance,14.0,1995.96
2025-06-09,Colágeno - Collagen Essential Protein,3.0,578.52
2025-06-09,Colágeno - Collagen Gut,4.0,631.12
2025-06-09,Colágeno - Collagen Protein Hidrolisado,5.0,660.05
2025-06-09,Colágeno - Collagen Protein Hidrolisado Berries Silvestres 450g PURAVIDA,3.0,403.44
2025-06-09,Colágeno - Collagen Renew Hidrolisado,2.0,152.86
2025-06-09,Colágeno - Collagen Tipo II 40mg,3.0,203.82
2025-06-09,Colágeno Collagen Skin,6.0,1058.97
2025-06-09,Colágeno Hidrolisado - Collagen Pro 18g,3.0,433.29
2025-06-09,Colágeno Tipo 1 e 2 - Collagen 2 Joint,1.0,150.75
2025-06-09,Colágeno Tipo II,1.0,53.97
2025-06-09,Colágeno Tipo II - Chondro,1.0,107.13
2025-06-09,Colágeno tipo 2 - Colagentek II,1.0,75.75
2025-06-09,Complexo B 500mg,2.0,62.72
2025-06-09,Creatina,4.0,365.61
2025-06-09,Creatina - Creafort (Creapure),4.0,627.0
2025-06-09,Creatina - Creapure,4.0,509.13
2025-06-09,Creatina - Gummies,2.0,209.7
2025-06-09,Creatina - Gummy,1.0,152.91
2025-06-09,Creatina 100%,7.0,553.98
2025-06-09,Creatina 1100mg,1.0,39.33
2025-06-09,Creatina Monohidratada,36.0,2779.77
2025-06-09,Creatina Monohidratada (Creapure),2.0,370.42
2025-06-09,Creatina Monohidratada - Creatine,8.0,719.59
2025-06-09,Creatina Monohidratada - Hardcore,2.0,176.88
2025-06-09,Cúrcuma 500mg,1.0,87.26
2025-06-09,Cúrcuma Plus,11.0,654.7
2025-06-09,Farinha de Aveia,3.0,37.92
2025-06-09,Ferro - Ydrosolv,1.0,91.8
2025-06-09,Ferro Quelato + Vitamina C,1.0,40.16
2025-06-09,Fibras Prébioticas - Prebiotic,3.0,178.8
2025-06-09,Fresh Vegan,1.0,157.84
2025-06-09,Fresh Whey,17.0,3020.24
2025-06-09,Gel - Endurance,1.0,71.4
2025-06-09,Gel Nitrato,3.0,86.61
2025-06-09,Gel Nitrato com L-Citrulinilarginina,2.0,74.94
2025-06-09,Glutamina,7.0,437.03
2025-06-09,Glutamina - Glutamax,6.0,402.17
2025-06-09,Glutamina em Pó,3.0,219.39
2025-06-09,Glutationa,1.0,135.55
2025-06-09,Gold Whey Concentrado Refil,1.0,125.6
2025-06-09,Granola,1.0,35.82
2025-06-09,Granola - Zero Açúcar,1.0,19.35
2025-06-09,Intratreino - Intra Workout,1.0,139.35
2025-06-09,Isofort Plant (Life Vegan),2.0,183.6
2025-06-09,L-Carnitina 530mg,1.0,85.68
2025-06-09,Maca Peruana 2000mg,3.0,199.29
2025-06-09,Magnésio,1.0,41.79
2025-06-09,Magnésio - Inositol Relief 3.0,2.0,319.4
2025-06-09,Magnésio Plus - 350mg,3.0,223.14
2025-06-09,Magnésio Plus 900mg,1.0,81.75
2025-06-09,Massa Alimentícia de Fibra,1.0,24.3
2025-06-09,Matchá - Chá Verde em Pó,1.0,78.63
2025-06-09,Melatonina,3.0,126.18
2025-06-09,Melatonina - Sleepfor,1.0,49.3
2025-06-09,Melatonina Duo Harmony,1.0,103.78
2025-06-09,Melatonina Fast,2.0,40.44
2025-06-09,Morning Shot - Imunidade,10.0,930.94
2025-06-09,Multivitaminico  - Imunomult- 1000mg,3.0,341.58
2025-06-09,NAC + Glycine + Taurine,1.0,67.32
2025-06-09,NAC Acetilcisteína -  600mg,1.0,69.84
2025-06-09,Omegafor Plus,16.0,2460.18
2025-06-09,Palatinose,3.0,155.31
2025-06-09,Pasta de Amendoim,3.0,107.83
2025-06-09,Pasta de Amendoim Granulado,1.0,20.22
2025-06-09,Power Coffee,1.0,74.56
2025-06-09,Prebiótico,1.0,63.0
2025-06-09,Probiótico - Simcaps,2.0,100.13
2025-06-09,Probiótico - Simfort Plus,6.0,400.1
2025-06-09,Probióticos em Pó - Simfort,2.0,171.9
2025-06-09,Proteina Vegetal - True Vegan,1.0,195.69
2025-06-09,Proteína - Isocrisp Plant Pouch,1.0,57.8
2025-06-09,Proteína Isolada e Hidrolisada - Body Protein,3.0,561.97
2025-06-09,Proteína Vegana - Vegan Tasty,3.0,331.28
2025-06-09,Pré-Treino,2.0,216.7
2025-06-09,Pré-treino Exquenta,1.0,135.99
2025-06-09,Próbiotico - Purabiotics,2.0,153.0
2025-06-09,Própolis Líquido - Gotas,1.0,31.35
2025-06-09,Própolis Verde,1.0,36.3
2025-06-09,Psyllium,2.0,110.97
2025-06-09,Refil 100% Whey - Tasty Iso,1.0,373.91
2025-06-09,Refil 100% Whey Protein - Flavour,1.0,102.21
2025-06-09,Refil Whey 100% Pure,2.0,190.0
2025-06-09,Refil Whey Concentrado - W100,5.0,540.75
2025-06-09,Refil Whey Concentrado Havanna - W100,4.0,432.44
2025-06-09,Refil Whey Protein - 3W,2.0,352.16
2025-06-09,Refil Whey Protein Concentrado - 100% Whey,1.0,119.63
2025-06-09,Resveratrol Plus - 165mg,1.0,96.53
2025-06-09,Sleep,6.0,859.26
2025-06-09,Spirulina 500mg,1.0,74.25
2025-06-09,Super Ômega 3,6.0,993.51
2025-06-09,SuperCoffee,28.0,3088.77
2025-06-09,SuperCoffee Língua de gato - Kopenhagen,3.0,420.99
2025-06-09,Suplemento - Hyaluronic Hair,1.0,66.73
2025-06-09,Suplemento Alimentar - Alpha Inflaminus,3.0,368.43
2025-06-09,Suplemento Alimentar - Alpha Mater,2.0,226.5
2025-06-09,Suplemento Alimentar - GUARDIAN®,4.0,649.08
2025-06-09,Suplemento Alimentar - Green Shot,2.0,133.46
2025-06-09,Suplemento Alimentar - L-teanina - Happy Theanine,2.0,209.44
2025-06-09,Suplemento Alimentar - Pura Fiber,2.0,130.0
2025-06-09,Suplemento de Magnésio - Blue Calm,1.0,82.24
2025-06-09,Suplemento para Cabelos e Unhas - Pillfood,2.0,112.04
2025-06-09,Tasty Whey 3W Gourmet,4.0,653.92
2025-06-09,Termogênico - Lipix6,2.0,227.96
2025-06-09,Termogênico - Termo Plus,2.0,245.84
2025-06-09,Trio Magnésio 720mg,3.0,154.35
2025-06-09,Vinagre de Maçã - Gummies,1.0,63.79
2025-06-09,Vitamina - Good Mood,2.0,118.94
2025-06-09,Vitamina B12,4.0,130.31
2025-06-09,Vitamina B12 - Bio B12,1.0,80.96
2025-06-09,Vitamina B9 - Metilfolato,1.0,47.7
2025-06-09,Vitamina B9 - Ácido Fólico,1.0,61.52
2025-06-09,Vitamina C,2.0,114.62
2025-06-09,Vitamina C - Bio Vit C+,3.0,99.81
2025-06-09,Vitamina D - Ativa D3,2.0,188.24
2025-06-09,Vitamina D - Vita D3,9.0,422.01
2025-06-09,Vitamina D - Vita D3 + C + Zinco,2.0,108.9
2025-06-09,Vitamina D3,3.0,103.58
2025-06-09,Vitamina D3 + K2,2.0,119.0
2025-06-09,Vitamina D3 Synergy,3.0,178.5
2025-06-09,"Vitaminas A, E, D e K2- RESTAURE® - Gotas",1.0,158.8
2025-06-09,Whey,6.0,1519.04
2025-06-09,Whey 3W,2.0,301.9
2025-06-09,Whey Fort 3W,5.0,828.75
2025-06-09,Whey Isolado - Iso Triple Zero,2.0,374.72
2025-06-09,Whey Protein 3W,2.0,306.34
2025-06-09,Whey Protein Concentrado,47.0,7813.88
2025-06-09,Whey Protein Concentrado Cappuccino 900g DUX,2.0,330.6
2025-06-09,Whey Protein Crisp - Isocrisp,1.0,38.37
2025-06-09,Whey Protein ISO 100 Hydrolyzed,1.0,722.03
2025-06-09,Whey Protein Isolado,9.0,2695.97
2025-06-09,Whey Protein Isolado - Isofort,3.0,862.66
2025-06-09,Whey Tech 100%,13.0,1712.75
2025-06-09,Whey hidrolisado e isolado,1.0,246.26
2025-06-09,Whey hidrolisado e isolado Creme Broule 837g TRUE SOURCE,1.0,246.26
2025-06-09,Ômega -  Mega DHA,4.0,344.04
2025-06-09,Ômega - Mega DHA,1.0,168.07
2025-06-09,Ômega 3,1.0,170.55
2025-06-09,Ômega 3 - 1360mg,1.0,128.78
2025-06-09,Ômega 3 - EPA DHA - 1000mg,4.0,215.08
2025-06-09,Ômega 3 - Omegafor Memory,1.0,91.58
2025-06-09,Ômega 3 - Ultra Caps 1000mg,2.0,251.54
2025-06-09,Ômega 3 EPA DHA,7.0,578.18
2025-06-09,Ômega 3 Pulse,1.0,114.13
2025-06-09,Ômega 3 Super DHA - BIG N,4.0,347.4
2025-06-09,Ômega 3 Super DHA BIG,2.0,310.62
2025-06-09,Ômega Core,1.0,151.88
2025-06-16,#Whey Fort 3W,1.0,165.75
2025-06-16,#Whey Protein Concentrado,1.0,111.94
2025-06-16,100% Whey Protein - Flavour,5.0,501.61
2025-06-16,100% Whey Pure,3.0,413.28
2025-06-16,Achocolatado - Choco Family - Refil,1.0,45.13
2025-06-16,Achocolatado - Chocoki,2.0,113.4
2025-06-16,Aminoácido - Aminovita,3.0,362.1
2025-06-16,Aminoácido - BCAA - Glyco HD,1.0,23.39
2025-06-16,Aminoácido N-acetil L-cisteína (NAC),3.0,198.9
2025-06-16,Aminoácidos - Aminnu EAAs,1.0,185.9
2025-06-16,Aminoácidos - Aminolift,1.0,157.78
2025-06-16,BT 400,1.0,175.31
2025-06-16,BT Nitrato,3.0,407.58
2025-06-16,BT Nitrato 400,1.0,126.75
2025-06-16,Barrinha de Proteína,2.0,294.68
2025-06-16,Barrinha de Proteína - PROTO WAFER,1.0,37.5
2025-06-16,Barrinha de Proteína Choco Wheyfer,1.0,82.02
2025-06-16,Barrinha de Proteína Crunch,1.0,36.85
2025-06-16,Barrinha de Proteína Protein Crisp,1.0,73.95
2025-06-16,Beta Alanina,5.0,273.65
2025-06-16,Bio Cálcio  60 caps PURAVIDA,2.0,115.44
2025-06-16,Bio Ferro,3.0,112.62
2025-06-16,Bio Vitamina B12 em gotas,2.0,79.39
2025-06-16,Bio Zinco,2.0,51.24
2025-06-16,Biotina Plus,3.0,118.95
2025-06-16,Biscoito Proteico,4.0,112.2
2025-06-16,"Boraprim - Borragem, Prímula e Gergelim",7.0,467.76
2025-06-16,Cafeína - Caffeinex 200,2.0,64.54
2025-06-16,Chocolate 85% Cacau,1.0,23.38
2025-06-16,Chocolate com Cranberry,1.0,23.84
2025-06-16,Chá Vitatea,1.0,58.17
2025-06-16,Coenzima  Q10 - 100mg,1.0,83.33
2025-06-16,Coenzima Q10,1.0,77.19
2025-06-16,Coenzima Q10  (200mg p/ porção),4.0,716.56
2025-06-16,Coenzima Q10 (200mg p/ porção),8.0,700.4
2025-06-16,Coenzima Q10 + Ômega 3 + Vitamina E,4.0,544.48
2025-06-16,Coenzima Q10 - (100mg p/ porção),1.0,59.5
2025-06-16,Coenzima Q10 - 200mg,1.0,129.97
2025-06-16,Coffee - Brainstorm,1.0,100.27
2025-06-16,Colágeno -  Collagen Gut,1.0,157.78
2025-06-16,Colágeno - Colagentek,3.0,230.19
2025-06-16,Colágeno - Colagentek Beauty,1.0,94.46
2025-06-16,Colágeno - Colagentek II,4.0,302.29
2025-06-16,Colágeno - Colagentek Protein - Bodybalance,6.0,828.96
2025-06-16,Colágeno - Collagen Bones,1.0,150.83
2025-06-16,Colágeno - Collagen Essential Protein,8.0,1524.8
2025-06-16,Colágeno - Collagen Protein Hidrolisado,3.0,398.33
2025-06-16,Colágeno - Collagen Renew Hidrolisado,2.0,152.86
2025-06-16,Colágeno - Collagen Tipo II 40mg,2.0,135.88
2025-06-16,Colágeno Collagen Flex Beauty,1.0,161.47
2025-06-16,Colágeno Collagen Skin,1.0,180.88
2025-06-16,Colágeno Hidrolisado - Collagen Pro 18g,7.0,1011.01
2025-06-16,Complexo B,1.0,80.64
2025-06-16,Complexo B - Bio Vit.B+,2.0,70.22
2025-06-16,Coq10 + Vitamina E,1.0,139.0
2025-06-16,Creatina,4.0,399.41
2025-06-16,Creatina - Creafort (Creapure),5.0,875.0
2025-06-16,Creatina - Creapure,1.0,157.44
2025-06-16,Creatina 100%,6.0,470.15
2025-06-16,Creatina 100% Pure,1.0,107.04
2025-06-16,Creatina Monohidratada,23.0,1817.64
2025-06-16,Creatina Monohidratada -  Crealift (Creapure),1.0,250.34
2025-06-16,Creatina Monohidratada - Creatine,2.0,177.43
2025-06-16,Creatina Monohidratada - Hardcore,1.0,88.44
2025-06-16,Creatina Premium - Creapure,1.0,199.36
2025-06-16,Cúrcuma Plus,11.0,580.7
2025-06-16,Energy Gel,1.0,201.35
2025-06-16,Energy Gel - Endurance,2.0,47.6
2025-06-16,Enzima Lactase - Laczyme,1.0,66.83
2025-06-16,Enzimas Enzyfor,1.0,117.81
2025-06-16,Farinha de Aveia,1.0,12.64
2025-06-16,Feno Grego,1.0,75.48
2025-06-16,Ferro,1.0,18.18
2025-06-16,Ferro Quelado 34mg,1.0,26.43
2025-06-16,Ferro Quelato + Vitamina C,1.0,40.16
2025-06-16,Fresh Vegan,1.0,157.84
2025-06-16,Fresh Whey,6.0,1135.91
2025-06-16,Gel Neutro Fresh com Cafeína,4.0,111.92
2025-06-16,Gel Nitrato,1.0,34.95
2025-06-16,Glutamina,3.0,325.13
2025-06-16,Glutamina - Glutamax,1.0,71.77
2025-06-16,Glutamina Isolada,1.0,45.77
2025-06-16,Glutamina Isolates,1.0,54.12
2025-06-16,Glutamina Micronizada - 100% Pure,1.0,83.8
2025-06-16,Glutamina em Pó,2.0,159.62
2025-06-16,Gold Whey Concentrado Refil,4.0,502.4
2025-06-16,Grassfed Whey Protein,1.0,223.95
2025-06-16,Grassfed Whey Protein - Concentrado,1.0,223.96
2025-06-16,Isofort Plant (Life Vegan),4.0,367.2
2025-06-16,Leite de Coco em Pó - Coco Cream,1.0,52.63
2025-06-16,Magnésio Plus - 350mg,4.0,282.4
2025-06-16,Magnésio Plus 900mg,2.0,156.21
2025-06-16,Magnésio Quelato - Bio Mag,3.0,160.38
2025-06-16,Massa Alimentícia de Fibra,2.0,48.6
2025-06-16,Melatonina,1.0,39.42
2025-06-16,Melatonina Duo,1.0,51.3
2025-06-16,Multivitaminico  - Imunomult- 1000mg,2.0,227.72
2025-06-16,Multivitaminico - Imunomult- 1000mg,1.0,74.26
2025-06-16,Multivitamínico - Vitalift,2.0,287.5
2025-06-16,NAC + Glycine + Taurine,1.0,67.32
2025-06-16,Nitro 400,2.0,238.06
2025-06-16,Omegafor Family - Ômega 3,2.0,117.58
2025-06-16,Omegafor Plus,11.0,1824.27
2025-06-16,Pasta de Amendoim,3.0,131.27
2025-06-16,Pasta de Castanha de Caju,1.0,36.13
2025-06-16,Power Coffee,1.0,74.56
2025-06-16,Prebiótico - Fiber Liv,1.0,75.01
2025-06-16,Probiótico - Simcaps,3.0,176.7
2025-06-16,Probiótico - Simfort Plus,4.0,295.84
2025-06-16,Probióticos em Pó - Simfort,3.0,431.97
2025-06-16,Proteina Vegetal,2.0,246.5
2025-06-16,Proteína Isolada e Hidrolisada - Body Protein,11.0,2125.03
2025-06-16,Proteína Isolada e Hidrolisada - Body Protein Red,3.0,583.32
2025-06-16,Proteína Vegana - Vegan Tasty,1.0,109.74
2025-06-16,Proteína Vegana - Veggie Protein,1.0,193.63
2025-06-16,Pré-Treino,1.0,67.32
2025-06-16,Pré-Treino - V Fort Ultra,2.0,202.96
2025-06-16,Pré-treino,1.0,146.93
2025-06-16,Pré-treino - Energyzer & focus,2.0,190.28
2025-06-16,Próbiotico - Purabiotics,1.0,76.5
2025-06-16,Própolis - Green Própolis,1.0,60.49
2025-06-16,Própolis Alcoólico,1.0,26.26
2025-06-16,Própolis Verde - Propomax,2.0,52.52
2025-06-16,Própolis Verde 70,1.0,31.97
2025-06-16,Psyllium,1.0,72.38
2025-06-16,Refil BT 400 Nitrato,1.0,254.32
2025-06-16,Refil Creatina,3.0,439.38
2025-06-16,Refil Whey 100% Pure,4.0,453.54
2025-06-16,Refil Whey Concentrado - W100,3.0,324.53
2025-06-16,Refil Whey Concentrado Havanna - W100,1.0,108.11
2025-06-16,Refil Whey Protein Concentrado,1.0,142.0
2025-06-16,Refil Whey Protein Concentrado - 100% Whey,2.0,239.26
2025-06-16,Resveratrol - Resveramax,1.0,151.11
2025-06-16,Shot Matinal,1.0,62.28
2025-06-16,Simfort Ultra,2.0,140.0
2025-06-16,Simfort fibras,4.0,220.28
2025-06-16,Sleep,1.0,151.65
2025-06-16,Super Ômega 3,6.0,868.42
2025-06-16,SuperCoffee,4.0,409.73
2025-06-16,SuperCoffee Língua de gato - Kopenhagen,3.0,485.51
2025-06-16,Suplemento - Beauty Care,1.0,56.12
2025-06-16,Suplemento - Hyaluronic Hair,1.0,66.73
2025-06-16,Suplemento Alimentar  - Hepatofor,2.0,143.54
2025-06-16,Suplemento Alimentar - Alpha Inflaminus,1.0,122.81
2025-06-16,Suplemento Alimentar - GUARDIAN®,2.0,320.29
2025-06-16,Suplemento Alimentar - Green Shot,1.0,66.73
2025-06-16,Suplemento de Magnésio - Blue Calm,1.0,71.31
2025-06-16,Tasty Whey 3W Gourmet,1.0,163.48
2025-06-16,Termogênico - Lipix6,3.0,255.59
2025-06-16,Termogênico - Termo Plus,2.0,217.8
2025-06-16,Trio Magnésio 720mg,5.0,257.25
2025-06-16,True Cúrcuma,2.0,144.34
2025-06-16,True Cúrcuma com Ômega,1.0,139.0
2025-06-16,Ultracoffee - Vegano,1.0,75.93
2025-06-16,Vinagre de Maçã - Gummies,1.0,63.79
2025-06-16,Vitamina - Good Mood,1.0,59.47
2025-06-16,Vitamina A - 8000 Ui,2.0,55.5
2025-06-16,Vitamina B12,11.0,432.39
2025-06-16,Vitamina B9 - Ácido Fólico,1.0,61.52
2025-06-16,Vitamina D - Vita D3,9.0,397.25
2025-06-16,Vitamina D - Vita D3 + C + Zinco,4.0,191.4
2025-06-16,Vitamina D3,5.0,210.66
2025-06-16,Vitamina D3 + K2,1.0,59.5
2025-06-16,Vitamina D3 + K2 Gotas,2.0,130.97
2025-06-16,Vitamina D3 - 2000 Ui,2.0,61.88
2025-06-16,Vitamina D3 - Ydrosolv,1.0,76.5
2025-06-16,Vitamina D3 Synergy,4.0,238.0
2025-06-16,Whey,2.0,536.09
2025-06-16,Whey - Immuno Golden,2.0,403.92
2025-06-16,Whey Concentrado - 100% Whey,1.0,138.11
2025-06-16,Whey Fort 3W,5.0,994.5
2025-06-16,Whey Isolado - Iso Triple Zero,4.0,749.44
2025-06-16,Whey Protein - 3W - The Whey,1.0,112.5
2025-06-16,Whey Protein Concentrado,13.0,2157.75
2025-06-16,Whey Protein Concentrado Cappuccino 900g DUX,3.0,495.9
2025-06-16,Whey Protein Crisp - Isocrisp,2.0,76.74
2025-06-16,Whey Protein Isolado,8.0,2334.8
2025-06-16,Whey Protein Isolado - Isofort,1.0,278.71
2025-06-16,Whey Protein Vegetal,1.0,134.9
2025-06-16,Whey Tech 100%,2.0,259.24
2025-06-16,Zinco Quelato,1.0,40.49
2025-06-16,Ômega 3 - 1360mg,5.0,643.9
2025-06-16,Ômega 3 - DHA Vegan 430mg,1.0,121.53
2025-06-16,Ômega 3 - EPA DHA - 1000mg,4.0,310.2
2025-06-16,Ômega 3 - Omegafor Memory,1.0,91.58
2025-06-16,Ômega 3 - Ultra Caps 1000mg,1.0,125.77
2025-06-16,Ômega 3 EPA DHA,17.0,1659.33
2025-06-16,Ômega 3 Super DHA - BIG N,7.0,607.95
2025-06-16,Ômega Core,1.0,151.88
2025-06-16,Ômega Golden,1.0,159.41
2025-06-23,100% Whey Protein - Flavour,5.0,534.2
2025-06-23,100% Whey Pure,7.0,964.32
2025-06-23,Achocolatado - Choco Family - Refil,2.0,71.12
2025-06-23,Aminoácido - BCAA - Glyco HD,1.0,23.39
2025-06-23,Aminoácido - BCAA 2:1:1,1.0,25.28
2025-06-23,Aminoácido - Tryptophan,1.0,49.02
2025-06-23,Aminoácido N-acetil L-cisteína (NAC),2.0,128.7
2025-06-23,Aminoácidos - Aminnu EAAs,1.0,185.9
2025-06-23,Aminoácidos - Aminolift,1.0,157.78
2025-06-23,Arginofor - L-Arginina,1.0,57.8
2025-06-23,Aveia - Flocos Grossos,1.0,14.27
2025-06-23,BT Nitrato 400,2.0,286.12
2025-06-23,BT Nitrato com cafeína,1.0,143.06
2025-06-23,Barra Chocolate 70%,1.0,24.65
2025-06-23,Barrinha de Proteína,5.0,562.42
2025-06-23,Barrinha de Proteína - Best Whey Bar,1.0,52.8
2025-06-23,Barrinha de Proteína Crunch,1.0,56.1
2025-06-23,Barrinha de Proteína Dark Bar,1.0,109.89
2025-06-23,Barrinha de Proteína Protein Crisp,1.0,73.95
2025-06-23,Barrinha de Proteína Vegan Radiance Joy,1.0,122.4
2025-06-23,Barrinha de Proteína Veganpro Bar,1.0,83.39
2025-06-23,Barrinha de Proteína Whey Grego - Havanna,1.0,86.4
2025-06-23,Beef Protein,3.0,589.47
2025-06-23,Beta Alanina,4.0,204.68
2025-06-23,Beta Alanina Pure,1.0,53.32
2025-06-23,Bio Cálcio  60 caps PURAVIDA,3.0,173.16
2025-06-23,Bio Ferro,5.0,187.7
2025-06-23,Bio Vitamina B12 em gotas,4.0,154.47
2025-06-23,Bio Zinco,1.0,25.62
2025-06-23,Biotina Plus,2.0,79.3
2025-06-23,Biscoito Proteico,1.0,28.05
2025-06-23,Blend de Chá - Energia,1.0,24.85
2025-06-23,Body Protein Vegano,1.0,132.83
2025-06-23,Bombom,1.0,33.24
2025-06-23,Booster Energético - Upgrade Energy - TCM,1.0,125.64
2025-06-23,"Boraprim - Borragem, Prímula e Gergelim",7.0,267.75
2025-06-23,Chá - Deep Mint,2.0,102.04
2025-06-23,Chá - Fresh Chamomile,2.0,102.04
2025-06-23,Coenzima Q10,4.0,305.28
2025-06-23,Coenzima Q10 (200mg p/ porção),5.0,484.5
2025-06-23,Coenzima Q10 + Ômega 3 + Vitamina E,4.0,544.48
2025-06-23,Coenzima Q10 - (100mg p/ porção),3.0,178.5
2025-06-23,Coenzima Q10+ 200mg,2.0,210.52
2025-06-23,Colágeno - Colagentek,1.0,76.73
2025-06-23,Colágeno - Colagentek II,2.0,218.55
2025-06-23,Colágeno - Colagentek Protein - Bodybalance,4.0,552.64
2025-06-23,Colágeno - Collagen Essential Protein,4.0,754.36
2025-06-23,Colágeno - Collagen Gut,1.0,157.78
2025-06-23,Colágeno - Collagen Pro - Body Suport,4.0,655.92
2025-06-23,Colágeno - Collagen Protein Hidrolisado,3.0,409.83
2025-06-23,Colágeno - Collagen Protein Hidrolisado Berries Silvestres 450g PURAVIDA,2.0,268.96
2025-06-23,Colágeno - Collagen Renew Hidrolisado,3.0,229.29
2025-06-23,Colágeno - Collagen Tipo II 40mg,1.0,67.94
2025-06-23,Colágeno Hidrolisado - Collagen Pro 18g,1.0,144.43
2025-06-23,Colágeno Tipo II,2.0,107.94
2025-06-23,Colágeno Tipo II - Artro Aid,2.0,178.36
2025-06-23,Complexo B - Bio Vit.B+,2.0,70.22
2025-06-23,Coq10 + Vitamina E,1.0,122.77
2025-06-23,Creatina,4.0,237.12
2025-06-23,Creatina - Creafort (Creapure),8.0,1400.0
2025-06-23,Creatina - Creapure,2.0,254.08
2025-06-23,Creatina 100%,3.0,251.49
2025-06-23,Creatina 1100mg,1.0,39.33
2025-06-23,Creatina Monohidratada,25.0,1973.8
2025-06-23,Creatina Monohidratada (Creapure),2.0,370.42
2025-06-23,Creatina Monohidratada - Creatine,7.0,625.94
2025-06-23,Creatina Monohidratada - Hardcore,2.0,176.88
2025-06-23,Creatina Premium - Creapure,1.0,199.36
2025-06-23,Creatina em Cápsulas,1.0,45.79
2025-06-23,Cromo Picolinato - 250mg,1.0,24.52
2025-06-23,Cúrcuma 500mg,1.0,87.26
2025-06-23,Cúrcuma Plus,12.0,715.9
2025-06-23,Feno Grego + Boro 500mg,1.0,79.43
2025-06-23,Ferro - Ydrosolv,3.0,275.4
2025-06-23,Ferro Quelato + Vitamina C,1.0,40.16
2025-06-23,Fibras Prébioticas - Prebiotic,4.0,238.4
2025-06-23,Fresh Whey,13.0,2320.53
2025-06-23,Gel - Endurance,1.0,71.4
2025-06-23,Glutamina,9.0,470.04
2025-06-23,Glutamina Isolates,3.0,162.36
2025-06-23,Glutamina em Pó,3.0,232.75
2025-06-23,Gold Whey Concentrado Refil,5.0,689.18
2025-06-23,Granola - Sem Glúten,1.0,19.35
2025-06-23,Granola - Zero Açúcar,2.0,38.7
2025-06-23,Grassfed Whey Protein - Concentrado,1.0,137.26
2025-06-23,Hipercalórico - Creamass,1.0,97.93
2025-06-23,Hipercalórico - Monsterone,1.0,92.59
2025-06-23,Immuno Whey,1.0,181.95
2025-06-23,Isofort Plant (Life Vegan),3.0,275.4
2025-06-23,L-Carnitina 530mg,2.0,147.98
2025-06-23,Laranja Moro - Moroskinny,1.0,100.5
2025-06-23,Magnésio,1.0,41.79
2025-06-23,Magnésio - Bio Trimag,2.0,85.56
2025-06-23,Magnésio - Inositol Relief 3.0,2.0,319.4
2025-06-23,Magnésio Dimalato,1.0,45.22
2025-06-23,Magnésio Inositol,1.0,150.31
2025-06-23,Magnésio Plus - 350mg,2.0,148.76
2025-06-23,Magnésio Plus 900mg,1.0,74.46
2025-06-23,Magnésio Quelato - Bio Mag,2.0,106.92
2025-06-23,Melatonina,1.0,46.94
2025-06-23,Melatonina - Sleepfor,2.0,137.28
2025-06-23,Melatonina Duo,2.0,95.38
2025-06-23,Melatonina Fast,1.0,20.22
2025-06-23,Morning Shot - Imunidade,5.0,438.09
2025-06-23,Multivitaminico  - Imunomult- 1000mg,1.0,141.53
2025-06-23,Multivitaminico - Imunomult- 1000mg,2.0,148.52
2025-06-23,Multivitamínicos - Gummy,3.0,165.15
2025-06-23,N-Acetil Cisteína (NAC),1.0,51.87
2025-06-23,Nootrópico - Brain Up Am/Pm  60 caps TRUE SOURCE,1.0,137.3
2025-06-23,Omegafor Family - Ômega 3,4.0,325.84
2025-06-23,Omegafor Plus,11.0,1656.27
2025-06-23,Omegafor Vision,1.0,96.63
2025-06-23,Palatinose,2.0,105.73
2025-06-23,Pasta de Amendoim,4.0,133.76
2025-06-23,Pasta de Amendoim Granulado,1.0,15.99
2025-06-23,Pre-Workout - DiaboVerde,1.0,78.43
2025-06-23,Probiótico - Simcaps,2.0,117.8
2025-06-23,Probiótico - Simfort Plus,10.0,744.74
2025-06-23,Proteina Vegetal,1.0,123.25
2025-06-23,Proteina Vegetal - True Vegan,2.0,391.38
2025-06-23,Proteína - Best Vegan,2.0,194.22
2025-06-23,Proteína - Isocrisp Plant Pouch,3.0,173.4
2025-06-23,Proteína Isolada e Hidrolisada - Body Protein,6.0,1081.24
2025-06-23,Proteína da  Carne - Carnibol,1.0,135.0
2025-06-23,Pré-treino,1.0,146.93
2025-06-23,Pré-treino - Energy Kick,1.0,121.87
2025-06-23,Própolis - Green Própolis,1.0,60.49
2025-06-23,Própolis Líquido - Gotas,1.0,31.35
2025-06-23,Própolis Verde - Alcoólico,2.0,52.52
2025-06-23,Própolis Verde - Propomax,1.0,26.26
2025-06-23,Própolis Verde 70,2.0,63.94
2025-06-23,Psyllium,1.0,38.59
2025-06-23,Refil Creatina,1.0,146.46
2025-06-23,Refil Whey 100% Pure,3.0,321.77
2025-06-23,Refil Whey Concentrado - W100,1.0,108.11
2025-06-23,Refil Whey Concentrado Havanna - W100,3.0,324.33
2025-06-23,Refil Whey Protein - 3W,1.0,176.08
2025-06-23,Refil Whey Protein Concentrado,5.0,806.65
2025-06-23,Refil Whey Protein Concentrado - 100% Whey,1.0,119.63
2025-06-23,Resveratrol 500mg,2.0,142.26
2025-06-23,Resveratrol Plus - 165mg,1.0,96.53
2025-06-23,Simfort fibras,1.0,55.07
2025-06-23,Sleep,4.0,539.75
2025-06-23,Spirulina Orgânica - 200 tabletes,1.0,103.07
2025-06-23,Super Ômega 3,6.0,970.52
2025-06-23,SuperCoffee,31.0,3520.11
2025-06-23,SuperCoffee Língua de gato - Kopenhagen,2.0,280.66
2025-06-23,Suplemento - Alimentar - Cálcio Citrato Malato,1.0,49.22
2025-06-23,Suplemento - Hyaluronic Hair,2.0,133.46
2025-06-23,Suplemento Alimentar - Alpha Mater,2.0,226.5
2025-06-23,"Suplemento Alimentar - Cabelo, Pele e Unha - Gomas",1.0,71.14
2025-06-23,Suplemento Alimentar - GUARDIAN®,4.0,649.08
2025-06-23,Suplemento Alimentar - Immune +,1.0,141.58
2025-06-23,Suplemento Alimentar - Slim Body 400mg,1.0,65.03
2025-06-23,Suplemento Alimentar - True Nac,1.0,52.15
2025-06-23,Suplemento Vitamínico - ZMA COMPLEX,1.0,30.0
2025-06-23,Suplemento de Magnésio - Blue Calm,3.0,342.22
2025-06-23,Tasty Whey 3W Gourmet,1.0,163.48
2025-06-23,Termogênico - Lipix6,2.0,177.32
2025-06-23,Triptofano Noite,1.0,68.0
2025-06-23,True Cúrcuma com Ômega,2.0,229.38
2025-06-23,Vegan Protein,1.0,123.41
2025-06-23,Vegan Protein - Vegano,1.0,106.05
2025-06-23,Vegan Ômega 3 DHA,1.0,117.16
2025-06-23,Vitamina B12,6.0,269.42
2025-06-23,Vitamina C + Zinco - Gomas,1.0,48.76
2025-06-23,Vitamina D - Vita D3,4.0,176.35
2025-06-23,Vitamina D - Vita D3 + C + Zinco,8.0,408.72
2025-06-23,Vitamina D3,2.0,79.92
2025-06-23,Vitamina D3 + K2,2.0,105.25
2025-06-23,Vitamina D3 + K2 Gotas,3.0,166.11
2025-06-23,Vitamina D3 - 2000 Ui,2.0,61.88
2025-06-23,Vitamina D3 Synergy,1.0,59.5
2025-06-23,Whey,5.0,1138.07
2025-06-23,Whey - Isocrisp Pouch,1.0,89.0
2025-06-23,Whey - Sense,2.0,208.92
2025-06-23,Whey Fort 3W,4.0,663.0
2025-06-23,Whey Isolado - Iso Triple Zero,3.0,562.08
2025-06-23,Whey Isolado - Isoflex,1.0,269.16
2025-06-23,Whey Isolado - Isofort Ultra Imuno,1.0,299.88
2025-06-23,Whey Protein - CLEANPRO,1.0,132.93
2025-06-23,Whey Protein - Isofort Beauty,3.0,432.42
2025-06-23,Whey Protein Concentrado,18.0,3039.97
2025-06-23,Whey Protein Concentrado Cappuccino 900g DUX,3.0,495.9
2025-06-23,Whey Protein Isolado,10.0,2776.56
2025-06-23,Whey Protein Isolado - Isofort,6.0,1672.26
2025-06-23,Whey Protein Isolado - Tasty Iso,4.0,965.36
2025-06-23,Whey Tech 100%,6.0,781.98
2025-06-23,Whey hidrolisado e isolado,2.0,492.52
2025-06-23,Óleo de Coco  - Spray,1.0,23.8
2025-06-23,Ômega -  Mega DHA,6.0,516.06
2025-06-23,Ômega - Mega DHA,1.0,200.6
2025-06-23,Ômega 3 - 1360mg,2.0,257.56
2025-06-23,Ômega 3 - EPA DHA - 1000mg,3.0,160.31
2025-06-23,Ômega 3 DHA,2.0,219.92
2025-06-23,Ômega 3 EPA DHA,15.0,931.3
2025-06-23,Ômega 3 Super DHA - BIG N,3.0,260.55
2025-06-23,Ômega 3 Super DHA BIG,1.0,155.31
2025-06-23,Ômega Golden,3.0,507.23
2025-06-23,Ômega Ultra - 1000mg,1.0,84.92
2025-06-30,#Whey Fort 3W,2.0,331.5
2025-06-30,100% Whey Protein - Flavour,6.0,608.45
2025-06-30,100% Whey Pure,3.0,327.76
2025-06-30,Achocolatado - Choco Family - Refil,4.0,161.38
2025-06-30,Achocolatado - Chocoki,1.0,81.63
2025-06-30,Achocolatado Multivitaminado - Choco Nutrients,4.0,146.08
2025-06-30,Aminoácido - Aminovita,1.0,120.7
2025-06-30,Aminoácido - BCAA Fort,1.0,80.92
2025-06-30,Aminoácido N-acetil L-cisteína (NAC),2.0,134.55
2025-06-30,Aminoácidos - Aminnu EAAs,2.0,371.8
2025-06-30,Aminoácidos - Aminolift,3.0,557.58
2025-06-30,Antioxidante - Luteína e Zeaxantina,1.0,59.14
2025-06-30,Arginofor - L-Arginina,2.0,106.73
2025-06-30,BT 400,1.0,175.31
2025-06-30,BT Nitrato com cafeína,4.0,572.24
2025-06-30,Barra Double,1.0,25.35
2025-06-30,Barrinha - Body Protein,2.0,80.0
2025-06-30,Barrinha de Proteina - Protein Crisp Bar,1.0,79.9
2025-06-30,Barrinha de Proteína,7.0,731.4
2025-06-30,Barrinha de Proteína - Caramel Protein,1.0,85.0
2025-06-30,Barrinha de Proteína - Protein Crisp Bar,2.0,141.13
2025-06-30,Barrinha de Proteína Quest Bar - 60g (20g de proteína),1.0,238.0
2025-06-30,Barrinha de Proteína Thin,3.0,283.79
2025-06-30,Best Whey,1.0,149.25
2025-06-30,Beta Alanina,1.0,51.17
2025-06-30,Beta Alanina 100%,2.0,86.7
2025-06-30,Bio Ferro,3.0,117.2
2025-06-30,Bio Q10 100mg,1.0,107.87
2025-06-30,Bio Vitamina B12 em gotas,3.0,112.62
2025-06-30,Biscoito Proteico,7.0,196.35
2025-06-30,Blend de Chá - Calmante,1.0,24.85
2025-06-30,Body Protein Vegano,3.0,398.49
2025-06-30,BodyBalance - Muscle Synergy,1.0,196.35
2025-06-30,Bombom,1.0,33.24
2025-06-30,Booster Energético - Upgrade Energy - TCM,1.0,125.64
2025-06-30,"Boraprim - Borragem, Prímula e Gergelim",1.0,38.25
2025-06-30,Chocolate com Cranberry,1.0,23.84
2025-06-30,Chocolate com Nibs,1.0,23.84
2025-06-30,Coenzima  Q10 - 100mg,2.0,166.66
2025-06-30,Coenzima Q10,1.0,75.45
2025-06-30,Coenzima Q10  (200mg p/ porção),1.0,161.5
2025-06-30,Coenzima Q10 (200mg p/ porção),5.0,447.1
2025-06-30,Coenzima Q10 + Ômega 3 + Vitamina E,5.0,680.6
2025-06-30,Coenzima Q10 - (100mg p/ porção),4.0,298.18
2025-06-30,Coenzima Q10 200mg,1.0,94.9
2025-06-30,Coffee - Brainstorm,1.0,100.27
2025-06-30,Colágeno -  Collagen Gut,1.0,157.78
2025-06-30,Colágeno - Colagentek,3.0,238.36
2025-06-30,Colágeno - Colagentek Beauty,1.0,93.5
2025-06-30,Colágeno - Colagentek II,2.0,268.8
2025-06-30,Colágeno - Colagentek Protein - Bodybalance,8.0,1128.56
2025-06-30,Colágeno - Collagen Essential Protein,2.0,368.68
2025-06-30,Colágeno - Collagen Gut,2.0,315.56
2025-06-30,Colágeno - Collagen Protein Hidrolisado,2.0,285.86
2025-06-30,Colágeno - Collagen Protein Hidrolisado Berries Silvestres 450g PURAVIDA,1.0,179.9
2025-06-30,Colágeno - Collagen Renew Hidrolisado,6.0,459.05
2025-06-30,Colágeno - Collagen Tipo II 40mg,1.0,67.94
2025-06-30,Colágeno - Multi Collagen,1.0,252.9
2025-06-30,Colágeno Collagen Skin,1.0,154.57
2025-06-30,Colágeno Hidrolisado - Collagen Pro 18g,5.0,748.11
2025-06-30,Colágeno Tipo II,3.0,179.7
2025-06-30,Colágeno Tipo II - Artro Aid,1.0,89.18
2025-06-30,Complexo B - Bio Vit.B+,1.0,35.11
2025-06-30,Coq10 + Vitamina E,1.0,122.77
2025-06-30,Creatina,7.0,674.86
2025-06-30,Creatina - Creafort (Creapure),2.0,408.1
2025-06-30,Creatina - Creapure,4.0,515.62
2025-06-30,Creatina - Gummy,2.0,305.82
2025-06-30,Creatina 100%,10.0,735.43
2025-06-30,Creatina 100% Pure,2.0,214.08
2025-06-30,Creatina Micronizada,1.0,228.24
2025-06-30,Creatina Monohidratada,28.0,2238.71
2025-06-30,Creatina Monohidratada (Creapure),4.0,773.64
2025-06-30,Creatina Monohidratada - Creatine,7.0,631.73
2025-06-30,Creatina Monohidratada - Hardcore,3.0,265.32
2025-06-30,Creme de Avelã,1.0,51.17
2025-06-30,Cromo Picolinato - 250mg,1.0,24.52
2025-06-30,Cúrcuma - Curcumagic,2.0,225.12
2025-06-30,Cúrcuma 500mg,3.0,264.42
2025-06-30,Cúrcuma Plus,7.0,477.98
2025-06-30,Dado de creatina,1.0,127.35
2025-06-30,Energy Gel - Endurance,1.0,23.8
2025-06-30,Energy Gel c/ Cafeína,1.0,37.41
2025-06-30,Enzimas Enzyfor,1.0,117.81
2025-06-30,Extrato de Laranja Moro 400mg,2.0,171.22
2025-06-30,Ferro Quelado 34mg,1.0,26.43
2025-06-30,Ferro Quelato + Vitamina C,1.0,43.9
2025-06-30,Fibras Prébioticas - Prebiotic,2.0,125.5
2025-06-30,Fresh Vegan,1.0,139.9
2025-06-30,Fresh Whey,8.0,1409.56
2025-06-30,Gel Nitrato,1.0,34.95
2025-06-30,Glutamina,9.0,547.73
2025-06-30,Glutamina - Glutamax,5.0,301.95
2025-06-30,Glutamina - Glutamax Refil,2.0,211.82
2025-06-30,Glutamina Isolada,1.0,45.77
2025-06-30,Gold Whey Concentrado Refil,3.0,391.1
2025-06-30,Granola,1.0,19.35
2025-06-30,Granola - Zero Açúcar,2.0,38.7
2025-06-30,Granola Australia - Low Carb,2.0,60.68
2025-06-30,Granola Coconut,2.0,67.94
2025-06-30,Hipercalórico - Monsterone,1.0,92.59
2025-06-30,Immuno Whey,1.0,181.95
2025-06-30,Isofort Plant (Life Vegan),2.0,243.35
2025-06-30,L-Taurina - 1.000mg,2.0,100.3
2025-06-30,Laranja Moro,2.0,135.06
2025-06-30,MCT com AGE,1.0,49.3
2025-06-30,Maca Peruana,1.0,67.35
2025-06-30,Maca Peruana 2000mg,3.0,199.29
2025-06-30,Magnésio + Inositol Relief 1.0,1.0,149.92
2025-06-30,Magnésio - Bio Trimag,7.0,299.46
2025-06-30,Magnésio - Inositol Relief 3.0,3.0,458.2
2025-06-30,Magnésio Inositol,1.0,129.77
2025-06-30,Magnésio Plus - 350mg,8.0,575.44
2025-06-30,Magnésio Plus 900mg,1.0,74.46
2025-06-30,Melatonina,2.0,64.6
2025-06-30,Melatonina - Sleepfor,1.0,68.64
2025-06-30,Melatonina Duo,2.0,95.38
2025-06-30,Melatonina em Gotas,1.0,35.89
2025-06-30,Mistura para Panqueca Proteica,1.0,39.95
2025-06-30,Morning Shot - Imunidade,2.0,187.11
2025-06-30,N-Acetil Cisteína (NAC),1.0,51.87
2025-06-30,Nitro 400,1.0,119.03
2025-06-30,Omegafor Family - Ômega 3,3.0,312.39
2025-06-30,Omegafor Plus,11.0,1892.88
2025-06-30,Palatinose,4.0,221.61
2025-06-30,Palatinose 100% - Carbolift,1.0,205.7
2025-06-30,Pasta de Amendoim,5.0,133.22
2025-06-30,Pasta de Amendoim Integral,4.0,63.96
2025-06-30,Pasta de Castanha de Caju,2.0,72.26
2025-06-30,Prebiótico - Fiber Liv,1.0,75.01
2025-06-30,Probiótico - Simcaps,3.0,159.03
2025-06-30,Probiótico - Simfort Plus,1.0,100.34
2025-06-30,Probióticos em Pó - Simfort,3.0,373.93
2025-06-30,Proteína - Best Vegan,1.0,108.79
2025-06-30,Proteína - Isocrisp Plant Pouch,3.0,173.4
2025-06-30,Proteína Isolada e Hidrolisada - Body Protein,7.0,1339.73
2025-06-30,Proteína Isolada e Hidrolisada - Body Protein Red,3.0,580.3
2025-06-30,Proteína Vegana - Vegan Tasty,2.0,219.48
2025-06-30,Proteína Vegana - Veggie Protein,1.0,206.17
2025-06-30,Proteína da  Carne - Carnibol,1.0,135.0
2025-06-30,Pré-Treino,1.0,108.35
2025-06-30,Pré-Treino  - Stim Free,2.0,248.7
2025-06-30,Pré-Treino - V Fort Ultra,2.0,202.96
2025-06-30,Pré-Treino Turbo,1.0,86.73
2025-06-30,Pré-treino Panic Pre Workout,2.0,166.7
2025-06-30,Própolis Líquido - Gotas,7.0,219.45
2025-06-30,Própolis Trio,1.0,64.95
2025-06-30,Própolis Verde - Propomax,1.0,26.26
2025-06-30,Psyllium,6.0,332.91
2025-06-30,Refil Creatina,1.0,146.46
2025-06-30,Refil Whey 100% Pure,1.0,95.0
2025-06-30,Refil Whey Concentrado - W100,6.0,649.06
2025-06-30,Refil Whey Concentrado Havanna - W100,8.0,838.66
2025-06-30,Refil Whey Protein - 3W,1.0,176.08
2025-06-30,Resveratrol Plus - 165mg,3.0,289.59
2025-06-30,Shot Matinal,4.0,249.12
2025-06-30,Simfort Femme,2.0,173.4
2025-06-30,Simfort fibras,3.0,175.04
2025-06-30,Sleep,1.0,103.8
2025-06-30,Spirulina 500mg,1.0,74.25
2025-06-30,Super Café - Desincoffee,2.0,187.72
2025-06-30,Super Ômega 3,5.0,957.25
2025-06-30,SuperCoffee,16.0,2099.91
2025-06-30,SuperCoffee Língua de gato - Kopenhagen,5.0,839.86
2025-06-30,Suplemento Alimentar - GUARDIAN®,2.0,324.54
2025-06-30,Suplemento Alimentar - Pura Fiber,1.0,65.0
2025-06-30,Suplemento Alimentar - Slim Body 400mg,1.0,65.03
2025-06-30,Suplemento para Imunidade - Immune Up 100%,1.0,111.49
2025-06-30,Tablete de Doce,1.0,22.1
2025-06-30,Tasty Whey 3W Gourmet,4.0,670.34
2025-06-30,Termogênico - Lipix6,2.0,166.93
2025-06-30,Termogênico - Termo Plus,2.0,217.8
2025-06-30,Tortinha Proteica,2.0,112.46
2025-06-30,Trio Magnésio 720mg,1.0,51.45
2025-06-30,Triptofano Noite,2.0,136.0
2025-06-30,True Cúrcuma,1.0,72.17
2025-06-30,True Cúrcuma com Ômega,2.0,229.38
2025-06-30,Ultracoffee - Vegano,6.0,489.55
2025-06-30,Vitamina B12,6.0,281.36
2025-06-30,Vitamina B9 - Metilfolato,1.0,47.7
2025-06-30,Vitamina B9 - Ácido Fólico,1.0,61.52
2025-06-30,Vitamina D - Vita D3,4.0,182.85
2025-06-30,Vitamina D - Vita D3 + C + Zinco,3.0,168.8
2025-06-30,Vitamina D3,3.0,164.07
2025-06-30,Vitamina D3 + K2,3.0,155.4
2025-06-30,Vitamina D3 + K2 Gotas,3.0,180.64
2025-06-30,Vitamina D3 - 2000 Ui,1.0,30.94
2025-06-30,Vitamina D3 Synergy,2.0,119.8
2025-06-30,Vitamina E - Ydrosolv,1.0,130.69
2025-06-30,"Vitaminas A, E, D e K2- RESTAURE® - Gotas",3.0,476.4
2025-06-30,Whey,4.0,1203.72
2025-06-30,Whey - Isocrisp Pouch,2.0,178.0
2025-06-30,Whey - Zero Lactose,1.0,229.42
2025-06-30,Whey 100% Gold Double Rich,1.0,260.96
2025-06-30,Whey Concentrado - W100,1.0,113.0
2025-06-30,Whey Fort 3W,5.0,828.75
2025-06-30,Whey Isolado - Iso Triple Zero,4.0,784.48
2025-06-30,Whey Protein - CLEANPRO,2.0,265.86
2025-06-30,Whey Protein - Isofort Beauty,2.0,278.46
2025-06-30,Whey Protein Concentrado,46.0,7741.8
2025-06-30,Whey Protein Concentrado Cappuccino 900g DUX,5.0,826.5
2025-06-30,Whey Protein Crisp - Isocrisp,1.0,38.37
2025-06-30,Whey Protein Hidrolisado,2.0,744.75
2025-06-30,Whey Protein Isolado,14.0,3820.07
2025-06-30,Whey Protein Isolado - Isofort,5.0,1441.27
2025-06-30,Whey Protein Isolado - Tasty Iso,5.0,1223.82
2025-06-30,Whey Tech 100%,6.0,770.05
2025-06-30,Whey hidrolisado e isolado,1.0,246.26
2025-06-30,Zinco Quelado,1.0,30.94
2025-06-30,Óleo de Coco  - Spray,2.0,47.6
2025-06-30,Óleo de Krill  - Ômega 3 EPA DHA,1.0,97.77
2025-06-30,Óleo de Prímula - E,1.0,80.75
2025-06-30,Ômega - Mega DHA,1.0,200.6
2025-06-30,Ômega 3,1.0,70.0
2025-06-30,Ômega 3  - 1360mg,1.0,179.9
2025-06-30,Ômega 3 - 1360mg,5.0,662.34
2025-06-30,Ômega 3 - EPA DHA - 1000mg,4.0,256.64
2025-06-30,Ômega 3 - Fish Oil,1.0,112.65
2025-06-30,Ômega 3 - Omegafor Memory,2.0,183.16
2025-06-30,Ômega 3 - Ultra Caps 1000mg,3.0,401.44
2025-06-30,Ômega 3 EPA DHA,21.0,1493.69
2025-06-30,Ômega 3 Pulse,4.0,407.26
2025-06-30,Ômega 3 Super DHA,2.0,192.14
2025-06-30,Ômega 3 Super DHA - BIG N,5.0,434.25
2025-06-30,Ômega 3 Super DHA BIG,1.0,189.9
2025-07-07,100% Whey Pure,6.0,805.13
2025-07-07,Achocolatado - Chocoki,2.0,159.8
2025-07-07,Amora Miúra - 1500mg,1.0,39.81
2025-07-07,Arginofor -  L-Arginina,2.0,167.64
2025-07-07,BT Nitrato 400,1.0,139.9
2025-07-07,Barrinha - Body Protein,1.0,40.0
2025-07-07,Barrinha de Proteína,5.0,699.5
2025-07-07,Barrinha de Proteína - Best Whey Bar,1.0,52.8
2025-07-07,Barrinha de Proteína - YOPRO,1.0,56.32
2025-07-07,Barrinha de Proteína Best Whey 49g (12g de Proteína),1.0,99.44
2025-07-07,Barrinha de Proteína Choco Wheyfer,1.0,23.77
2025-07-07,Barrinha de Proteína Cleanpro Bar,1.0,83.39
2025-07-07,Barrinha de Proteína Crunch,3.0,110.55
2025-07-07,Barrinha de Proteína Tube,1.0,30.57
2025-07-07,Barrinha de Proteína Whey Grego - Havanna,1.0,86.4
2025-07-07,Beef Protein,3.0,623.43
2025-07-07,Best Whey,1.0,184.55
2025-07-07,Beta Alanina,2.0,119.8
2025-07-07,Beta Alanina 100%,1.0,43.35
2025-07-07,Bio Cálcio  60 caps PURAVIDA,2.0,149.8
2025-07-07,Bio Ferro,3.0,128.7
2025-07-07,Bio Vitamina B12 em gotas,3.0,134.7
2025-07-07,Biotina Plus,2.0,79.3
2025-07-07,Biscoito Proteico,5.0,140.25
2025-07-07,Biscoito Proteico - Sublime,1.0,30.98
2025-07-07,Bom Ciclo,1.0,73.02
2025-07-07,"Boraprim - Borragem, Prímula e Gergelim",3.0,254.7
2025-07-07,Cafeína,2.0,86.44
2025-07-07,Chocolate - Chocolift,1.0,20.4
2025-07-07,Chá Vitatea,4.0,232.68
2025-07-07,Coenzima Q10,3.0,462.4
2025-07-07,Coenzima Q10  (200mg p/ porção),3.0,581.3
2025-07-07,Coenzima Q10 (200mg p/ porção),2.0,201.61
2025-07-07,Coenzima Q10 + Ômega 3 + Vitamina E,4.0,533.77
2025-07-07,Coenzima Q10 - (100mg p/ porção),2.0,155.8
2025-07-07,Coenzima Q10 - 100mg,1.0,95.55
2025-07-07,Coenzima Q10 100 Mg,2.0,202.22
2025-07-07,Colágeno - Colagentek,2.0,169.8
2025-07-07,Colágeno - Colagentek II,1.0,134.4
2025-07-07,Colágeno - Colagentek Protein - Bodybalance,1.0,169.02
2025-07-07,Colágeno - Collagen Derm,1.0,149.92
2025-07-07,Colágeno - Collagen Essential Protein,2.0,418.22
2025-07-07,Colágeno - Collagen Flex + Beauty,1.0,143.27
2025-07-07,Colágeno - Collagen Protein Hidrolisado,2.0,359.8
2025-07-07,Colágeno - Collagen Renew Hidrolisado,3.0,230.7
2025-07-07,Colágeno - Collagen Tipo II 40mg,1.0,74.9
2025-07-07,Colágeno - Gummies,1.0,94.6
2025-07-07,Colágeno Hidrolisado - Collagen Pro 18g,1.0,149.9
2025-07-07,Colágeno Tipo II,1.0,59.9
2025-07-07,Colágeno Tipo II - Artro Aid,2.0,189.8
2025-07-07,Complexo B 500mg,1.0,31.36
2025-07-07,Cranberry,3.0,115.92
2025-07-07,Creatina,1.0,94.9
2025-07-07,Creatina - Creafort (Creapure),5.0,899.5
2025-07-07,Creatina - Creapure,3.0,354.4
2025-07-07,Creatina - Gummies,1.0,110.7
2025-07-07,Creatina 100%,7.0,564.3
2025-07-07,Creatina Monohidratada,20.0,1605.16
2025-07-07,Creatina Monohidratada (Creapure),3.0,589.7
2025-07-07,Creatina Monohidratada - Creatine,4.0,363.94
2025-07-07,Creatina Monohidratada - Hardcore,3.0,254.7
2025-07-07,Creatina Premium - Creapure,1.0,216.75
2025-07-07,Cromo Picolinato - 250mg,1.0,24.52
2025-07-07,Cúrcuma Plus,7.0,532.78
2025-07-07,Ferro - Ydrosolv,2.0,199.8
2025-07-07,Ferro Quelado 34mg,1.0,26.43
2025-07-07,Ferro Quelato + Vitamina C,3.0,131.7
2025-07-07,Fibras - Fiberfor,1.0,82.01
2025-07-07,Fibras Prébioticas - Prebiotic,1.0,65.9
2025-07-07,Fresh Whey,7.0,1239.3
2025-07-07,Gel Nitrato,4.0,103.32
2025-07-07,Gel Nitrato com L-Citrulinilarginina,2.0,74.94
2025-07-07,Gluatamina em Sachê - Glutamax,1.0,93.18
2025-07-07,Glutamina,4.0,373.49
2025-07-07,Glutamina - Glutamax,2.0,123.22
2025-07-07,Glutamina - Glutamax Refil,2.0,239.8
2025-07-07,Glutamina em Pó,1.0,99.9
2025-07-07,Gold Whey Concentrado Refil,2.0,279.8
2025-07-07,Granola Coconut,1.0,33.97
2025-07-07,Granola Premium,1.0,33.09
2025-07-07,Grassfed Whey Protein,2.0,274.5
2025-07-07,Hipercalórico - Creamass,1.0,97.93
2025-07-07,Isofort Plant (Life Vegan),5.0,549.5
2025-07-07,L-Taurina - 1.000mg,2.0,56.1
2025-07-07,Maca Peruana,1.0,57.0
2025-07-07,Magnésio,1.0,44.9
2025-07-07,Magnésio + Inositol Relief 2.0,2.0,339.8
2025-07-07,Magnésio - Bio Trimag,2.0,139.8
2025-07-07,Magnésio Dimalato,2.0,90.44
2025-07-07,Magnésio Inositol,2.0,301.46
2025-07-07,Magnésio Plus - 350mg,1.0,69.9
2025-07-07,Magnésio Plus 900mg,1.0,79.9
2025-07-07,Magnésio Quelato - Bio Mag,1.0,53.46
2025-07-07,Melatonina,4.0,128.72
2025-07-07,Melatonina - Sleepfor,2.0,117.94
2025-07-07,Melatonina Duo,2.0,121.2
2025-07-07,Melatonina Em Gotas Premium - 210mcg,1.0,23.62
2025-07-07,Metilfolato,1.0,46.2
2025-07-07,Morning Shot - Imunidade,3.0,299.7
2025-07-07,Multivitaminico  - Imunomult- 1000mg,1.0,124.9
2025-07-07,Multivitaminico - Imunomult- 1000mg,2.0,148.52
2025-07-07,Multivitamínico Kids,1.0,60.67
2025-07-07,NAC + Glycine + Taurine,1.0,67.32
2025-07-07,NAC 650mg,1.0,54.49
2025-07-07,Nootrópico - Brain Up Am/Pm  60 caps TRUE SOURCE,1.0,134.25
2025-07-07,Omegafor Family - Ômega 3,1.0,69.9
2025-07-07,Omegafor Plus,9.0,1755.1
2025-07-07,Omegafor Vision,1.0,96.63
2025-07-07,Omegafor Vitamins,1.0,123.0
2025-07-07,Palatinose,8.0,477.78
2025-07-07,Pasta de Amendoim,7.0,235.47
2025-07-07,Probiótico - Simcaps,1.0,41.23
2025-07-07,Probiótico - Simfort Plus,3.0,329.7
2025-07-07,Probióticos em Pó - Simfort,2.0,254.8
2025-07-07,Proteína - Best Vegan,1.0,108.79
2025-07-07,Proteína - Isocrisp Plant - Pote,2.0,114.66
2025-07-07,Proteína Isolada e Hidrolisada - Body Coffee Protein,1.0,159.41
2025-07-07,Proteína Isolada e Hidrolisada - Body Protein,2.0,419.8
2025-07-07,Proteína Isolada e Hidrolisada - Body Protein Red,1.0,191.42
2025-07-07,Proteína Vegetal - Vegan Tasty,1.0,110.77
2025-07-07,Pré Treino,1.0,125.2
2025-07-07,Pré-Treino,2.0,209.8
2025-07-07,Pré-Treino  - Stim Free,1.0,124.35
2025-07-07,Pré-Treino - V Fort Ultra,1.0,114.9
2025-07-07,Pré-treino - Égide,1.0,115.15
2025-07-07,Pré-treino Panic Pre Workout,2.0,166.7
2025-07-07,Própolis Alcoólico,1.0,26.26
2025-07-07,Própolis Trio,1.0,64.95
2025-07-07,Própolis Verde - Alcoólico,2.0,52.52
2025-07-07,Própolis Verde 70,3.0,95.91
2025-07-07,Psyllium,2.0,103.65
2025-07-07,Pós-treino - Recharge 4:1,1.0,130.09
2025-07-07,Refil 100% Whey Protein - Flavour,2.0,204.42
2025-07-07,Refil Creatina,4.0,585.84
2025-07-07,Refil Whey 100% Pure,2.0,255.8
2025-07-07,Refil Whey Concentrado - W100,2.0,259.8
2025-07-07,Refil Whey Concentrado Havanna - W100,1.0,129.9
2025-07-07,Refil Whey Protein - 3W,1.0,199.9
2025-07-07,Refil Whey Protein Concentrado,2.0,695.7
2025-07-07,Resveratrol 500mg,1.0,68.01
2025-07-07,Shot Matinal,1.0,70.5
2025-07-07,Simfort Ultra,1.0,144.14
2025-07-07,Simfort fibras,2.0,129.8
2025-07-07,Sleep,1.0,179.9
2025-07-07,Super Ômega 3,8.0,1424.54
2025-07-07,SuperCoffee,13.0,1813.04
2025-07-07,SuperCoffee Língua de gato - Kopenhagen,5.0,824.5
2025-07-07,Suplemento - Hyaluronic Hair,1.0,74.9
2025-07-07,Suplemento Alimentar  - Hepatofor,1.0,78.3
2025-07-07,Suplemento Alimentar - Alpha Mater,6.0,869.4
2025-07-07,Suplemento Alimentar - GUARDIAN®,3.0,599.7
2025-07-07,Suplemento Alimentar - Immune +,1.0,141.58
2025-07-07,Suplemento Alimentar - L-teanina - Happy Theanine,1.0,104.72
2025-07-07,Suplemento Alimentar - True Nac,1.0,52.15
2025-07-07,Suplemento de Magnésio - Blue Calm,1.0,82.24
2025-07-07,Tasty Whey 3W Gourmet,4.0,719.6
2025-07-07,Termogênico - Lipix6,1.0,52.95
2025-07-07,True Cúrcuma com Ômega,3.0,344.07
2025-07-07,Vegan Protein,1.0,123.41
2025-07-07,Vitamina - Good Mood,1.0,59.47
2025-07-07,Vitamina B12,7.0,229.25
2025-07-07,Vitamina C - Antioxidante,1.0,19.97
2025-07-07,Vitamina D - Vita D3,8.0,433.2
2025-07-07,Vitamina D - Vita D3 + C + Zinco,1.0,59.9
2025-07-07,Vitamina D3,8.0,416.94
2025-07-07,Vitamina D3 + K2,6.0,392.53
2025-07-07,Vitamina D3 + K2 Gotas,2.0,139.8
2025-07-07,Vitamina D3 - 2000 Ui,1.0,30.94
2025-07-07,"Vitaminas A, E, D e K2- RESTAURE® - Gotas",2.0,317.8
2025-07-07,Whey,3.0,1039.7
2025-07-07,Whey - Isocrisp Pouch,2.0,169.8
2025-07-07,Whey Concentrado - W100,1.0,129.9
2025-07-07,Whey Fort 3W,4.0,783.46
2025-07-07,Whey Isolado e Hidrolisado - H.I Whey,1.0,221.09
2025-07-07,Whey Protein - 3W - The Whey,1.0,112.5
2025-07-07,Whey Protein - CLEANPRO,1.0,132.93
2025-07-07,Whey Protein - Isofort Beauty,1.0,149.9
2025-07-07,Whey Protein Concentrado,31.0,5420.4
2025-07-07,Whey Protein Concentrado Cappuccino 900g DUX,1.0,174.9
2025-07-07,Whey Protein Crisp - Isocrisp,1.0,38.37
2025-07-07,Whey Protein Isolado,8.0,2318.75
2025-07-07,Whey Protein Isolado - Isofort,2.0,599.8
2025-07-07,Whey Tech 100%,6.0,749.4
2025-07-07,Whey hidrolisado e isolado,2.0,529.15
2025-07-07,Whey hidrolisado e isolado Creme Broule 837g TRUE SOURCE,2.0,579.8
2025-07-07,Zinco,2.0,87.02
2025-07-07,Óleo de Krill  - Ômega 3 EPA DHA,1.0,97.77
2025-07-07,Óleo de Krill - Ômega 3 EPA DHA,1.0,56.07
2025-07-07,Ômega -  Mega DHA,3.0,260.9
2025-07-07,Ômega - Mega DHA,2.0,339.8
2025-07-07,Ômega 3  - 1360mg,1.0,179.9
2025-07-07,Ômega 3 - 1360mg,3.0,419.7
2025-07-07,Ômega 3 - EPA DHA - 1000mg,6.0,389.4
2025-07-07,Ômega 3 - Pro,1.0,45.22
2025-07-07,Ômega 3 - Ultra Caps 1000mg,3.0,449.7
2025-07-07,Ômega 3 DHA,3.0,359.7
2025-07-07,Ômega 3 EPA DHA,16.0,1314.57
2025-07-07,Ômega 3 Super DHA - BIG N,7.0,734.3
2025-07-07,Ômega 3 Super DHA BIG,1.0,189.9
2025-07-07,Ômega 3 Vegan DHA,1.0,98.11
2025-07-07,Ômega Core,1.0,151.88
2025-07-07,Ômega Ultra - 1000mg,1.0,84.92
2025-07-14,#Combo Sono e Relaxamento,1.0,134.67
2025-07-14,#Whey Fort 3W,1.0,165.75
2025-07-14,100% Whey Protein - Flavour,1.0,124.9
2025-07-14,Achocolatado - Choco Family - Refil,3.0,106.68
2025-07-14,Aminoácido - BCAA - Glyco HD,2.0,46.78
2025-07-14,Aminoácido - Tryptophan,1.0,49.02
2025-07-14,Aminoácido N-acetil L-cisteína (NAC),2.0,130.76
2025-07-14,Aminoácidos - Aminnu EAAs,1.0,199.9
2025-07-14,Aminoácidos - Aminolift,1.0,188.86
2025-07-14,BCAA com TCM,1.0,67.06
2025-07-14,BT 400,1.0,175.31
2025-07-14,BT Nitrato 400,2.0,266.65
2025-07-14,Barra Chocolate 70%,2.0,49.3
2025-07-14,Barrinha de Chocolate ao Leite,2.0,65.62
2025-07-14,Barrinha de Proteína,6.0,537.8
2025-07-14,Barrinha de Proteína Best Whey 49g (12g de Proteína),1.0,99.44
2025-07-14,Barrinha de Proteína Proto Bar - Havanna,1.0,109.24
2025-07-14,Barrinha de Proteína Tube,1.0,79.56
2025-07-14,Barrinhas de Proteína Crunch,1.0,139.9
2025-07-14,Beta Alanina,3.0,179.87
2025-07-14,Bio Ferro,3.0,125.63
2025-07-14,Bio Vitamina B12 em gotas,1.0,44.9
2025-07-14,Biotina Plus,1.0,39.65
2025-07-14,Biscoito Proteico,2.0,56.1
2025-07-14,Blend de Chá - Calmante,1.0,24.85
2025-07-14,Blend de Chá - Detox,1.0,24.85
2025-07-14,Body Protein Vegano,2.0,265.66
2025-07-14,BodyBalance - Muscle Synergy,1.0,239.9
2025-07-14,"Boraprim - Borragem, Prímula e Gergelim",2.0,169.8
2025-07-14,Cafeína,1.0,43.22
2025-07-14,Cafeína - Caffeinex 200,1.0,30.12
2025-07-14,Chocolate ao Leite - Marshmallow,1.0,29.49
2025-07-14,Chá - Hibiscus Plus,1.0,51.02
2025-07-14,Coenzima  Q10 - 100mg,1.0,83.33
2025-07-14,Coenzima Q10,1.0,79.9
2025-07-14,Coenzima Q10  (200mg p/ porção),1.0,209.9
2025-07-14,Coenzima Q10 (200mg p/ porção),4.0,365.26
2025-07-14,Coenzima Q10 - (100mg p/ porção),3.0,233.7
2025-07-14,Coenzima Q10 200mg,1.0,94.9
2025-07-14,Coffee - Brainstorm,2.0,200.54
2025-07-14,Colosfort,1.0,207.06
2025-07-14,Colágeno - Colagentek,1.0,84.9
2025-07-14,Colágeno - Colagentek Beauty,1.0,116.9
2025-07-14,Colágeno - Colagentek II,2.0,229.3
2025-07-14,Colágeno - Colagentek Protein - Bodybalance,1.0,164.9
2025-07-14,Colágeno - Collagen Essential Protein,5.0,1119.5
2025-07-14,Colágeno - Collagen Protein Hidrolisado,1.0,179.9
2025-07-14,Colágeno - Collagen Protein Hidrolisado Berries Silvestres 450g PURAVIDA,1.0,179.9
2025-07-14,Colágeno - Collagen Renew Hidrolisado,3.0,230.7
2025-07-14,Colágeno - Collagen Tipo II 40mg,1.0,74.9
2025-07-14,Colágeno Collagen Resilience,2.0,389.8
2025-07-14,Colágeno Collagen Skin,2.0,389.8
2025-07-14,Colágeno Hidrolisado - Collagen Pro 18g,1.0,149.9
2025-07-14,Colágeno Tipo II - Artro Aid,1.0,94.9
2025-07-14,Complexo B,1.0,83.09
2025-07-14,Complexo B - Bio Vit.B+,1.0,35.11
2025-07-14,Complexo B 500mg,1.0,31.36
2025-07-14,Creatina,5.0,429.26
2025-07-14,Creatina - Creafort (Creapure),1.0,179.9
2025-07-14,Creatina - Creapure,3.0,426.44
2025-07-14,Creatina - Gummies,1.0,99.0
2025-07-14,Creatina - Gummy,1.0,152.91
2025-07-14,Creatina 100%,2.0,109.8
2025-07-14,Creatina 1100mg,1.0,39.33
2025-07-14,Creatina Monohidratada,18.0,1331.85
2025-07-14,Creatina Monohidratada (Creapure),2.0,399.8
2025-07-14,Creatina Monohidratada - Creatine,9.0,846.27
2025-07-14,Creatina Monohidratada - Hardcore,1.0,84.9
2025-07-14,Creatina Monohidratada em Gummy,1.0,110.42
2025-07-14,Creatina Premium - Creapure,1.0,209.9
2025-07-14,Cromo Picolinato - 250mg,1.0,24.52
2025-07-14,Curcumina,2.0,152.86
2025-07-14,Cúrcuma 500mg,1.0,89.9
2025-07-14,Cúrcuma Plus,5.0,342.3
2025-07-14,Feno Grego + Boro 500mg,1.0,79.43
2025-07-14,Ferro Quelado 34mg,1.0,26.43
2025-07-14,Ferro Quelato + Vitamina C,2.0,87.8
2025-07-14,Fibras Prébioticas - Prebiotic,2.0,131.8
2025-07-14,Fresh Whey,11.0,1928.9
2025-07-14,Gel Nitrato,1.0,34.95
2025-07-14,Gel Nitrato com L-Citrulinilarginina,3.0,112.41
2025-07-14,Glutamina,3.0,183.7
2025-07-14,Glutamina - Glutamax,3.0,166.96
2025-07-14,Glutamina - Glutamax Refil,1.0,119.9
2025-07-14,Glutamina Micronizada - 100% Pure,1.0,48.04
2025-07-14,Glutamina em Pó,1.0,99.9
2025-07-14,Gold Whey Concentrado Refil,4.0,559.6
2025-07-14,Granola - Zero Açúcar,1.0,19.35
2025-07-14,Granola Australia - Low Carb,1.0,30.34
2025-07-14,Grassfed Whey Protein,1.0,137.25
2025-07-14,Immuno Whey,3.0,719.7
2025-07-14,Isofort Plant (Life Vegan),2.0,219.8
2025-07-14,Maca Peruana,3.0,191.7
2025-07-14,Magnésio,2.0,89.8
2025-07-14,Magnésio + Inositol Relief 1.0,2.0,339.8
2025-07-14,Magnésio + Inositol Relief 2.0,1.0,169.9
2025-07-14,Magnésio - Bio Trimag,3.0,209.7
2025-07-14,Magnésio - Inositol Relief 3.0,1.0,169.9
2025-07-14,Magnésio - Mag 5 Complex,2.0,120.2
2025-07-14,Magnésio Inositol,6.0,868.22
2025-07-14,Magnésio Plus - 350mg,1.0,69.9
2025-07-14,Matchá - Chá Verde em Pó,1.0,78.63
2025-07-14,Melatonina,1.0,39.42
2025-07-14,Melatonina - Sleepfor,3.0,205.92
2025-07-14,Melatonina Duo Harmony,1.0,103.78
2025-07-14,Melatonina Fast,4.0,80.88
2025-07-14,Morning Shot - Imunidade,3.0,299.7
2025-07-14,Multivitaminico  - Imunomult- 1000mg,1.0,124.9
2025-07-14,Nootrópico - Brain Up,1.0,137.3
2025-07-14,Omegafor Family - Ômega 3,3.0,309.7
2025-07-14,Omegafor Plus,14.0,2107.6
2025-07-14,Palatinose,5.0,276.08
2025-07-14,Pasta de Amendoim,2.0,51.86
2025-07-14,Pasta de Amendoim Granulado,1.0,20.22
2025-07-14,Pasta de Amendoim Integral,3.0,47.97
2025-07-14,Pasta de Castanha de Caju,1.0,33.92
2025-07-14,Pre-Workout - DiaboVerde,1.0,78.43
2025-07-14,Prebiótico - Fiber Liv,2.0,150.02
2025-07-14,Probiótico - Simcaps,2.0,100.13
2025-07-14,Probiótico - Simfort Plus,4.0,439.6
2025-07-14,Probióticos em Pó - Simfort,1.0,164.9
2025-07-14,Proteína - Isocrisp Plant - Pote,1.0,25.08
2025-07-14,Proteína Isolada e Hidrolisada - Body Protein,8.0,1679.2
2025-07-14,Proteína Isolada e Hidrolisada - Body Protein Red,2.0,419.8
2025-07-14,Proteína Vegetal - Vegan Tasty,1.0,110.77
2025-07-14,Pré-Treino,1.0,104.9
2025-07-14,Pré-Treino - Beta Action,1.0,209.9
2025-07-14,Pré-Treino Energy ATP®,1.0,199.9
2025-07-14,Pré-treino - Energyzer & focus,3.0,285.42
2025-07-14,Própolis - Green Própolis,1.0,60.49
2025-07-14,Própolis Alcoólico,2.0,52.52
2025-07-14,Própolis Líquido - Gotas,1.0,44.9
2025-07-14,Própolis Trio,5.0,324.75
2025-07-14,Própolis Verde,1.0,47.59
2025-07-14,Própolis Verde - Alcoólico,4.0,105.04
2025-07-14,Própolis Verde - Propomax,4.0,105.04
2025-07-14,Psyllium,2.0,138.65
2025-07-14,Pós-treino - Recharge 4:1,1.0,130.09
2025-07-14,Refil 100% Whey Protein - Flavour,1.0,102.21
2025-07-14,Refil Whey 100% Pure,2.0,255.8
2025-07-14,Refil Whey Concentrado - W100,4.0,484.7
2025-07-14,Refil Whey Concentrado Havanna - W100,5.0,579.7
2025-07-14,Refil Whey Protein - 3W,1.0,113.4
2025-07-14,Refil Whey Protein Concentrado - 100% Whey,2.0,239.26
2025-07-14,Resveratrol Plus - 165mg,3.0,374.7
2025-07-14,Simfort Femme,2.0,179.8
2025-07-14,Simfort fibras,1.0,64.9
2025-07-14,Sleep,1.0,119.9
2025-07-14,Spirulina 400mg,1.0,83.85
2025-07-14,Super Ômega 3,3.0,689.7
2025-07-14,SuperCoffee,10.0,1464.0
2025-07-14,SuperCoffee Língua de gato - Kopenhagen,6.0,989.4
2025-07-14,Suplemento - Hyaluronic Hair,1.0,74.9
2025-07-14,Suplemento Alimentar - Alpha Mater,1.0,144.9
2025-07-14,Suplemento Alimentar - Alpha Men,1.0,116.93
2025-07-14,Suplemento Alimentar - GUARDIAN®,3.0,599.7
2025-07-14,Suplemento Alimentar - L-teanina - Happy Theanine,1.0,104.72
2025-07-14,Suplemento Alimentar - Moreflex,2.0,238.0
2025-07-14,Suplemento Alimentar - True Nac,1.0,52.15
2025-07-14,Suplemento alimentar de Ômega 3 - DHA OX,1.0,168.3
2025-07-14,Suplemento de Magnésio - Blue Calm,4.0,507.52
2025-07-14,Suplemento para Imunidade - Immunity Guard,2.0,166.08
2025-07-14,Tablete de Doce,1.0,22.73
2025-07-14,Tasty Whey 3W Gourmet,5.0,850.85
2025-07-14,Termogênico - Lipix6,3.0,213.8
2025-07-14,Trio Magnésio 720mg,3.0,169.05
2025-07-14,True Cúrcuma,3.0,216.51
2025-07-14,Vegan Protein - Vegano,1.0,106.05
2025-07-14,Vitamina B12,11.0,446.22
2025-07-14,Vitamina C - Bio Vit C+,3.0,99.81
2025-07-14,Vitamina C3 - 1000mg,1.0,80.32
2025-07-14,Vitamina D - Vita D3,5.0,264.5
2025-07-14,Vitamina D - Vita D3 + C + Zinco,3.0,179.7
2025-07-14,Vitamina D3,8.0,490.33
2025-07-14,Vitamina D3 + K2,4.0,213.18
2025-07-14,Vitamina D3 + K2 Gotas,2.0,139.8
2025-07-14,Vitamina D3 - 2000 Ui,1.0,30.94
2025-07-14,Vitamina D3 - Ydrosolv,6.0,459.0
2025-07-14,Vitamina D3 Synergy,3.0,179.7
2025-07-14,Whey,1.0,239.9
2025-07-14,Whey - Isocrisp Pouch,2.0,169.8
2025-07-14,Whey Concentrado - W100,1.0,129.9
2025-07-14,Whey Concentrado - Zerolac,1.0,240.89
2025-07-14,Whey Fort 3W,2.0,379.8
2025-07-14,Whey Isolado - Iso Triple Zero,1.0,177.32
2025-07-14,Whey Isolado Nectar,2.0,487.33
2025-07-14,Whey Isolado e Hidrolisado - H.I Whey,1.0,239.9
2025-07-14,Whey Protein - CLEANPRO,1.0,132.93
2025-07-14,Whey Protein - Isofort Beauty,1.0,149.9
2025-07-14,Whey Protein 3W,1.0,174.9
2025-07-14,Whey Protein Concentrado,18.0,3146.7
2025-07-14,Whey Protein Crisp - Isocrisp,2.0,76.74
2025-07-14,Whey Protein Isolado,14.0,4178.61
2025-07-14,Whey Protein Isolado - All Natural,1.0,363.15
2025-07-14,Whey Protein Isolado - Tasty Iso,1.0,249.9
2025-07-14,Whey Tech 100%,5.0,624.5
2025-07-14,Óleo de Krill  - Ômega 3 EPA DHA,1.0,97.77
2025-07-14,Ômega - Mega DHA,1.0,169.9
2025-07-14,Ômega 3,1.0,169.9
2025-07-14,Ômega 3  - 1360mg,1.0,179.9
2025-07-14,Ômega 3 - 1360mg,2.0,279.8
2025-07-14,Ômega 3 - EPA DHA - 1000mg,11.0,743.9
2025-07-14,Ômega 3 - Omegafor Memory,1.0,104.9
2025-07-14,Ômega 3 DHA,1.0,119.9
2025-07-14,Ômega 3 EPA DHA,7.0,813.3
2025-07-14,Ômega 3 Pulse,1.0,129.9
2025-07-14,Ômega 3 Super DHA,2.0,213.65
2025-07-14,Ômega 3 Super DHA BIG,3.0,569.7
2025-07-14,Ômega Beauty,1.0,62.82
2025-07-14,Ômega Core,3.0,599.7
2025-07-21,#Refil Whey 100% Pure,1.0,95.0
2025-07-21,100% Whey Pure,2.0,279.8
2025-07-21,Aminoácido - Aminovita,1.0,144.9
2025-07-21,Aminoácido - BCAA - Glyco HD,1.0,23.39
2025-07-21,Astaxantina,1.0,83.13
2025-07-21,BT Nitrato 400,2.0,319.8
2025-07-21,Barra Chocolate 70%,1.0,24.65
2025-07-21,Barrinha de Proteína,5.0,437.43
2025-07-21,Barrinha de Proteína - Protein Crisp Bar,2.0,159.8
2025-07-21,Barrinha de Proteína Choco Wheyfer,1.0,24.46
2025-07-21,Barrinha de Proteína Proto Bar - Havanna,1.0,109.24
2025-07-21,Barrinha de Proteína Tube,3.0,140.7
2025-07-21,Beta Alanina,1.0,59.9
2025-07-21,Beta Alanina 100%,1.0,43.35
2025-07-21,Bio Cálcio  60 caps PURAVIDA,2.0,149.8
2025-07-21,Bio Ferro,6.0,257.4
2025-07-21,Bio Vitamina B12 em gotas,1.0,44.9
2025-07-21,Bio Zinco,1.0,25.62
2025-07-21,Biscoito Proteico,2.0,56.1
2025-07-21,Blend de Chá - Calmante,1.0,24.85
2025-07-21,Blend de Chá - Digestivo,1.0,24.85
2025-07-21,Booster Energético - Upgrade Energy - TCM,1.0,125.64
2025-07-21,"Boraprim - Borragem, Prímula e Gergelim",1.0,45.9
2025-07-21,CarbPro 4:1 - Endurance & Recovery,1.0,134.17
2025-07-21,Chlorella,1.0,77.97
2025-07-21,Chá Misto,1.0,19.8
2025-07-21,Chá Sublime - Brisa,1.0,18.0
2025-07-21,Coenzima  Q10 - 100mg,1.0,83.33
2025-07-21,Coenzima Q10,2.0,159.8
2025-07-21,Coenzima Q10  (200mg p/ porção),3.0,581.3
2025-07-21,Coenzima Q10 (200mg p/ porção),3.0,344.7
2025-07-21,Coenzima Q10 + Ômega 3 + Vitamina E,1.0,139.9
2025-07-21,Coenzima Q10 - (100mg p/ porção),1.0,77.9
2025-07-21,Coenzima Q10 100 Mg,1.0,101.11
2025-07-21,Coenzima Q10+ 200mg,2.0,210.52
2025-07-21,Colágeno -  Collagen Gut,1.0,194.9
2025-07-21,Colágeno - Colagentek,1.0,84.9
2025-07-21,Colágeno - Colagentek II,1.0,94.9
2025-07-21,Colágeno - Colagentek Protein - Bodybalance,3.0,499.7
2025-07-21,Colágeno - Collagen Bones,1.0,194.9
2025-07-21,Colágeno - Collagen Renew Hidrolisado,1.0,76.9
2025-07-21,Colágeno - Multi Collagen,1.0,252.9
2025-07-21,Colágeno Collagen Skin,1.0,194.9
2025-07-21,Colágeno Hidrolisado - Collagen Pro 18g,3.0,449.7
2025-07-21,Creatina - Creafort (Creapure),4.0,729.6
2025-07-21,Creatina - Creapure,3.0,289.92
2025-07-21,Creatina 100%,2.0,159.8
2025-07-21,Creatina Monohidratada,24.0,2000.72
2025-07-21,Creatina Monohidratada (Creapure),2.0,389.8
2025-07-21,Creatina Monohidratada - Creatine,4.0,379.6
2025-07-21,Creatina Monohidratada - Hardcore,1.0,84.9
2025-07-21,Creatina em Cápsulas,1.0,45.79
2025-07-21,Creme de Pistache,1.0,68.0
2025-07-21,Cromo Picolinato - 250mg,1.0,24.52
2025-07-21,Cúrcuma,1.0,71.53
2025-07-21,Cúrcuma - Curcumagic,3.0,336.06
2025-07-21,Cúrcuma 500mg,1.0,89.9
2025-07-21,Cúrcuma Plus,5.0,310.1
2025-07-21,Enzimas Enzyfor,1.0,139.9
2025-07-21,Ferro - Ydrosolv,1.0,99.9
2025-07-21,Ferro Quelado 34mg,3.0,79.29
2025-07-21,Ferro Quelato + Vitamina C,3.0,131.7
2025-07-21,Fibras Prébioticas - Prebiotic,1.0,65.9
2025-07-21,Fresh Vegan,1.0,139.9
2025-07-21,Fresh Whey,6.0,1099.4
2025-07-21,Gel Nitrato,5.0,159.44
2025-07-21,Gel Nitrato com L-Citrulinilarginina,2.0,74.94
2025-07-21,Gluatamina em Sachê - Glutamax,1.0,93.18
2025-07-21,Glutamina,1.0,68.9
2025-07-21,Glutamina - Glutamax,2.0,123.22
2025-07-21,Glutamina Isolates,1.0,54.12
2025-07-21,Gold Whey Concentrado Refil,2.0,279.8
2025-07-21,Granola,2.0,71.64
2025-07-21,Grassfed Whey Protein,1.0,229.9
2025-07-21,Guaraná,1.0,18.87
2025-07-21,Isofort Plant (Life Vegan),1.0,109.9
2025-07-21,L-Carnitina 530mg,1.0,62.3
2025-07-21,L-Taurina - 1.000mg,2.0,78.2
2025-07-21,Leite de Coco em Pó - Coco Cream,1.0,52.63
2025-07-21,Maca Peruana,1.0,67.35
2025-07-21,Magnésio - Bio Trimag,5.0,349.5
2025-07-21,Magnésio - Mag 5 Complex,1.0,60.1
2025-07-21,Magnésio Inositol,2.0,300.62
2025-07-21,Magnésio Plus - 350mg,1.0,69.9
2025-07-21,Magnésio Plus 900mg,1.0,79.9
2025-07-21,Magnésio Quelato - Bio Mag,1.0,53.46
2025-07-21,Melatonina - Ydrosolv,3.0,229.5
2025-07-21,Melatonina Duo Harmony,1.0,103.78
2025-07-21,Melatonina Fast,1.0,40.78
2025-07-21,Melatonina em Gotas,1.0,35.89
2025-07-21,Morning Shot - Imunidade,3.0,299.7
2025-07-21,Multivitaminico  - Imunomult- 1000mg,3.0,374.7
2025-07-21,Multivitaminico - Imunomult- 1000mg,3.0,225.34
2025-07-21,NAC 650mg,1.0,54.49
2025-07-21,NAC Acetilcisteína -  600mg,1.0,69.84
2025-07-21,NAC PRO,1.0,59.1
2025-07-21,Omegafor Family - Ômega 3,1.0,69.9
2025-07-21,Omegafor Plus,11.0,1662.9
2025-07-21,Palatinose,2.0,112.59
2025-07-21,Palatinose 100% - Carbolift,1.0,75.03
2025-07-21,Pasta de Amendoim,1.0,53.59
2025-07-21,Pasta de Castanha de Caju,1.0,29.25
2025-07-21,Probiótico - Simcaps,1.0,58.9
2025-07-21,Probiótico - Simfort Plus,4.0,439.6
2025-07-21,Probióticos em Pó - Simfort,4.0,455.02
2025-07-21,Profem - Óleo de Prímula,1.0,84.15
2025-07-21,Proteína Isolada e Hidrolisada - Body Protein,4.0,839.6
2025-07-21,Proteína Vegana - Vegan Tasty,1.0,129.28
2025-07-21,Proteína Vegetal - Vegan Protein,1.0,102.59
2025-07-21,Pré-Treino  - Stim Free,1.0,124.35
2025-07-21,Pré-treino - Energy Kick,1.0,121.87
2025-07-21,Pré-treino - Energyzer & focus,3.0,285.42
2025-07-21,Pré-treino - Pre Workout,1.0,121.36
2025-07-21,Pré-treino - Taken,1.0,90.72
2025-07-21,Próbiotico - Purabiotics,1.0,76.5
2025-07-21,Própolis - Green Própolis,2.0,120.98
2025-07-21,Própolis Alcoólico,1.0,26.26
2025-07-21,Própolis Líquido - Gotas,1.0,44.9
2025-07-21,Própolis Verde - Alcoólico,2.0,52.52
2025-07-21,Própolis Verde - Premium 10mg,4.0,259.6
2025-07-21,Própolis Verde 70,1.0,31.97
2025-07-21,Psyllium,1.0,74.9
2025-07-21,Refil Creatina,1.0,146.46
2025-07-21,Refil Whey 100% Pure,3.0,368.3
2025-07-21,Refil Whey Concentrado - W100,3.0,389.7
2025-07-21,Refil Whey Concentrado Havanna - W100,1.0,129.9
2025-07-21,Refil Whey Protein Concentrado,1.0,166.17
2025-07-21,Repositor Energético - D Ribose,1.0,75.65
2025-07-21,Resveratrol,1.0,71.1
2025-07-21,Resveratrol 500mg,1.0,74.25
2025-07-21,Simfort Ultra,2.0,150.0
2025-07-21,Simfort fibras,2.0,129.8
2025-07-21,Sleep,1.0,119.9
2025-07-21,Super Ômega 3,4.0,702.51
2025-07-21,SuperCoffee,8.0,1038.48
2025-07-21,SuperCoffee Língua de gato - Kopenhagen,4.0,659.6
2025-07-21,Suplemento - Hyaluronic Hair,2.0,149.8
2025-07-21,Suplemento Alimentar - Alpha Inflaminus,2.0,289.8
2025-07-21,Suplemento Alimentar - Alpha Women,1.0,125.56
2025-07-21,"Suplemento Alimentar - Cabelo, Pele e Unha - Gomas",5.0,355.7
2025-07-21,Suplemento Alimentar - GUARDIAN®,2.0,399.8
2025-07-21,Suplemento Alimentar - Immune +,1.0,141.58
2025-07-21,Tasty Whey 3W Gourmet,4.0,719.6
2025-07-21,Trio Magnésio 720mg,3.0,164.7
2025-07-21,True Cúrcuma,1.0,72.17
2025-07-21,True Cúrcuma com Ômega,1.0,114.69
2025-07-21,Ultracoffee - Vegano,1.0,109.9
2025-07-21,Vinagre de Maçã - Gummies,1.0,63.79
2025-07-21,Vitamina A - 8000 Ui,1.0,27.75
2025-07-21,Vitamina B12,6.0,241.63
2025-07-21,Vitamina B9 - Ácido Fólico,1.0,61.52
2025-07-21,Vitamina C Plus,1.0,41.94
2025-07-21,Vitamina D - Vita D3,4.0,211.6
2025-07-21,Vitamina D - Vita D3 + C + Zinco,4.0,239.6
2025-07-21,Vitamina D3,6.0,233.4
2025-07-21,Vitamina D3 + K2,2.0,88.5
2025-07-21,Vitamina D3 - 2000 Ui,1.0,30.94
2025-07-21,Vitamina D3 - Ydrosolv,1.0,76.5
2025-07-21,Vitamina D3 Synergy,2.0,119.8
2025-07-21,Whey,6.0,1599.4
2025-07-21,Whey - Zero Lactose,1.0,229.42
2025-07-21,Whey Isolado - Iso Triple Zero,3.0,629.7
2025-07-21,Whey Isolado - Isofort Ultra Imuno,1.0,299.9
2025-07-21,Whey Protein - CLEANPRO,1.0,132.93
2025-07-21,Whey Protein 3W,1.0,174.9
2025-07-21,Whey Protein Concentrado,22.0,3847.8
2025-07-21,Whey Protein Concentrado Cappuccino 900g DUX,1.0,174.15
2025-07-21,Whey Protein Crisp - Isocrisp,3.0,115.11
2025-07-21,Whey Protein ISO 100 Hydrolyzed,1.0,722.03
2025-07-21,Whey Protein Isolado,4.0,1239.6
2025-07-21,Whey Protein Isolado - Isofort,5.0,1499.5
2025-07-21,Whey Tech 100%,2.0,249.8
2025-07-21,Whey hidrolisado e isolado,2.0,579.8
2025-07-21,Óleo de Coco  - Spray,1.0,17.85
2025-07-21,Óleo de Prímula - 500mg,1.0,29.33
2025-07-21,Ômega -  Mega DHA,1.0,94.9
2025-07-21,Ômega 3  - 1360mg,1.0,179.9
2025-07-21,Ômega 3 - 1360mg,1.0,139.9
2025-07-21,Ômega 3 - EPA DHA - 1000mg,7.0,464.3
2025-07-21,Ômega 3 DHA,1.0,119.9
2025-07-21,Ômega 3 EPA DHA,12.0,1126.8
2025-07-21,Ômega 3 Super DHA,2.0,239.8
2025-07-21,Ômega 3 Super DHA - BIG N,2.0,209.8
2025-07-21,Ômega Core,1.0,199.9
2025-07-28,100% Whey Protein - Flavour,1.0,124.9
2025-07-28,100% Whey Pure,4.0,559.6
2025-07-28,Achocolatado - Choco Family - Refil,1.0,35.56
2025-07-28,Aminoácido - Aminovita,1.0,144.9
2025-07-28,Aminoácidos - Aminnu EAAs,1.0,199.9
2025-07-28,Aminoácidos - Aminolift,1.0,199.9
2025-07-28,BT 400,1.0,175.31
2025-07-28,Barrinha de Proteína,12.0,1528.0
2025-07-28,Barrinha de Proteína - Protein Crisp Bar,1.0,79.9
2025-07-28,Barrinha de Proteína Best Whey 49g (12g de Proteína),1.0,99.44
2025-07-28,Barrinha de Proteína Protein Crisp,2.0,159.8
2025-07-28,Beef Protein,2.0,514.67
2025-07-28,Best Whey,3.0,518.35
2025-07-28,Beta Alanina,3.0,179.7
2025-07-28,Beta Alanina 100%,1.0,43.35
2025-07-28,Beta Glucana,1.0,74.29
2025-07-28,Bio Cálcio  60 caps PURAVIDA,1.0,74.9
2025-07-28,Bio Ferro,3.0,128.7
2025-07-28,Bio Vitamina B12 em gotas,1.0,44.9
2025-07-28,Bio Zinco,1.0,25.62
2025-07-28,Biotina Plus,3.0,118.95
2025-07-28,Blend de Chá - Afrodisíaco,1.0,24.85
2025-07-28,Blend de Chá - Calmante,1.0,24.85
2025-07-28,Blend de Chá - Detox,1.0,24.85
2025-07-28,Blend de Chá - Digestivo,1.0,24.85
2025-07-28,Booster Energético - Upgrade Energy - TCM,1.0,125.64
2025-07-28,"Boraprim - Borragem, Prímula e Gergelim",2.0,169.8
2025-07-28,Brain Focus,2.0,138.56
2025-07-28,Coenzima  Q10 - 100mg,1.0,83.33
2025-07-28,Coenzima Q10,3.0,351.05
2025-07-28,Coenzima Q10  (200mg p/ porção),4.0,839.6
2025-07-28,Coenzima Q10 (200mg p/ porção),3.0,344.7
2025-07-28,Coenzima Q10 - 200mg,1.0,129.97
2025-07-28,Coenzima Q10 - Bio Q10,1.0,120.76
2025-07-28,Coffee - Brainstorm,2.0,200.54
2025-07-28,Colágeno -  Collagen Gut,1.0,199.9
2025-07-28,Colágeno - Colagentek,1.0,84.9
2025-07-28,Colágeno - Colagentek Beauty,1.0,119.9
2025-07-28,Colágeno - Colagentek II,5.0,514.0
2025-07-28,Colágeno - Colagentek Protein - Bodybalance,1.0,164.9
2025-07-28,Colágeno - Collagen Derm,1.0,149.92
2025-07-28,Colágeno - Collagen Essential Protein,4.0,878.02
2025-07-28,Colágeno - Collagen Gut,1.0,194.9
2025-07-28,Colágeno - Collagen Protein Hidrolisado,2.0,359.8
2025-07-28,Colágeno - Collagen Protein Hidrolisado Berries Silvestres 450g PURAVIDA,2.0,359.8
2025-07-28,Colágeno - Collagen Renew Hidrolisado,8.0,618.33
2025-07-28,Colágeno - Collagen Tipo II 40mg,1.0,74.9
2025-07-28,Colágeno Hidrolisado - Collagen Pro 18g,7.0,1049.3
2025-07-28,Colágeno Tipo 1 e 2 - Collagen 2 Joint,1.0,150.75
2025-07-28,Colágeno Tipo II - Artro Aid,1.0,94.9
2025-07-28,Coq10 + Vitamina E,1.0,122.77
2025-07-28,Creatina,1.0,94.9
2025-07-28,Creatina - Creafort (Creapure),11.0,1808.9
2025-07-28,Creatina - Creapure,1.0,164.9
2025-07-28,Creatina - Gummies,2.0,209.7
2025-07-28,Creatina 100%,6.0,509.4
2025-07-28,Creatina 100% Pure,1.0,109.9
2025-07-28,Creatina Monohidratada,24.0,1898.66
2025-07-28,Creatina Monohidratada (Creapure),4.0,779.6
2025-07-28,Creatina Monohidratada - Creatine,9.0,854.1
2025-07-28,Creatina Monohidratada - Hardcore,3.0,254.7
2025-07-28,Creatina Premium - Creapure,1.0,209.9
2025-07-28,Creatina em Cápsulas,1.0,45.79
2025-07-28,Cromo Picolinato - 250mg,2.0,49.04
2025-07-28,Cúrcuma Plus,9.0,641.9
2025-07-28,Energy Gel,2.0,93.15
2025-07-28,Farinha de Aveia,2.0,25.28
2025-07-28,Ferro - Ydrosolv,1.0,99.9
2025-07-28,Ferro Quelado 34mg,2.0,52.86
2025-07-28,Ferro Quelato + Vitamina C,1.0,43.9
2025-07-28,Fibras Prébioticas - Prebiotic,6.0,395.4
2025-07-28,Fresh Vegan,1.0,139.9
2025-07-28,Fresh Whey,6.0,1099.4
2025-07-28,Glutamina,4.0,246.79
2025-07-28,Glutamina - Glutamax,8.0,383.14
2025-07-28,Glutamina - Glutamax Refil,2.0,239.8
2025-07-28,Glutamina em Pó,4.0,369.6
2025-07-28,Gold Whey Concentrado Refil,3.0,419.7
2025-07-28,Granola - Zero Açúcar,3.0,58.05
2025-07-28,Grassfed Whey Protein,1.0,137.25
2025-07-28,Grassfed Whey Protein - Concentrado,2.0,367.16
2025-07-28,Hipercalórico - Monsterone,2.0,185.18
2025-07-28,Immuno Whey,3.0,719.7
2025-07-28,Isofort Plant (Life Vegan),1.0,109.9
2025-07-28,L-Carnitina 530mg,2.0,147.98
2025-07-28,MCT com AGE,4.0,197.2
2025-07-28,Maca Peruana,1.0,67.35
2025-07-28,Magnésio,3.0,134.7
2025-07-28,Magnésio - Bio Trimag,4.0,279.6
2025-07-28,Magnésio - Inositol Relief 3.0,5.0,849.5
2025-07-28,Magnésio Inositol,1.0,150.31
2025-07-28,Magnésio Plus - 350mg,5.0,349.5
2025-07-28,Magnésio Plus 900mg,1.0,79.9
2025-07-28,Magnésio Quelato - Bio Mag,2.0,106.92
2025-07-28,Melatonina,3.0,104.02
2025-07-28,Melatonina Duo,1.0,69.9
2025-07-28,Melatonina Fast,3.0,60.66
2025-07-28,Mistura para Panqueca Proteica,1.0,39.95
2025-07-28,Morning Shot - Imunidade,5.0,499.5
2025-07-28,Multivitaminico  - Imunomult- 1000mg,1.0,124.9
2025-07-28,Multivitamínico - Alpha Kids,1.0,95.74
2025-07-28,N-Acetil Cisteína (NAC),2.0,103.74
2025-07-28,NAC PRO,1.0,59.1
2025-07-28,Nootrópico - Brain Up Am/Pm  60 caps TRUE SOURCE,1.0,137.3
2025-07-28,Omegafor Plus,13.0,2374.7
2025-07-28,Omegafor Vision,1.0,96.63
2025-07-28,Palatinose,2.0,129.8
2025-07-28,Pasta de Amendoim,5.0,213.82
2025-07-28,Pasta de Amendoim Integral,1.0,15.99
2025-07-28,Pasta de Castanha de Caju,1.0,29.25
2025-07-28,Prebiótico,1.0,61.66
2025-07-28,Prebiótico - Fiber Liv,1.0,75.01
2025-07-28,Probiótico - Simfort Plus,8.0,879.2
2025-07-28,Probióticos em Pó - Simfort,2.0,200.22
2025-07-28,Proteina Vegetal,2.0,246.5
2025-07-28,Proteina Vegetal - True Vegan,1.0,195.69
2025-07-28,Proteína - Isocrisp Plant - Pote,1.0,57.33
2025-07-28,Proteína Isolada e Hidrolisada - Body Protein,6.0,1240.92
2025-07-28,Proteína Isolada e Hidrolisada - Body Protein Red,5.0,1049.5
2025-07-28,Proteína Vegana - Vegan Tasty,1.0,110.77
2025-07-28,Proteína Vegetal - Vegan Protein,1.0,102.59
2025-07-28,Proteína Vegetal - Vegan Tasty,1.0,110.77
2025-07-28,Pré-Treino - Punk Pump,1.0,80.0
2025-07-28,Pré-Treino - V Fort Ultra,1.0,114.9
2025-07-28,Pré-treino - Energyzer & focus,1.0,95.14
2025-07-28,Próbiotico - Purabiotics,4.0,306.0
2025-07-28,Própolis Trio,1.0,64.95
2025-07-28,Própolis Verde - Alcoólico,1.0,26.26
2025-07-28,Própolis Verde - Premium 10mg,4.0,259.6
2025-07-28,Própolis Verde - Propomax,2.0,52.52
2025-07-28,Psyllium,7.0,489.3
2025-07-28,Pós-treino - Recharge 4:1,1.0,130.09
2025-07-28,Refil 100% Whey Protein - Flavour,1.0,102.21
2025-07-28,Refil Whey 100% Pure,2.0,222.9
2025-07-28,Refil Whey Concentrado - W100,1.0,129.9
2025-07-28,Refil Whey Concentrado Havanna - W100,1.0,129.9
2025-07-28,Refil Whey Protein - 3W,1.0,199.9
2025-07-28,Refil Whey Protein Concentrado,1.0,142.0
2025-07-28,Resveratrol Plus - 165mg,1.0,124.9
2025-07-28,Shot Matinal,2.0,149.8
2025-07-28,Simfort Femme,1.0,89.9
2025-07-28,Simfort fibras,2.0,129.8
2025-07-28,Sleep,2.0,299.8
2025-07-28,Super Ômega 3,4.0,809.6
2025-07-28,SuperCoffee,14.0,2019.44
2025-07-28,SuperCoffee Língua de gato - Kopenhagen,7.0,1164.3
2025-07-28,Suplemento - Alimentar - Cálcio Citrato Malato,1.0,49.22
2025-07-28,Suplemento Alimentar  - Hepatofor,1.0,84.9
2025-07-28,Suplemento Alimentar - Alpha Mater,1.0,144.9
2025-07-28,Suplemento Alimentar - Alpha Women,1.0,125.56
2025-07-28,Suplemento Alimentar - Geleia Real - Apireal,1.0,36.3
2025-07-28,Suplemento Alimentar - Green Shot,1.0,70.5
2025-07-28,Suplemento Alimentar - L-teanina - Happy Theanine,1.0,104.72
2025-07-28,Suplemento Alimentar - Pura Fiber,2.0,149.8
2025-07-28,Suplemento Para o Cabelo - Hair Gro,1.0,92.0
2025-07-28,Suplemento de Magnésio - Blue Calm,1.0,99.9
2025-07-28,Suplemento para Imunidade - Immune Up 100%,1.0,111.49
2025-07-28,Tablete de Doce,1.0,22.1
2025-07-28,Tasty Whey 3W Gourmet,5.0,899.5
2025-07-28,Termogênico - Lipix6,2.0,162.85
2025-07-28,Termogênico - Termo Plus,2.0,239.8
2025-07-28,Trio Magnésio 720mg,2.0,109.8
2025-07-28,True Cúrcuma,1.0,72.17
2025-07-28,Vegan Protein,2.0,246.82
2025-07-28,Vegan Protein - Vegano,1.0,106.05
2025-07-28,Vinagre de Maçã Orgânico,1.0,31.87
2025-07-28,Vitamina - Good Mood,2.0,118.94
2025-07-28,Vitamina B12,6.0,224.5
2025-07-28,Vitamina B9 - Metilfolato,1.0,47.7
2025-07-28,Vitamina D - Vita D3,3.0,162.7
2025-07-28,Vitamina D - Vita D3 + C + Zinco,5.0,280.61
2025-07-28,Vitamina D3,5.0,194.5
2025-07-28,Vitamina D3 + K2,2.0,122.0
2025-07-28,Vitamina D3 + K2 Gotas,3.0,209.7
2025-07-28,Vitamina D3 - 2000 Ui,1.0,30.94
2025-07-28,Vitamina D3 - Ydrosolv,1.0,76.5
2025-07-28,Vitamina D3 Synergy,4.0,239.6
2025-07-28,"Vitaminas A, E, D e K2- RESTAURE® - Gotas",1.0,158.9
2025-07-28,Whey,2.0,479.8
2025-07-28,Whey - Immuno Golden,1.0,239.9
2025-07-28,Whey - Isocrisp Pouch,1.0,84.9
2025-07-28,Whey Concentrado - 100% Whey,1.0,138.11
2025-07-28,Whey Concentrado - W100,1.0,129.9
2025-07-28,Whey Fort 3W,5.0,971.43
2025-07-28,Whey Isolado - Iso Triple Zero,2.0,419.8
2025-07-28,Whey Protein - CLEANPRO,4.0,531.72
2025-07-28,Whey Protein - Isofort Beauty,2.0,299.8
2025-07-28,Whey Protein 3W,2.0,349.8
2025-07-28,Whey Protein Concentrado,24.0,4197.6
2025-07-28,Whey Protein Concentrado Cappuccino 900g DUX,1.0,174.9
2025-07-28,Whey Protein Crisp - Isocrisp,3.0,115.11
2025-07-28,Whey Protein Isolado,12.0,3558.81
2025-07-28,Whey Protein Isolado - Isofort,1.0,299.9
2025-07-28,Whey Protein Isolado - Tasty Iso,1.0,249.9
2025-07-28,Whey Protein Vegetal,3.0,404.7
2025-07-28,Whey Tech 100%,6.0,749.4
2025-07-28,Whey hidrolisado e isolado,1.0,289.9
2025-07-28,Óleo de Krill  - Ômega 3 EPA DHA,1.0,97.77
2025-07-28,Ômega -  Mega DHA,1.0,94.9
2025-07-28,Ômega - Mega DHA,3.0,509.7
2025-07-28,Ômega 3,1.0,75.0
2025-07-28,Ômega 3  - 1360mg,2.0,359.8
2025-07-28,Ômega 3 - 1360mg,5.0,699.5
2025-07-28,Ômega 3 - EPA DHA - 1000mg,7.0,464.3
2025-07-28,Ômega 3 - Ultra Caps 1000mg,3.0,449.7
2025-07-28,Ômega 3 EPA DHA,17.0,1122.3
2025-07-28,Ômega 3 Fosfatix,1.0,111.75
2025-07-28,Ômega 3 IFOS - 660 EPA/ 440 DHA,1.0,165.84
2025-07-28,Ômega 3 Pulse,1.0,129.9
2025-07-28,Ômega 3 Super DHA,2.0,239.8
2025-07-28,Ômega 3 Super DHA - BIG N,7.0,734.3
2025-07-28,Ômega 3 Super DHA BIG,1.0,189.9
2025-07-28,Ômega Core,1.0,199.9
2025-08-04,100% Whey Protein - Flavour,4.0,499.6
2025-08-04,100% Whey Pure,1.0,139.9
2025-08-04,Achocolatado - Chocoki,1.0,79.9
2025-08-04,Adoçante Stévia,2.0,71.7
2025-08-04,Aminoácido - Aminovita,1.0,144.9
2025-08-04,Aminoácido - BCAA Fort,1.0,80.92
2025-08-04,Aminoácido - Tryptophan,1.0,49.02
2025-08-04,Aminoácido N-acetil L-cisteína (NAC),1.0,79.9
2025-08-04,Aminoácidos - Aminnu EAAs - Sem Xilitol,1.0,199.9
2025-08-04,Antioxidante - Luteína e Zeaxantina,1.0,68.9
2025-08-04,Arginofor -  L-Arginina,1.0,94.01
2025-08-04,BIOCOLIN® - COLLAGEN,1.0,199.9
2025-08-04,BT Nitrato 400,2.0,279.8
2025-08-04,Barrinha de Chocolate 41%,1.0,34.2
2025-08-04,Barrinha de Chocolate 70%,1.0,34.9
2025-08-04,Barrinha de Proteina - Protein Crisp Bar,1.0,79.9
2025-08-04,Barrinha de Proteína,2.0,204.4
2025-08-04,Barrinha de Proteína Choco Wheyfer,4.0,139.6
2025-08-04,Barrinha de Proteína Collagen Bar,2.0,193.8
2025-08-04,Barrinha de Proteína Dark Bar,1.0,129.9
2025-08-04,Barrinha de Proteína Protein Crisp,2.0,151.9
2025-08-04,Barrinha de Proteína Thin,4.0,399.6
2025-08-04,Barrinhas de Proteína Crunch,1.0,139.9
2025-08-04,Best Whey,1.0,149.25
2025-08-04,Beta Alanina,4.0,248.6
2025-08-04,Beta Alanina 100%,3.0,131.6
2025-08-04,Bio Ferro,3.0,128.7
2025-08-04,Bio Vitamina B12 em gotas,2.0,89.8
2025-08-04,Biotina Plus,1.0,46.9
2025-08-04,Biscoito Proteico,10.0,294.2
2025-08-04,Blend de Chá - Digestivo,1.0,24.85
2025-08-04,Bom Ciclo,1.0,73.02
2025-08-04,"Boraprim - Borragem, Prímula e Gergelim",2.0,123.15
2025-08-04,Chá Vitatea,1.0,65.9
2025-08-04,Coenzima  Q10 - 100mg,3.0,266.7
2025-08-04,Coenzima Q10,2.0,159.8
2025-08-04,Coenzima Q10  (200mg p/ porção),1.0,161.5
2025-08-04,Coenzima Q10 (200mg p/ porção),4.0,459.6
2025-08-04,Coenzima Q10 + Ômega 3 + Vitamina E,1.0,139.9
2025-08-04,Coenzima Q10 - (100mg p/ porção),1.0,77.9
2025-08-04,Coenzima Q10 - 200mg,1.0,139.9
2025-08-04,Coenzima Q10 200mg,1.0,94.9
2025-08-04,Coenzima Q10+ 200mg,6.0,779.76
2025-08-04,Colágeno -  Collagen Gut,1.0,194.9
2025-08-04,Colágeno - Colagentek,1.0,84.9
2025-08-04,Colágeno - Colagentek II,2.0,229.3
2025-08-04,Colágeno - Colagentek Protein - Bodybalance,5.0,834.5
2025-08-04,Colágeno - Collagen Essential Protein,2.0,459.8
2025-08-04,Colágeno - Collagen Pro - Body Suport,2.0,379.8
2025-08-04,Colágeno - Collagen Protein Hidrolisado,1.0,179.9
2025-08-04,Colágeno - Collagen Protein Hidrolisado Berries Silvestres 450g PURAVIDA,2.0,359.8
2025-08-04,Colágeno - Collagen Renew Hidrolisado,8.0,615.2
2025-08-04,Colágeno - Collagen Tipo II 40mg,1.0,74.9
2025-08-04,Colágeno - Gummies,1.0,94.6
2025-08-04,Colágeno Hidrolisado - Collagen Pro 18g,4.0,599.6
2025-08-04,Colágeno Hidrolisado - Verisol,1.0,115.4
2025-08-04,Colágeno Tipo II,1.0,59.9
2025-08-04,Complexo B,1.0,104.9
2025-08-04,Complexo B Max,2.0,78.22
2025-08-04,Cranberry - She She Comfort,2.0,133.14
2025-08-04,Creatina,3.0,215.23
2025-08-04,Creatina - Creafort (Creapure),5.0,814.5
2025-08-04,Creatina - Creapure,3.0,426.44
2025-08-04,Creatina - Gummies,1.0,99.0
2025-08-04,Creatina 100%,4.0,354.6
2025-08-04,Creatina Micronizada,1.0,199.9
2025-08-04,Creatina Monohidratada,27.0,2218.94
2025-08-04,Creatina Monohidratada (Creapure),3.0,628.8
2025-08-04,Creatina Monohidratada - Creatine,8.0,759.2
2025-08-04,Creatina Monohidratada - Hardcore,2.0,169.8
2025-08-04,Creatina Monohidratada em Gummy,1.0,119.9
2025-08-04,Creatina Premium - Creapure,2.0,419.8
2025-08-04,Creatina em Cápsulas,1.0,45.79
2025-08-04,Cromo Picolinato - 250mg,1.0,24.52
2025-08-04,Cálcio de Algas 1000mg,2.0,103.65
2025-08-04,Cúrcuma - Curcumagic,1.0,112.56
2025-08-04,Cúrcuma 500mg,1.0,89.9
2025-08-04,Cúrcuma Plus,4.0,279.6
2025-08-04,Dado de creatina,2.0,254.7
2025-08-04,Enzimas Enzyfor,1.0,139.9
2025-08-04,Feno Grego,2.0,139.8
2025-08-04,Feno Grego + Boro 500mg,1.0,96.9
2025-08-04,Ferro Quelato + Vitamina C,2.0,87.8
2025-08-04,Fibra - Fosvita,1.0,54.4
2025-08-04,Fibras Prébioticas - Prebiotic,4.0,263.6
2025-08-04,Fresh Vegan,4.0,587.23
2025-08-04,Fresh Whey,14.0,2483.6
2025-08-04,Gel Neutro Fresh com Cafeína,3.0,119.7
2025-08-04,Glutamina,2.0,165.81
2025-08-04,Glutamina - Glutamax,3.0,204.7
2025-08-04,Glutamina - Glutamax Refil,1.0,119.9
2025-08-04,Glutamina Isolada,1.0,45.77
2025-08-04,Glutamina Isolates,1.0,64.9
2025-08-04,Granola,3.0,85.15
2025-08-04,Granola - Sem Glúten,1.0,28.9
2025-08-04,Granola Coconut,1.0,39.9
2025-08-04,Grassfed Whey Protein - Concentrado,1.0,229.9
2025-08-04,Hipercalórico - Creamass,1.0,97.93
2025-08-04,Isofort Plant (Life Vegan),3.0,329.7
2025-08-04,Laranja Moro,1.0,64.9
2025-08-04,MCT - Oil Powder,2.0,298.0
2025-08-04,Magnésio,3.0,134.7
2025-08-04,Magnésio - Bio Trimag,8.0,559.2
2025-08-04,Magnésio - Inositol Relief 3.0,4.0,679.6
2025-08-04,Magnésio Dimalato,1.0,46.9
2025-08-04,Magnésio Inositol,4.0,521.91
2025-08-04,Magnésio Plus - 350mg,1.0,69.9
2025-08-04,Magnésio Plus 900mg,4.0,319.6
2025-08-04,Melatonina,3.0,138.57
2025-08-04,Melatonina Duo,1.0,69.9
2025-08-04,Melatonina Fast,1.0,20.22
2025-08-04,Melatonina em Gotas,1.0,39.9
2025-08-04,Metilfolato,1.0,46.2
2025-08-04,Mistura para Panqueca Proteica,1.0,39.9
2025-08-04,Morning Shot - Imunidade,5.0,499.5
2025-08-04,Multivitamínico - Vitalift,1.0,189.9
2025-08-04,NAC 650mg,2.0,119.15
2025-08-04,NAC Acetilcisteína -  600mg,1.0,86.9
2025-08-04,Nootrópico - Brain Up,2.0,274.6
2025-08-04,Omegafor Plus,19.0,2876.1
2025-08-04,Palatinose,6.0,358.4
2025-08-04,Pasta de Amendoim,6.0,280.38
2025-08-04,Power Coffee,1.0,74.56
2025-08-04,Probiótico - Simcaps,2.0,100.13
2025-08-04,Probiótico - Simfort Plus,5.0,549.5
2025-08-04,Probióticos em Pó - Simfort,2.0,254.8
2025-08-04,Profem - Óleo de Prímula,1.0,62.0
2025-08-04,Proteína - Isocrisp Plant - Pote,1.0,57.33
2025-08-04,Proteína - Isocrisp Plant Pouch,1.0,62.9
2025-08-04,Proteína Isolada e Hidrolisada - Body Protein,8.0,1679.2
2025-08-04,Proteína Isolada e Hidrolisada - Body Protein Red,3.0,629.7
2025-08-04,Pré Treino,1.0,125.2
2025-08-04,Pré-Treino - Beta Action,1.0,209.9
2025-08-04,Pré-treino - Energy Kick Caffeine,3.0,371.67
2025-08-04,Pré-treino - Pre Workout,1.0,134.9
2025-08-04,Pré-treino Exquenta,1.0,149.9
2025-08-04,Própolis Líquido - Gotas,2.0,89.8
2025-08-04,Própolis Verde - Alcoólico,1.0,26.26
2025-08-04,Própolis Verde - Premium 10mg,6.0,389.4
2025-08-04,Própolis Verde 70,1.0,38.9
2025-08-04,Psyllium,3.0,224.7
2025-08-04,Refil 100% Whey Protein - Flavour,1.0,119.9
2025-08-04,Refil Whey Concentrado - W100,7.0,856.12
2025-08-04,Refil Whey Concentrado Havanna - W100,4.0,519.6
2025-08-04,Refil Whey Protein 100%,3.0,299.7
2025-08-04,Refil Whey Protein Concentrado,1.0,169.9
2025-08-04,Resveratrol 500mg,2.0,129.8
2025-08-04,Resveratrol Plus - 165mg,1.0,124.9
2025-08-04,Shot Matinal,1.0,74.9
2025-08-04,Simfort Femme,1.0,89.9
2025-08-04,Sleep,2.0,359.8
2025-08-04,Super Café - Desincoffee,1.0,109.9
2025-08-04,Super Ômega 3,8.0,1362.28
2025-08-04,SuperCoffee,9.0,1328.02
2025-08-04,SuperCoffee Língua de gato - Kopenhagen,5.0,824.5
2025-08-04,Suplemento - Alimentar - Cálcio Citrato Malato,1.0,49.9
2025-08-04,Suplemento - Super Sono,2.0,187.72
2025-08-04,Suplemento Alimentar - Alpha Inflaminus,3.0,434.7
2025-08-04,Suplemento Alimentar - Alpha Mater,1.0,144.9
2025-08-04,Suplemento Alimentar - Alpha Men,1.0,159.9
2025-08-04,Suplemento Alimentar - GUARDIAN®,4.0,799.6
2025-08-04,Suplemento Alimentar - Green Shot,1.0,66.73
2025-08-04,Suplemento Alimentar - L-teanina - Happy Theanine,1.0,104.72
2025-08-04,Suplemento Alimentar - Pura Fiber,1.0,74.9
2025-08-04,Suplemento Vitamínico - ZMA,1.0,50.63
2025-08-04,Suplemento de Magnésio - Blue Calm,5.0,512.5
2025-08-04,Tablete de Doce,2.0,53.8
2025-08-04,Tasty Whey 3W Gourmet,5.0,899.5
2025-08-04,Termogênico - Lipix6,6.0,488.4
2025-08-04,Termogênico - Termo Plus,1.0,119.9
2025-08-04,Thermo Caps - DiaboVerde,1.0,52.9
2025-08-04,Trio Magnésio 720mg,4.0,219.6
2025-08-04,Triptofano Noite,1.0,79.9
2025-08-04,Ultracoffee - Vegano,1.0,109.9
2025-08-04,Vegan Protein,1.0,123.41
2025-08-04,Vitamina B12,8.0,296.57
2025-08-04,Vitamina D - Kids,2.0,95.4
2025-08-04,Vitamina D - Vita D3,7.0,378.3
2025-08-04,Vitamina D - Vita D3 + C + Zinco,6.0,359.4
2025-08-04,Vitamina D3,4.0,155.6
2025-08-04,Vitamina D3 + K2,1.0,61.0
2025-08-04,Vitamina D3 + K2 Gotas,1.0,69.9
2025-08-04,Vitamina D3 Synergy,3.0,184.82
2025-08-04,"Vitaminas A, E, D e K2- RESTAURE® - Gotas",2.0,317.8
2025-08-04,Whey,4.0,1119.6
2025-08-04,Whey - Sense,1.0,104.46
2025-08-04,Whey - Zero Lactose,1.0,239.9
2025-08-04,Whey 3W,1.0,154.9
2025-08-04,Whey Fort 3W,1.0,199.9
2025-08-04,Whey Isolado - Iso Triple Zero,2.0,419.8
2025-08-04,Whey Protein - CLEANPRO,2.0,279.8
2025-08-04,Whey Protein - Isofort Beauty,2.0,299.8
2025-08-04,Whey Protein Concentrado,43.0,7520.7
2025-08-04,Whey Protein Crisp - Isocrisp,3.0,123.64
2025-08-04,Whey Protein Hidrolisado,1.0,369.9
2025-08-04,Whey Protein ISO 100 Hydrolyzed,1.0,722.03
2025-08-04,Whey Protein Isolado,13.0,3698.7
2025-08-04,Whey Protein Isolado - Tasty Iso,3.0,759.7
2025-08-04,Whey Tech 100%,9.0,1124.1
2025-08-04,Whey hidrolisado e isolado,4.0,1108.95
2025-08-04,Zinco,1.0,34.9
2025-08-04,Óleo de Prímula - 500mg,3.0,98.7
2025-08-04,Ômega - Mega DHA,1.0,169.9
2025-08-04,Ômega 3,2.0,340.45
2025-08-04,Ômega 3  - 1360mg,1.0,179.9
2025-08-04,Ômega 3 - 1360mg,1.0,139.9
2025-08-04,Ômega 3 - EPA DHA - 1000mg,8.0,564.2
2025-08-04,Ômega 3 - Omegafor Memory,3.0,314.7
2025-08-04,Ômega 3 - Ultra Caps 1000mg,2.0,299.8
2025-08-04,Ômega 3 DHA,2.0,239.8
2025-08-04,Ômega 3 EPA DHA,26.0,2305.4
2025-08-04,Ômega 3 Fosfatix,3.0,450.84
2025-08-04,Ômega 3 Pulse,2.0,259.8
2025-08-04,Ômega 3 Super DHA - BIG N,10.0,1049.0
2025-08-11,100% Whey Protein - Flavour,5.0,624.5
2025-08-11,100% Whey Pure,3.0,419.7
2025-08-11,100% Whey True Protein,1.0,199.9
2025-08-11,Adoçante Stévia,2.0,99.4
2025-08-11,Aminoácido - Tryptophan,1.0,49.9
2025-08-11,Aminoácidos - Aminnu EAAs,1.0,199.9
2025-08-11,Aminoácidos - Aminolift,2.0,399.8
2025-08-11,Arginofor -  L-Arginina,3.0,283.43
2025-08-11,BT Nitrato,1.0,179.9
2025-08-11,BT Nitrato 400,2.0,319.8
2025-08-11,Barrinha de Chocolate ao Leite,2.0,69.8
2025-08-11,Barrinha de Proteína,6.0,697.3
2025-08-11,Barrinha de Proteína Cleanpro Bar,1.0,96.9
2025-08-11,Barrinha de Proteína Dark Bar,1.0,129.9
2025-08-11,Barrinha de Proteína Protein Crisp,1.0,79.9
2025-08-11,Barrinha de Proteína Thin,2.0,199.8
2025-08-11,Beef Protein,1.0,229.9
2025-08-11,Beta Alanina,3.0,179.7
2025-08-11,Beta Alanina 100%,3.0,134.7
2025-08-11,Beta Alanina Pure,1.0,49.9
2025-08-11,Bio Ferro,2.0,85.8
2025-08-11,Bio Vitamina B12 em gotas,1.0,44.9
2025-08-11,Bio Zinco,1.0,36.9
2025-08-11,Biotina Plus,2.0,93.8
2025-08-11,Biscoito Proteico,7.0,244.3
2025-08-11,Body Protein Vegano,1.0,156.9
2025-08-11,Bom Ciclo,2.0,146.04
2025-08-11,"Boraprim - Borragem, Prímula e Gergelim",4.0,261.6
2025-08-11,Cafeína,1.0,52.9
2025-08-11,Coenzima  Q10 - 100mg,2.0,177.8
2025-08-11,Coenzima Q10,2.0,179.8
2025-08-11,Coenzima Q10  (200mg p/ porção),2.0,419.8
2025-08-11,Coenzima Q10 (200mg p/ porção),1.0,114.9
2025-08-11,Coenzima Q10 + Ômega 3 + Vitamina E,1.0,139.9
2025-08-11,Coenzima Q10 - (100mg p/ porção),1.0,77.9
2025-08-11,Coenzima Q10 100 Mg,1.0,119.9
2025-08-11,Coenzima Q10+ 200mg,2.0,269.8
2025-08-11,Coffee - Brainstorm,1.0,119.9
2025-08-11,Colágeno -  Collagen Gut,1.0,194.9
2025-08-11,Colágeno - Colagentek,1.0,84.9
2025-08-11,Colágeno - Colagentek Beauty,1.0,116.9
2025-08-11,Colágeno - Colagentek Protein - Bodybalance,1.0,164.9
2025-08-11,Colágeno - Collagen Essential Protein,5.0,1089.5
2025-08-11,Colágeno - Collagen Gut,1.0,194.9
2025-08-11,Colágeno - Collagen Pro - Body Suport,1.0,189.9
2025-08-11,Colágeno - Collagen Protein Hidrolisado,3.0,539.7
2025-08-11,Colágeno - Collagen Renew Hidrolisado,3.0,230.7
2025-08-11,Colágeno - Collagen Tipo II 40mg,1.0,74.9
2025-08-11,Colágeno - Multi Collagen,2.0,399.8
2025-08-11,Colágeno Collagen Flex Beauty,1.0,161.47
2025-08-11,Colágeno Collagen Skin,1.0,194.9
2025-08-11,Colágeno Hidrolisado - Collagen Pro 18g,1.0,149.9
2025-08-11,Colágeno Tipo II,1.0,59.9
2025-08-11,Colágeno Tipo II - Artro Aid,1.0,94.9
2025-08-11,Combo com 4 unidades de Eletrólitos - Hydra Energy,1.0,39.84
2025-08-11,Complexo B - Bio Vit.B+,1.0,42.9
2025-08-11,Coq10 + Vitamina E,2.0,263.9
2025-08-11,Creatina,2.0,294.8
2025-08-11,Creatina - Creafort (Creapure),4.0,634.6
2025-08-11,Creatina - Creapure,4.0,479.6
2025-08-11,Creatina - Gummy,2.0,299.8
2025-08-11,Creatina 100%,5.0,454.5
2025-08-11,Creatina Monohidratada,25.0,2111.5
2025-08-11,Creatina Monohidratada (Creapure),3.0,579.7
2025-08-11,Creatina Monohidratada -  Crealift (Creapure),1.0,299.9
2025-08-11,Creatina Monohidratada - Creatine,9.0,854.1
2025-08-11,Creatina Monohidratada - Hardcore,2.0,169.8
2025-08-11,Curcumina,2.0,152.86
2025-08-11,Cálcio de Algas 1000mg,1.0,56.9
2025-08-11,Cúrcuma - Curcumagic,1.0,111.75
2025-08-11,Cúrcuma Plus,7.0,504.3
2025-08-11,Dado de creatina,1.0,127.35
2025-08-11,Energy Gel - Endurance,2.0,53.7
2025-08-11,Enzimas Enzyfor,1.0,139.9
2025-08-11,Ferro Quelato + Vitamina C,1.0,43.9
2025-08-11,Fibras Prébioticas - Prebiotic,6.0,395.4
2025-08-11,Fresh Vegan,1.0,139.9
2025-08-11,Fresh Whey,12.0,1938.8
2025-08-11,Gel Nitrato,1.0,39.9
2025-08-11,Glutamina,3.0,206.7
2025-08-11,Glutamina - Glutamax,5.0,294.5
2025-08-11,Glutamina em Pó,4.0,389.6
2025-08-11,Gold Whey Concentrado Refil,2.0,279.8
2025-08-11,Granola Australia - Low Carb,1.0,39.9
2025-08-11,Grassfed Whey Protein,1.0,229.9
2025-08-11,Hipercalórico - Hiper Mass Gainer,1.0,121.69
2025-08-11,Hipercalórico - Monsterone,1.0,92.59
2025-08-11,Immuno Whey,2.0,434.85
2025-08-11,Isofort Plant (Life Vegan),4.0,439.6
2025-08-11,L-Taurina - 1.000mg,2.0,109.8
2025-08-11,Leite de Coco em Pó - Coco Cream,1.0,59.9
2025-08-11,Magnésio - 3MAG - Pool de Magnésio,1.0,69.9
2025-08-11,Magnésio - Bio Trimag,6.0,419.4
2025-08-11,Magnésio - Inositol Relief 3.0,5.0,849.5
2025-08-11,Magnésio Inositol,1.0,124.9
2025-08-11,Magnésio Plus - 350mg,2.0,139.8
2025-08-11,Magnésio Plus 900mg,1.0,79.9
2025-08-11,Massa Alimentícia de Fibra,1.0,24.3
2025-08-11,Melatonina,1.0,54.9
2025-08-11,Melatonina - Sleepfor,2.0,139.8
2025-08-11,Melatonina - Ydrosolv,1.0,79.9
2025-08-11,Melatonina Duo,2.0,139.8
2025-08-11,Melatonina Duo Harmony,1.0,124.9
2025-08-11,Melatonina Fast,1.0,39.9
2025-08-11,Melatonina em Gotas,1.0,39.9
2025-08-11,Metilfolato,1.0,46.2
2025-08-11,Morning Shot - Imunidade,3.0,299.7
2025-08-11,Multivitaminico  - Imunomult- 1000mg,1.0,124.9
2025-08-11,Multivitaminico - Imunomult- 1000mg,1.0,89.9
2025-08-11,Multivitaminino - Multi All,1.0,71.17
2025-08-11,N-Acetil Cisteína (NAC),1.0,74.9
2025-08-11,NAC + Glycine + Taurine,2.0,179.8
2025-08-11,NAC 650mg,1.0,59.9
2025-08-11,NAC Acetilcisteína -  600mg,1.0,86.9
2025-08-11,Nootrópico - Brain Up,1.0,121.15
2025-08-11,Omegafor Family - Ômega 3,1.0,69.9
2025-08-11,Omegafor Plus,14.0,2380.6
2025-08-11,Omegafor Vision,2.0,239.8
2025-08-11,Omegafor Vitamins,1.0,129.9
2025-08-11,Palatinose,3.0,177.74
2025-08-11,Pasta de Amendoim,5.0,218.1
2025-08-11,Pasta de Amendoim Granulado,1.0,26.9
2025-08-11,Prebiótico - Fiber Liv,1.0,75.01
2025-08-11,Probiótico - Simcaps,1.0,48.0
2025-08-11,Probiótico - Simfort Plus,6.0,659.4
2025-08-11,Probióticos em Pó - Simfort,1.0,89.9
2025-08-11,Proteína - Best Vegan,1.0,99.9
2025-08-11,Proteína - Isocrisp Plant - Pote,1.0,57.33
2025-08-11,Proteína - Isocrisp Plant Pouch,3.0,188.7
2025-08-11,Proteína Isolada e Hidrolisada - Body Protein,2.0,419.8
2025-08-11,Proteína Vegana - Immuno Veggie,1.0,209.9
2025-08-11,Proteína Vegana - Vegan Tasty,5.0,624.5
2025-08-11,Pré-Treino  - Stim Free,1.0,124.35
2025-08-11,Pré-Treino - V Fort,1.0,114.9
2025-08-11,Pré-Treino - V Fort Ultra,2.0,229.8
2025-08-11,Pré-treino,1.0,199.9
2025-08-11,Pré-treino - Energy Kick Caffeine,1.0,124.9
2025-08-11,Pré-treino - Energyzer & focus,1.0,119.9
2025-08-11,Pré-treino Panic Pre Workout,1.0,99.9
2025-08-11,Próbiotico - Purabiotics,1.0,89.9
2025-08-11,Própolis - Green Própolis,4.0,251.6
2025-08-11,Própolis Líquido - Gotas,1.0,44.9
2025-08-11,Própolis Verde - Alcoólico,1.0,28.9
2025-08-11,Própolis Verde - Premium 10mg,1.0,64.9
2025-08-11,Própolis Verde 70,1.0,38.9
2025-08-11,Psyllium,1.0,74.9
2025-08-11,Pós-treino - Recharge 4:1,1.0,130.09
2025-08-11,Refil 100% Whey Protein - Flavour,1.0,119.9
2025-08-11,Refil Whey 100% Pure,2.0,255.8
2025-08-11,Refil Whey Concentrado - W100,2.0,216.62
2025-08-11,Resveratrol 500mg,1.0,74.25
2025-08-11,Resveratrol Plus - 165mg,2.0,249.8
2025-08-11,Shot Matinal,1.0,74.9
2025-08-11,Simfort Ultra,1.0,94.9
2025-08-11,Simfort fibras,2.0,129.8
2025-08-11,Super Ômega 3,4.0,866.86
2025-08-11,SuperCoffee,14.0,1980.45
2025-08-11,SuperCoffee Língua de gato - Kopenhagen,4.0,669.6
2025-08-11,Suplemento - Hyaluronic Hair,1.0,74.9
2025-08-11,Suplemento Alimentar - Alpha Inflaminus,2.0,324.36
2025-08-11,Suplemento Alimentar - Alpha Mater,1.0,144.9
2025-08-11,Suplemento Alimentar - GUARDIAN®,1.0,199.9
2025-08-11,Suplemento Alimentar - Green Shot,1.0,74.9
2025-08-11,Suplemento Alimentar - Pura Fiber,4.0,299.6
2025-08-11,Suplemento de Magnésio - Blue Calm,2.0,259.8
2025-08-11,Tasty Whey 3W Gourmet,6.0,1079.4
2025-08-11,Termogênico - Lipix6,1.0,109.9
2025-08-11,Termogênico - Termo Plus,2.0,239.8
2025-08-11,Trio Magnésio 720mg,2.0,109.8
2025-08-11,Vegan Ômega 3 DHA,1.0,124.9
2025-08-11,Vitamina B12,6.0,235.4
2025-08-11,Vitamina D - Vita D3,10.0,541.0
2025-08-11,Vitamina D - Vita D3 + C + Zinco,2.0,119.8
2025-08-11,Vitamina D3,1.0,38.9
2025-08-11,Vitamina D3 + K2,1.0,66.9
2025-08-11,Vitamina D3 + K2 Gotas,1.0,69.9
2025-08-11,Vitamina D3 - 2000 Ui,1.0,36.9
2025-08-11,Vitamina D3 - Ydrosolv,1.0,84.9
2025-08-11,Vitamina D3 Synergy,1.0,59.9
2025-08-11,Vitamina K2- Menaquinona,1.0,53.17
2025-08-11,"Vitaminas A, E, D e K2- RESTAURE® - Gotas",1.0,158.9
2025-08-11,Whey,3.0,719.7
2025-08-11,Whey Concentrado - W100,1.0,129.9
2025-08-11,Whey Fort 3W,3.0,769.7
2025-08-11,Whey Isolado - Iso Triple Zero,3.0,629.7
2025-08-11,Whey Isolado e Hidrolisado - H.I Whey,2.0,442.18
2025-08-11,Whey Protein - 3W - The Whey,1.0,154.9
2025-08-11,Whey Protein - CLEANPRO,1.0,139.9
2025-08-11,Whey Protein 3W,1.0,174.9
2025-08-11,Whey Protein Concentrado,25.0,4372.5
2025-08-11,Whey Protein Concentrado Cappuccino 900g DUX,6.0,1049.4
2025-08-11,Whey Protein ISO 100 Hydrolyzed,1.0,722.03
2025-08-11,Whey Protein Isolado,14.0,4008.6
2025-08-11,Whey Protein Isolado - Isofort,3.0,899.7
2025-08-11,Whey Protein Isolado - Tasty Iso,2.0,509.8
2025-08-11,Whey Tech 100%,7.0,874.3
2025-08-11,Whey hidrolisado e isolado,2.0,579.8
2025-08-11,Whey hidrolisado e isolado Creme Broule 837g TRUE SOURCE,2.0,579.8
2025-08-11,Zinco,2.0,69.8
2025-08-11,Ômega - Mega DHA,2.0,339.8
2025-08-11,Ômega 3,1.0,169.9
2025-08-11,Ômega 3  - 1360mg,1.0,179.9
2025-08-11,Ômega 3 - 1360mg,4.0,559.6
2025-08-11,Ômega 3 - EPA DHA - 1000mg,5.0,344.5
2025-08-11,Ômega 3 - Omegafor Memory,4.0,419.6
2025-08-11,Ômega 3 - Ultra Caps 1000mg,2.0,299.8
2025-08-11,Ômega 3 DHA,1.0,119.9
2025-08-11,Ômega 3 EPA DHA,17.0,1338.3
2025-08-11,Ômega 3 Pulse,2.0,259.8
2025-08-11,Ômega 3 Super DHA - BIG N,3.0,314.7
2025-08-11,Ômega 3 Super DHA BIG,1.0,189.9
2025-08-11,Ômega Core,2.0,399.8
2025-08-11,Ômega DHA,1.0,209.9
2025-08-11,Ômega Golden,1.0,199.9
2025-08-11,Ômega Ultra - 1000mg,2.0,179.8
2025-08-18,100% Whey Protein - Flavour,2.0,249.8
2025-08-18,100% Whey Pure,3.0,419.7
2025-08-18,Achocolatado - Choco Family - Refil,1.0,46.9
2025-08-18,Adoçante Zero,1.0,39.9
2025-08-18,Aminoácido - Aminovita,5.0,708.5
2025-08-18,Aminoácido - BCAA FIX 4500,1.0,84.25
2025-08-18,Aminoácido N-acetil L-cisteína (NAC),1.0,79.9
2025-08-18,Aminoácidos - Aminnu EAAs,1.0,252.45
2025-08-18,BT Nitrato 400,1.0,179.9
2025-08-18,Barrinha de Chocolate 41%,1.0,34.2
2025-08-18,Barrinha de Proteína,7.0,574.3
2025-08-18,Barrinha de Proteína - YoPRO,1.0,114.9
2025-08-18,Barrinha de Proteína Cleanpro Bar,1.0,96.9
2025-08-18,Barrinha de Proteína Quest Bar - 60g (20g de proteína),1.0,259.9
2025-08-18,Barrinha de Proteína Thin,2.0,199.8
2025-08-18,Barrinha de Proteína Veganpro Bar,1.0,96.9
2025-08-18,Beef Protein,4.0,919.6
2025-08-18,Beta Alanina,6.0,377.4
2025-08-18,Bio Ferro,2.0,85.8
2025-08-18,Bio Vitamina B12 em gotas,2.0,89.8
2025-08-18,Biscoito Proteico,7.0,244.3
2025-08-18,Blend de Chá - Detox,1.0,29.9
2025-08-18,Blend de Chá - Energia,1.0,29.9
2025-08-18,Body Protein Vegano,1.0,156.9
2025-08-18,Booster Energético - Upgrade Energy - TCM,1.0,125.64
2025-08-18,"Boraprim - Borragem, Prímula e Gergelim",1.0,84.9
2025-08-18,Cafeína,1.0,52.9
2025-08-18,Chlorella,1.0,89.9
2025-08-18,Coenzima Q10,4.0,319.6
2025-08-18,Coenzima Q10  (200mg p/ porção),5.0,1001.1
2025-08-18,Coenzima Q10 (200mg p/ porção),6.0,613.4
2025-08-18,Coenzima Q10 + Ômega 3 + Vitamina E,1.0,139.9
2025-08-18,Coenzima Q10 - (100mg p/ porção),4.0,313.6
2025-08-18,Coffee - Brainstorm,2.0,212.73
2025-08-18,Colágeno -  Collagen Gut,1.0,199.9
2025-08-18,Colágeno - Body Collagen Protein,2.0,359.8
2025-08-18,Colágeno - Colagentek,2.0,169.8
2025-08-18,Colágeno - Colagentek Beauty,1.0,116.9
2025-08-18,Colágeno - Colagentek Protein - Bodybalance,2.0,329.8
2025-08-18,Colágeno - Collagen Essential Protein,5.0,1149.5
2025-08-18,Colágeno - Collagen Gut,1.0,194.9
2025-08-18,Colágeno - Collagen Pro - Beauty Blend,1.0,144.05
2025-08-18,Colágeno - Collagen Protein Hidrolisado,6.0,1079.4
2025-08-18,Colágeno - Collagen Protein Hidrolisado Berries Silvestres 450g PURAVIDA,2.0,359.8
2025-08-18,Colágeno - Collagen Renew Hidrolisado,5.0,387.63
2025-08-18,Colágeno - Collagen Tipo II 40mg,5.0,374.5
2025-08-18,Colágeno - Collpure®,1.0,162.9
2025-08-18,Colágeno Collagen Skin,1.0,194.9
2025-08-18,Colágeno Hidrolisado - Collagen Pro 18g,3.0,449.7
2025-08-18,Colágeno Tipo II,1.0,59.9
2025-08-18,Combo Com 3 Caixas de Chá Gourmet - Mãmachá,1.0,29.9
2025-08-18,Coq10 + Vitamina E,1.0,124.9
2025-08-18,Cranberry,1.0,49.9
2025-08-18,Creatina,2.0,144.9
2025-08-18,Creatina - Creafort (Creapure),6.0,929.4
2025-08-18,Creatina - Creapure,1.0,164.9
2025-08-18,Creatina - Gummy,1.0,149.9
2025-08-18,Creatina 100%,3.0,209.7
2025-08-18,Creatina 100% Pure,1.0,109.9
2025-08-18,Creatina Monohidratada,16.0,1367.4
2025-08-18,Creatina Monohidratada (Creapure),5.0,1028.6
2025-08-18,Creatina Monohidratada - Creatine,6.0,569.4
2025-08-18,Creatina Monohidratada - Hardcore,6.0,509.4
2025-08-18,Creatina Premium - Creapure,2.0,419.8
2025-08-18,Cálcio de Algas 1000mg,3.0,170.7
2025-08-18,Cúrcuma 500mg,1.0,96.75
2025-08-18,Cúrcuma Plus,4.0,299.6
2025-08-18,Energy Gel,1.0,201.35
2025-08-18,Enzimas Enzyfor,4.0,559.6
2025-08-18,Farinha de Aveia,1.0,15.9
2025-08-18,Ferro Quelato + Vitamina C,3.0,131.7
2025-08-18,Fresh Vegan,1.0,139.9
2025-08-18,Fresh Whey,15.0,2488.5
2025-08-18,Gel Nitrato,2.0,61.8
2025-08-18,Glutamina,6.0,362.4
2025-08-18,Glutamina - Glutamax,1.0,79.9
2025-08-18,Glutamina - Glutamax Refil,4.0,479.6
2025-08-18,Gold Whey Concentrado Refil,5.0,699.5
2025-08-18,Granola - Zero Açúcar,2.0,57.8
2025-08-18,Granola Australia - Low Carb,1.0,39.9
2025-08-18,Granola Coconut,1.0,39.9
2025-08-18,Grassfed Whey Protein,1.0,229.9
2025-08-18,Grassfed Whey Protein - Concentrado,1.0,229.9
2025-08-18,Hipercalórico - Hiper Mass Gainer,1.0,121.69
2025-08-18,Immuno Whey,2.0,395.81
2025-08-18,Isofort Plant (Life Vegan),4.0,439.6
2025-08-18,L-Carnitina 530mg,1.0,62.3
2025-08-18,MCT - Oil Powder,1.0,124.12
2025-08-18,MCT LIFT,1.0,149.0
2025-08-18,Maca Peruana,1.0,42.9
2025-08-18,Magnésio,1.0,44.9
2025-08-18,Magnésio - Bio Trimag,6.0,419.4
2025-08-18,Magnésio - Inositol Relief 3.0,2.0,339.8
2025-08-18,Magnésio - Mag 5 Complex,3.0,218.7
2025-08-18,Magnésio Inositol,2.0,319.8
2025-08-18,Magnésio Plus - 350mg,4.0,279.6
2025-08-18,Magnésio Plus 900mg,5.0,399.5
2025-08-18,Magnésio Quelato - Bio Mag,1.0,69.9
2025-08-18,Melatonina,1.0,54.9
2025-08-18,Melatonina - Sleepfor,2.0,119.2
2025-08-18,Melatonina - Ydrosolv,2.0,159.8
2025-08-18,Melatonina Duo Harmony,1.0,124.9
2025-08-18,Melatonina Em Gotas Premium - 210mcg,1.0,34.9
2025-08-18,Mistura para Bolo de Caneca	,1.0,39.9
2025-08-18,Morning Shot - Imunidade,6.0,599.4
2025-08-18,Multivitaminico  - Imunomult- 1000mg,4.0,499.6
2025-08-18,NAC + Glycine + Taurine,1.0,89.9
2025-08-18,NAC Acetilcisteína -  600mg,1.0,70.43
2025-08-18,Nitro 400,2.0,357.93
2025-08-18,Omegafor Family - Ômega 3,1.0,119.9
2025-08-18,Omegafor Plus,18.0,2653.2
2025-08-18,Palatinose,2.0,119.84
2025-08-18,Pasta de Amendoim,8.0,351.2
2025-08-18,Pasta de Amendoim Granulado,2.0,46.8
2025-08-18,Pasta de Castanha de Caju,1.0,38.9
2025-08-18,Power Coffee,1.0,74.56
2025-08-18,Probiótico - Simcaps,2.0,149.8
2025-08-18,Probiótico - Simfort Plus,5.0,549.5
2025-08-18,Proteina Vegetal - True Vegan,1.0,184.9
2025-08-18,Proteína - Best Vegan,1.0,99.9
2025-08-18,Proteína - Isocrisp Plant - Pote,1.0,57.33
2025-08-18,Proteína - Isocrisp Plant Pouch,1.0,62.9
2025-08-18,Proteína Isolada e Hidrolisada - Body Protein,4.0,839.6
2025-08-18,Proteína Isolada e Hidrolisada - Body Protein Red,1.0,209.9
2025-08-18,Pré-Treino,1.0,104.9
2025-08-18,Pré-Treino - V Fort Ultra,1.0,114.9
2025-08-18,Pré-Treino Turbo,1.0,86.73
2025-08-18,Pré-treino - Energy Kick,1.0,124.9
2025-08-18,Pré-treino - Taken,1.0,89.9
2025-08-18,Pré-treino Évora PW,1.0,84.15
2025-08-18,Própolis Alcoólico,1.0,28.9
2025-08-18,Própolis Verde - Alcoólico,2.0,57.8
2025-08-18,Própolis Verde - Premium 10mg,5.0,324.5
2025-08-18,Própolis Verde - Propomax,1.0,28.9
2025-08-18,Própolis Verde 70,2.0,77.8
2025-08-18,Psyllium,4.0,264.6
2025-08-18,Refil Whey 100% Pure,5.0,606.6
2025-08-18,Refil Whey Concentrado - W100,2.0,259.8
2025-08-18,Refil Whey Concentrado Havanna - W100,2.0,259.8
2025-08-18,Refil Whey Protein 100%,2.0,199.8
2025-08-18,Refil Whey Protein Concentrado,1.0,169.9
2025-08-18,Resveratrol,1.0,68.9
2025-08-18,Resveratrol - Resveramax,1.0,167.73
2025-08-18,Resveratrol 500mg,1.0,74.25
2025-08-18,Resveratrol Plus - 165mg,1.0,124.9
2025-08-18,Salgadinho,1.0,24.9
2025-08-18,Shot Matinal,1.0,74.9
2025-08-18,Simfort Femme,3.0,269.7
2025-08-18,Simfort Ultra,1.0,144.14
2025-08-18,Simfort fibras,2.0,129.8
2025-08-18,Sleep,3.0,359.7
2025-08-18,Spirulina 400mg,1.0,85.9
2025-08-18,Spirulina 500mg,2.0,148.5
2025-08-18,Super Ômega 3,4.0,804.6
2025-08-18,SuperCoffee,13.0,1933.7
2025-08-18,SuperCoffee Língua de gato - Kopenhagen,5.0,834.5
2025-08-18,Suplemento - Hyaluronic Hair,1.0,74.9
2025-08-18,Suplemento Alimentar  - Hepatofor,2.0,169.8
2025-08-18,Suplemento Alimentar - Alpha A até Z,1.0,54.9
2025-08-18,Suplemento Alimentar - Alpha Mater,1.0,144.9
2025-08-18,Suplemento Vitamínico - ZMA,1.0,54.9
2025-08-18,Suplemento de Magnésio - Blue Calm,3.0,419.7
2025-08-18,Tasty Whey 3W Gourmet,3.0,491.05
2025-08-18,Termogênico - Lipix6,4.0,325.6
2025-08-18,Trio Magnésio 720mg,7.0,384.3
2025-08-18,True Cúrcuma,1.0,89.9
2025-08-18,True Cúrcuma com Ômega,1.0,114.69
2025-08-18,Ultracoffee - Vegano,1.0,109.9
2025-08-18,Vegan Protein - Vegano,1.0,159.9
2025-08-18,Vitamina - Good Mood,2.0,119.8
2025-08-18,Vitamina B12,7.0,346.3
2025-08-18,Vitamina B9 - Metilfolato,1.0,54.9
2025-08-18,Vitamina C - Bio Vit C+,1.0,49.9
2025-08-18,Vitamina C3 - 1000mg,1.0,54.9
2025-08-18,Vitamina D - Vita D3,9.0,484.1
2025-08-18,Vitamina D - Vita D3 + C + Zinco,6.0,359.4
2025-08-18,Vitamina D em Gotas - Kids,1.0,49.9
2025-08-18,Vitamina D3,6.0,244.4
2025-08-18,Vitamina D3 + K2,6.0,303.8
2025-08-18,Vitamina D3 + K2 Gotas,4.0,279.6
2025-08-18,Vitamina D3 - 2000 Ui,1.0,36.9
2025-08-18,Vitamina D3 - Ydrosolv,1.0,84.9
2025-08-18,Vitamina D3 Synergy,2.0,119.8
2025-08-18,"Vitaminas A, E, D e K2- RESTAURE® - Gotas",1.0,158.9
2025-08-18,Whey,4.0,959.6
2025-08-18,Whey - Immuno Golden,1.0,239.9
2025-08-18,Whey - Zero Lactose,1.0,239.9
2025-08-18,Whey Concentrado - 100% Whey,2.0,259.8
2025-08-18,Whey Concentrado - W100,1.0,129.9
2025-08-18,Whey Fort 3W,3.0,569.7
2025-08-18,Whey Isolado - Iso Triple Zero,1.0,209.9
2025-08-18,Whey Protein - CLEANPRO,2.0,279.8
2025-08-18,Whey Protein - Isofort Beauty,1.0,149.9
2025-08-18,Whey Protein Concentrado,24.0,4197.6
2025-08-18,Whey Protein Crisp - Isocrisp,1.0,46.9
2025-08-18,Whey Protein ISO 100 Hydrolyzed,1.0,331.81
2025-08-18,Whey Protein Isolado,7.0,2169.3
2025-08-18,Whey Protein Isolado - Isofort,3.0,899.7
2025-08-18,Whey Protein Isolado - Tasty Iso,1.0,249.9
2025-08-18,Whey Tech 100%,4.0,499.6
2025-08-18,Óleo de Coco  - Spray,1.0,32.9
2025-08-18,Óleo de Krill  - Ômega 3 EPA DHA,1.0,99.9
2025-08-18,Ômega -  Mega DHA,1.0,94.9
2025-08-18,Ômega - Mega DHA,2.0,339.8
2025-08-18,Ômega 3,2.0,339.8
2025-08-18,Ômega 3  - 1360mg,1.0,179.9
2025-08-18,Ômega 3 - 1360mg,3.0,419.7
2025-08-18,Ômega 3 - EPA DHA - 1000mg,7.0,409.3
2025-08-18,Ômega 3 - Omegafor Memory,1.0,104.9
2025-08-18,Ômega 3 - Ultra Caps 1000mg,2.0,299.8
2025-08-18,Ômega 3 DHA,2.0,239.8
2025-08-18,Ômega 3 EPA DHA,22.0,1963.8
2025-08-18,Ômega 3 Kids,1.0,69.9
2025-08-18,Ômega 3 Pulse,4.0,519.6
2025-08-18,Ômega 3 Super DHA,1.0,119.9
2025-08-18,Ômega 3 Super DHA - BIG N,5.0,524.5
2025-08-18,Ômega 3 Super DHA BIG,1.0,189.9
2025-08-18,Ômega Golden,1.0,199.9
2025-08-25,#Whey Fort 3W,2.0,379.8
2025-08-25,100% Whey Protein - Flavour,1.0,124.9
2025-08-25,100% Whey Pure,1.0,139.9
2025-08-25,Achocolatado - Choco Family - Refil,5.0,230.96
2025-08-25,Achocolatado Multivitaminado - Choco Nutrients,1.0,46.9
2025-08-25,Adoçante Stévia,3.0,149.1
2025-08-25,Aminoácido - BCAA - Glyco HD,1.0,29.9
2025-08-25,Aminoácido N-acetil L-cisteína (NAC),3.0,239.7
2025-08-25,Aminoácidos - Aminnu EAAs,1.0,199.9
2025-08-25,Aminoácidos - Aminolift,1.0,199.9
2025-08-25,BT Nitrato,1.0,139.9
2025-08-25,BT Nitrato 400,3.0,459.7
2025-08-25,BT Nitrato com cafeína,2.0,359.8
2025-08-25,Barrinha de Proteina - Protein Crisp Bar,1.0,79.9
2025-08-25,Barrinha de Proteína,1.0,139.9
2025-08-25,Barrinha de Proteína - YOPRO,2.0,139.8
2025-08-25,Barrinha de Proteína Choco Wheyfer,2.0,124.8
2025-08-25,Barrinha de Proteína Collagen Bar,1.0,96.9
2025-08-25,Barrinha de Proteína Protein Crisp,1.0,79.9
2025-08-25,Barrinha de Proteína Veganpro Bar,1.0,96.9
2025-08-25,Bebida Vegetal,1.0,58.9
2025-08-25,Best Whey,3.0,539.05
2025-08-25,Beta Alanina,3.0,179.7
2025-08-25,Beta Alanina 100%,1.0,44.9
2025-08-25,Bio Cálcio  60 caps PURAVIDA,2.0,149.8
2025-08-25,Bio Ferro,1.0,42.9
2025-08-25,Bio Vitamina B12 em gotas,2.0,89.8
2025-08-25,Bio Zinco,3.0,110.7
2025-08-25,Blend de Chá - Detox,1.0,29.9
2025-08-25,Bom Ciclo,1.0,73.02
2025-08-25,Bombom,1.0,36.9
2025-08-25,"Boraprim - Borragem, Prímula e Gergelim",1.0,45.9
2025-08-25,Cafeína,1.0,52.9
2025-08-25,Coenzima Q10,1.0,79.9
2025-08-25,Coenzima Q10  (200mg p/ porção),4.0,742.8
2025-08-25,Coenzima Q10 (200mg p/ porção),7.0,809.3
2025-08-25,Coenzima Q10 + Ômega 3 + Vitamina E,1.0,139.9
2025-08-25,Coenzima Q10 - (100mg p/ porção),4.0,311.6
2025-08-25,Coenzima Q10 100 Mg,1.0,119.9
2025-08-25,Coenzima Q10 200mg,1.0,94.9
2025-08-25,Colágeno - Body Collagen Protein,1.0,179.9
2025-08-25,Colágeno - Colagentek,6.0,509.4
2025-08-25,Colágeno - Colagentek Protein - Bodybalance,3.0,494.7
2025-08-25,Colágeno - Collagen Essential Protein,4.0,818.02
2025-08-25,Colágeno - Collagen Gut,1.0,194.9
2025-08-25,Colágeno - Collagen Pro - Body Suport,2.0,379.8
2025-08-25,Colágeno - Collagen Protein,1.0,96.89
2025-08-25,Colágeno - Collagen Protein Hidrolisado,4.0,719.6
2025-08-25,Colágeno - Collagen Protein Hidrolisado Berries Silvestres 450g PURAVIDA,2.0,359.8
2025-08-25,Colágeno - Collagen Renew Hidrolisado,1.0,76.9
2025-08-25,Colágeno - Collagen Tipo II 40mg,3.0,224.7
2025-08-25,Colágeno Collagen Skin,2.0,389.8
2025-08-25,Colágeno Hidrolisado - Collagen Pro 18g,3.0,449.7
2025-08-25,Colágeno Tipo II,1.0,59.9
2025-08-25,Colágeno Tipo II - Artro Aid,1.0,94.9
2025-08-25,Complexo B,1.0,104.9
2025-08-25,Complexo B - Bio Vit.B+,1.0,42.9
2025-08-25,Complexo B 500mg,2.0,79.8
2025-08-25,Creatina,3.0,284.7
2025-08-25,Creatina - Creafort (Creapure),4.0,719.6
2025-08-25,Creatina - Creapure,3.0,404.7
2025-08-25,Creatina - Gummies,1.0,119.9
2025-08-25,Creatina - Gummy,1.0,149.9
2025-08-25,Creatina 100%,5.0,409.5
2025-08-25,Creatina Monohidratada,30.0,2497.0
2025-08-25,Creatina Monohidratada (Creapure),4.0,769.6
2025-08-25,Creatina Monohidratada -  Crealift (Creapure),2.0,599.8
2025-08-25,Creatina Monohidratada - Creatine,6.0,569.4
2025-08-25,Creatina Monohidratada - Hardcore,2.0,169.8
2025-08-25,Creatina Monohidratada em Gummy,3.0,359.7
2025-08-25,Creatina Premium - Creapure,2.0,424.8
2025-08-25,Creatina em Cápsulas,1.0,39.9
2025-08-25,Creatina- Creapure,1.0,199.9
2025-08-25,Cromo Picolinato - 250mg,1.0,26.9
2025-08-25,Cúrcuma,2.0,139.8
2025-08-25,Cúrcuma - Curcumagic,1.0,144.9
2025-08-25,Cúrcuma Plus,8.0,492.0
2025-08-25,Dado de creatina,1.0,127.35
2025-08-25,Enzima Lactase - Laczyme,1.0,84.9
2025-08-25,Enzimas Enzyfor,2.0,292.13
2025-08-25,Extrato de Laranja Moro 400mg,3.0,276.55
2025-08-25,Feno Grego + Boro 500mg,1.0,96.9
2025-08-25,Feno Grego - Testo + Man,1.0,96.89
2025-08-25,Ferro - Ydrosolv,2.0,199.8
2025-08-25,Ferro Quelado 34mg,3.0,89.7
2025-08-25,Ferro Quelato + Vitamina C,1.0,43.9
2025-08-25,Fibras Prébioticas - Prebiotic,1.0,65.9
2025-08-25,Fresh Vegan,3.0,419.7
2025-08-25,Fresh Whey,6.0,969.4
2025-08-25,Gel - Endurance,1.0,69.9
2025-08-25,Gel Nitrato,1.0,39.9
2025-08-25,Glutamina,6.0,377.4
2025-08-25,Glutamina - Glutamax,2.0,159.8
2025-08-25,Glutamina Pure,1.0,99.3
2025-08-25,Glutamina em Pó,1.0,99.9
2025-08-25,Gold Whey Concentrado Refil,5.0,699.5
2025-08-25,Granola,3.0,94.7
2025-08-25,Granola - Sem Glúten,1.0,28.9
2025-08-25,Granola Coconut,1.0,39.9
2025-08-25,Granola Premium,1.0,33.09
2025-08-25,Grassfed Whey Protein,3.0,619.7
2025-08-25,Isofort Plant (Life Vegan),2.0,219.8
2025-08-25,L-Carnitina 530mg,1.0,94.9
2025-08-25,MCT LIFT,2.0,252.39
2025-08-25,MCT com AGE,1.0,69.9
2025-08-25,Magnésio,3.0,134.7
2025-08-25,Magnésio - Bio Trimag,4.0,279.6
2025-08-25,Magnésio - Inositol Relief 3.0,1.0,169.9
2025-08-25,Magnésio - Mag 5 Complex,1.0,72.9
2025-08-25,Magnésio Dimalato,1.0,46.9
2025-08-25,Magnésio Inositol,3.0,424.05
2025-08-25,Magnésio Plus - 350mg,3.0,209.7
2025-08-25,Magnésio Plus 900mg,1.0,79.9
2025-08-25,Magnésio Quelato - Bio Mag,1.0,69.9
2025-08-25,Melatonina,1.0,28.5
2025-08-25,Melatonina - Sleepfor,2.0,119.2
2025-08-25,Melatonina - Ydrosolv,2.0,159.8
2025-08-25,Melatonina Duo,1.0,69.9
2025-08-25,Melatonina Duo Harmony,2.0,249.8
2025-08-25,Melatonina em Gotas,6.0,239.4
2025-08-25,Melatonina em Gummy,1.0,109.9
2025-08-25,Morning Shot - Imunidade,5.0,499.5
2025-08-25,Multivitaminico - Imunomult- 1000mg,1.0,89.9
2025-08-25,Multivitaminino - Multi All,1.0,71.17
2025-08-25,NAC + Glycine + Taurine,1.0,89.9
2025-08-25,NAC 650mg,1.0,59.9
2025-08-25,NAC PRO,1.0,59.1
2025-08-25,Omegafor Family - Ômega 3,3.0,259.7
2025-08-25,Omegafor Plus,15.0,2476.5
2025-08-25,Palatinose,6.0,374.44
2025-08-25,Pasta de Amendoim,12.0,460.8
2025-08-25,Pasta de Amendoim Integral,2.0,39.8
2025-08-25,Prebiótico - Fiber Liv,1.0,75.01
2025-08-25,Probiótico - Simfort Plus,4.0,319.6
2025-08-25,Proteina Vegetal - True Vegan,2.0,369.8
2025-08-25,Proteína - Isocrisp Plant - Pote,1.0,25.08
2025-08-25,Proteína Isolada e Hidrolisada - Body Protein,10.0,2099.0
2025-08-25,Proteína Isolada e Hidrolisada - Body Protein Red,2.0,419.8
2025-08-25,Proteína Vegana - Vegan Tasty,1.0,124.9
2025-08-25,Proteína Vegetal - Vegan Tasty,1.0,124.9
2025-08-25,Pré-treino - Energy Kick,1.0,124.9
2025-08-25,Pré-treino - Energy Kick Caffeine,1.0,124.9
2025-08-25,Pré-treino - Égide,1.0,116.9
2025-08-25,Pré-treino Panic Pre Workout,2.0,199.8
2025-08-25,Própolis Alcoólico,1.0,28.9
2025-08-25,Própolis Líquido - Gotas,2.0,89.8
2025-08-25,Própolis Verde,1.0,44.9
2025-08-25,Própolis Verde - Alcoólico,5.0,144.5
2025-08-25,Própolis Verde - Premium 10mg,1.0,64.9
2025-08-25,Própolis Verde - Propomax,1.0,28.9
2025-08-25,Psyllium,5.0,304.5
2025-08-25,Refil Whey 100% Pure,2.0,255.8
2025-08-25,Refil Whey Concentrado - W100,1.0,129.9
2025-08-25,Refil Whey Concentrado Havanna - W100,1.0,129.9
2025-08-25,Refil Whey Protein - 3W,1.0,199.9
2025-08-25,Resveratrol,1.0,68.9
2025-08-25,Resveratrol Plus - 165mg,3.0,379.7
2025-08-25,Simfort Femme,2.0,179.8
2025-08-25,Simfort fibras,1.0,64.9
2025-08-25,Sleep,3.0,358.63
2025-08-25,Spirulina 500mg,2.0,161.15
2025-08-25,Super Ômega 3,5.0,838.23
2025-08-25,SuperCoffee,19.0,2813.1
2025-08-25,SuperCoffee Língua de gato - Kopenhagen,4.0,659.6
2025-08-25,Suplemento Alimentar  - Hepatofor,1.0,84.9
2025-08-25,Suplemento Alimentar - Alpha Inflaminus,3.0,434.7
2025-08-25,Suplemento Alimentar - Alpha Mater,1.0,144.9
2025-08-25,Suplemento Alimentar - Pura Fiber,1.0,74.9
2025-08-25,Suplemento Vitamínico - ZMA,1.0,54.9
2025-08-25,Suplemento de Magnésio - Blue Calm,1.0,159.9
2025-08-25,Suplemento para Imunidade - Immune Up 100%,1.0,109.09
2025-08-25,Tasty Whey 3W Gourmet,5.0,899.5
2025-08-25,Termogênico - Termo Plus,2.0,239.8
2025-08-25,Trio Magnésio 720mg,1.0,54.9
2025-08-25,Vinagre de maçã em Gummy,1.0,101.91
2025-08-25,Vitamina - Good Mood,1.0,59.9
2025-08-25,Vitamina B12,6.0,228.4
2025-08-25,Vitamina B9 - Ácido Fólico,1.0,89.9
2025-08-25,Vitamina C + Zinco - Gomas,1.0,58.9
2025-08-25,Vitamina C - 500mg,1.0,39.48
2025-08-25,Vitamina C - Bio Vit C+,1.0,49.9
2025-08-25,Vitamina D - Vita D3,10.0,541.0
2025-08-25,Vitamina D - Vita D3 + C + Zinco,10.0,582.0
2025-08-25,Vitamina D3,8.0,355.2
2025-08-25,Vitamina D3 + K2,9.0,564.45
2025-08-25,Vitamina D3 + K2 Gotas,5.0,349.5
2025-08-25,Vitamina D3 - 2000 Ui,1.0,36.9
2025-08-25,Vitamina D3 Synergy,4.0,239.6
2025-08-25,"Vitaminas A, E, D e K2- RESTAURE® - Gotas",2.0,317.8
2025-08-25,Whey,6.0,1489.08
2025-08-25,Whey - Isocrisp Pouch,1.0,84.9
2025-08-25,Whey - Sense,1.0,104.46
2025-08-25,Whey 3W,1.0,154.9
2025-08-25,Whey Concentrado - 100% Whey,1.0,129.9
2025-08-25,Whey Fort 3W,3.0,569.7
2025-08-25,Whey Isolado Nectar,1.0,369.0
2025-08-25,Whey Protein - 3W - The Whey,1.0,154.9
2025-08-25,Whey Protein - Isofort Beauty,1.0,134.32
2025-08-25,Whey Protein 3W,2.0,349.8
2025-08-25,Whey Protein Concentrado,28.0,4897.2
2025-08-25,Whey Protein Concentrado Cappuccino 900g DUX,3.0,524.7
2025-08-25,Whey Protein Crisp - Isocrisp,1.0,46.9
2025-08-25,Whey Protein ISO 100 Hydrolyzed,1.0,722.03
2025-08-25,Whey Protein Isolado,14.0,4008.6
2025-08-25,Whey Protein Isolado - Isofort,3.0,899.7
2025-08-25,Whey Protein Vegetal,1.0,139.9
2025-08-25,Whey Tech 100%,3.0,374.7
2025-08-25,Whey hidrolisado e isolado,2.0,579.8
2025-08-25,Óleo de Coco Extravirgem - Spray,1.0,32.9
2025-08-25,Ômega - Mega DHA,2.0,339.8
2025-08-25,Ômega 3,1.0,84.9
2025-08-25,Ômega 3  - 1360mg,1.0,179.9
2025-08-25,Ômega 3 - 1360mg,2.0,279.8
2025-08-25,Ômega 3 - EPA DHA - 1000mg,5.0,314.5
2025-08-25,Ômega 3 - Omegafor Memory,2.0,209.8
2025-08-25,Ômega 3 - Ultra Caps 1000mg,4.0,599.6
2025-08-25,Ômega 3 EPA DHA,16.0,1178.4
2025-08-25,Ômega 3 Fosfatix,2.0,262.03
2025-08-25,Ômega 3 Pulse,1.0,129.9
2025-08-25,Ômega 3 Super DHA,1.0,119.9
2025-08-25,Ômega 3 Super DHA - BIG N,2.0,209.8
2025-08-25,Ômega 3 Super DHA BIG,1.0,189.9
2025-08-25,Ômega Core,1.0,199.9
2025-08-25,Ômega Ultra - 1000mg,3.0,269.7
2025-09-01,100% Whey Protein - Flavour,1.0,124.9
2025-09-01,Achocolatado - Chocoki,1.0,79.9
2025-09-01,Adoçante Stévia,1.0,22.0
2025-09-01,Aminoácido - Amino Greens,1.0,199.9
2025-09-01,Aminoácido N-acetil L-cisteína (NAC),2.0,159.8
2025-09-01,Aminoácidos - Aminnu EAAs,1.0,199.9
2025-09-01,Antioxidante - Luteína e Zeaxantina,2.0,137.8
2025-09-01,BCAA Lift - 8:1:1,1.0,149.9
2025-09-01,BT Nitrato 400,1.0,139.9
2025-09-01,Barrinha de Proteína,5.0,699.5
2025-09-01,Barrinha de Proteína Crunch,1.0,13.39
2025-09-01,Barrinha de Proteína Protein Crisp,1.0,79.9
2025-09-01,Barrinha de Proteína Proto Bar - Havanna,1.0,109.9
2025-09-01,Barrinha de Proteína Thin,1.0,99.9
2025-09-01,Barrinha de Proteína Whey Grego - Havanna,2.0,206.8
2025-09-01,Beef Protein,2.0,459.8
2025-09-01,Best Whey,2.0,389.8
2025-09-01,Beta Alanina,1.0,68.9
2025-09-01,Beta Alanina 100%,2.0,89.8
2025-09-01,Bio Ferro,2.0,85.8
2025-09-01,Bio Vitamina B12 em gotas,2.0,89.8
2025-09-01,Bio Zinco,1.0,36.9
2025-09-01,Booster Energético - Upgrade Energy - TCM,1.0,125.64
2025-09-01,"Boraprim - Borragem, Prímula e Gergelim",3.0,254.7
2025-09-01,Cafeína,1.0,52.9
2025-09-01,Chocolate 70% Cacau,1.0,29.9
2025-09-01,"Chocolate 99,9% Cacau",1.0,36.9
2025-09-01,Chocolate com Cranberry,1.0,29.9
2025-09-01,Chá Vitatea,2.0,131.8
2025-09-01,Coenzima  Q10 - 100mg,1.0,88.9
2025-09-01,Coenzima Q10,5.0,474.5
2025-09-01,Coenzima Q10  (200mg p/ porção),1.0,209.9
2025-09-01,Coenzima Q10 (200mg p/ porção),2.0,191.8
2025-09-01,Coenzima Q10 - (100mg p/ porção),2.0,157.8
2025-09-01,Coenzima Q10 100 Mg,2.0,239.8
2025-09-01,Coenzima Q10 200mg,1.0,94.9
2025-09-01,Coenzima Q10+ 200mg,1.0,134.9
2025-09-01,Colosfort,1.0,216.9
2025-09-01,Colágeno - Colagentek,5.0,424.5
2025-09-01,Colágeno - Colagentek Beauty,1.0,119.9
2025-09-01,Colágeno - Colagentek II,2.0,229.3
2025-09-01,Colágeno - Colagentek Protein - Bodybalance,11.0,1823.9
2025-09-01,Colágeno - Collagen Essential Protein,2.0,459.8
2025-09-01,Colágeno - Collagen Gut,1.0,194.9
2025-09-01,Colágeno - Collagen Pro - Body Suport,3.0,569.7
2025-09-01,Colágeno - Collagen Protein Hidrolisado,2.0,359.8
2025-09-01,Colágeno - Collagen Protein Hidrolisado Berries Silvestres 450g PURAVIDA,1.0,179.9
2025-09-01,Colágeno - Collagen Renew Hidrolisado,1.0,76.9
2025-09-01,Colágeno - Collagen Tipo II 40mg,1.0,74.9
2025-09-01,Colágeno - Multi Collagen,1.0,199.9
2025-09-01,Colágeno Hidrolisado - Collagen Pro 18g,6.0,899.4
2025-09-01,Colágeno Tipo 1 e 2 - Collagen 2 Joint,1.0,199.9
2025-09-01,Colágeno Tipo II,2.0,119.8
2025-09-01,Colágeno Tipo II - Artro Aid,1.0,94.9
2025-09-01,Complexo B - Bio Vit.B+,1.0,42.9
2025-09-01,Complexo B - Vit B Complex,1.0,119.85
2025-09-01,Cranberry - She She Comfort,1.0,62.64
2025-09-01,Creatina,3.0,494.7
2025-09-01,Creatina - Creafort (Creapure),12.0,2168.8
2025-09-01,Creatina - Gummy,2.0,302.05
2025-09-01,Creatina 100%,5.0,499.5
2025-09-01,Creatina Monohidratada,27.0,2198.3
2025-09-01,Creatina Monohidratada (Creapure),7.0,1516.6
2025-09-01,Creatina Monohidratada -  Crealift (Creapure),1.0,299.9
2025-09-01,Creatina Monohidratada - Creatine,6.0,569.4
2025-09-01,Creatina Monohidratada - Hardcore,3.0,254.7
2025-09-01,Creatina Premium - Creapure,1.0,209.9
2025-09-01,Cromo Picolinato - 250mg,3.0,80.7
2025-09-01,Cúrcuma 500mg,2.0,193.5
2025-09-01,Cúrcuma Plus,6.0,392.2
2025-09-01,Farinha de Aveia,1.0,15.9
2025-09-01,Ferro - Ydrosolv,1.0,99.9
2025-09-01,Ferro Quelato + Vitamina C,1.0,43.9
2025-09-01,Fibras Prébioticas - Prebiotic,1.0,65.9
2025-09-01,Fresh Vegan,2.0,279.8
2025-09-01,Fresh Whey,15.0,2488.5
2025-09-01,Gel Nitrato,5.0,63.65
2025-09-01,Glutamina,2.0,137.8
2025-09-01,Glutamina - Glutamax,3.0,204.7
2025-09-01,Glutamina - Glutamax Refil,1.0,119.9
2025-09-01,Glutamina Isolates,1.0,64.9
2025-09-01,Glutamina em Pó,3.0,289.7
2025-09-01,Gold Whey Concentrado Refil,3.0,419.7
2025-09-01,Granola,4.0,131.6
2025-09-01,Granola - Zero Açúcar,2.0,57.8
2025-09-01,Grassfed Whey Protein,3.0,479.7
2025-09-01,Isofort Plant (Life Vegan),1.0,109.9
2025-09-01,L-Carnitina 530mg,1.0,94.9
2025-09-01,MCT com AGE,1.0,69.9
2025-09-01,Magnésio,2.0,89.8
2025-09-01,Magnésio - 3MAG - Pool de Magnésio,1.0,69.9
2025-09-01,Magnésio - Bio Trimag,7.0,489.3
2025-09-01,Magnésio - Inositol Relief 3.0,4.0,679.6
2025-09-01,Magnésio Inositol,6.0,1019.4
2025-09-01,Magnésio Plus - 350mg,2.0,139.8
2025-09-01,Magnésio Plus 900mg,2.0,159.8
2025-09-01,Matchá - Chá Verde em Pó,1.0,76.9
2025-09-01,Melatonina,2.0,79.8
2025-09-01,Melatonina - Sleepfor,3.0,209.7
2025-09-01,Melatonina Duo Harmony,2.0,249.8
2025-09-01,Melatonina em Gotas,2.0,79.8
2025-09-01,Metilfolato,2.0,92.4
2025-09-01,Morning Shot - Imunidade,4.0,399.6
2025-09-01,Multivitaminico  - Imunomult- 1000mg,3.0,379.7
2025-09-01,NAC 650mg,1.0,59.9
2025-09-01,NAC Acetilcisteína -  600mg,1.0,86.9
2025-09-01,NAC PRO,1.0,59.1
2025-09-01,Neuro Health,1.0,168.9
2025-09-01,Nootrópico - Brain Up Am/Pm  60 caps TRUE SOURCE,1.0,144.9
2025-09-01,Omegafor Plus,12.0,1982.8
2025-09-01,Palatinose,3.0,173.7
2025-09-01,Pasta de Amendoim,9.0,393.7
2025-09-01,Pasta de Amendoim Granulado,1.0,26.9
2025-09-01,Pasta de Amendoim Integral,2.0,39.8
2025-09-01,Pasta de Castanha de Caju,2.0,77.8
2025-09-01,Prebiótico - Fiber Liv,2.0,150.02
2025-09-01,Probiótico - Simfort Plus,9.0,749.1
2025-09-01,Probióticos em Pó - Simfort,3.0,419.7
2025-09-01,Proteína - Isocrisp Plant Pouch,1.0,62.9
2025-09-01,Proteína Isolada e Hidrolisada - Body Protein,13.0,2728.7
2025-09-01,Proteína Isolada e Hidrolisada - Body Protein Red,2.0,419.8
2025-09-01,Pré-Treino,1.0,104.9
2025-09-01,Pré-Treino - Beta Action,2.0,419.8
2025-09-01,Pré-Treino - V Fort,1.0,114.9
2025-09-01,Pré-Treino - V Fort Ultra,1.0,114.9
2025-09-01,Pré-Treino Turbo,1.0,86.73
2025-09-01,Pré-treino - Energy Kick,1.0,124.9
2025-09-01,Pré-treino - Pre Workout,2.0,269.8
2025-09-01,Pré-treino Panic Pre Workout,1.0,99.9
2025-09-01,Própolis Líquido - Gotas,2.0,89.8
2025-09-01,Própolis Verde - Propomax,2.0,57.8
2025-09-01,Psyllium,3.0,224.7
2025-09-01,Refil 100% Whey Protein - Flavour,1.0,119.9
2025-09-01,Refil Whey 100% Pure,1.0,127.9
2025-09-01,Refil Whey Concentrado - W100,2.0,259.8
2025-09-01,Refil Whey Protein - 3W,1.0,199.9
2025-09-01,Refil Whey Protein 100%,3.0,299.7
2025-09-01,Refil Whey Protein Concentrado,2.0,311.9
2025-09-01,Resveratrol 500mg,1.0,74.25
2025-09-01,Shot Matinal,1.0,74.9
2025-09-01,Simfort Femme,1.0,89.9
2025-09-01,Simfort fibras,2.0,129.8
2025-09-01,Sleep,7.0,1019.3
2025-09-01,Super Ômega 3,6.0,1146.83
2025-09-01,SuperCoffee,9.0,1349.1
2025-09-01,SuperCoffee Língua de gato - Kopenhagen,3.0,494.7
2025-09-01,Suplemento Alimentar  - Hepatofor,2.0,169.8
2025-09-01,Suplemento Alimentar - Alpha Mater,1.0,144.9
2025-09-01,"Suplemento Alimentar - Cabelo, Pele e Unha - Gomas",2.0,140.14
2025-09-01,Suplemento Alimentar - GUARDIAN®,4.0,799.6
2025-09-01,Suplemento Alimentar - Geleia Real - Apireal,3.0,128.7
2025-09-01,Suplemento Alimentar - Pura Fiber,2.0,149.8
2025-09-01,Suplemento Alimentar - Slim Shape,3.0,209.7
2025-09-01,Suplemento Vitamínico - ZMA,1.0,53.61
2025-09-01,Suplemento de Magnésio - Blue Calm,3.0,325.7
2025-09-01,Suplemento para Imunidade - Immune Up 100%,1.0,109.09
2025-09-01,Tasty Whey 3W Gourmet,8.0,1439.2
2025-09-01,True Cúrcuma,1.0,89.9
2025-09-01,True Cúrcuma com Ômega,1.0,114.69
2025-09-01,Vitamina - Good Mood,1.0,59.9
2025-09-01,Vitamina B12,8.0,297.2
2025-09-01,Vitamina C - Bio Vit C+,1.0,49.9
2025-09-01,Vitamina D - Vita D3,7.0,376.3
2025-09-01,Vitamina D - Vita D3 + C + Zinco,2.0,119.8
2025-09-01,Vitamina D3,3.0,116.7
2025-09-01,Vitamina D3 + K2,3.0,186.7
2025-09-01,Vitamina D3 + K2 Gotas,1.0,69.9
2025-09-01,Vitamina D3 - 2000 Ui,3.0,110.7
2025-09-01,Vitamina D3 - Ydrosolv,1.0,84.9
2025-09-01,Whey,5.0,1359.5
2025-09-01,Whey - Isocrisp Pouch,2.0,169.8
2025-09-01,Whey Concentrado - W100,1.0,129.9
2025-09-01,Whey Fort 3W,4.0,759.6
2025-09-01,Whey Isolado e Hidrolisado - H.I Whey,1.0,239.9
2025-09-01,Whey Protein - 3W,1.0,153.65
2025-09-01,Whey Protein - CLEANPRO,1.0,139.9
2025-09-01,Whey Protein - Isofort Beauty,1.0,134.32
2025-09-01,Whey Protein Concentrado,45.0,7870.5
2025-09-01,Whey Protein Concentrado Cappuccino 900g DUX,2.0,349.8
2025-09-01,Whey Protein Crisp - Isocrisp,2.0,93.8
2025-09-01,Whey Protein Hidrolisado,2.0,739.8
2025-09-01,Whey Protein ISO 100 Hydrolyzed,2.0,1053.84
2025-09-01,Whey Protein Isolado,9.0,2789.1
2025-09-01,Whey Protein Isolado - Isofort,4.0,1199.6
2025-09-01,Whey Protein Isolado - Tasty Iso,2.0,519.8
2025-09-01,Whey Tech 100%,7.0,874.3
2025-09-01,Whey hidrolisado e isolado,4.0,1159.6
2025-09-01,Óleo de Prímula - 500mg,1.0,32.9
2025-09-01,Ômega -  Mega DHA,1.0,94.9
2025-09-01,Ômega 3,1.0,170.55
2025-09-01,Ômega 3  - 1360mg,2.0,359.8
2025-09-01,Ômega 3 - EPA DHA - 1000mg,8.0,529.2
2025-09-01,Ômega 3 - Ultra Caps 1000mg,1.0,149.9
2025-09-01,Ômega 3 DHA,1.0,119.9
2025-09-01,Ômega 3 EPA DHA,18.0,1394.2
2025-09-01,Ômega 3 Super DHA,2.0,239.8
2025-09-01,Ômega 3 Super DHA - BIG N,6.0,629.4
2025-09-01,Ômega 3 Vegan DHA,1.0,89.9
2025-09-01,Ômega Golden,1.0,199.9
2025-09-08,100% Whey Protein - Flavour,2.0,225.19
2025-09-08,100% Whey Pure,1.0,139.9
2025-09-08,Achocolatado - Choco Family - Refil,1.0,46.9
2025-09-08,Achocolatado Multivitaminado - Choco Nutrients,2.0,93.8
2025-09-08,Adoçante Stévia,1.0,49.7
2025-09-08,Aminoácido - Aminovita,2.0,273.8
2025-09-08,Aminoácido - Tryptophan,1.0,57.47
2025-09-08,Aminoácido N-acetil L-cisteína (NAC),2.0,159.8
2025-09-08,Arginofor -  L-Arginina,1.0,104.9
2025-09-08,Astaxantina,1.0,83.13
2025-09-08,Aveia - Flocos Grossos,1.0,16.9
2025-09-08,BT Gel Nitrato,1.0,119.9
2025-09-08,BT Nitrato,2.0,319.8
2025-09-08,BT Nitrato 400,3.0,499.7
2025-09-08,Barrinha de Proteina - Protein Crisp Bar,1.0,79.9
2025-09-08,Barrinha de Proteína,2.0,151.24
2025-09-08,Barrinha de Proteína ChocoWheyfer,1.0,89.9
2025-09-08,Barrinha de Proteína Crunch,4.0,53.56
2025-09-08,Barrinha de Proteína Protein Crisp,1.0,79.9
2025-09-08,Barrinha de Proteína Thin,2.0,199.8
2025-09-08,Barrinha de Proteína Tube,1.0,99.9
2025-09-08,Barrinha de Proteína Whey Grego - Havanna,1.0,109.9
2025-09-08,Bebida Vegetal em Pó - Vegan Delight,2.0,179.8
2025-09-08,Beef Protein,5.0,1149.5
2025-09-08,Best Whey,1.0,194.9
2025-09-08,Beta Alanina,1.0,59.9
2025-09-08,Beta Alanina 100%,3.0,134.7
2025-09-08,Bio Ferro,4.0,171.6
2025-09-08,Bio Vitamina B12 em gotas,4.0,179.6
2025-09-08,Blend de Chá - Calmante,1.0,29.9
2025-09-08,Blend de Chá - Energia,1.0,29.9
2025-09-08,Bombom,5.0,46.9
2025-09-08,"Boraprim - Borragem, Prímula e Gergelim",2.0,130.8
2025-09-08,Cafeína,1.0,52.78
2025-09-08,Chlorella,1.0,89.0
2025-09-08,Chocolate - Chocolift,2.0,40.8
2025-09-08,Cocada,1.0,4.2
2025-09-08,Coenzima Q10,4.0,319.6
2025-09-08,Coenzima Q10  (200mg p/ porção),2.0,419.8
2025-09-08,Coenzima Q10 (200mg p/ porção),3.0,344.7
2025-09-08,Coenzima Q10 + Ômega 3 + Vitamina E,4.0,559.6
2025-09-08,Coenzima Q10 - (100mg p/ porção),1.0,77.9
2025-09-08,Coenzima Q10 - 100mg,1.0,119.9
2025-09-08,Coenzima Q10 - 200mg,1.0,139.9
2025-09-08,Colágeno - Body Collagen Protein,1.0,179.9
2025-09-08,Colágeno - Colagentek,1.0,84.9
2025-09-08,Colágeno - Colagentek Beauty,1.0,116.9
2025-09-08,Colágeno - Colagentek II,6.0,687.9
2025-09-08,Colágeno - Colagentek Protein - Bodybalance,5.0,829.5
2025-09-08,Colágeno - Collagen Derm,1.0,170.1
2025-09-08,Colágeno - Collagen Essential Protein,8.0,1756.04
2025-09-08,Colágeno - Collagen Gut,2.0,389.8
2025-09-08,Colágeno - Collagen Pro - Body Suport,1.0,189.9
2025-09-08,Colágeno - Collagen Protein Hidrolisado,2.0,359.8
2025-09-08,Colágeno - Collagen Protein Hidrolisado Berries Silvestres 450g PURAVIDA,2.0,329.15
2025-09-08,Colágeno - Collagen Renew Hidrolisado,6.0,461.4
2025-09-08,Colágeno - Collagen Tipo II 40mg,1.0,74.9
2025-09-08,Colágeno - Multi Collagen,1.0,199.9
2025-09-08,Colágeno Collagen Flex Beauty,1.0,161.47
2025-09-08,Colágeno Hidrolisado - Collagen Pro 18g,2.0,299.8
2025-09-08,Colágeno Tipo 1 e 2 - Collagen 2 Joint,1.0,199.9
2025-09-08,Colágeno Tipo II,1.0,59.9
2025-09-08,Colágeno Tipo II - Artro Aid,2.0,189.8
2025-09-08,Complexo B,1.0,104.9
2025-09-08,Complexo B 500mg,1.0,39.9
2025-09-08,Coq10 + Vitamina E,1.0,124.9
2025-09-08,Cranberry - She She Comfort,1.0,62.64
2025-09-08,Creatina,3.0,355.23
2025-09-08,Creatina - Creafort (Creapure),6.0,1089.4
2025-09-08,Creatina - Creapure,1.0,164.9
2025-09-08,Creatina 100%,4.0,354.6
2025-09-08,Creatina 100% Pure,1.0,109.9
2025-09-08,Creatina Monohidratada,35.0,2944.5
2025-09-08,Creatina Monohidratada (Creapure),3.0,579.7
2025-09-08,Creatina Monohidratada -  Crealift (Creapure),1.0,299.9
2025-09-08,Creatina Monohidratada - Creatine,1.0,94.9
2025-09-08,Creatina Monohidratada - Hardcore,3.0,254.7
2025-09-08,Creatina Monohidratada em Gummy,1.0,119.9
2025-09-08,Creatina Premium - Creapure,1.0,209.9
2025-09-08,Creatina- Creapure,2.0,399.8
2025-09-08,Cromo Picolinato - 250mg,5.0,134.5
2025-09-08,Cálcio de Algas 1000mg,1.0,56.9
2025-09-08,Cúrcuma 500mg,2.0,179.8
2025-09-08,Cúrcuma Plus,11.0,753.9
2025-09-08,Enzimas Enzyfor,1.0,139.9
2025-09-08,Extrato de Laranja Moro 400mg,1.0,96.75
2025-09-08,Farinha de Aveia,1.0,15.9
2025-09-08,Ferro - Ydrosolv,4.0,399.6
2025-09-08,Fibras Prébioticas - Prebiotic,1.0,65.9
2025-09-08,Fresh Vegan,3.0,419.7
2025-09-08,Fresh Whey,15.0,2363.5
2025-09-08,Gel - Endurance,2.0,139.8
2025-09-08,Gel Nitrato,1.0,12.73
2025-09-08,Gluatamina em Sachê - Glutamax,1.0,93.18
2025-09-08,Glutamina,5.0,356.51
2025-09-08,Glutamina - Glutamax,6.0,444.4
2025-09-08,Glutamina - Glutamax Refil,3.0,337.55
2025-09-08,Glutamina em Pó,7.0,679.3
2025-09-08,Gold Whey Concentrado Refil,2.0,279.8
2025-09-08,Granola,1.0,32.9
2025-09-08,Grassfed Whey Protein,1.0,229.9
2025-09-08,Hipercalórico - Creamass,1.0,99.9
2025-09-08,L-Carnitina 530mg,2.0,124.6
2025-09-08,L-Taurina - 1.000mg,2.0,109.8
2025-09-08,Laranja Moro,1.0,64.9
2025-09-08,Magnésio,2.0,89.8
2025-09-08,Magnésio - Bio Trimag,4.0,279.6
2025-09-08,Magnésio - Inositol Relief 3.0,9.0,1529.1
2025-09-08,Magnésio Inositol,4.0,613.95
2025-09-08,Magnésio Plus - 350mg,3.0,209.7
2025-09-08,Magnésio Plus 900mg,2.0,159.8
2025-09-08,Massa Alimentícia de Fibra,2.0,48.6
2025-09-08,Melatonina,2.0,99.8
2025-09-08,Melatonina - Sleepfor,2.0,139.8
2025-09-08,Melatonina - Ydrosolv,1.0,79.9
2025-09-08,Melatonina Duo,1.0,69.9
2025-09-08,Melatonina Duo Harmony,1.0,124.9
2025-09-08,Melatonina Fast,1.0,39.9
2025-09-08,Morning Shot - Imunidade,1.0,99.9
2025-09-08,Multivitaminico  - Imunomult- 1000mg,1.0,124.9
2025-09-08,Multivitamínico - Vitalift,1.0,189.9
2025-09-08,NAC + Glycine + Taurine,1.0,89.9
2025-09-08,NAC 650mg,1.0,59.9
2025-09-08,Omegafor Family - Ômega 3,2.0,189.8
2025-09-08,Omegafor Plus,20.0,3340.0
2025-09-08,Palatinose,5.0,324.5
2025-09-08,Palatinose 100% - Carbolift,1.0,99.9
2025-09-08,Pasta de Amendoim,10.0,395.0
2025-09-08,Pasta de Amendoim Granulado,2.0,53.8
2025-09-08,Pasta de Amendoim Integral,1.0,19.9
2025-09-08,Pasta de Castanha de Caju,1.0,38.9
2025-09-08,Power Coffee,2.0,149.12
2025-09-08,Prebiótico,1.0,78.9
2025-09-08,Prebiótico - Fiber Liv,1.0,75.01
2025-09-08,Probiótico - Simfort Plus,11.0,1008.9
2025-09-08,Probióticos em Pó - Simfort,1.0,164.9
2025-09-08,Profem - Óleo de Prímula,2.0,124.0
2025-09-08,Proteína - Isocrisp Plant Pouch,5.0,314.5
2025-09-08,Proteína Isolada e Hidrolisada - Body Protein,12.0,2518.8
2025-09-08,Proteína Isolada e Hidrolisada - Body Protein Red,2.0,419.8
2025-09-08,Proteína Vegana - Immuno Veggie,1.0,209.9
2025-09-08,Proteína Vegana - Vegan Tasty,2.0,249.8
2025-09-08,Proteína da  Carne - Carnibol,2.0,270.0
2025-09-08,Pré-Treino,2.0,184.8
2025-09-08,Pré-Treino - Beta Action,1.0,209.9
2025-09-08,Pré-treino Panic Pre Workout,1.0,99.9
2025-09-08,Próbiotico - Purabiotics,2.0,179.8
2025-09-08,Própolis Líquido - Gotas,1.0,44.9
2025-09-08,Própolis Verde - Premium 10mg,3.0,194.7
2025-09-08,Própolis Verde 70,6.0,233.4
2025-09-08,Psyllium,3.0,189.7
2025-09-08,Refil Creatina,2.0,292.92
2025-09-08,Refil Whey 100% Pure,5.0,639.5
2025-09-08,Refil Whey Concentrado - W100,2.0,259.8
2025-09-08,Refil Whey Concentrado Havanna - W100,3.0,389.7
2025-09-08,Refil Whey Protein - 3W,1.0,134.9
2025-09-08,Refil Whey Protein Isolado,2.0,1239.3
2025-09-08,Resveratrol - Resveramax,3.0,503.19
2025-09-08,Resveratrol Plus - 165mg,2.0,249.8
2025-09-08,Simfort Femme,2.0,179.8
2025-09-08,Simfort fibras,1.0,64.9
2025-09-08,Sleep,2.0,359.8
2025-09-08,Super Café - Desincoffee,1.0,109.9
2025-09-08,Super Ômega 3,6.0,1082.31
2025-09-08,SuperCoffee,14.0,2103.6
2025-09-08,SuperCoffee Língua de gato - Kopenhagen,13.0,2143.7
2025-09-08,Suplemento Alimentar - Alpha Mater,1.0,144.9
2025-09-08,Suplemento Alimentar - Alpha Men,1.0,159.9
2025-09-08,Suplemento Alimentar - Alpha Women,1.0,149.9
2025-09-08,"Suplemento Alimentar - Cabelo, Pele e Unha - Gomas",1.0,71.14
2025-09-08,Suplemento Alimentar - GUARDIAN®,6.0,1199.4
2025-09-08,Suplemento Alimentar - L-teanina - Happy Theanine,1.0,149.9
2025-09-08,Suplemento de Magnésio - Blue Calm,5.0,525.5
2025-09-08,Tasty Whey 3W Gourmet,13.0,2241.4
2025-09-08,Termogênico - Lipix6,1.0,54.9
2025-09-08,Termogênico - Termo Plus,2.0,239.8
2025-09-08,Tortinha Proteica,1.0,15.87
2025-09-08,Trio Magnésio 720mg,3.0,164.7
2025-09-08,True Cúrcuma,1.0,89.9
2025-09-08,True Cúrcuma com Ômega,1.0,114.69
2025-09-08,Ultracoffee - Vegano,1.0,109.9
2025-09-08,Vitamina - Good Mood,2.0,119.8
2025-09-08,Vitamina B12,7.0,249.9
2025-09-08,Vitamina C - Bio Vit C+,1.0,49.9
2025-09-08,Vitamina D - Vita D3,15.0,809.5
2025-09-08,Vitamina D - Vita D3 + C + Zinco,2.0,101.15
2025-09-08,Vitamina D3,7.0,272.3
2025-09-08,Vitamina D3 + K2,4.0,230.95
2025-09-08,Vitamina D3 + K2 Gotas,2.0,139.8
2025-09-08,Vitamina D3 Synergy,2.0,119.8
2025-09-08,Whey,2.0,639.8
2025-09-08,Whey - Isocrisp Pouch,2.0,169.8
2025-09-08,Whey - Zero Lactose,1.0,239.9
2025-09-08,Whey 3W,1.0,154.9
2025-09-08,Whey Concentrado - 100% Whey,1.0,129.9
2025-09-08,Whey Fort 3W,2.0,379.8
2025-09-08,Whey Isolado - Iso Triple Zero,2.0,419.8
2025-09-08,Whey Isolado - Isofort Ultra Imuno,2.0,599.8
2025-09-08,Whey Isolado e Hidrolisado - H.I Whey,1.0,239.9
2025-09-08,Whey Protein - 3W - The Whey,1.0,154.9
2025-09-08,Whey Protein - CLEANPRO,1.0,139.9
2025-09-08,Whey Protein - Isofort Beauty,1.0,149.9
2025-09-08,Whey Protein Concentrado,56.0,9794.4
2025-09-08,Whey Protein Concentrado Cappuccino 900g DUX,3.0,524.7
2025-09-08,Whey Protein Isolado,16.0,4298.4
2025-09-08,Whey Protein Isolado - Isofort,2.0,599.8
2025-09-08,Whey Protein Isolado - Tasty Iso,3.0,759.7
2025-09-08,Whey Tech 100%,10.0,1249.0
2025-09-08,Whey hidrolisado e isolado,6.0,1739.4
2025-09-08,Zinco Quelato,2.0,77.8
2025-09-08,Ômega -  Mega DHA,1.0,94.9
2025-09-08,Ômega - Mega DHA,1.0,169.9
2025-09-08,Ômega 3,3.0,324.8
2025-09-08,Ômega 3  - 1360mg,1.0,179.9
2025-09-08,Ômega 3 - 1360mg,10.0,1399.0
2025-09-08,Ômega 3 - EPA DHA - 1000mg,10.0,649.0
2025-09-08,Ômega 3 - Omegafor Memory,1.0,104.9
2025-09-08,Ômega 3 - Ultra Caps 1000mg,3.0,449.7
2025-09-08,Ômega 3 EPA DHA,27.0,1995.3
2025-09-08,Ômega 3 Kids,1.0,69.9
2025-09-08,Ômega 3 Pulse,3.0,389.7
2025-09-08,Ômega 3 Super DHA,1.0,119.9
2025-09-08,Ômega 3 Super DHA - BIG N,10.0,1049.0
2025-09-08,Ômega 3 Vegan DHA,1.0,89.9
2025-09-08,Ômega Core,3.0,599.7
2025-09-08,Ômega Golden,2.0,399.8
2025-09-15,100% Whey Protein - Flavour,2.0,249.8
2025-09-15,100% Whey Pure,3.0,419.7
2025-09-15,Achocolatado - Choco Family - Refil,1.0,46.9
2025-09-15,Achocolatado - Chocoki,1.0,79.9
2025-09-15,Adoçante Stévia,1.0,49.7
2025-09-15,Aminoácido - Tryptophan,1.0,49.9
2025-09-15,Aminoácido N-acetil L-cisteína (NAC),3.0,239.7
2025-09-15,Aminoácidos - Aminnu EAAs,2.0,399.8
2025-09-15,Aminoácidos - Aminolift,1.0,199.9
2025-09-15,Amora Miúra - 1500mg,1.0,39.81
2025-09-15,BT 400,1.0,210.9
2025-09-15,Barra Chocolate 70%,1.0,15.54
2025-09-15,Barrinha - Body Protein,10.0,120.0
2025-09-15,Barrinha de Proteína,2.0,154.92
2025-09-15,Barrinha de Proteína Choco Wheyfer,3.0,106.68
2025-09-15,Barrinha de Proteína Crunch,1.0,11.22
2025-09-15,Barrinha de Proteína Protein Crisp,4.0,319.6
2025-09-15,Barrinha de Proteína Thin,1.0,99.9
2025-09-15,Best Whey,2.0,344.15
2025-09-15,Beta Alanina,2.0,119.8
2025-09-15,Beta Alanina 100%,2.0,89.8
2025-09-15,Bio Ferro,1.0,42.9
2025-09-15,Bio Vitamina B12 em gotas,1.0,44.9
2025-09-15,Bio Zinco,1.0,36.9
2025-09-15,Biscoito Proteico,3.0,33.66
2025-09-15,Biscoito Proteico - Sublime,1.0,12.38
2025-09-15,Blend de Chá - Detox,1.0,29.9
2025-09-15,"Boraprim - Borragem, Prímula e Gergelim",1.0,45.9
2025-09-15,Cacau Premium,1.0,74.9
2025-09-15,CarbPro 4:1 - Endurance & Recovery,1.0,134.17
2025-09-15,Chá,1.0,7.2
2025-09-15,Coenzima Q10,1.0,79.9
2025-09-15,Coenzima Q10  (200mg p/ porção),3.0,629.7
2025-09-15,Coenzima Q10 (200mg p/ porção),9.0,996.1
2025-09-15,Coenzima Q10 + Ômega 3 + Vitamina E,7.0,979.3
2025-09-15,Coenzima Q10 - (100mg p/ porção),1.0,77.9
2025-09-15,Coenzima Q10+ 200mg,1.0,134.9
2025-09-15,Coffee - Brainstorm,1.0,119.9
2025-09-15,Colágeno - Body Collagen Protein,1.0,179.9
2025-09-15,Colágeno - Colagentek,2.0,169.8
2025-09-15,Colágeno - Colagentek Beauty,3.0,353.7
2025-09-15,Colágeno - Colagentek II,2.0,189.8
2025-09-15,Colágeno - Colagentek Protein - Bodybalance,6.0,999.4
2025-09-15,Colágeno - Collagen Essential Protein,1.0,229.9
2025-09-15,Colágeno - Collagen Flex + Beauty,1.0,143.27
2025-09-15,Colágeno - Collagen Gut,2.0,389.8
2025-09-15,Colágeno - Collagen Protein Hidrolisado,8.0,1439.2
2025-09-15,Colágeno - Collagen Protein Hidrolisado Berries Silvestres 450g PURAVIDA,2.0,359.8
2025-09-15,Colágeno - Collagen Renew Hidrolisado,11.0,849.03
2025-09-15,Colágeno - Collagen Tipo II 40mg,1.0,74.9
2025-09-15,Colágeno - Collpure®,1.0,162.9
2025-09-15,Colágeno Collagen Skin,2.0,349.47
2025-09-15,Colágeno Hidrolisado - Collagen Pro 18g,5.0,749.5
2025-09-15,Colágeno Tipo II - Artro Aid,2.0,189.8
2025-09-15,Colágeno tipo 2 - Colagentek II,1.0,94.9
2025-09-15,Complexo B - Bio Vit.B+,3.0,128.7
2025-09-15,Complexo B 500mg,1.0,39.9
2025-09-15,Creatina,2.0,154.8
2025-09-15,Creatina - Creafort (Creapure),7.0,1259.3
2025-09-15,Creatina - Creapure,5.0,779.5
2025-09-15,Creatina - Gummy,1.0,149.9
2025-09-15,Creatina 100%,1.0,99.9
2025-09-15,Creatina 100% Pure,1.0,109.9
2025-09-15,Creatina Monohidratada,30.0,2537.0
2025-09-15,Creatina Monohidratada (Creapure),2.0,389.8
2025-09-15,Creatina Monohidratada - Creatine,10.0,949.0
2025-09-15,Creatina Monohidratada - Hardcore,4.0,339.6
2025-09-15,Creatina Monohidratada em Gummy,1.0,119.9
2025-09-15,Creatina em Cápsulas,1.0,39.9
2025-09-15,Cromo Picolinato - 250mg,6.0,161.4
2025-09-15,Cúrcuma - Curcumagic,1.0,144.9
2025-09-15,Cúrcuma 500mg,1.0,89.9
2025-09-15,Cúrcuma Plus,6.0,392.2
2025-09-15,Dado de creatina,1.0,127.35
2025-09-15,Energy Gel c/ Cafeína,2.0,35.2
2025-09-15,Enzima Lactase - Laczyme,1.0,84.9
2025-09-15,Extrato de Laranja Moro 400mg,1.0,89.9
2025-09-15,Ferro - Ydrosolv,2.0,199.8
2025-09-15,Ferro Quelado 34mg,1.0,29.9
2025-09-15,Fibras Prébioticas - Prebiotic,2.0,131.8
2025-09-15,Fresh Vegan,1.0,139.9
2025-09-15,Fresh Whey,7.0,1239.3
2025-09-15,Gel - Endurance,1.0,69.9
2025-09-15,Gel Nitrato,2.0,25.46
2025-09-15,Glutamina,6.0,427.41
2025-09-15,Glutamina - Glutamax,3.0,204.7
2025-09-15,Glutamina em Pó,1.0,89.9
2025-09-15,Gold Whey Concentrado Refil,3.0,419.7
2025-09-15,Granola,2.0,61.8
2025-09-15,Granola Australia - Low Carb,1.0,39.9
2025-09-15,Grassfed Whey Protein,2.0,319.8
2025-09-15,Grassfed Whey Protein - Concentrado,2.0,459.8
2025-09-15,Hipercalórico - Monsterone,1.0,124.9
2025-09-15,Isofort Plant (Life Vegan),4.0,439.6
2025-09-15,L-Taurina - 1.000mg,2.0,109.8
2025-09-15,Laranja Moro,1.0,64.9
2025-09-15,Leite de Coco em Pó - Coco Cream,1.0,59.9
2025-09-15,MCT,1.0,129.9
2025-09-15,MCT LIFT,1.0,149.0
2025-09-15,Magnésio,3.0,134.7
2025-09-15,Magnésio - Bio Trimag,6.0,419.4
2025-09-15,Magnésio - Inositol Relief 3.0,8.0,1359.2
2025-09-15,Magnésio Inositol,3.0,504.7
2025-09-15,Magnésio Plus - 350mg,3.0,209.7
2025-09-15,Magnésio Plus 900mg,7.0,559.3
2025-09-15,Melatonina,2.0,109.8
2025-09-15,Melatonina - Sleepfor,2.0,139.8
2025-09-15,Melatonina - Ydrosolv,1.0,79.9
2025-09-15,Melatonina Duo,4.0,279.6
2025-09-15,Melatonina em Gotas,2.0,79.8
2025-09-15,Metilfolato,2.0,92.4
2025-09-15,Morning Shot - Imunidade,3.0,299.7
2025-09-15,Multivitaminico  - Imunomult- 1000mg,4.0,499.6
2025-09-15,N-Acetil Cisteína (NAC),1.0,74.9
2025-09-15,NAC + Glycine + Taurine,1.0,89.9
2025-09-15,NAC 650mg,2.0,119.8
2025-09-15,Nitro 400,1.0,164.9
2025-09-15,Nootrópico - Brain Up Am/Pm  60 caps TRUE SOURCE,1.0,144.9
2025-09-15,Omegafor Plus,19.0,3155.1
2025-09-15,Palatinose,2.0,122.8
2025-09-15,Pasta de Amendoim,11.0,471.9
2025-09-15,Pasta de Amendoim Integral,1.0,19.9
2025-09-15,Pasta de Castanha de Caju,2.0,68.15
2025-09-15,Probiótico - Simfort Plus,9.0,829.1
2025-09-15,Probióticos em Pó - Simfort,1.0,39.9
2025-09-15,Proteína - Isocrisp Plant Pouch,2.0,125.8
2025-09-15,Proteína Isolada e Hidrolisada - Body Coffee Protein,1.0,209.9
2025-09-15,Proteína Isolada e Hidrolisada - Body Protein,12.0,2518.8
2025-09-15,Proteína Isolada e Hidrolisada - Body Protein Red,6.0,1259.4
2025-09-15,Proteína Vegana,1.0,68.35
2025-09-15,Pré-Treino - V Fort Ultra,1.0,119.9
2025-09-15,Pré-treino,1.0,199.9
2025-09-15,Pré-treino - Energyzer & focus,1.0,119.9
2025-09-15,Pré-treino - Pre Workout,1.0,134.9
2025-09-15,Pré-treino - Égide,1.0,116.9
2025-09-15,Pré-treino Exquenta,2.0,299.8
2025-09-15,Pré-treino X7,1.0,66.75
2025-09-15,Próbiotico - Purabiotics,1.0,70.43
2025-09-15,Própolis - Green Própolis,1.0,62.9
2025-09-15,Própolis Líquido - Gotas,2.0,89.8
2025-09-15,Própolis Verde - Alcoólico,2.0,57.8
2025-09-15,Própolis Verde - Premium 10mg,1.0,64.9
2025-09-15,Própolis Verde - Propomax,1.0,28.9
2025-09-15,Psyllium,6.0,309.4
2025-09-15,Refil Whey 100% Pure,1.0,127.9
2025-09-15,Refil Whey Concentrado - W100,3.0,363.11
2025-09-15,Refil Whey Concentrado Havanna - W100,1.0,129.9
2025-09-15,Refil Whey Protein - 3W,1.0,199.9
2025-09-15,Repositor Energético - D Ribose,1.0,99.9
2025-09-15,Resveratrol - Resveramax,1.0,167.73
2025-09-15,Resveratrol Plus - 165mg,2.0,249.8
2025-09-15,Salgadinho,1.0,6.7
2025-09-15,Shot Matinal,1.0,74.9
2025-09-15,Simfort Ultra,4.0,478.08
2025-09-15,Simfort fibras,1.0,64.9
2025-09-15,Sleep,4.0,599.6
2025-09-15,Super Ômega 3,4.0,660.42
2025-09-15,SuperCoffee,15.0,2320.35
2025-09-15,SuperCoffee Língua de gato - Kopenhagen,2.0,329.8
2025-09-15,Suplemento - Super Night Control Blend,1.0,72.18
2025-09-15,Suplemento Alimentar  - Hepatofor,1.0,84.9
2025-09-15,Suplemento Alimentar - Alpha Inflaminus,2.0,289.8
2025-09-15,Suplemento Alimentar - GUARDIAN®,1.0,199.9
2025-09-15,Suplemento Alimentar - Pura Fiber,2.0,149.8
2025-09-15,Suplemento de Magnésio - Blue Calm,3.0,299.7
2025-09-15,Suplemento para Imunidade - Immune Up 100%,1.0,109.09
2025-09-15,Tasty Whey 3W Gourmet,4.0,622.3
2025-09-15,Termogênico - Lipix6,3.0,270.7
2025-09-15,Trio Magnésio 720mg,2.0,109.8
2025-09-15,Vegan Protein - Vegano,1.0,159.9
2025-09-15,Vitamina - Good Mood,2.0,119.8
2025-09-15,Vitamina B12,4.0,143.56
2025-09-15,Vitamina B9 - Metilfolato,1.0,54.9
2025-09-15,Vitamina C3 - 1000mg,1.0,89.9
2025-09-15,Vitamina D - Vita D3,2.0,105.8
2025-09-15,Vitamina D - Vita D3 + C + Zinco,2.0,119.8
2025-09-15,Vitamina D3,4.0,166.6
2025-09-15,Vitamina D3 + K2,7.0,427.65
2025-09-15,Vitamina D3 + K2 Gotas,3.0,209.7
2025-09-15,Vitamina D3 - Ydrosolv,1.0,84.9
2025-09-15,Vitamina D3 Synergy,6.0,359.4
2025-09-15,Vitamina D3+K2,1.0,75.06
2025-09-15,"Vitaminas A, E, D e K2- RESTAURE® - Gotas",3.0,476.7
2025-09-15,Whey,5.0,1359.5
2025-09-15,Whey - Immuno Golden,1.0,239.9
2025-09-15,Whey - Zero Lactose,2.0,479.8
2025-09-15,Whey 100% - Proteína Concentrada,1.0,159.9
2025-09-15,Whey 3W,4.0,619.6
2025-09-15,Whey Concentrado - 100% Whey,1.0,129.9
2025-09-15,Whey Fort 3W,6.0,1302.93
2025-09-15,Whey Isolado - Iso Triple Zero,4.0,839.6
2025-09-15,Whey Isolado - Isofort Ultra Imuno,1.0,299.9
2025-09-15,Whey Protein - Isofort Beauty,1.0,149.9
2025-09-15,Whey Protein Concentrado,37.0,6470.55
2025-09-15,Whey Protein Concentrado Cappuccino 900g DUX,3.0,524.7
2025-09-15,Whey Protein Isolado,14.0,4338.6
2025-09-15,Whey Protein Isolado - Isofort,2.0,599.8
2025-09-15,Whey Protein Isolado - Tasty Iso,1.0,249.9
2025-09-15,Whey Protein Vegetal,1.0,139.9
2025-09-15,Whey Tech 100%,6.0,749.4
2025-09-15,Whey hidrolisado e isolado Creme Broule 837g TRUE SOURCE,1.0,289.9
2025-09-15,Ômega -  Mega DHA,1.0,94.9
2025-09-15,Ômega - Mega DHA,3.0,509.7
2025-09-15,Ômega 3,1.0,169.9
2025-09-15,Ômega 3 - 1360mg,4.0,559.6
2025-09-15,Ômega 3 - EPA DHA - 1000mg,11.0,673.9
2025-09-15,Ômega 3 - Fish Oil,1.0,112.65
2025-09-15,Ômega 3 - Omegafor Memory,1.0,104.9
2025-09-15,Ômega 3 - Ultra Caps 1000mg,4.0,599.6
2025-09-15,Ômega 3 EPA DHA,21.0,1627.9
2025-09-15,Ômega 3 Pulse,1.0,129.9
2025-09-15,Ômega 3 Super DHA - BIG N,1.0,104.9
2025-09-15,Ômega 3 Super DHA BIG,1.0,189.9
2025-09-15,Ômega 3 Vegan DHA,1.0,89.9
2025-09-15,Ômega Beauty,1.0,69.9
2025-09-15,Ômega Core,3.0,599.7
2025-09-22,100% Whey Protein - Flavour,2.0,249.8
2025-09-22,100% Whey Pure,1.0,139.9
2025-09-22,Achocolatado - Choco Family - Refil,1.0,46.9
2025-09-22,Achocolatado - Chocoki,1.0,79.9
2025-09-22,Adoçante Stévia,1.0,49.7
2025-09-22,Aminoácido - Aminovita,4.0,563.6
2025-09-22,Aminoácido - BCAA - Glyco HD,1.0,29.9
2025-09-22,Aminoácidos - Aminolift,1.0,199.9
2025-09-22,Arginofor - L-Arginina,1.0,62.48
2025-09-22,BT Nitrato,1.0,139.9
2025-09-22,BT Nitrato 400,1.0,139.9
2025-09-22,Barrinha de Proteina - Protein Crisp Bar,2.0,159.8
2025-09-22,Barrinha de Proteína,3.0,168.68
2025-09-22,Barrinha de Proteína - PROTO WAFER,1.0,8.4
2025-09-22,Barrinha de Proteína Best Whey 49g (12g de Proteína),2.0,208.18
2025-09-22,Barrinha de Proteína Cleanpro Bar,1.0,96.9
2025-09-22,Barrinha de Proteína Crunch,1.0,11.22
2025-09-22,Barrinha de Proteína Protein Crisp,4.0,319.6
2025-09-22,Barrinha de Proteína Sensah!,1.0,109.9
2025-09-22,Barrinha de Proteína Thin,5.0,499.5
2025-09-22,Barrinha de Proteína Tube,1.0,9.54
2025-09-22,Barrinhas de Proteína Crunch,1.0,139.9
2025-09-22,Beta Alanina,2.0,119.97
2025-09-22,Bio Cálcio  60 caps PURAVIDA,1.0,74.9
2025-09-22,Bio Ferro,4.0,171.6
2025-09-22,Bio Vitamina B12 em gotas,4.0,179.6
2025-09-22,Bio Zinco,1.0,36.9
2025-09-22,Blend de Chá - Calmante,4.0,119.6
2025-09-22,Bombom,1.0,9.38
2025-09-22,Booster Energético - Upgrade Energy - TCM,1.0,125.64
2025-09-22,Cafeína - Caffeinex 200,2.0,68.84
2025-09-22,Chocolate - Chocolift,2.0,40.8
2025-09-22,Chá,1.0,7.2
2025-09-22,Coenzima  Q10 - 100mg,2.0,177.8
2025-09-22,Coenzima Q10,4.0,374.6
2025-09-22,Coenzima Q10  (200mg p/ porção),2.0,419.8
2025-09-22,Coenzima Q10 (200mg p/ porção),5.0,498.5
2025-09-22,Coenzima Q10 - (100mg p/ porção),1.0,77.9
2025-09-22,Coenzima Q10 200mg,1.0,94.9
2025-09-22,Coffee - Brainstorm,1.0,119.9
2025-09-22,Colágeno - Colagentek,1.0,84.9
2025-09-22,Colágeno - Colagentek Protein - Bodybalance,8.0,1319.2
2025-09-22,Colágeno - Collagen Essential Protein,2.0,399.8
2025-09-22,Colágeno - Collagen Flex + Beauty,1.0,143.27
2025-09-22,Colágeno - Collagen Gut,1.0,194.9
2025-09-22,Colágeno - Collagen Pro - Body Suport,1.0,189.9
2025-09-22,Colágeno - Collagen Protein Hidrolisado,3.0,539.7
2025-09-22,Colágeno - Collagen Renew Hidrolisado,2.0,153.8
2025-09-22,Colágeno - Collagen Tipo II 40mg,3.0,224.7
2025-09-22,Colágeno Collagen Skin,1.0,194.9
2025-09-22,Colágeno Hidrolisado - Collagen Pro 18g,3.0,449.7
2025-09-22,Colágeno Hidrolisado - Verisol,1.0,115.4
2025-09-22,Colágeno Tipo 1 e 2 - Collagen 2 Joint,1.0,199.9
2025-09-22,Colágeno Tipo II - Artro Aid,1.0,94.9
2025-09-22,Colágeno tipo 2 - Colagentek II,2.0,189.8
2025-09-22,Complexo B,1.0,83.09
2025-09-22,Complexo B - Bio Vit.B+,1.0,42.9
2025-09-22,Coq10 + Vitamina E,2.0,263.9
2025-09-22,Cranberry,1.0,49.9
2025-09-22,Creatina,1.0,59.9
2025-09-22,Creatina - Creafort (Creapure),10.0,1634.0
2025-09-22,Creatina - Creapure,1.0,119.9
2025-09-22,Creatina - Gummies,2.0,239.8
2025-09-22,Creatina - Gummy,1.0,149.9
2025-09-22,Creatina 100%,3.0,174.7
2025-09-22,Creatina 100% Pure,1.0,109.9
2025-09-22,Creatina Monohidratada,23.0,1959.7
2025-09-22,Creatina Monohidratada (Creapure),3.0,574.7
2025-09-22,Creatina Monohidratada - Creatine,5.0,459.5
2025-09-22,Creatina Monohidratada - Hardcore,2.0,174.8
2025-09-22,Creatina Premium - Creapure,1.0,229.9
2025-09-22,Creme de Pistache,1.0,69.9
2025-09-22,Cromo Picolinato - 250mg,1.0,26.9
2025-09-22,Cálcio de Algas 1000mg,1.0,56.9
2025-09-22,Cúrcuma Plus,4.0,249.6
2025-09-22,Extrato de Laranja Moro 400mg,2.0,193.5
2025-09-22,Ferro - Ydrosolv,1.0,99.9
2025-09-22,Ferro Quelado 34mg,2.0,59.8
2025-09-22,Ferro Quelato + Vitamina C,2.0,87.8
2025-09-22,Fibras - Fiberfor,2.0,189.8
2025-09-22,Fibras - Fiberlift,1.0,134.9
2025-09-22,Fibras Prébioticas - Prebiotic,3.0,197.7
2025-09-22,Fresh Vegan,6.0,839.4
2025-09-22,Fresh Whey,11.0,2058.9
2025-09-22,Gel Neutro Fresh com Cafeína,1.0,12.73
2025-09-22,Glutamina,5.0,465.52
2025-09-22,Glutamina - Glutamax,3.0,204.7
2025-09-22,Glutamina - Glutamax Refil,1.0,119.9
2025-09-22,Glutamina Pure,1.0,99.3
2025-09-22,Glutamina em Pó,2.0,179.8
2025-09-22,Granola,1.0,32.9
2025-09-22,Granola Australia - Low Carb,1.0,39.9
2025-09-22,Grassfed Whey Protein,3.0,689.7
2025-09-22,Grassfed Whey Protein - Concentrado,1.0,159.9
2025-09-22,Hipercalórico - Creamass,1.0,99.9
2025-09-22,Isofort Plant (Life Vegan),1.0,109.9
2025-09-22,Maca Peruana,1.0,57.0
2025-09-22,Magnésio,3.0,134.7
2025-09-22,Magnésio - 3MAG - Pool de Magnésio,2.0,139.8
2025-09-22,Magnésio - Bio Trimag,4.0,279.6
2025-09-22,Magnésio - Inositol Relief 3.0,6.0,1019.4
2025-09-22,Magnésio - Mag 5 Complex,2.0,145.8
2025-09-22,Magnésio Inositol,3.0,419.05
2025-09-22,Magnésio Plus 900mg,1.0,79.9
2025-09-22,Magnésio Quelato - Bio Mag,2.0,139.8
2025-09-22,Melatonina,1.0,54.9
2025-09-22,Melatonina - Sleepfor,2.0,139.8
2025-09-22,Melatonina Duo,1.0,69.9
2025-09-22,Melatonina em Gotas,4.0,160.2
2025-09-22,Mistura para Bolo de Caneca	,1.0,11.98
2025-09-22,Mistura para Pão de Frigideira Proteico,1.0,11.98
2025-09-22,Morning Shot - Imunidade,5.0,499.5
2025-09-22,Multivitaminico  - Imunomult- 1000mg,2.0,254.8
2025-09-22,Omegafor Plus,20.0,2878.0
2025-09-22,Palatinose,5.0,317.5
2025-09-22,Palatinose 100% - Carbolift,1.0,205.7
2025-09-22,Pasta de Amendoim,1.0,54.9
2025-09-22,Pasta de Amendoim Integral,1.0,19.9
2025-09-22,Pasta de Castanha de Caju,1.0,38.9
2025-09-22,Paçoquinha,5.0,21.0
2025-09-22,Polivitamínico - Berryki,1.0,53.55
2025-09-22,Prebiótico - Fiber Liv,1.0,75.01
2025-09-22,Probiótico - Simcaps,1.0,74.9
2025-09-22,Probiótico - Simfort Plus,10.0,859.0
2025-09-22,Probióticos em Pó - Simfort,1.0,89.9
2025-09-22,Profem - Óleo de Prímula,1.0,62.0
2025-09-22,Proteína Isolada e Hidrolisada - Body Protein,8.0,1679.2
2025-09-22,Proteína Isolada e Hidrolisada - Body Protein Red,3.0,629.7
2025-09-22,Proteína Vegana - Vegan Tasty,2.0,249.8
2025-09-22,Proteína Vegetal - Vegan Tasty,4.0,499.6
2025-09-22,Pré-Treino - V Fort Ultra,2.0,229.8
2025-09-22,Pré-treino - Energy Kick,3.0,374.7
2025-09-22,Pré-treino - Energyzer & focus,1.0,119.9
2025-09-22,Própolis - Green Própolis,1.0,62.9
2025-09-22,Própolis Verde - Premium 10mg,3.0,194.7
2025-09-22,Própolis Verde 70,5.0,194.5
2025-09-22,Psyllium,6.0,414.4
2025-09-22,Refil Creatina,1.0,159.9
2025-09-22,Refil Whey 100% Pure,3.0,383.7
2025-09-22,Refil Whey Concentrado - W100,5.0,627.91
2025-09-22,Refil Whey Protein - 3W,1.0,199.9
2025-09-22,Shot Matinal,2.0,149.8
2025-09-22,Simfort Ultra,1.0,94.9
2025-09-22,Simfort fibras,3.0,194.7
2025-09-22,Sleep,1.0,179.9
2025-09-22,Super Ômega 3,4.0,557.51
2025-09-22,SuperCoffee,13.0,1853.7
2025-09-22,SuperCoffee Língua de gato - Kopenhagen,8.0,1329.2
2025-09-22,Suplemento - Hyaluronic Hair,1.0,74.9
2025-09-22,Suplemento Alimentar  - Hepatofor,1.0,84.9
2025-09-22,Suplemento Alimentar - Alpha Inflaminus,2.0,289.8
2025-09-22,Suplemento Alimentar - Alpha Mater,1.0,144.9
2025-09-22,Suplemento Alimentar - Alpha Men,1.0,159.9
2025-09-22,Suplemento Alimentar - GUARDIAN®,5.0,999.5
2025-09-22,Suplemento Alimentar - Geleia Real - Apireal,1.0,42.9
2025-09-22,Suplemento Alimentar - Immune +,1.0,141.58
2025-09-22,Suplemento Alimentar - True Nac,1.0,68.9
2025-09-22,Suplemento de Magnésio - Blue Calm,2.0,259.8
2025-09-22,Suplemento para Imunidade - Immune Up 100%,1.0,109.09
2025-09-22,Tablete de Doce,8.0,33.6
2025-09-22,Tasty Whey 3W Gourmet,3.0,539.7
2025-09-22,Termogênico - Termo Plus,1.0,119.9
2025-09-22,Tortinha Proteica,2.0,31.74
2025-09-22,Trio Magnésio 720mg,2.0,109.8
2025-09-22,Triptofano - Triptoflex 215mg,1.0,42.08
2025-09-22,True Cúrcuma com Ômega,1.0,114.69
2025-09-22,Vegan Protein - Vegano,1.0,159.9
2025-09-22,Vitamina - Good Mood,2.0,119.8
2025-09-22,Vitamina B12,11.0,487.5
2025-09-22,Vitamina C - Bio Vit C+,3.0,147.4
2025-09-22,Vitamina C - VIT C 4 Protect,1.0,129.9
2025-09-22,Vitamina C - Ydrosolv,1.0,89.9
2025-09-22,Vitamina D - Vita D3,5.0,274.5
2025-09-22,Vitamina D - Vita D3 + C + Zinco,1.0,59.9
2025-09-22,Vitamina D3,1.0,38.9
2025-09-22,Vitamina D3 + K2,7.0,410.65
2025-09-22,Vitamina D3 + K2 Gotas,3.0,209.7
2025-09-22,Vitamina D3 - 2000 Ui,2.0,73.8
2025-09-22,Vitamina D3 Synergy,2.0,119.8
2025-09-22,Whey,6.0,1919.4
2025-09-22,Whey - Isocrisp Pouch,2.0,169.8
2025-09-22,Whey - Zero Lactose,1.0,239.9
2025-09-22,Whey 3W,1.0,154.9
2025-09-22,Whey Isolado,1.0,234.85
2025-09-22,Whey Isolado - Iso Triple Zero,3.0,629.7
2025-09-22,Whey Isolado e Hidrolisado - H.I Whey,2.0,442.18
2025-09-22,Whey Protein - Isofort Beauty,3.0,449.7
2025-09-22,Whey Protein 3W,1.0,174.9
2025-09-22,Whey Protein Concentrado,36.0,6296.4
2025-09-22,Whey Protein Concentrado Cappuccino 900g DUX,2.0,349.8
2025-09-22,Whey Protein Crisp - Isocrisp,1.0,46.9
2025-09-22,Whey Protein Hidrolisado,1.0,369.9
2025-09-22,Whey Protein ISO 100 Hydrolyzed,1.0,722.03
2025-09-22,Whey Protein Isolado,14.0,4338.6
2025-09-22,Whey Protein Isolado - Isofort,3.0,899.7
2025-09-22,Whey Protein Isolado - Tasty Iso,2.0,509.8
2025-09-22,Whey Tech 100%,6.0,749.4
2025-09-22,Whey hidrolisado e isolado,4.0,1159.6
2025-09-22,Ômega -  Mega DHA,2.0,189.8
2025-09-22,Ômega 3  - 1360mg,1.0,179.9
2025-09-22,Ômega 3 - 1360mg,2.0,279.8
2025-09-22,Ômega 3 - EPA DHA - 1000mg,3.0,189.7
2025-09-22,Ômega 3 - Omegafor Memory,1.0,104.9
2025-09-22,Ômega 3 - Ultra Caps 1000mg,2.0,299.8
2025-09-22,Ômega 3 DHA,2.0,239.8
2025-09-22,Ômega 3 EPA DHA,21.0,1509.9
2025-09-22,Ômega 3 Fosfatix,1.0,150.28
2025-09-22,Ômega 3 Pulse,1.0,129.9
2025-09-22,Ômega 3 Super DHA - BIG N,4.0,419.6
2025-09-22,Ômega 3 Super DHA BIG,1.0,189.9
2025-09-22,Ômega Joint,3.0,599.7
2025-09-29,100% Whey Protein - Flavour,1.0,124.9
2025-09-29,100% Whey Pure,2.0,279.8
2025-09-29,Achocolatado - Chocoki,2.0,159.8
2025-09-29,Aminoácido - Amino Builder,1.0,154.35
2025-09-29,Aminoácido - Aminovita,1.0,144.9
2025-09-29,Aminoácido N-acetil L-cisteína (NAC),3.0,239.7
2025-09-29,Aminoácidos - Aminnu EAAs,4.0,799.6
2025-09-29,Aminoácidos - Aminnu EAAs - Sem Xilitol,3.0,599.7
2025-09-29,BT 400,2.0,421.8
2025-09-29,BT Gel Nitrato,1.0,119.9
2025-09-29,BT Nitrato,3.0,459.7
2025-09-29,BT Nitrato 400,2.0,319.8
2025-09-29,Barra Chocolate 40%,1.0,15.54
2025-09-29,Barra Chocolate 70%,1.0,15.54
2025-09-29,Barrinha de Chocolate 70%,4.0,39.36
2025-09-29,Barrinha de Proteína,6.0,339.6
2025-09-29,Barrinha de Proteína - YOPRO,2.0,26.5
2025-09-29,Barrinha de Proteína Crunch,1.0,11.22
2025-09-29,Barrinha de Proteína Protein Crisp,2.0,151.9
2025-09-29,Barrinha de Proteína Sensah!,1.0,109.9
2025-09-29,Barrinha de Proteína Tube,1.0,99.9
2025-09-29,Barrinha de Proteína Whey Grego - Havanna,1.0,109.9
2025-09-29,Bebida Vegetal em Pó - Vegan Delight,1.0,89.9
2025-09-29,Beef Protein,2.0,459.8
2025-09-29,Best Whey,3.0,584.7
2025-09-29,Beta Alanina,7.0,428.47
2025-09-29,Beta Alanina 100%,1.0,44.9
2025-09-29,Bio Cálcio  60 caps PURAVIDA,3.0,224.7
2025-09-29,Bio Ferro,3.0,128.7
2025-09-29,Bio Vitamina B12 em gotas,7.0,314.3
2025-09-29,Bio Zinco,4.0,147.6
2025-09-29,Biotina Plus,2.0,93.8
2025-09-29,Biscoito Proteico,7.0,78.54
2025-09-29,Blend de Chá - Detox,2.0,59.8
2025-09-29,Blend de Chá - Energia,2.0,59.8
2025-09-29,Bom Ciclo,1.0,73.02
2025-09-29,"Boraprim - Borragem, Prímula e Gergelim",3.0,254.7
2025-09-29,Cafeína - Caffeinex 200,2.0,77.8
2025-09-29,Chocolate com Cranberry,1.0,29.9
2025-09-29,Coenzima  Q10 - 100mg,1.0,88.9
2025-09-29,Coenzima Q10,2.0,159.8
2025-09-29,Coenzima Q10  (200mg p/ porção),3.0,532.9
2025-09-29,Coenzima Q10 (200mg p/ porção),3.0,306.7
2025-09-29,Coenzima Q10 + Ômega 3 + Vitamina E,4.0,559.6
2025-09-29,Coenzima Q10 200mg,2.0,189.8
2025-09-29,Coffee - Brainstorm,1.0,119.9
2025-09-29,Colágeno - Colagentek,2.0,169.8
2025-09-29,Colágeno - Colagentek Protein - Bodybalance,5.0,824.5
2025-09-29,Colágeno - Collagen Bones,1.0,194.9
2025-09-29,Colágeno - Collagen Derm,1.0,149.92
2025-09-29,Colágeno - Collagen Essential Protein,2.0,459.8
2025-09-29,Colágeno - Collagen Gut,3.0,584.7
2025-09-29,Colágeno - Collagen Pro - Beauty Blend,1.0,163.98
2025-09-29,Colágeno - Collagen Protein Hidrolisado,2.0,359.8
2025-09-29,Colágeno - Collagen Protein Hidrolisado Berries Silvestres 450g PURAVIDA,2.0,359.8
2025-09-29,Colágeno - Collagen Renew Hidrolisado,5.0,384.5
2025-09-29,Colágeno - Collagen Tipo II 40mg,1.0,74.9
2025-09-29,Colágeno Collagen Skin,2.0,389.8
2025-09-29,Colágeno Hidrolisado - Collagen Pro 18g,6.0,890.57
2025-09-29,Colágeno Tipo II,2.0,119.8
2025-09-29,Colágeno Tipo II - Artro Aid,3.0,284.7
2025-09-29,Complexo B - Bio Vit.B+,1.0,42.9
2025-09-29,Creatina - Creafort (Creapure),11.0,1898.9
2025-09-29,Creatina - Creapure,1.0,179.9
2025-09-29,Creatina - Gummy,2.0,289.8
2025-09-29,Creatina 100%,1.0,59.9
2025-09-29,Creatina Monohidratada,47.0,3765.3
2025-09-29,Creatina Monohidratada (Creapure),5.0,959.5
2025-09-29,Creatina Monohidratada - Crea Pepto,1.0,75.22
2025-09-29,Creatina Monohidratada - Creatine,13.0,1168.7
2025-09-29,Creatina Monohidratada - Hardcore,2.0,179.8
2025-09-29,Creatina Monohidratada em Gummy,1.0,109.9
2025-09-29,Creatina Premium - Creapure,2.0,459.8
2025-09-29,Cromo Picolinato - 250mg,2.0,53.8
2025-09-29,Cálcio de Algas 1000mg,2.0,113.8
2025-09-29,Cúrcuma,1.0,69.9
2025-09-29,Cúrcuma - Curcumagic,3.0,368.4
2025-09-29,Cúrcuma Plus,8.0,489.8
2025-09-29,Enzima Lactase - Laczyme,1.0,84.9
2025-09-29,Ferro Quelato + Vitamina C,4.0,175.6
2025-09-29,Fibras Prébioticas - Prebiotic,4.0,263.6
2025-09-29,Focus Energy,1.0,79.2
2025-09-29,Fresh Vegan,1.0,139.9
2025-09-29,Fresh Whey,17.0,2768.3
2025-09-29,Gel - Endurance,1.0,69.9
2025-09-29,Glutamina,2.0,117.8
2025-09-29,Glutamina - Glutamax,1.0,79.9
2025-09-29,Glutamina - Glutamax Refil,1.0,119.9
2025-09-29,Glutamina Isolates,1.0,64.9
2025-09-29,Glutamina em Pó,5.0,489.5
2025-09-29,Gold Whey Concentrado Refil,2.0,279.8
2025-09-29,Granola,3.0,90.7
2025-09-29,Grassfed Whey Protein,3.0,689.7
2025-09-29,Hipercalórico - Monsterone,4.0,504.6
2025-09-29,Immuno Whey,2.0,479.8
2025-09-29,Isofort Plant (Life Vegan),4.0,439.6
2025-09-29,Laranja Moro - Moroskinny,1.0,112.9
2025-09-29,Leite de Coco em Pó - Coco Cream,1.0,59.9
2025-09-29,MCT LIFT,1.0,149.0
2025-09-29,Maca Peruana,1.0,42.9
2025-09-29,Magnésio,4.0,179.6
2025-09-29,Magnésio + Inositol Relief 2.0,1.0,169.9
2025-09-29,Magnésio - Bio Trimag,6.0,419.4
2025-09-29,Magnésio - Inositol Relief 3.0,2.0,339.8
2025-09-29,Magnésio - Mag 5 Complex,1.0,72.9
2025-09-29,Magnésio Inositol,5.0,803.85
2025-09-29,Magnésio Plus - 350mg,2.0,139.8
2025-09-29,Magnésio Plus 900mg,2.0,159.8
2025-09-29,Magnésio Quelato - Bio Mag,3.0,209.7
2025-09-29,Matchá - Chá Verde em Pó,1.0,76.9
2025-09-29,Melatonina Duo,2.0,139.8
2025-09-29,Melatonina Fast,1.0,39.9
2025-09-29,Melatonina em Gotas,5.0,199.5
2025-09-29,Morning Shot - Imunidade,3.0,299.7
2025-09-29,Multivitaminico  - Imunomult- 1000mg,1.0,124.9
2025-09-29,NAC + Glycine + Taurine,1.0,89.9
2025-09-29,NAC PRO,1.0,59.1
2025-09-29,Nitro 400,1.0,164.9
2025-09-29,Nootrópico - Brain Up,1.0,144.9
2025-09-29,Omegafor Family - Ômega 3,2.0,189.8
2025-09-29,Omegafor Plus,20.0,3217.0
2025-09-29,Palatinose,4.0,245.6
2025-09-29,Palatinose 100% - Carbolift,2.0,305.6
2025-09-29,Pasta de Amendoim,7.0,311.33
2025-09-29,Pasta de Amendoim Granulado,1.0,19.9
2025-09-29,Pasta de Amendoim Integral,1.0,19.9
2025-09-29,Pasta de Castanha de Caju,3.0,116.7
2025-09-29,Probiótico - Simcaps,1.0,57.8
2025-09-29,Probiótico - Simfort Plus,12.0,1070.4
2025-09-29,Profem - Óleo de Prímula,1.0,62.0
2025-09-29,Proteína - Isocrisp Plant - Pote,1.0,25.08
2025-09-29,Proteína - Isocrisp Plant Pouch,1.0,62.9
2025-09-29,Proteína Isolada e Hidrolisada - Body Protein,9.0,1889.1
2025-09-29,Proteína Isolada e Hidrolisada - Body Protein Red,3.0,629.7
2025-09-29,Pré-Treino,1.0,104.9
2025-09-29,Pré-Treino - Beta Action,1.0,209.9
2025-09-29,Pré-Treino - V Fort Ultra,4.0,459.6
2025-09-29,Pré-treino - Energy Kick,1.0,124.9
2025-09-29,Pré-treino - Energyzer & focus,1.0,119.9
2025-09-29,Pré-treino - Pre Workout,1.0,134.9
2025-09-29,Pré-treino - Égide,2.0,233.8
2025-09-29,Própolis Alcoólico,1.0,28.9
2025-09-29,Própolis Líquido - Gotas,2.0,89.8
2025-09-29,Própolis Trio,1.0,69.9
2025-09-29,Própolis Verde - Alcoólico,2.0,57.8
2025-09-29,Própolis Verde - Premium 10mg,3.0,194.7
2025-09-29,Própolis Verde - Propomax,1.0,28.9
2025-09-29,Própolis Verde 70,1.0,38.9
2025-09-29,Psyllium,7.0,419.3
2025-09-29,Refil 100% Whey Protein - Flavour,1.0,119.9
2025-09-29,Refil Whey 100% Pure,4.0,478.7
2025-09-29,Refil Whey Concentrado - W100,3.0,368.11
2025-09-29,Refil Whey Concentrado Havanna - W100,2.0,259.8
2025-09-29,Refil Whey Protein - 3W,1.0,199.9
2025-09-29,Refil Whey Protein 100%,2.0,199.8
2025-09-29,Refil Whey Protein Concentrado,2.0,311.9
2025-09-29,Resveratrol Plus - 165mg,2.0,254.8
2025-09-29,Sachê de Óleo De Coco,1.0,3.9
2025-09-29,Salgadinho,4.0,25.4
2025-09-29,Simfort Femme,3.0,269.7
2025-09-29,Sleep,3.0,539.7
2025-09-29,Spirulina 400mg,1.0,85.9
2025-09-29,Spirulina Orgânica - 200 tabletes,1.0,129.9
2025-09-29,Super Ômega 3,7.0,1010.94
2025-09-29,SuperCoffee,10.0,1509.0
2025-09-29,SuperCoffee Língua de gato - Kopenhagen,10.0,1659.0
2025-09-29,Suplemento - Hyaluronic Hair,4.0,299.6
2025-09-29,Suplemento Alimentar - Alpha Mater,1.0,144.9
2025-09-29,Suplemento Alimentar - Alpha Men,1.0,159.9
2025-09-29,Suplemento Alimentar - GUARDIAN®,3.0,599.7
2025-09-29,Suplemento Alimentar - L-teanina - Happy Theanine,1.0,149.9
2025-09-29,Suplemento de Magnésio - Blue Calm,4.0,399.6
2025-09-29,Tasty Whey 3W Gourmet,11.0,1930.25
2025-09-29,Termogênico - Lipix6,1.0,107.9
2025-09-29,Termogênico - Termo Plus,2.0,239.8
2025-09-29,Trio Magnésio 720mg,2.0,109.8
2025-09-29,True Cúrcuma com Ômega,1.0,114.69
2025-09-29,Vitamina - Good Mood,3.0,179.27
2025-09-29,Vitamina B12,12.0,454.76
2025-09-29,Vitamina B9 - Ácido Fólico,1.0,89.9
2025-09-29,Vitamina C,1.0,68.9
2025-09-29,Vitamina C - Bio Vit C+,4.0,199.6
2025-09-29,Vitamina C3 - 1000mg,1.0,54.9
2025-09-29,Vitamina D - Vita D3,3.0,164.7
2025-09-29,Vitamina D - Vita D3 + C + Zinco,6.0,325.4
2025-09-29,Vitamina D3,2.0,77.8
2025-09-29,Vitamina D3 + K2,6.0,335.1
2025-09-29,Vitamina D3 + K2 Gotas,2.0,139.8
2025-09-29,Vitamina D3 Synergy,2.0,119.8
2025-09-29,Vitamina D3+K2,1.0,75.06
2025-09-29,Vitamina K2- Menaquinona,1.0,53.17
2025-09-29,Whey,4.0,959.6
2025-09-29,Whey - Isocrisp Pouch,2.0,169.8
2025-09-29,Whey - Zero Lactose,1.0,239.9
2025-09-29,Whey 3W,2.0,309.8
2025-09-29,Whey Concentrado - 100% Whey,1.0,129.9
2025-09-29,Whey Concentrado - W100,1.0,129.9
2025-09-29,Whey Fort 3W,8.0,1519.2
2025-09-29,Whey Isolado,2.0,384.1
2025-09-29,Whey Isolado - Iso Triple Zero,2.0,419.8
2025-09-29,Whey Isolado e Hidrolisado - H.I Whey,1.0,239.9
2025-09-29,Whey Protein - CLEANPRO,2.0,279.8
2025-09-29,Whey Protein - Isofort Beauty,2.0,299.8
2025-09-29,Whey Protein 3W,1.0,174.9
2025-09-29,Whey Protein Concentrado,43.0,7520.7
2025-09-29,Whey Protein Concentrado Cappuccino 900g DUX,4.0,699.6
2025-09-29,Whey Protein Crisp - Isocrisp,4.0,187.6
2025-09-29,Whey Protein Isolado,13.0,3863.7
2025-09-29,Whey Protein Isolado - Isofort,6.0,1799.4
2025-09-29,Whey Protein Isolado - Tasty Iso,6.0,1539.4
2025-09-29,Whey Tech 100%,7.0,874.3
2025-09-29,Whey hidrolisado e isolado,2.0,579.8
2025-09-29,Zinco,1.0,34.9
2025-09-29,Óleo De Coco Extravirgem,1.0,29.9
2025-09-29,Óleo de Coco  - Spray,1.0,32.9
2025-09-29,Ômega 3,2.0,245.8
2025-09-29,Ômega 3  - 1360mg,3.0,539.7
2025-09-29,Ômega 3 - 1360mg,3.0,419.7
2025-09-29,Ômega 3 - EPA DHA - 1000mg,3.0,179.7
2025-09-29,Ômega 3 - Fish Oil,3.0,337.95
2025-09-29,Ômega 3 - Omegafor Memory,2.0,209.8
2025-09-29,Ômega 3 - Pro,1.0,48.9
2025-09-29,Ômega 3 - Ultra Caps 1000mg,2.0,299.8
2025-09-29,Ômega 3 DHA,1.0,119.9
2025-09-29,Ômega 3 EPA DHA,19.0,1872.1
2025-09-29,Ômega 3 Fosfatix,1.0,150.28
2025-09-29,Ômega 3 Kids,1.0,69.9
2025-09-29,Ômega 3 Pulse,1.0,129.9
2025-09-29,Ômega 3 Super DHA - BIG N,4.0,419.6
2025-09-29,Ômega 3 Super DHA BIG,2.0,379.8
2025-09-29,Ômega Core,1.0,199.9
2025-09-29,Ômega Ultra - 1000mg,3.0,269.7
2025-10-06,#Whey Protein Concentrado,1.0,111.94
2025-10-06,100% Whey Pure,6.0,839.4
2025-10-06,Achocolatado - Chocoki,1.0,79.9
2025-10-06,Adoçante Stévia,1.0,49.7
2025-10-06,Aminoácido - BCAA - Glyco HD,1.0,29.9
2025-10-06,Aminoácido N-acetil L-cisteína (NAC),5.0,399.5
2025-10-06,Aminoácidos - Aminnu EAAs,1.0,199.9
2025-10-06,Amêndoas com Chocolate - Chocolift,1.0,21.6
2025-10-06,Antioxidante - Licopeno de Tomate,1.0,47.18
2025-10-06,BT Nitrato 400,2.0,319.8
2025-10-06,Barra Chocolate 70%,4.0,62.16
2025-10-06,Barrinha - Body Protein,2.0,24.0
2025-10-06,Barrinha de Chocolate ao Leite,1.0,9.84
2025-10-06,Barrinha de Proteina - Protein Crisp Bar,1.0,79.9
2025-10-06,Barrinha de Proteína,13.0,1188.18
2025-10-06,Barrinha de Proteína - Best Whey Bar,2.0,21.12
2025-10-06,Barrinha de Proteína - Protein Crisp Bar,3.0,239.7
2025-10-06,Barrinha de Proteína Choco Wheyfer,2.0,16.78
2025-10-06,Barrinha de Proteína Crunch,3.0,38.0
2025-10-06,Barrinha de Proteína Protein Crisp,1.0,72.0
2025-10-06,Barrinha de Proteínaa Quest Bar - 60g (20g de proteína),1.0,225.0
2025-10-06,Beef Protein,1.0,229.9
2025-10-06,Best Whey,1.0,194.9
2025-10-06,Beta Alanina,5.0,299.5
2025-10-06,Bio Cálcio  60 caps PURAVIDA,1.0,74.9
2025-10-06,Bio Ferro,4.0,171.6
2025-10-06,Bio Zinco,2.0,68.62
2025-10-06,Biotina Plus,2.0,93.8
2025-10-06,Biscoito Proteico,7.0,78.54
2025-10-06,Blend de Chá - Detox,2.0,59.8
2025-10-06,Body Protein Vegano,1.0,156.9
2025-10-06,BodyBalance - Muscle Synergy,1.0,239.9
2025-10-06,Booster Energético - Upgrade Energy - TCM,1.0,125.64
2025-10-06,"Boraprim - Borragem, Prímula e Gergelim",2.0,169.8
2025-10-06,Cocada,1.0,4.2
2025-10-06,Coenzima  Q10 - 100mg,1.0,88.9
2025-10-06,Coenzima Q10,1.0,79.9
2025-10-06,Coenzima Q10  (200mg p/ porção),2.0,371.4
2025-10-06,Coenzima Q10 (200mg p/ porção),6.0,699.4
2025-10-06,Coenzima Q10 + Ômega 3 + Vitamina E,6.0,839.4
2025-10-06,Coenzima Q10 - 200mg,1.0,139.9
2025-10-06,Coenzima Q10 100 Mg,2.0,239.8
2025-10-06,Coenzima Q10 200mg,1.0,94.9
2025-10-06,Coffee - Brainstorm,1.0,119.9
2025-10-06,Colágeno - Body Collagen Protein,1.0,179.9
2025-10-06,Colágeno - Colagentek,5.0,429.5
2025-10-06,Colágeno - Colagentek II,2.0,229.3
2025-10-06,Colágeno - Colagentek Protein - Bodybalance,12.0,1983.8
2025-10-06,Colágeno - Collagen Derm,1.0,170.1
2025-10-06,Colágeno - Collagen Essential Protein,4.0,878.02
2025-10-06,Colágeno - Collagen Gut,1.0,194.9
2025-10-06,Colágeno - Collagen Pro - Beauty Blend,1.0,163.98
2025-10-06,Colágeno - Collagen Pro - Body Suport,3.0,569.7
2025-10-06,Colágeno - Collagen Protein Hidrolisado,2.0,359.8
2025-10-06,Colágeno - Collagen Protein Hidrolisado Berries Silvestres 450g PURAVIDA,2.0,359.8
2025-10-06,Colágeno - Collagen Renew Hidrolisado,4.0,290.54
2025-10-06,Colágeno Hidrolisado - Collagen Pro 18g,11.0,1631.24
2025-10-06,Colágeno Tipo II,2.0,119.8
2025-10-06,Colágeno Tipo II - Artro Aid,1.0,94.9
2025-10-06,Colágeno tipo 2 - Colagentek II,1.0,94.9
2025-10-06,Complexo B,2.0,209.8
2025-10-06,Creatina,2.0,144.8
2025-10-06,Creatina - Creafort (Creapure),4.0,719.6
2025-10-06,Creatina - Creapure,1.0,129.9
2025-10-06,Creatina 100%,2.0,119.8
2025-10-06,Creatina 100% Pure,1.0,109.9
2025-10-06,Creatina Monohidratada,27.0,2097.3
2025-10-06,Creatina Monohidratada (Creapure),5.0,959.5
2025-10-06,Creatina Monohidratada -  Crealift (Creapure),3.0,899.7
2025-10-06,Creatina Monohidratada - Creatine,12.0,1078.8
2025-10-06,Creatina Monohidratada - Hardcore,3.0,269.7
2025-10-06,Creatina Monohidratada em Gummy,2.0,219.8
2025-10-06,Creatina Premium - Creapure,1.0,229.9
2025-10-06,Cromo Picolinato - 250mg,1.0,26.9
2025-10-06,Cúrcuma - Curcumagic,1.0,144.9
2025-10-06,Cúrcuma Plus,9.0,654.1
2025-10-06,Energy Gel,6.0,71.28
2025-10-06,Enzimas Enzyfor,3.0,419.7
2025-10-06,Feno Grego,2.0,139.8
2025-10-06,Ferro - Ydrosolv,1.0,99.9
2025-10-06,Ferro Quelado 34mg,2.0,59.8
2025-10-06,Ferro Quelato + Vitamina C,3.0,131.7
2025-10-06,Fresh Vegan,1.0,139.9
2025-10-06,Fresh Whey,14.0,2358.6
2025-10-06,Gel - Endurance,1.0,69.9
2025-10-06,Gel Nitrato,1.0,12.73
2025-10-06,Glutamina,6.0,458.4
2025-10-06,Glutamina - Glutamax,6.0,409.4
2025-10-06,Glutamina - Glutamax Refil,1.0,119.9
2025-10-06,Glutamina Isolates,1.0,64.9
2025-10-06,Glutamina Micronizada - 100% Pure,1.0,59.9
2025-10-06,Glutamina em Pó,1.0,89.9
2025-10-06,Granola - Zero Açúcar,1.0,28.9
2025-10-06,Granola Australia - Low Carb,1.0,39.9
2025-10-06,Granola Coconut,1.0,39.9
2025-10-06,Hipercalórico - Hiper Mass Gainer,1.0,121.69
2025-10-06,Isofort Plant (Life Vegan),1.0,109.9
2025-10-06,Laranja Moro - Moroskinny,1.0,112.9
2025-10-06,MCT LIFT,1.0,149.0
2025-10-06,Maca Peruana,1.0,57.0
2025-10-06,Magnésio,1.0,44.9
2025-10-06,Magnésio + Inositol Relief 2.0,1.0,169.9
2025-10-06,Magnésio - 3MAG - Pool de Magnésio,1.0,69.9
2025-10-06,Magnésio - Bio Trimag,9.0,629.1
2025-10-06,Magnésio - Inositol Relief 3.0,3.0,509.7
2025-10-06,Magnésio - Mag 5 Complex,1.0,72.9
2025-10-06,Magnésio Dimalato,1.0,46.9
2025-10-06,Magnésio Inositol,8.0,1159.2
2025-10-06,Magnésio Plus - 350mg,4.0,279.6
2025-10-06,Magnésio Plus 900mg,3.0,239.7
2025-10-06,Melatonina - Sleepfor,2.0,139.8
2025-10-06,Melatonina Duo,2.0,139.8
2025-10-06,Melatonina Duo Harmony,1.0,124.9
2025-10-06,Melatonina Fast,1.0,39.9
2025-10-06,Melatonina em Gotas,1.0,39.9
2025-10-06,Morning Shot - Imunidade,10.0,999.0
2025-10-06,Multivitaminico  - Imunomult- 1000mg,1.0,129.9
2025-10-06,Multivitaminico - Imunomult- 1000mg,2.0,179.8
2025-10-06,Multivitamínico - Vitalift,1.0,189.9
2025-10-06,N-Acetil Cisteína (NAC),1.0,74.9
2025-10-06,NAC + Glycine + Taurine,1.0,89.9
2025-10-06,NAC 650mg,1.0,59.25
2025-10-06,NAC Acetilcisteína -  600mg,1.0,86.9
2025-10-06,Nitro 400,3.0,494.7
2025-10-06,Omegafor Family - Ômega 3,1.0,119.9
2025-10-06,Omegafor Plus,22.0,3623.8
2025-10-06,Palatinose,1.0,59.9
2025-10-06,Pasta de Amendoim,6.0,285.4
2025-10-06,Pasta de Amendoim Integral,1.0,19.9
2025-10-06,Pasta de Castanha de Caju,1.0,38.9
2025-10-06,Prebiótico - Fiber Liv,2.0,150.02
2025-10-06,Probiótico - Simcaps,1.0,74.9
2025-10-06,Probiótico - Simfort Plus,7.0,529.3
2025-10-06,Probióticos em Pó - Simfort,1.0,39.9
2025-10-06,Proteina Vegetal - True Vegan,1.0,184.9
2025-10-06,Proteína - Best Vegan,1.0,99.9
2025-10-06,Proteína - Isocrisp Plant Pouch,1.0,62.9
2025-10-06,Proteína Isolada e Hidrolisada - Body Protein,8.0,1679.2
2025-10-06,Proteína Isolada e Hidrolisada - Body Protein Red,3.0,629.7
2025-10-06,Proteína Vegetal - Vegan Tasty,1.0,124.9
2025-10-06,Pré-Treino,4.0,369.6
2025-10-06,Pré-Treino - V Fort Ultra,3.0,344.7
2025-10-06,Pré-treino,1.0,199.9
2025-10-06,Pré-treino - Energy Kick,2.0,249.8
2025-10-06,Pré-treino Exquenta,1.0,149.9
2025-10-06,Própolis - Green Própolis,2.0,125.8
2025-10-06,Própolis Líquido - Gotas,2.0,89.8
2025-10-06,Própolis Verde - Premium 10mg,3.0,194.7
2025-10-06,Própolis Verde - Propomax,2.0,57.8
2025-10-06,Psyllium,3.0,189.7
2025-10-06,Refil 100% Whey Protein - Flavour,1.0,119.9
2025-10-06,Refil Creatina,2.0,319.8
2025-10-06,Refil Whey 100% Pure,2.0,255.8
2025-10-06,Refil Whey Concentrado - W100,5.0,622.91
2025-10-06,Refil Whey Concentrado Havanna - W100,1.0,129.9
2025-10-06,Refil Whey Protein - 3W,1.0,199.9
2025-10-06,Refil Whey Protein Concentrado,1.0,169.9
2025-10-06,Refil Whey Protein Isolado,1.0,619.65
2025-10-06,Resveratrol 500mg,2.0,129.8
2025-10-06,Sachê de Óleo De Coco,1.0,3.9
2025-10-06,Shot Matinal,1.0,74.9
2025-10-06,Simfort Femme,1.0,89.9
2025-10-06,Sleep,4.0,659.6
2025-10-06,Spirulina Orgânica - 200 tabletes,1.0,129.9
2025-10-06,Super Ômega 3,10.0,2099.82
2025-10-06,SuperCoffee,12.0,1878.8
2025-10-06,SuperCoffee Língua de gato - Kopenhagen,12.0,1988.8
2025-10-06,Suplemento - Hyaluronic Hair,2.0,149.8
2025-10-06,Suplemento - Laranja Moro,1.0,89.9
2025-10-06,Suplemento Alimentar - Alpha A até Z,1.0,54.9
2025-10-06,Suplemento Alimentar - Alpha Mater,1.0,144.9
2025-10-06,Suplemento Alimentar - Alpha Men,1.0,159.9
2025-10-06,"Suplemento Alimentar - Cabelo, Pele e Unha - Gomas",1.0,71.14
2025-10-06,Suplemento Alimentar - GUARDIAN®,1.0,199.9
2025-10-06,Suplemento Alimentar - L-teanina - Happy Theanine,1.0,149.9
2025-10-06,Suplemento Alimentar - Pura Fiber,1.0,74.9
2025-10-06,Suplemento Alimentar - Slim Shape,2.0,139.8
2025-10-06,Suplemento Vitamínico - Alpha Harmony,1.0,117.24
2025-10-06,Suplemento de Magnésio - Blue Calm,9.0,1199.1
2025-10-06,Suplemento para Imunidade - Immunity Guard,1.0,83.04
2025-10-06,Tablete de Doce,1.0,4.2
2025-10-06,Tasty Whey 3W Gourmet,10.0,1799.0
2025-10-06,Termogênico - Lipix6,4.0,433.6
2025-10-06,Trio Magnésio 720mg,5.0,274.5
2025-10-06,True Cúrcuma com Ômega,1.0,114.69
2025-10-06,Ultracoffee - Vegano,2.0,219.8
2025-10-06,Vitamina B12,8.0,297.2
2025-10-06,Vitamina C - Ydrosolv,1.0,89.9
2025-10-06,Vitamina D - Kids,1.0,47.7
2025-10-06,Vitamina D - Vita D3,12.0,638.8
2025-10-06,Vitamina D - Vita D3 + C + Zinco,4.0,239.6
2025-10-06,Vitamina D3,8.0,311.2
2025-10-06,Vitamina D3 + K2,1.0,69.9
2025-10-06,Vitamina D3 Synergy,2.0,119.8
2025-10-06,Whey,2.0,639.8
2025-10-06,Whey 3W,3.0,464.7
2025-10-06,Whey Fort 3W,3.0,579.7
2025-10-06,Whey Isolado - Iso Triple Zero,4.0,839.6
2025-10-06,Whey Isolado e Hidrolisado - H.I Whey,1.0,239.9
2025-10-06,Whey Protein - 3W - The Whey,1.0,154.9
2025-10-06,Whey Protein - Isofort Beauty,1.0,149.9
2025-10-06,Whey Protein 3W,2.0,349.8
2025-10-06,Whey Protein Concentrado,46.0,8045.4
2025-10-06,Whey Protein Concentrado Cappuccino 900g DUX,6.0,1047.9
2025-10-06,Whey Protein ISO 100 Hydrolyzed,1.0,722.03
2025-10-06,Whey Protein Isolado,12.0,3588.8
2025-10-06,Whey Protein Isolado - Isofort,1.0,299.9
2025-10-06,Whey Protein Vegetal,1.0,139.9
2025-10-06,Whey Tech 100%,11.0,1373.9
2025-10-06,Whey hidrolisado e isolado,5.0,1348.2
2025-10-06,Zinco,1.0,34.9
2025-10-06,Óleo de Prímula - 500mg,4.0,131.6
2025-10-06,Ômega -  Mega DHA,1.0,94.9
2025-10-06,Ômega - Mega DHA,3.0,509.7
2025-10-06,Ômega 3  - 1360mg,2.0,359.8
2025-10-06,Ômega 3 - EPA DHA - 1000mg,8.0,584.2
2025-10-06,Ômega 3 - Fish Oil,1.0,112.65
2025-10-06,Ômega 3 - Omegafor Memory,1.0,104.9
2025-10-06,Ômega 3 - Pro,1.0,48.9
2025-10-06,Ômega 3 - Ultra Caps 1000mg,3.0,449.7
2025-10-06,Ômega 3 EPA DHA,23.0,1755.7
2025-10-06,Ômega 3 Fosfatix,2.0,223.5
2025-10-06,Ômega 3 Kids,1.0,69.9
2025-10-06,Ômega 3 Pulse,2.0,259.8
2025-10-06,Ômega 3 Super DHA - BIG N,4.0,419.6
2025-10-06,Ômegafor Vegan 400mg,1.0,119.9
2025-10-13,100% Whey Protein - Flavour,3.0,374.7
2025-10-13,100% Whey Pure,3.0,419.7
2025-10-13,100% Whey True Protein,1.0,199.9
2025-10-13,Achocolatado - Chocoki,3.0,239.7
2025-10-13,Aminoácido - Aminovita,2.0,273.8
2025-10-13,Aminoácido - Tryptophan,2.0,107.37
2025-10-13,Aminoácido N-acetil L-cisteína (NAC),4.0,319.6
2025-10-13,Aminoácidos - Aminnu EAAs,2.0,399.8
2025-10-13,Aminoácidos - Aminolift,1.0,199.9
2025-10-13,BT Nitrato,1.0,139.9
2025-10-13,Barrinha - Body Protein,1.0,12.0
2025-10-13,Barrinha de Proteína,7.0,349.86
2025-10-13,Barrinha de Proteína - Best Whey Bar,1.0,10.56
2025-10-13,Barrinha de Proteína - Protein Crisp Bar,2.0,159.8
2025-10-13,Barrinha de Proteína Choco Wheyfer,1.0,8.39
2025-10-13,Barrinha de Proteína Collagen Bar,2.0,193.8
2025-10-13,Barrinha de Proteína Crunch,6.0,69.49
2025-10-13,Barrinha de Proteína Protein Crisp,3.0,239.7
2025-10-13,Barrinha de Proteína Tube,1.0,79.56
2025-10-13,Barrinha de Proteína Veganpro Bar,1.0,96.9
2025-10-13,Barrinha de Proteína Whey Grego - Havanna,1.0,109.9
2025-10-13,Barrinhas de Proteína Crunch,1.0,139.9
2025-10-13,Bebida Vegetal em Pó - Vegan Delight,1.0,89.9
2025-10-13,Beef Protein,5.0,1259.5
2025-10-13,Beta Alanina,2.0,128.8
2025-10-13,Beta Alanina 100%,3.0,134.7
2025-10-13,Bio Cálcio  60 caps PURAVIDA,2.0,149.8
2025-10-13,Bio Ferro,2.0,85.8
2025-10-13,Bio Vitamina B12 em gotas,2.0,89.8
2025-10-13,Bio Zinco,1.0,36.9
2025-10-13,Biscoito Proteico,2.0,22.44
2025-10-13,Blend de Chá - Detox,1.0,29.9
2025-10-13,Blend de Chá - Digestivo,2.0,59.8
2025-10-13,BodyBalance - Muscle Synergy,3.0,719.7
2025-10-13,"Boraprim - Borragem, Prímula e Gergelim",7.0,555.3
2025-10-13,Brain Focus,3.0,228.84
2025-10-13,Chlorella,1.0,89.0
2025-10-13,Chocolate - Chocolift,1.0,20.4
2025-10-13,Chocolate 85% Cacau,1.0,29.9
2025-10-13,Chocolate com Cranberry,1.0,29.9
2025-10-13,Chá,1.0,7.2
2025-10-13,Chá Misto,1.0,7.2
2025-10-13,Chá Sublime - Harmonia,1.0,7.2
2025-10-13,Coenzima  Q10 - 100mg,1.0,88.9
2025-10-13,Coenzima Q10,1.0,79.9
2025-10-13,Coenzima Q10  (200mg p/ porção),1.0,209.9
2025-10-13,Coenzima Q10 (200mg p/ porção),5.0,536.5
2025-10-13,Coenzima Q10 + Ômega 3 + Vitamina E,2.0,279.8
2025-10-13,Coenzima Q10 - (100mg p/ porção),1.0,77.9
2025-10-13,Coenzima Q10 - 200mg,1.0,139.9
2025-10-13,Coenzima Q10 100 Mg,1.0,119.9
2025-10-13,Coenzima Q10+ 200mg,1.0,134.9
2025-10-13,Coffee - Brainstorm,1.0,119.9
2025-10-13,Colágeno - Colagentek,3.0,254.7
2025-10-13,Colágeno - Colagentek Protein - Bodybalance,8.0,1319.2
2025-10-13,Colágeno - Collagen Bones,1.0,194.9
2025-10-13,Colágeno - Collagen Essential Protein,7.0,1609.3
2025-10-13,Colágeno - Collagen Pro - Beauty Blend,1.0,163.98
2025-10-13,Colágeno - Collagen Pro - Body Suport,1.0,189.9
2025-10-13,Colágeno - Collagen Protein Hidrolisado,3.0,539.7
2025-10-13,Colágeno - Collagen Protein Hidrolisado Berries Silvestres 450g PURAVIDA,4.0,719.6
2025-10-13,Colágeno - Collagen Renew Hidrolisado,4.0,299.07
2025-10-13,Colágeno - Collpure®,1.0,162.9
2025-10-13,Colágeno - Multi Collagen,1.0,199.9
2025-10-13,Colágeno Collagen Skin,2.0,349.47
2025-10-13,Colágeno Hidrolisado - Collagen Pro 18g,6.0,899.4
2025-10-13,Colágeno Tipo II,1.0,59.9
2025-10-13,Colágeno Tipo II - Artro Aid,1.0,94.9
2025-10-13,Complexo B,3.0,314.7
2025-10-13,Complexo B - Bio Vit.B+,1.0,42.9
2025-10-13,Complexo B 500mg,2.0,79.8
2025-10-13,Creatina,1.0,249.9
2025-10-13,Creatina - Creafort (Creapure),3.0,539.7
2025-10-13,Creatina - Creapure,3.0,489.7
2025-10-13,Creatina - Gummy,1.0,144.9
2025-10-13,Creatina 100%,3.0,284.7
2025-10-13,Creatina Monohidratada,33.0,2631.7
2025-10-13,Creatina Monohidratada (Creapure),10.0,1924.0
2025-10-13,Creatina Monohidratada - Creatine,5.0,449.5
2025-10-13,Creatina Monohidratada - Hardcore,2.0,179.8
2025-10-13,Creatina Monohidratada em Gummy,4.0,439.6
2025-10-13,Creatina Premium - Creapure,1.0,229.9
2025-10-13,Cromo Picolinato - 250mg,5.0,134.5
2025-10-13,Cúrcuma Plus,6.0,392.2
2025-10-13,Enzimas Enzyfor,3.0,432.03
2025-10-13,Extrato de Laranja Moro 400mg,2.0,179.8
2025-10-13,Ferro Quelato + Vitamina C,2.0,87.8
2025-10-13,Fibras Prébioticas - Prebiotic,1.0,65.9
2025-10-13,Fresh Vegan,3.0,449.7
2025-10-13,Fresh Whey,13.0,2358.7
2025-10-13,Gel Nitrato,5.0,63.65
2025-10-13,Glutamina,6.0,422.4
2025-10-13,Glutamina - Glutamax,6.0,348.05
2025-10-13,Glutamina - Glutamax Refil,3.0,359.7
2025-10-13,Gold Whey Concentrado Refil,5.0,759.5
2025-10-13,Granola,2.0,65.8
2025-10-13,Intratreino - Intra Workout,1.0,139.35
2025-10-13,Leite de Coco em Pó - Coco Cream,1.0,58.72
2025-10-13,Magnésio - Bio Trimag,6.0,419.4
2025-10-13,Magnésio - Inositol Relief 3.0,6.0,1019.4
2025-10-13,Magnésio - Mag 5 Complex,2.0,145.8
2025-10-13,Magnésio Inositol,7.0,1209.3
2025-10-13,Magnésio Plus - 350mg,4.0,279.6
2025-10-13,Magnésio Plus 900mg,1.0,79.9
2025-10-13,Magnésio Quelato - Bio Mag,1.0,69.9
2025-10-13,Matchá - Chá Verde em Pó,1.0,76.9
2025-10-13,Melatonina - Sleepfor,2.0,119.2
2025-10-13,Melatonina - Ydrosolv,2.0,159.8
2025-10-13,Melatonina Duo,3.0,209.7
2025-10-13,Morning Shot - Imunidade,3.0,299.7
2025-10-13,Multivitaminico  - Imunomult- 1000mg,1.0,124.9
2025-10-13,Multivitaminico - Imunomult- 1000mg,3.0,269.7
2025-10-13,NAC + Glycine + Taurine,3.0,269.7
2025-10-13,NAC 650mg,1.0,59.9
2025-10-13,Nootrópico - Brain Up,1.0,144.9
2025-10-13,Omegafor Family - Ômega 3,2.0,139.8
2025-10-13,Omegafor Plus,17.0,2647.3
2025-10-13,Palatinose,4.0,252.6
2025-10-13,Pasta de Amendoim,4.0,185.7
2025-10-13,Pasta de Amendoim Granulado,1.0,26.9
2025-10-13,Pasta de Amendoim Integral,4.0,79.6
2025-10-13,Prebiótico,2.0,157.8
2025-10-13,Probiótico - Simfort Plus,4.0,399.6
2025-10-13,Probióticos em Pó - Simfort,3.0,294.7
2025-10-13,Profem - Óleo de Prímula,1.0,62.0
2025-10-13,Proteína - Isocrisp Plant - Pote,1.0,69.9
2025-10-13,Proteína - Isocrisp Plant Pouch,3.0,194.7
2025-10-13,Proteína Isolada e Hidrolisada - Body Protein,10.0,2139.0
2025-10-13,Proteína Isolada e Hidrolisada - Body Protein Red,4.0,849.6
2025-10-13,Pré Treino,1.0,125.2
2025-10-13,Pré-Treino,1.0,79.9
2025-10-13,Pré-treino - Energy Kick Caffeine,1.0,124.9
2025-10-13,Pré-treino - Energyzer & focus,1.0,119.9
2025-10-13,Pré-treino - Exquenta,1.0,106.84
2025-10-13,Própolis - Green Própolis,1.0,62.9
2025-10-13,Própolis Verde,2.0,89.8
2025-10-13,Própolis Verde - Alcoólico,4.0,115.6
2025-10-13,Própolis Verde - Premium 10mg,2.0,129.8
2025-10-13,Própolis Verde - Propomax,1.0,28.9
2025-10-13,Psyllium,2.0,149.8
2025-10-13,Pós-treino - Recharge 4:1,1.0,130.09
2025-10-13,Refil Creatina,1.0,159.9
2025-10-13,Refil Whey 100% Pure,4.0,547.6
2025-10-13,Refil Whey Concentrado - W100,1.0,129.9
2025-10-13,Refil Whey Concentrado Havanna - W100,5.0,669.5
2025-10-13,Refil Whey Protein - 3W,1.0,199.9
2025-10-13,Resveratrol - Resveramax,1.0,169.9
2025-10-13,Resveratrol Plus - 165mg,4.0,504.6
2025-10-13,Sachê de Óleo De Coco Extravirgem,1.0,3.9
2025-10-13,Simfort Femme,1.0,86.7
2025-10-13,Simfort Ultra,2.0,239.04
2025-10-13,Simfort fibras,1.0,64.9
2025-10-13,Sleep,3.0,419.7
2025-10-13,Spirulina Orgânica - 200 tabletes,1.0,129.9
2025-10-13,Super Ômega 3,3.0,794.7
2025-10-13,SuperCoffee,10.0,1544.0
2025-10-13,SuperCoffee Língua de gato - Kopenhagen,2.0,339.8
2025-10-13,Suplemento - Hyaluronic Hair,1.0,74.9
2025-10-13,Suplemento Alimentar - Alpha Inflaminus,1.0,144.9
2025-10-13,Suplemento Alimentar - Alpha Mater,2.0,289.8
2025-10-13,"Suplemento Alimentar - Cabelo, Pele e Unha - Gomas",1.0,71.14
2025-10-13,Suplemento Alimentar - Green Shot,1.0,74.9
2025-10-13,Suplemento Alimentar - L-teanina - Happy Theanine,1.0,149.9
2025-10-13,Suplemento Alimentar - Pura Fiber,2.0,149.8
2025-10-13,Suplemento Alimentar - Resveratrol,2.0,279.8
2025-10-13,Suplemento de Magnésio - Blue Calm,2.0,212.8
2025-10-13,Suplemento para Imunidade - Immune Up 100%,1.0,109.09
2025-10-13,Tasty Whey 3W Gourmet,10.0,1844.0
2025-10-13,Termogênico - Lipix6,1.0,107.9
2025-10-13,Termogênico - Termo Plus,2.0,239.8
2025-10-13,Tortinha Proteica,1.0,15.87
2025-10-13,Trio Magnésio 720mg,3.0,164.7
2025-10-13,Triptofano - Triptoflex 215mg,1.0,42.08
2025-10-13,True Cúrcuma,1.0,72.17
2025-10-13,Ultracoffee - Vegano,1.0,109.9
2025-10-13,Vitamina - Good Mood,1.0,59.9
2025-10-13,Vitamina B12,5.0,179.46
2025-10-13,Vitamina B9 - Ácido Fólico,1.0,89.9
2025-10-13,Vitamina C - 500mg,1.0,39.48
2025-10-13,Vitamina C - Bio Vit C+,2.0,98.65
2025-10-13,Vitamina C - Ydrosolv,1.0,89.9
2025-10-13,Vitamina C3 - 1000mg,1.0,89.9
2025-10-13,Vitamina D - Vita D3,10.0,537.0
2025-10-13,Vitamina D - Vita D3 + C + Zinco,6.0,359.4
2025-10-13,Vitamina D3,3.0,122.69
2025-10-13,Vitamina D3 + K2,5.0,340.5
2025-10-13,Vitamina D3 + K2 Gotas,1.0,69.9
2025-10-13,Vitamina D3 - 2000 Ui,3.0,110.7
2025-10-13,Vitamina D3 - Ydrosolv,1.0,84.9
2025-10-13,Vitamina D3 Synergy,2.0,124.92
2025-10-13,Whey,2.0,479.8
2025-10-13,Whey - Immuno Golden,1.0,249.9
2025-10-13,Whey - Isocrisp Pouch,2.0,169.8
2025-10-13,Whey - Zero Lactose,1.0,239.9
2025-10-13,Whey 3W,1.0,154.9
2025-10-13,Whey Concentrado - 100% Whey,2.0,259.8
2025-10-13,Whey Fort 3W,3.0,589.7
2025-10-13,Whey Isolado - Iso Triple Zero,2.0,429.8
2025-10-13,Whey Isolado - Isoflex,2.0,1259.8
2025-10-13,Whey Isolado e Hidrolisado - H.I Whey,2.0,442.18
2025-10-13,Whey Protein - Isofort Beauty,2.0,299.8
2025-10-13,Whey Protein Concentrado,52.0,9254.8
2025-10-13,Whey Protein Concentrado Cappuccino 900g DUX,3.0,534.7
2025-10-13,Whey Protein Crisp - Isocrisp,1.0,49.9
2025-10-13,Whey Protein Isolado,13.0,3918.7
2025-10-13,Whey Protein Isolado - Isofort,2.0,639.8
2025-10-13,Whey Protein Isolado - Tasty Iso,2.0,439.15
2025-10-13,Whey Tech 100%,7.0,934.3
2025-10-13,Whey hidrolisado e isolado,4.0,1219.6
2025-10-13,Zinco - Ydrosolv,1.0,99.9
2025-10-13,Zinco Quelato,1.0,38.9
2025-10-13,Óleo de Krill  - Ômega 3 EPA DHA,2.0,199.8
2025-10-13,Ômega 3,1.0,75.9
2025-10-13,Ômega 3  - 1360mg,1.0,179.9
2025-10-13,Ômega 3 - 1360mg,5.0,699.5
2025-10-13,Ômega 3 - EPA DHA - 1000mg,11.0,773.9
2025-10-13,Ômega 3 - Ultra Caps 1000mg,1.0,149.9
2025-10-13,Ômega 3 DHA,1.0,119.9
2025-10-13,Ômega 3 EPA DHA,31.0,2124.9
2025-10-13,Ômega 3 Fosfatix,1.0,150.28
2025-10-13,Ômega 3 Pulse,2.0,259.8
2025-10-13,Ômega 3 Super DHA,1.0,119.9
2025-10-13,Ômega 3 Super DHA - BIG N,3.0,314.7
2025-10-13,Ômega 3 Super DHA BIG,1.0,189.9
2025-10-13,Ômega Vision,1.0,204.6
2025-10-20,100% Whey Protein - Flavour,2.0,259.8
2025-10-20,100% Whey Pure,2.0,289.8
2025-10-20,Achocolatado - Choco Family - Refil,3.0,140.7
2025-10-20,Achocolatado - Chocoki,2.0,159.8
2025-10-20,Achocolatado Multivitaminado - Choco Nutrients,4.0,187.6
2025-10-20,Aminoácido - Aminovita,1.0,128.9
2025-10-20,Aminoácido N-acetil L-cisteína (NAC),1.0,79.9
2025-10-20,Amora Miúra - 1500mg,1.0,39.81
2025-10-20,BT Gel Nitrato,1.0,119.9
2025-10-20,BT Nitrato,1.0,179.9
2025-10-20,Barrinha - Body Protein,7.0,84.0
2025-10-20,Barrinha de Proteína,16.0,1102.66
2025-10-20,Barrinha de Proteína - Best Whey Bar,1.0,10.56
2025-10-20,Barrinha de Proteína - Protein Crisp Bar,3.0,229.8
2025-10-20,Barrinha de Proteína Protein Crisp,2.0,159.8
2025-10-20,Barrinha de Proteína Whey Grego - Havanna,1.0,109.9
2025-10-20,Beef Protein,4.0,1119.6
2025-10-20,Beta Alanina,2.0,119.8
2025-10-20,Beta Alanina 100%,1.0,44.9
2025-10-20,Bio Ferro,1.0,42.9
2025-10-20,Bio Q10 100mg,1.0,107.87
2025-10-20,Bio Vitamina B12 em gotas,1.0,44.9
2025-10-20,BodyBalance - Muscle Synergy,1.0,239.9
2025-10-20,"Boraprim - Borragem, Prímula e Gergelim",3.0,176.7
2025-10-20,Coenzima Q10,1.0,209.9
2025-10-20,Coenzima Q10 (200mg p/ porção),3.0,268.7
2025-10-20,Coenzima Q10 - (100mg p/ porção),4.0,311.6
2025-10-20,Coffee - Brainstorm,1.0,119.9
2025-10-20,Colágeno - Body Collagen Protein,1.0,179.9
2025-10-20,Colágeno - Colagentek,2.0,174.8
2025-10-20,Colágeno - Colagentek Beauty,1.0,116.9
2025-10-20,Colágeno - Colagentek II,4.0,498.1
2025-10-20,Colágeno - Colagentek Protein - Bodybalance,5.0,824.5
2025-10-20,Colágeno - Collagen Essential Protein,3.0,689.7
2025-10-20,Colágeno - Collagen Flex + Beauty,1.0,143.27
2025-10-20,Colágeno - Collagen Gut,1.0,194.9
2025-10-20,Colágeno - Collagen Pro - Body Suport,1.0,189.9
2025-10-20,Colágeno - Collagen Protein Hidrolisado,5.0,899.5
2025-10-20,Colágeno - Collagen Protein Hidrolisado Berries Silvestres 450g PURAVIDA,3.0,447.75
2025-10-20,Colágeno - Collagen Renew Hidrolisado,5.0,384.5
2025-10-20,Colágeno - Collagen Tipo II 40mg,3.0,224.7
2025-10-20,Colágeno Collagen Resilience,1.0,194.9
2025-10-20,Colágeno Collagen Skin,2.0,389.8
2025-10-20,Colágeno Hidrolisado - Collagen Pro 18g,5.0,749.5
2025-10-20,Colágeno Tipo II,2.0,119.8
2025-10-20,Colágeno Tipo II - Artro Aid,1.0,94.9
2025-10-20,Complexo B,1.0,104.9
2025-10-20,Cranberry,2.0,99.8
2025-10-20,Creatina,1.0,99.9
2025-10-20,Creatina - Creafort (Creapure),11.0,1978.9
2025-10-20,Creatina 100%,2.0,154.8
2025-10-20,Creatina Monohidratada,29.0,2392.1
2025-10-20,Creatina Monohidratada (Creapure),5.0,969.5
2025-10-20,Creatina Monohidratada -  Crealift (Creapure),1.0,299.9
2025-10-20,Creatina Monohidratada - Creatine,5.0,449.5
2025-10-20,Creatina Monohidratada - Hardcore,1.0,89.9
2025-10-20,Creatina Monohidratada em Gummy,1.0,109.9
2025-10-20,Cúrcuma 500mg,2.0,179.8
2025-10-20,Cúrcuma Plus,9.0,599.1
2025-10-20,Energy Gel - Endurance,1.0,8.4
2025-10-20,Extrato de Laranja Moro 400mg,2.0,186.65
2025-10-20,Fibras Prébioticas - Prebiotic,1.0,65.9
2025-10-20,Fresh Vegan,2.0,339.8
2025-10-20,Fresh Whey,8.0,1199.2
2025-10-20,Gel - Endurance,1.0,69.9
2025-10-20,Glutamina,4.0,259.45
2025-10-20,Glutamina - Glutamax,5.0,329.5
2025-10-20,Granola - Zero Açúcar,1.0,28.9
2025-10-20,Granola Coconut,1.0,39.9
2025-10-20,Grassfed Whey Protein,3.0,679.7
2025-10-20,Hipercalórico - Hiper Mass Gainer,1.0,121.69
2025-10-20,Immuno Whey,1.0,249.9
2025-10-20,Isofort Plant (Life Vegan),4.0,479.6
2025-10-20,L-Carnitina 530mg,1.0,62.3
2025-10-20,Laranja Moro - Moroskinny,1.0,112.9
2025-10-20,Leite de Coco em Pó - Coco Cream,2.0,119.8
2025-10-20,Magnésio,4.0,179.6
2025-10-20,Magnésio - Bio Trimag,2.0,139.8
2025-10-20,Magnésio - Inositol Relief 3.0,2.0,339.8
2025-10-20,Magnésio Inositol,4.0,574.6
2025-10-20,Magnésio Plus - 350mg,5.0,349.5
2025-10-20,Magnésio Plus 900mg,1.0,79.9
2025-10-20,Magnésio Quelato - Bio Mag,2.0,139.8
2025-10-20,Matchá - Chá Verde em Pó,1.0,76.9
2025-10-20,Melatonina - Sleepfor,1.0,69.9
2025-10-20,Melatonina Duo,2.0,139.8
2025-10-20,Melatonina em Gotas,1.0,39.9
2025-10-20,Metilfolato,2.0,92.4
2025-10-20,Mistura para Bolo de Caneca	,2.0,23.96
2025-10-20,Morning Shot - Imunidade,1.0,99.9
2025-10-20,Multivitaminico  - Imunomult- 1000mg,1.0,124.9
2025-10-20,Multivitaminico - Imunomult- 1000mg,1.0,89.9
2025-10-20,NAC 650mg,2.0,119.8
2025-10-20,Nitro 400,1.0,164.9
2025-10-20,Omegafor Plus,19.0,3100.1
2025-10-20,Palatinose,7.0,440.3
2025-10-20,Palatinose 100% - Carbolift,1.0,205.7
2025-10-20,Pasta de Amendoim,1.0,54.9
2025-10-20,Pasta de Amendoim Granulado,3.0,59.7
2025-10-20,Prebiótico - Fiber Liv,1.0,75.01
2025-10-20,Probiótico - Simcaps,2.0,149.8
2025-10-20,Probiótico - Simfort Plus,10.0,1019.0
2025-10-20,Probióticos em Pó - Simfort,1.0,164.9
2025-10-20,Profem - Óleo de Prímula,1.0,62.0
2025-10-20,Proteina Vegetal,2.0,309.8
2025-10-20,Proteina Vegetal - True Vegan,1.0,194.9
2025-10-20,Proteína Isolada e Hidrolisada - Body Protein,5.0,1099.5
2025-10-20,Proteína Vegana - Vegan Tasty,1.0,129.9
2025-10-20,Proteína Vegetal em Pó - Veganpro,2.0,319.8
2025-10-20,Pré-Treino,1.0,104.9
2025-10-20,Pré-Treino - Beta Action,1.0,209.9
2025-10-20,Pré-treino - Energyzer & focus,2.0,239.8
2025-10-20,Própolis Verde - Alcoólico,1.0,28.9
2025-10-20,Própolis Verde - Premium 10mg,2.0,129.8
2025-10-20,Psyllium,7.0,489.3
2025-10-20,Refil Whey 100% Pure,1.0,139.9
2025-10-20,Refil Whey Concentrado - W100,1.0,129.9
2025-10-20,Refil Whey Protein Concentrado,2.0,319.8
2025-10-20,Resveratrol 500mg,1.0,64.9
2025-10-20,Sachê de Óleo De Coco Extravirgem,2.0,7.8
2025-10-20,Simfort Femme,5.0,449.5
2025-10-20,Simfort Ultra,2.0,239.04
2025-10-20,Simfort fibras,2.0,129.8
2025-10-20,Sleep,2.0,239.8
2025-10-20,Super Ômega 3,4.0,804.6
2025-10-20,SuperCoffee,20.0,2998.0
2025-10-20,SuperCoffee Língua de gato - Kopenhagen,7.0,1174.3
2025-10-20,Suplemento Alimentar  - Hepatofor,1.0,84.9
2025-10-20,Suplemento Alimentar - Alpha Mater,2.0,289.8
2025-10-20,Suplemento Alimentar - GUARDIAN®,1.0,199.9
2025-10-20,Suplemento Alimentar - Immune +,1.0,141.58
2025-10-20,Suplemento Alimentar - Pura Fiber,3.0,224.7
2025-10-20,Suplemento Alimentar - Slim Body 400mg,1.0,84.9
2025-10-20,Suplemento de Magnésio - Blue Calm,3.0,419.7
2025-10-20,Termogênico - Lipix6,1.0,54.9
2025-10-20,Termogênico - Termo Plus,2.0,239.8
2025-10-20,Trio Magnésio 720mg,3.0,164.7
2025-10-20,Vitamina B12,5.0,182.1
2025-10-20,Vitamina C - 500mg,1.0,39.48
2025-10-20,Vitamina C3 - 1000mg,1.0,54.9
2025-10-20,Vitamina D - Vita D3,11.0,583.9
2025-10-20,Vitamina D - Vita D3 + C + Zinco,6.0,340.75
2025-10-20,Vitamina D3,5.0,194.5
2025-10-20,Vitamina D3 + K2,6.0,383.4
2025-10-20,Vitamina D3 + K2 Gotas,2.0,139.8
2025-10-20,Vitamina D3 Synergy,1.0,59.9
2025-10-20,Whey,5.0,1449.5
2025-10-20,Whey - Isocrisp Pouch,2.0,189.8
2025-10-20,Whey - Zero Lactose,1.0,219.9
2025-10-20,Whey 3W,1.0,164.9
2025-10-20,Whey Fort 3W,5.0,1219.5
2025-10-20,Whey Isolado - Iso Triple Zero,2.0,439.8
2025-10-20,Whey Protein - Isofort Beauty,1.0,149.9
2025-10-20,Whey Protein Concentrado,41.0,7580.9
2025-10-20,Whey Protein Concentrado Cappuccino 900g DUX,3.0,554.7
2025-10-20,Whey Protein Isolado,13.0,4158.7
2025-10-20,Whey Protein Isolado - Isofort,2.0,639.8
2025-10-20,Whey Protein Isolado - Tasty Iso,1.0,289.9
2025-10-20,Whey Tech 100%,3.0,419.7
2025-10-20,Whey hidrolisado e isolado,1.0,309.9
2025-10-20,Zinco,1.0,34.9
2025-10-20,Zinco Quelato,1.0,38.9
2025-10-20,Óleo De Coco Extravirgem,1.0,47.77
2025-10-20,Óleo de Krill  - Ômega 3 EPA DHA,1.0,99.9
2025-10-20,Óleo de Prímula - 500mg,1.0,32.9
2025-10-20,Ômega - Mega DHA,2.0,339.8
2025-10-20,Ômega 3,1.0,169.9
2025-10-20,Ômega 3  - 1360mg,1.0,179.9
2025-10-20,Ômega 3 - 1360mg,7.0,979.3
2025-10-20,Ômega 3 - EPA DHA - 1000mg,8.0,484.2
2025-10-20,Ômega 3 - Fish Oil,1.0,112.65
2025-10-20,Ômega 3 - Omegafor Memory,2.0,209.8
2025-10-20,Ômega 3 - Ultra Caps 1000mg,4.0,599.6
2025-10-20,Ômega 3 EPA DHA,16.0,1086.4
2025-10-20,Ômega 3 Kids,1.0,69.9
2025-10-20,Ômega 3 Pulse,1.0,129.9
2025-10-20,Ômega 3 Super DHA,1.0,119.9
2025-10-20,Ômega 3 Super DHA - BIG N,11.0,1153.9
2025-10-20,Ômega Core,2.0,399.8
2025-10-27,#Whey Fort 3W,1.0,179.9
2025-10-27,#Whey Protein Concentrado,2.0,219.8
2025-10-27,100% Whey Protein - Flavour,1.0,129.9
2025-10-27,100% Whey Pure,4.0,579.6
2025-10-27,100% Whey True Protein,1.0,209.9
2025-10-27,Achocolatado - Choco Family - Refil,4.0,187.6
2025-10-27,Achocolatado - Chocoki,1.0,79.9
2025-10-27,Aminoácido N-acetil L-cisteína (NAC),1.0,79.9
2025-10-27,Amora Miúra - 1500mg,1.0,39.81
2025-10-27,Aveia - Flocos Grossos,2.0,33.8
2025-10-27,Barra Chocolate 40%,2.0,31.08
2025-10-27,Barra Chocolate 70%,2.0,31.08
2025-10-27,Barra Double,1.0,5.96
2025-10-27,Barrinha de Proteína,12.0,804.22
2025-10-27,Barrinha de Proteína Choco Wheyfer,6.0,50.34
2025-10-27,Barrinha de Proteína Crunch,1.0,13.39
2025-10-27,Barrinha de Proteína Protein Crisp,4.0,319.6
2025-10-27,Barrinha de Proteína Quest Bar - 60g (20g de proteína),1.0,259.9
2025-10-27,Barrinhas de Proteína Crunch,3.0,419.7
2025-10-27,Beef Protein,2.0,499.8
2025-10-27,Best Whey,1.0,199.9
2025-10-27,Beta Alanina,3.0,179.7
2025-10-27,Beta Alanina 100%,1.0,44.9
2025-10-27,Bio Ferro,3.0,128.7
2025-10-27,Bio Vitamina B12 em gotas,1.0,44.9
2025-10-27,Biotina Plus,2.0,93.8
2025-10-27,Blend de Chá - Calmante,1.0,29.9
2025-10-27,Blend de Chá - Detox,2.0,59.8
2025-10-27,Bom Ciclo,1.0,73.02
2025-10-27,Bombom,1.0,9.38
2025-10-27,"Boraprim - Borragem, Prímula e Gergelim",3.0,215.7
2025-10-27,Chocolate - Chocolift,1.0,20.4
2025-10-27,Chocolate Branco,1.0,29.9
2025-10-27,Chocolate ao Leite - Marshmallow,1.0,17.64
2025-10-27,Coenzima Q10,3.0,239.7
2025-10-27,Coenzima Q10 (200mg p/ porção),4.0,421.6
2025-10-27,Coenzima Q10 + Ômega 3 + Vitamina E,3.0,419.7
2025-10-27,Coenzima Q10 - (100mg p/ porção),1.0,77.9
2025-10-27,Coenzima Q10 - 100mg,1.0,119.9
2025-10-27,Colágeno -  Collagen Gut,3.0,584.7
2025-10-27,Colágeno - Colagentek,4.0,339.6
2025-10-27,Colágeno - Colagentek II,3.0,363.7
2025-10-27,Colágeno - Colagentek Protein - Bodybalance,4.0,664.6
2025-10-27,Colágeno - Collagen Bones,1.0,194.9
2025-10-27,Colágeno - Collagen Essential Protein,3.0,689.7
2025-10-27,Colágeno - Collagen Flex + Beauty,1.0,143.27
2025-10-27,Colágeno - Collagen Gut,1.0,194.9
2025-10-27,Colágeno - Collagen Renew Hidrolisado,4.0,307.6
2025-10-27,Colágeno - Collagen Tipo II 40mg,4.0,299.6
2025-10-27,Colágeno Collagen Flex Beauty,1.0,161.47
2025-10-27,Colágeno Hidrolisado - Collagen Pro 18g,5.0,749.5
2025-10-27,Colágeno Tipo II,3.0,179.7
2025-10-27,Complexo B - Bio Vit.B+,2.0,85.8
2025-10-27,Complexo B - Vit B Complex,1.0,119.85
2025-10-27,Creatina,4.0,249.6
2025-10-27,Creatina - Creafort (Creapure),8.0,1439.2
2025-10-27,Creatina - Creapure,1.0,129.9
2025-10-27,Creatina - Gummies,1.0,129.9
2025-10-27,Creatina 100%,7.0,559.3
2025-10-27,Creatina Monohidratada,29.0,2237.1
2025-10-27,Creatina Monohidratada (Creapure),2.0,384.8
2025-10-27,Creatina Monohidratada -  Crealift (Creapure),1.0,299.9
2025-10-27,Creatina Monohidratada - Creatine,10.0,899.0
2025-10-27,Creatina Monohidratada - Hardcore,3.0,269.7
2025-10-27,Creatina Monohidratada em Gummy,3.0,329.7
2025-10-27,Creatina Premium - Creapure,2.0,459.8
2025-10-27,Creatine Action - Gummy,1.0,119.9
2025-10-27,Cromo Picolinato - 250mg,4.0,107.6
2025-10-27,Cúrcuma,1.0,69.9
2025-10-27,Cúrcuma 500mg,6.0,539.4
2025-10-27,Cúrcuma Plus,4.0,274.6
2025-10-27,Extrato de Laranja Moro 400mg,3.0,269.7
2025-10-27,Fe - Complex,1.0,69.9
2025-10-27,Ferro - Ydrosolv,1.0,99.9
2025-10-27,Ferro Plus,1.0,29.9
2025-10-27,Ferro Quelado 34mg,1.0,29.9
2025-10-27,Ferro Quelato + Vitamina C,4.0,175.6
2025-10-27,Fibras - Fiberlift,2.0,269.8
2025-10-27,Fibras Prébioticas - Prebiotic,5.0,329.5
2025-10-27,Fresh Vegan,2.0,339.8
2025-10-27,Fresh Whey,14.0,2798.6
2025-10-27,Gel Neutro Fresh com Cafeína,4.0,50.92
2025-10-27,Gel Nitrato,8.0,101.84
2025-10-27,Glutamina,7.0,547.3
2025-10-27,Glutamina - Glutamax,2.0,159.8
2025-10-27,Glutamina - Glutamax Refil,1.0,97.75
2025-10-27,Glutamina em Pó,1.0,89.9
2025-10-27,Gold Whey Concentrado Refil,1.0,159.9
2025-10-27,Granola,1.0,32.9
2025-10-27,Granola - Zero Açúcar,1.0,28.9
2025-10-27,Granola Australia - Low Carb,1.0,39.9
2025-10-27,Grassfed Whey Protein - Concentrado,1.0,249.9
2025-10-27,Hipercalórico - Creamass,1.0,99.9
2025-10-27,Hipercalórico - Monsterone,1.0,124.9
2025-10-27,Isofort Plant (Life Vegan),3.0,359.7
2025-10-27,Laranja Moro - Moroskinny,3.0,338.7
2025-10-27,Magnésio,1.0,44.9
2025-10-27,Magnésio - Inositol Relief 3.0,3.0,509.7
2025-10-27,Magnésio - Mag 5 Complex,2.0,145.8
2025-10-27,Magnésio Dimalato,2.0,93.8
2025-10-27,Magnésio Inositol,5.0,639.5
2025-10-27,Magnésio Plus - 350mg,2.0,139.8
2025-10-27,Magnésio Plus 900mg,3.0,239.7
2025-10-27,Magnésio Quelato - Bio Mag,2.0,139.8
2025-10-27,Matchá - Chá Verde em Pó,1.0,76.9
2025-10-27,Melatonina,2.0,84.8
2025-10-27,Melatonina - Gummy,1.0,51.37
2025-10-27,Melatonina - Ydrosolv,1.0,79.9
2025-10-27,Melatonina Duo,3.0,209.7
2025-10-27,Melatonina Em Gotas Premium - 210mcg,2.0,69.8
2025-10-27,Morning Shot - Imunidade,6.0,599.4
2025-10-27,Multivitaminico  - Imunomult- 1000mg,1.0,124.9
2025-10-27,Multivitaminico - Imunomult- 1000mg,1.0,89.9
2025-10-27,NAC 650mg,3.0,179.7
2025-10-27,NAC PRO,1.0,59.1
2025-10-27,Nootrópico - Brain Up Am/Pm  60 caps TRUE SOURCE,1.0,144.9
2025-10-27,Omegafor Plus,18.0,2835.2
2025-10-27,Omegafor Vitamins,1.0,129.9
2025-10-27,Palatinose,1.0,64.9
2025-10-27,Pasta de Amendoim,4.0,219.6
2025-10-27,Pasta de Amendoim Integral,3.0,59.7
2025-10-27,Probiótico - Simcaps,2.0,149.8
2025-10-27,Probiótico - Simfort Plus,4.0,359.6
2025-10-27,Probióticos em Pó - Simfort,1.0,164.9
2025-10-27,Profem - Óleo de Prímula,1.0,105.63
2025-10-27,Proteina Vegetal,1.0,159.9
2025-10-27,Proteina Vegetal - True Vegan,2.0,389.8
2025-10-27,Proteína - Isocrisp Plant Pouch,1.0,69.9
2025-10-27,Proteína Isolada e Hidrolisada - Body Protein,9.0,1979.1
2025-10-27,Proteína Isolada e Hidrolisada - Body Protein Red,4.0,879.6
2025-10-27,Proteína Vegana - Immuno Veggie,1.0,254.9
2025-10-27,Proteína Vegana - Vegan Tasty,1.0,129.9
2025-10-27,Pré-Treino,1.0,104.9
2025-10-27,Pré-Treino - Beta Action,1.0,209.9
2025-10-27,Pré-Treino - V Fort Ultra,2.0,229.8
2025-10-27,Pré-treino - Energy Kick,1.0,124.9
2025-10-27,Pré-treino - Energy Kick Caffeine,1.0,124.9
2025-10-27,Pré-treino - Energyzer & focus,2.0,239.8
2025-10-27,Pré-treino - Heat Up,1.0,128.61
2025-10-27,Pré-treino - Égide,1.0,116.9
2025-10-27,Pré-treino Panic Pre Workout,1.0,99.9
2025-10-27,Própolis Verde,2.0,87.8
2025-10-27,Própolis Verde - Alcoólico,1.0,28.9
2025-10-27,Própolis Verde - Premium 10mg,1.0,64.9
2025-10-27,Própolis Verde - Propomax,1.0,28.9
2025-10-27,Própolis Verde 70,1.0,38.9
2025-10-27,Psyllium,5.0,304.5
2025-10-27,Refil 100% Whey Protein - Flavour,1.0,119.9
2025-10-27,Refil Whey 100% Pure,1.0,139.9
2025-10-27,Refil Whey Concentrado - W100,2.0,259.8
2025-10-27,Resveratrol Plus - 165mg,1.0,124.9
2025-10-27,Simfort fibras,4.0,259.6
2025-10-27,Sleep,1.0,119.9
2025-10-27,Spirulina Orgânica - 600 tabletes,1.0,211.2
2025-10-27,Super Ômega 3,7.0,1224.3
2025-10-27,SuperCoffee,13.0,1848.7
2025-10-27,SuperCoffee Língua de gato - Kopenhagen,5.0,834.5
2025-10-27,Suplemento - Laranja Moro,1.0,89.9
2025-10-27,Suplemento Alimentar - GUARDIAN®,6.0,1199.4
2025-10-27,Suplemento Alimentar - Pura Fiber,1.0,74.9
2025-10-27,Suplemento Alimentar - Slim Shape,2.0,139.8
2025-10-27,Suplemento alimentar de Ômega 3 - DHA OX,1.0,179.9
2025-10-27,Suplemento de Magnésio - Blue Calm,3.0,419.7
2025-10-27,Tasty Whey 3W Gourmet,6.0,1154.4
2025-10-27,Termogênico - Termo Plus,1.0,119.9
2025-10-27,Trio Magnésio 720mg,2.0,109.8
2025-10-27,Vegan Protein,1.0,139.9
2025-10-27,Vegan Protein - Vegano,3.0,419.7
2025-10-27,Vegan Ômega 3 DHA,1.0,124.9
2025-10-27,Vitamina A - 8000 Ui,1.0,26.9
2025-10-27,Vitamina B12,9.0,340.06
2025-10-27,Vitamina B9 - Metilfolato,1.0,54.9
2025-10-27,Vitamina C + Zinco - Gomas,1.0,58.9
2025-10-27,Vitamina C3 - 1000mg,1.0,89.9
2025-10-27,Vitamina D - Vita D3,8.0,431.2
2025-10-27,Vitamina D - Vita D3 + C + Zinco,7.0,419.3
2025-10-27,Vitamina D3,5.0,194.5
2025-10-27,Vitamina D3 + K2,2.0,126.8
2025-10-27,Vitamina D3 + K2 Gotas,1.0,69.9
2025-10-27,Vitamina D3 - Ydrosolv,2.0,169.8
2025-10-27,Vitamina D3 Synergy,2.0,124.92
2025-10-27,Vitamina D3+K2,1.0,75.06
2025-10-27,"Vitaminas A, E, D e K2- RESTAURE® - Gotas",3.0,476.7
2025-10-27,Whey,6.0,1499.4
2025-10-27,Whey - Isocrisp Pouch,1.0,79.9
2025-10-27,Whey - Zero Lactose,1.0,219.9
2025-10-27,Whey Fort 3W,8.0,1459.2
2025-10-27,Whey Isolado - Iso Triple Zero,2.0,439.8
2025-10-27,Whey Isolado e Hidrolisado - H.I Whey,2.0,499.8
2025-10-27,Whey Protein - 3W - The Whey,1.0,119.9
2025-10-27,Whey Protein - CLEANPRO,1.0,149.9
2025-10-27,Whey Protein - Isofort Beauty,2.0,279.8
2025-10-27,Whey Protein Concentrado,43.0,7815.7
2025-10-27,Whey Protein Crisp - Isocrisp,2.0,99.8
2025-10-27,Whey Protein ISO 100 Hydrolyzed,1.0,899.9
2025-10-27,Whey Protein Isolado,13.0,3858.7
2025-10-27,Whey Protein Isolado - Isofort,3.0,929.7
2025-10-27,Whey Protein Isolado - Tasty Iso,3.0,869.7
2025-10-27,Whey Protein Vegetal,2.0,299.8
2025-10-27,Whey Tech 100%,5.0,699.5
2025-10-27,Whey hidrolisado e isolado,4.0,1239.6
2025-10-27,Ômega -  Mega DHA,1.0,94.9
2025-10-27,Ômega - DHA 1000,1.0,129.98
2025-10-27,Ômega 3  - 1360mg,4.0,719.6
2025-10-27,Ômega 3 - 1360mg,3.0,419.7
2025-10-27,Ômega 3 - EPA DHA - 1000mg,6.0,374.4
2025-10-27,Ômega 3 - Fish Oil,1.0,112.65
2025-10-27,Ômega 3 - Omegafor Memory,2.0,209.8
2025-10-27,Ômega 3 - POLIÔMEGA AZ,1.0,60.7
2025-10-27,Ômega 3 - Ultra Caps 1000mg,1.0,149.9
2025-10-27,Ômega 3 EPA DHA,19.0,1246.1
2025-10-27,Ômega 3 Fosfatix,2.0,300.56
2025-10-27,Ômega 3 Super DHA - BIG N,2.0,209.8
2025-10-27,Ômega 3 Super DHA BIG,1.0,189.9
2025-10-27,Ômega Core,1.0,199.9
2025-10-27,Ômega Golden,1.0,199.9
2025-11-03,100% Whey Protein - Flavour,1.0,129.9
2025-11-03,100% Whey Pure,3.0,434.7
2025-11-03,Achocolatado - Choco Family - Refil,1.0,46.9
2025-11-03,Achocolatado - Chocoki,1.0,79.9
2025-11-03,Adoçante Stévia,1.0,49.7
2025-11-03,Aminoácido - Aminovita,1.0,128.9
2025-11-03,BT Gel Nitrato com Cafeína,1.0,119.9
2025-11-03,BT Nitrato,1.0,139.9
2025-11-03,BT Nitrato 400,2.0,279.8
2025-11-03,Barra Chocolate 70%,6.0,93.24
2025-11-03,Barrinha - Body Protein,4.0,48.0
2025-11-03,Barrinha de Chocolate 70%,2.0,19.68
2025-11-03,Barrinha de Proteína,8.0,493.54
2025-11-03,Barrinha de Proteína - Protein Crisp Bar,1.0,79.9
2025-11-03,Barrinha de Proteína Choco Wheyfer,1.0,8.39
2025-11-03,Barrinha de Proteína Cleanpro Bar,1.0,96.9
2025-11-03,Barrinha de Proteína Crunch,1.0,13.39
2025-11-03,Barrinha de Proteína Protein Crisp,1.0,79.9
2025-11-03,Barrinha de Proteína Tube,2.0,199.8
2025-11-03,Barrinha de Proteína Veganpro Bar,1.0,96.9
2025-11-03,Bebida Vegetal em Pó - Vegan Delight,1.0,67.16
2025-11-03,Beef Protein,1.0,279.9
2025-11-03,Best Whey,1.0,194.9
2025-11-03,Beta Alanina,4.0,248.6
2025-11-03,Beta Alanina 100%,2.0,86.7
2025-11-03,Bio Cálcio  60 caps PURAVIDA,1.0,76.95
2025-11-03,Bio Ferro,4.0,171.6
2025-11-03,Bio Vitamina B12 em gotas,1.0,44.9
2025-11-03,Bio Zinco,1.0,36.9
2025-11-03,Blend de Chá - Detox,5.0,149.5
2025-11-03,Blend de Chá - Energia,1.0,29.9
2025-11-03,Body Protein Vegano,2.0,319.8
2025-11-03,Chocolate 70% Cacau - Marshmallow,1.0,17.64
2025-11-03,Chá,1.0,7.2
2025-11-03,Chá Misto,1.0,7.2
2025-11-03,Chá Vitatea,1.0,65.9
2025-11-03,Coenzima Q10,3.0,238.55
2025-11-03,Coenzima Q10  (200mg p/ porção),2.0,371.4
2025-11-03,Coenzima Q10 (200mg p/ porção),5.0,481.1
2025-11-03,Coenzima Q10 + Ômega 3 + Vitamina E,6.0,839.4
2025-11-03,Coenzima Q10 - (100mg p/ porção),1.0,77.9
2025-11-03,Coenzima Q10 100 Mg,1.0,119.9
2025-11-03,Colágeno - Body Collagen Protein,1.0,179.9
2025-11-03,Colágeno - Colagentek,5.0,424.5
2025-11-03,Colágeno - Colagentek II,3.0,284.7
2025-11-03,Colágeno - Colagentek Protein - Bodybalance,3.0,494.7
2025-11-03,Colágeno - Collagen Essential Protein,2.0,429.8
2025-11-03,Colágeno - Collagen Pro - Beauty Blend,1.0,163.98
2025-11-03,Colágeno - Collagen Protein Hidrolisado,3.0,539.7
2025-11-03,Colágeno - Collagen Renew Hidrolisado,4.0,307.6
2025-11-03,Colágeno - Multi Collagen,1.0,199.9
2025-11-03,Colágeno Hidrolisado,2.0,79.8
2025-11-03,Colágeno Hidrolisado - Collagen Pro 18g,6.0,899.4
2025-11-03,Colágeno Tipo II,3.0,179.7
2025-11-03,Complexo B,1.0,104.9
2025-11-03,Complexo B - Bio Vit.B+,1.0,42.9
2025-11-03,Complexo B 500mg,2.0,79.8
2025-11-03,Creatina,1.0,99.9
2025-11-03,Creatina - Creafort (Creapure),10.0,1799.0
2025-11-03,Creatina - Creapure,4.0,669.6
2025-11-03,Creatina - Gummy,1.0,144.9
2025-11-03,Creatina 100%,4.0,344.6
2025-11-03,Creatina Monohidratada,26.0,2072.4
2025-11-03,Creatina Monohidratada (Creapure),2.0,384.8
2025-11-03,Creatina Monohidratada - Creatine,6.0,539.4
2025-11-03,Creatina Monohidratada - Hardcore,3.0,269.7
2025-11-03,Creatina Monohidratada em Gummy,2.0,219.8
2025-11-03,Creatina Premium - Creapure,1.0,229.9
2025-11-03,Creatine Action - Gummy,1.0,119.9
2025-11-03,Cromo Picolinato - 250mg,1.0,26.9
2025-11-03,Cúrcuma 500mg,2.0,179.8
2025-11-03,Cúrcuma Plus,4.0,254.6
2025-11-03,Extrato de Laranja Moro 400mg,3.0,269.7
2025-11-03,Ferro - Ydrosolv,2.0,199.8
2025-11-03,Ferro Plus,2.0,59.8
2025-11-03,Ferro Quelato + Vitamina C,2.0,87.8
2025-11-03,Fibras Prébioticas - Prebiotic,1.0,65.9
2025-11-03,Fresh Vegan,1.0,169.9
2025-11-03,Fresh Whey,19.0,2898.1
2025-11-03,Gel Nitrato,4.0,50.92
2025-11-03,Glutamina,5.0,325.5
2025-11-03,Glutamina - Glutamax,5.0,294.5
2025-11-03,Glutamina - Glutamax Refil,1.0,119.9
2025-11-03,Glutamina Pure,1.0,99.3
2025-11-03,Glutamina em Pó,1.0,89.9
2025-11-03,Gold Whey Concentrado Refil,4.0,639.6
2025-11-03,Granola,1.0,32.9
2025-11-03,Grassfed Whey Protein,3.0,539.7
2025-11-03,Grassfed Whey Protein - Concentrado,1.0,249.9
2025-11-03,Hipercalórico - Monsterone,1.0,124.9
2025-11-03,L-Taurina - 1.000mg,1.0,39.9
2025-11-03,Laranja Moro,1.0,64.9
2025-11-03,Livestrong,1.0,299.9
2025-11-03,Magnésio,3.0,134.7
2025-11-03,Magnésio + Inositol Relief 1.0,2.0,339.8
2025-11-03,Magnésio - Inositol Relief 3.0,4.0,679.6
2025-11-03,Magnésio - Mag 5 Complex,5.0,364.5
2025-11-03,Magnésio Inositol,2.0,259.8
2025-11-03,Magnésio Plus - 350mg,6.0,419.4
2025-11-03,Magnésio Plus 900mg,3.0,239.7
2025-11-03,Magnésio Quelato - Bio Mag,2.0,118.65
2025-11-03,Melatonina,1.0,49.9
2025-11-03,Melatonina Duo,2.0,139.8
2025-11-03,Melatonina Em Gotas Premium - 210mcg,1.0,34.9
2025-11-03,Melatonina Fast,1.0,39.9
2025-11-03,Melatonina em Gotas,1.0,39.9
2025-11-03,Morning Shot - Imunidade,4.0,399.6
2025-11-03,Multivitaminico  - Imunomult- 1000mg,2.0,254.8
2025-11-03,Multivitaminico - Imunomult- 1000mg,2.0,179.8
2025-11-03,NAC 650mg,4.0,239.6
2025-11-03,Neuro Health,1.0,168.9
2025-11-03,Nitro 400,2.0,357.93
2025-11-03,Omegafor Plus,15.0,2506.5
2025-11-03,Omegafor Vitamins,1.0,129.9
2025-11-03,Palatinose,8.0,494.44
2025-11-03,Pasta de Amendoim,4.0,219.6
2025-11-03,Probiótico - Simcaps,2.0,124.8
2025-11-03,Probiótico - Simfort Plus,9.0,869.1
2025-11-03,Probióticos em Pó - Simfort,3.0,169.7
2025-11-03,Proteína Isolada e Hidrolisada - Body Protein,8.0,1759.2
2025-11-03,Proteína Isolada e Hidrolisada - Body Protein Red,3.0,659.7
2025-11-03,Proteína Vegana - Vegan Tasty,1.0,129.9
2025-11-03,Pré-Treino,3.0,264.7
2025-11-03,Pré-Treino - Beta Action,2.0,419.8
2025-11-03,Pré-Treino - V Fort,1.0,114.9
2025-11-03,Pré-Treino - V Fort Ultra,3.0,349.7
2025-11-03,Pré-treino - Energy Kick Caffeine,1.0,124.9
2025-11-03,Pré-treino Panic Pre Workout,1.0,99.9
2025-11-03,Própolis Líquido - Gotas,2.0,89.8
2025-11-03,Própolis Verde - Alcoólico,1.0,28.9
2025-11-03,Própolis Verde - Propomax,4.0,115.6
2025-11-03,Psyllium,2.0,114.8
2025-11-03,Refil Whey 100% Pure,2.0,318.2
2025-11-03,Refil Whey Protein - 3W,4.0,699.6
2025-11-03,Resveratrol 500mg,3.0,194.7
2025-11-03,Resveratrol Plus - 165mg,1.0,124.9
2025-11-03,Simfort Femme,3.0,269.7
2025-11-03,Simfort Ultra,1.0,94.9
2025-11-03,Simfort fibras,3.0,199.7
2025-11-03,Spirulina 500mg,1.0,86.9
2025-11-03,Super Ômega 3,5.0,895.32
2025-11-03,SuperCoffee,26.0,3852.49
2025-11-03,SuperCoffee Língua de gato - Kopenhagen,3.0,494.7
2025-11-03,Suplemento - Hyaluronic Hair,1.0,74.9
2025-11-03,Suplemento - Laranja Moro,1.0,89.9
2025-11-03,Suplemento Alimentar  - Hepatofor,1.0,84.9
2025-11-03,Suplemento Alimentar - GUARDIAN®,2.0,399.8
2025-11-03,Suplemento Alimentar - Immune +,2.0,283.16
2025-11-03,Suplemento Alimentar - Pura Fiber,3.0,224.7
2025-11-03,Suplemento de Magnésio - Blue Calm,3.0,359.7
2025-11-03,Tasty Whey 3W Gourmet,9.0,1739.1
2025-11-03,Termogênico - Lipix6,1.0,107.9
2025-11-03,Termogênico - Termo Plus,1.0,119.9
2025-11-03,Thermo Caps - DiaboVerde,1.0,52.9
2025-11-03,Trio Magnésio 720mg,3.0,164.7
2025-11-03,True Cúrcuma com Ômega,1.0,114.69
2025-11-03,Vitamina B12,2.0,76.8
2025-11-03,Vitamina B9 - Metilfolato,1.0,54.9
2025-11-03,Vitamina C3 - 1000mg,1.0,54.9
2025-11-03,Vitamina D - Vita D3,11.0,585.9
2025-11-03,Vitamina D - Vita D3 + C + Zinco,4.0,222.6
2025-11-03,Vitamina D3,3.0,127.7
2025-11-03,Vitamina D3 + K2,3.0,171.05
2025-11-03,Vitamina D3 + K2 Gotas,4.0,279.6
2025-11-03,Vitamina D3 Synergy,2.0,119.8
2025-11-03,"Vitaminas A, E, D e K2- RESTAURE® - Gotas",2.0,317.8
2025-11-03,Whey,2.0,499.8
2025-11-03,Whey - Immuno Golden,1.0,249.9
2025-11-03,Whey - Isocrisp Pouch,1.0,94.9
2025-11-03,Whey 3W,1.0,164.9
2025-11-03,Whey Fort 3W,4.0,759.6
2025-11-03,Whey Isolado - Iso Triple Zero,2.0,439.8
2025-11-03,Whey Isolado - Isofort Ultra Imuno,1.0,329.9
2025-11-03,Whey Protein - CLEANPRO,1.0,149.9
2025-11-03,Whey Protein - Isofort Beauty,1.0,139.9
2025-11-03,Whey Protein Concentrado,50.0,9000.0
2025-11-03,Whey Protein Concentrado Cappuccino 900g DUX,5.0,899.5
2025-11-03,Whey Protein Isolado,13.0,3808.7
2025-11-03,Whey Protein Isolado - Isofort,6.0,1869.4
2025-11-03,Whey Tech 100%,2.0,279.8
2025-11-03,Whey hidrolisado e isolado,1.0,309.9
2025-11-03,Óleo de Coco Extravirgem - Spray,2.0,65.8
2025-11-03,Óleo de Krill  - Ômega 3 EPA DHA,1.0,99.9
2025-11-03,Ômega -  Mega DHA,3.0,284.7
2025-11-03,Ômega - Mega DHA,1.0,169.9
2025-11-03,Ômega 3,1.0,169.9
2025-11-03,Ômega 3 - 1360mg,5.0,699.5
2025-11-03,Ômega 3 - EPA DHA - 1000mg,13.0,833.7
2025-11-03,Ômega 3 - Omegafor Memory,1.0,104.9
2025-11-03,Ômega 3 - Ultra Caps 1000mg,1.0,149.9
2025-11-03,Ômega 3 EPA DHA,9.0,927.1
2025-11-03,Ômega 3 Kids,1.0,69.9
2025-11-03,Ômega 3 Pulse,1.0,129.9
2025-11-03,Ômega 3 Super DHA,1.0,93.75
2025-11-03,Ômega 3 Super DHA - BIG N,4.0,419.6
2025-11-03,Ômega Ultra - 1000mg,2.0,179.8
2025-11-10,#Whey Fort 3W,1.0,179.9
2025-11-10,100% Whey Protein - Flavour,1.0,129.9
2025-11-10,100% Whey Pure,1.0,144.9
2025-11-10,100% Whey True Protein,1.0,209.9
2025-11-10,Achocolatado - Choco Family - Refil,1.0,37.9
2025-11-10,Achocolatado - Chocoki,1.0,79.9
2025-11-10,Aminoácido - Amino Builder,1.0,154.35
2025-11-10,Aminoácido - Aminovita,2.0,289.8
2025-11-10,Aminoácidos - Aminnu EAAs,1.0,199.9
2025-11-10,Arginofor -  L-Arginina,1.0,104.9
2025-11-10,Aveia - Flocos Grossos,1.0,16.9
2025-11-10,BT Nitrato 400,2.0,319.8
2025-11-10,Barra Chocolate 70%,1.0,15.54
2025-11-10,Barra Double,1.0,5.96
2025-11-10,Barrinha - Body Protein,6.0,72.0
2025-11-10,Barrinha de Chocolate 70%,1.0,9.84
2025-11-10,Barrinha de Proteína,9.0,508.56
2025-11-10,Barrinha de Proteína - Best Whey Bar,1.0,10.56
2025-11-10,Barrinha de Proteína - Protein Crisp Bar,2.0,159.8
2025-11-10,Barrinha de Proteína - YOPRO,1.0,13.25
2025-11-10,Barrinha de Proteína Best Whey 49g (12g de Proteína),2.0,208.18
2025-11-10,Barrinha de Proteína Collagen Bar,1.0,96.9
2025-11-10,Barrinha de Proteína Crunch,1.0,11.22
2025-11-10,Barrinha de Proteína Mukebar,1.0,158.0
2025-11-10,Barrinha de Proteína Proto Bar - Havanna,1.0,109.9
2025-11-10,Barrinha de Proteína Veganpro Bar,1.0,96.9
2025-11-10,Beef Protein,3.0,749.7
2025-11-10,Best Whey,2.0,299.8
2025-11-10,Beta Alanina,6.0,319.4
2025-11-10,Beta Alanina Pure,1.0,49.9
2025-11-10,Bio Ferro,4.0,171.6
2025-11-10,Bio Vitamina B12 em gotas,2.0,89.8
2025-11-10,Biscoito Proteico - Sublime,1.0,12.38
2025-11-10,BodyBalance - Muscle Synergy,2.0,479.8
2025-11-10,"Boraprim - Borragem, Prímula e Gergelim",2.0,91.8
2025-11-10,Cafeína,1.0,36.99
2025-11-10,Coenzima  Q10 - 100mg,2.0,178.8
2025-11-10,Coenzima Q10,8.0,784.2
2025-11-10,Coenzima Q10 (200mg p/ porção),5.0,614.5
2025-11-10,Coenzima Q10 + Ômega 3 + Vitamina E,4.0,579.6
2025-11-10,Coenzima Q10 - (100mg p/ porção),1.0,84.9
2025-11-10,Coenzima Q10 - 100mg,1.0,109.9
2025-11-10,Coenzima Q10 - 200mg,1.0,144.9
2025-11-10,Coenzima Q10 100 Mg,1.0,119.9
2025-11-10,Coenzima Q10 200mg,2.0,189.8
2025-11-10,Coenzima Q10+ 200mg,1.0,134.9
2025-11-10,Coffee - Brainstorm,1.0,119.9
2025-11-10,Colágeno -  Collagen Gut,2.0,359.8
2025-11-10,Colágeno - Colagentek,3.0,254.18
2025-11-10,Colágeno - Colagentek II,5.0,553.5
2025-11-10,Colágeno - Colagentek Protein - Bodybalance,10.0,1529.0
2025-11-10,Colágeno - Collagen Essential Protein,3.0,689.7
2025-11-10,Colágeno - Collagen Gut,1.0,194.9
2025-11-10,Colágeno - Collagen Pro - Body Suport,2.0,379.8
2025-11-10,Colágeno - Collagen Protein Hidrolisado,4.0,719.6
2025-11-10,Colágeno - Collagen Renew Hidrolisado,3.0,230.7
2025-11-10,Colágeno - Multi Collagen,1.0,199.9
2025-11-10,Colágeno Hidrolisado - Collagen Pro 18g,10.0,1499.0
2025-11-10,Colágeno Tipo II,2.0,119.8
2025-11-10,Creatina,3.0,244.7
2025-11-10,Creatina - Creafort (Creapure),3.0,459.7
2025-11-10,Creatina - Creapure,1.0,179.9
2025-11-10,Creatina - Gummies,1.0,119.9
2025-11-10,Creatina 100%,5.0,392.5
2025-11-10,Creatina Monohidratada,35.0,2417.5
2025-11-10,Creatina Monohidratada (Creapure),3.0,574.7
2025-11-10,Creatina Monohidratada -  Crealift (Creapure),1.0,299.9
2025-11-10,Creatina Monohidratada - Creatine,6.0,539.4
2025-11-10,Creatina Monohidratada - Hardcore,3.0,269.7
2025-11-10,Creatina Premium - Creapure,2.0,459.8
2025-11-10,Creatine Action - Gummy,1.0,119.9
2025-11-10,Cromo Picolinato - 250mg,2.0,54.8
2025-11-10,Cúrcuma - Curcumagic,1.0,154.9
2025-11-10,Cúrcuma Plus,10.0,714.0
2025-11-10,Energy Gel c/ Cafeína,6.0,105.6
2025-11-10,Enzimas Enzyfor,4.0,559.6
2025-11-10,Farinha de Aveia,1.0,15.9
2025-11-10,Ferro - Ydrosolv,1.0,99.9
2025-11-10,Ferro Plus,1.0,29.9
2025-11-10,Ferro Quelado 34mg,2.0,59.8
2025-11-10,Ferro Quelato + Vitamina C,2.0,90.8
2025-11-10,Fibras - Fiberfor,1.0,94.9
2025-11-10,Fibras Prébioticas - Prebiotic,6.0,360.4
2025-11-10,Fresh Vegan,1.0,169.9
2025-11-10,Fresh Whey,15.0,2938.5
2025-11-10,Gel - Endurance,2.0,139.8
2025-11-10,Gel Nitrato,3.0,38.19
2025-11-10,Gel Nitrato com L-Citrulinilarginina,2.0,25.46
2025-11-10,Glutamina,3.0,190.7
2025-11-10,Glutamina - Glutamax,3.0,169.7
2025-11-10,Gold Whey Concentrado Refil,2.0,319.8
2025-11-10,Granola - Zero Açúcar,2.0,57.8
2025-11-10,Grassfed Whey Protein - Concentrado,1.0,179.9
2025-11-10,Hipercalórico - Creamass,2.0,199.8
2025-11-10,Hipercalórico - Monsterone,1.0,124.9
2025-11-10,Isofort Plant (Life Vegan),1.0,119.9
2025-11-10,Laranja Moro - Moroskinny,1.0,112.9
2025-11-10,Livestrong,1.0,299.9
2025-11-10,Luteína + Zeaxantina,1.0,59.59
2025-11-10,MCT LIFT,1.0,103.39
2025-11-10,Maca Peruana,1.0,42.9
2025-11-10,Magnésio,2.0,89.8
2025-11-10,Magnésio + Inositol Relief 2.0,1.0,169.9
2025-11-10,Magnésio - Inositol Relief 3.0,2.0,349.8
2025-11-10,Magnésio - Mag 5 Complex,1.0,72.9
2025-11-10,Magnésio Dimalato,1.0,46.9
2025-11-10,Magnésio Inositol,1.0,129.9
2025-11-10,Magnésio Plus - 350mg,2.0,144.8
2025-11-10,Magnésio Plus 900mg,4.0,349.6
2025-11-10,Matchá - Chá Verde em Pó,1.0,76.9
2025-11-10,Melatonina - Sleepfor,2.0,159.8
2025-11-10,Melatonina Duo,1.0,64.9
2025-11-10,Melatonina Duo Harmony,2.0,254.8
2025-11-10,Morning Shot - Imunidade,6.0,614.4
2025-11-10,Multivitaminico  - Imunomult- 1000mg,1.0,134.9
2025-11-10,Multivitaminico - Imunomult- 1000mg,1.0,99.9
2025-11-10,NAC 650mg,1.0,64.9
2025-11-10,NAC Acetilcisteína -  600mg,1.0,86.9
2025-11-10,Nootrópico - Brain Up,1.0,144.9
2025-11-10,Omegafor Plus,13.0,2128.9
2025-11-10,Palatinose,5.0,305.5
2025-11-10,Palatinose 100% - Carbolift,3.0,617.1
2025-11-10,Pasta de Amendoim,3.0,164.7
2025-11-10,Pasta de Amendoim Integral,4.0,79.6
2025-11-10,Pasta de Castanha de Caju,2.0,58.5
2025-11-10,Probiótico - Simcaps,1.0,74.9
2025-11-10,Probiótico - Simfort Plus,6.0,459.4
2025-11-10,Proteína - Isocrisp Plant Pouch,1.0,69.9
2025-11-10,Proteína Isolada e Hidrolisada - Body Protein,7.0,1539.3
2025-11-10,Proteína Isolada e Hidrolisada - Body Protein Red,2.0,439.8
2025-11-10,Proteína Vegana - Immuno Veggie,1.0,254.9
2025-11-10,Pré-Treino,1.0,104.9
2025-11-10,Pré-Treino - V Fort Ultra,2.0,229.8
2025-11-10,Pré-treino - Exquenta,1.0,106.84
2025-11-10,Própolis - Green Própolis,1.0,62.9
2025-11-10,Própolis Líquido - Gotas,2.0,89.8
2025-11-10,Própolis Trio,2.0,139.8
2025-11-10,Própolis Verde - Alcoólico,1.0,28.9
2025-11-10,Própolis Verde - Premium 10mg,3.0,194.7
2025-11-10,Própolis Verde - Propomax,1.0,28.9
2025-11-10,Psyllium,4.0,264.6
2025-11-10,Refil 100% Whey Protein - Flavour,1.0,95.0
2025-11-10,Refil Whey Concentrado Havanna - W100,1.0,139.9
2025-11-10,Refil Whey Protein - 3W,6.0,904.4
2025-11-10,Refil Whey Protein Concentrado,1.0,179.9
2025-11-10,Repositor Energético - D Ribose,1.0,99.9
2025-11-10,Resveratrol 500mg,1.0,79.9
2025-11-10,Resveratrol Plus - 165mg,1.0,109.9
2025-11-10,Sachê de Óleo De Coco Extravirgem,1.0,3.9
2025-11-10,Shot Matinal,1.0,79.9
2025-11-10,Simfort Ultra,1.0,94.9
2025-11-10,Sleep,3.0,469.7
2025-11-10,Super Ômega 3,8.0,1357.11
2025-11-10,SuperCoffee,14.0,2001.52
2025-11-10,SuperCoffee Língua de gato - Kopenhagen,6.0,989.4
2025-11-10,Suplemento -  Super Active Boost,1.0,72.18
2025-11-10,Suplemento Alimentar - Alpha Inflaminus,2.0,289.8
2025-11-10,Suplemento Alimentar - Alpha Men,1.0,159.9
2025-11-10,Suplemento Alimentar - GUARDIAN®,2.0,399.8
2025-11-10,Suplemento Alimentar - Green Shot,2.0,149.8
2025-11-10,Suplemento Alimentar - Pura Fiber,1.0,74.9
2025-11-10,Suplemento Vitamínico - ZMA,1.0,59.9
2025-11-10,Suplemento de Magnésio - Blue Calm,1.0,99.9
2025-11-10,Tablete de Doce,4.0,16.8
2025-11-10,Tasty Whey 3W Gourmet,1.0,194.9
2025-11-10,Termogênico - Termo Plus,3.0,359.7
2025-11-10,Trio Magnésio 720mg,2.0,119.8
2025-11-10,Vegan Protein,2.0,279.8
2025-11-10,Vitamina - Good Mood,2.0,119.8
2025-11-10,Vitamina B12,8.0,299.2
2025-11-10,Vitamina B9 - Ácido Fólico,2.0,179.8
2025-11-10,Vitamina C - Bio Vit C+,3.0,149.7
2025-11-10,Vitamina D - Vita D3,8.0,431.2
2025-11-10,Vitamina D - Vita D3 + C + Zinco,4.0,239.6
2025-11-10,Vitamina D3,3.0,183.7
2025-11-10,Vitamina D3 + K2,6.0,384.4
2025-11-10,Vitamina D3 + K2 Gotas,2.0,139.8
2025-11-10,Vitamina D3 Synergy,1.0,59.9
2025-11-10,Vitamina D3+K2,1.0,75.06
2025-11-10,"Vitaminas A, E, D e K2- RESTAURE® - Gotas",3.0,476.7
2025-11-10,Whey,7.0,1806.3
2025-11-10,Whey - Immuno Golden,1.0,249.9
2025-11-10,Whey - Isocrisp Pouch,2.0,159.8
2025-11-10,Whey - Zero Lactose,1.0,219.9
2025-11-10,Whey 3W,3.0,494.7
2025-11-10,Whey Fort 3W,8.0,1313.2
2025-11-10,Whey Isolado - Iso Triple Zero,3.0,659.7
2025-11-10,Whey Protein - Isofort Beauty,2.0,279.8
2025-11-10,Whey Protein Concentrado,37.0,6671.3
2025-11-10,Whey Protein Concentrado Cappuccino 900g DUX,3.0,539.7
2025-11-10,Whey Protein Hidrolisado,1.0,369.9
2025-11-10,Whey Protein Isolado,13.0,4058.7
2025-11-10,Whey Protein Isolado - Isofort,4.0,1239.6
2025-11-10,Whey Protein Isolado - Tasty Iso,2.0,579.8
2025-11-10,Whey Tech 100%,7.0,898.3
2025-11-10,Whey hidrolisado e isolado,4.0,1239.6
2025-11-10,Zinco,3.0,94.7
2025-11-10,Zinco Quelato,1.0,42.9
2025-11-10,Óleo de Prímula - 500mg,1.0,39.9
2025-11-10,Ômega 3 - 1360mg,5.0,699.5
2025-11-10,Ômega 3 - EPA DHA - 1000mg,7.0,469.3
2025-11-10,Ômega 3 - Pro,1.0,49.9
2025-11-10,Ômega 3 - Ultra Caps 1000mg,2.0,309.8
2025-11-10,Ômega 3 DHA,1.0,139.9
2025-11-10,Ômega 3 EPA DHA,18.0,1496.2
2025-11-10,Ômega 3 Fosfatix,2.0,339.8
2025-11-10,Ômega 3 Super DHA,1.0,109.9
2025-11-10,Ômega 3 Super DHA - BIG N,4.0,449.6
2025-11-10,Ômega 3 Super DHA BIG,1.0,189.9
2025-11-17,100% Whey Pure,7.0,1014.3
2025-11-17,Achocolatado - Choco Family - Refil,8.0,303.2
2025-11-17,Aminoácido - Amino Builder,1.0,154.35
2025-11-17,Aminoácido - Aminovita,1.0,128.9
2025-11-17,Aminoácido - Tryptophan,1.0,49.9
2025-11-17,Aminoácidos - Aminolift,1.0,199.9
2025-11-17,Amora Miúra - 1500mg,1.0,44.9
2025-11-17,Arginofor -  L-Arginina,3.0,283.43
2025-11-17,BT Gel Nitrato,1.0,89.9
2025-11-17,Barra Double,4.0,23.84
2025-11-17,Barrinha - Body Protein,2.0,24.0
2025-11-17,Barrinha de Chocolate ao Leite,1.0,9.84
2025-11-17,Barrinha de Proteína,38.0,513.35
2025-11-17,Barrinha de Proteína - FITZEI,1.0,60.0
2025-11-17,Barrinha de Proteína - PROTO WAFER,2.0,16.8
2025-11-17,Barrinha de Proteína Choco Wheyfer,11.0,63.8
2025-11-17,Barrinha de Proteína Crunch,5.0,56.75
2025-11-17,Barrinha de Proteína Mukebar,1.0,158.0
2025-11-17,Barrinha de Proteína Protein Crisp,3.0,239.7
2025-11-17,Barrinha de Proteína Tube,2.0,99.44
2025-11-17,Barrinhas de Proteína Crunch,1.0,139.9
2025-11-17,Bebida Vegetal em Pó - Vegan Delight,1.0,89.9
2025-11-17,Best Whey,2.0,399.8
2025-11-17,Beta Alanina,3.0,169.7
2025-11-17,Beta Alanina 100%,1.0,39.99
2025-11-17,Bio Cálcio  60 caps PURAVIDA,1.0,79.9
2025-11-17,Bio Ferro,2.0,85.8
2025-11-17,Bio Vitamina B12 em gotas,2.0,89.8
2025-11-17,Bio Zinco,1.0,36.9
2025-11-17,Cafeína,2.0,73.98
2025-11-17,Chocolate 40%,1.0,22.9
2025-11-17,Chocolate com Nibs,1.0,29.9
2025-11-17,Coenzima  Q10 - 100mg,2.0,179.8
2025-11-17,Coenzima Q10,1.0,119.9
2025-11-17,Coenzima Q10 (200mg p/ porção),1.0,89.9
2025-11-17,Coenzima Q10 + Ômega 3 + Vitamina E,2.0,270.8
2025-11-17,Coenzima Q10 - (100mg p/ porção),4.0,339.6
2025-11-17,Coenzima Q10 200mg,1.0,89.9
2025-11-17,Colágeno - Body Collagen Protein,1.0,179.9
2025-11-17,Colágeno - Colagentek,1.0,84.9
2025-11-17,Colágeno - Colagentek Beauty,3.0,353.7
2025-11-17,Colágeno - Colagentek II,1.0,94.9
2025-11-17,Colágeno - Colagentek Protein - Bodybalance,3.0,458.7
2025-11-17,Colágeno - Collagen Bones,1.0,194.9
2025-11-17,Colágeno - Collagen Essential Protein,1.0,229.9
2025-11-17,Colágeno - Collagen Renew Hidrolisado,3.0,230.7
2025-11-17,Colágeno - Collcreatine,1.0,189.9
2025-11-17,Colágeno - Multi Collagen,2.0,399.8
2025-11-17,Colágeno Collagen Skin,5.0,849.95
2025-11-17,Colágeno Hidrolisado - Collagen Pro 18g,1.0,149.9
2025-11-17,Colágeno Tipo II - Artro Aid,2.0,189.8
2025-11-17,Complexo B 500mg,1.0,44.9
2025-11-17,Cranberry - She She Comfort,2.0,139.8
2025-11-17,Creatina,1.0,99.9
2025-11-17,Creatina - Creafort (Creapure),5.0,809.5
2025-11-17,Creatina - Creapure,1.0,179.9
2025-11-17,Creatina 100%,4.0,297.6
2025-11-17,Creatina Monohidratada,28.0,1898.2
2025-11-17,Creatina Monohidratada (Creapure),4.0,769.6
2025-11-17,Creatina Monohidratada -  Crealift (Creapure),1.0,299.9
2025-11-17,Creatina Monohidratada - Creatine,13.0,952.7
2025-11-17,Creatina Premium - Creapure,1.0,229.9
2025-11-17,Creatine Action - Gummy,3.0,359.7
2025-11-17,Cromo Picolinato - 250mg,1.0,27.9
2025-11-17,Curcumina,1.0,99.9
2025-11-17,Cúrcuma Plus,8.0,544.2
2025-11-17,Enzima - Enzyfor,1.0,74.9
2025-11-17,Extrato de Laranja Moro 400mg,1.0,99.9
2025-11-17,Ferro - Ydrosolv,1.0,99.9
2025-11-17,Ferro Plus,1.0,29.9
2025-11-17,Ferro Quelato + Vitamina C,1.0,46.9
2025-11-17,Fibras Prébioticas - Prebiotic,4.0,235.6
2025-11-17,Fresh Vegan,1.0,169.9
2025-11-17,Fresh Whey,7.0,979.3
2025-11-17,Gel Neutro Fresh com Cafeína,5.0,37.95
2025-11-17,Gel Nitrato,2.0,25.46
2025-11-17,Glutamina,2.0,138.8
2025-11-17,Glutamina - Glutamax,1.0,79.9
2025-11-17,Glutamina - Glutamax Refil,2.0,217.65
2025-11-17,Glutamina Isolada,1.0,54.9
2025-11-17,Glutamina em Pó,1.0,99.9
2025-11-17,Gold Whey Concentrado Refil,3.0,479.7
2025-11-17,Granola Australia - Low Carb,4.0,159.6
2025-11-17,Grassfed Whey Protein,1.0,139.99
2025-11-17,Immuno Whey,3.0,681.9
2025-11-17,Isofort Plant (Life Vegan),2.0,239.8
2025-11-17,Livestrong,1.0,299.9
2025-11-17,MCT,1.0,129.9
2025-11-17,Maca Peruana,2.0,77.8
2025-11-17,Magnésio,1.0,44.9
2025-11-17,Magnésio - Inositol Relief 3.0,4.0,699.6
2025-11-17,Magnésio Inositol,2.0,324.8
2025-11-17,Magnésio Plus - 350mg,3.0,224.7
2025-11-17,Magnésio Plus 900mg,9.0,854.1
2025-11-17,Magnésio Quelato - Bio Mag,2.0,149.8
2025-11-17,Matchá - Chá Verde em Pó,1.0,76.9
2025-11-17,Melatonina - Sleepfor,1.0,79.9
2025-11-17,Melatonina - Ydrosolv,2.0,169.8
2025-11-17,Melatonina Duo,1.0,64.9
2025-11-17,Melatonina Fast,1.0,20.9
2025-11-17,Metilfolato,1.0,48.9
2025-11-17,Mistura para Panqueca Proteica,1.0,11.98
2025-11-17,Mistura para Pão de Frigideira Proteico,1.0,11.98
2025-11-17,Morning Shot - Imunidade,2.0,209.8
2025-11-17,Multivitaminico  - Imunomult- 1000mg,1.0,134.9
2025-11-17,Multivitaminico - Imunomult- 1000mg,1.0,99.9
2025-11-17,Multivitaminino - Multi All,1.0,79.9
2025-11-17,NAC 650mg,1.0,64.9
2025-11-17,Nootrópico - Brain Up,1.0,154.9
2025-11-17,Omegafor Plus,12.0,1943.62
2025-11-17,Omegafor Vision,1.0,119.9
2025-11-17,Palatinose,5.0,312.54
2025-11-17,Pasta de Amendoim,1.0,42.9
2025-11-17,Pasta de Amendoim Granulado,1.0,26.9
2025-11-17,Pasta de Amendoim Integral,1.0,19.9
2025-11-17,Probiótico - Simfort Plus,3.0,289.7
2025-11-17,Probióticos em Pó - Simfort,1.0,164.9
2025-11-17,Proteina Vegetal - True Vegan,1.0,194.9
2025-11-17,Proteína - Isocrisp Plant Pouch,2.0,139.8
2025-11-17,Proteína Isolada e Hidrolisada - Body Protein,4.0,879.6
2025-11-17,Proteína Isolada e Hidrolisada - Body Protein Red,2.0,439.8
2025-11-17,Pré-Treino - Beta Action,1.0,209.9
2025-11-17,Pré-Treino - V Fort Ultra,1.0,114.9
2025-11-17,Pré-treino - Energy Kick Caffeine,1.0,124.9
2025-11-17,Pré-treino Panic Pre Workout,1.0,99.9
2025-11-17,Própolis Líquido - Gotas,2.0,89.8
2025-11-17,Própolis Verde,1.0,42.9
2025-11-17,Própolis Verde - Alcoólico,1.0,28.9
2025-11-17,Própolis Verde - Premium 10mg,1.0,64.9
2025-11-17,Própolis Verde - Propomax,3.0,86.7
2025-11-17,Psyllium,5.0,339.5
2025-11-17,Refil Pure Blend Protein,6.0,539.4
2025-11-17,Refil Whey 100% Pure,2.0,279.8
2025-11-17,Refil Whey Concentrado - W100,4.0,519.6
2025-11-17,Refil Whey Concentrado Havanna - W100,1.0,139.9
2025-11-17,Refil Whey Protein - 3W,4.0,627.6
2025-11-17,Resveratrol Plus - 165mg,1.0,109.9
2025-11-17,Simfort fibras,1.0,64.9
2025-11-17,Sleep,1.0,114.9
2025-11-17,Spirulina,1.0,68.17
2025-11-17,Super Ômega 3,5.0,862.5
2025-11-17,SuperCoffee,9.0,1274.1
2025-11-17,SuperCoffee Língua de gato - Kopenhagen,5.0,824.5
2025-11-17,Suplemento Alimentar - Alpha Inflaminus,1.0,144.9
2025-11-17,Suplemento Alimentar - GUARDIAN®,1.0,199.9
2025-11-17,Suplemento Alimentar - Immune +,2.0,329.8
2025-11-17,Suplemento Alimentar - Pura Fiber,3.0,224.7
2025-11-17,Suplemento Alimentar - Slim Body 400mg,1.0,89.9
2025-11-17,Suplemento Alimentar - Slim Shape,1.0,69.9
2025-11-17,Suplemento de Magnésio - Blue Calm,3.0,369.7
2025-11-17,Suplemento para Imunidade - Immune Up 100%,1.0,119.9
2025-11-17,Tasty Whey 3W Gourmet,3.0,584.7
2025-11-17,Termogênico - Termo Plus,1.0,119.9
2025-11-17,Trio Magnésio 720mg,1.0,64.9
2025-11-17,Triptofano - Triptoflex 215mg,2.0,84.16
2025-11-17,Triptofano Noite,1.0,89.9
2025-11-17,Vitamina B12,6.0,219.4
2025-11-17,Vitamina B9 - Metilfolato,1.0,59.9
2025-11-17,Vitamina C Plus,1.0,44.9
2025-11-17,Vitamina D - Vita D3,5.0,264.5
2025-11-17,Vitamina D - Vita D3 + C + Zinco,5.0,299.5
2025-11-17,Vitamina D3,2.0,89.8
2025-11-17,Vitamina D3 + K2,3.0,199.7
2025-11-17,Vitamina D3 - 2000 Ui,3.0,110.7
2025-11-17,Vitamina D3 Synergy,1.0,59.9
2025-11-17,"Vitaminas A, E, D e K2- RESTAURE® - Gotas",2.0,309.8
2025-11-17,Whey,9.0,2898.1
2025-11-17,Whey - Immuno Golden,1.0,249.9
2025-11-17,Whey - Isocrisp Pouch,1.0,79.9
2025-11-17,Whey - Zero Lactose,3.0,659.7
2025-11-17,Whey Fort 3W,9.0,1457.1
2025-11-17,Whey Isolado - Iso Triple Zero,1.0,219.9
2025-11-17,Whey Isolado e Hidrolisado - H.I Whey,1.0,249.9
2025-11-17,Whey Protein - 3W - The Whey,1.0,119.9
2025-11-17,Whey Protein - Isofort Beauty,1.0,139.9
2025-11-17,Whey Protein Concentrado,43.0,7775.7
2025-11-17,Whey Protein Concentrado Cappuccino 900g DUX,1.0,179.9
2025-11-17,Whey Protein Hidrolisado,1.0,369.9
2025-11-17,Whey Protein Isolado,18.0,5108.2
2025-11-17,Whey Protein Isolado - Isofort,2.0,619.8
2025-11-17,Whey Tech 100%,4.0,478.6
2025-11-17,Whey hidrolisado e isolado,1.0,309.9
2025-11-17,Óleo de Borragem - Gamalift,1.0,144.37
2025-11-17,Ômega - Mega DHA,1.0,179.9
2025-11-17,Ômega 3,1.0,79.9
2025-11-17,Ômega 3 - 1360mg,2.0,279.8
2025-11-17,Ômega 3 - EPA DHA - 1000mg,5.0,330.5
2025-11-17,Ômega 3 - Omegafor Memory,1.0,104.9
2025-11-17,Ômega 3 EPA DHA,21.0,1663.53
2025-11-17,Ômega 3 Fosfatix,1.0,169.9
2025-11-17,Ômega 3 Super DHA,1.0,109.9
2025-11-17,Ômega 3 Super DHA - BIG N,4.0,479.6
2025-11-17,Ômega 3 Super DHA BIG,1.0,189.9
2025-11-24,#Refil Whey 100% Pure,1.0,95.0
2025-11-24,100% Whey Pure,2.0,289.8
2025-11-24,Achocolatado - Choco Family - Refil,1.0,37.9
2025-11-24,Aminoácido - BCAA - Glyco HD,1.0,29.9
2025-11-24,Aminoácido - BCAA Fort,1.0,94.9
2025-11-24,Aminoácido N-acetil L-cisteína (NAC),2.0,132.8
2025-11-24,Aminoácidos - Aminnu EAAs,1.0,209.9
2025-11-24,Aminoácidos - Aminolift,1.0,199.9
2025-11-24,Antioxidante - Luteína e Zeaxantina,1.0,69.9
2025-11-24,Arginofor -  L-Arginina,1.0,119.9
2025-11-24,BT Nitrato 400,1.0,139.9
2025-11-24,Barra Double,1.0,5.96
2025-11-24,Barrinha de Chocolate 41%,1.0,20.52
2025-11-24,Barrinha de Chocolate 70%,1.0,9.84
2025-11-24,Barrinha de Proteína,30.0,570.98
2025-11-24,Barrinha de Proteína - Protein Crisp Bar,3.0,239.7
2025-11-24,Barrinha de Proteína Choco Wheyfer,11.0,155.67
2025-11-24,Barrinha de Proteína Crunch,23.0,229.77
2025-11-24,Barrinha de Proteína Thin,1.0,99.9
2025-11-24,Barrinha de Proteína Tube,5.0,369.14
2025-11-24,Barrinhas de Proteína Crunch,1.0,114.99
2025-11-24,Beef Protein,7.0,1259.93
2025-11-24,Best Whey,1.0,149.9
2025-11-24,Beta Alanina,2.0,99.8
2025-11-24,Bio Ferro,2.0,85.8
2025-11-24,Blend de Chá - Calmante,1.0,29.9
2025-11-24,Blend de Chá - Detox,2.0,59.8
2025-11-24,Blend de Chá - Digestivo,1.0,29.9
2025-11-24,Bom Ciclo,1.0,79.9
2025-11-24,"Boraprim - Borragem, Prímula e Gergelim",3.0,199.7
2025-11-24,Cacau Premium,2.0,149.8
2025-11-24,Cafeína,2.0,73.98
2025-11-24,Chocolate 70% Cacau,1.0,29.9
2025-11-24,Chocolate 77% Cacau,1.0,36.9
2025-11-24,Chocolate 85% Cacau,1.0,29.9
2025-11-24,Chocolate com Flor de Sal,1.0,29.9
2025-11-24,Chá,2.0,14.4
2025-11-24,Chá Misto,1.0,7.2
2025-11-24,Coenzima  Q10 - 100mg,3.0,269.7
2025-11-24,Coenzima Q10,1.0,139.9
2025-11-24,Coenzima Q10  (200mg p/ porção),3.0,659.7
2025-11-24,Coenzima Q10 (200mg p/ porção),5.0,624.5
2025-11-24,Coenzima Q10 + Ômega 3 + Vitamina E,3.0,377.7
2025-11-24,Coenzima Q10 - (100mg p/ porção),2.0,169.8
2025-11-24,Coenzima Q10 - Bio Q10,1.0,134.9
2025-11-24,Coenzima Q10 100 Mg,1.0,124.9
2025-11-24,Coffee - Brainstorm,1.0,119.9
2025-11-24,Colágeno -  Collagen Gut,6.0,1019.94
2025-11-24,Colágeno - Body Collagen Protein,1.0,179.9
2025-11-24,Colágeno - Colagentek,2.0,169.8
2025-11-24,Colágeno - Colagentek II,3.0,279.7
2025-11-24,Colágeno - Colagentek Protein - Bodybalance,7.0,1118.3
2025-11-24,Colágeno - Collagen Essential Protein,5.0,1149.5
2025-11-24,Colágeno - Collagen Gut,2.0,339.98
2025-11-24,Colágeno - Collagen Protein Hidrolisado,1.0,179.9
2025-11-24,Colágeno - Collagen Renew Hidrolisado,8.0,615.2
2025-11-24,Colágeno - Collagen Tipo II 40mg,3.0,224.7
2025-11-24,Colágeno - Collpure® - 450g,1.0,138.04
2025-11-24,Colágeno - Multi Collagen,1.0,199.9
2025-11-24,Colágeno Collagen Skin,1.0,169.99
2025-11-24,Colágeno Hidrolisado - Collagen Pro 18g,5.0,749.5
2025-11-24,Colágeno Tipo II,1.0,59.9
2025-11-24,Colágeno Tipo II - Artro Aid,2.0,189.8
2025-11-24,Complexo B,1.0,89.0
2025-11-24,Complexo B - Bio Vit.B+,1.0,44.9
2025-11-24,Coq10,1.0,229.9
2025-11-24,Cranberry,1.0,49.9
2025-11-24,Cranberry - She She Comfort,1.0,69.9
2025-11-24,Creatina,1.0,99.9
2025-11-24,Creatina - Creafort (Creapure),15.0,2304.5
2025-11-24,Creatina - Creapure,1.0,179.9
2025-11-24,Creatina 100%,4.0,215.6
2025-11-24,Creatina Monohidratada,26.0,1852.4
2025-11-24,Creatina Monohidratada (Creapure),1.0,189.9
2025-11-24,Creatina Monohidratada - Creatine,20.0,1438.0
2025-11-24,Creatina Monohidratada - Hardcore,2.0,179.8
2025-11-24,Cromo Picolinato - 250mg,1.0,27.9
2025-11-24,Cúrcuma - Curcumagic,2.0,309.8
2025-11-24,Cúrcuma 500mg,1.0,94.9
2025-11-24,Cúrcuma Plus,5.0,349.5
2025-11-24,D-Ribose,2.0,149.66
2025-11-24,Eletrólitos,21.0,581.25
2025-11-24,Enzima Lactase - Laczyme,1.0,84.9
2025-11-24,Enzimas Enzyfor,2.0,279.8
2025-11-24,Extrato de Laranja Moro 400mg,1.0,99.9
2025-11-24,Farinha de Aveia,2.0,31.8
2025-11-24,Fe - Complex,2.0,139.8
2025-11-24,Feno Grego,3.0,146.7
2025-11-24,Ferro - Ydrosolv,1.0,99.9
2025-11-24,Ferro Quelato + Vitamina C,2.0,93.8
2025-11-24,Fibras Prébioticas - Prebiotic,6.0,353.4
2025-11-24,Fresh Vegan,1.0,169.9
2025-11-24,Fresh Whey,6.0,839.4
2025-11-24,Gel Nitrato,8.0,101.84
2025-11-24,Glutamina,1.0,68.9
2025-11-24,Glutamina - Glutamax,1.0,79.9
2025-11-24,Glutamina - Glutamax Refil,3.0,379.7
2025-11-24,Glutamina Isolates,1.0,64.9
2025-11-24,Glutamina Pure,1.0,119.9
2025-11-24,Glutamina em Pó,1.0,99.9
2025-11-24,Gold Whey Concentrado Refil,2.0,319.8
2025-11-24,Granola - Zero Açúcar,1.0,28.9
2025-11-24,Hipercalórico - Hiper Mass Gainer,1.0,121.69
2025-11-24,Hipercalórico - Monsterone,1.0,124.9
2025-11-24,Immuno Whey,2.0,465.9
2025-11-24,Livestrong,3.0,899.7
2025-11-24,Maca Peruana,2.0,77.8
2025-11-24,Magnésio,6.0,269.4
2025-11-24,Magnésio - Inositol Relief 3.0,6.0,1049.4
2025-11-24,Magnésio Inositol,1.0,184.9
2025-11-24,Magnésio Plus - 350mg,6.0,449.4
2025-11-24,Magnésio Plus 900mg,3.0,284.7
2025-11-24,Magnésio Quelato - Bio Mag,2.0,149.8
2025-11-24,Matchá - Chá Verde em Pó,1.0,76.9
2025-11-24,Melatonina - Gummy,1.0,51.37
2025-11-24,Melatonina - Sleepfor,2.0,159.8
2025-11-24,Melatonina Duo Harmony,1.0,129.9
2025-11-24,Melatonina Fast,2.0,41.8
2025-11-24,Melatonina em Gotas,2.0,79.8
2025-11-24,Mistura para Bolo de Caneca	,1.0,11.98
2025-11-24,Morning Shot - Imunidade,3.0,314.7
2025-11-24,Multivitaminico  - Imunomult- 1000mg,1.0,134.9
2025-11-24,NAC + Glycine + Taurine,1.0,75.9
2025-11-24,NAC 650mg,2.0,129.8
2025-11-24,Omegafor Plus,25.0,3782.48
2025-11-24,Palatinose,9.0,573.76
2025-11-24,Palatinose 100% - Carbolift,1.0,205.7
2025-11-24,Pasta de Amendoim Integral,1.0,19.9
2025-11-24,Probiótico - Simfort Plus,7.0,569.3
2025-11-24,Probióticos em Pó - Simfort,1.0,164.9
2025-11-24,Proteina Vegetal - True Vegan,1.0,194.9
2025-11-24,Proteína - Isocrisp Plant Pouch,1.0,69.9
2025-11-24,Proteína Isolada e Hidrolisada - Body Protein,4.0,879.6
2025-11-24,Proteína Isolada e Hidrolisada - Body Protein Red,1.0,219.9
2025-11-24,Pré-Treino,1.0,104.9
2025-11-24,Pré-Treino - Beta Action,1.0,209.9
2025-11-24,Pré-Treino - V Fort Ultra,2.0,244.8
2025-11-24,Pré-treino - Energy Kick Caffeine,1.0,124.9
2025-11-24,Pré-treino - Égide,1.0,129.9
2025-11-24,Pré-treino Panic Pre Workout,1.0,99.9
2025-11-24,Própolis - Green Própolis,1.0,62.9
2025-11-24,Própolis Verde - Alcoólico,7.0,202.3
2025-11-24,Própolis Verde - Premium 10mg,1.0,64.9
2025-11-24,Própolis Verde - Propomax,1.0,28.9
2025-11-24,Própolis Verde 70,1.0,38.9
2025-11-24,Psyllium,7.0,419.3
2025-11-24,Refil 100% Whey Protein - Flavour,3.0,285.0
2025-11-24,Refil Pure Blend Protein,9.0,809.1
2025-11-24,Refil Whey 100% Pure,1.0,139.9
2025-11-24,Refil Whey Concentrado - W100,1.0,129.9
2025-11-24,Refil Whey Concentrado Havanna - W100,2.0,279.8
2025-11-24,Refil Whey Protein Concentrado,1.0,179.9
2025-11-24,Resveratrol Plus - 165mg,2.0,219.8
2025-11-24,Sachê de Óleo De Coco,1.0,3.9
2025-11-24,Shot Matinal,1.0,79.9
2025-11-24,Simfort fibras,1.0,64.9
2025-11-24,Sleep,1.0,174.9
2025-11-24,Super Ômega 3,5.0,1013.5
2025-11-24,SuperCoffee,7.0,999.3
2025-11-24,SuperCoffee Língua de gato - Kopenhagen,1.0,174.9
2025-11-24,"Suplemento Alimentar - Cabelo, Pele e Unha - Gomas",1.0,84.9
2025-11-24,Suplemento Alimentar - GUARDIAN®,4.0,819.6
2025-11-24,Suplemento Alimentar - Pura Fiber,3.0,224.7
2025-11-24,Suplemento Alimentar - Resveratrol,1.0,144.9
2025-11-24,Suplemento Alimentar - Slim Shape,1.0,69.9
2025-11-24,Suplemento Alimentar - True Nac,1.0,69.9
2025-11-24,Suplemento de Magnésio - Blue Calm,2.0,199.8
2025-11-24,Tablete de Doce,10.0,42.0
2025-11-24,Termogênico - Lipix6,2.0,162.8
2025-11-24,Termogênico - Termo Plus,1.0,119.9
2025-11-24,Trio Magnésio 720mg,5.0,324.5
2025-11-24,True Cúrcuma,1.0,74.9
2025-11-24,V-Coffee Energy Boost,1.0,95.9
2025-11-24,Vegan Protein - Vegano,1.0,139.9
2025-11-24,Vitamina - Good Mood,2.0,119.8
2025-11-24,Vitamina B12,11.0,398.9
2025-11-24,Vitamina B9 - Ácido Fólico,1.0,79.9
2025-11-24,Vitamina C + Zinco - Gomas,1.0,64.9
2025-11-24,Vitamina C - 500mg,1.0,29.9
2025-11-24,Vitamina C3 - 1000mg,1.0,89.9
2025-11-24,Vitamina D - Vita D3,5.0,270.5
2025-11-24,Vitamina D - Vita D3 + C + Zinco,4.0,222.6
2025-11-24,Vitamina D3,1.0,44.9
2025-11-24,Vitamina D3 + K2,3.0,199.7
2025-11-24,Vitamina D3 + K2 Gotas,1.0,69.9
2025-11-24,Vitamina D3 - 2000 Ui,1.0,36.9
2025-11-24,Vitamina D3 - Ydrosolv - Spray,1.0,76.5
2025-11-24,"Vitaminas A, E, D e K2- RESTAURE® - Gotas",3.0,464.7
2025-11-24,Whey,3.0,858.7
2025-11-24,Whey - Isocrisp Pouch,2.0,159.8
2025-11-24,Whey 3W,1.0,164.9
2025-11-24,Whey Fort 3W,7.0,1133.3
2025-11-24,Whey Isolado - Iso Triple Zero,1.0,219.9
2025-11-24,Whey Isolado e Hidrolisado - H.I Whey,2.0,499.8
2025-11-24,Whey Protein - 3W - The Whey,1.0,119.9
2025-11-24,Whey Protein - Isofort Beauty,1.0,139.9
2025-11-24,Whey Protein Concentrado,29.0,5217.1
2025-11-24,Whey Protein Concentrado Cappuccino 900g DUX,1.0,179.9
2025-11-24,Whey Protein Isolado,9.0,2579.1
2025-11-24,Whey Protein Isolado - Isofort,5.0,1549.5
2025-11-24,Whey Protein Isolado - Tasty Iso,2.0,579.8
2025-11-24,Whey Protein Vegetal,1.0,149.9
2025-11-24,Whey Tech 100%,4.0,505.6
2025-11-24,Whey hidrolisado e isolado,2.0,619.8
2025-11-24,Óleo De Coco Extravirgem,1.0,44.25
2025-11-24,Ômega -  Mega DHA,2.0,199.8
2025-11-24,Ômega - Mega DHA,1.0,179.9
2025-11-24,Ômega 3  - 1360mg,3.0,569.7
2025-11-24,Ômega 3 - EPA DHA - 1000mg,6.0,461.4
2025-11-24,Ômega 3 - Fish Oil,1.0,99.99
2025-11-24,Ômega 3 - Omegafor Memory,2.0,209.8
2025-11-24,Ômega 3 DHA,1.0,139.9
2025-11-24,Ômega 3 EPA DHA,26.0,2078.21
2025-11-24,Ômega 3 Super DHA - BIG N,3.0,359.7
2025-11-24,Ômega Core,1.0,219.9
2025-11-24,Ômega Golden,1.0,219.9
2025-12-01,100% Whey Protein - Flavour,1.0,129.9
2025-12-01,100% Whey Pure,6.0,869.4
2025-12-01,Aminoácido - Aminovita,1.0,149.9
2025-12-01,Aminoácidos - Aminnu EAAs - Sem Xilitol,2.0,419.8
2025-12-01,Aminoácidos - Aminolift,1.0,209.9
2025-12-01,Barrinha de Proteína,3.0,169.66
2025-12-01,Barrinha de Proteína Best Whey 49g (12g de Proteína),1.0,104.09
2025-12-01,Barrinha de Proteína Tube,1.0,99.9
2025-12-01,Beef Protein,3.0,689.79
2025-12-01,Beta Alanina,3.0,179.7
2025-12-01,Bio Cálcio  60 caps PURAVIDA,1.0,79.9
2025-12-01,Bio Ferro,5.0,214.5
2025-12-01,Bio Vitamina B12 em gotas,3.0,134.7
2025-12-01,Bio Zinco,1.0,36.9
2025-12-01,Blend de Chá - Detox,1.0,29.9
2025-12-01,Blend de Chá - Digestivo,2.0,59.8
2025-12-01,Blend de Chá - Xô TPM,1.0,29.9
2025-12-01,BodyBalance - Muscle Synergy,1.0,239.9
2025-12-01,Bom Ciclo,1.0,79.9
2025-12-01,Booster Energético - Upgrade Energy - TCM,1.0,139.9
2025-12-01,"Boraprim - Borragem, Prímula e Gergelim",5.0,449.5
2025-12-01,Chá Vitatea,1.0,65.9
2025-12-01,Coenzima  Q10 - 100mg,1.0,89.9
2025-12-01,Coenzima Q10  (200mg p/ porção),1.0,219.9
2025-12-01,Coenzima Q10+ 200mg,1.0,139.9
2025-12-01,Colágeno - Body Collagen Protein,1.0,179.9
2025-12-01,Colágeno - Colagentek,2.0,169.8
2025-12-01,Colágeno - Colagentek Beauty,1.0,119.9
2025-12-01,Colágeno - Colagentek II,2.0,229.3
2025-12-01,Colágeno - Colagentek Protein - Bodybalance,5.0,834.5
2025-12-01,Colágeno - Collagen Gut,1.0,194.9
2025-12-01,Colágeno - Collagen Protein Hidrolisado,4.0,719.6
2025-12-01,Colágeno - Collagen Renew Hidrolisado,2.0,153.8
2025-12-01,Colágeno - Collagen Tipo II 40mg,1.0,74.9
2025-12-01,Colágeno - Collcreatine,2.0,379.8
2025-12-01,Colágeno - Collpure® - 450g,1.0,138.04
2025-12-01,Colágeno Tipo II,2.0,119.8
2025-12-01,Colágeno Tipo II - Artro Aid,2.0,189.8
2025-12-01,Complexo B Max,1.0,44.9
2025-12-01,Creatina,2.0,199.8
2025-12-01,Creatina - Creafort (Creapure),8.0,1341.2
2025-12-01,Creatina 100%,4.0,239.6
2025-12-01,Creatina 100% Pure,1.0,109.9
2025-12-01,Creatina Monohidratada,16.0,1283.4
2025-12-01,Creatina Monohidratada (Creapure),5.0,964.5
2025-12-01,Creatina Monohidratada - Creatine,7.0,629.3
2025-12-01,Creatina Monohidratada - Hardcore,1.0,89.9
2025-12-01,Cromo Picolinato - 250mg,2.0,55.8
2025-12-01,Cúrcuma 500mg,1.0,94.9
2025-12-01,Cúrcuma Plus,6.0,404.4
2025-12-01,D-Ribose,2.0,149.66
2025-12-01,Eletrólitos,16.0,374.4
2025-12-01,Fe - Complex,1.0,69.9
2025-12-01,Ferro Quelado 34mg,1.0,29.9
2025-12-01,Fibras Prébioticas - Prebiotic,4.0,263.6
2025-12-01,Fresh Whey,9.0,1509.1
2025-12-01,FreshWhey - Sachê,1.0,15.9
2025-12-01,Glutamina,2.0,149.8
2025-12-01,Glutamina - Glutamax,1.0,89.9
2025-12-01,Glutamina - Glutamax Refil,2.0,259.8
2025-12-01,Granola,1.0,32.9
2025-12-01,Granola Australia - Low Carb,1.0,39.9
2025-12-01,Grassfed Whey Protein,1.0,179.9
2025-12-01,L-Taurina - 1.000mg,1.0,41.9
2025-12-01,Laranja Moro,2.0,129.8
2025-12-01,Livestrong,2.0,599.8
2025-12-01,Maca Peruana,1.0,42.9
2025-12-01,Magnésio,5.0,224.5
2025-12-01,Magnésio + Inositol Relief 1.0,1.0,159.9
2025-12-01,Magnésio - Bio Trimag,1.0,74.9
2025-12-01,Magnésio - Inositol Relief 3.0,2.0,349.8
2025-12-01,Magnésio Inositol,1.0,184.9
2025-12-01,Magnésio Plus - 350mg,6.0,449.4
2025-12-01,Magnésio Plus 900mg,3.0,284.7
2025-12-01,Matchá - Chá Verde em Pó,2.0,153.8
2025-12-01,Melatonina - Sleepfor,1.0,79.9
2025-12-01,Melatonina em Gotas,3.0,119.7
2025-12-01,Multivitaminico  - Imunomult- 1000mg,2.0,269.8
2025-12-01,Multivitaminino - Multi All,1.0,79.9
2025-12-01,NAC + Glycine + Taurine,2.0,179.8
2025-12-01,NAC 650mg,1.0,64.9
2025-12-01,NAC Acetilcisteína -  600mg,1.0,79.9
2025-12-01,Nitro 400,2.0,279.8
2025-12-01,Omegafor Family - Ômega 3,6.0,569.4
2025-12-01,Omegafor Plus,17.0,3082.39
2025-12-01,Omegafor Vitamins,1.0,139.9
2025-12-01,Palatinose,1.0,69.9
2025-12-01,Palatinose 100% - Carbolift,1.0,84.9
2025-12-01,Pasta de Amendoim,2.0,106.65
2025-12-01,Pasta de Amendoim Integral,2.0,39.8
2025-12-01,Prebiótico,1.0,63.0
2025-12-01,Prebiótico - Fiber Liv,2.0,150.02
2025-12-01,Probiótico - Simcaps,1.0,74.9
2025-12-01,Probiótico - Simfort Plus,7.0,649.3
2025-12-01,Probióticos em Pó - Simfort,2.0,254.8
2025-12-01,Propolis + Quercetin + Vitamin C,1.0,109.9
2025-12-01,Proteína Isolada e Hidrolisada - Body Protein,3.0,659.7
2025-12-01,Pré-treino - Energy Kick,1.0,129.9
2025-12-01,Pré-treino - Energyzer & focus,2.0,249.8
2025-12-01,Própolis - Green Própolis,1.0,62.9
2025-12-01,Própolis Alcoólico,2.0,57.8
2025-12-01,Própolis Líquido - Gotas,1.0,44.9
2025-12-01,Própolis Trio,1.0,69.9
2025-12-01,Própolis Verde - Alcoólico,1.0,28.9
2025-12-01,Própolis Verde - Premium 10mg,2.0,129.8
2025-12-01,Própolis Verde - Propomax,1.0,28.9
2025-12-01,Psyllium,2.0,149.8
2025-12-01,Refil Creatina,2.0,319.8
2025-12-01,Refil Whey Protein - 3W,2.0,349.8
2025-12-01,Resveratrol 500mg,1.0,79.9
2025-12-01,Simfort Femme,3.0,269.7
2025-12-01,Simfort Ultra,1.0,149.9
2025-12-01,Super Ômega 3,2.0,299.8
2025-12-01,SuperCoffee,8.0,1234.2
2025-12-01,SuperCoffee Língua de gato - Kopenhagen,2.0,349.8
2025-12-01,Suplemento Alimentar  - Hepatofor,1.0,99.9
2025-12-01,Suplemento Alimentar - Alpha Inflaminus,1.0,144.9
2025-12-01,Suplemento Alimentar - GUARDIAN®,3.0,629.7
2025-12-01,Suplemento Alimentar - Green Shot,2.0,149.8
2025-12-01,Suplemento Alimentar - Pura Fiber,1.0,69.14
2025-12-01,Suplemento Alimentar - Slim Body 400mg,1.0,89.9
2025-12-01,Suplemento Alimentar - Slim Shape,1.0,69.9
2025-12-01,Suplemento Alimentar - True Nac,1.0,69.9
2025-12-01,Suplemento Vitamínico - Alpha Harmony,1.0,117.24
2025-12-01,Suplemento de Magnésio - Blue Calm,4.0,469.6
2025-12-01,Tablete de Doce,3.0,12.6
2025-12-01,Tasty Whey 3W Gourmet,4.0,779.6
2025-12-01,Termogênico - Lipix6,3.0,217.7
2025-12-01,Tortinha Proteica,1.0,15.87
2025-12-01,Trio Magnésio 720mg,5.0,324.5
2025-12-01,True Cúrcuma com Ômega,1.0,124.9
2025-12-01,Vinagre de Maçã Orgânico,1.0,24.01
2025-12-01,Vitamina B12,6.0,271.4
2025-12-01,Vitamina C + Zinco - Gomas,1.0,64.9
2025-12-01,Vitamina C - 500mg,1.0,39.48
2025-12-01,Vitamina C - Bio Vit C+,2.0,109.8
2025-12-01,Vitamina D - Ativa D3,1.0,99.9
2025-12-01,Vitamina D - Vita D3,7.0,372.3
2025-12-01,Vitamina D - Vita D3 + C + Zinco,4.0,239.6
2025-12-01,Vitamina D3 + K2 Gotas,2.0,139.8
2025-12-01,Vitamina D3 Synergy,3.0,179.7
2025-12-01,"Vitaminas A, E, D e K2- RESTAURE® - Gotas",2.0,309.8
2025-12-01,W100 Whey Concentrado Havanna - Sachê,1.0,12.9
2025-12-01,Whey,3.0,749.7
2025-12-01,Whey - Isocrisp Pouch,1.0,79.9
2025-12-01,Whey - Zero Lactose,2.0,439.8
2025-12-01,Whey 3W -  Sachê,1.0,10.9
2025-12-01,Whey Fort 3W,5.0,899.5
2025-12-01,Whey Isolado - Iso Triple Zero,3.0,659.7
2025-12-01,Whey Isolado e Hidrolisado - H.I Whey,2.0,499.8
2025-12-01,Whey Protein - 3W - The Whey,1.0,119.9
2025-12-01,Whey Protein - Isofort Beauty,3.0,419.7
2025-12-01,Whey Protein Concentrado,45.0,8125.5
2025-12-01,Whey Protein Concentrado - Sachê,5.0,64.5
2025-12-01,Whey Protein Concentrado Cappuccino 900g DUX,2.0,359.8
2025-12-01,Whey Protein Isolado,13.0,4058.7
2025-12-01,Whey Protein Isolado - Isofort,1.0,309.9
2025-12-01,Whey Protein Isolado - Sachê,8.0,135.2
2025-12-01,Whey Tech 100%,4.0,559.6
2025-12-01,Whey hidrolisado e isolado,2.0,619.8
2025-12-01,Whey hidrolisado e isolado Creme Broule 837g TRUE SOURCE,1.0,309.9
2025-12-01,Zinco,1.0,34.9
2025-12-01,Ômega - Mega DHA,3.0,539.7
2025-12-01,Ômega 3,1.0,179.9
2025-12-01,Ômega 3 - 1360mg,1.0,139.9
2025-12-01,Ômega 3 - EPA DHA - 1000mg,7.0,454.3
2025-12-01,Ômega 3 - Omegafor Memory,1.0,104.9
2025-12-01,Ômega 3 EPA DHA,21.0,1885.9
2025-12-01,Ômega 3 Super DHA - BIG N,3.0,359.7
2025-12-01,Ômega 3 Super DHA BIG,1.0,189.9
2025-12-01,Ômega Ultra - 1000mg,1.0,94.9
2025-12-08,100% Whey Protein - Flavour,2.0,259.8
2025-12-08,100% Whey True Protein,1.0,209.9
2025-12-08,Achocolatado - Choco Family - Refil,2.0,93.8
2025-12-08,Aminoácido - Aminovita,1.0,149.9
2025-12-08,Aminoácidos - Aminnu EAAs,1.0,209.9
2025-12-08,BT Nitrato,1.0,174.9
2025-12-08,Barrinha de Proteína,11.0,407.2
2025-12-08,Barrinha de Proteína - YOPRO,2.0,26.5
2025-12-08,Barrinha de Proteína Choco Wheyfer,4.0,33.56
2025-12-08,Barrinha de Proteína ChocoWheyfer,1.0,89.9
2025-12-08,Barrinha de Proteína Protein Crisp,1.0,79.9
2025-12-08,Barrinha de Proteína Whey Grego - Havanna,2.0,193.8
2025-12-08,Beef Protein,1.0,229.9
2025-12-08,Bio Cálcio  60 caps PURAVIDA,1.0,79.9
2025-12-08,Bio Ferro,1.0,42.9
2025-12-08,Bio Vitamina B12 em gotas,1.0,44.9
2025-12-08,Biotina Plus,2.0,93.8
2025-12-08,BodyBalance - Muscle Synergy,2.0,489.8
2025-12-08,Booster Energético - Upgrade Energy - TCM,2.0,279.8
2025-12-08,"Boraprim - Borragem, Prímula e Gergelim",4.0,359.6
2025-12-08,Cacao Whey - Sachê,1.0,21.9
2025-12-08,Coenzima  Q10 - 100mg,2.0,179.8
2025-12-08,Coenzima Q10,2.0,319.8
2025-12-08,Coenzima Q10  (200mg p/ porção),5.0,1099.5
2025-12-08,Coenzima Q10 (200mg p/ porção),3.0,339.7
2025-12-08,Coenzima Q10 - (100mg p/ porção),2.0,169.8
2025-12-08,Collagen Protein,1.0,239.9
2025-12-08,Colágeno - Colagentek,3.0,279.7
2025-12-08,Colágeno - Colagentek II,3.0,304.7
2025-12-08,Colágeno - Colagentek Protein - Bodybalance,5.0,884.5
2025-12-08,Colágeno - Collagen Essential Protein,1.0,239.9
2025-12-08,Colágeno - Collagen Gut,1.0,194.9
2025-12-08,Colágeno - Collagen Protein Hidrolisado,2.0,359.8
2025-12-08,Colágeno - Collagen Renew Hidrolisado,1.0,89.9
2025-12-08,Colágeno - Collagen Tipo II 40mg,2.0,164.8
2025-12-08,Colágeno Hidrolisado - Collagen Pro 18g,1.0,149.9
2025-12-08,Complexo B,1.0,104.9
2025-12-08,Coq10,2.0,459.8
2025-12-08,Cranberry - She She Comfort,1.0,69.9
2025-12-08,Creatina,4.0,509.6
2025-12-08,Creatina - Creafort (Creapure),8.0,1039.2
2025-12-08,Creatina - Creapure,1.0,179.9
2025-12-08,Creatina 100%,2.0,119.8
2025-12-08,Creatina 100% Pure,1.0,109.9
2025-12-08,Creatina Monohidratada,21.0,1642.9
2025-12-08,Creatina Monohidratada (Creapure),5.0,959.5
2025-12-08,Creatina Monohidratada -  Crealift (Creapure),2.0,53.98
2025-12-08,Creatina Monohidratada - Creatine,7.0,629.3
2025-12-08,Creatina Monohidratada em Gummy,1.0,109.9
2025-12-08,Creatine Action - Gummy,1.0,119.9
2025-12-08,Cromo Picolinato - 250mg,1.0,27.9
2025-12-08,Cálcio de Algas 1000mg,1.0,64.9
2025-12-08,Cúrcuma - Curcumagic,1.0,154.9
2025-12-08,Cúrcuma Plus,8.0,529.2
2025-12-08,Eletrólitos,1.0,94.9
2025-12-08,Energy Gel,1.0,269.89
2025-12-08,Enzimas Enzyfor,2.0,279.8
2025-12-08,Extrato de Laranja Moro 400mg,1.0,99.9
2025-12-08,Feno Grego + Boro 500mg,1.0,99.9
2025-12-08,Ferro Plus,2.0,59.8
2025-12-08,Fresh Vegan,3.0,509.7
2025-12-08,Fresh Whey,10.0,1639.0
2025-12-08,FreshWhey - Sachê,15.0,238.5
2025-12-08,Gluatamina em Sachê - Glutamax,1.0,99.9
2025-12-08,Glutamina,5.0,359.5
2025-12-08,Glutamina - Glutamax,2.0,139.8
2025-12-08,Glutamina Isolates,1.0,64.9
2025-12-08,Glutamina em Pó,2.0,229.8
2025-12-08,Gold Whey Concentrado Refil,4.0,639.6
2025-12-08,Granola - Zero Açúcar,1.0,28.9
2025-12-08,Isofort Plant (Life Vegan),4.0,479.6
2025-12-08,Laranja Moro - Moroskinny,1.0,104.9
2025-12-08,MCT - Oil Powder,1.0,124.12
2025-12-08,MCT LIFT,1.0,149.0
2025-12-08,Maca Peruana,2.0,85.8
2025-12-08,Magnésio,3.0,134.7
2025-12-08,Magnésio - Inositol Relief 3.0,2.0,349.8
2025-12-08,Magnésio Inositol,1.0,184.9
2025-12-08,Magnésio Plus - 350mg,3.0,224.7
2025-12-08,Magnésio Plus 900mg,1.0,94.9
2025-12-08,Melatonina - Sleepfor,1.0,79.9
2025-12-08,Melatonina - Ydrosolv,1.0,84.9
2025-12-08,Melatonina Duo,2.0,139.8
2025-12-08,Melatonina Fast,1.0,34.9
2025-12-08,Melatonina em Gotas,1.0,39.9
2025-12-08,Morning Shot - Imunidade,4.0,419.6
2025-12-08,Multivitaminico  - Imunomult- 1000mg,3.0,404.7
2025-12-08,Multivitamínico - Vitalift,1.0,189.9
2025-12-08,N-Acetil Cisteína (NAC),1.0,89.9
2025-12-08,NAC 650mg,2.0,129.8
2025-12-08,Omegafor Plus,15.0,2684.5
2025-12-08,Palatinose,1.0,69.9
2025-12-08,Pasta de Amendoim,5.0,258.95
2025-12-08,Pasta de Amendoim Integral,1.0,19.9
2025-12-08,Probiótico - Simcaps,2.0,149.8
2025-12-08,Probiótico - Simfort Plus,10.0,989.0
2025-12-08,Probióticos em Pó - Simfort,1.0,94.9
2025-12-08,Proteína - Isocrisp Plant Pouch,1.0,69.9
2025-12-08,Proteína Isolada e Hidrolisada - Body Protein,4.0,879.6
2025-12-08,Proteína Isolada e Hidrolisada - Body Protein Red,1.0,219.9
2025-12-08,Pré-Treino - Beta Action,1.0,219.9
2025-12-08,Pré-Treino - V Fort Ultra,1.0,129.9
2025-12-08,Pré-Treino Energy ATP®,1.0,209.9
2025-12-08,Pré-treino - Energy Kick,1.0,129.9
2025-12-08,Próbiotico - Purabiotics,1.0,89.9
2025-12-08,Própolis Líquido - Gotas,1.0,44.9
2025-12-08,Própolis Verde,2.0,108.8
2025-12-08,Própolis Verde - Alcoólico,3.0,86.7
2025-12-08,Própolis Verde - Premium 10mg,2.0,129.8
2025-12-08,Própolis Verde - Propomax,5.0,144.5
2025-12-08,Psyllium,1.0,74.9
2025-12-08,Refil Whey Concentrado - W100,2.0,259.8
2025-12-08,Refil Whey Concentrado Havanna - W100,2.0,279.8
2025-12-08,Refil Whey Protein Concentrado,3.0,679.7
2025-12-08,Resveratrol 500mg,2.0,159.8
2025-12-08,Resveratrol Plus - 165mg,2.0,219.8
2025-12-08,Shot Matinal,1.0,79.9
2025-12-08,Simfort Femme,2.0,199.8
2025-12-08,Simfort Ultra,2.0,179.8
2025-12-08,Sleep,2.0,289.8
2025-12-08,Super Ômega 3,10.0,916.54
2025-12-08,SuperCoffee,9.0,1304.1
2025-12-08,SuperCoffee Língua de gato - Kopenhagen,4.0,699.6
2025-12-08,Suplemento - Super Sono,1.0,119.9
2025-12-08,Suplemento Alimentar  - Hepatofor,2.0,199.8
2025-12-08,Suplemento Alimentar - GUARDIAN®,2.0,419.8
2025-12-08,Suplemento Alimentar - Green Shot,1.0,74.9
2025-12-08,Suplemento Alimentar - L-teanina - Happy Theanine,1.0,149.9
2025-12-08,Suplemento Alimentar - Slim Body 400mg,1.0,89.9
2025-12-08,Suplemento de Magnésio - Blue Calm,2.0,219.8
2025-12-08,Tasty Whey 3W Gourmet,2.0,389.8
2025-12-08,Termogênico - Termo Plus,1.0,129.9
2025-12-08,Trio Magnésio 720mg,2.0,129.8
2025-12-08,Triptofano Noite,1.0,89.9
2025-12-08,True Almonds Protein,1.0,19.9
2025-12-08,True Cúrcuma com Ômega,1.0,124.9
2025-12-08,Vegan Protein - Vegano,1.0,139.9
2025-12-08,Vinagre de maçã em Gummy,1.0,101.91
2025-12-08,Vitamina A - 8000 Ui,1.0,29.9
2025-12-08,Vitamina B12,11.0,418.9
2025-12-08,Vitamina C3 - 1000mg,1.0,54.9
2025-12-08,Vitamina D - Vita D3,10.0,539.0
2025-12-08,Vitamina D - Vita D3 + C + Zinco,4.0,222.6
2025-12-08,Vitamina D3,1.0,44.9
2025-12-08,Vitamina D3 + K2,3.0,194.7
2025-12-08,Vitamina D3 + K2 Gotas,1.0,69.9
2025-12-08,Vitamina D3 Synergy,1.0,59.9
2025-12-08,"Vitaminas A, E, D e K2- RESTAURE® - Gotas",3.0,464.7
2025-12-08,W100 Whey Concentrado - Sachê,3.0,35.7
2025-12-08,W100 Whey Concentrado Havanna - Sachê,1.0,12.9
2025-12-08,Whey,6.0,954.67
2025-12-08,Whey - Zero Lactose,2.0,439.8
2025-12-08,Whey 3W -  Sachê,7.0,76.3
2025-12-08,Whey Concentrado - 100% Whey,1.0,129.9
2025-12-08,Whey Fort 3W,2.0,359.8
2025-12-08,Whey Isolado - Iso Triple Zero,5.0,1099.5
2025-12-08,Whey Protein - 3W - The Whey,2.0,239.8
2025-12-08,Whey Protein - Isofort Beauty,2.0,279.8
2025-12-08,Whey Protein Concentrado,26.0,4702.4
2025-12-08,Whey Protein Concentrado - Sachê,15.0,175.5
2025-12-08,Whey Protein Concentrado Cappuccino 900g DUX,3.0,539.7
2025-12-08,Whey Protein Crisp - Isocrisp,1.0,49.9
2025-12-08,Whey Protein Isolado,12.0,3588.8
2025-12-08,Whey Protein Isolado - Isofort,1.0,309.9
2025-12-08,Whey Protein Isolado - Sachê,5.0,84.5
2025-12-08,Whey Protein Isolado - Tasty Iso,1.0,289.9
2025-12-08,Whey Protein Vegetal,1.0,149.9
2025-12-08,Whey Tech 100%,11.0,1538.9
2025-12-08,Whey hidrolisado e isolado,3.0,929.7
2025-12-08,Whey hidrolisado e isolado Creme Broule 837g TRUE SOURCE,1.0,309.9
2025-12-08,Zinco - Ydrosolv,1.0,89.9
2025-12-08,Zinco Quelato,1.0,42.9
2025-12-08,Óleo de Prímula - 500mg,1.0,39.9
2025-12-08,Ômega - Mega DHA,1.0,179.9
2025-12-08,Ômega 3,2.0,359.8
2025-12-08,Ômega 3 - 1360mg,1.0,139.9
2025-12-08,Ômega 3 - EPA DHA - 1000mg,2.0,135.8
2025-12-08,Ômega 3 - Fish Oil,1.0,112.65
2025-12-08,Ômega 3 - Omegafor Memory,3.0,314.7
2025-12-08,Ômega 3 - Ultra Caps 1000mg,2.0,319.8
2025-12-08,Ômega 3 DHA,1.0,139.9
2025-12-08,Ômega 3 EPA DHA,24.0,1841.6
2025-12-08,Ômega 3 Super DHA,2.0,219.8
2025-12-08,Ômega 3 Super DHA - BIG N,3.0,359.7
2025-12-08,Ômega 3 Super DHA BIG,1.0,189.9
2025-12-15,100% Whey Pure,3.0,434.7
2025-12-15,Achocolatado - Choco Family - Refil,1.0,49.9
2025-12-15,Achocolatado - Chocoki,1.0,89.9
2025-12-15,Aminoácido - Tryptophan,1.0,54.9
2025-12-15,Aminoácidos - Aminnu EAAs - Sem Xilitol,1.0,209.9
2025-12-15,BT Nitrato,1.0,149.9
2025-12-15,BT Nitrato 400,1.0,149.9
2025-12-15,Barrinha de Chocolate ao Leite,1.0,9.9
2025-12-15,Barrinha de Proteína,8.0,388.8
2025-12-15,Barrinha de Proteína - Protein Crisp Bar,2.0,15.8
2025-12-15,Barrinha de Proteína ChocoWheyfer,1.0,94.9
2025-12-15,Barrinha de Proteína Collagen Bar,2.0,219.8
2025-12-15,Barrinha de Proteína Crunch,1.0,13.9
2025-12-15,Bio Ferro,4.0,171.6
2025-12-15,Bio Vitamina B12 em gotas,1.0,44.9
2025-12-15,Bombom Recheado,1.0,20.28
2025-12-15,"Boraprim - Borragem, Prímula e Gergelim",1.0,54.9
2025-12-15,Cacao Whey - Sachê,2.0,39.8
2025-12-15,Chá Misto,1.0,6.9
2025-12-15,Coenzima  Q10 - 100mg,3.0,269.7
2025-12-15,Coenzima Q10,1.0,199.9
2025-12-15,Coenzima Q10  (200mg p/ porção),1.0,219.9
2025-12-15,Coenzima Q10 (200mg p/ porção),3.0,304.7
2025-12-15,Coenzima Q10 - (100mg p/ porção),3.0,254.7
2025-12-15,Coenzima Q10 - 100mg,1.0,109.9
2025-12-15,Coenzima Q10 - 200mg,1.0,144.9
2025-12-15,Coenzima Q10 100 Mg,1.0,124.9
2025-12-15,Colágeno - Colagentek,2.0,189.8
2025-12-15,Colágeno - Colagentek Protein - Bodybalance,3.0,539.7
2025-12-15,Colágeno - Collagen Bones,1.0,199.9
2025-12-15,Colágeno - Collagen Gut,2.0,389.8
2025-12-15,Colágeno - Collagen Protein Hidrolisado,5.0,899.5
2025-12-15,Colágeno - Collagen Renew Hidrolisado,5.0,449.5
2025-12-15,Colágeno - Collpure® - 450g,1.0,149.9
2025-12-15,Colágeno Hidrolisado - Collagen Pro 18g,1.0,149.9
2025-12-15,Colágeno Tipo II,1.0,69.9
2025-12-15,Cranberry,1.0,49.9
2025-12-15,Creatina,1.0,99.9
2025-12-15,Creatina - Creafort (Creapure),12.0,2078.8
2025-12-15,Creatina - Gummy,2.0,289.8
2025-12-15,Creatina 100%,3.0,249.7
2025-12-15,Creatina 100% Pure,1.0,109.9
2025-12-15,Creatina Monohidratada,16.0,1293.4
2025-12-15,Creatina Monohidratada (Creapure),2.0,384.8
2025-12-15,Creatina Monohidratada - Creatine,4.0,359.6
2025-12-15,Creatina Monohidratada em Gummy,1.0,109.9
2025-12-15,Creatina Premium - Creapure,1.0,229.9
2025-12-15,Cúrcuma - Curcumagic,3.0,464.7
2025-12-15,Cúrcuma Plus,1.0,69.9
2025-12-15,Eletrólitos,2.0,189.8
2025-12-15,Enzima - Enzyfor,1.0,79.9
2025-12-15,Enzimas Enzyfor,1.0,149.9
2025-12-15,Extrato de Laranja Moro 400mg,2.0,199.8
2025-12-15,Feno Grego + Boro 500mg,1.0,99.9
2025-12-15,Ferro Quelado 34mg,1.0,29.9
2025-12-15,Ferro Quelato + Vitamina C,1.0,46.9
2025-12-15,Fibras Prébioticas - Prebiotic,5.0,349.5
2025-12-15,Fresh Whey,1.0,259.9
2025-12-15,FreshWhey - Sachê,3.0,47.7
2025-12-15,Gel Nitrato com L-Citrulinilarginina,1.0,10.9
2025-12-15,Glutamina,4.0,284.6
2025-12-15,Glutamina - Glutamax,2.0,139.8
2025-12-15,Glutamina - Glutamax Refil,2.0,259.8
2025-12-15,Glutamina Isolates,1.0,64.9
2025-12-15,Glutamina em Pó,1.0,114.9
2025-12-15,Gold Whey Concentrado Refil,1.0,159.9
2025-12-15,Granola,1.0,32.9
2025-12-15,Hipercalórico - Monsterone,1.0,124.9
2025-12-15,Hydrolift,2.0,197.8
2025-12-15,Magnésio,2.0,89.8
2025-12-15,Magnésio + Inositol Relief 1.0,1.0,159.9
2025-12-15,Magnésio - Inositol Relief 3.0,3.0,524.7
2025-12-15,Magnésio Inositol,2.0,324.8
2025-12-15,Magnésio Plus - 350mg,3.0,224.7
2025-12-15,Magnésio Quelato - Bio Mag,2.0,149.8
2025-12-15,Melatonina,3.0,199.7
2025-12-15,Melatonina Duo,3.0,209.7
2025-12-15,Melatonina Em Gotas Premium - 210mcg,2.0,69.8
2025-12-15,Melatonina em Gotas,1.0,39.9
2025-12-15,Morning Shot - Imunidade,1.0,104.9
2025-12-15,Multivitaminico - Imunomult- 1000mg,2.0,199.8
2025-12-15,Multivitaminino - Multi All,1.0,79.9
2025-12-15,NAC + Glycine + Taurine,1.0,89.9
2025-12-15,NAC Acetilcisteína -  600mg,1.0,79.9
2025-12-15,Nitro 400,1.0,139.9
2025-12-15,Omegafor Plus,13.0,2056.7
2025-12-15,Palatinose,3.0,209.7
2025-12-15,Pasta de Amendoim,2.0,119.8
2025-12-15,Probiótico - Simfort Plus,5.0,499.5
2025-12-15,Proteina Vegetal,1.0,159.9
2025-12-15,Proteína - Isocrisp Plant - Pote,1.0,29.9
2025-12-15,Proteína - Isocrisp Plant Pouch,2.0,139.8
2025-12-15,Proteína Isolada e Hidrolisada - Body Protein,10.0,2199.0
2025-12-15,Proteína Isolada e Hidrolisada - Body Protein Red,3.0,659.7
2025-12-15,Pré-treino - Égide,1.0,129.9
2025-12-15,Própolis Verde - Premium 10mg,3.0,199.7
2025-12-15,Própolis Verde - Propomax,2.0,58.8
2025-12-15,Psyllium,4.0,199.6
2025-12-15,Refil Whey Concentrado - W100,1.0,129.9
2025-12-15,Refil Whey Protein - 3W,1.0,119.9
2025-12-15,Resveratrol 500mg,2.0,159.8
2025-12-15,Shot Matinal,1.0,79.9
2025-12-15,Simfort Ultra,3.0,399.7
2025-12-15,Simfort fibras,1.0,64.9
2025-12-15,Super Ômega 3,5.0,779.5
2025-12-15,SuperCoffee,5.0,824.5
2025-12-15,SuperCoffee Língua de gato - Kopenhagen,3.0,524.7
2025-12-15,Suplemento Alimentar  - Hepatofor,1.0,99.9
2025-12-15,Suplemento Alimentar - Alpha Men,1.0,169.9
2025-12-15,"Suplemento Alimentar - Cabelo, Pele e Unha - Gomas",1.0,84.9
2025-12-15,Suplemento Alimentar - GUARDIAN®,2.0,419.8
2025-12-15,Suplemento Alimentar - L-teanina - Happy Theanine,1.0,149.9
2025-12-15,Suplemento Alimentar - True Nac,1.0,69.9
2025-12-15,Suplemento de Magnésio - Blue Calm,1.0,99.9
2025-12-15,Tasty Whey 3W Gourmet,2.0,389.8
2025-12-15,Tortinha Proteica,1.0,15.87
2025-12-15,Trio Magnésio 720mg,3.0,194.7
2025-12-15,True Almonds Protein,1.0,19.9
2025-12-15,True Cúrcuma com Ômega,1.0,124.9
2025-12-15,Vitamina B12,3.0,109.7
2025-12-15,Vitamina C + Zinco - Gomas,1.0,64.9
2025-12-15,Vitamina D - Vita D3,5.0,264.5
2025-12-15,Vitamina D - Vita D3 + C + Zinco,3.0,179.7
2025-12-15,Vitamina D3,1.0,109.9
2025-12-15,Vitamina D3 + K2,1.0,69.9
2025-12-15,Vitamina D3 - 2000 Ui,2.0,73.8
2025-12-15,Vitamina D3 Synergy,1.0,59.9
2025-12-15,"Vitaminas A, E, D e K2- RESTAURE® - Gotas",2.0,309.8
2025-12-15,W100 Whey Concentrado Havanna - Sachê,1.0,12.9
2025-12-15,Whey,4.0,1199.6
2025-12-15,Whey - Isocrisp Pouch,2.0,159.8
2025-12-15,Whey 3W,2.0,329.8
2025-12-15,Whey 3W -  Sachê,10.0,109.0
2025-12-15,Whey Fort 3W,5.0,1119.5
2025-12-15,Whey Isolado - Iso Triple Zero,2.0,439.8
2025-12-15,Whey Isolado - Isofort Ultra Imuno,4.0,1319.6
2025-12-15,Whey Protein - 3W - The Whey,1.0,119.9
2025-12-15,Whey Protein - Isofort Beauty,1.0,139.9
2025-12-15,Whey Protein Concentrado,29.0,5222.1
2025-12-15,Whey Protein Concentrado - Sachê,6.0,75.4
2025-12-15,Whey Protein ISO 100 Hydrolyzed,1.0,899.9
2025-12-15,Whey Protein Isolado,13.0,3858.7
2025-12-15,Whey Protein Isolado - Isofort,4.0,1239.6
2025-12-15,Whey Protein Isolado - Sachê,18.0,304.2
2025-12-15,Whey Tech 100%,6.0,839.4
2025-12-15,Whey hidrolisado e isolado,1.0,309.9
2025-12-15,Ômega 3,1.0,79.9
2025-12-15,Ômega 3 - 1360mg,2.0,279.8
2025-12-15,Ômega 3 - EPA DHA - 1000mg,2.0,117.8
2025-12-15,Ômega 3 - Omegafor Memory,2.0,209.8
2025-12-15,Ômega 3 - Ultra Caps 1000mg,1.0,159.9
2025-12-15,Ômega 3 EPA DHA,14.0,1010.6
2025-12-15,Ômega 3 Super DHA - BIG N,1.0,119.9
2025-12-22,Aminoácido - Amino Builder,1.0,154.35
2025-12-22,Aminoácido - Aminovita,1.0,149.9
2025-12-22,Aminoácido N-acetil L-cisteína (NAC),2.0,105.8
2025-12-22,Aminoácidos - Aminnu EAAs - Sem Xilitol,1.0,209.9
2025-12-22,Aminoácidos - Aminolift,1.0,209.9
2025-12-22,Barrinha de Proteína,1.0,13.9
2025-12-22,Barrinha de Proteína Whey Grego - Havanna,1.0,96.9
2025-12-22,Beta Alanina 100%,1.0,47.9
2025-12-22,Bio Cálcio  60 caps PURAVIDA,1.0,79.9
2025-12-22,Bio Ferro,2.0,85.8
2025-12-22,Bio Vitamina B12 em gotas,2.0,89.8
2025-12-22,Bio Zinco,1.0,36.9
2025-12-22,Coenzima  Q10 - 100mg,1.0,89.9
2025-12-22,Coenzima Q10  (200mg p/ porção),3.0,659.7
2025-12-22,Coenzima Q10 (200mg p/ porção),3.0,339.7
2025-12-22,Coenzima Q10 - (100mg p/ porção),2.0,169.8
2025-12-22,Colágeno - Colagentek,3.0,284.7
2025-12-22,Colágeno - Colagentek II,2.0,299.8
2025-12-22,Colágeno - Colagentek Protein - Bodybalance,1.0,179.9
2025-12-22,Colágeno - Collagen Gut,1.0,194.9
2025-12-22,Colágeno - Collagen Pro - Body Suport,1.0,209.9
2025-12-22,Colágeno - Collagen Protein Hidrolisado,1.0,179.9
2025-12-22,Colágeno Hidrolisado - Collagen Pro 18g,1.0,149.9
2025-12-22,Complexo B - Bio Vit.B+,1.0,44.9
2025-12-22,Coq10,1.0,229.9
2025-12-22,Creatina,3.0,259.7
2025-12-22,Creatina - Creafort (Creapure),6.0,999.4
2025-12-22,Creatina 100%,2.0,154.8
2025-12-22,Creatina 100% Pure,1.0,109.9
2025-12-22,Creatina Monohidratada,8.0,619.2
2025-12-22,Creatina Monohidratada (Creapure),2.0,379.8
2025-12-22,Creatina Monohidratada -  Crealift (Creapure),1.0,269.9
2025-12-22,Creatina Premium - Creapure,1.0,229.9
2025-12-22,Cúrcuma,1.0,139.9
2025-12-22,Cúrcuma Plus,3.0,194.7
2025-12-22,Eletrólitos,8.0,55.2
2025-12-22,Enzima - Enzyfor,1.0,79.9
2025-12-22,Extrato de Laranja Moro 400mg,2.0,199.8
2025-12-22,Feno Grego + Boro 500mg,1.0,99.9
2025-12-22,Ferro Quelato + Vitamina C,1.0,46.9
2025-12-22,Fresh Whey,6.0,849.4
2025-12-22,FreshWhey - Sachê,2.0,31.8
2025-12-22,Glutamina,1.0,74.9
2025-12-22,Glutamina - Glutamax,2.0,139.8
2025-12-22,Gold Whey Concentrado Refil,1.0,159.9
2025-12-22,Isofort Plant (Life Vegan),1.0,119.9
2025-12-22,Livestrong,2.0,635.8
2025-12-22,MCT,1.0,134.9
2025-12-22,Magnésio,1.0,44.9
2025-12-22,Magnésio Inositol,1.0,139.9
2025-12-22,Magnésio Plus - 350mg,2.0,149.8
2025-12-22,Melatonina,1.0,59.9
2025-12-22,Mistura para Panqueca Proteica,2.0,25.8
2025-12-22,Mistura para Pão de Frigideira,2.0,25.8
2025-12-22,Mistura para Pão de Frigideira Proteico,2.0,23.96
2025-12-22,Morning Shot - Imunidade,4.0,419.6
2025-12-22,Multivitaminico - Imunomult- 1000mg,1.0,99.9
2025-12-22,Multivitaminino - Multi All,2.0,159.8
2025-12-22,Omegafor Plus,11.0,1703.9
2025-12-22,Palatinose 100% - Carbolift,1.0,99.9
2025-12-22,Pasta de Amendoim Integral,1.0,18.89
2025-12-22,Probiótico - Simfort Plus,2.0,139.8
2025-12-22,Propolis + Quercetin + Vitamin C,1.0,109.9
2025-12-22,Proteína Isolada e Hidrolisada - Body Protein,1.0,219.9
2025-12-22,Proteína Isolada e Hidrolisada - Body Protein Red,2.0,439.8
2025-12-22,Pré-Treino,1.0,124.9
2025-12-22,Pré-Treino - Beta Action,1.0,219.9
2025-12-22,Pré-treino - Energy Kick,1.0,129.9
2025-12-22,Própolis Verde - Propomax,1.0,29.9
2025-12-22,Psyllium,1.0,39.9
2025-12-22,Refil 100% Whey Protein - Flavour,1.0,119.9
2025-12-22,Refil Whey Protein - 3W,1.0,174.9
2025-12-22,Repositor Energético - D Ribose,1.0,99.9
2025-12-22,Resveratrol 500mg,1.0,79.9
2025-12-22,Simfort fibras,1.0,64.9
2025-12-22,Sleep,2.0,289.8
2025-12-22,Super Ômega 3,1.0,219.9
2025-12-22,SuperCoffee,5.0,724.5
2025-12-22,SuperCoffee Língua de gato - Kopenhagen,1.0,174.9
2025-12-22,Suplemento - Laranja Moro,1.0,109.9
2025-12-22,Suplemento Alimentar - Alpha Inflaminus,1.0,144.9
2025-12-22,Suplemento Alimentar - Green Shot,1.0,84.9
2025-12-22,Suplemento Alimentar - Slim Body 400mg,1.0,89.9
2025-12-22,Suplemento de Magnésio - Blue Calm,2.0,219.8
2025-12-22,Termogênico - Termo Plus,1.0,129.9
2025-12-22,Vanilla Whey - Sachê,1.0,19.9
2025-12-22,Vitamina B12,1.0,39.9
2025-12-22,Vitamina B9 - Ácido Fólico,1.0,79.9
2025-12-22,Vitamina C - Bio Vit C+,1.0,54.9
2025-12-22,Vitamina C - Ydrosolv,1.0,94.9
2025-12-22,Vitamina C3 - 1000mg,1.0,54.9
2025-12-22,Vitamina D - Vita D3,3.0,160.7
2025-12-22,Vitamina D - Vita D3 + C + Zinco,5.0,282.5
2025-12-22,Vitamina D3 + K2,1.0,64.9
2025-12-22,Vitamina D3 + K2 Gotas,1.0,69.9
2025-12-22,Vitamina E - Ydrosolv,1.0,149.9
2025-12-22,Vitamina K2,1.0,49.9
2025-12-22,Whey,3.0,949.7
2025-12-22,Whey Concentrado - W100,1.0,139.9
2025-12-22,Whey Fort 3W,1.0,419.9
2025-12-22,Whey Protein - Isofort Beauty,1.0,139.9
2025-12-22,Whey Protein Concentrado,17.0,3063.3
2025-12-22,Whey Protein Concentrado - Sachê,5.0,58.5
2025-12-22,Whey Protein Isolado,7.0,2298.4
2025-12-22,Whey Protein Isolado - Sachê,5.0,84.5
2025-12-22,Whey Tech 100%,6.0,839.4
2025-12-22,Zinco - Ydrosolv,1.0,89.9
2025-12-22,Ômega - Mega DHA,1.0,179.9
2025-12-22,Ômega 3 - 1360mg,1.0,139.9
2025-12-22,Ômega 3 - EPA DHA - 1000mg,1.0,76.9
2025-12-22,Ômega 3 - Omegafor Memory,5.0,524.5
2025-12-22,Ômega 3 EPA DHA,9.0,941.1
2025-12-22,Ômega 3 Super DHA,1.0,109.9
2025-12-22,Ômega 3 Super DHA - BIG N,5.0,599.5
2025-12-22,Ômega 3 Super DHA BIG,2.0,379.8
2025-12-29,100% Whey Protein - Flavour,1.0,129.9
2025-12-29,Aminoácido - Aminovita,1.0,149.9
2025-12-29,Aminoácidos - Aminnu EAAs,1.0,209.9
2025-12-29,Barrinha - Body Protein,2.0,21.8
2025-12-29,Barrinha de Proteína,5.0,341.5
2025-12-29,Barrinha de Proteína - Protein Crisp Bar,3.0,108.7
2025-12-29,Barrinha de Proteína - YoPRO,1.0,114.9
2025-12-29,Barrinha de Proteína Collagen Bar,1.0,109.9
2025-12-29,Barrinha de Proteína Tube,4.0,132.6
2025-12-29,Beef Protein,1.0,229.9
2025-12-29,Best Whey,1.0,199.9
2025-12-29,Beta Alanina,3.0,188.7
2025-12-29,Beta Alanina 100%,1.0,47.9
2025-12-29,Bio Ferro,2.0,85.8
2025-12-29,Bio Vitamina B12 em gotas,3.0,134.7
2025-12-29,"Boraprim - Borragem, Prímula e Gergelim",2.0,179.8
2025-12-29,Chocolate ao Leite - Marshmallow,1.0,9.9
2025-12-29,Coenzima Q10,1.0,84.9
2025-12-29,Coenzima Q10 (200mg p/ porção),5.0,624.5
2025-12-29,Coenzima Q10 + Ômega 3 + Vitamina E,5.0,699.5
2025-12-29,Coenzima Q10 - 200mg,1.0,144.9
2025-12-29,Colágeno - Colagentek,3.0,284.7
2025-12-29,Colágeno - Colagentek Protein - Bodybalance,3.0,539.7
2025-12-29,Colágeno - Collagen Gut,1.0,194.9
2025-12-29,Colágeno - Collagen Pro - Body Suport,1.0,209.9
2025-12-29,Colágeno - Collagen Protein Hidrolisado Berries Silvestres 450g PURAVIDA,2.0,359.8
2025-12-29,Colágeno - Collagen Renew Hidrolisado,2.0,179.8
2025-12-29,Colágeno Hidrolisado - Collagen Pro 18g,4.0,599.6
2025-12-29,Complexo B,1.0,104.9
2025-12-29,Complexo B 500mg,2.0,89.8
2025-12-29,Creatina,1.0,249.9
2025-12-29,Creatina - Creafort (Creapure),5.0,899.5
2025-12-29,Creatina - Gummy,1.0,144.9
2025-12-29,Creatina 100%,1.0,94.9
2025-12-29,Creatina Monohidratada,19.0,1543.1
2025-12-29,Creatina Monohidratada (Creapure),1.0,189.9
2025-12-29,Creatina Monohidratada - Creatine,2.0,179.8
2025-12-29,Cromo Picolinato - 250mg,1.0,27.9
2025-12-29,Cúrcuma Plus,1.0,69.9
2025-12-29,Eletrólitos,17.0,117.3
2025-12-29,Energy Gel - Endurance,2.0,13.8
2025-12-29,Extrato de Laranja Moro 400mg,1.0,99.9
2025-12-29,Ferro - Ydrosolv,2.0,199.8
2025-12-29,Ferro Quelato + Vitamina C,2.0,93.8
2025-12-29,Fresh Whey,4.0,679.6
2025-12-29,Gel Nitrato,2.0,21.8
2025-12-29,Gel Nitrato c/ Cafeína,1.0,10.9
2025-12-29,Glutamina,1.0,74.9
2025-12-29,Glutamina - Glutamax,4.0,239.6
2025-12-29,Gold Whey Concentrado Refil,1.0,159.9
2025-12-29,Granola,1.0,32.9
2025-12-29,Granola - Zero Açúcar,1.0,32.9
2025-12-29,L-Carnitina 530mg,1.0,99.9
2025-12-29,L-Taurina - 1.000mg,2.0,139.8
2025-12-29,Livestrong,1.0,299.9
2025-12-29,Magnésio - Inositol Relief 3.0,2.0,349.8
2025-12-29,Magnésio Dimalato,1.0,46.9
2025-12-29,Magnésio Inositol,1.0,184.9
2025-12-29,Magnésio Plus - 350mg,4.0,299.6
2025-12-29,Magnésio Plus 900mg,3.0,284.7
2025-12-29,Melatonina Duo,1.0,69.9
2025-12-29,Melatonina Fast,1.0,34.9
2025-12-29,Melatonina em Gotas,1.0,39.9
2025-12-29,Metilfolato,1.0,48.9
2025-12-29,Mistura para Pão de Frigideira Proteico,2.0,23.96
2025-12-29,Morning Shot - Imunidade,3.0,314.7
2025-12-29,Multivitamínico - Alpha Kids,1.0,139.9
2025-12-29,NAC + Glycine + Taurine,2.0,179.8
2025-12-29,NAC PRO,1.0,69.9
2025-12-29,Nitro 400,2.0,279.8
2025-12-29,Omegafor Plus,10.0,1861.0
2025-12-29,Palatinose,1.0,64.9
2025-12-29,Pasta de Amendoim,1.0,59.9
2025-12-29,Probiótico - Simfort Plus,4.0,379.6
2025-12-29,Proteina Vegetal - True Vegan,3.0,584.7
2025-12-29,Proteína - Isocrisp Plant - Pote,1.0,74.9
2025-12-29,Proteína - Isocrisp Plant Pouch,2.0,139.8
2025-12-29,Proteína Isolada e Hidrolisada - Body Protein,5.0,1099.5
2025-12-29,Proteína Isolada e Hidrolisada - Body Protein Red,3.0,659.7
2025-12-29,Proteína Vegana - Veggie Protein,1.0,254.9
2025-12-29,Proteína Vegetal - Vegan Tasty,1.0,129.9
2025-12-29,Pré treino - NERVOUS,1.0,106.14
2025-12-29,Pré-treino - Energy Kick Caffeine,1.0,124.9
2025-12-29,Pré-treino Panic Pre Workout,1.0,119.9
2025-12-29,Próbiotico - Purabiotics,1.0,89.9
2025-12-29,Própolis Líquido - Gotas,1.0,49.9
2025-12-29,Própolis Verde - Premium 10mg,1.0,69.9
2025-12-29,Psyllium,1.0,79.9
2025-12-29,Refil Whey Protein - 3W,2.0,349.8
2025-12-29,Resveratrol 500mg,1.0,79.9
2025-12-29,Resveratrol Plus - 165mg,5.0,549.5
2025-12-29,Shot Matinal,1.0,79.9
2025-12-29,Simfort Femme,2.0,199.8
2025-12-29,Spirulina 500mg,2.0,179.8
2025-12-29,Super Café - Desincoffee,2.0,199.8
2025-12-29,Super Ômega 3,4.0,799.6
2025-12-29,SuperCoffee,7.0,1109.3
2025-12-29,SuperCoffee Língua de gato - Kopenhagen,2.0,349.8
2025-12-29,Suplemento - Beauty Care,1.0,69.9
2025-12-29,Suplemento Alimentar - GUARDIAN®,3.0,629.7
2025-12-29,Suplemento de Magnésio - Blue Calm,1.0,159.9
2025-12-29,Tablete de Doce,3.0,14.7
2025-12-29,Termogênico - Termo Plus,1.0,129.9
2025-12-29,Tortinha Proteica,1.0,11.9
2025-12-29,Trio Magnésio 720mg,2.0,129.8
2025-12-29,Vitamina B12,3.0,194.7
2025-12-29,Vitamina C,1.0,64.9
2025-12-29,Vitamina D - Vita D3,5.0,268.5
2025-12-29,Vitamina D - Vita D3 + C + Zinco,1.0,42.9
2025-12-29,Vitamina D3,5.0,549.5
2025-12-29,Vitamina D3 + K2,3.0,199.7
2025-12-29,Vitamina D3 + K2 Gotas,1.0,69.9
2025-12-29,Vitamina D3 - Ydrosolv - Spray,1.0,76.5
2025-12-29,Vitamina D3 Synergy,1.0,59.9
2025-12-29,W100 Whey Concentrado Havanna - Sachê,1.0,12.9
2025-12-29,Whey,2.0,699.8
2025-12-29,Whey 3W,1.0,164.9
2025-12-29,Whey Fort 3W,7.0,1479.3
2025-12-29,Whey Isolado - Iso Triple Zero,3.0,659.7
2025-12-29,Whey Protein 3W,2.0,479.8
2025-12-29,Whey Protein Concentrado,26.0,4687.4
2025-12-29,Whey Protein Concentrado - Sachê,2.0,25.8
2025-12-29,Whey Protein Crisp - Isocrisp,1.0,49.9
2025-12-29,Whey Protein ISO 100 Hydrolyzed,2.0,739.8
2025-12-29,Whey Protein Isolado,11.0,3318.9
2025-12-29,Whey Protein Isolado - Isofort,2.0,619.8
2025-12-29,Whey Protein Isolado - Tasty Iso,1.0,289.9
2025-12-29,Whey Tech 100%,6.0,839.4
2025-12-29,Ômega - Mega DHA,1.0,179.9
2025-12-29,Ômega 3  - 1360mg,2.0,379.8
2025-12-29,Ômega 3 - 1360mg,3.0,419.7
2025-12-29,Ômega 3 - EPA DHA - 1000mg,4.0,277.6
2025-12-29,Ômega 3 - Fish Oil,1.0,112.65
2025-12-29,Ômega 3 - Omegafor Memory,1.0,104.9
2025-12-29,Ômega 3 - Ultra Caps 1000mg,1.0,159.9
2025-12-29,Ômega 3 EPA DHA,9.0,713.1
2025-12-29,Ômega 3 Pulse,1.0,129.9
2025-12-29,Ômega 3 Super DHA,1.0,109.9
2025-12-29,Ômega 3 Super DHA BIG,1.0,189.9
2025-12-29,Ômega Golden,1.0,219.9
2026-01-05,Achocolatado - Choco Family - Refil,1.0,49.9
2026-01-05,Aminoácido - Amino Builder,1.0,154.35
2026-01-05,Aminoácido - BCAA Fort,1.0,94.9
2026-01-05,Aminoácidos - Aminnu EAAs,1.0,209.9
2026-01-05,BT Gel Nitrato,1.0,119.9
2026-01-05,Barra Double,5.0,29.5
2026-01-05,Barrinha de Chocolate 70%,1.0,9.9
2026-01-05,Barrinha de Proteína,3.0,41.7
2026-01-05,Barrinha de Proteína - Protein Crisp Bar,2.0,100.8
2026-01-05,Barrinha de Proteína Best Whey 49g (12g de Proteína),1.0,114.9
2026-01-05,Barrinha de Proteína Protein Crisp,1.0,79.9
2026-01-05,Barrinha de Proteína Veganpro Bar,1.0,96.9
2026-01-05,Bebida Vegetal,1.0,59.9
2026-01-05,Best Whey,1.0,199.9
2026-01-05,Beta Alanina,4.0,251.6
2026-01-05,Beta Alanina 100%,2.0,95.8
2026-01-05,Bio Ferro,3.0,128.7
2026-01-05,Bio Vitamina B12 em gotas,1.0,44.9
2026-01-05,Blend de Chá - Detox,1.0,29.9
2026-01-05,BodyBalance - Muscle Synergy,2.0,489.8
2026-01-05,"Boraprim - Borragem, Prímula e Gergelim",3.0,269.7
2026-01-05,Cacao Whey - Sachê,1.0,19.9
2026-01-05,CarbPro 4:1 - Endurance & Recovery,1.0,211.9
2026-01-05,Chá,1.0,6.9
2026-01-05,Coenzima  Q10 - 100mg,3.0,269.7
2026-01-05,Coenzima Q10,1.0,84.9
2026-01-05,Coenzima Q10  (200mg p/ porção),3.0,659.7
2026-01-05,Coenzima Q10 (200mg p/ porção),3.0,374.7
2026-01-05,Coenzima Q10 + Ômega 3 + Vitamina E,2.0,279.8
2026-01-05,Coenzima Q10 - (100mg p/ porção),6.0,509.4
2026-01-05,Coenzima Q10 - 100mg,1.0,109.9
2026-01-05,Coenzima Q10 - 200mg,1.0,144.9
2026-01-05,Coenzima Q10 - Bio Q10,1.0,134.9
2026-01-05,Colágeno - Body Collagen Protein,1.0,179.9
2026-01-05,Colágeno - Colagentek,1.0,94.9
2026-01-05,Colágeno - Colagentek Beauty,1.0,124.9
2026-01-05,Colágeno - Colagentek II,3.0,314.7
2026-01-05,Colágeno - Colagentek Protein - Bodybalance,4.0,719.6
2026-01-05,Colágeno - Collagen Bones,1.0,199.9
2026-01-05,Colágeno - Collagen Pro - Body Suport,1.0,209.9
2026-01-05,Colágeno - Collagen Protein Hidrolisado,3.0,539.7
2026-01-05,Colágeno - Collagen Protein Hidrolisado Berries Silvestres 450g PURAVIDA,1.0,179.9
2026-01-05,Colágeno - Collagen Renew Hidrolisado,7.0,629.3
2026-01-05,Colágeno - Collagen Tipo II 40mg,3.0,269.7
2026-01-05,Colágeno - Collpure®,1.0,162.9
2026-01-05,Colágeno Collagen Skin,2.0,389.8
2026-01-05,Colágeno Hidrolisado - Collagen Pro 18g,4.0,599.6
2026-01-05,Colágeno Tipo II,3.0,209.7
2026-01-05,Colágeno Tipo II - Artro Aid,1.0,99.9
2026-01-05,Complexo B,1.0,104.9
2026-01-05,Complexo B - Bio Vit.B+,5.0,224.5
2026-01-05,Creatina,3.0,449.7
2026-01-05,Creatina - Creafort (Creapure),5.0,819.5
2026-01-05,Creatina 100%,5.0,404.5
2026-01-05,Creatina Monohidratada,25.0,1962.5
2026-01-05,Creatina Monohidratada (Creapure),3.0,574.7
2026-01-05,Creatina Monohidratada - Creatine,17.0,1528.3
2026-01-05,Creatina Monohidratada em Gummy,1.0,109.9
2026-01-05,Creatine Action - Gummy,1.0,119.9
2026-01-05,Cromo Picolinato - 250mg,2.0,55.8
2026-01-05,Cúrcuma - Curcumagic,2.0,309.8
2026-01-05,Cúrcuma Plus,16.0,1118.4
2026-01-05,Eletrólitos,13.0,177.7
2026-01-05,Energy Gel - Endurance,1.0,6.9
2026-01-05,Extrato de Laranja Moro 400mg,1.0,99.9
2026-01-05,Ferro Plus,6.0,179.4
2026-01-05,Ferro Quelato + Vitamina C,2.0,93.8
2026-01-05,Fiber Biome,1.0,172.9
2026-01-05,Fresh Vegan,3.0,509.7
2026-01-05,Fresh Whey,15.0,2458.5
2026-01-05,FreshWhey - Sachê,8.0,127.2
2026-01-05,Gel - Endurance,1.0,69.9
2026-01-05,Gel Nitrato,2.0,21.8
2026-01-05,Glutamina - Glutamax,2.0,139.8
2026-01-05,Gold Whey Concentrado Refil,1.0,159.9
2026-01-05,Hipercalórico - Monsterone,2.0,249.8
2026-01-05,L-Carnitina 530mg,1.0,69.9
2026-01-05,L-Taurina - 1.000mg,1.0,41.9
2026-01-05,Laranja Moro,1.0,64.9
2026-01-05,Laranja Moro - Moroskinny,1.0,104.9
2026-01-05,Livestrong,3.0,917.7
2026-01-05,Magnésio,4.0,179.6
2026-01-05,Magnésio - Inositol Relief 3.0,6.0,1049.4
2026-01-05,Magnésio Inositol,1.0,139.9
2026-01-05,Magnésio Plus - 350mg,2.0,149.8
2026-01-05,Magnésio Plus 900mg,6.0,569.4
2026-01-05,Magnésio Quelato - Bio Mag,3.0,224.7
2026-01-05,Melatonina,1.0,59.9
2026-01-05,Melatonina - Sleepfor,1.0,79.9
2026-01-05,Melatonina em Gotas,4.0,159.6
2026-01-05,Metilfolato,1.0,48.9
2026-01-05,Morning Shot - Imunidade,1.0,104.9
2026-01-05,Multivitaminico  - Imunomult- 1000mg,3.0,404.7
2026-01-05,Multivitaminico - Imunomult- 1000mg,4.0,399.6
2026-01-05,Multivitaminino - Multi All,3.0,239.7
2026-01-05,Multivitamínicos - Gummy,1.0,64.9
2026-01-05,NAC + Glycine + Taurine,1.0,89.9
2026-01-05,NAC 650mg,1.0,64.9
2026-01-05,NAC PRO,3.0,209.7
2026-01-05,Nitro 400,3.0,419.7
2026-01-05,Omegafor Family - Ômega 3,2.0,139.8
2026-01-05,Omegafor Plus,20.0,3300.0
2026-01-05,Palatinose,4.0,279.6
2026-01-05,Pasta de Amendoim Granulado,3.0,78.69
2026-01-05,Pasta de Amendoim Integral,1.0,18.89
2026-01-05,Prebiótico - Fiber Liv,2.0,159.8
2026-01-05,Probiótico - Simfort Plus,4.0,329.6
2026-01-05,Probióticos em Pó - Simfort,1.0,94.9
2026-01-05,Proteina Vegetal,1.0,159.9
2026-01-05,Proteina Vegetal - True Vegan,1.0,194.9
2026-01-05,Proteína - Best Vegan,1.0,129.9
2026-01-05,Proteína - Isocrisp Plant - Pote,1.0,74.9
2026-01-05,Proteína - Isocrisp Plant Pouch,1.0,69.9
2026-01-05,Proteína Isolada e Hidrolisada - Body Protein,2.0,439.8
2026-01-05,Pré-Treino,2.0,208.8
2026-01-05,Pré-Treino - V Fort Ultra,5.0,649.5
2026-01-05,Pré-treino Évora PW,1.0,84.15
2026-01-05,Próbiotico - Purabiotics,1.0,89.9
2026-01-05,Própolis Trio,1.0,69.9
2026-01-05,Própolis Verde - Alcoólico,5.0,149.5
2026-01-05,Própolis Verde - Premium 10mg,1.0,69.9
2026-01-05,Própolis Verde - Propomax,3.0,89.7
2026-01-05,Própolis Verde 70,3.0,119.7
2026-01-05,Psyllium,3.0,239.7
2026-01-05,Refil Whey 100% Pure,1.0,139.9
2026-01-05,Refil Whey Concentrado - W100,1.0,129.9
2026-01-05,Refil Whey Protein Concentrado,2.0,319.8
2026-01-05,Resveratrol 500mg,2.0,159.8
2026-01-05,Resveratrol Plus - 165mg,3.0,329.7
2026-01-05,Shot Matinal,1.0,79.9
2026-01-05,Simfort Femme,1.0,99.9
2026-01-05,Simfort Ultra,2.0,244.8
2026-01-05,Simfort fibras,5.0,324.5
2026-01-05,Sleep,1.0,174.9
2026-01-05,Super Ômega 3,11.0,2158.9
2026-01-05,SuperCoffee,4.0,619.6
2026-01-05,SuperCoffee Língua de gato - Kopenhagen,2.0,349.8
2026-01-05,Suplemento - Hyaluronic Hair,3.0,224.7
2026-01-05,Suplemento Alimentar  - Hepatofor,1.0,99.9
2026-01-05,Suplemento Alimentar - Alpha Mater,2.0,309.8
2026-01-05,"Suplemento Alimentar - Cabelo, Pele e Unha - Gomas",1.0,84.9
2026-01-05,Suplemento Alimentar - Green Shot,1.0,84.9
2026-01-05,Suplemento Alimentar - Immune +,1.0,164.9
2026-01-05,Tablete de Doce,5.0,24.5
2026-01-05,Tasty Whey 3W Gourmet,4.0,779.6
2026-01-05,Termogênico - Lipix6,3.0,254.7
2026-01-05,Termogênico - Termo Plus,1.0,129.9
2026-01-05,Tortinha Proteica,2.0,23.8
2026-01-05,Trio Magnésio 720mg,2.0,129.8
2026-01-05,True Almonds Protein,1.0,19.9
2026-01-05,Vegan Ômega 3 DHA,1.0,124.9
2026-01-05,Vitamina B12,5.0,229.5
2026-01-05,Vitamina C + Zinco - Gomas,1.0,64.9
2026-01-05,Vitamina C - Ydrosolv,1.0,94.9
2026-01-05,Vitamina C3 - 1000mg,1.0,54.9
2026-01-05,Vitamina D - Vita D3,7.0,374.3
2026-01-05,Vitamina D - Vita D3 + C + Zinco,4.0,239.6
2026-01-05,Vitamina D3,2.0,107.8
2026-01-05,Vitamina D3 + K2,3.0,199.7
2026-01-05,Vitamina D3 + K2 Gotas,3.0,209.7
2026-01-05,Vitamina D3 Synergy,2.0,119.8
2026-01-05,Whey,4.0,1089.6
2026-01-05,Whey 3W,1.0,164.9
2026-01-05,Whey 3W -  Sachê,5.0,54.5
2026-01-05,Whey Concentrado - W100,1.0,139.9
2026-01-05,Whey Fort 3W,3.0,539.7
2026-01-05,Whey Isolado - Iso Triple Zero,1.0,219.9
2026-01-05,Whey Protein - Isofort Beauty,2.0,279.8
2026-01-05,Whey Protein Concentrado,35.0,6306.5
2026-01-05,Whey Protein Concentrado - Sachê,6.0,73.4
2026-01-05,Whey Protein Crisp - Isocrisp,2.0,99.8
2026-01-05,Whey Protein Isolado,17.0,5138.3
2026-01-05,Whey Protein Isolado - Isofort,5.0,1549.5
2026-01-05,Whey Protein Isolado - Sachê,18.0,304.2
2026-01-05,Whey Protein Smoothie Energy,1.0,199.9
2026-01-05,Whey Tech 100%,13.0,1818.7
2026-01-05,Whey hidrolisado e isolado,1.0,309.9
2026-01-05,Ômega -  Mega DHA,1.0,99.9
2026-01-05,Ômega - Mega DHA,1.0,179.9
2026-01-05,Ômega 3  - 1360mg,2.0,379.8
2026-01-05,Ômega 3 - 1360mg,3.0,419.7
2026-01-05,Ômega 3 - EPA DHA - 1000mg,8.0,603.2
2026-01-05,Ômega 3 - Omegafor Memory,3.0,314.7
2026-01-05,Ômega 3 - Ultra Caps 1000mg,2.0,319.8
2026-01-05,Ômega 3 DHA,1.0,139.9
2026-01-05,Ômega 3 EPA DHA,7.0,1043.3
2026-01-05,Ômega 3 Super DHA - BIG N,6.0,719.4
2026-01-05,Ômega 3 Super DHA BIG,1.0,189.9
2026-01-05,Ômega Ultra - 1000mg,1.0,94.9
2026-01-12,Achocolatado - Chocoki,1.0,89.9
2026-01-12,Aminoácido - Aminovita,2.0,299.8
2026-01-12,Aminoácido - BCAA - Glyco HD,1.0,29.9
2026-01-12,Aminoácido - Tryptophan,1.0,54.9
2026-01-12,Aminoácidos - Aminolift,1.0,209.9
2026-01-12,Antioxidante - Luteína e Zeaxantina,1.0,69.9
2026-01-12,Arginofor -  L-Arginina,1.0,119.9
2026-01-12,BT Gel Nitrato com Cafeína,2.0,219.8
2026-01-12,BT Nitrato 400,1.0,174.9
2026-01-12,Barra Chocolate 40%,1.0,18.89
2026-01-12,Barra Double,2.0,11.86
2026-01-12,Barrinha - Body Protein,4.0,43.6
2026-01-12,Barrinha de Chocolate 70%,3.0,29.7
2026-01-12,Barrinha de Chocolate ao Leite,1.0,9.9
2026-01-12,Barrinha de Proteína,10.0,275.0
2026-01-12,Barrinha de Proteína Choco Wheyfer,15.0,118.5
2026-01-12,Barrinha de Proteína Collagen Bar,2.0,219.8
2026-01-12,Barrinha de Proteína Crunch,1.0,13.9
2026-01-12,Barrinha de Proteína Dark Bar,2.0,259.8
2026-01-12,Barrinha de Proteína Protein Crisp,2.0,159.8
2026-01-12,Barrinha de Proteína Tube,2.0,199.8
2026-01-12,Beef Protein,2.0,459.8
2026-01-12,Beta Alanina,4.0,251.6
2026-01-12,Beta Alanina 100%,2.0,95.8
2026-01-12,Bio Ferro,2.0,85.8
2026-01-12,Bio Vitamina B12 em gotas,2.0,89.8
2026-01-12,Bio Zinco,2.0,73.8
2026-01-12,Biscoito Proteico - Sublime,3.0,38.7
2026-01-12,Blend de Chá - Detox,2.0,59.8
2026-01-12,Blend de Chá - Digestivo,1.0,27.9
2026-01-12,Body Protein Vegano,1.0,159.9
2026-01-12,"Boraprim - Borragem, Prímula e Gergelim",2.0,144.8
2026-01-12,Cacao Whey - Sachê,3.0,59.7
2026-01-12,Cafeína,1.0,52.9
2026-01-12,Chocolate - Chocolift,2.0,42.3
2026-01-12,Chocolate 40%,1.0,18.89
2026-01-12,Chocolate 66% Cacau,1.0,27.9
2026-01-12,Chocolate 70% Cacau,1.0,29.9
2026-01-12,Chocolate 77% Cacau,1.0,36.9
2026-01-12,Chá,2.0,13.8
2026-01-12,Chá - Hibiscus Plus,1.0,64.9
2026-01-12,Chá - Immuno Guard,1.0,64.9
2026-01-12,Cocada,1.0,4.9
2026-01-12,Coenzima  Q10 - 100mg,3.0,269.7
2026-01-12,Coenzima Q10,1.0,199.9
2026-01-12,Coenzima Q10  (200mg p/ porção),1.0,219.9
2026-01-12,Coenzima Q10 (200mg p/ porção),5.0,589.5
2026-01-12,Coenzima Q10 + Ômega 3 + Vitamina E,2.0,279.8
2026-01-12,Coenzima Q10 - (100mg p/ porção),4.0,339.6
2026-01-12,Coenzima Q10 - 100mg,2.0,219.8
2026-01-12,Coenzima Q10 100 Mg,1.0,124.9
2026-01-12,Coenzima Q10+ 200mg,3.0,419.7
2026-01-12,Coffee - Brainstorm,1.0,124.9
2026-01-12,Colágeno - Body Collagen Protein,1.0,179.9
2026-01-12,Colágeno - Colagentek,4.0,379.6
2026-01-12,Colágeno - Colagentek II,3.0,359.7
2026-01-12,Colágeno - Colagentek Protein - Bodybalance,2.0,359.8
2026-01-12,Colágeno - Collagen Essential Protein,1.0,239.9
2026-01-12,Colágeno - Collagen Gut,1.0,194.9
2026-01-12,Colágeno - Collagen Pro - Beauty Blend,1.0,209.9
2026-01-12,Colágeno - Collagen Protein Hidrolisado,5.0,899.5
2026-01-12,Colágeno - Collagen Protein Hidrolisado Berries Silvestres 450g PURAVIDA,1.0,179.9
2026-01-12,Colágeno - Collagen Renew Hidrolisado,3.0,269.7
2026-01-12,Colágeno - Collagen Tipo II 40mg,2.0,179.8
2026-01-12,Colágeno Hidrolisado - Collagen Pro 18g,1.0,149.9
2026-01-12,Colágeno Tipo II,3.0,209.7
2026-01-12,Complexo B - Bio Vit.B+,1.0,44.9
2026-01-12,Complexo B 500mg,1.0,44.9
2026-01-12,Cranberry - She She Comfort,1.0,69.9
2026-01-12,Creatina - Creafort (Creapure),8.0,1439.2
2026-01-12,Creatina - Gummy,1.0,144.9
2026-01-12,Creatina 100%,5.0,474.5
2026-01-12,Creatina Monohidratada,24.0,1962.6
2026-01-12,Creatina Monohidratada (Creapure),5.0,954.5
2026-01-12,Creatina Monohidratada -  Crealift (Creapure),2.0,539.8
2026-01-12,Creatina Monohidratada - Creatine,8.0,719.2
2026-01-12,Creatine Action - Gummy,1.0,119.9
2026-01-12,Cúrcuma - Curcumagic,1.0,154.9
2026-01-12,Cúrcuma Plus,9.0,629.1
2026-01-12,Eletrólitos,2.0,189.8
2026-01-12,Enzimas Enzyfor,1.0,149.9
2026-01-12,Feno Grego + Boro 500mg,1.0,99.9
2026-01-12,Ferro - Ydrosolv,2.0,199.8
2026-01-12,Fresh Vegan - Sachê,1.0,13.9
2026-01-12,Fresh Whey,8.0,1479.2
2026-01-12,FreshWhey - Sachê,6.0,95.4
2026-01-12,Gel Neutro Fresh com Cafeína,5.0,63.65
2026-01-12,Gel Nitrato,9.0,98.1
2026-01-12,Gel Nitrato c/ Cafeína,5.0,54.5
2026-01-12,Gluatamina em Sachê - Glutamax,1.0,99.9
2026-01-12,Glutamina,4.0,284.6
2026-01-12,Glutamina - Glutamax,1.0,89.9
2026-01-12,Glutamina - Glutamax Refil,1.0,129.9
2026-01-12,Glutamina em Pó,1.0,99.9
2026-01-12,Gold Whey Concentrado Refil,3.0,479.7
2026-01-12,Granola - Zero Açúcar,2.0,65.8
2026-01-12,Hipercalórico - Monsterone,5.0,624.5
2026-01-12,L-Carnitina 530mg,1.0,69.9
2026-01-12,L-Taurina - 1.000mg,2.0,139.8
2026-01-12,Laranja Moro,1.0,64.9
2026-01-12,Levedura - Nutri Yeas Flakes,1.0,92.17
2026-01-12,Livestrong,2.0,617.8
2026-01-12,MCT,1.0,134.9
2026-01-12,Maca Peruana,1.0,42.9
2026-01-12,Magnésio,1.0,44.9
2026-01-12,Magnésio + Inositol Relief 1.0,1.0,159.9
2026-01-12,Magnésio - Inositol Relief 3.0,8.0,1399.2
2026-01-12,Magnésio Inositol,1.0,139.9
2026-01-12,Magnésio Plus - 350mg,4.0,299.6
2026-01-12,Magnésio Plus 900mg,4.0,379.6
2026-01-12,Magnésio Quelato - Bio Mag,4.0,299.6
2026-01-12,Matchá - Chá Verde em Pó,1.0,89.9
2026-01-12,Melatonina,1.0,59.9
2026-01-12,Melatonina - Ydrosolv,1.0,84.9
2026-01-12,Melatonina em Gotas,1.0,39.9
2026-01-12,Mg Complex,1.0,96.9
2026-01-12,Morning Shot - Imunidade,6.0,629.4
2026-01-12,Multivitaminico - Imunomult- 1000mg,3.0,299.7
2026-01-12,Multivitaminino - Multi All,2.0,159.8
2026-01-12,Multivitamínico - Vitalift,1.0,189.9
2026-01-12,N-Acetil Cisteína (NAC),1.0,89.9
2026-01-12,NAC Acetilcisteína -  600mg,2.0,159.8
2026-01-12,NAC PRO,1.0,69.9
2026-01-12,Nitro 400,2.0,279.8
2026-01-12,Omegafor Plus,28.0,5102.2
2026-01-12,Palatinose,2.0,139.8
2026-01-12,Palatinose 100% - Carbolift,1.0,99.9
2026-01-12,Pasta de Amendoim,1.0,59.9
2026-01-12,Pasta de Amendoim Integral,1.0,18.89
2026-01-12,Polivitamínico - Berryki,2.0,107.1
2026-01-12,Probiótico - Simcaps,1.0,49.9
2026-01-12,Probiótico - Simfort Plus,3.0,259.7
2026-01-12,Probióticos em Pó - Simfort,1.0,94.9
2026-01-12,Profem - Óleo de Prímula,1.0,64.9
2026-01-12,Propolis + Quercetin + Vitamin C,2.0,219.8
2026-01-12,Proteína Isolada e Hidrolisada - Body Protein,8.0,1759.2
2026-01-12,Proteína Vegana - Immuno Veggie,1.0,254.9
2026-01-12,Proteína Vegana - One Nutrition,1.0,199.9
2026-01-12,Proteína Vegana - Vegan Tasty,1.0,129.9
2026-01-12,Pré-Treino,1.0,124.9
2026-01-12,Pré-Treino - Beta Action,4.0,879.6
2026-01-12,Pré-Treino - V Fort Ultra,4.0,519.6
2026-01-12,Pré-Treino Energy ATP®,2.0,419.8
2026-01-12,Pré-treino - Energy Kick Caffeine,1.0,124.9
2026-01-12,Própolis Verde - Alcoólico,2.0,59.8
2026-01-12,Própolis Verde - Premium 10mg,2.0,139.8
2026-01-12,Própolis Verde - Propomax,3.0,89.7
2026-01-12,Psyllium,5.0,359.5
2026-01-12,Quercetina,1.0,79.9
2026-01-12,Refil 100% Whey Protein - Flavour,1.0,119.9
2026-01-12,Refil BT 400 Nitrato,1.0,284.89
2026-01-12,Refil Pure Blend Protein,1.0,158.0
2026-01-12,Refil Whey 100% Pure,2.0,279.8
2026-01-12,Refil Whey Concentrado - W100,1.0,129.9
2026-01-12,Refil Whey Concentrado Havanna - W100,2.0,279.8
2026-01-12,Refil Whey Protein - 3W,2.0,294.8
2026-01-12,Refil Whey Protein Concentrado,4.0,869.6
2026-01-12,Resveratrol 500mg,1.0,79.9
2026-01-12,Resveratrol Plus - 165mg,4.0,439.6
2026-01-12,Simfort Ultra,1.0,154.9
2026-01-12,Sleep,4.0,519.6
2026-01-12,Spirulina Orgânica - 600 tabletes,1.0,211.2
2026-01-12,Super Café - Desincoffee,1.0,99.9
2026-01-12,Super Ômega 3,9.0,1499.1
2026-01-12,SuperCoffee,13.0,1883.7
2026-01-12,SuperCoffee Língua de gato - Kopenhagen,13.0,2273.7
2026-01-12,Suplemento - Beauty Care,1.0,69.9
2026-01-12,Suplemento Alimentar  - Hepatofor,1.0,99.9
2026-01-12,Suplemento Alimentar - Alpha Inflaminus,1.0,144.9
2026-01-12,Suplemento Alimentar - GUARDIAN®,3.0,629.7
2026-01-12,Suplemento Alimentar - L-teanina - Happy Theanine,1.0,149.9
2026-01-12,Suplemento Alimentar - True Nac,2.0,139.8
2026-01-12,Suplemento de Magnésio - Blue Calm,2.0,269.8
2026-01-12,Tablete de Doce,6.0,29.4
2026-01-12,Tasty Whey 3W Gourmet,10.0,1934.0
2026-01-12,Termogênico - Lipix6,1.0,114.9
2026-01-12,Termogênico - Termo Plus,1.0,129.9
2026-01-12,Trio Magnésio 720mg,3.0,194.7
2026-01-12,True Cúrcuma,1.0,74.9
2026-01-12,Veggie Protein - Sachê,1.0,19.9
2026-01-12,Vitamina B12,7.0,294.3
2026-01-12,Vitamina B9 - Metilfolato,1.0,59.9
2026-01-12,Vitamina B9 - Ácido Fólico,1.0,79.9
2026-01-12,Vitamina C - Ydrosolv,1.0,94.9
2026-01-12,Vitamina C3 - 1000mg,1.0,54.9
2026-01-12,Vitamina D - Vita D3,6.0,321.4
2026-01-12,Vitamina D - Vita D3 + C + Zinco,5.0,299.5
2026-01-12,Vitamina D3,1.0,109.9
2026-01-12,Vitamina D3 + K2,4.0,259.6
2026-01-12,Vitamina D3 + K2 Gotas,4.0,279.6
2026-01-12,Whey,5.0,1449.5
2026-01-12,Whey - Zero Lactose,3.0,659.7
2026-01-12,Whey 3W -  Sachê,1.0,10.9
2026-01-12,Whey Concentrado - 100% Whey,1.0,129.9
2026-01-12,Whey Fort 3W,6.0,1079.4
2026-01-12,Whey Isolado - Iso Triple Zero,6.0,1319.4
2026-01-12,Whey Isolado - Isofort Ultra Imuno,2.0,659.8
2026-01-12,Whey Isolado e Hidrolisado - H.I Whey,1.0,249.9
2026-01-12,Whey Protein - 3W - The Whey,1.0,119.9
2026-01-12,Whey Protein - Isofort Beauty,4.0,559.6
2026-01-12,Whey Protein Concentrado,54.0,9729.6
2026-01-12,Whey Protein Concentrado - Sachê,9.0,110.1
2026-01-12,Whey Protein Isolado,16.0,4968.4
2026-01-12,Whey Protein Isolado - All Natural,1.0,319.9
2026-01-12,Whey Protein Isolado - Isofort,5.0,1549.5
2026-01-12,Whey Protein Isolado - Sachê,15.0,253.5
2026-01-12,Whey Protein Smoothie,2.0,399.8
2026-01-12,Whey Protein Vegetal,1.0,149.9
2026-01-12,Whey Tech 100%,12.0,1678.8
2026-01-12,Whey hidrolisado e isolado,7.0,2169.3
2026-01-12,Whey hidrolisado e isolado Creme Broule 837g TRUE SOURCE,1.0,309.9
2026-01-12,Zinco - Ydrosolv,1.0,89.9
2026-01-12,Ômega - Mega DHA,4.0,719.6
2026-01-12,Ômega 3  - 1360mg,1.0,189.9
2026-01-12,Ômega 3 - 1360mg,4.0,559.6
2026-01-12,Ômega 3 - EPA DHA - 1000mg,7.0,478.3
2026-01-12,Ômega 3 - Ultra Caps 1000mg,1.0,159.9
2026-01-12,Ômega 3 EPA DHA,16.0,1252.4
2026-01-12,Ômega 3 Fosfatix,2.0,339.8
2026-01-12,Ômega 3 Pulse,5.0,649.5
2026-01-12,Ômega 3 Super DHA,1.0,109.9
2026-01-12,Ômega 3 Super DHA BIG,1.0,189.9
2026-01-19,#Whey Protein Concentrado,2.0,219.8
2026-01-19,Achocolatado - Chocoki,1.0,89.9
2026-01-19,Aminoácido - Amino Greens,1.0,209.9
2026-01-19,Aminoácido - Aminovita,1.0,149.9
2026-01-19,Aminoácido N-acetil L-cisteína (NAC),2.0,105.8
2026-01-19,Aminoácidos - Aminnu EAAs - Sem Xilitol,1.0,209.9
2026-01-19,Aminoácidos - Aminolift,1.0,209.9
2026-01-19,BT Nitrato,1.0,149.9
2026-01-19,BT Nitrato 400,1.0,149.9
2026-01-19,Barra Chocolate 70%,1.0,18.89
2026-01-19,Barrinha de Chocolate 70%,1.0,9.9
2026-01-19,Barrinha de Chocolate ao Leite,1.0,9.9
2026-01-19,Barrinha de Proteina - Protein Crisp Bar,1.0,92.9
2026-01-19,Barrinha de Proteína,14.0,729.48
2026-01-19,Barrinha de Proteína - Best Whey Bar,1.0,10.56
2026-01-19,Barrinha de Proteína - Protein Crisp Bar,4.0,286.6
2026-01-19,Barrinha de Proteína - YOPRO,2.0,25.8
2026-01-19,Barrinha de Proteína Thin,1.0,109.9
2026-01-19,Barrinha de Proteína Vegan Radiance Joy,1.0,122.4
2026-01-19,Bebida Vegetal,1.0,59.9
2026-01-19,Best Whey,1.0,199.9
2026-01-19,Beta Alanina,3.0,222.7
2026-01-19,Beta Alanina 100%,2.0,95.8
2026-01-19,Bio Cálcio  60 caps PURAVIDA,2.0,159.8
2026-01-19,Bio Ferro,3.0,128.7
2026-01-19,Bio Vitamina B12 em gotas,1.0,44.9
2026-01-19,Bio Zinco,2.0,73.8
2026-01-19,Biotina Plus,1.0,46.9
2026-01-19,Blend de Chá - Afrodisíaco,1.0,27.9
2026-01-19,Blend de Chá - Detox,1.0,29.9
2026-01-19,Blend de Chá - Energia,1.0,29.9
2026-01-19,Bombom,3.0,27.66
2026-01-19,Booster Energético - Upgrade Energy - TCM,1.0,139.9
2026-01-19,"Boraprim - Borragem, Prímula e Gergelim",1.0,89.9
2026-01-19,Cacao Whey - Sachê,1.0,19.9
2026-01-19,Cafeína - Caffeinex 200,1.0,38.9
2026-01-19,Chá Vitatea,1.0,74.9
2026-01-19,Cocada,1.0,4.9
2026-01-19,Coenzima  Q10 - 100mg,2.0,179.8
2026-01-19,Coenzima Q10,4.0,339.6
2026-01-19,Coenzima Q10  (200mg p/ porção),1.0,219.9
2026-01-19,Coenzima Q10 (200mg p/ porção),5.0,554.5
2026-01-19,Coenzima Q10 + Ômega 3 + Vitamina E,7.0,979.3
2026-01-19,Coenzima Q10 - (100mg p/ porção),3.0,254.7
2026-01-19,Coenzima Q10 - 200mg,1.0,144.9
2026-01-19,Coenzima Q10 100 Mg,1.0,124.9
2026-01-19,Coenzima Q10 200mg,1.0,89.9
2026-01-19,Coenzima Q10+ 200mg,1.0,139.9
2026-01-19,Colágeno - Colagentek,2.0,189.8
2026-01-19,Colágeno - Colagentek II,1.0,104.9
2026-01-19,Colágeno - Colagentek Protein - Bodybalance,2.0,359.8
2026-01-19,Colágeno - Collagen Essential Protein,2.0,479.8
2026-01-19,Colágeno - Collagen Flex + Beauty,1.0,179.9
2026-01-19,Colágeno - Collagen Gut,2.0,389.8
2026-01-19,Colágeno - Collagen Joint,1.0,197.9
2026-01-19,Colágeno - Collagen Protein Hidrolisado,1.0,179.9
2026-01-19,Colágeno - Collagen Protein Hidrolisado Berries Silvestres 450g PURAVIDA,2.0,359.8
2026-01-19,Colágeno - Collagen Renew Hidrolisado,4.0,359.6
2026-01-19,Colágeno - Collagen Tipo II 40mg,3.0,269.7
2026-01-19,Colágeno - Collcreatine,1.0,189.9
2026-01-19,Colágeno - Multi Collagen,2.0,459.8
2026-01-19,Colágeno Collagen Skin,1.0,194.9
2026-01-19,Colágeno Hidrolisado - Collagen Pro 18g,6.0,899.4
2026-01-19,Colágeno Tipo 1 e 2 - Collagen 2 Joint,1.0,194.9
2026-01-19,Cranberry - She She Comfort,1.0,69.9
2026-01-19,Creatina - Creafort (Creapure),6.0,1079.4
2026-01-19,Creatina - Gummy,1.0,144.9
2026-01-19,Creatina 100%,3.0,249.7
2026-01-19,Creatina 100% Pure,1.0,109.9
2026-01-19,Creatina Monohidratada,26.0,2007.4
2026-01-19,Creatina Monohidratada (Creapure),4.0,759.6
2026-01-19,Creatina Monohidratada -  Crealift (Creapure),1.0,269.9
2026-01-19,Creatina Monohidratada - Creatine,4.0,359.6
2026-01-19,Creatina Monohidratada em Gummy,2.0,219.8
2026-01-19,Creatina Premium - Creapure,1.0,229.9
2026-01-19,Creatine Action - Gummy,2.0,239.8
2026-01-19,Cromo Picolinato - 250mg,1.0,27.9
2026-01-19,Cúrcuma Plus,8.0,559.2
2026-01-19,Dado de creatina,2.0,259.8
2026-01-19,Eletrólitos,1.0,6.9
2026-01-19,Energy Gel - Endurance,2.0,13.8
2026-01-19,Enzimas Enzyfor,1.0,149.9
2026-01-19,Expresso Whey - Sachê,1.0,19.9
2026-01-19,Extrato de Laranja Moro 400mg,1.0,99.9
2026-01-19,Fe - Complex,2.0,139.8
2026-01-19,Feno Grego,3.0,209.7
2026-01-19,Ferro - Ydrosolv,4.0,399.6
2026-01-19,Ferro Plus,2.0,59.8
2026-01-19,Ferro Quelado 34mg,1.0,29.9
2026-01-19,Ferro Quelato + Vitamina C,2.0,93.8
2026-01-19,Fibras - Fiberfor,1.0,99.9
2026-01-19,Fresh Whey,13.0,2418.7
2026-01-19,FreshWhey - Sachê,5.0,79.5
2026-01-19,Gel Neutro Fresh com Cafeína,1.0,12.73
2026-01-19,Gel Nitrato,2.0,21.8
2026-01-19,Gel Nitrato c/ Cafeína,1.0,10.9
2026-01-19,Glutamina,5.0,336.5
2026-01-19,Glutamina - Glutamax,2.0,99.8
2026-01-19,Glutamina - Glutamax Refil,1.0,129.9
2026-01-19,Gold Whey Concentrado Refil,2.0,319.8
2026-01-19,Granola,2.0,65.8
2026-01-19,Granola - Zero Açúcar,1.0,32.9
2026-01-19,Grassfed Whey Protein,1.0,179.9
2026-01-19,Isofort Plant (Life Vegan),1.0,119.9
2026-01-19,Livestrong,1.0,299.9
2026-01-19,Magnésio,5.0,224.5
2026-01-19,Magnésio + Inositol Relief 1.0,1.0,159.9
2026-01-19,Magnésio - Inositol Relief 3.0,11.0,1923.9
2026-01-19,Magnésio Inositol Relax,1.0,273.78
2026-01-19,Magnésio Plus - 350mg,2.0,149.8
2026-01-19,Magnésio Plus 900mg,3.0,284.7
2026-01-19,Magnésio Quelato - Bio Mag,5.0,374.5
2026-01-19,Melatonina - Gummy,1.0,51.37
2026-01-19,Melatonina - Sleepfor,3.0,239.7
2026-01-19,Melatonina - Ydrosolv,2.0,169.8
2026-01-19,Melatonina Duo,2.0,139.8
2026-01-19,Melatonina Duo Harmony,1.0,129.9
2026-01-19,Metilfolato,1.0,48.9
2026-01-19,Morning Shot - Imunidade,3.0,314.7
2026-01-19,Multivitaminico  - Imunomult- 1000mg,3.0,404.7
2026-01-19,Multivitaminico - Imunomult- 1000mg,2.0,199.8
2026-01-19,Multivitamínico - Vitalift,1.0,189.9
2026-01-19,Multivitamínicos - Gummy,1.0,64.9
2026-01-19,NAC,1.0,53.81
2026-01-19,NAC + Glycine + Taurine,3.0,269.7
2026-01-19,Omegafor Family - Ômega 3,2.0,239.8
2026-01-19,Omegafor Plus,11.0,1636.9
2026-01-19,Palatinose,3.0,204.7
2026-01-19,Palatinose 100% - Carbolift,3.0,449.7
2026-01-19,Poteína Vegetal,1.0,113.56
2026-01-19,Prebiótico - Fiber Liv,1.0,79.9
2026-01-19,Probiótico - Simfort Plus,9.0,879.1
2026-01-19,Probióticos em Pó - Simfort,3.0,284.7
2026-01-19,Proteina Vegetal - True Vegan,1.0,194.9
2026-01-19,Proteína - Isocrisp Plant Pouch,2.0,139.8
2026-01-19,Proteína Isolada e Hidrolisada - Body Protein,4.0,879.6
2026-01-19,Proteína Isolada e Hidrolisada - Body Protein Red,3.0,659.7
2026-01-19,Proteína Vegana - Veggie Protein,2.0,419.8
2026-01-19,Pré-treino - Energyzer & focus,1.0,124.9
2026-01-19,Própolis Líquido - Gotas,1.0,49.9
2026-01-19,Própolis Verde - Alcoólico,1.0,29.9
2026-01-19,Própolis Verde - Propomax,2.0,59.8
2026-01-19,Psyllium,2.0,119.8
2026-01-19,Puro Açaí,1.0,166.9
2026-01-19,Refil 100% Whey - Tasty Iso,1.0,499.9
2026-01-19,Refil Whey 100% Pure,1.0,139.9
2026-01-19,Refil Whey Concentrado - W100,3.0,389.7
2026-01-19,Refil Whey Protein - 3W,4.0,699.6
2026-01-19,Refil Whey Protein Concentrado,2.0,539.8
2026-01-19,Resveratrol Plus - 165mg,2.0,219.8
2026-01-19,Simfort fibras,2.0,129.8
2026-01-19,Snack Proteico,4.0,43.16
2026-01-19,Super Ômega 3,7.0,1359.3
2026-01-19,SuperCoffee,9.0,1439.1
2026-01-19,SuperCoffee Língua de gato - Kopenhagen,8.0,1399.2
2026-01-19,Suplemento - Hyaluronic Hair,2.0,149.8
2026-01-19,Suplemento Alimentar  - Hepatofor,1.0,99.9
2026-01-19,"Suplemento Alimentar - Cabelo, Pele e Unha - Gomas",2.0,169.8
2026-01-19,"Suplemento Alimentar - Cabelo, Unha e Pele - Supreme Beauty",1.0,149.9
2026-01-19,Suplemento Alimentar - GUARDIAN®,1.0,209.9
2026-01-19,Suplemento Alimentar - L-teanina - Happy Theanine,2.0,299.8
2026-01-19,Suplemento de Magnésio - Blue Calm,1.0,109.9
2026-01-19,Tablete de Doce,3.0,14.7
2026-01-19,Tasty Whey 3W Gourmet,2.0,389.8
2026-01-19,True Almonds Protein,1.0,19.9
2026-01-19,True Cúrcuma com Ômega,1.0,124.9
2026-01-19,Vanilla Whey - Sachê,2.0,39.8
2026-01-19,Vinagre de maçã em Gummy,1.0,94.9
2026-01-19,Vitamina - Good Mood,2.0,119.8
2026-01-19,Vitamina B12,8.0,341.2
2026-01-19,Vitamina C,1.0,64.9
2026-01-19,Vitamina C - Bio Vit C+,4.0,219.6
2026-01-19,Vitamina D - Vita D3,11.0,585.9
2026-01-19,Vitamina D - Vita D3 + C + Zinco,3.0,179.7
2026-01-19,Vitamina D3,1.0,53.9
2026-01-19,Vitamina D3 + K2,4.0,269.6
2026-01-19,Vitamina D3 + K2 Gotas,1.0,69.9
2026-01-19,Vitamina D3 - Ydrosolv,1.0,79.9
2026-01-19,Vitamina D3 Synergy,1.0,59.9
2026-01-19,"Vitaminas A, E, D e K2- RESTAURE® - Gotas",3.0,464.7
2026-01-19,W100 Whey Concentrado Havanna - Sachê,2.0,25.8
2026-01-19,Whey,9.0,2749.1
2026-01-19,Whey 3W -  Sachê,3.0,32.7
2026-01-19,Whey Concentrado - 100% Whey,1.0,129.9
2026-01-19,Whey Fort 3W,3.0,539.7
2026-01-19,Whey Isolado - Iso Triple Zero,1.0,219.9
2026-01-19,Whey Isolado e Hidrolisado - H.I Whey,1.0,249.9
2026-01-19,Whey Protein - Isofort Beauty,5.0,699.5
2026-01-19,Whey Protein 3W,1.0,239.9
2026-01-19,Whey Protein Concentrado,25.0,4517.5
2026-01-19,Whey Protein Concentrado - Sachê,7.0,82.3
2026-01-19,Whey Protein Crisp - Isocrisp,1.0,49.9
2026-01-19,Whey Protein ISO 100 Hydrolyzed,1.0,899.9
2026-01-19,Whey Protein Isolado,11.0,3368.9
2026-01-19,Whey Protein Isolado - Isofort,4.0,1239.6
2026-01-19,Whey Protein Isolado - Sachê,14.0,236.6
2026-01-19,Whey Protein Isolado - Tasty Iso,1.0,289.9
2026-01-19,Whey Protein Vegetal,1.0,149.9
2026-01-19,Whey Tech 100%,11.0,1538.9
2026-01-19,Whey hidrolisado e isolado,3.0,929.7
2026-01-19,Ômega -  Mega DHA,3.0,299.7
2026-01-19,Ômega - DHA 1000,1.0,129.98
2026-01-19,Ômega 3,1.0,79.9
2026-01-19,Ômega 3  - 1360mg,1.0,189.9
2026-01-19,Ômega 3 - 1360mg,4.0,559.6
2026-01-19,Ômega 3 - EPA DHA - 1000mg,11.0,719.9
2026-01-19,Ômega 3 - Fish Oil,1.0,112.65
2026-01-19,Ômega 3 - Omegafor Memory,1.0,104.9
2026-01-19,Ômega 3 - Ultra Caps 1000mg,1.0,159.9
2026-01-19,Ômega 3 DHA,1.0,139.9
2026-01-19,Ômega 3 EPA DHA,14.0,1312.6
2026-01-19,Ômega 3 Fosfatix,1.0,169.9
2026-01-19,Ômega 3 IFOS - 660 EPA/ 440 DHA,1.0,179.9
2026-01-19,Ômega 3 Pulse,4.0,519.6
2026-01-19,Ômega 3 Super DHA,3.0,329.7
2026-01-19,Ômega Core,2.0,439.8
2026-01-26,100% Whey True Protein,1.0,209.9
2026-01-26,Achocolatado - Chocoki,1.0,89.9
2026-01-26,Aminoácido - Aminovita,1.0,149.9
2026-01-26,Aminoácidos - Aminnu EAAs - Sem Xilitol,1.0,209.9
2026-01-26,Aminoácidos - Aminolift,2.0,419.8
2026-01-26,BT Nitrato 400,2.0,299.8
2026-01-26,Barra Double,2.0,11.86
2026-01-26,Barrinha - Body Protein,4.0,43.6
2026-01-26,Barrinha de Proteína,8.0,247.2
2026-01-26,Barrinha de Proteína - Protein Crisp Bar,2.0,15.8
2026-01-26,Barrinha de Proteína - YOPRO,1.0,12.9
2026-01-26,Barrinha de Proteína ChocoWheyfer,1.0,94.9
2026-01-26,Barrinha de Proteína Whey Grego - Havanna,1.0,96.9
2026-01-26,Bebida Vegetal em Pó - Vegan Delight,1.0,99.9
2026-01-26,Beef Protein,3.0,689.7
2026-01-26,Best Whey,1.0,199.9
2026-01-26,Beta Alanina,4.0,251.6
2026-01-26,Beta Alanina 100%,1.0,47.9
2026-01-26,Bio Ferro,4.0,171.6
2026-01-26,Bio Vitamina B12 em gotas,2.0,89.8
2026-01-26,Bio Zinco,2.0,73.8
2026-01-26,Biotina Plus,1.0,46.9
2026-01-26,Blend de Chá - Digestivo,2.0,55.8
2026-01-26,Bombom,2.0,18.28
2026-01-26,Booster Energético - Upgrade Energy - TCM,1.0,139.9
2026-01-26,"Boraprim - Borragem, Prímula e Gergelim",2.0,179.8
2026-01-26,Cacao Whey - Sachê,4.0,79.6
2026-01-26,Chocolate ao Leite - Marshmallow,2.0,19.8
2026-01-26,Cocada,2.0,9.8
2026-01-26,Coenzima Q10,1.0,84.9
2026-01-26,Coenzima Q10  (200mg p/ porção),2.0,439.8
2026-01-26,Coenzima Q10 (200mg p/ porção),4.0,499.6
2026-01-26,Coenzima Q10 + Ômega 3 + Vitamina E,1.0,139.9
2026-01-26,Coenzima Q10 - 100mg,1.0,109.9
2026-01-26,Coenzima Q10 - 200mg,1.0,144.9
2026-01-26,Coenzima Q10 200mg,1.0,89.9
2026-01-26,Coffee - Brainstorm,1.0,124.9
2026-01-26,Collagen Protein,1.0,239.9
2026-01-26,Collagen Protein BodyBalance,1.0,166.9
2026-01-26,Colágeno - Colagentek,3.0,284.7
2026-01-26,Colágeno - Colagentek II,5.0,614.5
2026-01-26,Colágeno - Colagentek Protein - Bodybalance,7.0,1259.3
2026-01-26,Colágeno - Collagen Derm,1.0,170.1
2026-01-26,Colágeno - Collagen Essential Protein,1.0,239.9
2026-01-26,Colágeno - Collagen Gut,3.0,584.7
2026-01-26,Colágeno - Collagen Joint,1.0,197.9
2026-01-26,Colágeno - Collagen Pro - Body Suport,3.0,629.7
2026-01-26,Colágeno - Collagen Renew Hidrolisado,3.0,269.7
2026-01-26,Colágeno - Collagen Tipo II 40mg,3.0,269.7
2026-01-26,Colágeno - Multi Collagen,1.0,229.9
2026-01-26,Colágeno Collagen Flex Beauty,1.0,174.9
2026-01-26,Colágeno Hidrolisado - Collagen Pro 18g,8.0,1199.2
2026-01-26,Colágeno Tipo II,1.0,69.9
2026-01-26,Colágeno Tipo II - Artro Aid,2.0,199.8
2026-01-26,Complexo B - Bio Vit.B+,1.0,44.9
2026-01-26,Complexo B - Vit B Complex,1.0,119.85
2026-01-26,Complexo B 500mg,1.0,44.9
2026-01-26,Creatina,1.0,44.9
2026-01-26,Creatina - Creafort (Creapure),13.0,2258.7
2026-01-26,Creatina - Gummy,3.0,434.7
2026-01-26,Creatina 100%,1.0,94.9
2026-01-26,Creatina 100% Pure,2.0,219.8
2026-01-26,Creatina Monohidratada,39.0,3156.1
2026-01-26,Creatina Monohidratada (Creapure),7.0,1339.3
2026-01-26,Creatina Monohidratada - Creatine,9.0,809.1
2026-01-26,Cúrcuma,1.0,79.9
2026-01-26,Cúrcuma 500mg,3.0,284.7
2026-01-26,Cúrcuma Plus,6.0,419.4
2026-01-26,D-Ribose,2.0,149.66
2026-01-26,Eletrólitos,15.0,543.5
2026-01-26,Energy Gel - Endurance,7.0,48.3
2026-01-26,Energy Kick - Sachê,1.0,8.9
2026-01-26,Energy Kick com Cafeína - Sachê,2.0,17.8
2026-01-26,Expresso Whey - Sachê,3.0,59.7
2026-01-26,Extrato de Laranja Moro 400mg,1.0,99.9
2026-01-26,Fe - Complex,1.0,69.9
2026-01-26,Feno Grego,3.0,209.7
2026-01-26,Ferro Quelato + Vitamina C,5.0,234.5
2026-01-26,Fresh Vegan,2.0,339.8
2026-01-26,Fresh Whey,9.0,1859.1
2026-01-26,FreshWhey - Sachê,3.0,47.7
2026-01-26,Gel Nitrato,5.0,54.5
2026-01-26,Glutamina,6.0,403.4
2026-01-26,Glutamina - Glutamax,4.0,319.6
2026-01-26,Glutamina em Pó,2.0,214.8
2026-01-26,Gold Whey Concentrado Refil,8.0,1279.2
2026-01-26,Grassfed Whey Protein - Concentrado,1.0,249.9
2026-01-26,Hipercalórico - Creamass,1.0,99.9
2026-01-26,Isofort Plant (Life Vegan),3.0,359.7
2026-01-26,Livestrong,2.0,617.8
2026-01-26,Maca Peruana,3.0,128.7
2026-01-26,Magnésio,4.0,179.6
2026-01-26,Magnésio - Inositol Relief 3.0,6.0,1049.4
2026-01-26,Magnésio Inositol,3.0,509.7
2026-01-26,Magnésio Inositol Relax,1.0,273.9
2026-01-26,Magnésio Plus 900mg,3.0,284.7
2026-01-26,Melatonina - Sleepfor,2.0,159.8
2026-01-26,Melatonina Duo,2.0,139.8
2026-01-26,Melatonina Fast,2.0,69.8
2026-01-26,Morning Shot - Imunidade,7.0,734.3
2026-01-26,Multivitaminico  - Imunomult- 1000mg,4.0,539.6
2026-01-26,Multivitamínicos - Gummy,1.0,64.9
2026-01-26,NAC,3.0,161.43
2026-01-26,NAC PRO,1.0,69.9
2026-01-26,Omegafor Plus,26.0,4278.4
2026-01-26,Palatinose,2.0,134.8
2026-01-26,Palatinose 100% - Carbolift,1.0,99.9
2026-01-26,Paçoquinha,2.0,9.8
2026-01-26,Pre-Workout - DiaboVerde,1.0,94.9
2026-01-26,Prebiótico,1.0,84.9
2026-01-26,Probiótico - Simcaps,2.0,149.8
2026-01-26,Probiótico - Simfort Plus,9.0,1079.1
2026-01-26,Proteina Vegetal,1.0,159.9
2026-01-26,Proteina Vegetal - True Vegan,2.0,389.8
2026-01-26,Proteína Isolada e Hidrolisada - Body Protein,4.0,879.6
2026-01-26,Proteína Isolada e Hidrolisada - Body Protein Red,2.0,439.8
2026-01-26,Proteína Vegana - Immuno Veggie,1.0,254.9
2026-01-26,Pré-Treino,4.0,458.6
2026-01-26,Pré-Treino - V Fort Ultra,1.0,129.9
2026-01-26,Pré-treino,1.0,199.9
2026-01-26,Pré-treino - Energyzer & focus,2.0,249.8
2026-01-26,Própolis Líquido - Gotas,1.0,49.9
2026-01-26,Própolis Verde,1.0,45.9
2026-01-26,Própolis Verde - Premium 10mg,2.0,139.8
2026-01-26,Própolis Verde - Propomax,2.0,59.8
2026-01-26,Psyllium,7.0,359.3
2026-01-26,Pós-treino - Recharge 4:1,1.0,130.09
2026-01-26,Refil 100% Whey Protein - Flavour,1.0,119.9
2026-01-26,Refil Whey 100% Pure,1.0,139.9
2026-01-26,Refil Whey Concentrado - W100,2.0,259.8
2026-01-26,Refil Whey Concentrado Havanna - W100,1.0,139.9
2026-01-26,Refil Whey Protein - 3W,2.0,239.8
2026-01-26,Resveratrol - Resveramax,1.0,179.9
2026-01-26,Resveratrol Plus - 165mg,1.0,109.9
2026-01-26,Shot Matinal,3.0,239.7
2026-01-26,Shot Noturno - Melatonina,1.0,106.59
2026-01-26,Simfort Ultra,1.0,154.9
2026-01-26,Simfort fibras,2.0,129.8
2026-01-26,Sleep,5.0,814.5
2026-01-26,Sleepfor,1.0,55.98
2026-01-26,Snack Proteico,7.0,76.3
2026-01-26,Super Café - Desincoffee,2.0,209.8
2026-01-26,Super Ômega 3,12.0,2188.8
2026-01-26,SuperCoffee,19.0,2708.1
2026-01-26,SuperCoffee Língua de gato - Kopenhagen,9.0,1574.1
2026-01-26,Suplemento - Hyaluronic Hair,2.0,149.8
2026-01-26,Suplemento Alimentar - Alpha Inflaminus,5.0,724.5
2026-01-26,Suplemento Alimentar - Alpha Men,1.0,169.9
2026-01-26,"Suplemento Alimentar - Cabelo, Pele e Unha - Gomas",1.0,84.9
2026-01-26,Suplemento Alimentar - GUARDIAN®,2.0,419.8
2026-01-26,Suplemento Alimentar - Green Shot,1.0,84.9
2026-01-26,Suplemento Alimentar - Slim Body 400mg,1.0,89.9
2026-01-26,Suplemento Alimentar - Slim Shape,2.0,139.8
2026-01-26,Suplemento Alimentar - True Nac,1.0,69.9
2026-01-26,Suplemento Vitamínico - ZMA,1.0,59.9
2026-01-26,Suplemento de Magnésio - Blue Calm,2.0,269.8
2026-01-26,Suplemento para Imunidade - Immune Up 100%,1.0,119.9
2026-01-26,Suplemento para Imunidade - Immunity Guard,1.0,99.9
2026-01-26,Tablete de Doce,5.0,24.5
2026-01-26,Tasty Whey 3W Gourmet,8.0,1544.2
2026-01-26,Termogênico - Lipix6,1.0,114.9
2026-01-26,Termogênico - Termo Plus,3.0,389.7
2026-01-26,Tortinha Proteica,2.0,23.8
2026-01-26,Ultracoffee - Vegano,1.0,109.9
2026-01-26,Vanilla Whey - Sachê,2.0,39.8
2026-01-26,Vinagre de Maçã Orgânico,1.0,24.01
2026-01-26,Vitamina B12,4.0,148.6
2026-01-26,Vitamina C3 - 1000mg,1.0,54.9
2026-01-26,Vitamina D - Vita D3,5.0,268.5
2026-01-26,Vitamina D - Vita D3 + C + Zinco,3.0,179.7
2026-01-26,Vitamina D3,1.0,53.9
2026-01-26,Vitamina D3 + K2,4.0,274.6
2026-01-26,Vitamina D3 + K2 Gotas,2.0,139.8
2026-01-26,Vitamina D3 - 2000 Ui,3.0,110.7
2026-01-26,Vitamina D3 Synergy,3.0,179.7
2026-01-26,W100 Whey Concentrado Havanna - Sachê,1.0,12.9
2026-01-26,Whey,9.0,2749.1
2026-01-26,Whey - Immuno Golden,1.0,249.9
2026-01-26,Whey 3W,1.0,164.9
2026-01-26,Whey 3W -  Sachê,7.0,76.3
2026-01-26,Whey Concentrado - 100% Whey,1.0,129.9
2026-01-26,Whey Fort 3W,5.0,899.5
2026-01-26,Whey Isolado - Iso Triple Zero,4.0,879.6
2026-01-26,Whey Isolado - Isofort Ultra Imuno,2.0,659.8
2026-01-26,Whey Protein Concentrado,40.0,7216.0
2026-01-26,Whey Protein Concentrado - Sachê,5.0,54.5
2026-01-26,Whey Protein Concentrado Cappuccino 900g DUX,3.0,539.7
2026-01-26,Whey Protein Isolado,16.0,4977.5
2026-01-26,Whey Protein Isolado - Isofort,4.0,1239.6
2026-01-26,Whey Protein Isolado - Sachê,15.0,253.5
2026-01-26,Whey Protein Isolado - Tasty Iso,2.0,579.8
2026-01-26,Whey Protein Smoothie Energy,1.0,199.9
2026-01-26,Whey Tech 100%,13.0,1818.7
2026-01-26,Whey hidrolisado e isolado,3.0,929.7
2026-01-26,Ômega -  Mega DHA,1.0,99.9
2026-01-26,Ômega 3,2.0,159.8
2026-01-26,Ômega 3  - 1360mg,5.0,949.5
2026-01-26,Ômega 3 - 1360mg,5.0,699.5
2026-01-26,Ômega 3 - EPA DHA - 1000mg,2.0,135.8
2026-01-26,Ômega 3 - Omegafor Memory,3.0,314.7
2026-01-26,Ômega 3 - Ultra Caps 1000mg,3.0,479.7
2026-01-26,Ômega 3 EPA DHA,17.0,1544.3
2026-01-26,Ômega 3 Pulse,9.0,1169.1
2026-01-26,Ômega 3 Super DHA,1.0,109.9
2026-02-02,#Whey Fort 3W,2.0,359.8
2026-02-02,100% Whey Pure,1.0,144.9
2026-02-02,Achocolatado - Chocoki,2.0,179.8
2026-02-02,Aminoácido - Amino Greens,2.0,419.8
2026-02-02,Aminoácido - Aminovita,5.0,724.5
2026-02-02,Aminoácido - BCAA - Glyco HD,1.0,29.9
2026-02-02,Aminoácidos - Aminnu EAAs - Sem Xilitol,1.0,209.9
2026-02-02,Barrinha de Proteína,6.0,83.4
2026-02-02,Barrinha de Proteína - Protein Crisp Bar,3.0,23.7
2026-02-02,Barrinha de Proteína Choco Wheyfer,1.0,84.9
2026-02-02,Barrinha de Proteína Thin,1.0,109.9
2026-02-02,Barrinha de Proteína Vegan Radiance Joy,1.0,139.9
2026-02-02,Bebida Proteica - Natural Whey 100% Whey - 15g,1.0,10.49
2026-02-02,Bebida Proteica - Natural Whey 100% Whey -15g,1.0,10.49
2026-02-02,Bebida Proteica - Natural Whey 14g,10.0,76.9
2026-02-02,Beef Protein,1.0,229.9
2026-02-02,Best Whey,2.0,399.8
2026-02-02,Beta Alanina,2.0,125.8
2026-02-02,Bio Cálcio  60 caps PURAVIDA,1.0,79.9
2026-02-02,Bio Ferro,4.0,171.6
2026-02-02,Bio Vitamina B12 em gotas,1.0,44.9
2026-02-02,Bio Zinco,1.0,36.9
2026-02-02,Biotina Plus,1.0,46.9
2026-02-02,Biscoito Proteico - Sublime,5.0,63.46
2026-02-02,Blend de Chá - Afrodisíaco,1.0,27.9
2026-02-02,Blend de Chá - Digestivo,1.0,27.9
2026-02-02,Blend de Chá - Xô TPM,1.0,27.9
2026-02-02,BodyBalance - Muscle Synergy,1.0,244.9
2026-02-02,"Boraprim - Borragem, Prímula e Gergelim",3.0,269.7
2026-02-02,Cacao Whey - Sachê,1.0,19.9
2026-02-02,Cappuccino Whey - Sachê,2.0,39.8
2026-02-02,Chocolate 66% Cacau,1.0,27.9
2026-02-02,Chá Sublime - Brisa,1.0,6.9
2026-02-02,Coenzima Q10  (200mg p/ porção),2.0,439.8
2026-02-02,Coenzima Q10 (200mg p/ porção),4.0,464.6
2026-02-02,Coenzima Q10 + Ômega 3 + Vitamina E,2.0,279.8
2026-02-02,Colágeno - Colagentek,1.0,94.9
2026-02-02,Colágeno - Colagentek Beauty,1.0,124.9
2026-02-02,Colágeno - Colagentek II,4.0,464.6
2026-02-02,Colágeno - Colagentek Protein - Bodybalance,7.0,1259.3
2026-02-02,Colágeno - Collagen Bones,1.0,199.9
2026-02-02,Colágeno - Collagen Gut,1.0,194.9
2026-02-02,Colágeno - Collagen Protein Hidrolisado,1.0,179.9
2026-02-02,Colágeno - Collagen Protein Hidrolisado Berries Silvestres 450g PURAVIDA,2.0,359.8
2026-02-02,Colágeno - Collagen Renew Hidrolisado,3.0,269.7
2026-02-02,Colágeno - Collagen Tipo II 40mg,1.0,89.9
2026-02-02,Colágeno - Collpure®,2.0,325.8
2026-02-02,Colágeno Collagen Flex Beauty,1.0,174.9
2026-02-02,Colágeno Collagen Resilience,1.0,209.9
2026-02-02,Colágeno Hidrolisado - Collagen Pro 18g,6.0,899.4
2026-02-02,Colágeno tipo 2 - Colagentek II,2.0,209.8
2026-02-02,Creatina,1.0,59.9
2026-02-02,Creatina - Creafort (Creapure),8.0,1439.2
2026-02-02,Creatina - Gummy,2.0,289.8
2026-02-02,Creatina 100%,6.0,394.4
2026-02-02,Creatina Monohidratada,31.0,2496.9
2026-02-02,Creatina Monohidratada (Creapure),1.0,194.9
2026-02-02,Creatina Monohidratada -  Crealift (Creapure),2.0,539.8
2026-02-02,Creatina Monohidratada - Creatine,6.0,539.4
2026-02-02,Creatina Premium - Creapure,1.0,229.9
2026-02-02,Cálcio de Algas 1000mg,2.0,129.8
2026-02-02,Cúrcuma 500mg,1.0,94.9
2026-02-02,Cúrcuma Plus,4.0,279.6
2026-02-02,Eletrólitos,13.0,441.7
2026-02-02,Expresso Whey - Sachê,1.0,19.9
2026-02-02,Extrato de Laranja Moro 400mg,2.0,199.8
2026-02-02,Ferro - Ydrosolv,1.0,99.9
2026-02-02,Ferro Plus,2.0,59.8
2026-02-02,Ferro Quelato + Vitamina C,1.0,46.9
2026-02-02,Fibras - Fiberlift,1.0,139.9
2026-02-02,Fresh Vegan,1.0,169.9
2026-02-02,Fresh Vegan - Sachê,7.0,97.3
2026-02-02,Fresh Whey,10.0,1969.0
2026-02-02,FreshWhey - Sachê,5.0,84.5
2026-02-02,Glutamina,2.0,149.8
2026-02-02,Glutamina - Glutamax,2.0,139.8
2026-02-02,Gold Whey Concentrado Refil,1.0,159.9
2026-02-02,Granola - Zero Açúcar,3.0,98.7
2026-02-02,Immuno Whey,1.0,239.9
2026-02-02,Isofort Plant (Life Vegan),2.0,239.8
2026-02-02,Laranja Moro - Moroskinny,1.0,104.9
2026-02-02,Livestrong,2.0,617.8
2026-02-02,Luteína + Zeaxantina,1.0,59.59
2026-02-02,MCT LIFT,2.0,239.8
2026-02-02,Maca Peruana Preta - Macapure,1.0,179.9
2026-02-02,Magnésio,3.0,134.7
2026-02-02,Magnésio - Inositol Relief 3.0,4.0,699.6
2026-02-02,Magnésio Inositol,4.0,649.6
2026-02-02,Magnésio Inositol Relax,1.0,273.9
2026-02-02,Magnésio Plus 900mg,7.0,664.3
2026-02-02,Magnésio Quelato - Bio Mag,1.0,74.9
2026-02-02,Melatonina - Sleepfor,1.0,79.9
2026-02-02,Melatonina - Ydrosolv,1.0,84.9
2026-02-02,Melatonina em Gummy,1.0,119.9
2026-02-02,Morning Shot - Imunidade,5.0,524.5
2026-02-02,Multivitaminico  - Imunomult- 1000mg,1.0,134.9
2026-02-02,Multivitamínico - Vitalift,1.0,189.9
2026-02-02,Multivitamínicos - Gummy,2.0,129.8
2026-02-02,N-Acetil Cisteína (NAC),1.0,89.9
2026-02-02,NAC,1.0,53.9
2026-02-02,NAC + Glycine + Taurine,3.0,269.7
2026-02-02,Omegafor Plus,25.0,4074.5
2026-02-02,Prebiótico,2.0,169.8
2026-02-02,Prebiótico - Fiber Liv,3.0,239.7
2026-02-02,Probiótico - Simcaps,2.0,124.8
2026-02-02,Probiótico - Simfort Plus,7.0,689.3
2026-02-02,Probióticos,1.0,66.9
2026-02-02,Probióticos em Pó - Simfort,2.0,274.8
2026-02-02,Proteína - Isocrisp Plant Pouch,1.0,69.9
2026-02-02,Proteína Isolada e Hidrolisada - Body Protein,2.0,439.8
2026-02-02,Proteína Isolada e Hidrolisada - Body Protein Red,3.0,659.7
2026-02-02,Proteína Vegana - Veggie Protein,1.0,254.9
2026-02-02,Pré-Treino,4.0,473.6
2026-02-02,Pré-Treino - V Fort Ultra,1.0,129.9
2026-02-02,Pré-treino - Energy Kick,1.0,129.9
2026-02-02,Próbiotico - Purabiotics,3.0,269.7
2026-02-02,Própolis Alcoólico,1.0,29.9
2026-02-02,Própolis Verde - Premium 10mg,1.0,69.9
2026-02-02,Psyllium,6.0,319.4
2026-02-02,Pós-treino - Recharge 4:1,2.0,289.8
2026-02-02,Refil Whey 100% Pure,2.0,279.8
2026-02-02,Refil Whey Concentrado - W100,3.0,389.7
2026-02-02,Refil Whey Protein Concentrado,2.0,299.8
2026-02-02,Resveratrol 500mg,2.0,159.8
2026-02-02,Sachê de Óleo De Coco,1.0,3.9
2026-02-02,Simfort Femme,1.0,99.9
2026-02-02,Simfort Ultra,1.0,154.9
2026-02-02,Simfort fibras,2.0,129.8
2026-02-02,Sleep,1.0,174.9
2026-02-02,Snack Proteico,6.0,65.4
2026-02-02,Super Ômega 3,12.0,2308.8
2026-02-02,SuperCoffee,12.0,1848.8
2026-02-02,SuperCoffee Língua de gato - Kopenhagen,7.0,1224.3
2026-02-02,Suplemento Alimentar - Alpha Men,1.0,169.9
2026-02-02,Suplemento Alimentar - Geleia Real - Apireal,1.0,42.9
2026-02-02,Suplemento Alimentar - Green Shot,1.0,84.9
2026-02-02,Suplemento Alimentar - LEVSENSI,1.0,184.03
2026-02-02,Suplemento de Magnésio - Blue Calm,3.0,329.7
2026-02-02,Tasty Whey 3W Gourmet,4.0,809.6
2026-02-02,Trio Magnésio 720mg,7.0,454.3
2026-02-02,V-Coffee Energy Boost,1.0,95.9
2026-02-02,Veggie Protein - Sachê,1.0,19.9
2026-02-02,Vitamina - Good Mood,1.0,59.9
2026-02-02,Vitamina B12,7.0,256.3
2026-02-02,Vitamina C,1.0,17.85
2026-02-02,Vitamina C + Zinco - Gomas,1.0,64.9
2026-02-02,Vitamina C - Bio Vit C+,1.0,54.9
2026-02-02,Vitamina D - Vita D3,5.0,268.5
2026-02-02,Vitamina D - Vita D3 + C + Zinco,3.0,145.7
2026-02-02,Vitamina D3 + K2,5.0,344.5
2026-02-02,Vitamina D3 + K2 Gotas,3.0,209.7
2026-02-02,Vitamina D3 - Ydrosolv - Spray,1.0,76.5
2026-02-02,Vitamina D3 Synergy,1.0,59.9
2026-02-02,"Vitaminas A, E, D e K2- RESTAURE® - Gotas",4.0,619.6
2026-02-02,W100 Whey Concentrado Havanna - Sachê,1.0,12.9
2026-02-02,Whey,6.0,1799.4
2026-02-02,Whey - Zero Lactose,4.0,879.6
2026-02-02,Whey Fort 3W,7.0,1499.3
2026-02-02,Whey Isolado - Isofort Ultra Imuno,2.0,679.8
2026-02-02,Whey Protein - 3W - The Whey,1.0,119.9
2026-02-02,Whey Protein - Isofort Beauty,1.0,139.9
2026-02-02,Whey Protein Concentrado,39.0,7256.1
2026-02-02,Whey Protein Concentrado - Sachê,10.0,128.7
2026-02-02,Whey Protein Concentrado Cappuccino 900g DUX,2.0,359.8
2026-02-02,Whey Protein Crisp - Isocrisp,2.0,99.8
2026-02-02,Whey Protein Hidrolisado,1.0,369.9
2026-02-02,Whey Protein ISO 100 Hydrolyzed,1.0,369.9
2026-02-02,Whey Protein Isolado,13.0,4058.7
2026-02-02,Whey Protein Isolado - Isofort,5.0,1559.5
2026-02-02,Whey Protein Isolado - Sachê,6.0,101.4
2026-02-02,Whey Protein Isolado - Tasty Iso,2.0,579.8
2026-02-02,Whey Protein Smoothie Energy,1.0,199.9
2026-02-02,Whey Tech 100%,14.0,1958.6
2026-02-02,Whey hidrolisado e isolado,1.0,309.9
2026-02-02,Zinco - Ydrosolv,1.0,89.9
2026-02-02,Ômega -  Mega DHA,1.0,99.9
2026-02-02,Ômega - Mega DHA,2.0,359.8
2026-02-02,Ômega 3,3.0,439.7
2026-02-02,Ômega 3  - 1360mg,4.0,759.6
2026-02-02,Ômega 3 - EPA DHA - 1000mg,7.0,472.3
2026-02-02,Ômega 3 - Fish Oil,1.0,112.65
2026-02-02,Ômega 3 - Omegafor Memory,1.0,104.9
2026-02-02,Ômega 3 EPA DHA,12.0,1178.8
2026-02-02,Ômega 3 Fosfatix,5.0,849.5
2026-02-02,Ômega 3 Pulse,3.0,389.7
2026-02-02,Ômega 3 Super DHA,1.0,109.9
2026-02-02,Ômega 3 Super DHA BIG,1.0,189.9
2026-02-09,100% Whey Pure,1.0,144.9
2026-02-09,Aminoácido - Amino Greens,1.0,209.9
2026-02-09,Arginofor -  L-Arginina,1.0,119.9
2026-02-09,BT Nitrato 400,2.0,324.8
2026-02-09,Barra Double,2.0,11.92
2026-02-09,Barrinha de Proteína,3.0,42.7
2026-02-09,Barrinha de Proteína - YOPRO,2.0,25.8
2026-02-09,Barrinha de Proteína Crunch,4.0,55.6
2026-02-09,Barrinha de Proteína Vegan Radiance Joy,1.0,122.4
2026-02-09,Bebida Proteica - Natural Whey 100% Whey - 15g,1.0,10.49
2026-02-09,Bebida Proteica - Natural Whey 14g,9.0,69.21
2026-02-09,Beef Protein,1.0,229.9
2026-02-09,Beta Alanina,4.0,251.6
2026-02-09,Beta Alanina 100%,1.0,47.9
2026-02-09,Bio Ferro,1.0,42.9
2026-02-09,Bio Vitamina B12 em gotas,5.0,224.5
2026-02-09,Bio Zinco,1.0,36.9
2026-02-09,Blend de Chá - Detox,1.0,29.9
2026-02-09,Bom Ciclo,1.0,79.9
2026-02-09,"Boraprim - Borragem, Prímula e Gergelim",4.0,359.6
2026-02-09,Cacao Whey - Sachê,1.0,21.9
2026-02-09,Cafeína - Caffeinex 200,1.0,38.9
2026-02-09,Chocolate ao Leite,1.0,29.9
2026-02-09,Chá,4.0,28.2
2026-02-09,Chá Misto,2.0,13.8
2026-02-09,Cocada,1.0,4.9
2026-02-09,Coenzima  Q10 - 100mg,1.0,89.9
2026-02-09,Coenzima Q10,1.0,84.9
2026-02-09,Coenzima Q10  (200mg p/ porção),1.0,219.9
2026-02-09,Coenzima Q10 (200mg p/ porção),5.0,589.5
2026-02-09,Coenzima Q10 + Ômega 3 + Vitamina E,8.0,1119.2
2026-02-09,Coenzima Q10 - (100mg p/ porção),1.0,84.9
2026-02-09,Coenzima Q10 200mg,1.0,89.9
2026-02-09,Collagen Protein BodyBalance,1.0,166.9
2026-02-09,Colágeno - Colagentek II,3.0,359.7
2026-02-09,Colágeno - Colagentek Protein - Bodybalance,1.0,179.9
2026-02-09,Colágeno - Collagen Bones,1.0,199.9
2026-02-09,Colágeno - Collagen Essential Protein,2.0,479.8
2026-02-09,Colágeno - Collagen Gut,1.0,194.9
2026-02-09,Colágeno - Collagen Protein Hidrolisado Berries Silvestres 450g PURAVIDA,1.0,179.9
2026-02-09,Colágeno - Collagen Renew Hidrolisado,2.0,179.8
2026-02-09,Colágeno Collagen Flex Beauty,1.0,174.9
2026-02-09,Colágeno Hidrolisado - Collagen Pro 18g,3.0,449.7
2026-02-09,Colágeno Tipo II,4.0,247.78
2026-02-09,Complexo B - Bio Vit.B+,1.0,44.9
2026-02-09,Complexo B 500mg,1.0,44.9
2026-02-09,Creatina,2.0,199.8
2026-02-09,Creatina - Creafort (Creapure),6.0,999.4
2026-02-09,Creatina Monohidratada,31.0,2272.53
2026-02-09,Creatina Monohidratada (Creapure),2.0,389.8
2026-02-09,Creatina Monohidratada -  Crealift (Creapure),1.0,269.9
2026-02-09,Creatina Monohidratada - Creatine,3.0,299.7
2026-02-09,Cúrcuma - Curcumagic,2.0,309.8
2026-02-09,Cúrcuma Plus,5.0,349.5
2026-02-09,Eletrólitos,7.0,224.3
2026-02-09,Enzimas Enzyfor,1.0,149.9
2026-02-09,Ferro - Ydrosolv,1.0,99.9
2026-02-09,Ferro Quelado 34mg,1.0,29.9
2026-02-09,Ferro Quelato + Vitamina C,2.0,93.8
2026-02-09,Fiber Biome,1.0,172.9
2026-02-09,Fresh Whey,7.0,1309.3
2026-02-09,Gel Nitrato,6.0,65.4
2026-02-09,Glutamina,6.0,456.4
2026-02-09,Glutamina - Glutamax,1.0,89.9
2026-02-09,Gold Whey Concentrado Refil,1.0,179.9
2026-02-09,Granola - Sem Glúten,1.0,29.9
2026-02-09,Granola Australia - Low Carb,1.0,44.9
2026-02-09,Grassfed Whey Protein - Concentrado,1.0,249.9
2026-02-09,L-Taurina - 1.000mg,6.0,279.4
2026-02-09,Livestrong,1.0,299.9
2026-02-09,Luteína + Zeaxantina,1.0,59.59
2026-02-09,Maca Peruana Preta - Macapure,1.0,179.9
2026-02-09,Magnésio,3.0,134.7
2026-02-09,Magnésio - Inositol Relief 3.0,4.0,699.6
2026-02-09,Magnésio Inositol,1.0,139.9
2026-02-09,Magnésio Plus - 350mg,1.0,74.9
2026-02-09,Magnésio Plus 900mg,2.0,189.8
2026-02-09,Melatonina - Sleepfor,1.0,79.9
2026-02-09,Melatonina em Gotas,1.0,39.9
2026-02-09,Morning Shot - Imunidade,1.0,104.9
2026-02-09,N-Acetil Cisteína (NAC),3.0,269.7
2026-02-09,NAC,1.0,53.9
2026-02-09,NAC PRO,1.0,69.9
2026-02-09,Nitro 400,1.0,139.9
2026-02-09,Omegafor Plus,28.0,4270.2
2026-02-09,Palatinose,4.0,269.6
2026-02-09,Paçoquinha,1.0,4.9
2026-02-09,Probiótico - Simfort Plus,4.0,329.6
2026-02-09,Probióticos em Pó - Simfort,1.0,94.9
2026-02-09,Profem - Óleo de Prímula,1.0,64.9
2026-02-09,Proteina Vegetal,4.0,399.96
2026-02-09,Proteína Isolada e Hidrolisada - Body Protein,4.0,879.6
2026-02-09,Pré-Treino - V Fort Ultra,1.0,129.9
2026-02-09,Pré-Treino Energy ATP®,1.0,209.9
2026-02-09,Próbiotico - Purabiotics,2.0,179.8
2026-02-09,Própolis Alcoólico,1.0,29.9
2026-02-09,Própolis Líquido - Gotas,1.0,49.9
2026-02-09,Própolis Trio,1.0,69.9
2026-02-09,Própolis Verde - Alcoólico,1.0,29.9
2026-02-09,Própolis Verde - Premium 10mg,6.0,344.85
2026-02-09,Própolis Verde - Propomax,3.0,89.7
2026-02-09,Psyllium,2.0,159.8
2026-02-09,Pós-treino - Recharge 4:1,1.0,144.9
2026-02-09,Quercetina,1.0,79.9
2026-02-09,Refil 100% Whey Protein - Flavour,1.0,109.99
2026-02-09,Refil Creatina,1.0,159.9
2026-02-09,Refil Pure Blend Protein,1.0,158.0
2026-02-09,Refil Whey Concentrado - W100,2.0,259.8
2026-02-09,Refil Whey Concentrado Havanna - W100,1.0,139.9
2026-02-09,Refil Whey Protein - 3W,3.0,524.7
2026-02-09,Refil Whey Protein Concentrado,4.0,799.78
2026-02-09,Resveratrol 500mg,1.0,79.9
2026-02-09,Sachê de Óleo De Coco,1.0,3.9
2026-02-09,Salgadinho,2.0,11.8
2026-02-09,Shot Matinal,2.0,159.8
2026-02-09,Simfort fibras,3.0,194.7
2026-02-09,Sleep,3.0,419.7
2026-02-09,Snack Proteico,1.0,10.9
2026-02-09,Super Ômega 3,5.0,1099.5
2026-02-09,SuperCoffee,13.0,2143.7
2026-02-09,SuperCoffee Língua de gato - Kopenhagen,4.0,699.6
2026-02-09,Suplemento - Hyaluronic Hair,2.0,149.8
2026-02-09,Suplemento Alimentar - Alpha A até Z,1.0,59.9
2026-02-09,Suplemento Alimentar - Alpha Inflaminus,1.0,144.9
2026-02-09,Suplemento Alimentar - Alpha Mater,2.0,309.8
2026-02-09,Suplemento Alimentar - GUARDIAN®,3.0,629.7
2026-02-09,Suplemento Alimentar - Green Shot,2.0,169.8
2026-02-09,Suplemento Alimentar - Slim Body 400mg,2.0,179.8
2026-02-09,Suplemento Alimentar - Slim Shape,1.0,69.9
2026-02-09,Suplemento de Magnésio - Blue Calm,1.0,109.9
2026-02-09,Tablete de Doce,4.0,19.6
2026-02-09,Tasty Whey 3W Gourmet,3.0,674.7
2026-02-09,Termogênico - Lipix6,1.0,114.9
2026-02-09,Trio Magnésio 720mg,6.0,389.4
2026-02-09,True Cúrcuma com Ômega,1.0,124.9
2026-02-09,Vanilla Whey - Sachê,1.0,19.9
2026-02-09,Vegan Ômega 3 DHA,1.0,124.9
2026-02-09,Vitamina - Good Mood,1.0,59.9
2026-02-09,Vitamina B12,5.0,184.5
2026-02-09,Vitamina D - Vita D3,6.0,317.4
2026-02-09,Vitamina D - Vita D3 + C + Zinco,3.0,162.7
2026-02-09,Vitamina D3 + K2,2.0,134.8
2026-02-09,Vitamina D3 + K2 Gotas,2.0,139.8
2026-02-09,Vitamina D3 - 2000 Ui,1.0,36.9
2026-02-09,Vitamina D3 Synergy,2.0,119.8
2026-02-09,"Vitaminas A, E, D e K2- RESTAURE® - Gotas",1.0,154.9
2026-02-09,Whey,6.0,1979.4
2026-02-09,Whey 3W,1.0,164.9
2026-02-09,Whey 3W -  Sachê,6.0,65.4
2026-02-09,Whey Concentrado - W100,1.0,139.9
2026-02-09,Whey Fort 3W,5.0,899.5
2026-02-09,Whey Isolado - Iso Triple Zero,1.0,219.9
2026-02-09,Whey Isolado e Hidrolisado - H.I Whey,2.0,499.8
2026-02-09,Whey Protein - Isofort Beauty,2.0,279.8
2026-02-09,Whey Protein Concentrado,27.0,5667.3
2026-02-09,Whey Protein Concentrado - Sachê,3.0,34.39
2026-02-09,Whey Protein Concentrado Cappuccino 900g DUX,1.0,209.9
2026-02-09,Whey Protein Concentrado Party,3.0,599.79
2026-02-09,Whey Protein Hidrolisado,1.0,369.9
2026-02-09,Whey Protein ISO 100 Hydrolyzed,1.0,369.9
2026-02-09,Whey Protein Isolado,15.0,4578.59
2026-02-09,Whey Protein Isolado - Isofort,3.0,929.7
2026-02-09,Whey Protein Isolado - Sachê,7.0,118.3
2026-02-09,Whey Protein Isolado - Tasty Iso,1.0,289.9
2026-02-09,Whey Protein Smoothie,1.0,199.9
2026-02-09,Whey Tech 100%,11.0,1538.9
2026-02-09,Whey hidrolisado e isolado,1.0,309.9
2026-02-09,Ômega - Mega DHA,1.0,179.9
2026-02-09,Ômega 3,2.0,159.8
2026-02-09,Ômega 3  - 1360mg,1.0,189.9
2026-02-09,Ômega 3 - EPA DHA - 1000mg,13.0,869.33
2026-02-09,Ômega 3 - Fish Oil,7.0,783.05
2026-02-09,Ômega 3 - Omegafor Memory,2.0,209.8
2026-02-09,Ômega 3 - Ultra Caps 1000mg,2.0,319.8
2026-02-09,Ômega 3 DHA,1.0,139.9
2026-02-09,Ômega 3 EPA DHA,13.0,1110.7
2026-02-09,Ômega 3 IFOS - 660 EPA/ 440 DHA,1.0,179.9
2026-02-09,Ômega 3 Pulse,2.0,259.8
2026-02-09,Ômega 3 Super DHA,1.0,119.9
2026-02-09,Ômegafor Vegan 400mg,1.0,99.9
2026-02-16,#Whey Fort 3W,1.0,179.9
2026-02-16,100% Whey Pure,3.0,434.7
2026-02-16,Achocolatado - Chocoki,1.0,89.9
2026-02-16,Aminoácido - BCAA - Glyco HD,1.0,29.9
2026-02-16,Aminoácido - BCAA Fort,1.0,94.9
2026-02-16,Aminoácido - Tryptophan,2.0,109.8
2026-02-16,BT Nitrato,3.0,474.7
2026-02-16,BT Nitrato 400,1.0,174.9
2026-02-16,Barra Chocolate 70%,1.0,18.89
2026-02-16,Barrinha de Proteína,1.0,149.9
2026-02-16,Barrinha de Proteína - Protein Crisp Bar,2.0,15.8
2026-02-16,Barrinha de Proteína Choco Wheyfer,3.0,23.7
2026-02-16,Barrinha de Proteína Tube,1.0,99.9
2026-02-16,Bebida Proteica - Natural Whey 14g,3.0,23.07
2026-02-16,Beef Protein,1.0,229.9
2026-02-16,Beta Alanina,1.0,79.9
2026-02-16,Beta Alanina 100%,2.0,95.8
2026-02-16,Blend de Chá - Digestivo,1.0,27.9
2026-02-16,"Boraprim - Borragem, Prímula e Gergelim",3.0,234.7
2026-02-16,Chá Sublime - Inverno,2.0,13.8
2026-02-16,Coenzima  Q10 - 100mg,1.0,89.9
2026-02-16,Coenzima Q10,1.0,199.9
2026-02-16,Coenzima Q10  (200mg p/ porção),2.0,439.8
2026-02-16,Coenzima Q10 (200mg p/ porção),4.0,464.6
2026-02-16,Coenzima Q10 + Ômega 3 + Vitamina E,1.0,139.9
2026-02-16,Coenzima Q10 - (100mg p/ porção),2.0,169.8
2026-02-16,Coenzima Q10+ 200mg,1.0,139.9
2026-02-16,Collagen Protein BodyBalance,1.0,166.9
2026-02-16,Colágeno -  Collagen Gut,1.0,199.9
2026-02-16,Colágeno - Colagentek,2.0,189.8
2026-02-16,Colágeno - Colagentek Protein - Bodybalance,4.0,719.6
2026-02-16,Colágeno - Collagen Essential Protein,1.0,239.9
2026-02-16,Colágeno - Collagen Gut,1.0,194.9
2026-02-16,Colágeno - Collagen Pro - Beauty Blend,1.0,209.9
2026-02-16,Colágeno - Collagen Protein Hidrolisado,1.0,179.9
2026-02-16,Colágeno - Collagen Tipo II 40mg,3.0,269.7
2026-02-16,Colágeno Hidrolisado - Collagen Pro 18g,6.0,899.4
2026-02-16,Coq10,1.0,229.9
2026-02-16,Coq10 + Vitamina E,1.0,134.9
2026-02-16,Creatina,4.0,359.6
2026-02-16,Creatina - Creafort (Creapure),2.0,279.8
2026-02-16,Creatina - Gummy,1.0,144.9
2026-02-16,Creatina 100%,2.0,119.8
2026-02-16,Creatina Monohidratada,30.0,2043.71
2026-02-16,Creatina Monohidratada (Creapure),2.0,389.8
2026-02-16,Creatina Monohidratada -  Crealift (Creapure),1.0,299.9
2026-02-16,Creatina Monohidratada - Creatine,4.0,399.6
2026-02-16,Creatina Monohidratada - Hardcore,1.0,89.9
2026-02-16,Creatine Action - Gummy,3.0,359.7
2026-02-16,Curcumina,1.0,99.9
2026-02-16,Cúrcuma Plus,10.0,684.0
2026-02-16,D-Ribose,1.0,74.83
2026-02-16,Dado de creatina,1.0,129.9
2026-02-16,Eletrólitos,6.0,217.4
2026-02-16,Energy Gel - Endurance,4.0,27.6
2026-02-16,Ferro Quelado 34mg,2.0,59.8
2026-02-16,Ferro Quelato + Vitamina C,1.0,46.9
2026-02-16,Fibras - Fiberlift,1.0,139.9
2026-02-16,Fresh Vegan,2.0,339.8
2026-02-16,Fresh Whey,11.0,2348.9
2026-02-16,Glutamina,6.0,420.4
2026-02-16,Glutamina - Glutamax,2.0,179.8
2026-02-16,Glutamina em Pó,1.0,99.9
2026-02-16,Granola,1.0,32.9
2026-02-16,Hipercalórico - Creamass,2.0,199.8
2026-02-16,Hydrolift,1.0,98.9
2026-02-16,L-Carnitina 530mg,2.0,199.8
2026-02-16,L-Taurina - 1.000mg,1.0,41.9
2026-02-16,Leite de Coco em Pó - Coco Cream,1.0,64.9
2026-02-16,Livestrong,2.0,599.8
2026-02-16,MCT - Oil Powder,1.0,134.9
2026-02-16,MCT LIFT,1.0,119.9
2026-02-16,Magnésio,3.0,134.7
2026-02-16,Magnésio - Inositol Relief 3.0,7.0,1224.3
2026-02-16,Magnésio Inositol,2.0,324.8
2026-02-16,Magnésio Plus - 350mg,3.0,224.7
2026-02-16,Magnésio Plus 900mg,3.0,284.7
2026-02-16,Magnésio Quelato - Bio Mag,3.0,224.7
2026-02-16,Melatonina,1.0,59.9
2026-02-16,Melatonina - Gummy,2.0,102.74
2026-02-16,Melatonina - Sleepfor,2.0,139.98
2026-02-16,Melatonina Duo,3.0,209.7
2026-02-16,Morning Shot - Imunidade,2.0,209.8
2026-02-16,Multivitaminico - Imunomult- 1000mg,2.0,199.8
2026-02-16,Multivitamínicos - Gummy,3.0,209.7
2026-02-16,NAC + Glycine + Taurine,1.0,89.9
2026-02-16,NAC PRO,1.0,69.9
2026-02-16,Nitro 400,2.0,279.8
2026-02-16,Omegafor Family - Ômega 3,1.0,69.9
2026-02-16,Omegafor Plus,14.0,2211.6
2026-02-16,Palatinose,4.0,269.6
2026-02-16,Probiótico - Simfort Plus,1.0,69.9
2026-02-16,Probióticos em Pó - Simfort,2.0,189.8
2026-02-16,Propolis + Quercetin + Vitamin C,1.0,109.9
2026-02-16,Proteina Vegetal,2.0,199.98
2026-02-16,Proteina Vegetal - True Vegan,1.0,194.9
2026-02-16,Proteína Isolada e Hidrolisada - Body Protein,3.0,659.7
2026-02-16,Proteína Isolada e Hidrolisada - Body Protein Red,1.0,219.9
2026-02-16,Pré-Treino - Beta Action,1.0,219.9
2026-02-16,Pré-Treino - V Fort Ultra,1.0,129.9
2026-02-16,Pré-treino - Energy Kick,1.0,129.9
2026-02-16,Pré-treino - Pre Workout,1.0,129.9
2026-02-16,Pré-treino - Égide,1.0,129.9
2026-02-16,Própolis - Green Própolis,2.0,139.8
2026-02-16,Própolis Verde - Premium 10mg,2.0,109.98
2026-02-16,Própolis Verde - Propomax,3.0,89.7
2026-02-16,Psyllium,2.0,119.8
2026-02-16,Refil 100% Whey Protein - Flavour,7.0,769.93
2026-02-16,Refil Whey Protein - 3W,4.0,699.6
2026-02-16,Refil Whey Protein Concentrado,1.0,139.99
2026-02-16,Resveratrol Plus - 165mg,2.0,219.8
2026-02-16,Sachê de Óleo De Coco Extravirgem,1.0,3.9
2026-02-16,Salgadinho,1.0,5.9
2026-02-16,Simfort fibras,1.0,64.9
2026-02-16,Sleep,3.0,419.7
2026-02-16,Super Ômega 3,4.0,669.6
2026-02-16,SuperCoffee,11.0,1663.9
2026-02-16,SuperCoffee Língua de gato - Kopenhagen,2.0,349.8
2026-02-16,Suplemento Alimentar  - Hepatofor,1.0,99.9
2026-02-16,"Suplemento Alimentar - Cabelo, Pele e Unha - Gomas",2.0,169.8
2026-02-16,Suplemento Alimentar - GUARDIAN®,1.0,209.9
2026-02-16,Suplemento Alimentar - L-teanina - Happy Theanine,2.0,299.8
2026-02-16,Suplemento Alimentar - Slim Body 400mg,2.0,139.98
2026-02-16,Suplemento Alimentar - Slim Shape,1.0,69.9
2026-02-16,Suplemento Alimentar - True Nac,1.0,69.9
2026-02-16,Suplemento para Imunidade - Immune Up 100%,1.0,119.9
2026-02-16,Termogênico - Lipix6,1.0,114.9
2026-02-16,Trio Magnésio 720mg,4.0,259.6
2026-02-16,Ultracoffee - Vegano,1.0,109.9
2026-02-16,Vitamina - Good Mood,1.0,59.9
2026-02-16,Vitamina B12,4.0,148.6
2026-02-16,Vitamina C + Zinco - Gomas,1.0,64.9
2026-02-16,Vitamina C - 500mg,1.0,39.48
2026-02-16,Vitamina C - Bio Vit C+,1.0,54.9
2026-02-16,Vitamina C3 - 1000mg,1.0,54.9
2026-02-16,Vitamina D - Vita D3,5.0,264.5
2026-02-16,Vitamina D - Vita D3 + C + Zinco,4.0,239.6
2026-02-16,Vitamina D3 + K2,1.0,64.9
2026-02-16,Vitamina D3 + K2 Gotas,1.0,69.9
2026-02-16,Vitamina D3 - 2000 Ui,1.0,36.9
2026-02-16,Vitamina D3 Synergy,2.0,119.8
2026-02-16,Whey,2.0,679.8
2026-02-16,Whey - Zero Lactose,2.0,439.8
2026-02-16,Whey Concentrado - 100% Whey,1.0,129.9
2026-02-16,Whey Fort 3W,6.0,1079.4
2026-02-16,Whey Protein - Isofort Beauty,2.0,279.8
2026-02-16,Whey Protein 3W,2.0,479.8
2026-02-16,Whey Protein Concentrado,18.0,3778.2
2026-02-16,Whey Protein Concentrado - Sachê,6.0,77.09
2026-02-16,Whey Protein Concentrado Cappuccino 900g DUX,2.0,419.8
2026-02-16,Whey Protein Concentrado Party,7.0,1259.93
2026-02-16,Whey Protein Crisp - Isocrisp,2.0,99.8
2026-02-16,Whey Protein Isolado,14.0,4267.79
2026-02-16,Whey Protein Isolado - Isofort,5.0,1549.5
2026-02-16,Whey Protein Isolado - Sachê,2.0,33.8
2026-02-16,Whey Protein Isolado - Tasty Iso,1.0,289.9
2026-02-16,Whey Protein Vegetal,2.0,299.8
2026-02-16,Whey Tech 100%,6.0,839.4
2026-02-16,Whey hidrolisado e isolado,3.0,929.7
2026-02-16,Zinco Quelato,1.0,42.9
2026-02-16,Ômega -  Mega DHA,1.0,99.9
2026-02-16,Ômega - Mega DHA,1.0,179.9
2026-02-16,Ômega 3  - 1360mg,1.0,189.9
2026-02-16,Ômega 3 - EPA DHA - 1000mg,4.0,237.78
2026-02-16,Ômega 3 - Omegafor Memory,2.0,209.8
2026-02-16,Ômega 3 - Ultra Caps 1000mg,1.0,159.9
2026-02-16,Ômega 3 EPA DHA,4.0,399.6
2026-02-16,Ômega 3 Pulse,4.0,519.6
2026-02-16,Ômega Golden,2.0,439.8
2026-02-23,#Whey Fort 3W,1.0,179.9
2026-02-23,#Whey Protein Concentrado,2.0,219.8
2026-02-23,100% Whey Pure,2.0,289.8
2026-02-23,Achocolatado - Choco Family - Refil,1.0,49.9
2026-02-23,Aminoácido - Aminovita,3.0,374.7
2026-02-23,Aminoácidos - Aminnu EAAs,2.0,419.8
2026-02-23,Aminoácidos - Aminolift,1.0,209.9
2026-02-23,BT Gel Nitrato com Cafeína,1.0,109.9
2026-02-23,Barrinha de Chocolate 41%,1.0,19.89
2026-02-23,Barrinha de Proteína,14.0,470.6
2026-02-23,Barrinha de Proteína - Protein Crisp Bar,11.0,256.9
2026-02-23,Barrinha de Proteína - YOPRO,1.0,12.9
2026-02-23,Barrinha de Proteína Choco Wheyfer,6.0,124.4
2026-02-23,Barrinha de Proteína Crunch,4.0,55.6
2026-02-23,Bebida Proteica - Natural Whey 100% Whey - 15g,1.0,10.49
2026-02-23,Bebida Proteica - Natural Whey 100% Whey -15g,1.0,10.49
2026-02-23,Bebida Proteica - Natural Whey 14g,13.0,99.97
2026-02-23,Beef Protein,2.0,459.8
2026-02-23,Best Whey,6.0,1189.4
2026-02-23,Beta Alanina,1.0,79.9
2026-02-23,Beta Alanina 100%,4.0,191.6
2026-02-23,Bio Cálcio  60 caps PURAVIDA,1.0,79.9
2026-02-23,Bio Ferro,6.0,257.4
2026-02-23,Bio Q10 100mg,1.0,139.9
2026-02-23,Bio Zinco,3.0,110.7
2026-02-23,Biotina Plus,1.0,46.9
2026-02-23,Biscoito Proteico - Sublime,3.0,38.18
2026-02-23,Body Protein Vegano,1.0,159.9
2026-02-23,"Boraprim - Borragem, Prímula e Gergelim",4.0,324.6
2026-02-23,Cacao Whey - Sachê,2.0,43.8
2026-02-23,Cappuccino Whey - Sachê,1.0,21.9
2026-02-23,Chá - Hibiscus Plus,1.0,64.9
2026-02-23,Chá Misto,1.0,6.9
2026-02-23,Coenzima  Q10 - 100mg,2.0,179.8
2026-02-23,Coenzima Q10,6.0,545.44
2026-02-23,Coenzima Q10  (200mg p/ porção),1.0,219.9
2026-02-23,Coenzima Q10 (200mg p/ porção),3.0,374.7
2026-02-23,Coenzima Q10 + Ômega 3 + Vitamina E,2.0,279.8
2026-02-23,Coenzima Q10 - (100mg p/ porção),1.0,84.9
2026-02-23,Coenzima Q10+ 200mg,1.0,139.9
2026-02-23,Coffee - Brainstorm,1.0,124.9
2026-02-23,Colosfort,1.0,224.9
2026-02-23,Colágeno -  Collagen Gut,1.0,199.9
2026-02-23,Colágeno - Colagentek,3.0,284.7
2026-02-23,Colágeno - Colagentek Beauty,1.0,124.9
2026-02-23,Colágeno - Colagentek II,3.0,314.7
2026-02-23,Colágeno - Colagentek Protein - Bodybalance,6.0,1079.4
2026-02-23,Colágeno - Collagen Derm,2.0,299.82
2026-02-23,Colágeno - Collagen Essential Protein,5.0,1199.5
2026-02-23,Colágeno - Collagen Gut,1.0,194.9
2026-02-23,Colágeno - Collagen Pro - Body Suport,1.0,209.9
2026-02-23,Colágeno - Collagen Renew Hidrolisado,2.0,179.8
2026-02-23,Colágeno - Collagen Tipo II 40mg,1.0,89.9
2026-02-23,Colágeno - Collpure® - 450g,1.0,149.9
2026-02-23,Colágeno - Multi Collagen,1.0,229.9
2026-02-23,Colágeno Collagen Skin,1.0,194.9
2026-02-23,Colágeno Hidrolisado - Collagen Pro 18g,1.0,149.9
2026-02-23,Colágeno Tipo II,2.0,107.98
2026-02-23,Colágeno Tipo II - Artro Aid,3.0,299.7
2026-02-23,Complexo B Max,1.0,44.9
2026-02-23,Coq10 + Vitamina E,1.0,134.9
2026-02-23,Cranberry - She She Comfort,1.0,69.9
2026-02-23,Creatina,3.0,200.21
2026-02-23,Creatina - Creafort (Creapure),10.0,1719.0
2026-02-23,Creatina - Gummy,1.0,144.9
2026-02-23,Creatina 100%,1.0,59.9
2026-02-23,Creatina 100% Pure,2.0,219.8
2026-02-23,Creatina Monohidratada,45.0,3239.34
2026-02-23,Creatina Monohidratada (Creapure),3.0,584.7
2026-02-23,Creatina Monohidratada -  Crealift (Creapure),3.0,899.7
2026-02-23,Creatina Monohidratada - Creatine,6.0,599.4
2026-02-23,Creatina Monohidratada - Hardcore,1.0,89.9
2026-02-23,Cromo Picolinato - 250mg,4.0,111.6
2026-02-23,Curcumina,1.0,99.9
2026-02-23,Cúrcuma Plus,9.0,599.1
2026-02-23,Eletrólitos,4.0,291.6
2026-02-23,Enzima Lactase - Laczyme,1.0,84.9
2026-02-23,Enzimas Enzyfor,1.0,149.9
2026-02-23,Expresso Whey - Sachê,2.0,43.8
2026-02-23,Extrato de Laranja Moro 400mg,1.0,89.91
2026-02-23,Farinha de Aveia,2.0,31.8
2026-02-23,Feno Grego,1.0,69.9
2026-02-23,Ferro - Ydrosolv,1.0,99.9
2026-02-23,Ferro Plus,2.0,59.8
2026-02-23,Ferro Quelado 34mg,1.0,29.9
2026-02-23,Ferro Quelato + Vitamina C,3.0,140.7
2026-02-23,Fiber Biome,2.0,345.8
2026-02-23,Fresh Vegan,1.0,169.9
2026-02-23,Fresh Vegan - Sachê,2.0,27.8
2026-02-23,Fresh Whey,12.0,2278.8
2026-02-23,FreshWhey - Sachê,4.0,67.6
2026-02-23,Glutamina,4.0,319.6
2026-02-23,Glutamina - Glutamax,1.0,89.9
2026-02-23,Glutamina Isolates,1.0,64.9
2026-02-23,Glutamina em Pó,1.0,114.9
2026-02-23,Gold Whey Concentrado Refil,3.0,539.7
2026-02-23,Granola Australia - Low Carb,1.0,44.9
2026-02-23,Hipercalórico - Monsterone,1.0,124.9
2026-02-23,Immuno Whey,1.0,239.9
2026-02-23,Isofort Plant (Life Vegan),1.0,129.9
2026-02-23,L-Carnitina 530mg,1.0,99.9
2026-02-23,L-Taurina - 1.000mg,1.0,69.9
2026-02-23,Livestrong,2.0,635.8
2026-02-23,MCT,2.0,269.8
2026-02-23,Magnésio,7.0,314.3
2026-02-23,Magnésio - Inositol Relief 3.0,4.0,699.6
2026-02-23,Magnésio Plus 900mg,3.0,284.7
2026-02-23,Magnésio Quelato - Bio Mag,3.0,224.7
2026-02-23,Melatonina - Sleepfor,3.0,209.97
2026-02-23,Melatonina Duo,2.0,139.8
2026-02-23,Melatonina Em Gotas Premium - 210mcg,1.0,34.9
2026-02-23,Melatonina em Gotas,2.0,79.8
2026-02-23,Morning Shot - Imunidade,5.0,524.5
2026-02-23,Multivitaminino - Multi All,1.0,69.99
2026-02-23,NAC,7.0,350.35
2026-02-23,Nitro 400,1.0,139.9
2026-02-23,Omegafor Family - Ômega 3,2.0,139.8
2026-02-23,Omegafor Plus,26.0,3636.4
2026-02-23,Omegafor Vision,1.0,119.9
2026-02-23,Omegafor Vitamins,1.0,139.9
2026-02-23,Palatinose,8.0,516.02
2026-02-23,Pasta de Amendoim,1.0,54.9
2026-02-23,Pasta de Amendoim Integral,1.0,18.89
2026-02-23,Prebiótico - Fiber Liv,1.0,79.9
2026-02-23,Probiótico - Simfort Plus,10.0,899.0
2026-02-23,Probióticos em Pó - Simfort,1.0,94.9
2026-02-23,Proteina Vegetal,3.0,299.97
2026-02-23,Proteina Vegetal - True Vegan,2.0,389.8
2026-02-23,Proteína Isolada e Hidrolisada - Body Protein,6.0,1319.4
2026-02-23,Proteína Vegana - Immuno Veggie,1.0,254.9
2026-02-23,Proteína Vegana - Veggie Protein,1.0,254.9
2026-02-23,Pré-Treino,1.0,75.51
2026-02-23,Pré-Treino - V Fort Ultra,3.0,389.7
2026-02-23,Pré-treino - Energy Kick Caffeine,1.0,129.9
2026-02-23,Próbiotico - Purabiotics,2.0,179.8
2026-02-23,Própolis Líquido - Gotas,2.0,99.8
2026-02-23,Própolis Verde - Alcoólico,2.0,59.8
2026-02-23,Própolis Verde - Propomax,3.0,89.7
2026-02-23,Psyllium,7.0,471.36
2026-02-23,Pós-treino - Recharge 4:1,1.0,144.9
2026-02-23,Quercetina,1.0,79.9
2026-02-23,Refil 100% Whey Protein - Flavour,3.0,329.97
2026-02-23,Refil Whey 100% Pure,5.0,699.5
2026-02-23,Refil Whey Concentrado - W100,4.0,519.6
2026-02-23,Refil Whey Concentrado Havanna - W100,1.0,139.9
2026-02-23,Refil Whey Protein - 3W,3.0,524.7
2026-02-23,Refil Whey Protein Concentrado,9.0,1619.46
2026-02-23,Resveratrol - Resveramax,1.0,179.9
2026-02-23,Resveratrol Plus - 165mg,1.0,109.9
2026-02-23,Sachê de Óleo De Coco,1.0,3.9
2026-02-23,Salgadinho,4.0,23.6
2026-02-23,Simfort Femme,2.0,199.8
2026-02-23,Simfort Ultra,2.0,179.8
2026-02-23,Simfort fibras,1.0,64.9
2026-02-23,Sleep,2.0,229.8
2026-02-23,Snack Proteico,1.0,10.9
2026-02-23,Spirulina 500mg,2.0,179.8
2026-02-23,Super Café - Desincoffee,1.0,99.9
2026-02-23,Super Ômega 3,5.0,739.5
2026-02-23,SuperCoffee,24.0,3692.6
2026-02-23,SuperCoffee Língua de gato - Kopenhagen,6.0,1049.4
2026-02-23,Suplemento Alimentar  - Hepatofor,1.0,99.9
2026-02-23,Suplemento Alimentar - Alpha Men,1.0,169.9
2026-02-23,Suplemento Alimentar - Alpha Women,1.0,149.9
2026-02-23,"Suplemento Alimentar - Cabelo, Unha e Pele - Beauty +",1.0,129.9
2026-02-23,Suplemento Alimentar - GUARDIAN®,4.0,839.6
2026-02-23,Suplemento Alimentar - Green Shot,1.0,76.41
2026-02-23,Suplemento Alimentar - LEVSENSI,1.0,184.03
2026-02-23,Suplemento Alimentar - Slim Body 400mg,1.0,69.99
2026-02-23,Suplemento Alimentar - Synergy Control,1.0,191.51
2026-02-23,Suplemento Alimentar - True Nac,2.0,139.8
2026-02-23,Suplemento de Magnésio - Blue Calm,1.0,109.9
2026-02-23,Tablete de Doce,5.0,24.5
2026-02-23,Tasty Whey 3W Gourmet,4.0,899.6
2026-02-23,Termogênico - Lipix6,2.0,184.8
2026-02-23,Termogênico - Termo Plus,2.0,259.8
2026-02-23,Tortinha Proteica,2.0,23.8
2026-02-23,Trio Magnésio 720mg,5.0,305.03
2026-02-23,Triptofano - Triptoflex 215mg,1.0,42.08
2026-02-23,Triptofano Noite,2.0,179.8
2026-02-23,Vanilla Whey - Sachê,1.0,21.9
2026-02-23,Vitamina - Good Mood,3.0,179.7
2026-02-23,Vitamina B12,9.0,372.12
2026-02-23,Vitamina B9 - Ácido Fólico,1.0,79.9
2026-02-23,Vitamina C - 500mg,2.0,78.96
2026-02-23,Vitamina C - Bio Vit C+,3.0,164.7
2026-02-23,Vitamina C3 - 1000mg,1.0,54.9
2026-02-23,Vitamina D - Vita D3,10.0,517.27
2026-02-23,Vitamina D - Vita D3 + C + Zinco,5.0,282.5
2026-02-23,Vitamina D3,1.0,109.9
2026-02-23,Vitamina D3 + K2,8.0,503.24
2026-02-23,Vitamina D3 - 2000 Ui,2.0,73.8
2026-02-23,Vitamina D3 Synergy,4.0,239.6
2026-02-23,"Vitaminas A, E, D e K2- RESTAURE® - Gotas",2.0,309.8
2026-02-23,Whey,7.0,2289.3
2026-02-23,Whey - Zero Lactose,1.0,219.9
2026-02-23,Whey 3W -  Sachê,10.0,109.0
2026-02-23,Whey Concentrado - 100% Whey,5.0,649.5
2026-02-23,Whey Fort 3W,8.0,1439.2
2026-02-23,Whey Protein - 3W - The Whey,2.0,239.8
2026-02-23,Whey Protein - Isofort Beauty,3.0,419.7
2026-02-23,Whey Protein Concentrado,37.0,7668.34
2026-02-23,Whey Protein Concentrado - Sachê,20.0,239.69
2026-02-23,Whey Protein Concentrado Cappuccino 900g DUX,2.0,419.8
2026-02-23,Whey Protein Concentrado Party,8.0,1439.92
2026-02-23,Whey Protein Crisp - Isocrisp,1.0,49.9
2026-02-23,Whey Protein ISO 100 Hydrolyzed,1.0,899.9
2026-02-23,Whey Protein Isolado,23.0,6728.06
2026-02-23,Whey Protein Isolado - All Natural,1.0,319.9
2026-02-23,Whey Protein Isolado - Sachê,2.0,33.8
2026-02-23,Whey Protein Isolado - Tasty Iso,1.0,289.9
2026-02-23,Whey Protein Smoothie,2.0,399.8
2026-02-23,Whey Protein Smoothie Energy,1.0,199.9
2026-02-23,Whey Tech 100%,17.0,2378.3
2026-02-23,Whey hidrolisado e isolado,5.0,1549.5
2026-02-23,Ômega -  Mega DHA,2.0,199.8
2026-02-23,Ômega 3,1.0,79.9
2026-02-23,Ômega 3  - 1360mg,1.0,189.9
2026-02-23,Ômega 3 - EPA DHA - 1000mg,3.0,212.7
2026-02-23,Ômega 3 - Omegafor Memory,3.0,314.7
2026-02-23,Ômega 3 - Vision Care,1.0,89.9
2026-02-23,Ômega 3 EPA DHA,4.0,439.6
2026-02-23,Ômega 3 Pulse,8.0,1039.2
2026-02-23,Ômega 3 Super DHA,2.0,239.8
2026-02-23,Ômega 3 Super DHA BIG,1.0,189.9
2026-02-23,Ômega Core,1.0,219.9
2026-02-23,Ômega DHA,1.0,229.9
2026-03-02,#Whey Protein Concentrado,2.0,219.8
2026-03-02,100% Whey Pure,1.0,144.9
2026-03-02,Amora Miúra - 1500mg,1.0,40.41
2026-03-02,Aveia - Flocos Grossos,1.0,15.9
2026-03-02,BT Nitrato 400,1.0,149.9
2026-03-02,Barra Chocolate 70%,1.0,18.89
2026-03-02,Barrinha de Chocolate ao Leite,1.0,9.9
2026-03-02,Barrinha de Proteína,7.0,914.3
2026-03-02,Barrinha de Proteína - Protein Crisp Bar,3.0,108.7
2026-03-02,Barrinha de Proteína Best Whey 62g (15g de Proteína),1.0,139.9
2026-03-02,Barrinha de Proteína Choco Wheyfer,1.0,7.9
2026-03-02,Barrinha de Proteína Collagen Bar,1.0,109.9
2026-03-02,Barrinha de Proteína Thin,1.0,109.9
2026-03-02,Barrinha de Proteína Whey Grego - Havanna,1.0,96.9
2026-03-02,Barrinhas de Proteína Crunch,1.0,159.9
2026-03-02,Beef Protein,2.0,459.8
2026-03-02,Best Whey,4.0,799.6
2026-03-02,Beta Alanina,3.0,205.7
2026-03-02,Beta Alanina 100%,3.0,143.7
2026-03-02,Bio Cálcio  60 caps PURAVIDA,3.0,239.7
2026-03-02,Bio Ferro,3.0,128.7
2026-03-02,Bio Zinco,4.0,147.6
2026-03-02,Blend de Chá - Digestivo,3.0,83.7
2026-03-02,Body Protein Vegano,1.0,159.9
2026-03-02,"Boraprim - Borragem, Prímula e Gergelim",1.0,80.91
2026-03-02,Cafeína,1.0,49.9
2026-03-02,Cappuccino Proteico,1.0,54.9
2026-03-02,Chocolate 70% Cacau,1.0,29.9
2026-03-02,Chá,1.0,7.2
2026-03-02,Coenzima  Q10 - 100mg,2.0,179.8
2026-03-02,Coenzima Q10,2.0,152.82
2026-03-02,Coenzima Q10  (200mg p/ porção),3.0,659.7
2026-03-02,Coenzima Q10 (200mg p/ porção),6.0,714.4
2026-03-02,Coenzima Q10 + Ômega 3 + Vitamina E,5.0,699.5
2026-03-02,Coenzima Q10 - (100mg p/ porção),1.0,84.9
2026-03-02,Coenzima Q10 - 200mg,1.0,144.9
2026-03-02,Coenzima Q10+ 200mg,1.0,139.9
2026-03-02,Coffee - Brainstorm,2.0,249.8
2026-03-02,Collagen Protein,1.0,239.9
2026-03-02,Colosfort Lactoferrin Plus,3.0,372.3
2026-03-02,Colágeno -  Collagen Gut,2.0,399.8
2026-03-02,Colágeno - Colagentek,2.0,189.8
2026-03-02,Colágeno - Colagentek II,3.0,314.7
2026-03-02,Colágeno - Colagentek Protein - Bodybalance,13.0,2338.7
2026-03-02,Colágeno - Collagen Derm,2.0,320.0
2026-03-02,Colágeno - Collagen Essential Protein,5.0,1199.5
2026-03-02,Colágeno - Collagen Protein Hidrolisado Berries Silvestres 450g PURAVIDA,1.0,179.9
2026-03-02,Colágeno - Collagen Tipo II 40mg,2.0,179.8
2026-03-02,Colágeno - Multi Collagen,1.0,229.9
2026-03-02,Colágeno Collagen Flex Beauty,1.0,174.9
2026-03-02,Colágeno Collagen Skin,1.0,194.9
2026-03-02,Colágeno Hidrolisado - Collagen Pro 18g,6.0,899.4
2026-03-02,Colágeno Tipo II,2.0,107.98
2026-03-02,Colágeno Tipo II - Artro Aid,1.0,99.9
2026-03-02,Colágeno tipo 2 - Colagentek II,1.0,104.9
2026-03-02,Complexo B - Bio Vit.B+,1.0,44.9
2026-03-02,Coq10 + Vitamina E,1.0,134.9
2026-03-02,Cranberry,1.0,49.9
2026-03-02,Cranberry - She She Comfort,1.0,62.91
2026-03-02,Creatina,1.0,59.9
2026-03-02,Creatina - Creafort (Creapure),12.0,1998.8
2026-03-02,Creatina - Gummy,1.0,144.9
2026-03-02,Creatina 100%,6.0,429.4
2026-03-02,Creatina 100% Pure,2.0,219.8
2026-03-02,Creatina Monohidratada,39.0,2856.39
2026-03-02,Creatina Monohidratada (Creapure),4.0,849.6
2026-03-02,Creatina Monohidratada - Creatine,10.0,999.0
2026-03-02,Creatina Monohidratada - Hardcore,1.0,89.9
2026-03-02,Creatina Premium - Creapure,1.0,229.9
2026-03-02,Cromo Picolinato - 250mg,3.0,83.7
2026-03-02,Cúrcuma Plus,8.0,559.2
2026-03-02,Eletrólitos,9.0,150.1
2026-03-02,Energy Gel,3.0,38.7
2026-03-02,Energy Gel c/ Cafeína,3.0,48.1
2026-03-02,Enzimas Enzyfor,1.0,149.9
2026-03-02,Feno Grego + Boro 500mg,2.0,179.82
2026-03-02,Ferro Plus,4.0,119.6
2026-03-02,Ferro Quelado 34mg,3.0,89.7
2026-03-02,Ferro Quelato + Vitamina C,4.0,168.84
2026-03-02,Fresh Whey,8.0,1839.2
2026-03-02,FreshWhey - Sachê,3.0,50.7
2026-03-02,Glutamina,9.0,533.15
2026-03-02,Glutamina - Glutamax,3.0,229.7
2026-03-02,Glutamina - Glutamax Refil,2.0,259.8
2026-03-02,Glutamina em Pó,1.0,99.9
2026-03-02,Gold Whey Concentrado Refil,5.0,899.5
2026-03-02,Granola - Zero Açúcar,4.0,131.6
2026-03-02,Granola Australia - Low Carb,1.0,39.9
2026-03-02,Grassfed Whey Protein - Concentrado,2.0,359.8
2026-03-02,Immuno Whey,2.0,489.8
2026-03-02,Isofort Plant (Life Vegan),2.0,249.8
2026-03-02,L-Carnitina 530mg,1.0,69.9
2026-03-02,L-Taurina - 1.000mg,1.0,69.9
2026-03-02,Livestrong,1.0,299.9
2026-03-02,MCT,1.0,134.9
2026-03-02,MCT LIFT,2.0,239.8
2026-03-02,Magnésio,7.0,314.3
2026-03-02,Magnésio + Inositol Relief 1.0,1.0,159.9
2026-03-02,Magnésio - Inositol Relief 3.0,2.0,349.8
2026-03-02,Magnésio Inositol,4.0,694.6
2026-03-02,Magnésio Quelato - Bio Mag,3.0,224.7
2026-03-02,Matchá - Chá Verde em Pó,1.0,80.91
2026-03-02,Melatonina,3.0,179.7
2026-03-02,Melatonina - Sleepfor,2.0,139.98
2026-03-02,Melatonina Duo,2.0,139.8
2026-03-02,Melatonina Em Gotas Premium - 210mcg,1.0,34.9
2026-03-02,Melatonina Fast,1.0,34.9
2026-03-02,Melatonina em Gummy,1.0,119.9
2026-03-02,Metilfolato,1.0,44.01
2026-03-02,Mg Complex,2.0,193.8
2026-03-02,Morning Shot - Imunidade,7.0,734.3
2026-03-02,Multivitaminico  - Imunomult- 1000mg,1.0,134.9
2026-03-02,Multivitaminico - Imunomult- 1000mg,3.0,299.7
2026-03-02,Multivitaminino - Multi All,5.0,349.95
2026-03-02,NAC,9.0,436.59
2026-03-02,NAC + Glycine + Taurine,3.0,269.7
2026-03-02,NAC PRO,1.0,69.9
2026-03-02,Omegafor Family - Ômega 3,3.0,209.7
2026-03-02,Omegafor Plus,14.0,2529.6
2026-03-02,Palatinose,3.0,199.7
2026-03-02,Pasta de Amendoim,1.0,59.9
2026-03-02,Pasta de Amendoim Integral,1.0,18.89
2026-03-02,Probiótico - Simcaps,1.0,74.9
2026-03-02,Probiótico - Simfort Plus,6.0,519.4
2026-03-02,Probióticos em Pó - Simfort,1.0,179.9
2026-03-02,Profem - Óleo de Prímula,1.0,58.41
2026-03-02,Protein Brownie,1.0,60.9
2026-03-02,Proteina Vegetal,1.0,99.99
2026-03-02,Proteína - Isocrisp Plant Pouch,1.0,69.9
2026-03-02,Proteína Isolada e Hidrolisada - Body Protein,4.0,879.6
2026-03-02,Proteína Vegana - Immuno Veggie,1.0,254.9
2026-03-02,Proteína Vegetal - Vegan Tasty,1.0,129.9
2026-03-02,Pré-Treino,1.0,75.51
2026-03-02,Pré-Treino - Beta Action,1.0,219.9
2026-03-02,Pré-Treino - V Fort Ultra,2.0,259.8
2026-03-02,Pré-Treino Energy ATP®,3.0,629.7
2026-03-02,Própolis Alcoólico,1.0,29.9
2026-03-02,Própolis Líquido - Gotas,5.0,249.5
2026-03-02,Própolis Verde - Alcoólico,1.0,29.9
2026-03-02,Própolis Verde - Propomax,1.0,29.9
2026-03-02,Própolis Verde 70,1.0,39.9
2026-03-02,Psyllium,7.0,503.37
2026-03-02,Refil 100% Whey Protein - Flavour,2.0,219.98
2026-03-02,Refil Pure Blend Protein,1.0,158.0
2026-03-02,Refil Whey 100% Pure,1.0,139.9
2026-03-02,Refil Whey Concentrado - W100,2.0,259.8
2026-03-02,Refil Whey Concentrado Havanna - W100,2.0,279.8
2026-03-02,Refil Whey Protein Concentrado,6.0,1119.67
2026-03-02,Resveratrol 500mg,1.0,71.91
2026-03-02,Resveratrol Plus - 165mg,6.0,659.4
2026-03-02,Shot Matinal,2.0,143.82
2026-03-02,Simfort Femme,1.0,99.9
2026-03-02,Simfort Ultra,2.0,309.8
2026-03-02,Simfort fibras,4.0,259.6
2026-03-02,Sleep,3.0,554.7
2026-03-02,Snack Proteico,4.0,39.24
2026-03-02,Super Café - Desincoffee,2.0,199.8
2026-03-02,Super Ômega 3,4.0,919.6
2026-03-02,SuperCoffee,23.0,3207.7
2026-03-02,SuperCoffee Língua de gato - Kopenhagen,6.0,1049.4
2026-03-02,Suplemento Alimentar  - Hepatofor,2.0,199.8
2026-03-02,Suplemento Alimentar - Alpha Inflaminus,1.0,144.9
2026-03-02,"Suplemento Alimentar - Cabelo, Unha e Pele - Beauty +",1.0,116.91
2026-03-02,Suplemento Alimentar - GUARDIAN®,7.0,1469.3
2026-03-02,Suplemento Alimentar - Green Shot,3.0,229.23
2026-03-02,Suplemento Alimentar - LEVSENSI,1.0,184.03
2026-03-02,Suplemento Alimentar - True Nac,2.0,139.8
2026-03-02,Suplemento Vitamínico - ZMA,1.0,59.9
2026-03-02,Suplemento de Magnésio - Blue Calm,6.0,639.4
2026-03-02,Tablete de Doce,1.0,4.9
2026-03-02,Tasty Whey 3W Gourmet,8.0,1799.2
2026-03-02,Termogênico - Lipix6,2.0,184.8
2026-03-02,Termogênico - Termo Plus,2.0,259.8
2026-03-02,Tortinha Proteica,4.0,47.6
2026-03-02,Trio Magnésio 720mg,6.0,350.46
2026-03-02,True Cúrcuma,2.0,149.8
2026-03-02,Vitamina B12,21.0,737.0
2026-03-02,Vitamina B9 - Metilfolato,1.0,59.9
2026-03-02,Vitamina C - Bio Vit C+,2.0,109.8
2026-03-02,Vitamina C Plus,2.0,80.82
2026-03-02,Vitamina C3 - 1000mg,2.0,109.8
2026-03-02,Vitamina D - Vita D3,12.0,615.25
2026-03-02,Vitamina D - Vita D3 + C + Zinco,4.0,239.6
2026-03-02,Vitamina D3,4.0,244.6
2026-03-02,Vitamina D3 + K2,11.0,665.49
2026-03-02,Vitamina D3 + K2 Gotas,1.0,69.9
2026-03-02,Vitamina D3 - 2000 Ui,2.0,73.8
2026-03-02,Vitamina D3 Synergy,1.0,59.9
2026-03-02,Vitamina K2,1.0,49.9
2026-03-02,"Vitaminas A, E, D e K2- RESTAURE® - Gotas",4.0,619.6
2026-03-02,Whey,4.0,999.6
2026-03-02,Whey 3W -  Sachê,2.0,21.8
2026-03-02,Whey Fort 3W,10.0,2019.0
2026-03-02,Whey Isolado,2.0,499.8
2026-03-02,Whey Isolado - Iso Triple Zero,3.0,659.7
2026-03-02,Whey Protein - Isofort Beauty,2.0,279.8
2026-03-02,Whey Protein Concentrado,39.0,8186.1
2026-03-02,Whey Protein Concentrado - Sachê,4.0,51.29
2026-03-02,Whey Protein Concentrado Cappuccino 900g DUX,3.0,629.7
2026-03-02,Whey Protein Concentrado Party,1.0,179.99
2026-03-02,Whey Protein Crisp - Isocrisp,2.0,99.8
2026-03-02,Whey Protein ISO 100 Hydrolyzed,2.0,739.8
2026-03-02,Whey Protein Isolado,18.0,5468.38
2026-03-02,Whey Protein Isolado - Isofort,7.0,2189.3
2026-03-02,Whey Protein Isolado - Sachê,11.0,185.9
2026-03-02,Whey Protein Isolado - Tasty Iso,1.0,289.9
2026-03-02,Whey Protein Smoothie,1.0,199.9
2026-03-02,Whey Tech 100%,13.0,1818.7
2026-03-02,Whey hidrolisado e isolado,1.0,309.9
2026-03-02,Zinco Quelato,3.0,115.83
2026-03-02,Óleo de Borragem - Gamalift,1.0,129.93
2026-03-02,Óleo de Prímula - 500mg,1.0,39.9
2026-03-02,Ômega -  Mega DHA,3.0,299.7
2026-03-02,Ômega - DHA 1000,2.0,259.96
2026-03-02,Ômega - Mega DHA,3.0,539.7
2026-03-02,Ômega 3,4.0,419.6
2026-03-02,Ômega 3 - 1360mg,2.0,279.8
2026-03-02,Ômega 3 - EPA DHA - 1000mg,7.0,538.3
2026-03-02,Ômega 3 - Omegafor Memory,4.0,419.6
2026-03-02,Ômega 3 - Ultra Caps 1000mg,1.0,159.9
2026-03-02,Ômega 3 EPA DHA,7.0,909.3
2026-03-02,Ômega 3 Pulse,1.0,129.9
2026-03-02,Ômega 3 Super DHA,1.0,119.9
2026-03-02,Ômega 3 Super DHA BIG,2.0,379.8
2026-03-02,Ômega Golden,1.0,219.9
2026-03-02,Ômega Ultra - 1000mg,1.0,94.9
2026-03-02,Ômegafor Vegan 400mg,2.0,199.8
2026-03-09,Achocolatado - Choco Family - Refil,2.0,99.8
2026-03-09,Achocolatado - Chocoki,1.0,89.9
2026-03-09,Aminoácido - Aminovita,3.0,449.7
2026-03-09,Aminoácidos - Aminnu EAAs - Sem Xilitol,2.0,419.8
2026-03-09,BT Nitrato,1.0,174.9
2026-03-09,BT Nitrato 400,1.0,149.9
2026-03-09,Barra Chocolate 70%,2.0,37.78
2026-03-09,Barrinha Charge Bar,3.0,38.7
2026-03-09,Barrinha de Chocolate ao Leite,1.0,9.9
2026-03-09,Barrinha de Proteína,4.0,468.6
2026-03-09,Barrinha de Proteína - Protein Crisp Bar,2.0,15.8
2026-03-09,Barrinha de Proteína Choco Wheyfer,1.0,84.9
2026-03-09,Barrinha de Proteína Crunch,1.0,13.9
2026-03-09,Barrinha de Proteína Protein Crisp,2.0,159.8
2026-03-09,Beef Protein,2.0,459.89
2026-03-09,Best Whey,2.0,399.8
2026-03-09,Beta Alanina,5.0,314.5
2026-03-09,Bio Cálcio  60 caps PURAVIDA,1.0,79.9
2026-03-09,Bio Ferro,2.0,85.8
2026-03-09,Body Protein Vegano,1.0,159.9
2026-03-09,BodyBalance - Muscle Synergy,1.0,254.9
2026-03-09,"Boraprim - Borragem, Prímula e Gergelim",4.0,284.11
2026-03-09,Cafeína - Caffeinex 200,2.0,77.8
2026-03-09,Cappuccino Proteico,1.0,54.9
2026-03-09,Cappuccino Whey - Sachê,1.0,21.9
2026-03-09,Carboidrato - Carbofor,1.0,42.22
2026-03-09,Chá,4.0,27.9
2026-03-09,Chá Misto,2.0,13.8
2026-03-09,Chá Sublime - Inocência,1.0,7.2
2026-03-09,Coenzima Q10 (200mg p/ porção),6.0,684.67
2026-03-09,Coenzima Q10 + Ômega 3 + Vitamina E,5.0,659.68
2026-03-09,Colágeno - Colagentek,5.0,474.5
2026-03-09,Colágeno - Colagentek Protein - Bodybalance,7.0,1259.3
2026-03-09,Colágeno - Collagen Essential Protein,4.0,959.6
2026-03-09,Colágeno - Collagen Gut,1.0,209.9
2026-03-09,Colágeno - Collagen Pro - Body Suport,1.0,209.9
2026-03-09,Colágeno - Collagen Renew Hidrolisado,1.0,89.9
2026-03-09,Colágeno - Multi Collagen,1.0,229.9
2026-03-09,Colágeno Hidrolisado - Collagen Pro 18g,7.0,1049.3
2026-03-09,Colágeno Tipo II,1.0,53.99
2026-03-09,Complexo B,1.0,104.9
2026-03-09,Complexo B 500mg,2.0,89.8
2026-03-09,Coq10,1.0,229.9
2026-03-09,Coq10 + Vitamina E,1.0,134.9
2026-03-09,Creatina,1.0,29.99
2026-03-09,Creatina - Creafort (Creapure),7.0,1259.3
2026-03-09,Creatina 100% Pure,1.0,109.9
2026-03-09,Creatina Monohidratada,26.0,1896.22
2026-03-09,Creatina Monohidratada (Creapure),3.0,619.7
2026-03-09,Creatina Monohidratada -  Crealift (Creapure),1.0,299.9
2026-03-09,Creatina Monohidratada - Creatine,11.0,1069.17
2026-03-09,Creatina Monohidratada - Hardcore,1.0,89.9
2026-03-09,Creatine Action - Gummy,1.0,119.9
2026-03-09,Cromo Picolinato - 250mg,1.0,27.9
2026-03-09,Cúrcuma Plus,6.0,419.4
2026-03-09,Eletrólitos,20.0,402.0
2026-03-09,Energy Gel,2.0,25.8
2026-03-09,Energy Gel - Endurance,2.0,13.8
2026-03-09,Energy Kick - Sachê,2.0,17.8
2026-03-09,Energy Kick com Cafeína - Sachê,6.0,53.4
2026-03-09,Extrato de Laranja Moro 400mg,1.0,89.91
2026-03-09,Feno Grego,1.0,69.9
2026-03-09,Ferro Plus,2.0,59.8
2026-03-09,Ferro Quelado 34mg,1.0,29.9
2026-03-09,Ferro Quelato + Vitamina C,3.0,140.7
2026-03-09,Fiber Biome,1.0,172.9
2026-03-09,Fresh Whey,8.0,1839.2
2026-03-09,Gel Nitrato,22.0,232.16
2026-03-09,Gel Nitrato c/ Cafeína,1.0,10.9
2026-03-09,Glutamina,2.0,105.81
2026-03-09,Glutamina - Glutamax,4.0,359.6
2026-03-09,Glutamina em Pó,1.0,114.9
2026-03-09,Gold Whey Concentrado Refil,4.0,719.6
2026-03-09,Hipercalórico - Monsterone,1.0,124.9
2026-03-09,Hydro Protein,1.0,10.9
2026-03-09,Hydrolift,1.0,98.9
2026-03-09,Isofort Plant (Life Vegan),3.0,379.7
2026-03-09,Juice Protein,2.0,21.8
2026-03-09,L-Carnitina 530mg,1.0,69.9
2026-03-09,L-Taurina - 1.000mg,3.0,209.7
2026-03-09,Laranja Moro - Moroskinny,2.0,188.82
2026-03-09,Leite de Coco em Pó - Coco Cream,1.0,64.9
2026-03-09,MCT,1.0,134.9
2026-03-09,MCT LIFT,1.0,119.9
2026-03-09,Magnésio,5.0,224.5
2026-03-09,Magnésio + Inositol Relief 1.0,1.0,159.9
2026-03-09,Magnésio Inositol,2.0,279.8
2026-03-09,Magnésio Quelato - Bio Mag,1.0,74.9
2026-03-09,Melatonina,1.0,59.9
2026-03-09,Melatonina Duo,2.0,139.8
2026-03-09,Melatonina Duo Harmony,1.0,129.9
2026-03-09,Melatonina em Gotas,1.0,39.9
2026-03-09,Mg Complex,1.0,96.9
2026-03-09,Morning Shot - Imunidade,1.0,104.9
2026-03-09,Multivitaminico  - Imunomult- 1000mg,2.0,269.8
2026-03-09,Multivitaminino - Multi All,3.0,239.7
2026-03-09,Multivitamínico - Vitalift,1.0,189.9
2026-03-09,N-Acetil Cisteína (NAC),1.0,89.9
2026-03-09,NAC,2.0,107.8
2026-03-09,NAC + Glycine + Taurine,1.0,89.9
2026-03-09,NAC PRO,1.0,69.9
2026-03-09,Nitro 400,3.0,339.88
2026-03-09,Omegafor Family - Ômega 3,2.0,189.8
2026-03-09,Omegafor Plus,12.0,2427.8
2026-03-09,Palatinose,3.0,209.7
2026-03-09,Pasta de Amendoim,1.0,59.9
2026-03-09,Probiótico - Simcaps,1.0,74.9
2026-03-09,Probiótico - Simfort Plus,6.0,719.4
2026-03-09,Protein Booster Pro,1.0,10.9
2026-03-09,Proteina Vegetal,1.0,99.99
2026-03-09,Proteina Vegetal - True Vegan,2.0,389.8
2026-03-09,Proteína - Isocrisp Plant Pouch,4.0,279.6
2026-03-09,Proteína Isolada e Hidrolisada - Body Protein,4.0,879.6
2026-03-09,Proteína Vegana - Immuno Veggie,1.0,254.9
2026-03-09,Proteína Vegana - Veggie Protein,1.0,254.9
2026-03-09,Pré-Treino,1.0,139.9
2026-03-09,Pré-Treino - V Fort Ultra,1.0,129.9
2026-03-09,Pré-treino - Energy Kick Caffeine,1.0,129.9
2026-03-09,Própolis Líquido - Gotas,2.0,99.8
2026-03-09,Própolis Verde - Premium 10mg,1.0,59.99
2026-03-09,Própolis Verde - Propomax,1.0,29.9
2026-03-09,Própolis Verde 70,2.0,79.8
2026-03-09,Psyllium,8.0,559.2
2026-03-09,Pós-treino - Recharge 4:1,1.0,130.09
2026-03-09,Refil 100% Whey Protein - Flavour,3.0,329.97
2026-03-09,Refil Whey 100% Pure,1.0,139.9
2026-03-09,Refil Whey Concentrado - W100,3.0,382.79
2026-03-09,Refil Whey Protein - 3W,1.0,174.9
2026-03-09,Refil Whey Protein Concentrado,2.0,319.89
2026-03-09,Resveratrol - Resveramax,1.0,179.9
2026-03-09,Resveratrol Plus - 165mg,2.0,219.8
2026-03-09,Salgadinho,3.0,17.7
2026-03-09,Simfort Femme,1.0,99.9
2026-03-09,Simfort Ultra,1.0,89.9
2026-03-09,Simfort fibras,1.0,64.9
2026-03-09,Sleep,1.0,189.9
2026-03-09,Sleepfor,1.0,55.98
2026-03-09,Spirulina 400mg,1.0,89.9
2026-03-09,Super Café - Desincoffee,3.0,299.7
2026-03-09,Super Ômega 3,6.0,1184.4
2026-03-09,SuperCoffee,16.0,2423.4
2026-03-09,SuperCoffee Língua de gato - Kopenhagen,8.0,1399.2
2026-03-09,Suplemento Alimentar  - Hepatofor,1.0,99.9
2026-03-09,"Suplemento Alimentar - Cabelo, Unha e Pele - Beauty +",1.0,116.91
2026-03-09,Suplemento Alimentar - GUARDIAN®,4.0,839.6
2026-03-09,Suplemento Alimentar - Slim Body 400mg,1.0,69.99
2026-03-09,Suplemento Vitamínico - Alpha Harmony,1.0,117.24
2026-03-09,Tablete de Doce,4.0,19.6
2026-03-09,Tasty Whey 3W Gourmet,3.0,674.7
2026-03-09,Termogênico - Lipix6,1.0,114.9
2026-03-09,Trio Magnésio 720mg,10.0,642.51
2026-03-09,True Almonds Protein,1.0,19.9
2026-03-09,Vegan Ômega 3 DHA,2.0,249.8
2026-03-09,Vitamina B12,12.0,456.81
2026-03-09,Vitamina B9 - Ácido Fólico,1.0,79.9
2026-03-09,Vitamina C - Bio Vit C+,1.0,54.9
2026-03-09,Vitamina D - Vita D3,7.0,360.57
2026-03-09,Vitamina D - Vita D3 + C + Zinco,6.0,359.4
2026-03-09,Vitamina D3,3.0,219.7
2026-03-09,Vitamina D3 + K2,6.0,409.4
2026-03-09,Vitamina D3 - 2000 Ui,2.0,73.8
2026-03-09,Vitamina D3 - Ydrosolv - Spray,1.0,76.5
2026-03-09,Vitamina D3 Synergy,1.0,59.9
2026-03-09,"Vitaminas A, E, D e K2- RESTAURE® - Gotas",1.0,154.9
2026-03-09,W100 Whey Concentrado Havanna - Sachê,1.0,12.9
2026-03-09,Whey,4.0,1179.6
2026-03-09,Whey - Zero Lactose,2.0,439.8
2026-03-09,Whey 3W -  Sachê,4.0,42.69
2026-03-09,Whey Fort 3W,12.0,2598.8
2026-03-09,Whey Isolado - Iso Triple Zero,2.0,399.98
2026-03-09,Whey Isolado - Isofort Ultra Imuno,1.0,339.9
2026-03-09,Whey Isolado e Hidrolisado - H.I Whey,3.0,749.7
2026-03-09,Whey Protein - 3W - The Whey,1.0,119.9
2026-03-09,Whey Protein - Isofort Beauty,2.0,279.8
2026-03-09,Whey Protein Concentrado,18.0,3778.2
2026-03-09,Whey Protein Concentrado - Sachê,7.0,79.08
2026-03-09,Whey Protein Concentrado Cappuccino 900g DUX,1.0,209.9
2026-03-09,Whey Protein Concentrado Party,5.0,899.95
2026-03-09,Whey Protein Isolado,18.0,5518.83
2026-03-09,Whey Protein Isolado - All Natural,1.0,319.9
2026-03-09,Whey Protein Isolado - Isofort,3.0,929.7
2026-03-09,Whey Protein Isolado - Sachê,5.0,84.5
2026-03-09,Whey Protein Isolado - Tasty Iso,1.0,289.9
2026-03-09,Whey Tech 100%,13.0,1818.7
2026-03-09,Whey hidrolisado e isolado,5.0,1549.5
2026-03-09,Zinco Quelado,1.0,34.9
2026-03-09,Zinco Quelato,1.0,42.9
2026-03-09,Óleo de Prímula - 500mg,1.0,39.9
2026-03-09,Ômega -  Mega DHA,1.0,99.9
2026-03-09,Ômega - Mega DHA,1.0,179.9
2026-03-09,Ômega 3,3.0,539.7
2026-03-09,Ômega 3 - 1360mg,5.0,699.5
2026-03-09,Ômega 3 - DHA Vegan 430mg,1.0,149.9
2026-03-09,Ômega 3 - Omegafor Memory,1.0,104.9
2026-03-09,Ômega 3 - Ultra Caps 1000mg,1.0,159.9
2026-03-09,Ômega 3 EPA DHA,13.0,1342.7
2026-03-09,Ômega 3 Super DHA,5.0,559.5
2026-03-09,Ômega Beauty,1.0,69.9
2026-03-09,Ômega Core,1.0,219.9
2026-03-09,Ômega DHA,2.0,459.8
2026-03-16,100% Whey Pure,2.0,289.8
2026-03-16,Achocolatado - Chocoki,1.0,89.9
2026-03-16,Achocolatado Multivitaminado - Choco Nutrients,1.0,59.9
2026-03-16,Aminoácido - Aminovita,1.0,124.9
2026-03-16,Aminoácido - BCAA Fort,1.0,94.9
2026-03-16,Aminoácido N-acetil L-cisteína (NAC),1.0,69.9
2026-03-16,Aminoácidos - Aminnu EAAs,1.0,209.9
2026-03-16,Aminoácidos - Aminolift,3.0,618.79
2026-03-16,Arginofor -  L-Arginina,1.0,119.9
2026-03-16,BT Nitrato 400,1.0,174.9
2026-03-16,Barrinha Charge Bar,5.0,64.5
2026-03-16,Barrinha de Chocolate 70%,1.0,9.9
2026-03-16,Barrinha de Chocolate Branco,1.0,9.9
2026-03-16,Barrinha de Proteína,7.0,221.84
2026-03-16,Barrinha de Proteína - Protein Crisp Bar,7.0,310.3
2026-03-16,Barrinha de Proteína Choco Wheyfer,3.0,23.7
2026-03-16,Barrinha de Proteína Collagen Bar,1.0,109.9
2026-03-16,Bebida Proteica - Natural Whey 100% Whey - 15g,4.0,35.96
2026-03-16,Bebida Proteica - Natural Whey 100% Whey -15g,4.0,35.96
2026-03-16,Best Whey,1.0,199.9
2026-03-16,Beta Alanina,3.0,188.7
2026-03-16,Beta Alanina 100%,2.0,95.8
2026-03-16,Beta Glucana,1.0,77.9
2026-03-16,Bio Cálcio  60 caps PURAVIDA,1.0,79.9
2026-03-16,Bio Ferro,2.0,85.8
2026-03-16,Bio Zinco,1.0,36.9
2026-03-16,Biscoito Proteico - Sublime,1.0,12.9
2026-03-16,Blend de Chá - Detox,2.0,57.8
2026-03-16,"Boraprim - Borragem, Prímula e Gergelim",2.0,179.8
2026-03-16,Cacao Whey - Sachê,2.0,37.0
2026-03-16,Cafeína,1.0,52.9
2026-03-16,Cappuccino Whey - Sachê,1.0,18.5
2026-03-16,Chocolate 77% Cacau,2.0,59.98
2026-03-16,Coenzima Q10,2.0,284.8
2026-03-16,Coenzima Q10 (200mg p/ porção),4.0,459.96
2026-03-16,Coenzima Q10 + Ômega 3 + Vitamina E,6.0,719.94
2026-03-16,Coenzima Q10 200mg,1.0,89.9
2026-03-16,Coenzima Q10+ 200mg,3.0,419.7
2026-03-16,Colágeno -  Collagen Gut,1.0,199.9
2026-03-16,Colágeno - Colagentek,4.0,379.6
2026-03-16,Colágeno - Colagentek Protein - Bodybalance,9.0,1619.1
2026-03-16,Colágeno - Collagen Bones,1.0,199.9
2026-03-16,Colágeno - Collagen Derm,1.0,149.92
2026-03-16,Colágeno - Collagen Essential Protein,1.0,239.9
2026-03-16,Colágeno - Collagen Protein Hidrolisado,2.0,359.8
2026-03-16,Colágeno - Collagen Protein Hidrolisado Berries Silvestres 450g PURAVIDA,3.0,539.7
2026-03-16,Colágeno - Collagen Renew Hidrolisado,1.0,89.9
2026-03-16,Colágeno - Collagen Tipo II 40mg,3.0,269.7
2026-03-16,Colágeno - Collcreatine,1.0,189.9
2026-03-16,Colágeno - Collpure®,2.0,327.8
2026-03-16,Colágeno - Multi Collagen,2.0,459.8
2026-03-16,Colágeno Hidrolisado - Collagen Pro 18g,4.0,599.6
2026-03-16,Complexo B 500mg,2.0,89.8
2026-03-16,Coq10 + Vitamina E,1.0,134.9
2026-03-16,Cranberry - She She Comfort,1.0,69.9
2026-03-16,Creatina,10.0,569.81
2026-03-16,Creatina - Creafort (Creapure),4.0,639.6
2026-03-16,Creatina - Gummy,1.0,144.9
2026-03-16,Creatina 100%,3.0,249.7
2026-03-16,Creatina 100% Pure,2.0,219.8
2026-03-16,Creatina Monohidratada,24.0,1706.31
2026-03-16,Creatina Monohidratada (Creapure),3.0,654.7
2026-03-16,Creatina Monohidratada - Creatine,9.0,809.91
2026-03-16,Creatina Monohidratada - Hardcore,3.0,269.7
2026-03-16,Creme de Pistache,1.0,49.9
2026-03-16,Cromo Picolinato - 250mg,1.0,27.9
2026-03-16,Curcumina,1.0,99.9
2026-03-16,Cálcio de Algas 1000mg,1.0,64.9
2026-03-16,Cúrcuma Plus,3.0,209.7
2026-03-16,Eletrólitos,1.0,6.9
2026-03-16,Energy Gel,5.0,64.5
2026-03-16,Energy Gel - Endurance,1.0,6.9
2026-03-16,Energy Gel c/ Cafeína,2.0,25.8
2026-03-16,Energy Pro Ice Tea,7.0,69.3
2026-03-16,Enzima - Enzyfor,1.0,79.9
2026-03-16,Enzimas Enzyfor,3.0,449.7
2026-03-16,Expresso Whey - Sachê,1.0,18.5
2026-03-16,Extrato de Laranja Moro 400mg,1.0,99.9
2026-03-16,Feno Grego,1.0,69.9
2026-03-16,Ferro Plus,5.0,149.5
2026-03-16,Ferro Quelado 34mg,2.0,59.8
2026-03-16,Ferro Quelato + Vitamina C,1.0,46.9
2026-03-16,Fiber Biome,2.0,305.98
2026-03-16,Fresh Vegan,3.0,509.7
2026-03-16,Fresh Whey,10.0,1939.0
2026-03-16,Gel - Endurance,3.0,209.7
2026-03-16,Gel Nitrato,12.0,107.88
2026-03-16,Gel Nitrato c/ Cafeína,4.0,35.96
2026-03-16,Glutamina,3.0,188.7
2026-03-16,Glutamina - Glutamax,5.0,449.5
2026-03-16,Glutamina - Glutamax Refil,1.0,129.9
2026-03-16,Glutamina Isolates,1.0,64.9
2026-03-16,Glutamina em Pó,1.0,114.9
2026-03-16,Gold Whey Concentrado Refil,1.0,179.9
2026-03-16,Granola,1.0,32.9
2026-03-16,Isofort Plant (Life Vegan),2.0,239.8
2026-03-16,Livestrong,2.0,561.98
2026-03-16,Maca Peruana,1.0,49.9
2026-03-16,Maca Peruana Preta - Macapure,1.0,179.9
2026-03-16,Magnésio Inositol,2.0,279.8
2026-03-16,Magnésio Inositol Relax,1.0,273.9
2026-03-16,Magnésio Quelato - Bio Mag,4.0,247.96
2026-03-16,Melatonina - Sleepfor,1.0,69.99
2026-03-16,Melatonina Duo,2.0,139.8
2026-03-16,Melatonina Fast,1.0,34.9
2026-03-16,Melatonina em Gotas,1.0,39.9
2026-03-16,Metilfolato,1.0,48.9
2026-03-16,Morning Shot - Imunidade,1.0,104.9
2026-03-16,Multivitaminico - Imunomult- 1000mg,1.0,99.9
2026-03-16,Multivitaminino - Multi All,1.0,79.9
2026-03-16,Multivitamínico Support,2.0,355.8
2026-03-16,N-Acetil Cisteína (NAC),1.0,89.9
2026-03-16,NAC 650mg,1.0,64.9
2026-03-16,NAC PRO,2.0,139.8
2026-03-16,Nitro 400,1.0,99.99
2026-03-16,Omegafor Family - Ômega 3,1.0,119.9
2026-03-16,Omegafor Plus,25.0,4221.5
2026-03-16,Palatinose,4.0,274.6
2026-03-16,Pasta de Amendoim Granulado,1.0,18.89
2026-03-16,Paçoquinha,2.0,9.8
2026-03-16,Polivitamínico - Berryki,1.0,53.55
2026-03-16,Prebiótico,1.0,84.9
2026-03-16,Probiótico - Simcaps,1.0,74.9
2026-03-16,Probiótico - Simfort Plus,7.0,739.3
2026-03-16,Probióticos em Pó - Simfort,1.0,94.9
2026-03-16,Profem - Óleo de Prímula,1.0,64.9
2026-03-16,Protein Booster Pro,9.0,98.1
2026-03-16,Protein Brownie,1.0,60.9
2026-03-16,Proteina Vegetal,1.0,159.9
2026-03-16,Proteína - Isocrisp Plant Pouch,2.0,139.8
2026-03-16,Proteína Isolada e Hidrolisada - Body Protein,4.0,879.6
2026-03-16,Proteína Vegana - Immuno Veggie,2.0,479.98
2026-03-16,Proteína Vegana - Vegan Tasty,1.0,129.9
2026-03-16,Proteína Vegana - Veggie Protein,1.0,227.99
2026-03-16,Pré-treino - Exquenta,1.0,106.84
2026-03-16,Pré-treino - Heat Up,1.0,159.9
2026-03-16,Própolis Líquido - Gotas,2.0,99.8
2026-03-16,Própolis Verde,1.0,49.99
2026-03-16,Própolis Verde - Alcoólico,1.0,29.9
2026-03-16,Psyllium,1.0,79.9
2026-03-16,Refil 100% Whey Protein - Flavour,2.0,219.98
2026-03-16,Refil Whey 100% Pure,1.0,139.9
2026-03-16,Refil Whey Concentrado - W100,6.0,737.94
2026-03-16,Refil Whey Concentrado Havanna - W100,4.0,559.6
2026-03-16,Refil Whey Protein - 3W,3.0,524.7
2026-03-16,Resveratrol Plus - 165mg,1.0,109.9
2026-03-16,Sachê de Óleo De Coco,1.0,3.9
2026-03-16,Salgadinho,2.0,11.8
2026-03-16,Simfort Femme,1.0,99.9
2026-03-16,Simfort Ultra,1.0,154.9
2026-03-16,Simfort fibras,4.0,259.6
2026-03-16,Sleep,1.0,189.9
2026-03-16,Super Ômega 3,8.0,999.92
2026-03-16,SuperCoffee,10.0,1564.0
2026-03-16,SuperCoffee Língua de gato - Kopenhagen,6.0,1049.4
2026-03-16,Suplemento Alimentar  - Hepatofor,1.0,99.9
2026-03-16,Suplemento Alimentar - Alpha Inflaminus,1.0,144.9
2026-03-16,Suplemento Alimentar - Alpha Mater,5.0,774.5
2026-03-16,Suplemento Alimentar - Alpha Men,1.0,139.99
2026-03-16,"Suplemento Alimentar - Cabelo, Unha e Pele - Beauty +",1.0,129.9
2026-03-16,Suplemento Alimentar - GUARDIAN®,2.0,419.8
2026-03-16,Suplemento Alimentar - Slim Shape,2.0,139.8
2026-03-16,Suplemento Alimentar - True Nac,1.0,69.9
2026-03-16,Suplemento de Magnésio - Blue Calm,4.0,439.6
2026-03-16,Tablete de Doce,4.0,19.6
2026-03-16,Tasty Whey 3W Gourmet,7.0,1574.3
2026-03-16,Termogênico - Lipix6,2.0,184.8
2026-03-16,True Cúrcuma com Ômega,1.0,124.9
2026-03-16,Vitamina - Good Mood,2.0,119.8
2026-03-16,Vitamina B12,7.0,269.3
2026-03-16,Vitamina C - Bio Vit C+,1.0,54.9
2026-03-16,Vitamina D - Vita D3,5.0,268.5
2026-03-16,Vitamina D - Vita D3 + C + Zinco,5.0,282.5
2026-03-16,Vitamina D3,1.0,44.9
2026-03-16,Vitamina D3 + K2,8.0,524.2
2026-03-16,Vitamina D3 Synergy,3.0,179.7
2026-03-16,"Vitaminas A, E, D e K2- RESTAURE® - Gotas",2.0,309.8
2026-03-16,Whey,10.0,2349.45
2026-03-16,Whey Fort 3W,6.0,1079.4
2026-03-16,Whey Isolado,2.0,379.15
2026-03-16,Whey Isolado e Hidrolisado - H.I Whey,1.0,219.99
2026-03-16,Whey Protein - Isofort Beauty,1.0,139.9
2026-03-16,Whey Protein Concentrado,22.0,4617.8
2026-03-16,Whey Protein Concentrado - Sachê,17.0,171.43
2026-03-16,Whey Protein Concentrado Cappuccino 900g DUX,3.0,629.7
2026-03-16,Whey Protein Crisp - Isocrisp,3.0,149.7
2026-03-16,Whey Protein ISO 100 Hydrolyzed,2.0,1249.8
2026-03-16,Whey Protein Isolado,20.0,5549.26
2026-03-16,Whey Protein Isolado - Isofort,3.0,929.7
2026-03-16,Whey Protein Isolado - Sachê,5.0,84.5
2026-03-16,Whey Protein Isolado - Tasty Iso,3.0,869.7
2026-03-16,Whey Tech 100%,17.0,2378.3
2026-03-16,Whey hidrolisado e isolado,1.0,309.9
2026-03-16,Zinco Quelado,1.0,34.9
2026-03-16,Óleo de Borragem - Gamalift,1.0,144.37
2026-03-16,Óleo de Krill - Ômega 3 EPA DHA,1.0,58.9
2026-03-16,Ômega -  Mega DHA,1.0,99.9
2026-03-16,Ômega - DHA 1000,1.0,129.98
2026-03-16,Ômega - Mega DHA,2.0,359.8
2026-03-16,Ômega 3  - 1360mg,2.0,379.8
2026-03-16,Ômega 3 - 1360mg,5.0,699.5
2026-03-16,Ômega 3 - Omegafor Memory,3.0,314.7
2026-03-16,Ômega 3 - Ultra Caps 1000mg,2.0,319.8
2026-03-16,Ômega 3 EPA DHA,10.0,777.0
2026-03-16,Ômega 3 IFOS - 660 EPA/ 440 DHA,1.0,179.9
2026-03-16,Ômega 3 Super DHA,1.0,119.9
2026-03-16,Ômega 3 Super DHA BIG,2.0,379.8
2026-03-23,#Whey Protein Concentrado,1.0,109.9
2026-03-23,100% Whey Pure,1.0,144.9
2026-03-23,100% Whey True Protein,2.0,419.8
2026-03-23,Achocolatado - Choco Family - Refil,1.0,49.9
2026-03-23,Aminoácido - Amino Builder,1.0,154.35
2026-03-23,Aminoácido - Aminovita,1.0,149.9
2026-03-23,Aminoácido - BCAA Fort,1.0,94.9
2026-03-23,Aminoácido N-acetil L-cisteína (NAC),7.0,455.3
2026-03-23,Aminoácidos - Aminnu EAAs,2.0,419.8
2026-03-23,Antioxidante - Licopeno de Tomate,1.0,47.18
2026-03-23,BT Nitrato,2.0,299.8
2026-03-23,BT Nitrato 400,3.0,499.7
2026-03-23,Barra Double,2.0,11.86
2026-03-23,Barrinha - Body Protein,1.0,10.9
2026-03-23,Barrinha Charge Bar,1.0,12.9
2026-03-23,Barrinha de Chocolate 70%,2.0,19.8
2026-03-23,Barrinha de Proteina - Protein Crisp Bar,1.0,92.9
2026-03-23,Barrinha de Proteína,7.0,637.3
2026-03-23,Barrinha de Proteína - Protein Crisp Bar,1.0,92.9
2026-03-23,Barrinha de Proteína Choco Wheyfer,1.0,84.9
2026-03-23,Barrinha de Proteína Protein Crisp,2.0,159.8
2026-03-23,Barrinha de Proteína Whey Grego - Havanna,1.0,96.9
2026-03-23,Bebida Proteica - Natural Whey 100% Whey -15g,2.0,17.98
2026-03-23,Beef Protein,3.0,662.97
2026-03-23,Best Whey,2.0,399.8
2026-03-23,Beta Alanina,3.0,188.7
2026-03-23,Beta Alanina 100%,4.0,191.6
2026-03-23,Bio Ferro,1.0,42.9
2026-03-23,Bio Zinco,2.0,73.8
2026-03-23,Biotina Plus,1.0,46.9
2026-03-23,Biscoito Proteico - Sublime,1.0,12.9
2026-03-23,Blend de Chá - Xô TPM,1.0,27.9
2026-03-23,Bom Ciclo,1.0,79.9
2026-03-23,"Boraprim - Borragem, Prímula e Gergelim",3.0,269.7
2026-03-23,Cappuccino Proteico,2.0,109.8
2026-03-23,Cappuccino Whey - Sachê,2.0,37.0
2026-03-23,Chocolate 66% Cacau,1.0,27.9
2026-03-23,Chá Vitatea,1.0,74.9
2026-03-23,Cocada,1.0,4.9
2026-03-23,Coenzima  Q10 - 100mg,2.0,179.8
2026-03-23,Coenzima Q10,5.0,424.5
2026-03-23,Coenzima Q10  (200mg p/ porção),2.0,439.8
2026-03-23,Coenzima Q10 (200mg p/ porção),8.0,919.92
2026-03-23,Coenzima Q10 + Ômega 3 + Vitamina E,8.0,959.92
2026-03-23,Coenzima Q10 - (100mg p/ porção),5.0,424.5
2026-03-23,Coenzima Q10+ 200mg,1.0,139.9
2026-03-23,Colágeno - Colagentek,2.0,189.8
2026-03-23,Colágeno - Colagentek Beauty,1.0,124.9
2026-03-23,Colágeno - Colagentek II,4.0,569.6
2026-03-23,Colágeno - Colagentek Protein - Bodybalance,6.0,1079.4
2026-03-23,Colágeno - Collagen Derm,1.0,149.92
2026-03-23,Colágeno - Collagen Essential Protein,2.0,479.8
2026-03-23,Colágeno - Collagen Gut,1.0,209.9
2026-03-23,Colágeno - Collagen Protein Hidrolisado,1.0,179.9
2026-03-23,Colágeno - Collagen Protein Hidrolisado Berries Silvestres 450g PURAVIDA,3.0,539.7
2026-03-23,Colágeno - Collagen Renew Hidrolisado,2.0,179.8
2026-03-23,Colágeno - Collagen Tipo II 40mg,5.0,449.5
2026-03-23,Colágeno - Collpure®,1.0,164.9
2026-03-23,Colágeno Collagen Flex Beauty,1.0,174.9
2026-03-23,Colágeno Hidrolisado - Collagen Pro 18g,4.0,599.6
2026-03-23,Colágeno Tipo II,1.0,59.9
2026-03-23,Complexo B,2.0,148.89
2026-03-23,Complexo B - Bio Vit.B+,1.0,44.9
2026-03-23,Complexo B - Vit B Complex,1.0,119.85
2026-03-23,Complexo B Max,1.0,44.9
2026-03-23,Coq10,1.0,205.99
2026-03-23,Creatina,6.0,519.76
2026-03-23,Creatina - Creafort (Creapure),5.0,899.5
2026-03-23,Creatina 100%,1.0,59.9
2026-03-23,Creatina Monohidratada,38.0,2626.63
2026-03-23,Creatina Monohidratada (Creapure),1.0,194.9
2026-03-23,Creatina Monohidratada - Creatine,6.0,539.94
2026-03-23,Creatina Premium - Creapure,3.0,689.7
2026-03-23,Cromo Picolinato - 250mg,1.0,27.9
2026-03-23,Cúrcuma - Curcumagic,1.0,154.9
2026-03-23,Cúrcuma Plus,8.0,559.2
2026-03-23,Eletrólitos,11.0,163.9
2026-03-23,Energy Gel,1.0,12.9
2026-03-23,Energy Pro Ice Tea,6.0,59.4
2026-03-23,Enzima Lactase - Laczyme,1.0,84.9
2026-03-23,Feno Grego + Boro 500mg,1.0,99.9
2026-03-23,Ferro Plus,6.0,179.4
2026-03-23,Ferro Quelato + Vitamina C,3.0,140.7
2026-03-23,Fresh Vegan,1.0,169.9
2026-03-23,Fresh Whey,11.0,2468.9
2026-03-23,Gel - Endurance,1.0,69.9
2026-03-23,Gel Nitrato,5.0,44.95
2026-03-23,Gel Nitrato c/ Cafeína,2.0,17.98
2026-03-23,Gluatamina em Sachê - Glutamax,1.0,99.9
2026-03-23,Glutamina,2.0,119.8
2026-03-23,Glutamina - Glutamax,1.0,89.9
2026-03-23,Glutamina - Glutamax Refil,1.0,129.9
2026-03-23,Glutamina Isolates,1.0,64.9
2026-03-23,Glutamina em Pó,2.0,229.8
2026-03-23,Gold Whey Concentrado Refil,3.0,539.7
2026-03-23,Granola - Zero Açúcar,2.0,65.8
2026-03-23,Hydro Protein,6.0,65.4
2026-03-23,Immuno Whey,4.0,879.96
2026-03-23,Isofort Plant (Life Vegan),1.0,129.9
2026-03-23,Livestrong,1.0,270.99
2026-03-23,MCT - Oil Powder,1.0,134.9
2026-03-23,MCT LIFT,1.0,119.9
2026-03-23,Magnésio - Bio Trimag,3.0,224.7
2026-03-23,Magnésio Inositol,2.0,324.8
2026-03-23,Magnésio Inositol Relax,1.0,273.9
2026-03-23,Magnésio Plus 900mg,3.0,284.7
2026-03-23,Magnésio Quelato - Bio Mag,1.0,61.99
2026-03-23,Melatonina,2.0,119.8
2026-03-23,Melatonina - Sleepfor,2.0,139.98
2026-03-23,Melatonina Duo,1.0,69.9
2026-03-23,Melatonina em Gotas,3.0,119.7
2026-03-23,Metil B12,1.0,49.9
2026-03-23,Mg Complex,2.0,173.98
2026-03-23,Morning Shot - Imunidade,6.0,629.4
2026-03-23,Multivitaminico - Imunomult- 1000mg,1.0,99.9
2026-03-23,Multivitamínico Support,1.0,177.9
2026-03-23,NAC,2.0,107.8
2026-03-23,NAC + Glycine + Taurine,2.0,169.98
2026-03-23,NAC Acetilcisteína -  600mg,2.0,159.8
2026-03-23,Nitro 400,4.0,399.96
2026-03-23,Omegafor Plus,32.0,5311.8
2026-03-23,Omegafor Vision,2.0,239.8
2026-03-23,Palatinose,4.0,274.6
2026-03-23,Pasta de Amendoim Granulado,2.0,59.8
2026-03-23,Prebiótico,2.0,169.8
2026-03-23,Probiótico - Simfort Plus,5.0,499.5
2026-03-23,Probióticos em Pó - Simfort,1.0,179.9
2026-03-23,Profem - Óleo de Prímula,1.0,105.63
2026-03-23,Protein Booster Pro,1.0,10.9
2026-03-23,Proteina Vegetal,2.0,319.8
2026-03-23,Proteína Isolada e Hidrolisada - Body Protein,5.0,1099.5
2026-03-23,Proteína Isolada e Hidrolisada - Body Protein Red,1.0,219.9
2026-03-23,Proteína Vegana - Vegan Tasty,1.0,129.9
2026-03-23,Pré-Treino,1.0,139.9
2026-03-23,Pré-Treino - V Fort Ultra,2.0,259.8
2026-03-23,Pré-treino - Energy Kick,1.0,129.9
2026-03-23,Própolis - Green Própolis,1.0,69.9
2026-03-23,Própolis Alcoólico,1.0,29.9
2026-03-23,Própolis Líquido - Gotas,1.0,49.9
2026-03-23,Própolis Trio,1.0,69.9
2026-03-23,Própolis Verde,4.0,178.69
2026-03-23,Própolis Verde - Alcoólico,3.0,89.7
2026-03-23,Própolis Verde 70,3.0,119.7
2026-03-23,Psyllium,7.0,519.3
2026-03-23,Recharge 4:1,1.0,143.9
2026-03-23,Refil 100% Whey Protein - Flavour,3.0,329.97
2026-03-23,Refil Pure Blend Protein,1.0,158.0
2026-03-23,Refil Whey 100% Pure,5.0,699.5
2026-03-23,Refil Whey Concentrado - W100,2.0,245.98
2026-03-23,Refil Whey Concentrado Havanna - W100,1.0,139.9
2026-03-23,Refil Whey Protein - 3W,1.0,174.9
2026-03-23,Refil Whey Protein Concentrado,6.0,959.4
2026-03-23,Repositor Energético - D Ribose,1.0,99.9
2026-03-23,Resveratrol - Resveramax,1.0,179.9
2026-03-23,Resveratrol 500mg,1.0,79.9
2026-03-23,Resveratrol Plus - 165mg,5.0,549.5
2026-03-23,Salgadinho,4.0,23.6
2026-03-23,Simfort Femme,1.0,99.9
2026-03-23,Simfort fibras,2.0,129.8
2026-03-23,Sleep,4.0,609.6
2026-03-23,Snack Proteico,4.0,43.6
2026-03-23,Super Café - Desincoffee,1.0,99.9
2026-03-23,Super Ômega 3,4.0,549.87
2026-03-23,SuperCoffee,18.0,2718.2
2026-03-23,SuperCoffee Língua de gato - Kopenhagen,9.0,1574.1
2026-03-23,Suplemento Alimentar - Alpha Inflaminus,1.0,144.9
2026-03-23,Suplemento Alimentar - Alpha Mater,2.0,309.8
2026-03-23,"Suplemento Alimentar - Cabelo, Unha e Pele - Beauty +",1.0,129.9
2026-03-23,Suplemento Alimentar - GUARDIAN®,4.0,839.6
2026-03-23,Suplemento Alimentar - Green Shot,1.0,84.9
2026-03-23,Suplemento Vitamínico - ZMA,1.0,59.9
2026-03-23,Suplemento de Magnésio - Blue Calm,4.0,429.6
2026-03-23,Tablete de Doce,12.0,58.8
2026-03-23,Tasty Whey 3W Gourmet,7.0,1574.3
2026-03-23,Termogênico - Lipix6,3.0,299.7
2026-03-23,Termogênico - Termo Plus,3.0,389.7
2026-03-23,Trio Magnésio 720mg,4.0,259.6
2026-03-23,True Cúrcuma,2.0,149.8
2026-03-23,Vitamina B12,3.0,109.7
2026-03-23,Vitamina C3 - 1000mg,1.0,94.9
2026-03-23,Vitamina D - Vita D3,12.0,642.8
2026-03-23,Vitamina D - Vita D3 + C + Zinco,4.0,222.6
2026-03-23,Vitamina D3,1.0,44.9
2026-03-23,Vitamina D3 + K2,2.0,139.8
2026-03-23,Vitamina D3 - 2000 Ui,2.0,73.8
2026-03-23,Whey,16.0,4089.75
2026-03-23,Whey 3W -  Sachê,1.0,9.99
2026-03-23,Whey Fort 3W,10.0,1799.0
2026-03-23,Whey Isolado - Iso Triple Zero,3.0,619.88
2026-03-23,Whey Protein - 3W - The Whey,2.0,229.89
2026-03-23,Whey Protein - Isofort Beauty,2.0,289.8
2026-03-23,Whey Protein Concentrado,28.0,5877.2
2026-03-23,Whey Protein Concentrado - Sachê,4.0,40.87
2026-03-23,Whey Protein Concentrado Cappuccino 900g DUX,2.0,419.8
2026-03-23,Whey Protein ISO 100 Hydrolyzed,3.0,2029.71
2026-03-23,Whey Protein Isolado,20.0,5799.44
2026-03-23,Whey Protein Isolado - Isofort,4.0,1239.6
2026-03-23,Whey Protein Isolado - Sachê,3.0,50.7
2026-03-23,Whey Tech 100%,3.0,419.7
2026-03-23,Whey hidrolisado e isolado,4.0,1239.6
2026-03-23,Zinco Quelato,1.0,42.9
2026-03-23,Óleo de Prímula - 500mg,2.0,79.8
2026-03-23,Ômega -  Mega DHA,1.0,99.9
2026-03-23,Ômega 3  - 1360mg,2.0,379.8
2026-03-23,Ômega 3 - 1360mg,4.0,559.6
2026-03-23,Ômega 3 - EPA DHA - 1000mg,5.0,360.5
2026-03-23,Ômega 3 - Omegafor Memory,2.0,209.8
2026-03-23,Ômega 3 - Ultra Caps 1000mg,2.0,319.8
2026-03-23,Ômega 3 EPA DHA,13.0,1152.7
2026-03-23,Ômega 3 Super DHA,2.0,239.8
2026-03-23,Ômega Core,1.0,219.9
2026-03-23,Ômegafor Vegan 400mg,1.0,99.9
2026-03-30,#Whey Protein Concentrado,1.0,109.9
2026-03-30,100% Whey Pure,2.0,289.8
2026-03-30,Aminoácidos - Aminolift,1.0,209.9
2026-03-30,BT Nitrato,2.0,324.8
2026-03-30,BT Nitrato 400,1.0,174.9
2026-03-30,Barrinha de Chocolate ao Leite,5.0,49.5
2026-03-30,Barrinha de Proteína,4.0,323.78
2026-03-30,Barrinha de Proteína Best Whey 62g (15g de Proteína),1.0,112.5
2026-03-30,Barrinha de Proteína Choco Wheyfer,1.0,84.9
2026-03-30,Barrinha de Proteína Crunch,3.0,41.7
2026-03-30,Barrinha de Proteína Whey Grego - Havanna,3.0,290.7
2026-03-30,Bebida Proteica - Natural Whey 100% Whey - 15g,4.0,35.96
2026-03-30,Bebida Proteica - Natural Whey 14g,24.0,184.56
2026-03-30,Beef Protein,2.0,666.89
2026-03-30,Best Whey,2.0,394.8
2026-03-30,Beta Alanina,4.0,251.6
2026-03-30,Bio Cálcio  60 caps PURAVIDA,3.0,239.7
2026-03-30,Bio Ferro,1.0,42.9
2026-03-30,Bio Zinco,2.0,73.8
2026-03-30,Blend de Chá - Xô TPM,1.0,27.9
2026-03-30,BodyBalance - Muscle Synergy,1.0,244.9
2026-03-30,Bom Ciclo,1.0,79.9
2026-03-30,Bombom,1.0,8.9
2026-03-30,"Boraprim - Borragem, Prímula e Gergelim",2.0,144.8
2026-03-30,Cacao Whey - Sachê,4.0,79.6
2026-03-30,Cappuccino Whey - Sachê,1.0,21.9
2026-03-30,Chocolate 70% Cacau,1.0,29.9
2026-03-30,Chocolate 70% Cacau - Marshmallow,5.0,88.2
2026-03-30,Chocolate 77% Cacau,1.0,29.99
2026-03-30,Chocolate ao Leite,2.0,59.8
2026-03-30,Chocolate ao Leite - Marshmallow,5.0,49.5
2026-03-30,Coenzima  Q10 - 100mg,1.0,89.9
2026-03-30,Coenzima Q10,1.0,84.9
2026-03-30,Coenzima Q10  (200mg p/ porção),3.0,659.7
2026-03-30,Coenzima Q10 (200mg p/ porção),7.0,724.39
2026-03-30,Coenzima Q10 + Ômega 3 + Vitamina E,3.0,434.7
2026-03-30,Coenzima Q10 - (100mg p/ porção),4.0,339.6
2026-03-30,Coenzima Q10 200mg,1.0,89.9
2026-03-30,Coenzima Q10+ 200mg,1.0,139.9
2026-03-30,Coffee - Brainstorm,1.0,113.99
2026-03-30,Collagen Protein,1.0,239.9
2026-03-30,Colágeno -  Collagen Gut,1.0,199.9
2026-03-30,Colágeno - Colagentek,4.0,379.6
2026-03-30,Colágeno - Colagentek Beauty,1.0,124.9
2026-03-30,Colágeno - Colagentek II,2.0,359.8
2026-03-30,Colágeno - Colagentek Protein - Bodybalance,4.0,719.6
2026-03-30,Colágeno - Collagen Derm,1.0,149.9
2026-03-30,Colágeno - Collagen Essential Protein,2.0,479.8
2026-03-30,Colágeno - Collagen Flex + Beauty,1.0,179.9
2026-03-30,Colágeno - Collagen Renew Hidrolisado,6.0,539.4
2026-03-30,Colágeno Collagen Skin,1.0,194.9
2026-03-30,Colágeno Hidrolisado - Collagen Pro 18g,2.0,299.8
2026-03-30,Colágeno Tipo II,2.0,119.8
2026-03-30,Complexo B - Bio Vit.B+,3.0,134.7
2026-03-30,Complexo B 500mg,1.0,44.9
2026-03-30,Creatina,1.0,99.9
2026-03-30,Creatina - Creafort (Creapure),11.0,1818.9
2026-03-30,Creatina - Gummy,1.0,144.9
2026-03-30,Creatina 100%,3.0,249.7
2026-03-30,Creatina Monohidratada,19.0,1438.28
2026-03-30,Creatina Monohidratada (Creapure),2.0,389.8
2026-03-30,Creatina Monohidratada -  Crealift (Creapure),2.0,599.8
2026-03-30,Creatina Monohidratada - Creatine,8.0,779.38
2026-03-30,Creatina Monohidratada - Hardcore,1.0,89.9
2026-03-30,Creatina Premium - Creapure,1.0,229.9
2026-03-30,Creatine Action - Gummy,3.0,351.88
2026-03-30,Cúrcuma - Curcumagic,2.0,309.8
2026-03-30,Cúrcuma 500mg,1.0,94.9
2026-03-30,Cúrcuma Plus,10.0,699.0
2026-03-30,Eletrólitos,2.0,189.8
2026-03-30,Energy Kick - Sachê,2.0,17.8
2026-03-30,Energy Kick com Cafeína - Sachê,2.0,17.8
2026-03-30,Expresso Whey - Sachê,1.0,19.9
2026-03-30,Feno Grego + Boro 500mg,2.0,199.8
2026-03-30,Ferro Plus,2.0,59.8
2026-03-30,Ferro Quelado 34mg,1.0,29.9
2026-03-30,Ferro Quelato + Vitamina C,3.0,140.7
2026-03-30,Fiber Biome,1.0,152.99
2026-03-30,Fresh Whey,5.0,1329.5
2026-03-30,FreshWhey - Sachê,4.0,67.6
2026-03-30,Gel - Endurance,1.0,69.9
2026-03-30,Gel Nitrato,6.0,53.94
2026-03-30,Gel Nitrato c/ Cafeína,2.0,17.98
2026-03-30,Gluatamina em Sachê - Glutamax,1.0,99.9
2026-03-30,Glutamina,3.0,171.7
2026-03-30,Glutamina - Glutamax,2.0,179.8
2026-03-30,Glutamina Pure,1.0,119.9
2026-03-30,Glutamina em Pó,1.0,99.9
2026-03-30,Gold Whey Concentrado Refil,5.0,899.5
2026-03-30,Granola,1.0,32.9
2026-03-30,Granola - Sem Glúten,2.0,59.8
2026-03-30,Granola Australia - Low Carb,1.0,39.9
2026-03-30,Hydrolift,1.0,98.9
2026-03-30,Immuno Whey,1.0,249.9
2026-03-30,Isofort Plant (Life Vegan),3.0,359.7
2026-03-30,Juice Protein,2.0,21.8
2026-03-30,Livestrong,2.0,570.89
2026-03-30,MCT LIFT,3.0,359.7
2026-03-30,Maca Peruana,2.0,99.8
2026-03-30,Magnésio - Inositol Relief 3.0,9.0,1574.1
2026-03-30,Magnésio Inositol,2.0,369.8
2026-03-30,Magnésio Inositol Relax,1.0,273.9
2026-03-30,Magnésio Plus 900mg,2.0,189.8
2026-03-30,Magnésio Quelato - Bio Mag,1.0,74.9
2026-03-30,Matchá - Chá Verde em Pó,1.0,89.9
2026-03-30,Melatonina - Sleepfor,1.0,79.9
2026-03-30,Melatonina em Gotas,2.0,79.8
2026-03-30,Metil B12,1.0,49.9
2026-03-30,Metilfolato,1.0,48.9
2026-03-30,Mg Complex,2.0,183.89
2026-03-30,Morning Shot - Imunidade,3.0,314.7
2026-03-30,Multivitaminico  - Imunomult- 1000mg,3.0,404.7
2026-03-30,Multivitaminico - Imunomult- 1000mg,3.0,299.7
2026-03-30,Multivitamínico Support,1.0,177.9
2026-03-30,NAC,2.0,107.8
2026-03-30,NAC + Glycine + Taurine,2.0,169.98
2026-03-30,NAC Acetilcisteína -  600mg,2.0,159.8
2026-03-30,NAC PRO,1.0,101.9
2026-03-30,Nitro 400,2.0,199.98
2026-03-30,Nootrópico - Brain Up Am/Pm  60 caps TRUE SOURCE,1.0,154.9
2026-03-30,Omegafor Family - Ômega 3,1.0,119.9
2026-03-30,Omegafor Plus,17.0,2560.3
2026-03-30,Omegafor Vitamins,1.0,139.9
2026-03-30,Palatinose,2.0,139.8
2026-03-30,Pasta de Amendoim Granulado,1.0,18.89
2026-03-30,Prebiótico - Fiber Liv,2.0,159.8
2026-03-30,Probiótico - Simcaps,3.0,224.7
2026-03-30,Probiótico - Simfort Plus,3.0,309.7
2026-03-30,Protein Brownie,2.0,129.8
2026-03-30,Proteína Isolada e Hidrolisada - Body Protein,6.0,1319.4
2026-03-30,Proteína Isolada e Hidrolisada - Body Protein Red,5.0,1099.5
2026-03-30,Proteína Vegana - Immuno Veggie,1.0,254.9
2026-03-30,Pré-Treino,1.0,139.9
2026-03-30,Pré-Treino - Beta Action,1.0,219.9
2026-03-30,Pré-Treino - Stim Free,1.0,139.9
2026-03-30,Pré-Treino - V Fort Ultra,1.0,129.9
2026-03-30,Própolis Líquido - Gotas,1.0,49.9
2026-03-30,Própolis Trio,1.0,69.9
2026-03-30,Própolis Verde 70,1.0,39.9
2026-03-30,Psyllium,2.0,159.8
2026-03-30,Refil Whey 100% Pure,1.0,139.9
2026-03-30,Refil Whey Concentrado - W100,1.0,122.99
2026-03-30,Refil Whey Concentrado Havanna - W100,1.0,139.9
2026-03-30,Refil Whey Protein - 3W,1.0,174.9
2026-03-30,Refil Whey Protein Concentrado,6.0,1619.4
2026-03-30,Resveratrol 500mg,1.0,79.9
2026-03-30,Resveratrol Plus - 165mg,4.0,439.6
2026-03-30,Shot Matinal,1.0,79.9
2026-03-30,Simfort Femme,2.0,199.8
2026-03-30,Simfort Ultra,7.0,889.3
2026-03-30,Sleep,3.0,494.7
2026-03-30,Sleepfor,1.0,55.98
2026-03-30,Snack Proteico,1.0,10.9
2026-03-30,Super Café - Desincoffee,1.0,99.9
2026-03-30,Super Ômega 3,7.0,1104.48
2026-03-30,SuperCoffee,14.0,2053.6
2026-03-30,SuperCoffee Língua de gato - Kopenhagen,10.0,1749.0
2026-03-30,"Suplemento Alimentar - Cabelo, Unha e Pele - Beauty +",1.0,129.9
2026-03-30,Suplemento Alimentar - GUARDIAN®,1.0,209.9
2026-03-30,Suplemento Alimentar - True Nac,1.0,69.9
2026-03-30,Suplemento de Magnésio - Blue Calm,3.0,329.7
2026-03-30,Suplemento para Imunidade - Immune Up 100%,1.0,119.9
2026-03-30,Tasty Whey 3W Gourmet,3.0,674.7
2026-03-30,Termogênico - Termo Plus,3.0,389.7
2026-03-30,Trio Magnésio 720mg,3.0,194.7
2026-03-30,True Cúrcuma com Ômega,2.0,249.8
2026-03-30,V-Coffee Energy Boost,1.0,95.9
2026-03-30,Vitamina - Good Mood,2.0,119.8
2026-03-30,Vitamina B12,7.0,261.3
2026-03-30,Vitamina C + Zinco - Gomas,1.0,64.9
2026-03-30,Vitamina C - Bio Vit C+,1.0,54.9
2026-03-30,Vitamina C3 - 1000mg,4.0,259.6
2026-03-30,Vitamina D - Vita D3,9.0,480.1
2026-03-30,Vitamina D - Vita D3 + C + Zinco,6.0,342.4
2026-03-30,Vitamina D3,6.0,289.4
2026-03-30,Vitamina D3 + K2,6.0,399.4
2026-03-30,Vitamina D3 - 2000 Ui,2.0,73.8
2026-03-30,Vitamina D3 Synergy,1.0,59.9
2026-03-30,Vitamina D3+K2,1.0,75.06
2026-03-30,"Vitaminas A, E, D e K2- RESTAURE® - Gotas",2.0,309.8
2026-03-30,W100 Whey Concentrado - Sachê,1.0,11.9
2026-03-30,W100 Whey Concentrado Havanna - Sachê,1.0,12.9
2026-03-30,Whey,7.0,2019.57
2026-03-30,Whey - Zero Lactose,1.0,269.9
2026-03-30,Whey 3W,1.0,164.9
2026-03-30,Whey 3W -  Sachê,10.0,101.72
2026-03-30,Whey Fort 3W,5.0,899.5
2026-03-30,Whey Isolado - Iso Triple Zero,2.0,419.89
2026-03-30,Whey Isolado e Hidrolisado - H.I Whey,2.0,469.89
2026-03-30,Whey Protein - Isofort Beauty,1.0,139.9
2026-03-30,Whey Protein Concentrado,47.0,9767.34
2026-03-30,Whey Protein Concentrado - Sachê,13.0,134.89
2026-03-30,Whey Protein Concentrado Cappuccino 900g DUX,3.0,629.7
2026-03-30,Whey Protein Crisp - Isocrisp,1.0,49.9
2026-03-30,Whey Protein Hidrolisado,1.0,369.9
2026-03-30,Whey Protein ISO 100 Hydrolyzed,1.0,899.9
2026-03-30,Whey Protein Isolado,32.0,10337.61
2026-03-30,Whey Protein Isolado - All Natural,1.0,319.9
2026-03-30,Whey Protein Isolado - Isofort,4.0,1249.6
2026-03-30,Whey Protein Isolado - Tasty Iso,3.0,869.7
2026-03-30,Whey Protein Smoothie,1.0,199.9
2026-03-30,Whey Protein Smoothie Energy,2.0,399.8
2026-03-30,Whey Tech 100%,2.0,279.8
2026-03-30,Whey hidrolisado e isolado,3.0,929.7
2026-03-30,Xylitol,1.0,72.9
2026-03-30,Óleo de Prímula - 500mg,1.0,39.9
2026-03-30,Ômega -  Mega DHA,3.0,299.7
2026-03-30,Ômega - Mega DHA,3.0,539.7
2026-03-30,Ômega 3,1.0,79.9
2026-03-30,Ômega 3 - 1360mg,12.0,1678.8
2026-03-30,Ômega 3 - EPA DHA - 1000mg,6.0,413.4
2026-03-30,Ômega 3 - Omegafor Memory,3.0,314.7
2026-03-30,Ômega 3 - Ultra Caps 1000mg,1.0,159.9
2026-03-30,Ômega 3 DHA,1.0,139.9
2026-03-30,Ômega 3 EPA DHA,15.0,1284.5
2026-03-30,Ômega 3 Super DHA BIG,1.0,189.9
2026-03-30,Ômega Beauty,1.0,69.9
2026-04-06,#Whey Fort 3W,1.0,179.9
2026-04-06,100% Whey Pure,1.0,144.9
2026-04-06,100% Whey True Protein,1.0,209.9
2026-04-06,Achocolatado - Chocoki,1.0,89.9
2026-04-06,Aminoácido - Amino Greens,1.0,209.9
2026-04-06,Aminoácido - Aminovita,1.0,124.9
2026-04-06,Aminoácidos - Aminnu EAAs,1.0,209.9
2026-04-06,BT Gel Nitrato,1.0,109.9
2026-04-06,BT Nitrato,1.0,149.9
2026-04-06,BT Nitrato 400,1.0,174.9
2026-04-06,Barrinha Charge Bar,3.0,173.7
2026-04-06,Barrinha de Chocolate Branco,1.0,9.9
2026-04-06,Barrinha de Chocolate ao Leite,2.0,19.8
2026-04-06,Barrinha de Proteína Best Whey 49g (12g de Proteína),1.0,85.5
2026-04-06,Barrinha de Proteína Collagen Bar,1.0,109.9
2026-04-06,Barrinha de Proteína Crush Bar,2.0,203.8
2026-04-06,Barrinha de Proteína Protein Crisp,3.0,239.7
2026-04-06,Barrinha de Proteína Whey Grego - Havanna,1.0,96.9
2026-04-06,Bebida Proteica - Natural Whey 14g,7.0,53.83
2026-04-06,Bebida Vegetal,1.0,64.9
2026-04-06,Bebida Vegetal em Pó - Vegan Delight,1.0,99.9
2026-04-06,Best Whey,3.0,594.7
2026-04-06,Beta Alanina,1.0,62.9
2026-04-06,Beta Alanina 100%,2.0,95.8
2026-04-06,Bio Cálcio  60 caps PURAVIDA,1.0,79.9
2026-04-06,Bio Ferro,3.0,128.7
2026-04-06,Biotina Plus,2.0,93.8
2026-04-06,Blend de Chá - Detox,1.0,27.9
2026-04-06,Body Protein Vegano,1.0,159.9
2026-04-06,BodyBalance - Muscle Synergy,2.0,489.8
2026-04-06,Bom Ciclo,1.0,79.9
2026-04-06,Booster Energético - Upgrade Energy - TCM,1.0,139.9
2026-04-06,"Boraprim - Borragem, Prímula e Gergelim",7.0,489.3
2026-04-06,Cacao Whey - Sachê,2.0,39.8
2026-04-06,Chocolate 85% Cacau,1.0,29.9
2026-04-06,"Chocolate 99,9% Cacau",1.0,27.9
2026-04-06,Chocolate ao Leite - Marshmallow,1.0,9.9
2026-04-06,Chocolate com Cranberry,1.0,29.9
2026-04-06,Chocolate com Nibs,1.0,29.9
2026-04-06,Chá,1.0,7.2
2026-04-06,Coenzima  Q10 - 100mg,1.0,89.9
2026-04-06,Coenzima Q10,1.0,84.9
2026-04-06,Coenzima Q10  (200mg p/ porção),3.0,659.7
2026-04-06,Coenzima Q10 (200mg p/ porção),3.0,297.79
2026-04-06,Coenzima Q10 + Ômega 3 + Vitamina E,4.0,579.6
2026-04-06,Coenzima Q10 - (100mg p/ porção),1.0,84.9
2026-04-06,Coenzima Q10+ 200mg,1.0,129.99
2026-04-06,Collagen Protein,1.0,239.9
2026-04-06,Colosfort,1.0,224.9
2026-04-06,Colágeno -  Collagen Gut,2.0,399.8
2026-04-06,Colágeno - Colagentek II,6.0,704.4
2026-04-06,Colágeno - Colagentek Protein - Bodybalance,7.0,1259.3
2026-04-06,Colágeno - Collagen Bones,1.0,199.9
2026-04-06,Colágeno - Collagen Derm,1.0,149.9
2026-04-06,Colágeno - Collagen Essential Protein,2.0,479.8
2026-04-06,Colágeno - Collagen Gut,2.0,389.8
2026-04-06,Colágeno - Collagen Pro - Body Suport,1.0,209.9
2026-04-06,Colágeno - Collagen Protein Hidrolisado Berries Silvestres 450g PURAVIDA,2.0,359.8
2026-04-06,Colágeno - Collagen Renew Hidrolisado,4.0,359.6
2026-04-06,Colágeno - Collagen Tipo II 40mg,2.0,179.8
2026-04-06,Colágeno Hidrolisado - Collagen Pro 18g,9.0,1349.1
2026-04-06,Colágeno Tipo II,4.0,239.6
2026-04-06,Complexo B - Bio Vit.B+,2.0,89.8
2026-04-06,Complexo B 500mg,1.0,44.9
2026-04-06,Coq10 + Vitamina E,1.0,119.99
2026-04-06,Cranberry - She She Comfort,1.0,69.9
2026-04-06,Creatina - Creafort (Creapure),10.0,1639.0
2026-04-06,Creatina - Gummy,2.0,289.8
2026-04-06,Creatina 100%,4.0,344.6
2026-04-06,Creatina Monohidratada,50.0,3536.9
2026-04-06,Creatina Monohidratada (Creapure),5.0,1009.5
2026-04-06,Creatina Monohidratada - Creatine,6.0,599.4
2026-04-06,Creatina Monohidratada - Hardcore,5.0,449.5
2026-04-06,Creatine Action - Gummy,3.0,359.7
2026-04-06,Creme de Castanha de Caju,1.0,49.9
2026-04-06,Cromo Picolinato - 250mg,1.0,27.9
2026-04-06,Cúrcuma 500mg,1.0,94.9
2026-04-06,Cúrcuma Plus,7.0,489.3
2026-04-06,Energy Gel,5.0,58.95
2026-04-06,Energy Pro Ice Tea,1.0,9.9
2026-04-06,Extrato de Laranja Moro 400mg,1.0,99.9
2026-04-06,Feno Grego + Boro 500mg,3.0,279.88
2026-04-06,Ferro Plus,1.0,29.9
2026-04-06,Ferro Quelado 34mg,1.0,29.9
2026-04-06,Ferro Quelato + Vitamina C,1.0,46.9
2026-04-06,Fiber Biome,3.0,518.7
2026-04-06,Fresh Vegan - Sachê,2.0,27.8
2026-04-06,Fresh Whey,8.0,1719.2
2026-04-06,FreshWhey - Sachê,8.0,135.2
2026-04-06,Gel Nitrato,2.0,21.8
2026-04-06,Gel Nitrato c/ Cafeína,2.0,21.8
2026-04-06,Gel Nitrato com L-Citrulinilarginina,2.0,21.8
2026-04-06,Gel de Carboidrato - Energy Gel Vo2,1.0,35.0
2026-04-06,Glutamina,2.0,159.8
2026-04-06,Glutamina - Glutamax,3.0,269.7
2026-04-06,Glutamina Isolates,2.0,129.8
2026-04-06,Gold Whey Concentrado Refil,2.0,359.8
2026-04-06,Granola - Zero Açúcar,2.0,65.8
2026-04-06,Hipercalórico - Creamass,1.0,99.9
2026-04-06,Hydro Protein,8.0,87.2
2026-04-06,Immuno Whey,4.0,999.6
2026-04-06,Isofort Plant (Life Vegan),1.0,119.9
2026-04-06,Juice Protein,6.0,65.4
2026-04-06,Laranja Moro - Moroskinny,1.0,104.9
2026-04-06,Livestrong,3.0,953.7
2026-04-06,Maca Peruana,4.0,189.69
2026-04-06,Magnésio - Inositol Relief 3.0,6.0,1049.4
2026-04-06,Magnésio Inositol,2.0,279.8
2026-04-06,Magnésio Plus 900mg,9.0,834.46
2026-04-06,Magnésio Quelato - Bio Mag,3.0,215.79
2026-04-06,Melatonina - Sleepfor,1.0,69.99
2026-04-06,Melatonina Duo Harmony,1.0,129.9
2026-04-06,Melatonina Fast,1.0,32.99
2026-04-06,Melatonina em Gotas,1.0,39.9
2026-04-06,Metilfolato,1.0,48.9
2026-04-06,Mg Complex,1.0,96.9
2026-04-06,Morning Shot - Imunidade,3.0,314.7
2026-04-06,Multivitamínico Support,4.0,675.78
2026-04-06,NAC,3.0,161.7
2026-04-06,NAC Acetilcisteína -  600mg,1.0,79.9
2026-04-06,Omegafor Plus,16.0,2833.4
2026-04-06,Omegafor Vision,1.0,109.99
2026-04-06,Palatinose,3.0,194.03
2026-04-06,Palatinose 100% - Carbolift,1.0,249.9
2026-04-06,Pasta de Amendoim Granulado,1.0,29.9
2026-04-06,Pasta de Castanha de Caju,2.0,99.0
2026-04-06,Probiótico - Simcaps,1.0,74.9
2026-04-06,Probiótico - Simfort Plus,9.0,779.1
2026-04-06,Probióticos,1.0,66.9
2026-04-06,Probióticos em Pó - Simfort,1.0,94.9
2026-04-06,Protein Booster Pro,1.0,10.9
2026-04-06,Protein Brownie,3.0,194.7
2026-04-06,Proteína - Isocrisp Plant Pouch,1.0,69.9
2026-04-06,Proteína Isolada e Hidrolisada - Body Protein,4.0,879.6
2026-04-06,Proteína Isolada e Hidrolisada - Body Protein Red,1.0,219.9
2026-04-06,Proteína Vegana - Immuno Veggie,1.0,254.9
2026-04-06,Proteína Vegana - Vegan Tasty,2.0,259.8
2026-04-06,Pré-Treino - Beta Action,2.0,439.8
2026-04-06,Pré-treino - Energy Kick Caffeine,1.0,129.9
2026-04-06,Própolis Líquido - Gotas,3.0,149.7
2026-04-06,Própolis Verde - Alcoólico,1.0,29.9
2026-04-06,Própolis Verde - Propomax,1.0,29.9
2026-04-06,Própolis Verde 70,1.0,39.9
2026-04-06,Psyllium,4.0,319.6
2026-04-06,Quercetina,1.0,79.9
2026-04-06,Refil 100% Whey - Tasty Iso,1.0,499.9
2026-04-06,Refil 100% Whey Protein - Flavour,1.0,119.9
2026-04-06,Refil Whey 100% Pure,1.0,139.9
2026-04-06,Refil Whey Concentrado - W100,2.0,259.8
2026-04-06,Refil Whey Concentrado Havanna - W100,1.0,139.9
2026-04-06,Refil Whey Protein - 3W,1.0,174.9
2026-04-06,Refil Whey Protein Concentrado,3.0,669.7
2026-04-06,Resveratrol Plus - 165mg,3.0,329.7
2026-04-06,Sachê de Óleo De Coco,2.0,7.8
2026-04-06,Sachê de Óleo De Coco Extravirgem,1.0,3.9
2026-04-06,Salgadinho,6.0,35.4
2026-04-06,Simfort Femme,2.0,199.8
2026-04-06,Simfort Ultra,3.0,399.7
2026-04-06,Simfort fibras,2.0,129.8
2026-04-06,Sleep,1.0,114.9
2026-04-06,Snack Proteico,2.0,21.8
2026-04-06,Super Ômega 3,5.0,1184.5
2026-04-06,SuperCoffee,23.0,3452.7
2026-04-06,SuperCoffee Língua de gato - Kopenhagen,11.0,1923.9
2026-04-06,Suplemento - Alimentar - Cálcio Citrato Malato,1.0,49.9
2026-04-06,Suplemento Alimentar  - Hepatofor,2.0,199.8
2026-04-06,Suplemento Alimentar - GUARDIAN®,6.0,1259.4
2026-04-06,Suplemento de Magnésio - Blue Calm,4.0,419.78
2026-04-06,Tasty Whey 3W Gourmet,7.0,1574.3
2026-04-06,Termogênico - Lipix6,1.0,114.9
2026-04-06,Termogênico - Termo Plus,1.0,129.9
2026-04-06,Trio Magnésio 720mg,2.0,129.8
2026-04-06,True Cúrcuma,1.0,74.9
2026-04-06,Vinagre de Maçã Orgânico,1.0,34.9
2026-04-06,Vinagre de maçã em Gummy,1.0,94.9
2026-04-06,Vitamina - Good Mood,1.0,54.99
2026-04-06,Vitamina B12,10.0,389.36
2026-04-06,Vitamina B9 - Ácido Fólico,2.0,159.8
2026-04-06,Vitamina C3 - 1000mg,1.0,54.9
2026-04-06,Vitamina D - Vita D3,8.0,427.2
2026-04-06,Vitamina D - Vita D3 + C + Zinco,3.0,179.7
2026-04-06,Vitamina D3,1.0,64.9
2026-04-06,Vitamina D3 + K2,2.0,139.8
2026-04-06,Vitamina D3 + K2 Gotas,1.0,69.9
2026-04-06,Vitamina D3 - 2000 Ui,1.0,36.9
2026-04-06,Vitamina D3 - Ydrosolv,1.0,84.9
2026-04-06,Vitamina D3 Synergy,2.0,119.8
2026-04-06,Vitamina D3+K2,2.0,150.12
2026-04-06,Whey,2.0,679.8
2026-04-06,Whey - Zero Lactose,1.0,219.9
2026-04-06,Whey 3W,1.0,164.9
2026-04-06,Whey 3W -  Sachê,1.0,10.9
2026-04-06,Whey Concentrado - W100,1.0,139.9
2026-04-06,Whey Fort 3W,2.0,359.8
2026-04-06,Whey Isolado - Iso Triple Zero,2.0,439.8
2026-04-06,Whey Isolado - Isofort Ultra Imuno,1.0,339.9
2026-04-06,Whey Isolado e Hidrolisado - H.I Whey,2.0,499.8
2026-04-06,Whey Protein - Isofort Beauty,8.0,1129.2
2026-04-06,Whey Protein Concentrado,55.0,11544.5
2026-04-06,Whey Protein Concentrado Cappuccino 900g DUX,3.0,629.7
2026-04-06,Whey Protein Crisp - Isocrisp,2.0,99.8
2026-04-06,Whey Protein ISO 100 Hydrolyzed,1.0,369.9
2026-04-06,Whey Protein Isolado,10.0,3279.0
2026-04-06,Whey Protein Isolado - All Natural,1.0,319.9
2026-04-06,Whey Protein Isolado - Isofort,8.0,2479.2
2026-04-06,Whey Protein Isolado - Sachê,10.0,169.0
2026-04-06,Whey Protein Isolado - Tasty Iso,1.0,289.9
2026-04-06,Whey Protein Smoothie,3.0,599.7
2026-04-06,Whey Tech 100%,3.0,419.7
2026-04-06,Whey hidrolisado e isolado,4.0,1239.6
2026-04-06,Zinco - Ydrosolv,1.0,89.9
2026-04-06,Zinco Quelato,1.0,39.99
2026-04-06,Ômega - Mega DHA,1.0,179.9
2026-04-06,Ômega 3,2.0,159.8
2026-04-06,Ômega 3  - 1360mg,1.0,189.9
2026-04-06,Ômega 3 - 1360mg,3.0,419.7
2026-04-06,Ômega 3 - EPA DHA - 1000mg,10.0,667.0
2026-04-06,Ômega 3 - Omegafor Memory,2.0,209.8
2026-04-06,Ômega 3 DHA,1.0,125.99
2026-04-06,Ômega 3 EPA DHA,18.0,1616.47
2026-04-06,Ômega 3 IFOS - 660 EPA/ 440 DHA,1.0,245.19
2026-04-06,Ômega 3 Super DHA,3.0,349.7
2026-04-06,Ômega 3 Super DHA BIG,1.0,189.9
2026-04-13,#Whey Fort 3W,1.0,179.9
2026-04-13,100% Whey Pure,1.0,144.9
2026-04-13,Adoçante Zero,1.0,44.9
2026-04-13,Aminoácido - Aminovita,1.0,149.9
2026-04-13,Aminoácido - BCAA 3500,1.0,49.6
2026-04-13,Aminoácido - BCAA Fort,1.0,94.9
2026-04-13,Aminoácido - Tryptophan,2.0,109.8
2026-04-13,Aminoácidos - Aminnu EAAs,1.0,209.9
2026-04-13,Aminoácidos - Aminnu EAAs - Sem Xilitol,1.0,209.9
2026-04-13,Aminoácidos - Aminolift,1.0,209.9
2026-04-13,BT Nitrato,1.0,149.9
2026-04-13,Barrinha Charge Bar,2.0,25.8
2026-04-13,Barrinha de Proteina - Protein Crisp Bar,1.0,92.9
2026-04-13,Barrinha de Proteína,19.0,251.1
2026-04-13,Barrinha de Proteína - Best Whey Bar,2.0,21.12
2026-04-13,Barrinha de Proteína - Protein Crisp Bar,7.0,225.3
2026-04-13,Barrinha de Proteína Crush Bar,1.0,8.9
2026-04-13,Bebida Proteica - Natural Whey 100% Whey - 15g,1.0,10.49
2026-04-13,Bebida Proteica - Natural Whey 14g,4.0,30.76
2026-04-13,Beef Protein,3.0,1005.7
2026-04-13,Best Whey,1.0,199.9
2026-04-13,Beta Alanina,4.0,268.6
2026-04-13,Bio Ferro,1.0,42.9
2026-04-13,Bio Zinco,2.0,73.8
2026-04-13,Biotina Plus,1.0,46.9
2026-04-13,Blend de Chá - Calmante,1.0,27.9
2026-04-13,Bombom,1.0,8.9
2026-04-13,"Boraprim - Borragem, Prímula e Gergelim",2.0,139.89
2026-04-13,Boro Decahidratado,1.0,23.76
2026-04-13,Brain Focus,1.0,84.9
2026-04-13,Cacao Whey - Sachê,3.0,59.7
2026-04-13,Chocolate 70% Cacau - Marshmallow,1.0,17.64
2026-04-13,Chá Sublime - Inverno,1.0,6.9
2026-04-13,Cocada,3.0,14.7
2026-04-13,Coenzima  Q10 - 100mg,1.0,89.9
2026-04-13,Coenzima Q10,2.0,284.8
2026-04-13,Coenzima Q10  (200mg p/ porção),4.0,879.6
2026-04-13,Coenzima Q10 (200mg p/ porção),8.0,915.38
2026-04-13,Coenzima Q10 + Ômega 3 + Vitamina E,5.0,724.5
2026-04-13,Coenzima Q10 - (100mg p/ porção),2.0,169.8
2026-04-13,Coenzima Q10+ 200mg,4.0,519.96
2026-04-13,Collagen Protein,1.0,239.9
2026-04-13,Colágeno - Colagentek,5.0,474.5
2026-04-13,Colágeno - Colagentek Beauty,2.0,249.8
2026-04-13,Colágeno - Colagentek II,1.0,104.9
2026-04-13,Colágeno - Colagentek Protein - Bodybalance,4.0,719.6
2026-04-13,Colágeno - Collagen Bones,2.0,399.8
2026-04-13,Colágeno - Collagen Gut,3.0,584.7
2026-04-13,Colágeno - Collagen Protein Hidrolisado,1.0,179.9
2026-04-13,Colágeno - Collagen Protein Hidrolisado Berries Silvestres 450g PURAVIDA,1.0,179.9
2026-04-13,Colágeno - Collagen Tipo II 40mg,1.0,89.9
2026-04-13,Colágeno - Collcreatine,1.0,189.9
2026-04-13,Colágeno Collagen Skin,3.0,584.7
2026-04-13,Colágeno Hidrolisado - Collagen Pro 18g,8.0,1199.2
2026-04-13,Colágeno Tipo II,2.0,119.8
2026-04-13,Complexo B,5.0,449.95
2026-04-13,Complexo B 500mg,2.0,79.98
2026-04-13,Creatina,10.0,399.72
2026-04-13,Creatina - Creafort (Creapure),10.0,1709.09
2026-04-13,Creatina - Gummy,1.0,144.9
2026-04-13,Creatina 100%,4.0,344.6
2026-04-13,Creatina Monohidratada,40.0,2394.43
2026-04-13,Creatina Monohidratada (Creapure),5.0,974.5
2026-04-13,Creatina Monohidratada - Creatine,9.0,899.1
2026-04-13,Creatine Action - Gummy,2.0,239.8
2026-04-13,Curcumina,3.0,257.97
2026-04-13,Cúrcuma Plus,5.0,349.5
2026-04-13,Dado de creatina,1.0,129.9
2026-04-13,Eletrólitos,12.0,434.8
2026-04-13,Energy Gel,12.0,141.48
2026-04-13,Energy Gel - Endurance,1.0,6.9
2026-04-13,Energy Pro Ice Tea,1.0,9.9
2026-04-13,Enzimas Enzyfor,1.0,149.9
2026-04-13,Feno Grego + Boro 500mg,1.0,89.99
2026-04-13,Ferro Plus,7.0,209.3
2026-04-13,Ferro Quelato + Vitamina C,2.0,93.8
2026-04-13,Fibras - Fiberfor,1.0,99.9
2026-04-13,Fresh Vegan,3.0,509.7
2026-04-13,Fresh Vegan - Sachê,6.0,83.4
2026-04-13,Fresh Whey,11.0,2348.9
2026-04-13,FreshWhey - Sachê,11.0,185.9
2026-04-13,Gel Intra-treino Sport Line,2.0,21.98
2026-04-13,Gel Nitrato,6.0,65.4
2026-04-13,Glutamina,2.0,229.8
2026-04-13,Glutamina - Glutamax,4.0,359.6
2026-04-13,Glutamina Isolates,1.0,64.9
2026-04-13,Gold Whey Concentrado Refil,4.0,719.6
2026-04-13,Granola,5.0,164.5
2026-04-13,Grassfed Whey Protein - Concentrado,1.0,179.9
2026-04-13,Hydro Protein,4.0,43.6
2026-04-13,Immuno Whey,1.0,249.9
2026-04-13,Isofort Plant (Life Vegan),2.0,259.8
2026-04-13,Juice Protein,1.0,10.9
2026-04-13,L-Carnitina 530mg,2.0,199.8
2026-04-13,Levedura - Nutri Yeas Flakes,1.0,92.17
2026-04-13,Livestrong,2.0,617.8
2026-04-13,Maca Peruana,2.0,79.98
2026-04-13,Magnésio - Inositol Relief 3.0,9.0,1574.1
2026-04-13,Magnésio Inositol,3.0,509.7
2026-04-13,Magnésio Plus 900mg,5.0,449.95
2026-04-13,Magnésio Quelato - Bio Mag,5.0,329.95
2026-04-13,Matchá - Chá Verde em Pó,1.0,89.9
2026-04-13,Melatonina,1.0,55.99
2026-04-13,Melatonina - Sleepfor,2.0,139.98
2026-04-13,Melatonina - Ydrosolv,1.0,84.9
2026-04-13,Melatonina Duo,2.0,125.98
2026-04-13,Melatonina Duo Harmony,1.0,129.9
2026-04-13,Melatonina Fast,1.0,32.99
2026-04-13,Melatonina em Gotas,1.0,39.9
2026-04-13,Mg Complex,1.0,96.9
2026-04-13,Morning Shot - Imunidade,3.0,314.7
2026-04-13,Multivitaminico  - Imunomult- 1000mg,1.0,134.9
2026-04-13,Multivitaminico - Imunomult- 1000mg,2.0,179.98
2026-04-13,Multivitaminino - Multi All,1.0,69.99
2026-04-13,Multivitamínico Support,7.0,1119.93
2026-04-13,NAC,4.0,215.6
2026-04-13,NAC Acetilcisteína -  600mg,2.0,159.8
2026-04-13,NAC PRO,1.0,101.9
2026-04-13,Omegafor Plus,30.0,5161.0
2026-04-13,Omegafor Vision,1.0,109.99
2026-04-13,Palatinose,5.0,324.5
2026-04-13,Pasta de Amendoim,1.0,59.9
2026-04-13,Pasta de Amendoim Granulado,1.0,29.9
2026-04-13,Polivitamínico - Berryki,2.0,107.1
2026-04-13,Prebiótico,2.0,169.8
2026-04-13,Probiótico - Simcaps,3.0,199.7
2026-04-13,Probiótico - Simfort Plus,6.0,519.4
2026-04-13,Probióticos em Pó - Simfort,2.0,274.8
2026-04-13,Profem - Óleo de Prímula,1.0,64.9
2026-04-13,Propolis + Quercetin + Vitamin C,1.0,109.9
2026-04-13,Protein Booster Pro,3.0,32.7
2026-04-13,Protein Brownie,2.0,129.8
2026-04-13,Proteina Vegetal - True Vegan,1.0,194.9
2026-04-13,Proteína - Isocrisp Plant Pouch,3.0,209.7
2026-04-13,Proteína Isolada e Hidrolisada - Body Protein,2.0,439.8
2026-04-13,Proteína Isolada e Hidrolisada - Body Protein Red,1.0,219.9
2026-04-13,Proteína Vegana - Immuno Veggie,1.0,254.9
2026-04-13,Proteína Vegana - Veggie Protein,1.0,209.9
2026-04-13,Pré-Treino - V Fort,1.0,129.9
2026-04-13,Pré-Treino - V Fort Ultra,2.0,259.8
2026-04-13,Pré-treino - Energy Kick,1.0,129.9
2026-04-13,Pré-treino - Égide,1.0,129.9
2026-04-13,Própolis - Green Própolis,2.0,139.8
2026-04-13,Própolis Verde - Alcoólico,1.0,29.9
2026-04-13,Psyllium,3.0,199.7
2026-04-13,Pós-treino - Recharge 4:1,1.0,130.09
2026-04-13,Refil 100% Whey Protein - Flavour,2.0,239.8
2026-04-13,Refil Whey 100% Pure,1.0,178.3
2026-04-13,Refil Whey Concentrado - W100,2.0,259.8
2026-04-13,Refil Whey Concentrado Havanna - W100,1.0,139.9
2026-04-13,Refil Whey Protein - 3W,3.0,484.7
2026-04-13,Refil Whey Protein Isolado,1.0,619.65
2026-04-13,Resveratrol,1.0,68.9
2026-04-13,Resveratrol Plus - 165mg,6.0,659.4
2026-04-13,Salgadinho,1.0,5.9
2026-04-13,Shot Matinal,4.0,279.96
2026-04-13,Simfort Femme,2.0,199.8
2026-04-13,Simfort Ultra,1.0,154.9
2026-04-13,Simfort fibras,2.0,129.8
2026-04-13,Sleep,2.0,304.8
2026-04-13,Snack Proteico,1.0,10.9
2026-04-13,Super Café - Desincoffee,2.0,209.8
2026-04-13,Super Ômega 3,5.0,1219.5
2026-04-13,SuperCoffee,10.0,1809.0
2026-04-13,SuperCoffee Língua de gato - Kopenhagen,7.0,1374.3
2026-04-13,Suplemento Alimentar - Alpha A até Z,1.0,59.9
2026-04-13,Suplemento Alimentar - Alpha Inflaminus,3.0,434.7
2026-04-13,Suplemento Alimentar - GUARDIAN®,4.0,839.6
2026-04-13,Suplemento Alimentar - Green Shot,1.0,84.9
2026-04-13,Suplemento Alimentar - L-teanina - Happy Theanine,1.0,129.99
2026-04-13,Suplemento Alimentar - LEVSENSI,1.0,184.03
2026-04-13,Suplemento Alimentar - Slim Body 400mg,1.0,75.99
2026-04-13,Suplemento de Magnésio - Blue Calm,1.0,99.9
2026-04-13,Tablete de Doce,1.0,4.9
2026-04-13,Tasty Whey 3W Gourmet,6.0,1349.4
2026-04-13,Termogênico - Lipix6,1.0,114.9
2026-04-13,Termogênico - Termo Plus,1.0,129.9
2026-04-13,Trio Magnésio 720mg,8.0,519.2
2026-04-13,True Cúrcuma,3.0,224.7
2026-04-13,Ultra Q10,1.0,110.9
2026-04-13,Vanilla Whey - Sachê,1.0,19.9
2026-04-13,Veggie Protein - Sachê,1.0,19.9
2026-04-13,Vitamina - Good Mood,1.0,54.99
2026-04-13,Vitamina B12,11.0,473.53
2026-04-13,Vitamina C + Zinco - Gomas,1.0,64.9
2026-04-13,Vitamina C - 500mg,1.0,39.48
2026-04-13,Vitamina C - Bio Vit C+,2.0,109.8
2026-04-13,Vitamina C - Ydrosolv,1.0,94.9
2026-04-13,Vitamina C3 - 1000mg,2.0,109.8
2026-04-13,Vitamina D - Vita D3,2.0,105.8
2026-04-13,Vitamina D - Vita D3 + C + Zinco,3.0,145.7
2026-04-13,Vitamina D3,3.0,284.7
2026-04-13,Vitamina D3 + K2,3.0,209.7
2026-04-13,Vitamina D3 - 2000 Ui,1.0,32.99
2026-04-13,Vitamina D3 Mini caps,1.0,41.9
2026-04-13,Vitamina D3 Synergy,2.0,119.8
2026-04-13,"Vitaminas A, E, D e K2- RESTAURE® - Gotas",1.0,139.99
2026-04-13,W100 Whey Concentrado - Sachê,1.0,11.9
2026-04-13,Whey,5.0,1429.5
2026-04-13,Whey 3W,2.0,329.8
2026-04-13,Whey Fort 3W,10.0,2259.0
2026-04-13,Whey Isolado,1.0,229.9
2026-04-13,Whey Isolado - Iso Triple Zero,2.0,439.8
2026-04-13,Whey Protein - 3W - The Whey,1.0,119.9
2026-04-13,Whey Protein - Isofort Beauty,3.0,419.7
2026-04-13,Whey Protein Concentrado,38.0,7976.2
2026-04-13,Whey Protein Concentrado - Sachê,11.0,134.66
2026-04-13,Whey Protein Concentrado Cappuccino 900g DUX,2.0,419.8
2026-04-13,Whey Protein Crisp - Isocrisp,4.0,199.6
2026-04-13,Whey Protein Hidrolisado,1.0,369.9
2026-04-13,Whey Protein Isolado,22.0,7357.8
2026-04-13,Whey Protein Isolado - Isofort,3.0,929.7
2026-04-13,Whey Protein Isolado - Sachê,20.0,338.0
2026-04-13,Whey Protein Isolado - Tasty Iso,2.0,579.8
2026-04-13,Whey Tech 100%,1.0,139.9
2026-04-13,Whey hidrolisado e isolado,2.0,619.8
2026-04-13,Zinco Quelado,1.0,34.9
2026-04-13,Óleo de Borragem - Gamalift,1.0,144.37
2026-04-13,Óleo de Coco  - Spray,1.0,34.9
2026-04-13,Óleo de Prímula - 500mg,1.0,35.99
2026-04-13,Ômega - Mega DHA,2.0,359.8
2026-04-13,Ômega 3,1.0,79.9
2026-04-13,Ômega 3 - 1360mg,3.0,419.7
2026-04-13,Ômega 3 - EPA DHA - 1000mg,10.0,727.0
2026-04-13,Ômega 3 - Ultra Caps 1000mg,4.0,599.96
2026-04-13,Ômega 3 EPA DHA,25.0,2172.58
2026-04-13,Ômega 3 IFOS - 660 EPA/ 440 DHA,2.0,359.8
2026-04-13,Ômega Beauty,1.0,69.9
2026-04-13,Ômega Golden,1.0,219.9
2026-04-20,Achocolatado - Choco Family - Refil,1.0,49.9
2026-04-20,Aminoácido - Aminovita,2.0,274.8
2026-04-20,Aminoácidos - Aminnu EAAs - Sem Xilitol,1.0,209.9
2026-04-20,Aminoácidos - Aminolift,2.0,419.8
2026-04-20,Arginofor -  L-Arginina,1.0,119.9
2026-04-20,Artimax,1.0,84.53
2026-04-20,Aveia - Flocos Grossos,1.0,15.9
2026-04-20,BT Gel Nitrato,1.0,109.9
2026-04-20,BT Gel Nitrato com Cafeína,2.0,219.8
2026-04-20,BT Nitrato 400,2.0,324.8
2026-04-20,Barrinha - Body Protein,1.0,10.9
2026-04-20,Barrinha de Proteína,1.0,12.9
2026-04-20,Barrinha de Proteína - Protein Crisp Bar,2.0,185.8
2026-04-20,Barrinha de Proteína Crunch,3.0,39.02
2026-04-20,Barrinha de Proteína Crush Bar,3.0,26.7
2026-04-20,Barrinha de Proteína Protein Crisp,1.0,79.9
2026-04-20,Barrinha de Proteína Proto Bar - Havanna,1.0,114.9
2026-04-20,Barrinha de Proteína Whey Grego - Havanna,1.0,96.9
2026-04-20,Bebida Proteica - Mulkshake,3.0,29.7
2026-04-20,Bebida Proteica - Natural Whey 14g,2.0,15.38
2026-04-20,Beef Protein,3.0,779.7
2026-04-20,Beta Alanina,2.0,125.8
2026-04-20,Beta Alanina 100%,3.0,143.7
2026-04-20,Bio Ferro,3.0,128.7
2026-04-20,Bio Zinco,2.0,73.8
2026-04-20,Biotina Plus,1.0,46.9
2026-04-20,Blend de Chá - Afrodisíaco,1.0,27.9
2026-04-20,Blend de Chá - Calmante,1.0,27.9
2026-04-20,Blend de Chá - Detox,2.0,55.8
2026-04-20,"Boraprim - Borragem, Prímula e Gergelim",1.0,89.9
2026-04-20,Brain Focus,1.0,84.9
2026-04-20,Cacao Whey - Sachê,1.0,19.9
2026-04-20,Cacau Premium,1.0,74.9
2026-04-20,Chá Misto,1.0,6.9
2026-04-20,Chá Misto Mate,1.0,7.2
2026-04-20,Chá Sublime - Energia,1.0,7.2
2026-04-20,Chá Sublime - Inverno,1.0,6.9
2026-04-20,Coenzima  Q10 - 100mg,2.0,179.8
2026-04-20,Coenzima Q10,3.0,439.7
2026-04-20,Coenzima Q10  (200mg p/ porção),3.0,659.7
2026-04-20,Coenzima Q10 (200mg p/ porção),5.0,498.77
2026-04-20,Coenzima Q10 + Ômega 3 + Vitamina E,2.0,289.8
2026-04-20,Coenzima Q10 - (100mg p/ porção),2.0,169.8
2026-04-20,Coenzima Q10 - 200mg,3.0,434.7
2026-04-20,Coenzima Q10 100 Mg,1.0,124.9
2026-04-20,Collagen Protein BodyBalance,1.0,166.9
2026-04-20,Colágeno - Colagentek,1.0,94.9
2026-04-20,Colágeno - Colagentek II,3.0,464.7
2026-04-20,Colágeno - Colagentek Protein - Bodybalance,6.0,1079.4
2026-04-20,Colágeno - Collagen Essential Protein,2.0,479.8
2026-04-20,Colágeno - Collagen Flex + Beauty,1.0,179.9
2026-04-20,Colágeno - Collagen Gut,1.0,194.9
2026-04-20,Colágeno - Collagen Protein Hidrolisado,1.0,179.9
2026-04-20,Colágeno - Collagen Protein Hidrolisado Berries Silvestres 450g PURAVIDA,1.0,179.9
2026-04-20,Colágeno - Collagen Renew Hidrolisado,1.0,89.9
2026-04-20,Colágeno - Collagen Tipo II 40mg,2.0,179.8
2026-04-20,Colágeno - Collcreatine,1.0,189.9
2026-04-20,Colágeno - Multi Collagen,1.0,229.9
2026-04-20,Colágeno Hidrolisado - Collagen Pro 18g,5.0,749.5
2026-04-20,Combo com 4 unidades de Eletrólitos - Hydra Energy,1.0,49.9
2026-04-20,Complexo B,2.0,132.89
2026-04-20,Coq10 + Vitamina E,1.0,119.99
2026-04-20,Cranberry - She She Comfort,1.0,69.9
2026-04-20,Creatina,7.0,529.66
2026-04-20,Creatina - Creafort (Creapure),9.0,1619.1
2026-04-20,Creatina 100%,3.0,214.7
2026-04-20,Creatina Monohidratada,33.0,1956.77
2026-04-20,Creatina Monohidratada (Creapure),3.0,689.7
2026-04-20,Creatina Monohidratada - Creatine,7.0,699.3
2026-04-20,Creatina Monohidratada - Hardcore,1.0,89.9
2026-04-20,Creatine Action - Gummy,1.0,119.9
2026-04-20,Cromo Picolinato - 250mg,1.0,27.9
2026-04-20,Curcumina,1.0,85.99
2026-04-20,Cálcio de Algas 1000mg,1.0,59.99
2026-04-20,Cúrcuma - Curcumagic,2.0,309.8
2026-04-20,Cúrcuma Plus,2.0,139.8
2026-04-20,Eletrólitos,24.0,517.6
2026-04-20,Energy Gel,4.0,49.38
2026-04-20,Energy Gel - Endurance,3.0,20.7
2026-04-20,Energy Gel c/ Cafeína,1.0,12.9
2026-04-20,Energy Pro Ice Tea,2.0,19.8
2026-04-20,Enzimas Enzyfor,2.0,299.8
2026-04-20,Ferro Plus,2.0,59.8
2026-04-20,Fiber Biome,1.0,172.9
2026-04-20,Fresh Vegan,2.0,339.8
2026-04-20,Fresh Whey,9.0,1889.1
2026-04-20,Gel - Endurance,2.0,139.8
2026-04-20,Gel Intra-treino Sport Line,4.0,41.78
2026-04-20,Gel Neutro Fresh com Cafeína,2.0,25.46
2026-04-20,Gel Nitrato,2.0,21.8
2026-04-20,Glutamina,4.0,271.6
2026-04-20,Glutamina - Glutamax,2.0,139.8
2026-04-20,Glutamina - Glutamax Refil,1.0,129.9
2026-04-20,Gold Whey Concentrado Refil,3.0,539.7
2026-04-20,Granola Australia - Low Carb,1.0,44.9
2026-04-20,Gummy de Vinagre de Maçã - Apple Cider Vinegar,1.0,89.9
2026-04-20,Hipercalórico - Creamass,1.0,99.9
2026-04-20,Hydro Protein,3.0,32.7
2026-04-20,Hydrolift,1.0,98.9
2026-04-20,Isofort Plant (Life Vegan),1.0,119.9
2026-04-20,L-Carnitina 530mg,3.0,299.7
2026-04-20,L-Taurina - 1.000mg,1.0,69.9
2026-04-20,Laranja Moro,3.0,194.7
2026-04-20,Livestrong,3.0,935.7
2026-04-20,Maca Peruana,2.0,79.98
2026-04-20,Magnésio - Inositol Relief 3.0,7.0,1224.3
2026-04-20,Magnésio Inositol,3.0,464.7
2026-04-20,Magnésio Inositol Relax,1.0,239.99
2026-04-20,Magnésio Plus 900mg,5.0,449.95
2026-04-20,Magnésio Quelato - Bio Mag,2.0,131.98
2026-04-20,Melatonina,2.0,115.89
2026-04-20,Melatonina - Sleepfor,2.0,139.98
2026-04-20,Melatonina Duo,1.0,62.99
2026-04-20,Melatonina Fast,2.0,65.98
2026-04-20,Morning Shot - Imunidade,1.0,104.9
2026-04-20,Multivitaminico - Imunomult- 1000mg,6.0,539.94
2026-04-20,Multivitaminino - Multi All,1.0,69.99
2026-04-20,Multivitamínico Support,2.0,319.98
2026-04-20,N-Acetil Cisteína (NAC),1.0,89.9
2026-04-20,NAC,1.0,53.9
2026-04-20,Nitro 400,5.0,699.5
2026-04-20,Nootrópico - Brain Up Am/Pm  60 caps TRUE SOURCE,1.0,154.9
2026-04-20,Omegafor Plus,15.0,2580.5
2026-04-20,Omegafor Vision,2.0,219.98
2026-04-20,Omegafor Vitamins,1.0,139.9
2026-04-20,Palatinose,1.0,64.9
2026-04-20,Palatinose 100% - Carbolift,1.0,99.9
2026-04-20,Prebiótico,1.0,84.9
2026-04-20,Prebiótico - Fiber Liv,1.0,79.9
2026-04-20,Probiótico - Simcaps,1.0,49.9
2026-04-20,Probiótico - Simfort Plus,13.0,1108.7
2026-04-20,Probióticos em Pó - Simfort,3.0,369.7
2026-04-20,Protein Booster Pro,3.0,32.7
2026-04-20,Proteina Vegetal,2.0,319.8
2026-04-20,Proteina Vegetal - True Vegan,3.0,584.7
2026-04-20,Proteína Isolada e Hidrolisada - Body Protein,4.0,879.6
2026-04-20,Proteína Isolada e Hidrolisada - Body Protein Red,1.0,219.9
2026-04-20,Pré-Treino,1.0,83.9
2026-04-20,Pré-Treino - Beta Action,1.0,219.9
2026-04-20,Pré-Treino - V Fort Ultra,2.0,259.8
2026-04-20,Própolis Verde,2.0,131.8
2026-04-20,Própolis Verde - Propomax,2.0,59.8
2026-04-20,Psyllium,3.0,199.7
2026-04-20,Pós-treino - Recharge 4:1,1.0,130.09
2026-04-20,Refil 100% Whey Protein - Flavour,1.0,119.9
2026-04-20,Refil Creatina,1.0,159.9
2026-04-20,Refil Whey 100% Pure,1.0,139.9
2026-04-20,Refil Whey Concentrado - W100,7.0,909.3
2026-04-20,Refil Whey Concentrado Havanna - W100,4.0,559.6
2026-04-20,Refil Whey Protein - 3W,2.0,294.8
2026-04-20,Refil Whey Protein Concentrado,3.0,539.7
2026-04-20,Resveratrol - Resveramax,1.0,179.9
2026-04-20,Resveratrol Plus - 165mg,3.0,329.7
2026-04-20,Salgadinho,5.0,29.5
2026-04-20,Shot Matinal,1.0,69.99
2026-04-20,Sleep,4.0,609.6
2026-04-20,Sleepfor,1.0,52.99
2026-04-20,Snack Proteico,3.0,32.7
2026-04-20,Super Ômega 3,6.0,1234.4
2026-04-20,SuperCoffee,13.0,2208.7
2026-04-20,SuperCoffee Língua de gato - Kopenhagen,3.0,599.7
2026-04-20,Suplemento - Hyaluronic Hair,1.0,74.9
2026-04-20,Suplemento Alimentar - Alpha Mater,1.0,154.9
2026-04-20,Suplemento Alimentar - Alpha Men,1.0,139.99
2026-04-20,Suplemento Alimentar - GUARDIAN®,2.0,419.8
2026-04-20,Suplemento Alimentar - L-teanina - Happy Theanine,1.0,129.99
2026-04-20,Suplemento Alimentar - Slim Body 400mg,1.0,75.99
2026-04-20,Suplemento Alimentar - True Nac,1.0,69.9
2026-04-20,Suplemento alimentar de Ômega 3 - DHA OX,1.0,179.9
2026-04-20,Suplemento de Magnésio - Blue Calm,2.0,209.89
2026-04-20,Suplemento para Imunidade - Immune Up 100%,1.0,119.9
2026-04-20,Tasty Whey 3W Gourmet,5.0,1124.5
2026-04-20,Trio Magnésio 720mg,4.0,259.6
2026-04-20,Ultracoffee - Vegano,1.0,109.9
2026-04-20,Vitamina - Good Mood,1.0,54.99
2026-04-20,Vitamina B12,11.0,484.35
2026-04-20,Vitamina C,2.0,129.8
2026-04-20,Vitamina D - Vita D3,5.0,266.5
2026-04-20,Vitamina D - Vita D3 + C + Zinco,7.0,419.3
2026-04-20,Vitamina D3 + K2,4.0,279.6
2026-04-20,Vitamina D3 - 2000 Ui,2.0,65.98
2026-04-20,Vitamina D3 - Ydrosolv,1.0,84.9
2026-04-20,Vitamina D3 Synergy,1.0,59.9
2026-04-20,"Vitaminas A, E, D e K2- RESTAURE® - Gotas",1.0,139.99
2026-04-20,W100 Whey Concentrado - Sachê,2.0,23.8
2026-04-20,W100 Whey Concentrado Havanna - Sachê,3.0,38.7
2026-04-20,Whey,3.0,749.7
2026-04-20,Whey - Zero Lactose,1.0,219.9
2026-04-20,Whey 3W,2.0,329.8
2026-04-20,Whey 3W -  Sachê,6.0,65.4
2026-04-20,Whey Concentrado - W100,1.0,139.9
2026-04-20,Whey Fort 3W,1.0,179.9
2026-04-20,Whey Isolado,3.0,609.05
2026-04-20,Whey Isolado - Iso Triple Zero,1.0,219.9
2026-04-20,Whey Protein - Isofort Beauty,2.0,289.8
2026-04-20,Whey Protein Concentrado,34.0,7038.64
2026-04-20,Whey Protein Concentrado - Sachê,21.0,242.59
2026-04-20,Whey Protein Concentrado Party,2.0,419.8
2026-04-20,Whey Protein Crisp - Isocrisp,1.0,49.9
2026-04-20,Whey Protein ISO 100 Hydrolyzed,2.0,739.8
2026-04-20,Whey Protein Isolado,13.0,4298.7
2026-04-20,Whey Protein Isolado - Isofort,3.0,929.7
2026-04-20,Whey Protein Isolado - Sachê,4.0,67.6
2026-04-20,Whey Protein Isolado - Tasty Iso,5.0,1449.5
2026-04-20,Whey hidrolisado e isolado,2.0,619.8
2026-04-20,Whey hidrolisado e isolado Creme Broule 837g TRUE SOURCE,1.0,309.9
2026-04-20,Zinco Quelato,3.0,119.97
2026-04-20,Óleo de Prímula - 500mg,2.0,71.98
2026-04-20,Ômega - Mega DHA,1.0,179.9
2026-04-20,Ômega 3,1.0,179.9
2026-04-20,Ômega 3  - 1360mg,1.0,189.9
2026-04-20,Ômega 3 - 1360mg,3.0,419.7
2026-04-20,Ômega 3 - EPA DHA - 1000mg,12.0,898.8
2026-04-20,Ômega 3 - Omegafor Memory,5.0,524.5
2026-04-20,Ômega 3 - Ultra Caps 1000mg,3.0,449.97
2026-04-20,Ômega 3 DHA,2.0,251.98
2026-04-20,Ômega 3 EPA DHA,14.0,1271.05
2026-04-20,Ômega 3 Super DHA,2.0,239.8
2026-04-20,Ômega 3 Super DHA BIG,3.0,569.7
2026-04-27,100% Whey Pure,2.0,289.8
2026-04-27,Adoçante Stévia,1.0,22.0
2026-04-27,Aminoácido - Aminovita,1.0,124.9
2026-04-27,Aminoácidos - Aminnu EAAs,2.0,419.8
2026-04-27,Amora Miúra - 1500mg,1.0,44.9
2026-04-27,Aveia - Flocos Grossos,1.0,15.9
2026-04-27,BT 400,1.0,219.9
2026-04-27,BT Gel Nitrato,1.0,119.9
2026-04-27,BT Nitrato 400,1.0,174.9
2026-04-27,Barrinha de Chocolate 70%,2.0,19.8
2026-04-27,Barrinha de Chocolate ao Leite,1.0,9.9
2026-04-27,Barrinha de Proteína,27.0,642.3
2026-04-27,Barrinha de Proteína - Protein Crisp Bar,3.0,23.7
2026-04-27,Barrinha de Proteína Best Whey 62g (15g de Proteína),1.0,139.9
2026-04-27,Barrinha de Proteína Choco Wheyfer,3.0,23.7
2026-04-27,Barrinha de Proteína Crunch,2.0,27.8
2026-04-27,Barrinha de Proteína Crush Bar,2.0,17.8
2026-04-27,Barrinha de Proteína Protein Crisp,2.0,159.8
2026-04-27,Barrinha de Proteína Proto Bar - Havanna,1.0,114.9
2026-04-27,Barrinha de Proteína Whey Grego - Havanna,1.0,96.9
2026-04-27,Beef Protein,5.0,1837.5
2026-04-27,Best Whey,1.0,199.9
2026-04-27,Beta Alanina,4.0,251.6
2026-04-27,Bio Ferro,4.0,171.6
2026-04-27,Biscoito Proteico - Sublime,2.0,25.8
2026-04-27,Blend de Chá - Detox,1.0,29.9
2026-04-27,Blend de Chá - Energia,1.0,29.9
2026-04-27,Blend de Chá - Xô TPM,1.0,27.9
2026-04-27,"Boraprim - Borragem, Prímula e Gergelim",3.0,269.7
2026-04-27,Cappuccino Proteico,1.0,54.9
2026-04-27,Chocolate - Chocolift Be Powerful,1.0,23.9
2026-04-27,Chocolate ao Leite - Marshmallow,1.0,9.9
2026-04-27,Chá Vitatea,3.0,224.7
2026-04-27,Coenzima  Q10 - 100mg,2.0,179.8
2026-04-27,Coenzima Q10,1.0,84.9
2026-04-27,Coenzima Q10  (200mg p/ porção),1.0,219.9
2026-04-27,Coenzima Q10 (200mg p/ porção),6.0,749.4
2026-04-27,Coenzima Q10 + Ômega 3 + Vitamina E,1.0,144.9
2026-04-27,Coenzima Q10 - (100mg p/ porção),3.0,254.7
2026-04-27,Coenzima Q10 - 100mg,1.0,109.9
2026-04-27,Coenzima Q10 - 200mg,1.0,144.9
2026-04-27,Coenzima Q10 200mg,2.0,179.8
2026-04-27,Coenzima Q10+ 200mg,1.0,129.99
2026-04-27,Collagen Advanced,1.0,229.9
2026-04-27,Collagen II Mini Caps,2.0,203.8
2026-04-27,Colágeno - Colagentek,4.0,379.6
2026-04-27,Colágeno - Colagentek II,3.0,314.7
2026-04-27,Colágeno - Colagentek Protein - Bodybalance,10.0,1799.0
2026-04-27,Colágeno - Collagen Essential Protein,1.0,239.9
2026-04-27,Colágeno - Collagen Protein Hidrolisado,2.0,359.8
2026-04-27,Colágeno - Collagen Protein Hidrolisado Berries Silvestres 450g PURAVIDA,1.0,179.9
2026-04-27,Colágeno - Collagen Renew Hidrolisado,5.0,449.5
2026-04-27,Colágeno - Collagen Tipo II 40mg,1.0,89.9
2026-04-27,Colágeno Collagen Skin,4.0,779.6
2026-04-27,Colágeno Hidrolisado - Collagen Pro 18g,9.0,1349.1
2026-04-27,Colágeno Tipo II - Artro Aid,1.0,99.9
2026-04-27,Complexo B,3.0,309.79
2026-04-27,Complexo B 500mg,1.0,39.99
2026-04-27,Complexo B Max,2.0,89.8
2026-04-27,Coq10 + Vitamina E,4.0,479.96
2026-04-27,Cranberry - She She Comfort,1.0,69.9
2026-04-27,Creatina,2.0,349.8
2026-04-27,Creatina - Creafort (Creapure),7.0,1259.3
2026-04-27,Creatina - Gummy,3.0,434.7
2026-04-27,Creatina 100%,4.0,239.6
2026-04-27,Creatina Monohidratada,36.0,2438.3
2026-04-27,Creatina Monohidratada (Creapure),3.0,619.7
2026-04-27,Creatina Monohidratada - Creatine,5.0,499.5
2026-04-27,Creatina Monohidratada - Hardcore,2.0,179.8
2026-04-27,Creatina Monohidratada Mastigável - Creafast,1.0,239.9
2026-04-27,Creatina Premium - Creapure,1.0,229.9
2026-04-27,Creatine Action - Gummy,1.0,119.9
2026-04-27,Cúrcuma - Curcumagic,1.0,154.9
2026-04-27,Cúrcuma 500mg,1.0,94.9
2026-04-27,Cúrcuma Plus,5.0,349.5
2026-04-27,Eletrólitos,14.0,360.6
2026-04-27,Energy Gel - Endurance,1.0,6.9
2026-04-27,Energy Kick - Sachê,1.0,8.9
2026-04-27,Energy Kick com Cafeína - Sachê,1.0,8.9
2026-04-27,Energy Pro Ice Tea,2.0,19.8
2026-04-27,Enzimas Enzyfor,1.0,149.9
2026-04-27,Expresso Whey - Sachê,1.0,19.9
2026-04-27,Farinha de Aveia,1.0,15.9
2026-04-27,Fe - Complex,1.0,69.9
2026-04-27,Feno Grego + Boro 500mg,2.0,189.89
2026-04-27,Fibras - Fiberlift,1.0,139.9
2026-04-27,Fresh Whey,12.0,2278.8
2026-04-27,FreshWhey - Sachê,6.0,101.4
2026-04-27,Gel Nitrato,27.0,294.3
2026-04-27,Glutamina,1.0,169.9
2026-04-27,Glutamina - Glutamax,1.0,89.9
2026-04-27,Glutamina - Glutamax Refil,1.0,129.9
2026-04-27,Glutamina Isolates,1.0,64.9
2026-04-27,Glutamina em Pó,4.0,459.6
2026-04-27,Granola - Sem Glúten,1.0,29.9
2026-04-27,Hipercalórico - Hiper Mass Gainer,1.0,121.69
2026-04-27,Hydro Protein,10.0,109.0
2026-04-27,Hydrolite,1.0,83.9
2026-04-27,Intratreino - Intra Workout,1.0,139.35
2026-04-27,Isofort Plant (Life Vegan),1.0,119.9
2026-04-27,Juice Protein,1.0,10.9
2026-04-27,L-Carnitina 530mg,1.0,99.9
2026-04-27,Laranja Moro - Moroskinny,1.0,104.9
2026-04-27,Livestrong,2.0,617.8
2026-04-27,MCT,1.0,134.9
2026-04-27,Magnésio - Inositol Relief 3.0,11.0,1923.9
2026-04-27,Magnésio Elemental,2.0,143.8
2026-04-27,Magnésio Inositol,4.0,559.6
2026-04-27,Magnésio Plus 900mg,2.0,184.89
2026-04-27,Magnésio Quelato - Bio Mag,1.0,74.9
2026-04-27,Matchá,1.0,92.9
2026-04-27,Melatonina,1.0,59.9
2026-04-27,Melatonina - Sleepfor,2.0,159.8
2026-04-27,Melatonina - Ydrosolv,1.0,84.9
2026-04-27,Melatonina Fast,1.0,32.99
2026-04-27,Melatonina em Gummy,1.0,119.9
2026-04-27,Morning Shot - Imunidade,8.0,839.2
2026-04-27,Multivitaminico  - Imunomult- 1000mg,1.0,134.9
2026-04-27,Multivitaminico - Imunomult- 1000mg,1.0,89.99
2026-04-27,Multivitamínico Support,3.0,479.97
2026-04-27,NAC Acetilcisteína -  600mg,1.0,79.9
2026-04-27,NAC PRO,3.0,209.7
2026-04-27,Omegafor Plus,27.0,4696.3
2026-04-27,Palatinose,3.0,204.7
2026-04-27,Palatinose 100% - Carbolift,1.0,249.9
2026-04-27,Poteína Vegetal,2.0,225.8
2026-04-27,Prebiótico - Fiber Liv,1.0,79.9
2026-04-27,Probiótico - Simcaps,1.0,74.9
2026-04-27,Probiótico - Simfort Plus,11.0,1118.9
2026-04-27,Probióticos em Pó - Simfort,1.0,39.9
2026-04-27,Protein Booster Pro,10.0,109.0
2026-04-27,Protein Brownie,1.0,64.9
2026-04-27,Proteina Vegetal,1.0,159.9
2026-04-27,Proteína Isolada e Hidrolisada - Body Protein,3.0,659.7
2026-04-27,Proteína Isolada e Hidrolisada - Body Protein Red,2.0,439.8
2026-04-27,Proteína Vegana - Veggie Protein,1.0,209.9
2026-04-27,Pré-Treino - Beta Action,1.0,219.9
2026-04-27,Pré-Treino - V Fort,1.0,129.9
2026-04-27,Pré-Treino - V Fort Ultra,4.0,519.6
2026-04-27,Pré-Treino Energy ATP®,1.0,209.9
2026-04-27,Pré-treino - Energy Kick,3.0,389.7
2026-04-27,Próbiotico - Purabiotics,1.0,89.9
2026-04-27,Própolis - Green Própolis,2.0,139.8
2026-04-27,Própolis Líquido - Gotas,1.0,49.9
2026-04-27,Própolis Verde - Propomax,1.0,29.9
2026-04-27,Psyllium,3.0,239.7
2026-04-27,Puro Açaí,1.0,166.9
2026-04-27,Pós-treino - Recharge 4:1,2.0,260.18
2026-04-27,Refil 100% Whey Protein - Flavour,1.0,119.9
2026-04-27,Refil Whey 100% Pure,6.0,839.4
2026-04-27,Refil Whey Concentrado - W100,3.0,389.7
2026-04-27,Refil Whey Concentrado Havanna - W100,1.0,139.9
2026-04-27,Refil Whey Protein - 3W,2.0,294.8
2026-04-27,Refil Whey Protein Concentrado,2.0,299.8
2026-04-27,Repositor Energético - D Ribose,1.0,99.9
2026-04-27,Resveratrol 500mg,1.0,79.9
2026-04-27,Resveratrol Plus - 165mg,4.0,439.6
2026-04-27,Sachê Proteína Vegetal,2.0,35.8
2026-04-27,Sachê True Whey Protein,7.0,139.3
2026-04-27,Shot Matinal,1.0,69.99
2026-04-27,Simfort Femme,1.0,99.9
2026-04-27,Sleep,4.0,609.6
2026-04-27,Sleepfor,1.0,55.98
2026-04-27,Snack Proteico,3.0,32.7
2026-04-27,Super Ômega 3,8.0,1584.2
2026-04-27,SuperCoffee,18.0,3218.2
2026-04-27,Suplemento - Hyaluronic Hair,1.0,74.9
2026-04-27,Suplemento Alimentar  - Hepatofor,1.0,84.99
2026-04-27,Suplemento Alimentar - Alpha Inflaminus,1.0,144.9
2026-04-27,Suplemento Alimentar - Alpha Women,1.0,149.9
2026-04-27,Suplemento Alimentar - GUARDIAN®,4.0,839.6
2026-04-27,Suplemento Alimentar - Immune +,2.0,329.8
2026-04-27,Suplemento Alimentar - LEVSENSI,1.0,184.03
2026-04-27,Suplemento Alimentar - True Nac,1.0,69.9
2026-04-27,Suplemento de Magnésio - Blue Calm,2.0,209.89
2026-04-27,Tablete de Doce,1.0,4.9
2026-04-27,Tasty Whey 3W Gourmet,6.0,1349.4
2026-04-27,Termogênico - Lipix6,1.0,114.9
2026-04-27,Termogênico - Termo Plus,1.0,129.9
2026-04-27,Trio Magnésio 720mg,2.0,129.8
2026-04-27,Vitamina - Good Mood,2.0,119.8
2026-04-27,Vitamina B12,5.0,187.59
2026-04-27,Vitamina B9 - Ácido Fólico,1.0,79.9
2026-04-27,Vitamina D - Vita D3,13.0,691.7
2026-04-27,Vitamina D - Vita D3 + C + Zinco,5.0,299.5
2026-04-27,Vitamina D3,4.0,264.6
2026-04-27,Vitamina D3 + K2,2.0,139.8
2026-04-27,Vitamina D3 - 2000 Ui,1.0,32.99
2026-04-27,Vitamina D3 - Ydrosolv - Spray,1.0,76.5
2026-04-27,Vitamina D3 Synergy,1.0,59.9
2026-04-27,"Vitaminas A, E, D e K2- RESTAURE® - Gotas",2.0,294.89
2026-04-27,W100 Whey Concentrado Havanna - Sachê,2.0,25.8
2026-04-27,Whey,5.0,1429.5
2026-04-27,Whey - Zero Lactose,3.0,697.7
2026-04-27,Whey 3W -  Sachê,7.0,76.3
2026-04-27,Whey Concentrado - W100,2.0,279.8
2026-04-27,Whey Fort 3W,9.0,1839.1
2026-04-27,Whey Isolado - Iso Triple Zero,3.0,659.7
2026-04-27,Whey Isolado e Hidrolisado - H.I Whey,1.0,249.9
2026-04-27,Whey Protein - 3W - The Whey,2.0,239.8
2026-04-27,Whey Protein - Isofort Beauty,3.0,429.7
2026-04-27,Whey Protein Concentrado,39.0,8186.1
2026-04-27,Whey Protein Concentrado - Sachê,13.0,156.77
2026-04-27,Whey Protein Concentrado Cappuccino 900g DUX,2.0,419.8
2026-04-27,Whey Protein Crisp - Isocrisp,1.0,49.9
2026-04-27,Whey Protein ISO 100 Hydrolyzed,3.0,1629.7
2026-04-27,Whey Protein Isolado,15.0,4808.5
2026-04-27,Whey Protein Isolado - Isofort,3.0,929.7
2026-04-27,Whey Protein Isolado - Sachê,8.0,135.2
2026-04-27,Whey Protein Isolado - Tasty Iso,1.0,289.9
2026-04-27,Whey Protein Smoothie,2.0,399.8
2026-04-27,Whey Tech 100%,2.0,279.8
2026-04-27,Whey hidrolisado e isolado,4.0,1239.6
2026-04-27,Óleo de Borragem - Gamalift,1.0,144.37
2026-04-27,Ômega -  Mega DHA,1.0,99.9
2026-04-27,Ômega - Mega DHA,1.0,179.9
2026-04-27,Ômega 3,1.0,79.9
2026-04-27,Ômega 3 - 1360mg,4.0,559.6
2026-04-27,Ômega 3 - EPA DHA - 1000mg,8.0,549.2
2026-04-27,Ômega 3 - Omegafor Memory,1.0,104.9
2026-04-27,Ômega 3 DHA,1.0,125.99
2026-04-27,Ômega 3 EPA DHA,33.0,2965.96
2026-04-27,Ômega Core,5.0,1099.5
2026-04-27,Ômegafor Vegan 400mg,1.0,99.9
2026-05-04,100% Whey Pure,1.0,144.9
2026-05-04,Achocolatado - Chocoki,2.0,179.8
2026-05-04,Aminoácido - Aminovita,1.0,124.9
2026-05-04,Aminoácido N-acetil L-cisteína (NAC),6.0,479.4
2026-05-04,Aminoácidos - Aminnu EAAs,1.0,209.9
2026-05-04,Aminoácidos - Aminnu EAAs - Sem Xilitol,1.0,209.9
2026-05-04,Aminoácidos - Aminolift,1.0,209.9
2026-05-04,BCAA Lift - 8:1:1,2.0,269.5
2026-05-04,BT Gel Nitrato com Cafeína,1.0,109.9
2026-05-04,BT Nitrato,1.0,149.9
2026-05-04,Barrinha Charge Bar,1.0,12.9
2026-05-04,Barrinha de Proteína,13.0,448.7
2026-05-04,Barrinha de Proteína - Best Whey Bar,1.0,9.9
2026-05-04,Barrinha de Proteína - Protein Crisp Bar,2.0,15.8
2026-05-04,Barrinha de Proteína - YoPRO,2.0,229.8
2026-05-04,Barrinha de Proteína Best Whey 62g (15g de Proteína),1.0,139.9
2026-05-04,Barrinha de Proteína Choco Wheyfer,1.0,6.9
2026-05-04,Barrinha de Proteína Crush Bar,3.0,26.7
2026-05-04,Barrinha de Proteína Protein Crisp,1.0,79.9
2026-05-04,Beef Protein,2.0,559.8
2026-05-04,Best Whey,1.0,199.9
2026-05-04,Beta Alanina,2.0,125.8
2026-05-04,Beta Alanina 100%,2.0,95.8
2026-05-04,Bio Ferro,4.0,171.6
2026-05-04,Bio Zinco,1.0,36.9
2026-05-04,Biotina Plus,1.0,46.9
2026-05-04,Biscoito Proteico - Sublime,1.0,12.9
2026-05-04,Blend de Chá - Detox,1.0,29.9
2026-05-04,Body Protein Vegano,1.0,159.9
2026-05-04,BodyBalance - Muscle Synergy,1.0,254.9
2026-05-04,Bom Ciclo,1.0,79.9
2026-05-04,"Boraprim - Borragem, Prímula e Gergelim",4.0,359.6
2026-05-04,Cacao Whey - Sachê,2.0,39.8
2026-05-04,Cafeína,1.0,52.9
2026-05-04,Cappuccino Whey - Sachê,3.0,65.7
2026-05-04,Chocolate 70% Cacau,1.0,29.9
2026-05-04,Chá - Hibiscus Plus,1.0,64.9
2026-05-04,Coenzima  Q10 - 100mg,2.0,179.8
2026-05-04,Coenzima Q10,2.0,169.8
2026-05-04,Coenzima Q10  (200mg p/ porção),2.0,439.8
2026-05-04,Coenzima Q10 (200mg p/ porção),10.0,1214.0
2026-05-04,Coenzima Q10 + Ômega 3 + Vitamina E,1.0,144.9
2026-05-04,Coenzima Q10 - (100mg p/ porção),1.0,84.9
2026-05-04,Coenzima Q10 - 200mg,1.0,144.9
2026-05-04,Coenzima Q10 200mg,1.0,89.9
2026-05-04,Coenzima Q10+ 200mg,1.0,139.9
2026-05-04,Collagen Protein BodyBalance,1.0,166.9
2026-05-04,Colágeno - Colagentek,3.0,284.7
2026-05-04,Colágeno - Colagentek II,5.0,599.5
2026-05-04,Colágeno - Colagentek Protein - Bodybalance,4.0,719.6
2026-05-04,Colágeno - Collagen Derm,1.0,149.9
2026-05-04,Colágeno - Collagen Essential Protein,1.0,239.9
2026-05-04,Colágeno - Collagen Gut,1.0,194.9
2026-05-04,Colágeno - Collagen Protein Hidrolisado,1.0,179.9
2026-05-04,Colágeno - Collagen Renew Hidrolisado,4.0,359.6
2026-05-04,Colágeno - Collcreatine,1.0,189.9
2026-05-04,Colágeno Collagen Skin,3.0,584.7
2026-05-04,Colágeno Hidrolisado,1.0,44.9
2026-05-04,Colágeno Hidrolisado - Collagen Pro 18g,4.0,599.6
2026-05-04,Complexo B,2.0,85.8
2026-05-04,Cranberry - She She Comfort,1.0,69.9
2026-05-04,Creatina,1.0,44.9
2026-05-04,Creatina - Creafort (Creapure),10.0,1799.0
2026-05-04,Creatina 100%,9.0,644.1
2026-05-04,Creatina Monohidratada,31.0,2261.9
2026-05-04,Creatina Monohidratada (Creapure),1.0,229.9
2026-05-04,Creatina Monohidratada - Creatine,3.0,299.7
2026-05-04,Creatina Premium - Creapure,1.0,229.9
2026-05-04,Creatine Action - Gummy,1.0,119.9
2026-05-04,Cúrcuma 500mg,1.0,94.9
2026-05-04,Cúrcuma Plus,5.0,349.5
2026-05-04,Eletrólitos,1.0,94.9
2026-05-04,Eletrólitos - Hydration,1.0,5.9
2026-05-04,Energy Gel,12.0,141.48
2026-05-04,Energy Gel c/ Cafeína,4.0,47.56
2026-05-04,Energy Kick com Cafeína - Sachê,2.0,17.8
2026-05-04,Energy Pro Ice Tea,5.0,49.5
2026-05-04,Enzima - Enzyfor,1.0,79.9
2026-05-04,Enzimas Enzyfor,2.0,299.8
2026-05-04,Expresso Whey - Sachê,1.0,19.9
2026-05-04,Farinha de Aveia,1.0,15.9
2026-05-04,Fe - Complex,1.0,69.9
2026-05-04,Feno Grego,1.0,69.9
2026-05-04,Feno Grego + Boro 500mg,1.0,99.9
2026-05-04,Ferro Plus,1.0,29.9
2026-05-04,Ferro Quelato + Vitamina C,3.0,140.7
2026-05-04,Fibras - Fiberfor,2.0,199.8
2026-05-04,Fresh Whey,14.0,2978.6
2026-05-04,FreshWhey - Sachê,3.0,50.7
2026-05-04,Gel Intra-treino Sport Line,7.0,70.39
2026-05-04,Glutamina,1.0,51.9
2026-05-04,Glutamina - Glutamax,3.0,269.7
2026-05-04,Glutamina - Glutamax Refil,1.0,129.9
2026-05-04,Glutamina em Pó,2.0,199.8
2026-05-04,Gold Whey Concentrado Refil,3.0,539.7
2026-05-04,Granola - Zero Açúcar,2.0,65.8
2026-05-04,Granola Australia - Low Carb,1.0,44.9
2026-05-04,Gummy de Vinagre de Maçã - Apple Cider Vinegar,1.0,89.9
2026-05-04,Hipercalórico - Creamass,1.0,99.9
2026-05-04,Isofort Plant (Life Vegan),1.0,119.9
2026-05-04,L-Carnitina 530mg,1.0,99.9
2026-05-04,L-Taurina - 1.000mg,1.0,41.9
2026-05-04,Maca Peruana,2.0,99.8
2026-05-04,Magnésio - Inositol Relief 3.0,5.0,897.89
2026-05-04,Magnésio Inositol,4.0,649.6
2026-05-04,Magnésio Plus - 350mg,3.0,224.7
2026-05-04,Magnésio Plus 900mg,1.0,94.9
2026-05-04,Matchá - Chá Verde em Pó,2.0,179.8
2026-05-04,Melatonina,1.0,59.9
2026-05-04,Melatonina - Sleepfor,2.0,159.8
2026-05-04,Melatonina Duo,1.0,64.9
2026-05-04,Melatonina Duo Harmony,1.0,129.9
2026-05-04,Melatonina em Gotas,1.0,39.9
2026-05-04,Metil B12,1.0,49.9
2026-05-04,Metilfolato,1.0,48.9
2026-05-04,Morning Shot - Imunidade,4.0,419.6
2026-05-04,Multivitaminico  - Imunomult- 1000mg,1.0,134.9
2026-05-04,Multivitaminino - Multi All,1.0,79.9
2026-05-04,Multivitamínico - Vitalift,1.0,194.9
2026-05-04,Multivitamínico Support,3.0,533.7
2026-05-04,N-Acetil Cisteína (NAC),1.0,89.9
2026-05-04,NAC,2.0,107.8
2026-05-04,NAC + Glycine + Taurine,2.0,189.8
2026-05-04,NAC PRO,3.0,241.7
2026-05-04,Nitro 400,4.0,559.6
2026-05-04,Nootrópico - Brain Up Am/Pm  60 caps TRUE SOURCE,1.0,154.9
2026-05-04,Omegafor Plus,22.0,3652.8
2026-05-04,Palatinose,1.0,69.9
2026-05-04,Paçoquinha,1.0,4.9
2026-05-04,Polivitamínico - Berryki,1.0,53.55
2026-05-04,Poteína Vegetal,1.0,112.9
2026-05-04,Probiótico - Simfort Plus,8.0,709.2
2026-05-04,Probióticos,1.0,66.9
2026-05-04,Probióticos em Pó - Simfort,1.0,179.9
2026-05-04,Proteina Vegetal,1.0,159.9
2026-05-04,Proteína - Isocrisp Plant Pouch,2.0,139.8
2026-05-04,Proteína Isolada e Hidrolisada - Body Protein,3.0,659.7
2026-05-04,Proteína Isolada e Hidrolisada - Body Protein Red,3.0,659.7
2026-05-04,Proteína Vegana - Immuno Veggie,1.0,254.9
2026-05-04,Pré-Treino,1.0,139.9
2026-05-04,Pré-Treino - Beta Action,1.0,219.9
2026-05-04,Pré-Treino Energy ATP®,1.0,209.9
2026-05-04,Pré-treino - Heat Up,1.0,159.9
2026-05-04,Própolis Verde,2.0,108.8
2026-05-04,Própolis Verde - Alcoólico,3.0,89.7
2026-05-04,Própolis Verde - Propomax,3.0,89.7
2026-05-04,Própolis Verde 70,1.0,39.9
2026-05-04,Psyllium,5.0,399.5
2026-05-04,Refil 100% Whey Protein - Flavour,2.0,239.8
2026-05-04,Refil Whey 100% Pure,2.0,279.8
2026-05-04,Refil Whey Concentrado - W100,6.0,779.4
2026-05-04,Refil Whey Concentrado Havanna - W100,2.0,279.8
2026-05-04,Refil Whey Protein - 3W,2.0,309.8
2026-05-04,Refil Whey Protein Concentrado,4.0,879.6
2026-05-04,Resveratrol 500mg,1.0,79.9
2026-05-04,Resveratrol Plus - 165mg,1.0,109.9
2026-05-04,Sachê True Whey Protein,3.0,59.7
2026-05-04,Shot Matinal,1.0,79.9
2026-05-04,Simfort Femme,2.0,199.8
2026-05-04,Simfort Ultra,1.0,154.9
2026-05-04,Simfort fibras,1.0,64.9
2026-05-04,Sleep,1.0,189.9
2026-05-04,Snack Proteico,6.0,65.4
2026-05-04,Super Ômega 3,6.0,1199.4
2026-05-04,SuperCoffee,11.0,1908.9
2026-05-04,SuperCoffee Língua de gato - Kopenhagen,4.0,799.6
2026-05-04,Suplemento -  Super Active Boost,1.0,72.18
2026-05-04,Suplemento - Super Sono,2.0,239.8
2026-05-04,Suplemento Alimentar  - Hepatofor,2.0,199.8
2026-05-04,Suplemento Alimentar - Alpha Inflaminus,1.0,144.9
2026-05-04,Suplemento Alimentar - Alpha Mater,1.0,154.9
2026-05-04,"Suplemento Alimentar - Cabelo, Unha e Pele - Beauty +",1.0,129.9
2026-05-04,Suplemento Alimentar - Immune +,1.0,164.9
2026-05-04,Tablete de Doce,5.0,24.5
2026-05-04,Tasty Whey 3W Gourmet,4.0,899.6
2026-05-04,Termogênico - Lipix6,2.0,229.8
2026-05-04,Termogênico - Termo Plus,2.0,259.8
2026-05-04,Trio Magnésio 720mg,4.0,259.6
2026-05-04,Triptofano - Triptoflex 215mg,1.0,49.9
2026-05-04,Triptofano Noite,2.0,179.8
2026-05-04,Ultra Q10,1.0,110.9
2026-05-04,Vanilla Whey - Sachê,1.0,19.9
2026-05-04,Vit C - 4 Protect,1.0,149.9
2026-05-04,Vitamina - Good Mood,1.0,59.9
2026-05-04,Vitamina B12,11.0,457.9
2026-05-04,Vitamina B12 - Bio B12,1.0,84.9
2026-05-04,Vitamina B9 - Ácido Fólico,1.0,79.9
2026-05-04,Vitamina C + Zinco - Gomas,1.0,64.9
2026-05-04,Vitamina C - Bio Vit C+,1.0,54.9
2026-05-04,Vitamina D - Vita D3,14.0,746.6
2026-05-04,Vitamina D - Vita D3 + C + Zinco,4.0,222.6
2026-05-04,Vitamina D3,2.0,129.8
2026-05-04,Vitamina D3 + K2,2.0,139.8
2026-05-04,Vitamina D3 + K2 Gotas,1.0,69.9
2026-05-04,Vitamina D3 - Ydrosolv,1.0,84.9
2026-05-04,Vitamina D3 - Ydrosolv - Spray,1.0,76.5
2026-05-04,Vitamina D3 Mini caps,2.0,83.8
2026-05-04,Vitamina D3 Synergy,3.0,179.7
2026-05-04,"Vitaminas A, E, D e K2- RESTAURE® - Gotas",7.0,1084.3
2026-05-04,W100 Whey Concentrado Havanna - Sachê,1.0,12.9
2026-05-04,Whey,6.0,1679.4
2026-05-04,Whey - Zero Lactose,2.0,439.8
2026-05-04,Whey 3W,1.0,164.9
2026-05-04,Whey 3W -  Sachê,1.0,10.9
2026-05-04,Whey Fort 3W,13.0,2338.7
2026-05-04,Whey Isolado,2.0,459.8
2026-05-04,Whey Isolado - Iso Triple Zero,1.0,219.9
2026-05-04,Whey Isolado - Isofort Ultra Imuno,1.0,339.9
2026-05-04,Whey Protein - 3W - The Whey,5.0,599.5
2026-05-04,Whey Protein - Isofort Beauty,5.0,699.5
2026-05-04,Whey Protein Concentrado,44.0,9235.6
2026-05-04,Whey Protein Concentrado - Sachê,10.0,124.69
2026-05-04,Whey Protein Concentrado Cappuccino 900g DUX,6.0,1259.4
2026-05-04,Whey Protein Crisp - Isocrisp,2.0,99.8
2026-05-04,Whey Protein ISO 100 Hydrolyzed,1.0,889.9
2026-05-04,Whey Protein Isolado,19.0,6458.1
2026-05-04,Whey Protein Isolado - Isofort,9.0,2789.1
2026-05-04,Whey Protein Isolado - Sachê,6.0,101.4
2026-05-04,Whey Protein Isolado - Tasty Iso,3.0,869.7
2026-05-04,Whey Protein Smoothie,1.0,199.9
2026-05-04,Whey Protein Vegetal,1.0,149.9
2026-05-04,Whey Tech 100%,3.0,419.7
2026-05-04,Whey hidrolisado e isolado,1.0,309.9
2026-05-04,Xylitol,1.0,72.9
2026-05-04,Zinco Quelato,2.0,85.8
2026-05-04,Ômega 3,1.0,79.9
2026-05-04,Ômega 3  - 1360mg,1.0,189.9
2026-05-04,Ômega 3 - EPA DHA - 1000mg,8.0,513.2
2026-05-04,Ômega 3 - Omegafor Memory,2.0,209.8
2026-05-04,Ômega 3 - Pro,1.0,49.9
2026-05-04,Ômega 3 - Ultra Caps 1000mg,3.0,479.7
2026-05-04,Ômega 3 DHA,4.0,559.6
2026-05-04,Ômega 3 EPA DHA,16.0,1260.4
2026-05-04,Ômega 3 Super DHA BIG,1.0,189.9
2026-05-04,Ômega Core,1.0,219.9
2026-05-11,100% Whey Pure,1.0,144.9
2026-05-11,100% Whey True Protein,1.0,209.9
2026-05-11,Aminoácido - Amino Builder,1.0,154.35
2026-05-11,Aminoácido - Aminovita,1.0,149.9
2026-05-11,Aminoácido N-acetil L-cisteína (NAC),3.0,239.7
2026-05-11,Aminoácidos - Aminnu EAAs,2.0,419.8
2026-05-11,Aminoácidos - Aminnu EAAs - Sem Xilitol,1.0,209.9
2026-05-11,Aminoácidos - Aminolift,1.0,209.9
2026-05-11,Arginofor -  L-Arginina,1.0,119.9
2026-05-11,BT Nitrato,1.0,134.91
2026-05-11,Barrinha Charge Bar,1.0,12.9
2026-05-11,Barrinha de Chocolate ao Leite,3.0,29.7
2026-05-11,Barrinha de Proteína,16.0,214.4
2026-05-11,Barrinha de Proteína - Best Whey Bar,1.0,9.9
2026-05-11,Barrinha de Proteína - Protein Crisp Bar,3.0,108.7
2026-05-11,Barrinha de Proteína Choco Wheyfer,3.0,23.7
2026-05-11,Barrinha de Proteína Collagen Bar,1.0,109.9
2026-05-11,Barrinha de Proteína Crunch,1.0,13.9
2026-05-11,Barrinha de Proteína Crush Bar,13.0,115.7
2026-05-11,Barrinha de Proteína Protein Crisp,1.0,79.9
2026-05-11,Barrinha de Proteína Whey Grego - Havanna,1.0,114.9
2026-05-11,Barrinhas de Proteína Crunch,1.0,159.9
2026-05-11,Bebida Vegetal em Pó - Vegan Delight,1.0,99.9
2026-05-11,Beef Protein,3.0,809.7
2026-05-11,Best Whey,2.0,399.8
2026-05-11,Beta Alanina,6.0,377.4
2026-05-11,Beta Alanina 100%,2.0,95.8
2026-05-11,Bio Cálcio  60 caps PURAVIDA,4.0,319.6
2026-05-11,Bio Ferro,1.0,42.9
2026-05-11,Bio Zinco,1.0,36.9
2026-05-11,Biscoito Proteico - Sublime,1.0,12.9
2026-05-11,Booster Energético - Upgrade Energy - TCM,1.0,139.9
2026-05-11,"Boraprim - Borragem, Prímula e Gergelim",3.0,234.7
2026-05-11,Cacao Whey - Sachê,1.0,19.9
2026-05-11,Cappuccino Whey - Sachê,1.0,21.9
2026-05-11,Chá Misto,1.0,6.9
2026-05-11,Chá Sublime - Brisa,1.0,6.9
2026-05-11,Chá Sublime - Harmonia,1.0,7.2
2026-05-11,Chá Sublime - Inverno,1.0,6.9
2026-05-11,Cocada,1.0,4.9
2026-05-11,Coenzima Q10,3.0,254.7
2026-05-11,Coenzima Q10  (200mg p/ porção),1.0,219.9
2026-05-11,Coenzima Q10 (200mg p/ porção),7.0,839.3
2026-05-11,Coenzima Q10 + Ômega 3 + Vitamina E,5.0,724.5
2026-05-11,Coenzima Q10 - (100mg p/ porção),4.0,339.6
2026-05-11,Coenzima Q10 - 200mg,1.0,144.9
2026-05-11,Coenzima Q10 100 Mg,1.0,124.9
2026-05-11,Coenzima Q10+ 200mg,1.0,139.9
2026-05-11,Collagen Protein BodyBalance,1.0,166.9
2026-05-11,Colágeno -  Collagen Gut,1.0,199.9
2026-05-11,Colágeno - Colagentek,6.0,569.4
2026-05-11,Colágeno - Colagentek II,1.0,179.9
2026-05-11,Colágeno - Colagentek Protein - Bodybalance,3.0,539.7
2026-05-11,Colágeno - Collagen Essential Protein,4.0,959.6
2026-05-11,Colágeno - Collagen Gut,1.0,194.9
2026-05-11,Colágeno - Collagen Protein Hidrolisado,1.0,179.9
2026-05-11,Colágeno - Collagen Renew Hidrolisado,2.0,179.8
2026-05-11,Colágeno - Collagen Tipo II 40mg,1.0,89.9
2026-05-11,Colágeno - Collcreatine,2.0,379.8
2026-05-11,Colágeno - Multi Collagen,2.0,459.8
2026-05-11,Colágeno Hidrolisado - Collagen Pro 18g,4.0,599.6
2026-05-11,Colágeno Tipo II - Artro Aid,1.0,99.9
2026-05-11,Colágeno tipo 2 - Colagentek II,1.0,104.9
2026-05-11,Complexo B,1.0,109.9
2026-05-11,Complexo B 500mg,1.0,44.9
2026-05-11,Coq10,3.0,689.7
2026-05-11,Coq10 + Vitamina E,1.0,134.9
2026-05-11,Cranberry - She She Comfort,1.0,69.9
2026-05-11,Creatina,1.0,249.9
2026-05-11,Creatina - Creafort (Creapure),6.0,1079.4
2026-05-11,Creatina - Gummy,1.0,144.9
2026-05-11,Creatina 100%,3.0,214.7
2026-05-11,Creatina Monohidratada,25.0,1902.5
2026-05-11,Creatina Monohidratada (Creapure),4.0,779.6
2026-05-11,Creatina Monohidratada -  Crealift (Creapure),1.0,299.9
2026-05-11,Creatina Monohidratada - Creatine,13.0,1298.7
2026-05-11,Creatina Premium - Creapure,1.0,229.9
2026-05-11,Creatina- Creapure,1.0,199.9
2026-05-11,Creatine Action - Gummy,1.0,119.9
2026-05-11,Creme de Castanha de Caju,1.0,49.9
2026-05-11,Cromo Picolinato - 250mg,1.0,27.9
2026-05-11,Cálcio de Algas 1000mg,1.0,64.9
2026-05-11,Cúrcuma - Curcumagic,1.0,154.9
2026-05-11,Cúrcuma Plus,10.0,699.0
2026-05-11,Dado de creatina,1.0,129.9
2026-05-11,Eletrólitos,24.0,341.6
2026-05-11,Energy Gel - Endurance,10.0,69.0
2026-05-11,Energy Kick com Cafeína - Sachê,1.0,8.9
2026-05-11,Enzima Lactase - Laczyme,1.0,84.9
2026-05-11,Expresso Whey - Sachê,1.0,19.9
2026-05-11,Extrato de Laranja Moro 400mg,1.0,99.9
2026-05-11,Fe - Complex,2.0,139.8
2026-05-11,Feno Grego,1.0,69.9
2026-05-11,Ferro Plus,1.0,29.9
2026-05-11,Ferro Quelato + Vitamina C,2.0,93.8
2026-05-11,Fibras - Fiberfor,1.0,99.9
2026-05-11,Fresh Vegan,1.0,169.9
2026-05-11,Fresh Whey,11.0,2348.9
2026-05-11,FreshWhey - Sachê,2.0,33.8
2026-05-11,Gel - Endurance,1.0,69.9
2026-05-11,Gel Nitrato,4.0,39.24
2026-05-11,Gel Nitrato c/ Cafeína,1.0,9.81
2026-05-11,Glutamina,5.0,478.5
2026-05-11,Glutamina - Glutamax,5.0,409.5
2026-05-11,Glutamina - Glutamax Refil,2.0,259.8
2026-05-11,Glutamina Pure,1.0,119.9
2026-05-11,Gold Whey Concentrado Refil,1.0,179.9
2026-05-11,Granola - Zero Açúcar,1.0,32.9
2026-05-11,Granola Australia - Low Carb,1.0,44.9
2026-05-11,Hydro Protein,2.0,21.8
2026-05-11,Hydrolift,2.0,197.8
2026-05-11,Immuno Whey,3.0,749.7
2026-05-11,Isofort Plant,2.0,299.8
2026-05-11,Isofort Plant (Life Vegan),1.0,119.9
2026-05-11,Juice Protein,1.0,10.9
2026-05-11,Laranja Moro,2.0,129.8
2026-05-11,Laranja Moro - Moroskinny,1.0,104.9
2026-05-11,Livestrong,3.0,935.7
2026-05-11,Maca Peruana,2.0,99.8
2026-05-11,Magnésio - Inositol Relief 3.0,4.0,722.99
2026-05-11,Magnésio Inositol,9.0,1439.1
2026-05-11,Magnésio Inositol Relax,1.0,273.9
2026-05-11,Magnésio Plus - 350mg,5.0,374.5
2026-05-11,Magnésio Plus 900mg,4.0,379.6
2026-05-11,Magnésio Quelato - Bio Mag,2.0,149.8
2026-05-11,Melatonina,2.0,104.8
2026-05-11,Melatonina Duo,2.0,129.8
2026-05-11,Melatonina em Gotas,1.0,39.9
2026-05-11,Metil B12,3.0,149.7
2026-05-11,Mg Complex,1.0,96.9
2026-05-11,Morning Shot - Imunidade,5.0,524.5
2026-05-11,Multivitaminico  - Imunomult- 1000mg,1.0,134.9
2026-05-11,Multivitaminino - Multi All,1.0,79.9
2026-05-11,Multivitamínico - Vitalift,1.0,194.9
2026-05-11,Multivitamínico Support,2.0,355.8
2026-05-11,NAC,4.0,215.6
2026-05-11,NAC + Glycine + Taurine,2.0,189.8
2026-05-11,Nootrópico - Brain Up Am/Pm  60 caps TRUE SOURCE,1.0,154.9
2026-05-11,Omegafor Family - Ômega 3,1.0,119.9
2026-05-11,Omegafor Plus,23.0,4339.7
2026-05-11,Palatinose,1.0,59.23
2026-05-11,Pasta de Amendoim Granulado,1.0,29.9
2026-05-11,Paçoquinha,2.0,9.8
2026-05-11,Prebiótico,1.0,84.9
2026-05-11,Prebiótico - Fiber Liv,1.0,79.9
2026-05-11,Probiótico - Simfort Plus,7.0,639.3
2026-05-11,Protein Brownie,1.0,64.9
2026-05-11,Proteína - Isocrisp Plant - Pote,1.0,29.9
2026-05-11,Proteína - Isocrisp Plant Pouch,1.0,69.9
2026-05-11,Proteína Isolada e Hidrolisada - Body Protein,4.0,1080.6
2026-05-11,Proteína Isolada e Hidrolisada - Body Protein Red,1.0,219.9
2026-05-11,Proteína Vegana - Immuno Veggie,2.0,509.8
2026-05-11,Proteína Vegana - Vegan Tasty,1.0,129.9
2026-05-11,Proteína Vegetal - Vegan Tasty,1.0,129.9
2026-05-11,Pré-Treino,2.0,223.8
2026-05-11,Pré-Treino - Beta Action,2.0,439.8
2026-05-11,Pré-Treino - Stim Free,1.0,139.9
2026-05-11,Pré-Treino - V Fort Ultra,1.0,129.9
2026-05-11,Pré-treino - Energy Kick Caffeine,1.0,129.9
2026-05-11,Própolis Líquido - Gotas,2.0,99.8
2026-05-11,Própolis Trio,1.0,69.9
2026-05-11,Própolis Verde - Propomax,3.0,89.7
2026-05-11,Própolis Verde 70,2.0,79.8
2026-05-11,Psyllium,1.0,39.9
2026-05-11,Quercetina,1.0,79.9
2026-05-11,Quercetina 300mg,2.0,159.8
2026-05-11,Refil 100% Whey Protein - Flavour,2.0,239.8
2026-05-11,Refil Creatina,1.0,159.9
2026-05-11,Refil Whey 100% Pure,2.0,279.8
2026-05-11,Refil Whey Concentrado - W100,5.0,649.5
2026-05-11,Refil Whey Concentrado Havanna - W100,2.0,279.8
2026-05-11,Refil Whey Protein Concentrado,2.0,519.8
2026-05-11,Resveratrol,1.0,68.9
2026-05-11,Resveratrol 500mg,1.0,79.9
2026-05-11,Resveratrol Plus - 165mg,4.0,439.6
2026-05-11,Sachê Magnésio + Inositol Relief 3.0,1.0,6.9
2026-05-11,Sachê True Whey Protein,5.0,99.5
2026-05-11,Salgadinho,12.0,70.8
2026-05-11,Shot Matinal,1.0,79.9
2026-05-11,Simfort Ultra,1.0,154.9
2026-05-11,Simfort fibras,1.0,64.9
2026-05-11,Sleep,1.0,189.9
2026-05-11,Snack Proteico,4.0,43.6
2026-05-11,Super Ômega 3,5.0,1289.5
2026-05-11,SuperCoffee,13.0,2318.7
2026-05-11,SuperCoffee Língua de gato - Kopenhagen,6.0,1199.4
2026-05-11,Suplemento - Hyaluronic Hair,2.0,149.8
2026-05-11,Suplemento Alimentar  - Hepatofor,1.0,99.9
2026-05-11,Suplemento Alimentar - Alpha Mater,1.0,154.9
2026-05-11,Suplemento Alimentar - Alpha Men,1.0,169.9
2026-05-11,"Suplemento Alimentar - Cabelo, Unha e Pele - Beauty +",2.0,259.8
2026-05-11,Suplemento Alimentar - GUARDIAN®,4.0,839.6
2026-05-11,Suplemento Alimentar - Green Shot,2.0,169.8
2026-05-11,Suplemento Alimentar - L-teanina - Happy Theanine,3.0,464.7
2026-05-11,Suplemento Alimentar - Slim Shape,1.0,69.9
2026-05-11,Tablete de Doce,3.0,14.7
2026-05-11,Tasty Whey 3W Gourmet,5.0,1124.5
2026-05-11,Termogênico - Lipix6,1.0,114.9
2026-05-11,Termogênico - Termo Plus,2.0,259.8
2026-05-11,Trio Magnésio 720mg,10.0,649.0
2026-05-11,True Cúrcuma,3.0,224.7
2026-05-11,Ultracoffee - Vegano,1.0,109.9
2026-05-11,Vegan Ômega 3 DHA,1.0,124.9
2026-05-11,Vitamina B12,9.0,384.1
2026-05-11,Vitamina C,1.0,15.9
2026-05-11,Vitamina C - Bio Vit C+,3.0,164.7
2026-05-11,Vitamina C3 - 1000mg,1.0,94.9
2026-05-11,Vitamina D - Vita D3,5.0,272.5
2026-05-11,Vitamina D - Vita D3 + C + Zinco,4.0,239.6
2026-05-11,Vitamina D3,4.0,219.6
2026-05-11,Vitamina D3 + K2,1.0,69.9
2026-05-11,Vitamina D3 - 2000 Ui,3.0,110.7
2026-05-11,Vitamina D3 - Ydrosolv,1.0,84.9
2026-05-11,Vitamina D3 Synergy,2.0,119.8
2026-05-11,"Vitaminas A, E, D e K2- RESTAURE® - Gotas",4.0,619.6
2026-05-11,W100 Whey Concentrado - Sachê,1.0,11.9
2026-05-11,W100 Whey Concentrado Havanna - Sachê,1.0,12.9
2026-05-11,Whey,2.0,679.8
2026-05-11,Whey 3W,2.0,329.8
2026-05-11,Whey 3W -  Sachê,1.0,10.9
2026-05-11,Whey Fort 3W,5.0,899.5
2026-05-11,Whey Isolado - Iso Triple Zero,1.0,219.9
2026-05-11,Whey Isolado e Hidrolisado - H.I Whey,1.0,249.9
2026-05-11,Whey Protein - 3W - The Whey,6.0,719.4
2026-05-11,Whey Protein - Isofort Beauty,2.0,279.8
2026-05-11,Whey Protein Concentrado,29.0,6087.1
2026-05-11,Whey Protein Concentrado - Sachê,6.0,69.09
2026-05-11,Whey Protein Concentrado Cappuccino 900g DUX,1.0,209.9
2026-05-11,Whey Protein Crisp - Isocrisp,2.0,99.8
2026-05-11,Whey Protein Hidrolisado,1.0,369.9
2026-05-11,Whey Protein ISO 100 Hydrolyzed,1.0,369.9
2026-05-11,Whey Protein Isolado,26.0,8837.4
2026-05-11,Whey Protein Isolado - Isofort,7.0,2169.3
2026-05-11,Whey Protein Isolado - Sachê,11.0,185.9
2026-05-11,Whey Protein Isolado - Tasty Iso,2.0,579.8
2026-05-11,Whey Protein Vegetal,1.0,149.9
2026-05-11,Whey Tech 100%,3.0,419.7
2026-05-11,Whey hidrolisado e isolado,4.0,1239.6
2026-05-11,Whey hidrolisado e isolado Creme Broule 837g TRUE SOURCE,1.0,309.9
2026-05-11,Zinco - Ydrosolv,2.0,179.8
2026-05-11,Zinco Quelato,1.0,42.9
2026-05-11,Óleo De Coco Extravirgem,1.0,32.9
2026-05-11,Óleo de Prímula - 500mg,1.0,39.9
2026-05-11,Ômega -  Mega DHA,4.0,399.6
2026-05-11,Ômega - Mega DHA,2.0,359.8
2026-05-11,Ômega 3,2.0,259.8
2026-05-11,Ômega 3  - 1360mg,5.0,949.5
2026-05-11,Ômega 3 - EPA DHA - 1000mg,8.0,495.2
2026-05-11,Ômega 3 - Omegafor Memory,1.0,104.9
2026-05-11,Ômega 3 - Ultra Caps 1000mg,1.0,159.9
2026-05-11,Ômega 3 DHA,1.0,139.9
2026-05-11,Ômega 3 EPA DHA,31.0,2796.9
2026-05-11,Ômega 3 Pulse,3.0,389.7
2026-05-11,Ômega 3 Super DHA,1.0,119.9
2026-05-11,Ômega 3 Super DHA BIG,1.0,189.9
2026-05-11,Ômega Golden,2.0,439.8
2026-05-11,Ômegafor Vegan 400mg,1.0,99.9
2026-05-18,Aminoácido - Amino Greens,1.0,209.9
2026-05-18,Aminoácido - Aminovita,1.0,174.9
2026-05-18,Aminoácido N-acetil L-cisteína (NAC),6.0,479.4
2026-05-18,Aminoácidos - Aminnu EAAs,5.0,1049.5
2026-05-18,Amora Miúra - 1500mg,1.0,44.9
2026-05-18,BT 400,1.0,197.91
2026-05-18,BT Nitrato,1.0,149.9
2026-05-18,BT Nitrato 400,3.0,434.71
2026-05-18,Barrinha Charge Bar,2.0,25.8
2026-05-18,Barrinha de Chocolate 70%,1.0,9.9
2026-05-18,Barrinha de Proteina Vegana - Radiance Joy,5.0,94.5
2026-05-18,Barrinha de Proteína,22.0,571.8
2026-05-18,Barrinha de Proteína - Best Whey Bar,2.0,21.12
2026-05-18,Barrinha de Proteína - YOPRO,2.0,25.8
2026-05-18,Barrinha de Proteína - YoPRO,1.0,114.9
2026-05-18,Barrinha de Proteína Choco Wheyfer,1.0,6.9
2026-05-18,Barrinha de Proteína Collagen Bar,1.0,109.9
2026-05-18,Barrinha de Proteína Crunch,1.0,13.9
2026-05-18,Barrinha de Proteína Crush Bar,7.0,66.3
2026-05-18,Barrinha de Proteína Whey Grego - Havanna,1.0,99.9
2026-05-18,Beef Protein,2.0,725.8
2026-05-18,Best Whey,1.0,199.9
2026-05-18,Beta Alanina,6.0,383.4
2026-05-18,Beta Alanina 100%,6.0,287.4
2026-05-18,Bio Cálcio  60 caps PURAVIDA,1.0,79.9
2026-05-18,Bio Ferro,3.0,128.7
2026-05-18,Bio Zinco,4.0,147.6
2026-05-18,Blend de Chá - Calmante,1.0,27.9
2026-05-18,Blend de Chá - Detox,1.0,27.9
2026-05-18,Blend de Chá - Digestivo,1.0,27.9
2026-05-18,Blend de Chá - Energia,1.0,29.9
2026-05-18,Blend de Chá - Xô TPM,2.0,55.8
2026-05-18,Body Protein,1.0,364.9
2026-05-18,Body Strong Protein,1.0,384.9
2026-05-18,Bom Ciclo,4.0,319.6
2026-05-18,"Boraprim - Borragem, Prímula e Gergelim",4.0,324.6
2026-05-18,Brain Focus,1.0,84.9
2026-05-18,Cacao Whey - Sachê,1.0,19.9
2026-05-18,Cafeína,3.0,158.7
2026-05-18,Cappuccino Proteico,3.0,164.7
2026-05-18,Cappuccino Whey - Sachê,1.0,21.9
2026-05-18,Chá - Fresh Chamomile,1.0,64.9
2026-05-18,Chá Vitatea,1.0,74.9
2026-05-18,Cocada,1.0,4.9
2026-05-18,Coenzima  Q10 - 100mg,1.0,89.9
2026-05-18,Coenzima Q10,3.0,369.7
2026-05-18,Coenzima Q10  (200mg p/ porção),1.0,219.9
2026-05-18,Coenzima Q10 (200mg p/ porção),7.0,884.3
2026-05-18,Coenzima Q10 + Ômega 3 + Vitamina E,2.0,304.8
2026-05-18,Coenzima Q10 - (100mg p/ porção),1.0,84.9
2026-05-18,Coenzima Q10 200mg,4.0,359.6
2026-05-18,Colágeno -  Collagen Gut,1.0,199.9
2026-05-18,Colágeno - Colagentek,2.0,189.8
2026-05-18,Colágeno - Colagentek II,2.0,209.8
2026-05-18,Colágeno - Colagentek Protein - Bodybalance,2.0,359.8
2026-05-18,Colágeno - Collagen Derm,1.0,149.9
2026-05-18,Colágeno - Collagen Essential Protein,1.0,239.9
2026-05-18,Colágeno - Collagen Protein Hidrolisado Berries Silvestres 450g PURAVIDA,2.0,359.8
2026-05-18,Colágeno - Collagen Renew Hidrolisado,1.0,89.9
2026-05-18,Colágeno - Collagen Tipo II 40mg,3.0,269.7
2026-05-18,Colágeno - Collcreatine,1.0,189.9
2026-05-18,Colágeno - Collpure®,1.0,164.9
2026-05-18,Colágeno Collagen Flex Beauty,1.0,174.9
2026-05-18,Colágeno Hidrolisado - Collagen Pro 18g,6.0,899.4
2026-05-18,Complexo B,2.0,219.8
2026-05-18,Complexo B 500mg,2.0,89.8
2026-05-18,Coq10,2.0,459.8
2026-05-18,Coq10 + Vitamina E,1.0,134.9
2026-05-18,Creatina,2.0,104.8
2026-05-18,Creatina - Creafort (Creapure),5.0,819.5
2026-05-18,Creatina 100%,2.0,154.8
2026-05-18,Creatina 100% Pure,4.0,439.6
2026-05-18,Creatina Monohidratada,36.0,2766.4
2026-05-18,Creatina Monohidratada (Creapure),5.0,1009.5
2026-05-18,Creatina Monohidratada -  Crealift (Creapure),1.0,299.9
2026-05-18,Creatina Monohidratada - Creatine,8.0,799.2
2026-05-18,Creatina Premium - Creapure,2.0,459.8
2026-05-18,Creatine Action - Gummy,1.0,119.9
2026-05-18,Cromo Picolinato - 250mg,1.0,27.9
2026-05-18,Cálcio de Algas 1000mg,1.0,64.9
2026-05-18,Cúrcuma - Curcumagic,1.0,154.9
2026-05-18,Cúrcuma 500mg,1.0,94.9
2026-05-18,Cúrcuma Plus,2.0,144.8
2026-05-18,Eletrólitos,4.0,379.6
2026-05-18,Eletrólitos - Hydration,6.0,35.4
2026-05-18,Energy Gel,5.0,64.5
2026-05-18,Energy Gel c/ Cafeína,7.0,99.7
2026-05-18,Energy Kick com Cafeína - Sachê,4.0,35.6
2026-05-18,Enzima - Enzyfor,2.0,159.8
2026-05-18,Enzimas Enzyfor,1.0,149.9
2026-05-18,Expresso Whey - Sachê,1.0,19.9
2026-05-18,Fe - Complex,1.0,69.9
2026-05-18,Feno Grego,1.0,69.9
2026-05-18,Ferro Quelato + Vitamina C,2.0,93.8
2026-05-18,Fiber Biome,1.0,172.9
2026-05-18,Fibras - Fiberlift,1.0,139.9
2026-05-18,Fresh Vegan,1.0,169.9
2026-05-18,Fresh Whey,10.0,2334.3
2026-05-18,FreshWhey - Sachê,9.0,152.1
2026-05-18,Gaba Complex,1.0,144.9
2026-05-18,Gel Nitrato,6.0,65.4
2026-05-18,Gel Nitrato c/ Cafeína,2.0,21.8
2026-05-18,Gel Nitrato com L-Citrulinilarginina,2.0,21.8
2026-05-18,Glutamina,2.0,159.8
2026-05-18,Glutamina - Glutamax,2.0,179.8
2026-05-18,Glutamina Isolates,1.0,64.9
2026-05-18,Gold Whey Concentrado Refil,3.0,555.0
2026-05-18,Hydro Protein,3.0,32.7
2026-05-18,Hydrolift,1.0,98.9
2026-05-18,Livestrong,4.0,1234.7
2026-05-18,MCT LIFT,1.0,119.9
2026-05-18,Maca Peruana,1.0,49.9
2026-05-18,Magnésio - Inositol Relief 3.0,7.0,1224.3
2026-05-18,Magnésio Elemental,1.0,71.9
2026-05-18,Magnésio Inositol,3.0,464.7
2026-05-18,Magnésio Plus - 350mg,1.0,74.9
2026-05-18,Magnésio Quelato - Bio Mag,1.0,74.9
2026-05-18,Melatonina - Sleepfor,2.0,159.8
2026-05-18,Melatonina - Ydrosolv,1.0,84.9
2026-05-18,Melatonina Duo,1.0,69.9
2026-05-18,Melatonina Duo Harmony,1.0,129.9
2026-05-18,Mg Complex,1.0,96.9
2026-05-18,Morning Shot - Imunidade,11.0,1153.9
2026-05-18,Multivitaminico - Imunomult- 1000mg,3.0,299.7
2026-05-18,Multivitamínico - Vitalift,2.0,389.8
2026-05-18,Multivitamínico Support,7.0,1245.3
2026-05-18,Omegafor Family - Ômega 3,1.0,119.9
2026-05-18,Omegafor Plus,20.0,3121.0
2026-05-18,Palatinose,3.0,199.03
2026-05-18,Probiótico - Simcaps,3.0,199.7
2026-05-18,Probiótico - Simfort Plus,6.0,619.4
2026-05-18,Probióticos,1.0,66.9
2026-05-18,Protein Booster Pro,6.0,65.4
2026-05-18,Proteina Vegetal - True Vegan,1.0,194.9
2026-05-18,Proteína - Isocrisp Plant - Pote,1.0,29.9
2026-05-18,Proteína - Isocrisp Plant Pouch,1.0,69.9
2026-05-18,Proteína Isolada e Hidrolisada - Body Protein,6.0,1319.4
2026-05-18,Proteína Isolada e Hidrolisada - Body Protein Red,1.0,219.9
2026-05-18,Proteína Vegana - Immuno Veggie,1.0,254.9
2026-05-18,Proteína Vegana - Vegan Tasty,2.0,259.8
2026-05-18,Pré-Treino,1.0,139.9
2026-05-18,Pré-Treino - V Fort Ultra,1.0,129.9
2026-05-18,Pré-treino - Energy Kick,1.0,129.9
2026-05-18,Pré-treino - Energy Kick Caffeine,1.0,129.9
2026-05-18,Próbiotico - Purabiotics,3.0,269.7
2026-05-18,Própolis Verde - Alcoólico,1.0,29.9
2026-05-18,Psyllium,3.0,199.7
2026-05-18,Refil Whey 100% Pure,3.0,458.1
2026-05-18,Refil Whey Concentrado - W100,7.0,909.3
2026-05-18,Refil Whey Concentrado Havanna - W100,1.0,139.9
2026-05-18,Refil Whey Protein Concentrado,7.0,1553.42
2026-05-18,Refil Whey Protein Isolado,3.0,1799.7
2026-05-18,Repositor Energético - D Ribose,1.0,99.9
2026-05-18,Resveratrol Plus - 165mg,4.0,459.6
2026-05-18,Sachê Body Protein,3.0,41.7
2026-05-18,Sachê Magnésio + Inositol Relief 3.0,1.0,6.9
2026-05-18,Sachê True Whey Protein,2.0,39.8
2026-05-18,Sachê de Óleo De Coco Extravirgem,1.0,3.9
2026-05-18,Salgadinho,1.0,5.9
2026-05-18,Shot Matinal,1.0,79.9
2026-05-18,Simfort Femme,2.0,199.8
2026-05-18,Simfort Ultra,1.0,154.9
2026-05-18,Simfort fibras,8.0,519.2
2026-05-18,Sleep,3.0,419.7
2026-05-18,Snack Proteico,2.0,21.8
2026-05-18,Super Ômega 3,7.0,1314.3
2026-05-18,SuperCoffee,12.0,2128.8
2026-05-18,SuperCoffee Língua de gato - Kopenhagen,4.0,799.6
2026-05-18,Suplemento - Beauty Care,1.0,69.9
2026-05-18,Suplemento - Super Sono,1.0,119.9
2026-05-18,Suplemento Alimentar - Alpha Inflaminus,3.0,434.7
2026-05-18,Suplemento Alimentar - Alpha Mater,3.0,464.7
2026-05-18,Suplemento Alimentar - Alpha Men,2.0,339.8
2026-05-18,Suplemento Alimentar - Alpha Women,2.0,299.8
2026-05-18,"Suplemento Alimentar - Cabelo, Unha e Pele - Beauty +",1.0,129.9
2026-05-18,"Suplemento Alimentar - Cabelo, Unha e Pele - Supreme Beauty",1.0,149.9
2026-05-18,Suplemento Alimentar - GUARDIAN®,8.0,1679.2
2026-05-18,Suplemento Alimentar - Geleia Real - Apireal,2.0,85.8
2026-05-18,Suplemento Alimentar - LEVSENSI,1.0,184.03
2026-05-18,Suplemento Alimentar - Resveratrol,1.0,144.9
2026-05-18,Suplemento Alimentar - True Nac,1.0,69.9
2026-05-18,Suplemento de Magnésio - Blue Calm,1.0,109.9
2026-05-18,Tablete de Doce,4.0,19.6
2026-05-18,Tasty Whey 3W Gourmet,6.0,1389.4
2026-05-18,Termogênico - Termo Plus,1.0,129.9
2026-05-18,Trio Magnésio 720mg,9.0,584.1
2026-05-18,Triptofano Noite,1.0,89.9
2026-05-18,Vitamina - Good Mood,2.0,119.8
2026-05-18,Vitamina B12,6.0,304.4
2026-05-18,Vitamina C - Bio Vit C+,3.0,164.7
2026-05-18,Vitamina C3 - 1000mg,2.0,189.8
2026-05-18,Vitamina D - Vita D3,8.0,429.2
2026-05-18,Vitamina D - Vita D3 + C + Zinco,2.0,112.8
2026-05-18,Vitamina D3,1.0,44.9
2026-05-18,Vitamina D3 + K2,6.0,419.4
2026-05-18,Vitamina D3 - 2000 Ui,2.0,73.8
2026-05-18,Vitamina D3 Synergy,1.0,59.9
2026-05-18,"Vitaminas A, E, D e K2- RESTAURE® - Gotas",2.0,309.8
2026-05-18,W100 Whey Concentrado - Sachê,3.0,35.7
2026-05-18,W100 Whey Concentrado Havanna - Sachê,2.0,25.8
2026-05-18,Whey,9.0,2664.15
2026-05-18,Whey - Immuno Golden,1.0,224.91
2026-05-18,Whey - Zero Lactose,3.0,735.7
2026-05-18,Whey 3W -  Sachê,2.0,21.8
2026-05-18,Whey Concentrado - W100,2.0,279.8
2026-05-18,Whey Fort 3W,3.0,691.3
2026-05-18,Whey Isolado,2.0,436.81
2026-05-18,Whey Isolado - Isofort Ultra Imuno,1.0,339.9
2026-05-18,Whey Protein - Isofort Beauty,5.0,699.5
2026-05-18,Whey Protein Concentrado,21.0,4482.9
2026-05-18,Whey Protein Concentrado - Sachê,17.0,210.06
2026-05-18,Whey Protein Concentrado Party,10.0,1779.6
2026-05-18,Whey Protein Crisp - Isocrisp,3.0,149.7
2026-05-18,Whey Protein ISO 100 Hydrolyzed,1.0,332.91
2026-05-18,Whey Protein Isolado,13.0,4293.7
2026-05-18,Whey Protein Isolado - Sachê,27.0,456.3
2026-05-18,Whey Protein Isolado - Tasty Iso,1.0,339.9
2026-05-18,Whey hidrolisado e isolado,7.0,1952.37
2026-05-18,Zinco - Ydrosolv,1.0,89.9
2026-05-18,Zinco Quelato,1.0,42.9
2026-05-18,Óleo de Borragem - Gamalift,1.0,144.37
2026-05-18,Ômega -  Mega DHA,1.0,99.9
2026-05-18,Ômega - Mega DHA,4.0,719.6
2026-05-18,Ômega 3 - EPA DHA - 1000mg,1.0,58.9
2026-05-18,Ômega 3 - Omegafor Memory,6.0,674.4
2026-05-18,Ômega 3 - Ultra Caps 1000mg,4.0,639.6
2026-05-18,Ômega 3 EPA DHA,19.0,1782.1
2026-05-18,Ômega 3 Super DHA,1.0,119.9
2026-05-18,Ômega 3 Super DHA BIG,1.0,189.9
2026-05-18,Ômega Golden,1.0,219.9
2026-05-25,100% Whey Pure,1.0,144.9
2026-05-25,Aminoácido - Aminovita,2.0,349.8
2026-05-25,Aminoácidos - Aminnu EAAs,1.0,209.9
2026-05-25,Antioxidante - Astaxantina,1.0,89.25
2026-05-25,Arginofor -  L-Arginina,1.0,119.9
2026-05-25,BT Gel Nitrato,1.0,109.9
2026-05-25,BT Nitrato,1.0,149.9
2026-05-25,BT Nitrato 400,1.0,149.9
2026-05-25,Barra Double,1.0,5.96
2026-05-25,Barrinha - Body Protein,2.0,21.8
2026-05-25,Barrinha de Proteína,3.0,40.7
2026-05-25,Barrinha de Proteína - Protein Crisp Bar,1.0,7.9
2026-05-25,Barrinha de Proteína Best Whey 62g (15g de Proteína),1.0,112.5
2026-05-25,Barrinha de Proteína Choco Wheyfer,2.0,15.8
2026-05-25,Barrinha de Proteína Crush Bar,1.0,121.9
2026-05-25,Barrinha de Proteína Whey Grego - Havanna,1.0,96.9
2026-05-25,Bebida Proteica - Natural Whey 14g,1.0,7.69
2026-05-25,Best Whey,2.0,434.8
2026-05-25,Beta Alanina 100%,3.0,143.7
2026-05-25,Bio Ferro,2.0,85.8
2026-05-25,Bio Zinco,1.0,36.9
2026-05-25,Biotina Plus,1.0,46.9
2026-05-25,Biscoito Proteico - Sublime,3.0,38.18
2026-05-25,Body Strong Protein,2.0,769.8
2026-05-25,BodyBalance - Muscle Synergy,3.0,734.7
2026-05-25,"Boraprim - Borragem, Prímula e Gergelim",6.0,539.4
2026-05-25,Cappuccino Whey - Sachê,1.0,21.9
2026-05-25,Chocolate 70% Cacau,1.0,29.9
2026-05-25,Chá,1.0,7.2
2026-05-25,Chá Vitatea,2.0,149.8
2026-05-25,Coenzima Q10 (200mg p/ porção),2.0,259.98
2026-05-25,Coenzima Q10 + Ômega 3 + Vitamina E,4.0,629.69
2026-05-25,Coenzima Q10 - (100mg p/ porção),1.0,84.9
2026-05-25,Coenzima Q10 - Bio Q10,1.0,134.9
2026-05-25,Colágeno -  Collagen Gut,1.0,199.9
2026-05-25,Colágeno - Colagentek,1.0,94.9
2026-05-25,Colágeno - Colagentek Beauty,2.0,264.8
2026-05-25,Colágeno - Colagentek II,8.0,914.2
2026-05-25,Colágeno - Colagentek Protein - Bodybalance,8.0,1499.2
2026-05-25,Colágeno - Collagen Derm,1.0,154.9
2026-05-25,Colágeno - Collagen Essential Protein,2.0,479.8
2026-05-25,Colágeno - Collagen Gut,1.0,194.9
2026-05-25,Colágeno - Collagen Protein Hidrolisado,2.0,359.8
2026-05-25,Colágeno - Collagen Protein Hidrolisado Berries Silvestres 450g PURAVIDA,1.0,179.9
2026-05-25,Colágeno - Collagen Renew Hidrolisado,2.0,179.8
2026-05-25,Colágeno - Collcreatine,2.0,379.8
2026-05-25,Colágeno - Collpure®,3.0,490.7
2026-05-25,Colágeno - TRUE COLLAGEN,1.0,140.9
2026-05-25,Colágeno Collagen Skin,1.0,194.9
2026-05-25,Colágeno Hidrolisado - Collagen Pro 18g,5.0,749.5
2026-05-25,Complexo B,2.0,172.8
2026-05-25,Complexo B 500mg,2.0,84.89
2026-05-25,Complexo B Max,1.0,44.9
2026-05-25,Cranberry,1.0,49.9
2026-05-25,Creatina,2.0,199.8
2026-05-25,Creatina - Creafort (Creapure),2.0,374.8
2026-05-25,Creatina 100%,4.0,269.6
2026-05-25,Creatina Monohidratada,51.0,3222.05
2026-05-25,Creatina Monohidratada (Creapure),9.0,1822.37
2026-05-25,Creatina Monohidratada -  Crealift (Creapure),1.0,299.9
2026-05-25,Creatina Monohidratada - Creatine,4.0,399.6
2026-05-25,Creatine Action - Gummy,1.0,119.9
2026-05-25,Cúrcuma 500mg,1.0,94.9
2026-05-25,Cúrcuma Plus,4.0,284.6
2026-05-25,Dado de creatina,2.0,259.8
2026-05-25,Eletrólitos,3.0,108.7
2026-05-25,Energy Gel - Endurance,3.0,20.7
2026-05-25,Energy Gel c/ Cafeína,4.0,66.6
2026-05-25,Energy Kick - Sachê,2.0,19.8
2026-05-25,Energy Kick com Cafeína - Sachê,4.0,39.6
2026-05-25,Energy Pro Ice Tea,1.0,9.9
2026-05-25,Expresso Whey - Sachê,2.0,39.8
2026-05-25,Ferro - Ydrosolv,1.0,99.9
2026-05-25,Ferro Plus,1.0,34.9
2026-05-25,Ferro Quelato + Vitamina C,1.0,44.99
2026-05-25,Fiber Biome,3.0,518.7
2026-05-25,Fibras - Fiberfor,1.0,99.9
2026-05-25,Fibras Prébioticas - Prebiotic,3.0,209.7
2026-05-25,Fresh Vegan - Sachê,2.0,29.8
2026-05-25,Fresh Whey,8.0,1544.2
2026-05-25,FreshWhey - Sachê,2.0,33.8
2026-05-25,Gel Intra-treino Sport Line,1.0,10.99
2026-05-25,Gel Nitrato,2.0,21.8
2026-05-25,Gel Nitrato c/ Cafeína,1.0,10.9
2026-05-25,Glutamina,8.0,597.2
2026-05-25,Glutamina - Glutamax,2.0,179.8
2026-05-25,Glutamina - Glutamax Refil,1.0,139.9
2026-05-25,Glutamina Isolates,3.0,194.7
2026-05-25,Glutamina Pure,1.0,119.9
2026-05-25,Glutamina em Pó,1.0,114.9
2026-05-25,Gold Whey Concentrado Refil,3.0,584.7
2026-05-25,Grassfed Whey Protein - Concentrado,1.0,224.91
2026-05-25,Juice Protein,1.0,10.9
2026-05-25,Laranja Moro - Moroskinny,1.0,104.9
2026-05-25,Livestrong,1.0,299.0
2026-05-25,Magnésio - Inositol Relief 3.0,10.0,1809.63
2026-05-25,Magnésio - Mag 5 Complex,2.0,159.8
2026-05-25,Magnésio Inositol,1.0,184.9
2026-05-25,Magnésio Inositol Relax,1.0,273.9
2026-05-25,Magnésio Plus - 350mg,6.0,514.4
2026-05-25,Magnésio Plus 900mg,9.0,764.91
2026-05-25,Melatonina Duo,3.0,209.7
2026-05-25,Melatonina em Gotas,2.0,93.8
2026-05-25,Metilfolato de Cálcio,1.0,31.9
2026-05-25,Mg Complex,2.0,193.8
2026-05-25,Morning Shot - Imunidade,5.0,524.5
2026-05-25,Multivitaminico  - Imunomult- 1000mg,1.0,139.9
2026-05-25,Multivitamínico - Vitalift,1.0,194.9
2026-05-25,Multivitamínico Support,2.0,355.8
2026-05-25,NAC,3.0,161.7
2026-05-25,NAC + Glycine + Taurine,3.0,284.7
2026-05-25,NAC Acetilcisteína -  600mg,2.0,159.8
2026-05-25,Nitro 400,2.0,279.8
2026-05-25,Nootrópico - Brain Up Am/Pm  60 caps TRUE SOURCE,1.0,154.9
2026-05-25,Omegafor Plus,24.0,4247.6
2026-05-25,Palatinose,6.0,404.4
2026-05-25,Probiótico - Simcaps,2.0,99.8
2026-05-25,Probiótico - Simfort Plus,10.0,949.0
2026-05-25,Probióticos,2.0,133.8
2026-05-25,Probióticos em Pó - Simfort,1.0,179.9
2026-05-25,Profem - Óleo de Prímula,1.0,64.9
2026-05-25,Protein Booster Pro,2.0,21.8
2026-05-25,Protein Brownie,1.0,64.9
2026-05-25,Proteína Isolada e Hidrolisada - Body Protein,4.0,879.6
2026-05-25,Proteína Isolada e Hidrolisada - Body Protein Red,6.0,1319.4
2026-05-25,Proteína Vegana - Immuno Veggie,1.0,289.9
2026-05-25,Proteína Vegana - Vegan Tasty,1.0,129.9
2026-05-25,Proteína Vegana - Veggie Protein,2.0,549.8
2026-05-25,Pré-Treino,1.0,139.9
2026-05-25,Pré-Treino - Beta Action,2.0,439.8
2026-05-25,Pré-Treino - V Fort Ultra,1.0,129.9
2026-05-25,Pré-treino - Heat Up,1.0,159.9
2026-05-25,Própolis - Green Própolis,1.0,79.9
2026-05-25,Própolis Trio,5.0,349.5
2026-05-25,Própolis Verde - Alcoólico,1.0,29.9
2026-05-25,Própolis Verde - Propomax,2.0,59.8
2026-05-25,Psyllium,3.0,199.7
2026-05-25,Refil 100% Whey Protein - Flavour,1.0,119.9
2026-05-25,Refil Whey Concentrado - W100,5.0,649.5
2026-05-25,Refil Whey Protein - 3W,1.0,119.9
2026-05-25,Refil Whey Protein Concentrado,1.0,149.9
2026-05-25,Refil Whey Protein Isolado,1.0,599.9
2026-05-25,Repositor Energético - D Ribose,2.0,219.8
2026-05-25,Resveratrol - Resveramax,1.0,179.9
2026-05-25,Resveratrol 500mg,1.0,75.99
2026-05-25,Resveratrol Plus - 165mg,1.0,129.9
2026-05-25,Sachê Magnésio + Inositol Relief 3.0,12.0,102.8
2026-05-25,Sachê True Whey Protein,3.0,59.7
2026-05-25,Simfort Femme,1.0,99.9
2026-05-25,Simfort fibras,3.0,194.7
2026-05-25,Sleep,2.0,379.8
2026-05-25,Snack Proteico,10.0,109.0
2026-05-25,Super Ômega 3,6.0,1199.49
2026-05-25,SuperCoffee,14.0,2339.5
2026-05-25,SuperCoffee Língua de gato - Kopenhagen,3.0,629.7
2026-05-25,Suplemento - Alimentar - Cálcio Citrato Malato,1.0,49.9
2026-05-25,Suplemento - Beauty Care,1.0,69.9
2026-05-25,Suplemento Alimentar  - Hepatofor,1.0,99.9
2026-05-25,Suplemento Alimentar - Alpha Mater,6.0,929.4
2026-05-25,Suplemento Alimentar - Alpha Men,1.0,169.9
2026-05-25,"Suplemento Alimentar - Cabelo, Pele e Unha - Gomas",1.0,75.99
2026-05-25,Suplemento Alimentar - GUARDIAN®,3.0,629.7
2026-05-25,Suplemento Vitamínico - Alpha Harmony,1.0,117.24
2026-05-25,Suplemento para Imunidade - Immune Up 100%,1.0,119.99
2026-05-25,Tablete de Doce,3.0,14.7
2026-05-25,Tasty Whey 3W Gourmet,1.0,234.9
2026-05-25,Termogênico - Termo Plus,4.0,529.87
2026-05-25,Trio Magnésio 720mg,1.0,64.9
2026-05-25,True Cúrcuma,3.0,269.7
2026-05-25,Ultracoffee - Vegano,1.0,109.9
2026-05-25,Vanilla Whey - Sachê,1.0,19.9
2026-05-25,Vitamina - Good Mood,1.0,54.99
2026-05-25,Vitamina B12,4.0,152.69
2026-05-25,Vitamina C,1.0,74.9
2026-05-25,Vitamina C + Zinco - Gomas,1.0,64.9
2026-05-25,Vitamina C - Bio Vit C+,1.0,54.9
2026-05-25,Vitamina C3 - 1000mg,1.0,54.9
2026-05-25,Vitamina D - Vita D3,5.0,290.5
2026-05-25,Vitamina D - Vita D3 + C + Zinco,6.0,396.4
2026-05-25,Vitamina D3,3.0,134.7
2026-05-25,Vitamina D3 + K2,5.0,349.77
2026-05-25,Vitamina D3 - 2000 Ui,2.0,73.8
2026-05-25,Vitamina D3 Synergy,5.0,299.5
2026-05-25,"Vitaminas A, E, D e K2- RESTAURE® - Gotas",3.0,464.7
2026-05-25,W100 Whey Concentrado - Sachê,3.0,35.7
2026-05-25,W100 Whey Concentrado Havanna - Sachê,1.0,12.9
2026-05-25,Whey,4.0,1399.62
2026-05-25,Whey - Zero Lactose,1.0,257.9
2026-05-25,Whey 3W,1.0,194.9
2026-05-25,Whey 3W -  Sachê,2.0,21.8
2026-05-25,Whey Concentrado - W100,1.0,139.9
2026-05-25,Whey Fort 3W,2.0,479.8
2026-05-25,Whey Isolado - Iso Triple Zero,2.0,417.81
2026-05-25,Whey Isolado - Isofort Ultra Imuno,1.0,339.9
2026-05-25,Whey Protein - CLEANPRO,1.0,149.9
2026-05-25,Whey Protein - Isofort Beauty,3.0,449.7
2026-05-25,Whey Protein Concentrado,29.0,6213.99
2026-05-25,Whey Protein Concentrado - Sachê,5.0,70.5
2026-05-25,Whey Protein Concentrado Cappuccino 900g DUX,3.0,619.97
2026-05-25,Whey Protein Concentrado Party,1.0,189.9
2026-05-25,Whey Protein Crisp - Isocrisp,1.0,49.9
2026-05-25,Whey Protein Isolado,15.0,4551.08
2026-05-25,Whey Protein Isolado - Isofort,1.0,314.9
2026-05-25,Whey Protein Isolado - Sachê,16.0,322.75
2026-05-25,Whey Protein Isolado - Tasty Iso,1.0,339.9
2026-05-25,Whey Protein Smoothie,1.0,249.9
2026-05-25,Whey Protein Smoothie Energy,1.0,249.9
2026-05-25,Whey Tech 100%,1.0,139.9
2026-05-25,Whey hidrolisado e isolado,2.0,619.8
2026-05-25,Whey hidrolisado e isolado Creme Broule 837g TRUE SOURCE,1.0,309.9
2026-05-25,Zinco - Ydrosolv,2.0,179.8
2026-05-25,Zinco Quelato,1.0,42.9
2026-05-25,Ômega - Mega DHA,2.0,359.8
2026-05-25,Ômega 3,1.0,89.9
2026-05-25,Ômega 3  - 1360mg,1.0,219.9
2026-05-25,Ômega 3 - 1360mg,2.0,279.8
2026-05-25,Ômega 3 - EPA DHA - 1000mg,9.0,656.1
2026-05-25,Ômega 3 - Ultra Caps 1000mg,4.0,639.6
2026-05-25,Ômega 3 - Vision Care,1.0,89.9
2026-05-25,Ômega 3 EPA DHA,19.0,1538.18
2026-05-25,Ômega 3 Super DHA,1.0,119.9
2026-05-25,Ômega Beauty,1.0,69.9
2026-05-25,Ômegafor Vegan 400mg,1.0,99.9
2026-06-01,100% Whey Protein - Flavour,1.0,129.9
2026-06-01,100% Whey Pure,2.0,289.8
2026-06-01,Achocolatado Multivitaminado - Choco Nutrients,1.0,59.9
2026-06-01,Adoçante Zero,1.0,44.9
2026-06-01,Aminoácido N-acetil L-cisteína (NAC),8.0,639.2
2026-06-01,Aminoácidos - Aminnu EAAs - Sem Xilitol,2.0,409.89
2026-06-01,Antioxidante - Luteína e Zeaxantina,1.0,69.9
2026-06-01,Barrinha - Body Protein,1.0,10.9
2026-06-01,Barrinha Charge Bar,2.0,25.8
2026-06-01,Barrinha de Chocolate 41%,1.0,19.89
2026-06-01,Barrinha de Proteina Vegana - Radiance Joy,1.0,18.9
2026-06-01,Barrinha de Proteína,12.0,166.8
2026-06-01,Barrinha de Proteína Best Whey 49g (12g de Proteína),1.0,104.09
2026-06-01,Barrinha de Proteína Choco Wheyfer,4.0,105.6
2026-06-01,Barrinha de Proteína Crush Bar,5.0,44.5
2026-06-01,Barrinha de Proteína Protein Crisp,3.0,239.7
2026-06-01,Bebida Proteica - Natural Whey 14g,4.0,30.76
2026-06-01,Beef Protein,5.0,1445.5
2026-06-01,Best Whey,1.0,229.9
2026-06-01,Bio Cálcio  60 caps PURAVIDA,3.0,239.7
2026-06-01,Bio Ferro,7.0,300.3
2026-06-01,Bio Zinco,2.0,73.8
2026-06-01,Biscoito Proteico - Sublime,1.0,12.9
2026-06-01,Body Strong Protein,3.0,1154.7
2026-06-01,"Boraprim - Borragem, Prímula e Gergelim",2.0,179.8
2026-06-01,Cacao Whey - Sachê,2.0,39.8
2026-06-01,Cafeína,1.0,52.9
2026-06-01,Coenzima  Q10 - 100mg,2.0,179.8
2026-06-01,Coenzima Q10  (200mg p/ porção),5.0,1099.5
2026-06-01,Coenzima Q10 (200mg p/ porção),5.0,649.95
2026-06-01,Coenzima Q10 - (100mg p/ porção),2.0,169.8
2026-06-01,Coenzima Q10 100 Mg,2.0,249.8
2026-06-01,Coenzima Q10 200mg,1.0,89.9
2026-06-01,Coffee - Brainstorm,1.0,124.9
2026-06-01,Collagen Protein,1.0,239.9
2026-06-01,Colágeno -  Collagen Gut,2.0,399.8
2026-06-01,Colágeno - Colagentek,4.0,369.78
2026-06-01,Colágeno - Colagentek Beauty,1.0,139.9
2026-06-01,Colágeno - Colagentek II,4.0,449.6
2026-06-01,Colágeno - Colagentek Protein - Bodybalance,3.0,569.7
2026-06-01,Colágeno - Collagen Advanced,1.0,219.9
2026-06-01,Colágeno - Collagen Pro - Body Suport,1.0,209.9
2026-06-01,Colágeno - Collagen Protein Hidrolisado Berries Silvestres 450g PURAVIDA,2.0,359.8
2026-06-01,Colágeno - Collagen Renew Hidrolisado,2.0,179.8
2026-06-01,Colágeno - TRUE COLLAGEN,2.0,281.8
2026-06-01,Colágeno Collagen Flex Beauty,1.0,174.9
2026-06-01,Colágeno Hidrolisado - Collagen Pro 18g,3.0,469.7
2026-06-01,Colágeno Tipo II,1.0,59.9
2026-06-01,Complexo B,1.0,129.9
2026-06-01,Complexo B 500mg,1.0,49.9
2026-06-01,Cranberry - She She Comfort,2.0,139.8
2026-06-01,Creatina,1.0,41.99
2026-06-01,Creatina - Creafort (Creapure),3.0,569.7
2026-06-01,Creatina - Gummy,1.0,144.9
2026-06-01,Creatina 100%,4.0,329.6
2026-06-01,Creatina Monohidratada,23.0,1545.87
2026-06-01,Creatina Monohidratada (Creapure),6.0,1170.49
2026-06-01,Creatina Monohidratada - Creatine,3.0,294.79
2026-06-01,Creatina Monohidratada - Hardcore,1.0,71.99
2026-06-01,Creatina Premium - Creapure,3.0,689.7
2026-06-01,Cromo Picolinato - 250mg,2.0,55.8
2026-06-01,Curcumina,1.0,99.9
2026-06-01,Cúrcuma Plus,9.0,609.1
2026-06-01,Eletrólitos,3.0,23.7
2026-06-01,Eletrólitos - Hydration,3.0,18.79
2026-06-01,Energy Gel,2.0,25.8
2026-06-01,Energy Pro Ice Tea,1.0,9.9
2026-06-01,Expresso Whey - Sachê,2.0,39.8
2026-06-01,Ferro - Ydrosolv,2.0,199.8
2026-06-01,Ferro Plus,2.0,69.8
2026-06-01,Fiber Biome,1.0,172.9
2026-06-01,Fresh Vegan,1.0,184.9
2026-06-01,Fresh Vegan - Sachê,1.0,14.9
2026-06-01,Fresh Whey,7.0,1364.49
2026-06-01,FreshWhey - Sachê,4.0,67.6
2026-06-01,Glutamina,9.0,628.1
2026-06-01,Glutamina - Glutamax,1.0,49.9
2026-06-01,Glutamina - Glutamax Refil,1.0,139.9
2026-06-01,Glutamina Isolates,2.0,139.8
2026-06-01,Glutamina Pure,1.0,119.9
2026-06-01,Granola,1.0,32.9
2026-06-01,Granola Australia - Low Carb,1.0,44.9
2026-06-01,Hipercalórico - Creamass,1.0,99.9
2026-06-01,Hydro Protein,1.0,10.9
2026-06-01,L-Taurina - 1.000mg,2.0,139.8
2026-06-01,Laranja Moro - Moroskinny,5.0,524.5
2026-06-01,Levedura - Nutri Yeas Flakes,1.0,92.17
2026-06-01,Livestrong,1.0,299.0
2026-06-01,MCT LIFT,1.0,119.9
2026-06-01,Maca Peruana,1.0,59.9
2026-06-01,Magnésio - 3MAG - Pool de Magnésio,3.0,209.7
2026-06-01,Magnésio - Inositol Relief 3.0,8.0,1459.83
2026-06-01,Magnésio Bisglicinato,2.0,99.8
2026-06-01,Magnésio Inositol,4.0,634.6
2026-06-01,Magnésio Plus - 350mg,1.0,84.9
2026-06-01,Magnésio Plus 900mg,3.0,284.79
2026-06-01,Magnésio Quelato - Bio Mag,1.0,74.9
2026-06-01,Melatonina,1.0,50.99
2026-06-01,Melatonina - Sleepfor,1.0,79.9
2026-06-01,Melatonina Duo Harmony,1.0,129.9
2026-06-01,Melatonina Em Gotas Premium - 210mcg,2.0,69.8
2026-06-01,Melatonina Fast,1.0,34.9
2026-06-01,Morning Shot - Imunidade,3.0,314.7
2026-06-01,Multivitaminino - Multi All,1.0,79.9
2026-06-01,Multivitamínico Support,2.0,355.8
2026-06-01,Omegafor Family - Ômega 3,2.0,194.8
2026-06-01,Omegafor Plus,19.0,2943.1
2026-06-01,Omegafor Vitamins,1.0,139.9
2026-06-01,Palatinose,3.0,204.7
2026-06-01,Palatinose 100% - Carbolift,1.0,99.9
2026-06-01,Pasta de Amendoim Integral,1.0,18.89
2026-06-01,Probiótico - Simcaps,2.0,149.8
2026-06-01,Probiótico - Simfort Plus,5.0,349.5
2026-06-01,Propolis + Quercetin + Vitamin C,4.0,439.6
2026-06-01,Protein Booster Pro,2.0,21.89
2026-06-01,Protein Brownie,1.0,64.9
2026-06-01,Proteína Isolada e Hidrolisada - Body Protein,3.0,659.7
2026-06-01,Pré-Treino,1.0,139.9
2026-06-01,Pré-Treino - Beta Action,1.0,219.9
2026-06-01,Pré-Treino - V Fort Ultra,2.0,259.8
2026-06-01,Pré-Treino Energy ATP®,1.0,209.9
2026-06-01,Própolis Trio,3.0,209.7
2026-06-01,Própolis Verde - Alcoólico,1.0,29.9
2026-06-01,Própolis Verde - Propomax,4.0,119.6
2026-06-01,Psyllium,6.0,399.49
2026-06-01,Refil Whey Concentrado - W100,3.0,389.7
2026-06-01,Refil Whey Concentrado Havanna - W100,2.0,279.8
2026-06-01,Refil Whey Protein Concentrado,1.0,399.9
2026-06-01,Resveratrol 500mg,1.0,75.99
2026-06-01,Resveratrol Plus - 165mg,4.0,519.6
2026-06-01,Sachê Body Protein,2.0,27.8
2026-06-01,Sachê Magnésio + Inositol Relief 3.0,2.0,17.8
2026-06-01,Sachê Proteína Vegetal,1.0,10.9
2026-06-01,Sachê True Whey Protein,1.0,19.9
2026-06-01,Simfort Femme,1.0,99.9
2026-06-01,Simfort fibras,1.0,64.9
2026-06-01,Sleep,2.0,379.8
2026-06-01,Super Ômega 3,5.0,1069.68
2026-06-01,SuperCoffee,7.0,1299.57
2026-06-01,SuperCoffee Língua de gato - Kopenhagen,1.0,209.9
2026-06-01,Suplemento - Hyaluronic Hair,1.0,74.9
2026-06-01,Suplemento Alimentar  - Hepatofor,2.0,199.8
2026-06-01,Suplemento Alimentar - Alpha Inflaminus,2.0,289.8
2026-06-01,Suplemento Alimentar - Alpha Mater,2.0,309.8
2026-06-01,"Suplemento Alimentar - Cabelo, Pele e Unha - Gomas",1.0,75.99
2026-06-01,"Suplemento Alimentar - Cabelo, Unha e Pele - Beauty +",1.0,129.9
2026-06-01,Suplemento Alimentar - GUARDIAN®,4.0,833.78
2026-06-01,Suplemento Alimentar - Green Shot,1.0,84.9
2026-06-01,Suplemento de Magnésio - Blue Calm,1.0,109.9
2026-06-01,Suplemento para Imunidade - Immune Up 100%,2.0,239.98
2026-06-01,Tasty Whey 3W Gourmet,4.0,959.6
2026-06-01,Termogênico - Termo Plus,1.0,129.99
2026-06-01,Trio Magnésio 720mg,4.0,259.96
2026-06-01,True Cúrcuma,3.0,269.7
2026-06-01,Vitamina B12,2.0,79.8
2026-06-01,Vitamina B12 - Bio B12,2.0,169.8
2026-06-01,Vitamina C + Zinco - Gomas,1.0,64.9
2026-06-01,Vitamina C - 500mg,1.0,39.48
2026-06-01,Vitamina C - Bio Vit C+,2.0,109.8
2026-06-01,Vitamina C3 - 1000mg,1.0,54.9
2026-06-01,Vitamina D - Vita D3,5.0,290.5
2026-06-01,Vitamina D - Vita D3 + C + Zinco,5.0,349.5
2026-06-01,Vitamina D3,4.0,179.6
2026-06-01,Vitamina D3 + K2,5.0,349.5
2026-06-01,Vitamina D3 + K2 Gotas,1.0,69.9
2026-06-01,Vitamina D3 Synergy,3.0,179.7
2026-06-01,"Vitaminas A, E, D e K2- RESTAURE® - Gotas",3.0,464.7
2026-06-01,W100 Whey Concentrado - Sachê,9.0,107.1
2026-06-01,W100 Whey Concentrado Havanna - Sachê,1.0,12.9
2026-06-01,Whey,4.0,1559.6
2026-06-01,Whey 3W -  Sachê,3.0,32.7
2026-06-01,Whey Concentrado - W100,1.0,139.9
2026-06-01,Whey Fort 3W,1.0,239.9
2026-06-01,Whey Isolado - Isofort Ultra Imuno,2.0,679.8
2026-06-01,Whey Isolado e Hidrolisado - H.I Whey,2.0,499.8
2026-06-01,Whey Protein - 3W - The Whey,2.0,239.8
2026-06-01,Whey Protein - CLEANPRO,1.0,149.9
2026-06-01,Whey Protein Concentrado,37.0,7848.82
2026-06-01,Whey Protein Concentrado - Sachê,8.0,115.2
2026-06-01,Whey Protein Concentrado Cappuccino 900g DUX,2.0,439.8
2026-06-01,Whey Protein ISO 100 Hydrolyzed,1.0,899.9
2026-06-01,Whey Protein Isolado,11.0,3729.62
2026-06-01,Whey Protein Isolado - Isofort,3.0,944.7
2026-06-01,Whey Protein Isolado - Sachê,2.0,39.98
2026-06-01,Whey Protein Isolado - Tasty Iso,1.0,339.9
2026-06-01,Whey hidrolisado e isolado,2.0,619.8
2026-06-01,Zinco Quelato,2.0,85.8
2026-06-01,Ômega -  Mega DHA,2.0,199.8
2026-06-01,Ômega 3,3.0,369.7
2026-06-01,Ômega 3 - 1360mg,1.0,139.9
2026-06-01,Ômega 3 - DHA Vegan 430mg,1.0,149.9
2026-06-01,Ômega 3 - EPA DHA - 1000mg,11.0,752.9
2026-06-01,Ômega 3 - Supra DHA,1.0,117.03
2026-06-01,Ômega 3 - Ultra Caps 1000mg,1.0,159.9
2026-06-01,Ômega 3 EPA DHA,9.0,852.37
2026-06-01,Ômega 3 Fosfatix,1.0,169.9
2026-06-01,Ômega 3 Super DHA BIG,1.0,189.9
2026-06-01,Ômega Golden,1.0,219.9
2026-06-01,Ômegafor Vegan 400mg,2.0,219.8
2026-06-08,100% Whey Pure,3.0,434.7
2026-06-08,Aminoácido - Aminovita,2.0,349.8
2026-06-08,Aminoácido N-acetil L-cisteína (NAC),3.0,212.7
2026-06-08,Aminoácidos - Aminnu EAAs,1.0,199.99
2026-06-08,Aminoácidos - Aminnu EAAs - Sem Xilitol,2.0,417.89
2026-06-08,Barrinha de Proteína,16.0,222.4
2026-06-08,Barrinha de Proteína - Protein Crisp Bar,4.0,286.6
2026-06-08,Barrinha de Proteína Choco Wheyfer,1.0,84.9
2026-06-08,Barrinha de Proteína Collagen Bar,1.0,109.9
2026-06-08,Barrinha de Proteína Tube,1.0,9.9
2026-06-08,Bebida Proteica - Natural Whey 14g,16.0,123.04
2026-06-08,Beef Protein,1.0,249.9
2026-06-08,Beta Alanina,2.0,137.8
2026-06-08,Beta Alanina 100%,1.0,47.9
2026-06-08,Bio Cálcio  60 caps PURAVIDA,3.0,239.7
2026-06-08,Bio Ferro,2.0,85.8
2026-06-08,Body Protein Vegano,1.0,159.9
2026-06-08,Bom Ciclo,2.0,159.8
2026-06-08,Booster Energético - Upgrade Energy - TCM,1.0,139.9
2026-06-08,"Boraprim - Borragem, Prímula e Gergelim",8.0,684.2
2026-06-08,Cafeína,1.0,49.9
2026-06-08,Chocolate 70% Cacau,1.0,21.6
2026-06-08,Chá,2.0,14.1
2026-06-08,Chá Sublime - Brisa,1.0,6.9
2026-06-08,Chá Sublime - Inverno,1.0,6.9
2026-06-08,Coenzima  Q10 - 100mg,1.0,89.9
2026-06-08,Coenzima Q10,2.0,229.8
2026-06-08,Coenzima Q10  (200mg p/ porção),5.0,1099.5
2026-06-08,Coenzima Q10 (200mg p/ porção),4.0,559.6
2026-06-08,Coenzima Q10 + Ômega 3 + Vitamina E,1.0,159.9
2026-06-08,Coenzima Q10 - (100mg p/ porção),1.0,84.9
2026-06-08,Coenzima Q10 - 100mg,1.0,109.9
2026-06-08,Colágeno - Colagentek II,1.0,104.9
2026-06-08,Colágeno - Colagentek Protein - Bodybalance,4.0,759.6
2026-06-08,Colágeno - Collagen Bones,1.0,199.9
2026-06-08,Colágeno - Collagen Gut,1.0,194.9
2026-06-08,Colágeno - Collagen Protein Hidrolisado,2.0,359.8
2026-06-08,Colágeno - Collagen Protein Hidrolisado Berries Silvestres 450g PURAVIDA,1.0,179.9
2026-06-08,Colágeno - Collagen Renew Hidrolisado,5.0,449.5
2026-06-08,Colágeno - Collagen Tipo II 40mg,2.0,179.8
2026-06-08,Colágeno - Collcreatine,1.0,189.9
2026-06-08,Colágeno Collagen Skin,1.0,194.9
2026-06-08,Colágeno Hidrolisado - Collagen Pro 18g,6.0,899.4
2026-06-08,Colágeno Tipo II,1.0,59.9
2026-06-08,Colágeno Tipo II - Artro Aid,1.0,99.9
2026-06-08,Complexo B - Vit B Complex,2.0,139.8
2026-06-08,Complexo B 500mg,1.0,49.9
2026-06-08,Coq10,1.0,239.9
2026-06-08,Coq10 + Vitamina E,1.0,134.9
2026-06-08,Cranberry - She She Comfort,1.0,69.9
2026-06-08,Creatina,1.0,99.99
2026-06-08,Creatina - Creafort (Creapure),6.0,979.4
2026-06-08,Creatina 100%,2.0,179.8
2026-06-08,Creatina 100% Pure,1.0,109.9
2026-06-08,Creatina Monohidratada,18.0,1453.2
2026-06-08,Creatina Monohidratada (Creapure),6.0,1129.4
2026-06-08,Creatina Monohidratada - Creatine,6.0,569.94
2026-06-08,Creatina Monohidratada - Hardcore,3.0,269.7
2026-06-08,Cúrcuma - Curcumagic,4.0,619.6
2026-06-08,Cúrcuma Plus,10.0,749.0
2026-06-08,Diabo Verde - Dilabol Pump,1.0,78.9
2026-06-08,Eletrólitos,8.0,324.2
2026-06-08,Eletrólitos - Hydration,1.0,6.99
2026-06-08,Energy Kick - Sachê,1.0,9.9
2026-06-08,Enzima - Enzyfor,1.0,79.9
2026-06-08,Enzimas Enzyfor,2.0,299.8
2026-06-08,Extrato de Laranja Moro 400mg,1.0,99.9
2026-06-08,Fe - Complex,2.0,139.8
2026-06-08,Ferro - Ydrosolv,1.0,99.9
2026-06-08,Ferro Plus,1.0,34.9
2026-06-08,Ferro Quelato + Vitamina C,2.0,109.8
2026-06-08,Fiber Biome,1.0,172.9
2026-06-08,Fibras - Fiberlift,1.0,139.9
2026-06-08,Focus Energy,1.0,79.2
2026-06-08,Fresh Vegan,2.0,379.98
2026-06-08,Fresh Whey,7.0,1451.57
2026-06-08,Gluatamina em Sachê - Glutamax,1.0,99.9
2026-06-08,Glutamina,3.0,179.7
2026-06-08,Glutamina - Glutamax,4.0,359.6
2026-06-08,Glutamina Isolates,1.0,69.9
2026-06-08,Glutamina em Pó,1.0,99.9
2026-06-08,Gold Whey Concentrado Refil,1.0,185.99
2026-06-08,Granola,1.0,32.9
2026-06-08,Granola Australia - Low Carb,1.0,39.9
2026-06-08,Hipercalórico - Creamass,1.0,99.9
2026-06-08,Hydro Protein,8.0,87.92
2026-06-08,Immuno Whey,1.0,249.9
2026-06-08,Intratreino - Intra Workout,1.0,139.35
2026-06-08,Isofort Plant (Life Vegan),1.0,139.9
2026-06-08,Livestrong,1.0,317.9
2026-06-08,Magnésio - 3MAG - Pool de Magnésio,3.0,209.7
2026-06-08,Magnésio - Mag 5 Complex,2.0,159.8
2026-06-08,Magnésio Inositol,3.0,519.7
2026-06-08,Magnésio Plus - 350mg,6.0,509.4
2026-06-08,Magnésio Plus 900mg,3.0,299.7
2026-06-08,Magnésio Quelato - Bio Mag,1.0,74.9
2026-06-08,Melatonina - Sleepfor,2.0,159.8
2026-06-08,Melatonina Duo,2.0,139.8
2026-06-08,Melatonina Duo Harmony,2.0,259.8
2026-06-08,Morning Shot - Imunidade,1.0,104.9
2026-06-08,Multivitaminico - Imunomult- 1000mg,3.0,299.7
2026-06-08,N-Acetil Cisteína (NAC),1.0,89.9
2026-06-08,NAC,1.0,53.9
2026-06-08,NAC Acetilcisteína -  600mg,1.0,79.9
2026-06-08,Omegafor Plus,7.0,1209.3
2026-06-08,Palatinose,3.0,194.03
2026-06-08,Pasta de Amendoim Granulado,1.0,29.9
2026-06-08,Pasta de Amendoim Integral,1.0,18.89
2026-06-08,Prebiótico - Fiber Liv,2.0,159.8
2026-06-08,Probiótico - Probio20Bi,1.0,206.25
2026-06-08,Probiótico - Simcaps,3.0,224.7
2026-06-08,Probiótico - Simfort Plus,9.0,929.1
2026-06-08,Profem - Óleo de Prímula,1.0,64.9
2026-06-08,Protein Booster Pro,6.0,65.94
2026-06-08,Proteina Vegetal - True Vegan,1.0,194.9
2026-06-08,Proteína - Isocrisp Plant Pouch,3.0,194.7
2026-06-08,Proteína Isolada e Hidrolisada - Body Protein,8.0,1960.2
2026-06-08,Proteína Isolada e Hidrolisada - Body Protein Red,2.0,439.8
2026-06-08,Pré-Treino - V Fort Ultra,1.0,129.9
2026-06-08,Pré-treino - Energy Kick,1.0,139.9
2026-06-08,Pré-treino - Energy Kick Caffeine,1.0,139.9
2026-06-08,Própolis Verde - Propomax,3.0,89.7
2026-06-08,Própolis Verde 70,1.0,39.9
2026-06-08,Psyllium,1.0,39.99
2026-06-08,Refil Whey 100% Pure,1.0,139.9
2026-06-08,Refil Whey Concentrado - W100,1.0,129.9
2026-06-08,Refil Whey Concentrado Havanna - W100,3.0,419.7
2026-06-08,Refil Whey Protein Concentrado,2.0,299.8
2026-06-08,Refil Whey Protein Isolado,1.0,649.9
2026-06-08,Resveratrol - Resveramax,1.0,179.9
2026-06-08,Resveratrol 500mg,2.0,179.8
2026-06-08,Resveratrol Plus - 165mg,2.0,259.8
2026-06-08,Sachê Body Protein,2.0,27.8
2026-06-08,Sachê Proteína Vegetal,4.0,43.6
2026-06-08,Simfort Ultra,1.0,89.9
2026-06-08,Sleep,1.0,114.9
2026-06-08,Super Ômega 3,7.0,1899.3
2026-06-08,SuperCoffee,12.0,2008.8
2026-06-08,SuperCoffee Língua de gato - Kopenhagen,4.0,839.6
2026-06-08,Suplemento - Hyaluronic Hair,1.0,74.9
2026-06-08,Suplemento Alimentar - Alpha Inflaminus,1.0,144.9
2026-06-08,Suplemento Alimentar - Alpha Men,1.0,169.9
2026-06-08,Suplemento Alimentar - Alpha Metabolicus,1.0,129.9
2026-06-08,Suplemento Alimentar - Alpha Women,1.0,149.9
2026-06-08,"Suplemento Alimentar - Cabelo, Unha e Pele - Beauty +",1.0,129.9
2026-06-08,Suplemento Alimentar - GUARDIAN®,3.0,620.97
2026-06-08,Suplemento de Magnésio - Blue Calm,3.0,329.7
2026-06-08,Tasty Whey 3W Gourmet,3.0,691.88
2026-06-08,Trio Magnésio 720mg,2.0,139.8
2026-06-08,V-Coffee Energy Boost,1.0,95.9
2026-06-08,Veggie Protein - Sachê,10.0,219.0
2026-06-08,Vinagre de Maçã Orgânico,1.0,34.9
2026-06-08,Vitamina B12,7.0,279.3
2026-06-08,Vitamina B12 - Bio B12,1.0,84.9
2026-06-08,Vitamina C3 - 1000mg,2.0,189.8
2026-06-08,Vitamina D - Vita D3,6.0,345.4
2026-06-08,Vitamina D - Vita D3 + C + Zinco,1.0,69.9
2026-06-08,Vitamina D3,4.0,219.6
2026-06-08,Vitamina D3 + K2,1.0,69.9
2026-06-08,"Vitaminas A, E, D e K2- RESTAURE® - Gotas",1.0,149.99
2026-06-08,Whey,11.0,3568.9
2026-06-08,Whey - Zero Lactose,1.0,257.9
2026-06-08,Whey 3W -  Sachê,2.0,21.8
2026-06-08,Whey Fort 3W,6.0,1394.7
2026-06-08,Whey Isolado e Hidrolisado - H.I Whey,2.0,499.8
2026-06-08,Whey Protein - Isofort Beauty,2.0,299.8
2026-06-08,Whey Protein Concentrado,25.0,5497.5
2026-06-08,Whey Protein Concentrado Cappuccino 900g DUX,2.0,439.8
2026-06-08,Whey Protein Crisp - Isocrisp,1.0,49.9
2026-06-08,Whey Protein Isolado,14.0,4768.6
2026-06-08,Whey Protein Isolado - Isofort,2.0,629.8
2026-06-08,Whey Protein Isolado - Sachê,4.0,91.6
2026-06-08,Whey hidrolisado e isolado,2.0,619.8
2026-06-08,Zinco Quelato,3.0,128.7
2026-06-08,Óleo de Prímula - 500mg,1.0,39.9
2026-06-08,Ômega - DHA 1000,1.0,119.9
2026-06-08,Ômega 3,1.0,189.9
2026-06-08,Ômega 3 - 1360mg,6.0,839.4
2026-06-08,Ômega 3 - EPA DHA - 1000mg,8.0,575.2
2026-06-08,Ômega 3 - Omegafor Memory,4.0,464.6
2026-06-08,Ômega 3 - Ultra Caps 1000mg,1.0,159.9
2026-06-08,Ômega 3 DHA,1.0,139.9
2026-06-08,Ômega 3 EPA DHA,13.0,1223.7
2026-06-08,Ômega 3 Super DHA,2.0,259.8
2026-06-08,Ômega 3 Super DHA BIG,1.0,189.9
2026-06-08,Ômega Ultra - 1000mg,1.0,94.9
2026-06-15,#Whey Fort 3W,1.0,239.9
2026-06-15,Aminoácido N-acetil L-cisteína (NAC),2.0,159.8
2026-06-15,Aminoácidos - Aminolift,1.0,209.9
2026-06-15,Aveia - Flocos Grossos,1.0,15.9
2026-06-15,BT Nitrato 400,1.0,174.9
2026-06-15,Barra Chocolate 70%,1.0,18.89
2026-06-15,Barrinha de Proteína,4.0,201.6
2026-06-15,Barrinha de Proteína - Best Whey Bar,1.0,10.56
2026-06-15,Barrinha de Proteína - Protein Crisp Bar,1.0,92.9
2026-06-15,Barrinha de Proteína Protein Crisp,1.0,79.9
2026-06-15,Barrinha de Proteína Vegan Radiance Joy,1.0,139.9
2026-06-15,Bebida Proteica - Collagen Pept Protein,10.0,159.0
2026-06-15,Beef Protein,2.0,559.8
2026-06-15,Best Whey,1.0,229.9
2026-06-15,Beta Alanina,1.0,68.9
2026-06-15,Bio Cálcio  60 caps PURAVIDA,1.0,79.9
2026-06-15,Bio Ferro,2.0,85.8
2026-06-15,Bio Zinco,2.0,73.8
2026-06-15,Biotina Plus,2.0,93.8
2026-06-15,Biscoito Proteico - Sublime,1.0,12.38
2026-06-15,Body Protein Fresh,1.0,244.9
2026-06-15,Body Strong Protein,1.0,384.9
2026-06-15,BodyBalance - Muscle Synergy,1.0,244.9
2026-06-15,"Boraprim - Borragem, Prímula e Gergelim",2.0,179.8
2026-06-15,Cacau Premium,1.0,74.9
2026-06-15,Chá,5.0,34.5
2026-06-15,Coenzima Q10,2.0,262.89
2026-06-15,Coenzima Q10  (200mg p/ porção),2.0,439.8
2026-06-15,Coenzima Q10 (200mg p/ porção),3.0,419.7
2026-06-15,Coenzima Q10 - 200mg,1.0,144.9
2026-06-15,Coenzima Q10 200mg,1.0,89.9
2026-06-15,Coffee - Brainstorm,1.0,129.9
2026-06-15,Colágeno - Colagentek,2.0,189.8
2026-06-15,Colágeno - Colagentek II,3.0,389.7
2026-06-15,Colágeno - Colagentek Protein - Bodybalance,6.0,1139.4
2026-06-15,Colágeno - Collagen Essential Protein,5.0,1199.5
2026-06-15,Colágeno - Collagen Renew Hidrolisado,3.0,269.7
2026-06-15,Colágeno - Collagen Tipo II 40mg,4.0,359.6
2026-06-15,Colágeno - Multi Collagen,1.0,249.9
2026-06-15,Colágeno Hidrolisado - Collagen Pro 18g,1.0,149.9
2026-06-15,Colágeno Tipo II,1.0,59.9
2026-06-15,Colágeno Tipo II - Artro Aid,4.0,399.6
2026-06-15,Colágeno tipo 2 - Colagentek II,1.0,104.9
2026-06-15,Complexo B,1.0,129.9
2026-06-15,Complexo B 500mg,1.0,49.9
2026-06-15,Cranberry - She She Comfort,1.0,69.9
2026-06-15,Creatina,1.0,99.99
2026-06-15,Creatina - Creafort (Creapure),7.0,1269.3
2026-06-15,Creatina - Creapure,1.0,129.9
2026-06-15,Creatina - Creatine Tasty,1.0,110.9
2026-06-15,Creatina 100%,1.0,89.9
2026-06-15,Creatina Monohidratada,22.0,1710.16
2026-06-15,Creatina Monohidratada (Creapure),3.0,639.7
2026-06-15,Creatina Monohidratada -  Crealift (Creapure),1.0,299.99
2026-06-15,Creatina Monohidratada - Creatine,1.0,94.99
2026-06-15,Creatina Monohidratada Refil,1.0,54.9
2026-06-15,Creatine Action - Gummy,1.0,119.9
2026-06-15,Cromo Picolinato - 250mg,2.0,55.8
2026-06-15,Cálcio de Algas 1000mg,1.0,64.9
2026-06-15,Cúrcuma Plus,3.0,204.7
2026-06-15,Dado de creatina,1.0,129.9
2026-06-15,Eletrólitos,1.0,94.9
2026-06-15,Feno Grego + Boro - Testofem,1.0,104.9
2026-06-15,Ferro - Ydrosolv,1.0,99.9
2026-06-15,Ferro Quelato + Vitamina C,2.0,109.8
2026-06-15,Fresh Whey,2.0,479.8
2026-06-15,FreshWhey - Sachê,1.0,16.9
2026-06-15,Gaba Complex,1.0,139.99
2026-06-15,Gel Nitrato com L-Citrulinilarginina,2.0,21.8
2026-06-15,Glutamina,2.0,159.8
2026-06-15,Glutamina - Glutamax,3.0,239.7
2026-06-15,Glutamina Pure,1.0,119.9
2026-06-15,Gold Whey Concentrado Refil,1.0,185.99
2026-06-15,Granola Australia - Low Carb,1.0,44.9
2026-06-15,Isofort Plant (Life Vegan),5.0,699.5
2026-06-15,L-Taurina - 1.000mg,1.0,41.9
2026-06-15,Maca Peruana,2.0,109.8
2026-06-15,Magnésio,2.0,99.8
2026-06-15,Magnésio - Inositol Relief 3.0,2.0,399.8
2026-06-15,Magnésio - Mag 5 Complex,1.0,79.9
2026-06-15,Magnésio Bisglicinato,1.0,49.9
2026-06-15,Magnésio Inositol,1.0,184.9
2026-06-15,Magnésio Inositol Relax,1.0,273.9
2026-06-15,Magnésio Plus - 350mg,2.0,169.8
2026-06-15,Melatonina,1.0,59.9
2026-06-15,Melatonina - Sleepfor,1.0,79.9
2026-06-15,Melatonina Duo,1.0,69.9
2026-06-15,Metilfolato,1.0,48.9
2026-06-15,Morning Shot - Imunidade,2.0,209.8
2026-06-15,Multivitaminico  - Imunomult- 1000mg,1.0,139.9
2026-06-15,Multivitaminico - Imunomult- 1000mg,1.0,99.9
2026-06-15,Multivitaminino - Multi All,2.0,159.8
2026-06-15,Multivitamínico - Vitalift,1.0,194.9
2026-06-15,Multivitamínicos - Gummy,1.0,79.9
2026-06-15,NAC,1.0,53.9
2026-06-15,Omegafor Family - Ômega 3,1.0,124.9
2026-06-15,Omegafor Plus,24.0,4157.6
2026-06-15,Probiótico - Simfort Plus,4.0,429.6
2026-06-15,Profem - Óleo de Prímula,1.0,64.9
2026-06-15,Propolis + Quercetin + Vitamin C,2.0,219.8
2026-06-15,Protein Booster Pro,3.0,32.97
2026-06-15,Proteína Isolada e Hidrolisada - Body Protein,4.0,879.6
2026-06-15,Proteína Vegana - Veggie Protein,1.0,254.9
2026-06-15,Pré-Treino  - Stim Free,1.0,129.9
2026-06-15,Pré-Treino - V Fort Ultra,3.0,389.7
2026-06-15,Pré-Treino Energy ATP®,1.0,209.9
2026-06-15,Próbiotico - Purabiotics,1.0,89.9
2026-06-15,Própolis Alcoólico,1.0,29.9
2026-06-15,Própolis Líquido - Gotas,2.0,99.8
2026-06-15,Própolis Verde,2.0,108.8
2026-06-15,Própolis Verde - Alcoólico,1.0,29.9
2026-06-15,Própolis Verde 70,4.0,159.6
2026-06-15,Psyllium,4.0,263.87
2026-06-15,Refil Whey 100% Pure,1.0,139.9
2026-06-15,Refil Whey Concentrado - W100,2.0,259.8
2026-06-15,Refil Whey Protein Isolado,1.0,649.9
2026-06-15,Resveratrol 500mg,2.0,179.8
2026-06-15,Resveratrol Plus - 165mg,2.0,259.8
2026-06-15,Salgadinho,4.0,23.6
2026-06-15,Snack Proteico,3.0,32.7
2026-06-15,Super Ômega 3,4.0,819.6
2026-06-15,SuperCoffee,12.0,2184.07
2026-06-15,SuperCoffee Língua de gato - Kopenhagen,1.0,209.9
2026-06-15,Suplemento - Hyaluronic Hair,1.0,74.9
2026-06-15,Suplemento - Super Sono,1.0,119.9
2026-06-15,Suplemento Alimentar  - Hepatofor,1.0,99.9
2026-06-15,Suplemento Alimentar - Alpha Inflaminus,1.0,144.9
2026-06-15,Suplemento Alimentar - GUARDIAN®,1.0,229.9
2026-06-15,Suplemento Alimentar - Immune +,1.0,164.9
2026-06-15,Suplemento Alimentar - Pura Fiber,1.0,84.9
2026-06-15,Suplemento de Magnésio - Blue Calm,2.0,259.8
2026-06-15,Tasty Whey 3W Gourmet,8.0,1849.65
2026-06-15,Termogênico - Lipix6,2.0,199.8
2026-06-15,Trio Magnésio 720mg,3.0,209.7
2026-06-15,Triptofano Noite,1.0,89.9
2026-06-15,Ultracoffee - Vegano,1.0,108.99
2026-06-15,Vegan Protein,1.0,139.9
2026-06-15,Vegan Ômega 3 DHA,1.0,124.9
2026-06-15,Vitamina - Good Mood,2.0,119.8
2026-06-15,Vitamina A - 8000 Ui,1.0,29.9
2026-06-15,Vitamina B12,6.0,234.4
2026-06-15,Vitamina C - 500mg,1.0,39.48
2026-06-15,Vitamina D - Kids,3.0,164.7
2026-06-15,Vitamina D - Vita D3,11.0,631.9
2026-06-15,Vitamina D - Vita D3 + C + Zinco,4.0,183.6
2026-06-15,Vitamina D3,3.0,134.7
2026-06-15,Vitamina D3 + K2,2.0,139.8
2026-06-15,"Vitaminas A, E, D e K2- RESTAURE® - Gotas",3.0,509.7
2026-06-15,Whey,2.0,689.89
2026-06-15,Whey Fort 3W,2.0,479.8
2026-06-15,Whey Isolado e Hidrolisado - H.I Whey,2.0,509.89
2026-06-15,Whey Protein - 3W - The Whey,12.0,1438.8
2026-06-15,Whey Protein - Isofort Beauty,4.0,599.6
2026-06-15,Whey Protein Concentrado,24.0,5130.0
2026-06-15,Whey Protein Concentrado - Sachê,4.0,59.6
2026-06-15,Whey Protein Concentrado Cappuccino 900g DUX,1.0,219.9
2026-06-15,Whey Protein ISO 100 Hydrolyzed,2.0,739.8
2026-06-15,Whey Protein Isolado,17.0,5764.57
2026-06-15,Whey Protein Isolado - Isofort,1.0,314.9
2026-06-15,Whey Protein Isolado - Sachê,3.0,68.7
2026-06-15,Whey hidrolisado e isolado,2.0,591.98
2026-06-15,Zinco Quelado,1.0,34.9
2026-06-15,Óleo de Krill  - Ômega 3 EPA DHA,1.0,109.9
2026-06-15,Ômega -  Mega DHA,1.0,99.9
2026-06-15,Ômega - Mega DHA,2.0,359.8
2026-06-15,Ômega 3,2.0,374.89
2026-06-15,Ômega 3 - 1360mg,4.0,559.6
2026-06-15,Ômega 3 - EPA DHA - 1000mg,5.0,384.5
2026-06-15,Ômega 3 - Omegafor Memory,2.0,239.8
2026-06-15,Ômega 3 EPA DHA,8.0,551.2
2026-06-15,Ômega 3 Super DHA,1.0,129.9
2026-06-15,Ômegafor Vegan 400mg,1.0,109.9
2026-06-22,100% Whey Pure,2.0,289.8
2026-06-22,Adoçante Zero,1.0,44.9
2026-06-22,Aminoácido - Amino Greens,1.0,209.9
2026-06-22,Aminoácido - Aminovita,1.0,174.9
2026-06-22,Aminoácido N-acetil L-cisteína (NAC),3.0,239.7
2026-06-22,Amora Miúra - 1500mg,1.0,44.9
2026-06-22,Antioxidante - Luteína e Zeaxantina,1.0,69.9
2026-06-22,BT Nitrato,1.0,149.9
2026-06-22,Barrinha - Body Protein,3.0,32.7
2026-06-22,Barrinha de Chocolate 41%,1.0,19.89
2026-06-22,Barrinha de Proteina - Protein Crisp Bar,1.0,92.9
2026-06-22,Barrinha de Proteína,5.0,68.5
2026-06-22,Barrinha de Proteína - Protein Crisp Bar,4.0,116.6
2026-06-22,Barrinha de Proteína - YOPRO,1.0,12.9
2026-06-22,Barrinha de Proteína Best Whey 49g (12g de Proteína),1.0,104.9
2026-06-22,Barrinha de Proteína Choco Wheyfer,7.0,52.3
2026-06-22,Barrinha de Proteína Crunch,2.0,29.8
2026-06-22,Barrinha de Proteína Crush Bar,3.0,27.7
2026-06-22,Barrinha de Proteína Whey Grego - Havanna,1.0,96.9
2026-06-22,Bebida Proteica - Natural Whey 14g,1.0,7.69
2026-06-22,Bebida Vegetal em Pó - Vegan Delight,1.0,99.9
2026-06-22,Beef Protein,3.0,1250.97
2026-06-22,Best Whey,2.0,459.8
2026-06-22,Beta Alanina,2.0,148.8
2026-06-22,Beta Alanina 100%,1.0,47.9
2026-06-22,Bio B - Complex®,1.0,104.9
2026-06-22,Bio Ferro,2.0,85.8
2026-06-22,Bio Zinco,1.0,36.9
2026-06-22,Biscoito Proteico - Sublime,4.0,50.56
2026-06-22,Bom Ciclo,1.0,79.9
2026-06-22,Booster Energético - Upgrade Energy - TCM,1.0,139.9
2026-06-22,"Boraprim - Borragem, Prímula e Gergelim",3.0,269.7
2026-06-22,Cacau Premium,2.0,149.8
2026-06-22,Cafeína,1.0,49.9
2026-06-22,Cappuccino Whey - Sachê,2.0,43.8
2026-06-22,Chocolate 40%,1.0,18.89
2026-06-22,Chá Misto,1.0,6.9
2026-06-22,Chá Sublime - Inverno,1.0,6.9
2026-06-22,Cocada,1.0,4.9
2026-06-22,Coenzima  Q10 - 100mg,1.0,89.9
2026-06-22,Coenzima Q10,5.0,314.95
2026-06-22,Coenzima Q10  (200mg p/ porção),1.0,219.9
2026-06-22,Coenzima Q10 (200mg p/ porção),4.0,559.6
2026-06-22,Coenzima Q10 - 200mg,1.0,144.9
2026-06-22,Coenzima Q10 200mg,1.0,89.9
2026-06-22,Colágeno - Colagentek,3.0,284.7
2026-06-22,Colágeno - Colagentek Beauty,1.0,139.9
2026-06-22,Colágeno - Colagentek II,3.0,389.7
2026-06-22,Colágeno - Colagentek Protein - Bodybalance,8.0,1519.2
2026-06-22,Colágeno - Collagen Bones,1.0,199.9
2026-06-22,Colágeno - Collagen Derm,1.0,174.9
2026-06-22,Colágeno - Collagen Essential Protein,3.0,686.97
2026-06-22,Colágeno - Collagen Pro - Body Suport,3.0,629.7
2026-06-22,Colágeno - Collagen Protein Hidrolisado,1.0,179.9
2026-06-22,Colágeno - Collagen Protein Hidrolisado Berries Silvestres 450g PURAVIDA,1.0,179.9
2026-06-22,Colágeno - Collagen Renew Hidrolisado,2.0,179.8
2026-06-22,Colágeno - Collagen Tipo II 40mg,1.0,89.9
2026-06-22,Colágeno Collagen Flex Beauty,1.0,174.9
2026-06-22,Colágeno Hidrolisado - Collagen Pro 18g,5.0,749.5
2026-06-22,Complexo B 500mg,1.0,49.9
2026-06-22,Coq10 + Vitamina E,1.0,134.9
2026-06-22,Creatina,2.0,169.8
2026-06-22,Creatina - Creafort (Creapure),8.0,1369.2
2026-06-22,Creatina - Creapure,2.0,259.8
2026-06-22,Creatina 100%,4.0,269.6
2026-06-22,Creatina 100% Pure,1.0,76.99
2026-06-22,Creatina Monohidratada,26.0,1650.65
2026-06-22,Creatina Monohidratada (Creapure),1.0,179.9
2026-06-22,Creatina Monohidratada - Creatine,3.0,299.7
2026-06-22,Creatine Action - Gummy,1.0,119.9
2026-06-22,Cromo Picolinato - 250mg,2.0,55.8
2026-06-22,Curcumina,1.0,99.9
2026-06-22,Cúrcuma - Curcumagic,1.0,154.9
2026-06-22,Cúrcuma Plus,2.0,149.8
2026-06-22,Eletrólitos,1.0,68.9
2026-06-22,Enzima Lactase - Laczyme,1.0,84.9
2026-06-22,Expresso Whey - Sachê,1.0,19.9
2026-06-22,Fe - Complex,1.0,69.9
2026-06-22,Ferro - Ydrosolv,2.0,219.8
2026-06-22,Ferro Plus,1.0,34.9
2026-06-22,Ferro Quelato + Vitamina C,1.0,40.99
2026-06-22,Fibras Prébioticas - Prebiotic,1.0,69.9
2026-06-22,Fresh Vegan,1.0,199.9
2026-06-22,Fresh Whey,7.0,1594.3
2026-06-22,Glutamina - Glutamax,3.0,209.7
2026-06-22,Glutamina - Glutamax Refil,1.0,139.9
2026-06-22,Granola Australia - Low Carb,1.0,54.9
2026-06-22,Immuno Whey,2.0,599.78
2026-06-22,Levedura - Nutri Yeas Flakes,1.0,92.17
2026-06-22,Livestrong,1.0,299.99
2026-06-22,Magnésio,3.0,149.7
2026-06-22,Magnésio - Inositol Relief 3.0,9.0,1799.1
2026-06-22,Magnésio - Inositol Relief 3.0 Sem Melatonina,1.0,219.9
2026-06-22,Magnésio - Mag 5 Complex,1.0,79.9
2026-06-22,Magnésio Inositol,4.0,669.6
2026-06-22,Magnésio Inositol Relax,1.0,273.9
2026-06-22,Magnésio Plus - 350mg,2.0,169.8
2026-06-22,Magnésio Plus 900mg,2.0,189.98
2026-06-22,Magnésio Quelato - Bio Mag,1.0,74.9
2026-06-22,Melatonina,1.0,59.9
2026-06-22,Melatonina - Sleepfor,1.0,79.9
2026-06-22,Melatonina - Ydrosolv,1.0,99.9
2026-06-22,Melatonina Fast,1.0,34.9
2026-06-22,Mg Complex,1.0,96.9
2026-06-22,Morning Shot - Imunidade,3.0,314.7
2026-06-22,Multivitaminico - Imunomult- 1000mg,2.0,199.8
2026-06-22,Multivitaminino - Multi All,1.0,79.9
2026-06-22,NAC,3.0,194.7
2026-06-22,NAC Acetilcisteína -  600mg,1.0,79.9
2026-06-22,NAC PRO,1.0,99.99
2026-06-22,Nitro 400,2.0,359.8
2026-06-22,Omegafor Plus,10.0,1389.0
2026-06-22,Palatinose,1.0,69.9
2026-06-22,Palatinose 100% - Carbolift,2.0,349.8
2026-06-22,Pasta de Amendoim Integral,3.0,56.67
2026-06-22,Probiótico - Simfort Plus,10.0,1049.0
2026-06-22,Probióticos,1.0,66.9
2026-06-22,Probióticos em Pó - Simfort,2.0,189.8
2026-06-22,Propolis + Quercetin + Vitamin C,1.0,109.9
2026-06-22,Protein Booster Pro,12.0,154.8
2026-06-22,Proteina Vegetal,1.0,159.9
2026-06-22,Proteina Vegetal - True Vegan,1.0,194.9
2026-06-22,Proteína Isolada e Hidrolisada - Body Protein,2.0,439.8
2026-06-22,Proteína Isolada e Hidrolisada - Body Protein Red,1.0,219.9
2026-06-22,Proteína Vegana - Immuno Veggie,2.0,599.78
2026-06-22,Proteína Vegana - Vegan Tasty,2.0,259.8
2026-06-22,Próbiotico - Purabiotics,1.0,89.9
2026-06-22,Própolis Líquido - Gotas,2.0,99.8
2026-06-22,Própolis Verde 70,2.0,79.8
2026-06-22,Psyllium,7.0,503.93
2026-06-22,Refil 100% Whey Protein - Flavour,1.0,119.9
2026-06-22,Refil Whey 100% Pure,1.0,159.9
2026-06-22,Refil Whey Concentrado - W100,5.0,649.5
2026-06-22,Refil Whey Protein - 3W,1.0,199.9
2026-06-22,Refil Whey Protein Concentrado,1.0,179.9
2026-06-22,Refil Whey Protein Isolado,2.0,1299.8
2026-06-22,Resveratrol 500mg,3.0,269.7
2026-06-22,Resveratrol Plus - 165mg,1.0,129.9
2026-06-22,Sachê Super Café - Desincoffee,1.0,6.9
2026-06-22,Salgadinho,4.0,23.6
2026-06-22,Shot Matinal,1.0,71.99
2026-06-22,Sleep,1.0,114.9
2026-06-22,Snack Proteico,11.0,119.9
2026-06-22,Super Café - Desincoffee,3.0,293.7
2026-06-22,Super Ômega 3,3.0,554.79
2026-06-22,SuperCoffee,7.0,1179.84
2026-06-22,Supercoffee Protein,1.0,229.9
2026-06-22,Suplemento - Hyaluronic Hair,1.0,74.9
2026-06-22,Suplemento Alimentar - Alpha Mater,1.0,154.9
2026-06-22,"Suplemento Alimentar - Cabelo, Unha e Pele - Beauty +",3.0,389.7
2026-06-22,"Suplemento Alimentar - Cabelo, Unha e Pele - Supreme Beauty",1.0,149.9
2026-06-22,Suplemento Alimentar - GUARDIAN®,4.0,919.6
2026-06-22,Suplemento de Magnésio - Blue Calm,1.0,159.9
2026-06-22,Suplemento para Imunidade - Immune Up 100%,3.0,389.7
2026-06-22,Tablete de Doce,6.0,29.4
2026-06-22,Tasty Whey 3W Gourmet,3.0,719.7
2026-06-22,Termogênico - Termo Plus,1.0,139.9
2026-06-22,Trio Magnésio 720mg,1.0,69.9
2026-06-22,Triptofano Noite,1.0,89.9
2026-06-22,Vanilla Whey - Sachê,1.0,19.9
2026-06-22,Vitamina - Good Mood,2.0,119.8
2026-06-22,Vitamina B12,4.0,219.6
2026-06-22,Vitamina C + Zinco - Gomas,1.0,60.99
2026-06-22,Vitamina C - 500mg,1.0,39.48
2026-06-22,Vitamina C - Bio Vit C+,1.0,54.9
2026-06-22,Vitamina D - Vita D3,4.0,231.6
2026-06-22,Vitamina D - Vita D3 + C + Zinco,2.0,93.8
2026-06-22,Vitamina D3 + K2,2.0,139.8
2026-06-22,Vitamina D3 + K2 Gotas,1.0,69.9
2026-06-22,Vitamina D3 - 2000 Ui,1.0,36.9
2026-06-22,Vitamina K2,1.0,49.9
2026-06-22,"Vitaminas A, E, D e K2- RESTAURE® - Gotas",4.0,679.6
2026-06-22,W100 Whey Concentrado Havanna - Sachê,1.0,12.9
2026-06-22,Whey,5.0,1456.95
2026-06-22,Whey 3W,1.0,194.9
2026-06-22,Whey 3W -  Sachê,2.0,21.8
2026-06-22,Whey Concentrado - W100,1.0,139.9
2026-06-22,Whey Double Protein,2.0,239.8
2026-06-22,Whey Protein - CLEANPRO,1.0,149.9
2026-06-22,Whey Protein - Isofort Beauty,3.0,449.7
2026-06-22,Whey Protein Concentrado,26.0,5459.74
2026-06-22,Whey Protein Concentrado - Sachê,7.0,91.57
2026-06-22,Whey Protein Concentrado Cappuccino 900g DUX,3.0,629.97
2026-06-22,Whey Protein Crisp - Isocrisp,2.0,99.8
2026-06-22,Whey Protein Isolado,12.0,3983.88
2026-06-22,Whey Protein Isolado - Isofort,1.0,314.9
2026-06-22,Whey Protein Isolado - Sachê,3.0,59.97
2026-06-22,Whey Protein Smoothie,1.0,249.9
2026-06-22,Whey Tech 100%,1.0,139.9
2026-06-22,Whey hidrolisado e isolado,2.0,625.89
2026-06-22,Whey hidrolisado e isolado Creme Broule 837g TRUE SOURCE,1.0,329.9
2026-06-22,Zinco Quelato,2.0,79.98
2026-06-22,Ômega -  Mega DHA,2.0,199.8
2026-06-22,Ômega 3  - 1360mg,1.0,219.9
2026-06-22,Ômega 3 - 1360mg,3.0,419.7
2026-06-22,Ômega 3 - EPA DHA - 1000mg,7.0,507.3
2026-06-22,Ômega 3 - Omegafor Memory,2.0,239.8
2026-06-22,Ômega 3 DHA,1.0,139.9
2026-06-22,Ômega 3 EPA DHA,4.0,316.6
2026-06-22,Ômega 3 IFOS - 660 EPA/ 440 DHA,1.0,245.19
2026-06-22,Ômega Beauty,1.0,69.99
2026-06-22,Ômega Core,1.0,199.99
2026-06-29,100% Whey Pure,2.0,314.8
2026-06-29,Achocolatado - Choco Family - Refil,1.0,49.9
2026-06-29,Achocolatado - Chocoki,2.0,199.8
2026-06-29,Aminoácido - Aminovita,2.0,259.8
2026-06-29,Aminoácido N-acetil L-cisteína (NAC),4.0,319.6
2026-06-29,Aminoácidos - Aminnu EAAs,1.0,229.9
2026-06-29,Aminoácidos - Aminolift,1.0,209.9
2026-06-29,Antioxidante - Astaxantina,1.0,139.9
2026-06-29,BT Nitrato 400,3.0,449.7
2026-06-29,Barrinha - Body Protein,2.0,21.8
2026-06-29,Barrinha Charge Bar,7.0,90.3
2026-06-29,Barrinha de Chocolate 41%,1.0,19.89
2026-06-29,Barrinha de Chocolate 70%,1.0,14.9
2026-06-29,Barrinha de Chocolate Branco,1.0,9.9
2026-06-29,Barrinha de Chocolate ao Leite,2.0,19.8
2026-06-29,Barrinha de Proteína,18.0,246.2
2026-06-29,Barrinha de Proteína - Best Whey Bar,1.0,10.56
2026-06-29,Barrinha de Proteína - Protein Crisp Bar,9.0,71.1
2026-06-29,Barrinha de Proteína Best Whey 49g (12g de Proteína),1.0,114.9
2026-06-29,Barrinha de Proteína Choco Wheyfer,1.0,7.9
2026-06-29,Barrinha de Proteína Tube,1.0,10.9
2026-06-29,Beef Protein,2.0,779.79
2026-06-29,Best Whey,2.0,439.8
2026-06-29,Beta Alanina,4.0,275.6
2026-06-29,Beta Alanina 100%,2.0,95.8
2026-06-29,Bio Ferro,1.0,42.9
2026-06-29,Biotina Plus,1.0,46.9
2026-06-29,Biscoito Proteico - Sublime,1.0,12.38
2026-06-29,Body Protein Vegano,1.0,159.9
2026-06-29,BodyBalance - Muscle Synergy,2.0,519.78
2026-06-29,"Boraprim - Borragem, Prímula e Gergelim",3.0,234.7
2026-06-29,Cafeína,1.0,52.9
2026-06-29,Chocolate 77% Cacau,1.0,36.9
2026-06-29,Chá,3.0,21.6
2026-06-29,Chá Misto,1.0,6.9
2026-06-29,Chá Sublime - Harmonia,1.0,7.2
2026-06-29,Chá Sublime - Inverno,3.0,20.7
2026-06-29,Cobre Quelato,1.0,27.97
2026-06-29,Coenzima  Q10 - 100mg,1.0,89.9
2026-06-29,Coenzima Q10,1.0,62.99
2026-06-29,Coenzima Q10  (200mg p/ porção),3.0,659.7
2026-06-29,Coenzima Q10 (200mg p/ porção),6.0,769.58
2026-06-29,Coenzima Q10 + Ômega 3 + Vitamina E,2.0,319.8
2026-06-29,Coenzima Q10 - 100mg,1.0,109.9
2026-06-29,Colágeno - Colagentek,3.0,284.7
2026-06-29,Colágeno - Colagentek II,6.0,629.4
2026-06-29,Colágeno - Colagentek Protein - Bodybalance,6.0,1139.4
2026-06-29,Colágeno - Collagen Essential Protein,1.0,228.99
2026-06-29,Colágeno - Collagen Protein Hidrolisado,2.0,359.8
2026-06-29,Colágeno - Collagen Protein Hidrolisado Berries Silvestres 450g PURAVIDA,2.0,359.8
2026-06-29,Colágeno - Collagen Renew Hidrolisado,2.0,179.8
2026-06-29,Colágeno - Collagen Tipo II 40mg,1.0,89.9
2026-06-29,Colágeno Hidrolisado - Collagen Pro 18g,2.0,299.8
2026-06-29,Colágeno Tipo II,2.0,119.8
2026-06-29,Coq10 + Vitamina E,3.0,374.88
2026-06-29,Creatina - Creafort (Creapure),6.0,1159.49
2026-06-29,Creatina - Creatine HMB,1.0,184.9
2026-06-29,Creatina 100%,2.0,119.8
2026-06-29,Creatina Monohidratada,17.0,1019.74
2026-06-29,Creatina Monohidratada (Creapure),6.0,1139.4
2026-06-29,Creatina Monohidratada - Hardcore,1.0,89.9
2026-06-29,Creatina Premium - Creapure,1.0,229.9
2026-06-29,Creatina- Creapure,1.0,199.9
2026-06-29,Creatine Action - Gummy,1.0,119.9
2026-06-29,Cromo Picolinato - 250mg,1.0,27.9
2026-06-29,Cúrcuma Plus,8.0,559.2
2026-06-29,Diabo Verde - Dilabol Pump,1.0,78.9
2026-06-29,Diabo Verde - Pré-Workout Diploko,1.0,79.9
2026-06-29,Eletrólitos,4.0,379.6
2026-06-29,Energy Pro Ice Tea,1.0,10.9
2026-06-29,Enzimas Enzyfor,1.0,149.9
2026-06-29,Ferro - Ydrosolv,1.0,109.9
2026-06-29,Ferro Plus,1.0,34.9
2026-06-29,Ferro Quelato + Vitamina C,4.0,163.96
2026-06-29,Fibras Prébioticas - Prebiotic,2.0,139.8
2026-06-29,Fresh Vegan - Sachê,3.0,50.7
2026-06-29,Fresh Whey,9.0,1789.1
2026-06-29,FreshWhey - Sachê,1.0,16.9
2026-06-29,Gaba Complex,2.0,279.98
2026-06-29,Glutamina - Glutamax,4.0,285.69
2026-06-29,Glutamina Micronizada - 100% Pure,1.0,114.9
2026-06-29,Glutamina em Pó,1.0,99.9
2026-06-29,Gold Whey Concentrado Refil,1.0,194.9
2026-06-29,Granola Australia - Low Carb,2.0,109.8
2026-06-29,Grassfed Whey Protein,1.0,159.9
2026-06-29,Isofort Plant (Life Vegan),1.0,139.9
2026-06-29,L-Carnitina 530mg,1.0,109.9
2026-06-29,Levedura - Nutri Yeas Flakes,1.0,45.0
2026-06-29,Livestrong,3.0,899.97
2026-06-29,Magnésio,2.0,99.8
2026-06-29,Magnésio - Inositol Relief 3.0,5.0,999.5
2026-06-29,Magnésio - Mag 5 Complex,1.0,79.9
2026-06-29,Magnésio Inositol,3.0,484.7
2026-06-29,Magnésio Plus - 350mg,5.0,424.5
2026-06-29,Magnésio Quelato - Bio Mag,1.0,74.9
2026-06-29,Melatonina - Natural Sleep,1.0,54.9
2026-06-29,Melatonina em Gotas,1.0,46.9
2026-06-29,Morning Shot - Imunidade,3.0,314.7
2026-06-29,Multivitaminico  - Imunomult- 1000mg,1.0,139.9
2026-06-29,N-Acetil Cisteína (NAC),1.0,89.9
2026-06-29,NAC,4.0,259.6
2026-06-29,NAC + Glycine + Taurine,2.0,204.89
2026-06-29,NAC Acetilcisteína -  600mg,2.0,159.8
2026-06-29,Omegafor Family - Ômega 3,2.0,139.8
2026-06-29,Omegafor Plus,22.0,3747.8
2026-06-29,Palatinose,3.0,204.7
2026-06-29,Pasta de Amendoim Integral,2.0,37.78
2026-06-29,Probiótico - Simcaps,1.0,74.9
2026-06-29,Probiótico - Simfort Plus,6.0,569.4
2026-06-29,Protein Booster Pro,1.0,12.9
2026-06-29,Proteína Isolada e Hidrolisada - Body Protein,3.0,659.7
2026-06-29,Pré-Treino - Beta Action,1.0,219.9
2026-06-29,Pré-Treino - V Fort Ultra,1.0,129.9
2026-06-29,Própolis Alcoólico,6.0,179.4
2026-06-29,Própolis Líquido - Gotas,1.0,49.9
2026-06-29,Própolis Verde - Alcoólico,1.0,29.9
2026-06-29,Própolis Verde 70,1.0,39.9
2026-06-29,Psyllium,1.0,71.99
2026-06-29,Pós-treino - Recharge 4:1,2.0,260.18
2026-06-29,Refil Whey 100% Pure,1.0,159.9
2026-06-29,Refil Whey Concentrado - W100,1.0,129.9
2026-06-29,Refil Whey Concentrado Havanna - W100,1.0,139.9
2026-06-29,Refil Whey Protein - 3W,1.0,199.9
2026-06-29,Refil Whey Protein Concentrado,4.0,879.6
2026-06-29,Refil Whey Protein Isolado,1.0,649.9
2026-06-29,Resveratrol,1.0,68.9
2026-06-29,Resveratrol 500mg,2.0,179.8
2026-06-29,Resveratrol Plus - 165mg,4.0,509.69
2026-06-29,Sachê True Whey Protein,8.0,153.47
2026-06-29,Salgadinho,4.0,23.6
2026-06-29,Shot Matinal,1.0,71.99
2026-06-29,Simfort Femme,2.0,199.8
2026-06-29,Simfort Ultra,2.0,169.89
2026-06-29,Snack Proteico,1.0,10.9
2026-06-29,Spirulina Orgânica - 200 tabletes,1.0,134.9
2026-06-29,Super Café - Desincoffee,2.0,195.8
2026-06-29,Super Ômega 3,7.0,1454.39
2026-06-29,SuperCoffee,5.0,844.95
2026-06-29,SuperCoffee Língua de gato - Kopenhagen,1.0,210.99
2026-06-29,Supercoffee Protein,2.0,459.8
2026-06-29,Suplemento - Alimentar - Cálcio Citrato Malato,1.0,49.9
2026-06-29,Suplemento - Hyaluronic Hair,1.0,74.9
2026-06-29,Suplemento Alimentar - Alpha Inflaminus,1.0,144.9
2026-06-29,Suplemento Alimentar - GUARDIAN®,2.0,459.8
2026-06-29,Suplemento Alimentar - Immune +,1.0,164.9
2026-06-29,Suplemento de Magnésio - Blue Calm,1.0,109.9
2026-06-29,Tablete de Doce,3.0,14.7
2026-06-29,Tasty Whey 3W Gourmet,6.0,1439.4
2026-06-29,Trio Magnésio 720mg,4.0,279.6
2026-06-29,Triptofano - Triptoflex 215mg,1.0,49.9
2026-06-29,Ultra Q10,1.0,119.99
2026-06-29,Veggie Protein - Sachê,1.0,21.9
2026-06-29,Vitamina - Good Mood,1.0,59.9
2026-06-29,Vitamina B12,11.0,590.9
2026-06-29,Vitamina C - Bio Vit C+,1.0,54.9
2026-06-29,Vitamina D - Ativa D3,1.0,99.9
2026-06-29,Vitamina D - Vita D3,8.0,463.2
2026-06-29,Vitamina D - Vita D3 + C + Zinco,2.0,93.8
2026-06-29,Vitamina D3,2.0,99.89
2026-06-29,Vitamina D3 + K2,3.0,209.7
2026-06-29,"Vitaminas A, E, D e K2- RESTAURE® - Gotas",2.0,339.8
2026-06-29,W100 Whey Concentrado - Sachê,2.0,23.8
2026-06-29,Whey,8.0,2393.92
2026-06-29,Whey - Zero Lactose,2.0,469.8
2026-06-29,Whey Concentrado - W100,2.0,279.8
2026-06-29,Whey Fort 3W,1.0,239.9
2026-06-29,Whey Protein - 3W - The Whey,3.0,359.7
2026-06-29,Whey Protein - Isofort Beauty,2.0,299.8
2026-06-29,Whey Protein Concentrado,38.0,8098.54
2026-06-29,Whey Protein Concentrado - Sachê,13.0,192.6
2026-06-29,Whey Protein Concentrado Cappuccino 900g DUX,3.0,649.79
2026-06-29,Whey Protein Crisp - Isocrisp,1.0,49.9
2026-06-29,Whey Protein ISO 100 Hydrolyzed,2.0,1269.8
2026-06-29,Whey Protein Isolado,23.0,7425.32
2026-06-29,Whey Protein Isolado - Isofort,2.0,629.8
2026-06-29,Whey Protein Isolado - Sachê,3.0,69.79
2026-06-29,Whey Protein Isolado - Tasty Iso,2.0,679.8
2026-06-29,Whey Tech 100%,3.0,419.7
2026-06-29,Whey hidrolisado e isolado,3.0,955.79
2026-06-29,Whey hidrolisado e isolado Creme Broule 837g TRUE SOURCE,2.0,629.89
2026-06-29,Óleo de Coco  - Spray,1.0,34.9
2026-06-29,Óleo de Krill  - Ômega 3 EPA DHA,2.0,219.8
2026-06-29,Ômega -  Mega DHA,1.0,99.9
2026-06-29,Ômega - Mega DHA,2.0,359.8
2026-06-29,Ômega 3,1.0,84.99
2026-06-29,Ômega 3 - 1360mg,3.0,419.7
2026-06-29,Ômega 3 - EPA DHA - 1000mg,5.0,353.5
2026-06-29,Ômega 3 - Fish Oil,2.0,219.8
2026-06-29,Ômega 3 - Omegafor Memory,7.0,839.3
2026-06-29,Ômega 3 - Ultra Caps 1000mg,4.0,639.6
2026-06-29,Ômega 3 EPA - Icosacor,1.0,192.02
2026-06-29,Ômega 3 EPA DHA,9.0,1207.1
2026-06-29,Ômega 3 IFOS - 660 EPA/ 440 DHA,1.0,179.9
2026-06-29,Ômegafor Vegan 400mg,1.0,109.9
2026-07-06,#Whey Fort 3W,1.0,219.99
2026-07-06,Aminoácido - Amino Greens,2.0,419.8
2026-07-06,Aminoácido - Tryptophan,1.0,54.9
2026-07-06,Aminoácidos - Aminnu EAAs,1.0,229.9
2026-07-06,Amora Miúra - 1500mg,1.0,44.9
2026-07-06,Astaxantina,1.0,99.9
2026-07-06,BT Gel Nitrato,1.0,109.9
2026-07-06,BT Gel Nitrato com Cafeína,1.0,109.9
2026-07-06,BT Nitrato,1.0,149.9
2026-07-06,Barrinha - Body Protein,2.0,21.8
2026-07-06,Barrinha de Proteína,9.0,125.1
2026-07-06,Barrinha de Proteína - Protein Crisp Bar,1.0,92.9
2026-07-06,Barrinha de Proteína Best Whey 49g (12g de Proteína),1.0,104.9
2026-07-06,Barrinha de Proteína Crunch,1.0,14.9
2026-07-06,Barrinha de Proteína Tube,4.0,152.6
2026-07-06,Beef Protein,1.0,269.9
2026-07-06,Best Whey,2.0,459.8
2026-07-06,Beta Alanina,3.0,206.7
2026-07-06,Bio B - Complex®,1.0,104.9
2026-07-06,Bio Cálcio  60 caps PURAVIDA,2.0,159.8
2026-07-06,Bio Ferro,1.0,42.9
2026-07-06,Bio Melatonina,1.0,69.9
2026-07-06,Biotina Plus,1.0,46.9
2026-07-06,Biscoito Proteico - Sublime,1.0,12.9
2026-07-06,Body Strong Protein,1.0,384.9
2026-07-06,Bombom,1.0,9.38
2026-07-06,"Boraprim - Borragem, Prímula e Gergelim",3.0,269.7
2026-07-06,Cacao Whey - Sachê,1.0,19.9
2026-07-06,Cacau Premium,1.0,74.9
2026-07-06,Cappuccino Whey - Sachê,1.0,21.9
2026-07-06,Chocolate - Chocolift,1.0,21.9
2026-07-06,Chocolate - Chocolift Be Alive,1.0,23.9
2026-07-06,Chocolate 66% Cacau,1.0,27.9
2026-07-06,Chocolate 70% Cacau,1.0,29.9
2026-07-06,Chocolate ao Leite - Marshmallow,1.0,17.89
2026-07-06,Chocolate com Nibs,2.0,59.8
2026-07-06,Chá Sublime - Inverno,2.0,13.8
2026-07-06,Coenzima  Q10 - 100mg,1.0,89.9
2026-07-06,Coenzima Q10 (200mg p/ porção),5.0,649.95
2026-07-06,Coenzima Q10 + Ômega 3 + Vitamina E,2.0,319.8
2026-07-06,Coenzima Q10 - (100mg p/ porção),1.0,84.9
2026-07-06,Coenzima Q10+ 200mg,2.0,279.8
2026-07-06,Colágeno -  Collagen Gut,1.0,219.9
2026-07-06,Colágeno - Colagentek,1.0,94.9
2026-07-06,Colágeno - Colagentek Beauty,1.0,139.9
2026-07-06,Colágeno - Colagentek II,2.0,284.8
2026-07-06,Colágeno - Colagentek Protein - Bodybalance,6.0,1139.4
2026-07-06,Colágeno - Collagen Essential Protein,2.0,479.8
2026-07-06,Colágeno - Collagen Protein Hidrolisado,4.0,719.6
2026-07-06,Colágeno - Collagen Protein Hidrolisado Berries Silvestres 450g PURAVIDA,1.0,179.9
2026-07-06,Colágeno - Collagen Renew Hidrolisado,3.0,269.7
2026-07-06,Colágeno - Collagen Tipo II 40mg,1.0,89.9
2026-07-06,Colágeno Hidrolisado - Collagen Pro 18g,2.0,299.8
2026-07-06,Colágeno Tipo II - Artro Aid,1.0,99.9
2026-07-06,Colágeno tipo 2 - Colagentek II,1.0,104.9
2026-07-06,Complexo B,1.0,129.9
2026-07-06,Complexo B Max,1.0,44.9
2026-07-06,Coq10 + Vitamina E,2.0,239.98
2026-07-06,Creatina,2.0,169.8
2026-07-06,Creatina - Creafort (Creapure),5.0,924.95
2026-07-06,Creatina 100%,3.0,209.7
2026-07-06,Creatina Monohidratada,35.0,2197.85
2026-07-06,Creatina Monohidratada - Creatine,6.0,539.94
2026-07-06,Creatina Monohidratada em Gummy,2.0,199.98
2026-07-06,Creatina Premium - Creapure,2.0,459.8
2026-07-06,Cúrcuma 500mg,2.0,189.8
2026-07-06,Cúrcuma Plus,7.0,484.3
2026-07-06,Diabo Verde - Pré-Workout Diploko,1.0,69.99
2026-07-06,Eletrólitos,3.0,284.7
2026-07-06,Enzima Lactase - Laczyme,2.0,169.8
2026-07-06,Expresso Whey - Sachê,1.0,19.9
2026-07-06,Feno Grego,2.0,139.8
2026-07-06,Ferro - Ydrosolv,5.0,529.5
2026-07-06,Ferro Plus,4.0,139.6
2026-07-06,Ferro Quelato + Vitamina C,1.0,54.9
2026-07-06,Fibras Prébioticas - Prebiotic,1.0,69.9
2026-07-06,Fresh Vegan,1.0,199.9
2026-07-06,Fresh Whey,9.0,1789.1
2026-07-06,Gel Nitrato,4.0,43.6
2026-07-06,Gluatamina em Sachê - Glutamax,1.0,99.9
2026-07-06,Glutamina,2.0,149.8
2026-07-06,Glutamina - Glutamax,5.0,341.95
2026-07-06,Glutamina em Pó,1.0,114.9
2026-07-06,Glutationa,1.0,149.9
2026-07-06,Gold Whey Concentrado Refil,3.0,584.7
2026-07-06,Granola Australia - Low Carb,3.0,164.7
2026-07-06,Isofort Plant (Life Vegan),1.0,139.9
2026-07-06,Livestrong,1.0,319.9
2026-07-06,Maca Peruana,2.0,119.8
2026-07-06,Magnésio,3.0,149.7
2026-07-06,Magnésio - Inositol Relief 3.0,1.0,219.9
2026-07-06,Magnésio - Mag 5 Complex,2.0,159.8
2026-07-06,Magnésio Bisglicinato,1.0,49.9
2026-07-06,Magnésio Inositol,1.0,149.9
2026-07-06,Melatonina,1.0,34.9
2026-07-06,Morning Shot - Imunidade,6.0,629.4
2026-07-06,Multivitaminico  - Imunomult- 1000mg,1.0,139.9
2026-07-06,Multivitaminico - Imunomult- 1000mg,1.0,99.9
2026-07-06,Multivitamínico - Vitalift,1.0,209.9
2026-07-06,N-Acetil Cisteína (NAC),1.0,89.9
2026-07-06,NAC,1.0,64.9
2026-07-06,NAC 650mg,3.0,194.7
2026-07-06,Nootrópico - Brain Up Am/Pm  60 caps TRUE SOURCE,1.0,154.9
2026-07-06,Omegafor Plus,11.0,1729.35
2026-07-06,Palatinose,2.0,139.8
2026-07-06,Pasta de Amendoim Granulado,1.0,29.9
2026-07-06,Pasta de Amendoim Integral,1.0,18.89
2026-07-06,Poteína Vegetal,2.0,225.8
2026-07-06,Probiótico - Simfort Plus,2.0,184.89
2026-07-06,Proteina Vegetal,1.0,159.9
2026-07-06,Proteina Vegetal - True Vegan,1.0,194.9
2026-07-06,Proteína Isolada e Hidrolisada - Body Protein,6.0,1520.4
2026-07-06,Pré-Treino,1.0,89.9
2026-07-06,Própolis Líquido - Gotas,1.0,45.99
2026-07-06,Psyllium,2.0,159.8
2026-07-06,Quercetina,1.0,79.9
2026-07-06,Refil 100% Whey Protein - Flavour,2.0,239.8
2026-07-06,Refil Whey Concentrado - W100,3.0,389.7
2026-07-06,Refil Whey Protein - 3W,2.0,399.8
2026-07-06,Refil Whey Protein Concentrado,3.0,729.7
2026-07-06,Resveratrol,2.0,137.8
2026-07-06,Resveratrol 500mg,1.0,89.9
2026-07-06,Resveratrol Plus - 165mg,3.0,359.97
2026-07-06,Sachê Super Sono,5.0,29.5
2026-07-06,Sachê True Whey Protein,2.0,35.98
2026-07-06,Simfort Ultra,1.0,79.99
2026-07-06,Simfort fibras,3.0,194.7
2026-07-06,Super Café - Desincoffee,5.0,449.95
2026-07-06,Super Ômega 3,4.0,819.6
2026-07-06,SuperCoffee,5.0,958.59
2026-07-06,SuperCoffee Língua de gato - Kopenhagen,4.0,794.87
2026-07-06,Supercoffee Protein,2.0,449.89
2026-07-06,Suplemento - Hyaluronic Hair,1.0,74.9
2026-07-06,Suplemento Alimentar - GUARDIAN®,5.0,1149.5
2026-07-06,Suplemento Vitamínico - Alpha Harmony,3.0,351.72
2026-07-06,Suplemento de Magnésio - Blue Calm,3.0,379.7
2026-07-06,Suplemento para Imunidade - Immune Up 100%,1.0,129.9
2026-07-06,Tablete de Doce,1.0,4.9
2026-07-06,Tasty Whey 3W Gourmet,3.0,719.7
2026-07-06,Ultra Q10,1.0,129.9
2026-07-06,Ultracoffee - Vegano,1.0,119.9
2026-07-06,V-Coffee Energy Boost,1.0,95.9
2026-07-06,Vinagre de Maçã Orgânico,1.0,34.9
2026-07-06,Vitamina - Good Mood,1.0,59.9
2026-07-06,Vitamina B12,1.0,39.9
2026-07-06,Vitamina B12 - Bio B12,1.0,84.9
2026-07-06,Vitamina C - 500mg,1.0,39.48
2026-07-06,Vitamina C3 - 1000mg,1.0,54.9
2026-07-06,Vitamina D - Vita D3,9.0,491.37
2026-07-06,Vitamina D3 + K2,4.0,279.6
2026-07-06,Vitamina D3 - Ydrosolv - Spray,1.0,89.9
2026-07-06,Vitamina D3+K2,1.0,75.06
2026-07-06,"Vitaminas A, E, D e K2- RESTAURE® - Gotas",3.0,509.7
2026-07-06,Whey,1.0,289.9
2026-07-06,Whey - Zero Lactose,1.0,219.99
2026-07-06,Whey 3W,2.0,389.8
2026-07-06,Whey Fort 3W,8.0,1779.83
2026-07-06,Whey Isolado - Isofort Ultra Imuno,2.0,679.8
2026-07-06,Whey Protein - Isofort Beauty,1.0,149.9
2026-07-06,Whey Protein Concentrado,27.0,5937.3
2026-07-06,Whey Protein Concentrado - Sachê,2.0,27.8
2026-07-06,Whey Protein Hidrolisado,2.0,739.8
2026-07-06,Whey Protein Isolado,19.0,6594.37
2026-07-06,Whey Protein Isolado - Isofort,1.0,314.9
2026-07-06,Whey Protein Isolado - Sachê,1.0,24.9
2026-07-06,Whey Tech 100%,1.0,139.9
2026-07-06,Whey hidrolisado e isolado,4.0,1199.96
2026-07-06,Zinco Quelato,1.0,42.9
2026-07-06,Ômega -  Mega DHA,2.0,199.8
2026-07-06,Ômega 3,2.0,289.8
2026-07-06,Ômega 3  - 1360mg,1.0,219.9
2026-07-06,Ômega 3 - 1360mg,6.0,839.4
2026-07-06,Ômega 3 - DHA OX Alga,1.0,189.9
2026-07-06,Ômega 3 - EPA DHA - 1000mg,8.0,603.2
2026-07-06,Ômega 3 - Fish Oil,1.0,109.9
2026-07-06,Ômega 3 - Pro,1.0,59.9
2026-07-06,Ômega 3 - Ultra Caps 1000mg,1.0,159.9
2026-07-06,Ômega 3 EPA DHA,7.0,787.3
2026-07-06,Ômega 3 IFOS - 660 EPA/ 440 DHA,1.0,179.9
2026-07-06,Ômega 3 Super DHA,1.0,129.9
2026-07-06,Ômega Ultra - 1000mg,1.0,94.9
2026-07-13,#Whey Fort 3W,1.0,219.99
2026-07-13,100% Whey Pure,2.0,339.8
2026-07-13,100% Whey True Protein,1.0,209.9
2026-07-13,Aminoácido - Amino Greens,1.0,209.9
2026-07-13,Aminoácido - Aminovita,2.0,259.8
2026-07-13,Aminoácido N-acetil L-cisteína (NAC),2.0,138.89
2026-07-13,Aminoácidos - Aminnu EAAs - Sem Xilitol,2.0,459.8
2026-07-13,Aminoácidos - Aminolift,1.0,209.9
2026-07-13,Amora Miúra - 1500mg,2.0,89.8
2026-07-13,BT Nitrato 400,3.0,474.7
2026-07-13,Barrinha Charge Bar,5.0,64.5
2026-07-13,Barrinha de Proteína,8.0,242.65
2026-07-13,Barrinha de Proteína - Best Whey Bar,3.0,30.36
2026-07-13,Barrinha de Proteína - Protein Crisp Bar,1.0,92.9
2026-07-13,Barrinha de Proteína Choco Wheyfer,15.0,189.5
2026-07-13,Barrinha de Proteína Crush Bar,1.0,103.9
2026-07-13,Barrinha de Proteína Tube,2.0,239.8
2026-07-13,Barrinha de Proteína Whey Grego - Havanna,2.0,193.8
2026-07-13,Bebida Proteica - Natural Whey 14g,3.0,23.7
2026-07-13,Beef Protein,2.0,539.8
2026-07-13,Beta Alanina 100%,3.0,143.7
2026-07-13,Beta Glucana,1.0,77.9
2026-07-13,Bio Cálcio  60 caps PURAVIDA,1.0,79.9
2026-07-13,Bio Ferro,1.0,42.9
2026-07-13,Bio Vitamina B12 em gotas,1.0,44.9
2026-07-13,Bio Zinco,1.0,36.9
2026-07-13,Biscoito Proteico - Sublime,5.0,63.46
2026-07-13,Body Protein,2.0,729.8
2026-07-13,Body Protein Vegano,1.0,159.9
2026-07-13,Body Strong Protein,2.0,769.8
2026-07-13,Cappuccino Proteico,1.0,54.9
2026-07-13,Chá,3.0,21.6
2026-07-13,Chá Misto,2.0,13.8
2026-07-13,Chá Sublime - Brisa,2.0,13.8
2026-07-13,Chá Sublime - Energia,1.0,7.2
2026-07-13,Chá Sublime - Harmonia,1.0,7.2
2026-07-13,Chá Sublime - Inverno,10.0,69.0
2026-07-13,Cocada,1.0,4.9
2026-07-13,Coenzima Q10,4.0,359.6
2026-07-13,Coenzima Q10  (200mg p/ porção),1.0,219.9
2026-07-13,Coenzima Q10 (200mg p/ porção),1.0,129.99
2026-07-13,Coenzima Q10 - (100mg p/ porção),2.0,169.8
2026-07-13,Coenzima Q10 - 100mg,1.0,84.9
2026-07-13,Coenzima Q10 - 200mg,3.0,359.7
2026-07-13,Collagen Advanced,1.0,229.9
2026-07-13,Collagen Protein,1.0,239.9
2026-07-13,Colosfort,1.0,224.9
2026-07-13,Colágeno - Colagentek,5.0,474.5
2026-07-13,Colágeno - Colagentek II,3.0,389.7
2026-07-13,Colágeno - Colagentek Protein - Bodybalance,10.0,1899.0
2026-07-13,Colágeno - Collagen Essential Protein,2.0,479.8
2026-07-13,Colágeno - Collagen Renew Hidrolisado,8.0,719.2
2026-07-13,Colágeno - Collpure®,1.0,164.9
2026-07-13,Colágeno - Multi Collagen,1.0,249.9
2026-07-13,Colágeno Collagen Skin,1.0,194.9
2026-07-13,Colágeno Hidrolisado - Collagen Pro 18g,5.0,749.5
2026-07-13,Colágeno tipo 2 - Colagentek II,2.0,209.8
2026-07-13,Complexo B,1.0,39.99
2026-07-13,Cranberry - She She Comfort,1.0,69.9
2026-07-13,Creatina - Creafort (Creapure),7.0,1124.75
2026-07-13,Creatina - Creapure,1.0,129.9
2026-07-13,Creatina - Creatine HMB,1.0,184.9
2026-07-13,Creatina - Gummy,1.0,144.9
2026-07-13,Creatina 100%,2.0,149.8
2026-07-13,Creatina 100% Pure,1.0,109.9
2026-07-13,Creatina Monohidratada,50.0,2838.24
2026-07-13,Creatina Monohidratada (Creapure),3.0,539.7
2026-07-13,Creatina Monohidratada -  Crealift (Creapure),1.0,319.9
2026-07-13,Creatina Monohidratada - Creatine,4.0,339.96
2026-07-13,Creatina Monohidratada Refil,2.0,99.98
2026-07-13,Creatina Monohidratada Ultramesh®,1.0,69.99
2026-07-13,Cromo Picolinato - 250mg,1.0,27.9
2026-07-13,Curcumina,1.0,99.9
2026-07-13,Cúrcuma 500mg,1.0,94.9
2026-07-13,Cúrcuma Plus,8.0,579.2
2026-07-13,Delicious Brownie Protein,1.0,8.99
2026-07-13,Diabo Verde - Dilabol Pump,1.0,69.99
2026-07-13,Diabo Verde - Pré-Workout Diploko,2.0,139.98
2026-07-13,Eletrólitos,16.0,535.4
2026-07-13,Eletrólitos - Hydration,14.0,97.86
2026-07-13,Energy Gel,2.0,18.8
2026-07-13,Enzimas Enzyfor,1.0,149.9
2026-07-13,Expresso Whey - Sachê,1.0,19.9
2026-07-13,Feno Grego + Boro - Libifem,1.0,104.9
2026-07-13,Ferro Plus,5.0,174.5
2026-07-13,Fibras Prébioticas - Prebiotic,1.0,69.9
2026-07-13,Fresh Whey,8.0,2139.2
2026-07-13,FreshWhey - Sachê,4.0,67.6
2026-07-13,Gaba Complex,2.0,319.8
2026-07-13,Gel Intra-treino Sport Line,1.0,8.99
2026-07-13,Gel Neutro Fresh com Cafeína,9.0,114.57
2026-07-13,Gel Nitrato,16.0,174.4
2026-07-13,Gel Nitrato c/ Cafeína,6.0,65.4
2026-07-13,Gel Nitrato com L-Citrulinilarginina,8.0,87.2
2026-07-13,Glutamina - Glutamax,11.0,759.89
2026-07-13,Glutamina em Pó,1.0,99.9
2026-07-13,Gold Whey Concentrado Refil,3.0,584.7
2026-07-13,Granola Australia - Low Carb,3.0,149.7
2026-07-13,Grassfed Whey Protein,1.0,229.9
2026-07-13,Hydro Protein,1.0,11.9
2026-07-13,Laranja Moro,1.0,64.9
2026-07-13,Laranja Moro - Moroskinny,2.0,209.8
2026-07-13,MCT LIFT,1.0,149.9
2026-07-13,Magnésio,2.0,99.8
2026-07-13,Magnésio - 3MAG - Pool de Magnésio,3.0,214.7
2026-07-13,Magnésio - Inositol Relief 3.0,5.0,1019.68
2026-07-13,Magnésio Inositol,1.0,149.9
2026-07-13,Magnésio Inositol Relax,2.0,547.8
2026-07-13,Melatonina - Sleepfor,1.0,79.9
2026-07-13,Melatonina Duo,5.0,349.5
2026-07-13,Melatonina Duo Harmony,1.0,129.9
2026-07-13,Melatonina em Gotas,1.0,46.9
2026-07-13,Melatonina em Gummy,2.0,199.98
2026-07-13,Morning Shot - Imunidade,1.0,104.9
2026-07-13,Multivitaminico  - Imunomult- 1000mg,2.0,279.8
2026-07-13,NAC + Glycine + Taurine,2.0,209.8
2026-07-13,Nootrópico - Brain Up Am/Pm  60 caps TRUE SOURCE,1.0,154.9
2026-07-13,Omegafor Plus,28.0,3879.63
2026-07-13,Omegafor Vitamins,1.0,139.9
2026-07-13,Palatinose,2.0,144.8
2026-07-13,Palatinose 100% - Carbolift,1.0,249.9
2026-07-13,Pasta de Amendoim Integral,2.0,37.78
2026-07-13,Prebiótico,1.0,84.9
2026-07-13,Prebiótico - Fiber Liv,1.0,79.9
2026-07-13,Probiótico - Simcaps,1.0,49.9
2026-07-13,Probiótico - Simfort Plus,10.0,869.54
2026-07-13,Profem - Óleo de Prímula,1.0,64.9
2026-07-13,Propolis + Quercetin + Vitamin C,1.0,109.9
2026-07-13,Proteina Vegetal - True Vegan,1.0,194.9
2026-07-13,Proteína Isolada e Hidrolisada - Body Protein,4.0,879.6
2026-07-13,Proteína Isolada e Hidrolisada - Body Protein Red,4.0,879.6
2026-07-13,Pré-Treino,1.0,89.9
2026-07-13,Pré-Treino - Beta Action,2.0,439.8
2026-07-13,Pré-Treino - V Fort Ultra,2.0,259.8
2026-07-13,Pré-Treino Energy ATP®,1.0,209.9
2026-07-13,Própolis - Green Própolis,2.0,159.8
2026-07-13,Própolis Alcoólico,1.0,29.9
2026-07-13,Própolis Trio,4.0,267.96
2026-07-13,Psyllium,5.0,339.5
2026-07-13,Quercetina,2.0,159.8
2026-07-13,Refil Whey 100% Pure,2.0,299.8
2026-07-13,Refil Whey Concentrado - W100,6.0,779.4
2026-07-13,Refil Whey Protein - 3W,5.0,879.5
2026-07-13,Refil Whey Protein Concentrado,5.0,869.5
2026-07-13,Refil Whey Protein Isolado,2.0,1299.8
2026-07-13,Resveratrol 500mg,1.0,89.9
2026-07-13,Resveratrol Plus - 165mg,1.0,119.99
2026-07-13,Sachê Body Protein,1.0,13.9
2026-07-13,Sachê Magnésio + Inositol Relief 3.0,5.0,49.95
2026-07-13,Sachê True Whey Protein,4.0,71.96
2026-07-13,Salgadinho,3.0,16.77
2026-07-13,Shot Matinal,1.0,79.9
2026-07-13,Simfort Ultra,1.0,79.99
2026-07-13,Simfort fibras,1.0,64.9
2026-07-13,Sleepfor,1.0,69.9
2026-07-13,Snack Proteico,9.0,98.1
2026-07-13,Spirulina 400mg,1.0,89.9
2026-07-13,Spirulina 500mg,1.0,89.9
2026-07-13,Super Café - Desincoffee,4.0,359.96
2026-07-13,Super Ômega 3,7.0,1249.3
2026-07-13,SuperCoffee,7.0,1020.66
2026-07-13,SuperCoffee Língua de gato - Kopenhagen,15.0,2849.85
2026-07-13,Supercoffee Protein,1.0,229.9
2026-07-13,Suplemento - Alimentar - Cálcio Citrato Malato,1.0,49.9
2026-07-13,Suplemento - Hyaluronic Hair,1.0,74.9
2026-07-13,Suplemento Alimentar - Alpha Inflaminus,1.0,144.9
2026-07-13,Suplemento Alimentar - Alpha Women,1.0,149.9
2026-07-13,"Suplemento Alimentar - Cabelo, Unha e Pele - Beauty +",1.0,129.9
2026-07-13,Suplemento Alimentar - GUARDIAN®,1.0,229.9
2026-07-13,Suplemento Alimentar - Green Shot,1.0,84.9
2026-07-13,Suplemento Alimentar - L-teanina - Happy Theanine,1.0,154.9
2026-07-13,Suplemento para Cabelos e Unhas- Biocolin Hair,1.0,89.9
2026-07-13,Suplemento para Imunidade - Immune Up 100%,1.0,129.9
2026-07-13,Tablete de Doce,3.0,14.7
2026-07-13,Tasty Whey 3W Gourmet,5.0,1199.5
2026-07-13,Termogênico - Lipix6,1.0,59.99
2026-07-13,Termogênico - Termo Plus,1.0,139.9
2026-07-13,Trio Magnésio 720mg,7.0,489.3
2026-07-13,True Cúrcuma,2.0,219.8
2026-07-13,V-Coffee Energy Boost,1.0,95.9
2026-07-13,Vitamina - Good Mood,1.0,59.9
2026-07-13,Vitamina B12,8.0,364.2
2026-07-13,Vitamina B9 - Ácido Fólico,1.0,79.9
2026-07-13,Vitamina D - Vita D3,4.0,204.87
2026-07-13,Vitamina D - Vita D3 + C + Zinco,2.0,139.8
2026-07-13,Vitamina D3,3.0,154.7
2026-07-13,Vitamina D3 - 2000 Ui,2.0,73.8
2026-07-13,Vitamina D3 - Ydrosolv - Spray,5.0,449.5
2026-07-13,Vitamina D3+K2,1.0,75.06
2026-07-13,Vitamina K2,1.0,49.9
2026-07-13,Vitamina K2- Menaquinona,1.0,53.17
2026-07-13,"Vitaminas A, E, D e K2- RESTAURE® - Gotas",2.0,339.8
2026-07-13,W100 Whey Concentrado - Sachê,6.0,71.4
2026-07-13,W100 Whey Concentrado Havanna - Sachê,4.0,51.6
2026-07-13,Whey,1.0,289.9
2026-07-13,Whey - Zero Lactose,1.0,219.99
2026-07-13,Whey 3W -  Sachê,2.0,21.8
2026-07-13,Whey Concentrado - W100,2.0,279.8
2026-07-13,Whey Double Protein,5.0,549.95
2026-07-13,Whey Fort 3W,6.0,1319.94
2026-07-13,Whey HIT Protein,1.0,129.99
2026-07-13,Whey Isolado - Isofort Ultra Imuno,1.0,339.9
2026-07-13,Whey Protein - 3W - The Whey,1.0,119.9
2026-07-13,Whey Protein - CLEANPRO,3.0,449.7
2026-07-13,Whey Protein - Isofort Beauty,4.0,599.6
2026-07-13,Whey Protein Concentrado,30.0,6537.45
2026-07-13,Whey Protein Concentrado - Sachê,14.0,170.6
2026-07-13,Whey Protein Concentrado Cappuccino 900g DUX,1.0,219.9
2026-07-13,Whey Protein Crisp - Isocrisp,2.0,89.98
2026-07-13,Whey Protein Isolado,16.0,5450.49
2026-07-13,Whey Protein Isolado - Isofort,3.0,944.7
2026-07-13,Whey Protein Isolado - Sachê,1.0,24.9
2026-07-13,Whey Protein Isolado - Tasty Iso,3.0,1019.7
2026-07-13,Whey hidrolisado e isolado,2.0,599.98
2026-07-13,Whey hidrolisado e isolado Creme Broule 837g TRUE SOURCE,1.0,299.99
2026-07-13,Zinco Quelato,1.0,42.9
2026-07-13,Óleo de Borragem - Gamalift,1.0,144.37
2026-07-13,Ômega 3  - 1360mg,2.0,439.8
2026-07-13,Ômega 3 - 1360mg,3.0,419.7
2026-07-13,Ômega 3 - EPA DHA - 1000mg,6.0,404.4
2026-07-13,Ômega 3 - Omegafor Memory,4.0,479.6
2026-07-13,Ômega 3 - Ultra Caps 1000mg,3.0,479.7
2026-07-13,Ômega 3 DHA,1.0,139.9
2026-07-13,Ômega 3 EPA DHA,10.0,1117.0
2026-07-13,Ômega Core,1.0,239.9
2026-07-20,#Refil Whey 100% Pure,1.0,95.0
2026-07-20,Aminoácido N-acetil L-cisteína (NAC),1.0,58.99
2026-07-20,Aminoácidos - Aminnu EAAs,2.0,391.98
2026-07-20,Amora Miúra - 1500mg,1.0,44.9
2026-07-20,Antioxidante - Astaxantina,1.0,139.9
2026-07-20,Arginofor -  L-Arginina,1.0,119.9
2026-07-20,Aveia - Flocos Grossos,2.0,31.8
2026-07-20,Barra Chocolate 40%,1.0,18.89
2026-07-20,Barrinha - Body Protein,1.0,10.9
2026-07-20,Barrinha de Chocolate ao Leite,1.0,9.9
2026-07-20,Barrinha de Proteína,5.0,69.5
2026-07-20,Barrinha de Proteína - YOPRO,1.0,12.9
2026-07-20,Barrinha de Proteína Best Whey 49g (12g de Proteína),1.0,114.9
2026-07-20,Barrinha de Proteína Choco Wheyfer,1.0,6.9
2026-07-20,Bebida Proteica - Natural Whey 100% Whey - 15g,13.0,136.37
2026-07-20,Bebida Proteica - Natural Whey 14g,10.0,66.9
2026-07-20,Best Whey,2.0,459.8
2026-07-20,Beta Alanina,3.0,188.88
2026-07-20,Beta Alanina 100%,1.0,47.9
2026-07-20,Bio Cálcio  60 caps PURAVIDA,1.0,79.9
2026-07-20,Bio Ferro,1.0,42.9
2026-07-20,Bio Zinco,3.0,110.7
2026-07-20,Biotina Plus,2.0,93.8
2026-07-20,Body Protein Fresh,1.0,244.9
2026-07-20,Body Strong Protein,1.0,384.9
2026-07-20,Bom Ciclo,2.0,159.8
2026-07-20,"Boraprim - Borragem, Prímula e Gergelim",3.0,269.7
2026-07-20,Cappuccino Proteico,1.0,54.9
2026-07-20,Chocolate 40%,1.0,18.89
2026-07-20,Chocolate 70% Cacau,1.0,29.9
2026-07-20,Chá Sublime - Inverno,2.0,13.8
2026-07-20,Coenzima Q10,3.0,459.7
2026-07-20,Coenzima Q10  (200mg p/ porção),1.0,219.9
2026-07-20,Coenzima Q10 (200mg p/ porção),4.0,519.96
2026-07-20,Coenzima Q10 - 100mg,3.0,279.7
2026-07-20,Coenzima Q10 200mg,1.0,89.9
2026-07-20,Collagen Advanced,2.0,459.8
2026-07-20,Colágeno -  Collagen Gut,1.0,219.9
2026-07-20,Colágeno - Colagentek,2.0,189.8
2026-07-20,Colágeno - Colagentek Beauty,1.0,139.9
2026-07-20,Colágeno - Colagentek II,4.0,599.6
2026-07-20,Colágeno - Colagentek Protein - Bodybalance,4.0,759.6
2026-07-20,Colágeno - Collagen Derm,1.0,154.9
2026-07-20,Colágeno - Collagen Essential Protein,3.0,719.7
2026-07-20,Colágeno - Collagen Protein Hidrolisado,1.0,179.9
2026-07-20,Colágeno - Collagen Renew Hidrolisado,3.0,269.7
2026-07-20,Colágeno - Collpure®,2.0,329.8
2026-07-20,Colágeno Collagen Flex Beauty,1.0,174.9
2026-07-20,Colágeno Collagen Resilience,1.0,209.9
2026-07-20,Colágeno Hidrolisado - Collagen Pro 18g,1.0,149.9
2026-07-20,Colágeno Tipo II,2.0,119.8
2026-07-20,Complexo B,1.0,39.99
2026-07-20,Complexo B - Vit B Complex,1.0,69.9
2026-07-20,Cranberry - She She Comfort,1.0,69.9
2026-07-20,Creatina - Creafort (Creapure),6.0,939.76
2026-07-20,Creatina 100%,5.0,389.5
2026-07-20,Creatina Monohidratada,40.0,2339.15
2026-07-20,Creatina Monohidratada (Creapure),5.0,959.5
2026-07-20,Creatina Monohidratada - Creatine,8.0,639.92
2026-07-20,Cromo Picolinato - 250mg,1.0,27.9
2026-07-20,Curcumina,1.0,99.9
2026-07-20,Cúrcuma 500mg,1.0,94.9
2026-07-20,Cúrcuma Plus,4.0,279.6
2026-07-20,Delicious Brownie Protein,1.0,8.99
2026-07-20,Eletrólitos,6.0,282.4
2026-07-20,Eletrólitos - Hydration,1.0,6.99
2026-07-20,Energy Kick - Sachê,1.0,9.9
2026-07-20,Energy Kick com Cafeína - Sachê,1.0,9.9
2026-07-20,Extrato de Laranja Moro 400mg,1.0,99.9
2026-07-20,Farinha de Aveia,1.0,15.9
2026-07-20,Ferro Plus,1.0,34.9
2026-07-20,Fibras Prébioticas - Prebiotic,8.0,559.2
2026-07-20,Fresh Vegan,1.0,199.9
2026-07-20,Fresh Whey,8.0,2009.2
2026-07-20,Gel Intra-treino Sport Line,10.0,89.9
2026-07-20,Gluatamina em Sachê - Glutamax,1.0,99.9
2026-07-20,Glutamina,1.0,89.9
2026-07-20,Glutamina - Glutamax,12.0,892.88
2026-07-20,Gold Whey Concentrado Refil,2.0,389.8
2026-07-20,Granola,1.0,44.9
2026-07-20,Granola Australia - Low Carb,2.0,109.8
2026-07-20,Hydro Protein,5.0,59.5
2026-07-20,Immuno Whey,2.0,599.78
2026-07-20,Isofort Plant (Life Vegan),1.0,139.9
2026-07-20,L-Taurina - 1.000mg,2.0,139.8
2026-07-20,Laranja Moro - Moroskinny,1.0,104.9
2026-07-20,Levedura - Nutri Yeas Flakes,1.0,92.17
2026-07-20,Magnésio - Inositol Relief 3.0,6.0,1079.94
2026-07-20,Magnésio - Inositol Relief 3.0 Sem Melatonina,1.0,219.9
2026-07-20,Magnésio - Mag 5 Complex,3.0,239.7
2026-07-20,Magnésio Elemental,2.0,129.98
2026-07-20,Magnésio Inositol,3.0,449.7
2026-07-20,Magnésio Quelato - Bio Mag,1.0,74.9
2026-07-20,Mel - Flores de Laranjeira,1.0,24.99
2026-07-20,Melatonina,1.0,34.9
2026-07-20,Melatonina - Sleepfor,1.0,79.9
2026-07-20,Melatonina Duo,2.0,139.8
2026-07-20,Metilfolato de Cálcio,5.0,159.5
2026-07-20,Mg Complex,1.0,96.9
2026-07-20,Morning Shot - Imunidade,3.0,314.7
2026-07-20,Multi Collagen,1.0,259.89
2026-07-20,Multivitaminico  - Imunomult- 1000mg,2.0,279.8
2026-07-20,Multivitaminico - Imunomult- 1000mg,1.0,99.9
2026-07-20,Multivitamínico - Vitalift,1.0,209.9
2026-07-20,N-Acetil Cisteína (NAC),1.0,89.9
2026-07-20,NAC,1.0,64.9
2026-07-20,NAC + Glycine + Taurine,1.0,104.9
2026-07-20,NAC Acetilcisteína -  600mg,3.0,239.7
2026-07-20,Nootrópico - Brain Up Am/Pm  60 caps TRUE SOURCE,1.0,154.9
2026-07-20,Omegafor Plus,16.0,2459.57
2026-07-20,Omegafor Vitamins,1.0,139.9
2026-07-20,Palatinose,2.0,149.8
2026-07-20,Pasta de Amendoim Integral,1.0,18.89
2026-07-20,Prebiótico - Fiber Liv,1.0,79.9
2026-07-20,Probiótico - Simcaps,2.0,124.8
2026-07-20,Probiótico - Simfort Plus,4.0,424.69
2026-07-20,Profem - Óleo de Prímula,2.0,129.8
2026-07-20,Protein Booster Pro,12.0,154.8
2026-07-20,Proteína - Isocrisp Plant - Pote,1.0,29.9
2026-07-20,Proteína Isolada e Hidrolisada - Body Protein,5.0,1099.5
2026-07-20,Proteína Isolada e Hidrolisada - Body Protein Red,1.0,219.9
2026-07-20,Proteína Vegana - Veggie Protein,1.0,274.89
2026-07-20,Pré-Treino,1.0,89.9
2026-07-20,Pré-Treino Energy ATP®,1.0,209.9
2026-07-20,Própolis Alcoólico,2.0,59.8
2026-07-20,Própolis Verde 70,1.0,39.9
2026-07-20,Psyllium,7.0,529.3
2026-07-20,Pós-treino - Recharge 4:1,1.0,144.9
2026-07-20,Refil Whey 100% Pure,1.0,139.9
2026-07-20,Refil Whey Concentrado - W100,3.0,389.7
2026-07-20,Refil Whey Concentrado Havanna - W100,1.0,139.9
2026-07-20,Refil Whey Protein Concentrado,4.0,909.6
2026-07-20,Refil Whey Protein Isolado,1.0,649.9
2026-07-20,Repositor Energético - D Ribose,1.0,109.9
2026-07-20,Resveratrol,1.0,68.9
2026-07-20,Resveratrol Plus - 165mg,3.0,359.97
2026-07-20,Sachê - Delicious Whey,2.0,15.98
2026-07-20,Sachê Magnésio + Inositol Relief 3.0,20.0,199.8
2026-07-20,Sachê Proteína Vegetal,1.0,10.9
2026-07-20,Sachê Super Café - Desincoffee,7.0,41.3
2026-07-20,Sachê Super Sono,1.0,5.9
2026-07-20,Sachê True Whey Protein,6.0,106.94
2026-07-20,Simfort Femme,3.0,299.7
2026-07-20,Simfort fibras,1.0,64.9
2026-07-20,Spirulina 500mg,1.0,89.9
2026-07-20,Spray de mel e extrato de própolis - Menta,1.0,14.99
2026-07-20,Super Ômega 3,3.0,589.7
2026-07-20,SuperCoffee,5.0,1024.5
2026-07-20,SuperCoffee Língua de gato - Kopenhagen,6.0,1139.94
2026-07-20,Supercoffee Protein,1.0,219.99
2026-07-20,Suplemento - Hyaluronic Hair,1.0,74.9
2026-07-20,"Suplemento Alimentar - Cabelo, Unha e Pele - Supreme Beauty",1.0,149.9
2026-07-20,Suplemento Alimentar - GUARDIAN®,3.0,587.97
2026-07-20,Suplemento Alimentar - Immune +,1.0,164.9
2026-07-20,Suplemento Alimentar - L-teanina - Happy Theanine,1.0,154.9
2026-07-20,Suplemento Alimentar - Pura Fiber,1.0,84.9
2026-07-20,Suplemento de Magnésio - Blue Calm,1.0,109.9
2026-07-20,Tasty Whey 3W Gourmet,6.0,1439.4
2026-07-20,Termo Plus,1.0,89.99
2026-07-20,Termogênico - Termo Plus,2.0,279.8
2026-07-20,Trio Magnésio 720mg,2.0,139.8
2026-07-20,Ultra Q10,2.0,259.8
2026-07-20,Vitamina B12,2.0,139.8
2026-07-20,Vitamina C - Bio Vit C+,1.0,54.9
2026-07-20,Vitamina C3 - 1000mg,2.0,109.8
2026-07-20,Vitamina D - Vita D3,3.0,149.97
2026-07-20,Vitamina D - Vita D3 + C + Zinco,2.0,139.8
2026-07-20,Vitamina D3,2.0,129.8
2026-07-20,Vitamina D3 - 2000 Ui,1.0,36.9
2026-07-20,Vitamina D3 - Ydrosolv,1.0,89.9
2026-07-20,Vitamina D3 - Ydrosolv - Spray,2.0,179.8
2026-07-20,Vitamina D3 Mini caps,2.0,179.8
2026-07-20,Vitamina D3+K2,1.0,75.06
2026-07-20,Whey - Isocrisp Pouch,1.0,79.9
2026-07-20,Whey 3W -  Sachê,2.0,21.8
2026-07-20,Whey Fort 3W,3.0,659.97
2026-07-20,Whey HIT Protein,1.0,129.99
2026-07-20,Whey Isolado - Isofort Ultra Imuno,2.0,679.8
2026-07-20,Whey Protein 100% - Refil,1.0,139.9
2026-07-20,Whey Protein Concentrado,34.0,7393.23
2026-07-20,Whey Protein Concentrado - Sachê,2.0,33.8
2026-07-20,Whey Protein Isolado,21.0,7312.08
2026-07-20,Whey Protein Isolado - Sachê,6.0,149.4
2026-07-20,Whey Protein Isolado - Tasty Iso,3.0,1019.7
2026-07-20,Whey hidrolisado e isolado,3.0,899.97
2026-07-20,Zinco Quelado,1.0,34.9
2026-07-20,Óleo de Coco  - Spray,1.0,29.99
2026-07-20,Ômega -  Mega DHA,1.0,99.9
2026-07-20,Ômega 3,1.0,89.9
2026-07-20,Ômega 3 - 1360mg,3.0,419.7
2026-07-20,Ômega 3 - EPA DHA - 1000mg,2.0,129.8
2026-07-20,Ômega 3 - Fish Oil,1.0,109.9
2026-07-20,Ômega 3 - Omegafor Memory,4.0,479.6
2026-07-20,Ômega 3 - Ultra Caps 1000mg,3.0,479.7
2026-07-20,Ômega 3 EPA DHA,12.0,1113.8
2026-07-20,Ômega Core,1.0,239.9
2026-07-20,Ômega Vision,1.0,239.9
2026-07-27,Aminoácido N-acetil L-cisteína (NAC),3.0,176.97
2026-07-27,Aminoácidos - Aminnu EAAs - Sem Xilitol,1.0,229.9
2026-07-27,Aminoácidos - Aminolift,3.0,629.7
2026-07-27,Antioxidante - Luteína e Zeaxantina,2.0,139.8
2026-07-27,Arginofor -  L-Arginina,1.0,119.9
2026-07-27,BT Gel Nitrato,1.0,109.9
2026-07-27,BT Nitrato,1.0,149.9
2026-07-27,Barrinha Charge Bar,1.0,12.9
2026-07-27,Barrinha de Proteína,15.0,328.31
2026-07-27,Barrinha de Proteína - YOPRO,1.0,12.9
2026-07-27,Barrinha de Proteína Choco Wheyfer,1.0,84.9
2026-07-27,Barrinha de Proteína Tube,2.0,239.8
2026-07-27,Barrinhas de Proteína Crunch,1.0,169.9
2026-07-27,Bebida Proteica - Natural Whey 100% Whey - 15g,1.0,10.49
2026-07-27,Bebida Proteica - Natural Whey 14g,13.0,86.97
2026-07-27,Beef Protein,3.0,1029.7
2026-07-27,Best Whey,1.0,229.9
2026-07-27,Beta Alanina,9.0,611.19
2026-07-27,Beta Glucana,1.0,77.9
2026-07-27,Bio B - Complex®,1.0,104.9
2026-07-27,Bio Ferro,1.0,42.9
2026-07-27,Bio Zinco,1.0,36.9
2026-07-27,Biscoito Proteico - Sublime,2.0,25.8
2026-07-27,Body Strong Protein,1.0,384.9
2026-07-27,Bom Ciclo,2.0,159.8
2026-07-27,Booster Energético - Upgrade Energy - TCM,1.0,139.9
2026-07-27,"Boraprim - Borragem, Prímula e Gergelim",2.0,179.8
2026-07-27,Cacao Whey - Sachê,9.0,179.1
2026-07-27,Cacau Premium,1.0,74.9
2026-07-27,Cappuccino Whey - Sachê,1.0,21.9
2026-07-27,Chocolate - Chocolift,2.0,47.8
2026-07-27,Chocolate - Chocolift Be Alive,1.0,23.9
2026-07-27,Chá Sublime - Harmonia,2.0,14.4
2026-07-27,Coenzima  Q10 - 100mg,1.0,89.9
2026-07-27,Coenzima Q10,6.0,1059.4
2026-07-27,Coenzima Q10  (200mg p/ porção),1.0,219.9
2026-07-27,Coenzima Q10 (200mg p/ porção),6.0,779.94
2026-07-27,Coenzima Q10 + Ômega 3 + Vitamina E,2.0,319.8
2026-07-27,Coenzima Q10 - 100mg,1.0,84.9
2026-07-27,Coenzima Q10+ 200mg,1.0,139.9
2026-07-27,Collagen Protein,1.0,239.9
2026-07-27,Colágeno - Colagentek,2.0,189.8
2026-07-27,Colágeno - Colagentek Beauty,1.0,139.9
2026-07-27,Colágeno - Colagentek II,1.0,179.9
2026-07-27,Colágeno - Colagentek Protein - Bodybalance,3.0,569.7
2026-07-27,Colágeno - Collagen Essential Protein,4.0,959.6
2026-07-27,Colágeno - Collagen Renew Hidrolisado,3.0,269.7
2026-07-27,Colágeno - Collagen Tipo II 40mg,3.0,269.7
2026-07-27,Colágeno - Collcreatine,1.0,189.9
2026-07-27,Colágeno - Collpure®,1.0,164.9
2026-07-27,Colágeno - Multi Collagen,1.0,249.9
2026-07-27,Colágeno Collagen Skin,1.0,194.9
2026-07-27,Colágeno Hidrolisado - Collagen Pro 18g,3.0,449.7
2026-07-27,Colágeno Tipo II,1.0,59.9
2026-07-27,Cranberry - She She Comfort,1.0,69.9
2026-07-27,Creatina,1.0,74.9
2026-07-27,Creatina - Creafort (Creapure),5.0,924.95
2026-07-27,Creatina - Creatine HMB,1.0,184.9
2026-07-27,Creatina - Gummy,1.0,144.9
2026-07-27,Creatina 100%,5.0,329.5
2026-07-27,Creatina Monohidratada,39.0,1919.61
2026-07-27,Creatina Monohidratada (Creapure),4.0,779.6
2026-07-27,Creatina Monohidratada - Creatine,8.0,639.92
2026-07-27,Creatine Action - Gummy,2.0,239.8
2026-07-27,Cromo Picolinato - 250mg,1.0,27.9
2026-07-27,Cúrcuma - Curcumagic,1.0,154.9
2026-07-27,Cúrcuma Plus,6.0,449.4
2026-07-27,D-Ribose,1.0,74.83
2026-07-27,Eletrólitos,8.0,237.2
2026-07-27,Eletrólitos - Hydration,8.0,55.92
2026-07-27,Energy Kick - Sachê,10.0,99.0
2026-07-27,Energy Pro Ice Tea,1.0,10.9
2026-07-27,Enzima - Enzyfor,1.0,79.9
2026-07-27,Extrato de Laranja Moro 400mg,1.0,99.9
2026-07-27,Feno Grego,1.0,69.9
2026-07-27,Ferro - Ydrosolv,2.0,219.8
2026-07-27,Fresh Vegan,1.0,199.9
2026-07-27,Fresh Vegan - Sachê,2.0,33.8
2026-07-27,Fresh Whey,8.0,1749.2
2026-07-27,FreshWhey - Sachê,12.0,202.8
2026-07-27,Gaba Complex,1.0,159.9
2026-07-27,Gel - Endurance,1.0,69.9
2026-07-27,Glutamina,4.0,239.6
2026-07-27,Glutamina - Glutamax,1.0,75.99
2026-07-27,Glutamina - Glutamax Refil,1.0,139.9
2026-07-27,Gold Whey Concentrado Refil,1.0,194.9
2026-07-27,Grassfed Whey Protein,1.0,159.9
2026-07-27,Hydrolift,1.0,98.9
2026-07-27,Isofort Plant,1.0,149.9
2026-07-27,Isofort Plant (Life Vegan),1.0,139.9
2026-07-27,Laranja Moro,1.0,64.9
2026-07-27,Livestrong,1.0,319.9
2026-07-27,Magnésio,4.0,199.6
2026-07-27,Magnésio - Inositol Relief 3.0,7.0,1259.93
2026-07-27,Magnésio - Mag 5 Complex,4.0,319.6
2026-07-27,Magnésio Elemental,1.0,64.99
2026-07-27,Magnésio Inositol,5.0,889.5
2026-07-27,Melatonina,1.0,49.9
2026-07-27,Morning Shot - Imunidade,2.0,209.8
2026-07-27,Multivitaminico  - Imunomult- 1000mg,1.0,139.9
2026-07-27,Multivitaminico - Imunomult- 1000mg,3.0,299.7
2026-07-27,Multivitaminino - Multi All,1.0,79.9
2026-07-27,N-Acetil Cisteína (NAC),1.0,89.9
2026-07-27,NAC,1.0,64.9
2026-07-27,NAC Acetilcisteína -  600mg,1.0,79.9
2026-07-27,Nootrópico - Brain Up,1.0,139.99
2026-07-27,Omegafor Family - Ômega 3,1.0,69.9
2026-07-27,Omegafor Plus,21.0,2859.61
2026-07-27,Palatinose,2.0,139.8
2026-07-27,Prebiótico - Fiber Liv,1.0,79.9
2026-07-27,Probiótico - Simcaps,1.0,49.9
2026-07-27,Probiótico - Simfort Plus,7.0,729.48
2026-07-27,Probióticos em Pó - Simfort,3.0,314.7
2026-07-27,Protein Booster Pro,1.0,12.9
2026-07-27,Proteina Vegetal,1.0,159.9
2026-07-27,Proteina Vegetal - True Vegan,1.0,199.9
2026-07-27,Proteína - Isocrisp Plant Pouch,2.0,139.8
2026-07-27,Proteína Isolada e Hidrolisada - Body Protein,17.0,3939.3
2026-07-27,Pré-Treino - V Fort Ultra,2.0,259.8
2026-07-27,Pré-treino - Energy Kick Caffeine,1.0,139.9
2026-07-27,Própolis Líquido - Gotas,4.0,183.96
2026-07-27,Própolis Verde - Propomax,4.0,119.6
2026-07-27,Psyllium,2.0,159.8
2026-07-27,Refil Pure Blend Protein,2.0,316.0
2026-07-27,Refil Whey Concentrado - W100,8.0,1039.2
2026-07-27,Refil Whey Concentrado Havanna - W100,3.0,419.7
2026-07-27,Refil Whey Protein - 3W,3.0,479.7
2026-07-27,Refil Whey Protein Concentrado,2.0,549.8
2026-07-27,Refil Whey Protein Isolado,1.0,649.9
2026-07-27,Resveratrol Plus - 165mg,4.0,479.96
2026-07-27,Sachê - Delicious Whey,1.0,7.99
2026-07-27,Sachê Body Protein,8.0,111.2
2026-07-27,Sachê Proteína Vegetal,4.0,55.87
2026-07-27,Sachê Super Café - Desincoffee,2.0,11.8
2026-07-27,Sachê True Whey Protein,15.0,265.85
2026-07-27,Sachê de Óleo De Coco,1.0,3.9
2026-07-27,Salgadinho,6.0,33.85
2026-07-27,Simfort Femme,3.0,299.7
2026-07-27,Simfort Ultra,1.0,154.9
2026-07-27,Simfort fibras,5.0,324.5
2026-07-27,Sleep,4.0,459.6
2026-07-27,Snack Proteico,6.0,65.4
2026-07-27,Super Café - Desincoffee,1.0,89.99
2026-07-27,Super Ômega 3,3.0,459.7
2026-07-27,SuperCoffee,7.0,1126.57
2026-07-27,SuperCoffee Língua de gato - Kopenhagen,14.0,2659.86
2026-07-27,Supercoffee Protein,2.0,439.98
2026-07-27,Suplemento - Hyaluronic Hair,2.0,149.8
2026-07-27,"Suplemento Alimentar - Cabelo, Unha e Pele - Beauty +",1.0,129.9
2026-07-27,"Suplemento Alimentar - Cabelo, Unha e Pele - Supreme Beauty",1.0,149.9
2026-07-27,Suplemento Alimentar - GUARDIAN®,6.0,1175.94
2026-07-27,Suplemento Alimentar - Moreflex,1.0,159.9
2026-07-27,Suplemento de Magnésio - Blue Calm,3.0,429.7
2026-07-27,Suplemento para Cabelos e Unhas- Biocolin Hair,1.0,89.9
2026-07-27,Tablete de Doce,1.0,4.9
2026-07-27,Tasty Whey 3W Gourmet,6.0,1479.4
2026-07-27,Termo Plus,2.0,179.98
2026-07-27,Termogênico - Lipix6,1.0,59.99
2026-07-27,Termogênico - Termo Plus,3.0,419.7
2026-07-27,Trio Magnésio 720mg,4.0,279.6
2026-07-27,Vitamina B12,10.0,566.0
2026-07-27,Vitamina C + Zinco - Gomas,2.0,129.8
2026-07-27,Vitamina C3 - 1000mg,3.0,244.7
2026-07-27,Vitamina D - Vita D3,5.0,249.95
2026-07-27,Vitamina D - Vita D3 + C + Zinco,6.0,396.4
2026-07-27,Vitamina D3,2.0,89.8
2026-07-27,Vitamina D3 + K2 Gotas,1.0,69.9
2026-07-27,Vitamina D3 - 2000 Ui,1.0,36.9
2026-07-27,Vitamina D3 - Ydrosolv - Spray,2.0,179.8
2026-07-27,"Vitaminas A, E, D e K2- RESTAURE® - Gotas",2.0,339.8
2026-07-27,W100 Whey Concentrado - Sachê,2.0,23.8
2026-07-27,Whey,1.0,289.89
2026-07-27,Whey - Isocrisp Pouch,3.0,239.7
2026-07-27,Whey 3W,1.0,194.9
2026-07-27,Whey 3W -  Sachê,4.0,43.6
2026-07-27,Whey Double Protein,1.0,109.99
2026-07-27,Whey Fort 3W,7.0,1539.93
2026-07-27,Whey Isolado - Iso Triple Zero,2.0,599.78
2026-07-27,Whey Isolado - Isofort Ultra Imuno,1.0,339.9
2026-07-27,Whey Isolado e Hidrolisado - H.I Whey,3.0,869.7
2026-07-27,Whey Protein - Isofort Beauty,1.0,149.9
2026-07-27,Whey Protein 100% - Refil,1.0,139.9
2026-07-27,Whey Protein Concentrado,49.0,10147.16
2026-07-27,Whey Protein Concentrado - Sachê,12.0,184.8
2026-07-27,Whey Protein Concentrado Cappuccino 900g DUX,1.0,219.9
2026-07-27,Whey Protein Crisp - Isocrisp,1.0,44.99
2026-07-27,Whey Protein Isolado,15.0,5050.59
2026-07-27,Whey Protein Isolado - Isofort,4.0,1259.6
2026-07-27,Whey Protein Isolado - Sachê,7.0,174.3
2026-07-27,Whey Tech 100%,2.0,279.8
2026-07-27,Whey hidrolisado e isolado,7.0,2099.93
2026-07-27,Whey hidrolisado e isolado Creme Broule 837g TRUE SOURCE,1.0,299.99
2026-07-27,Óleo de Coco  - Spray,1.0,29.99
2026-07-27,Ômega -  Mega DHA,1.0,99.9
2026-07-27,Ômega - Mega DHA,4.0,719.6
2026-07-27,Ômega 3 - 1360mg,7.0,979.3
2026-07-27,Ômega 3 - EPA DHA - 1000mg,9.0,589.1
2026-07-27,Ômega 3 - Omegafor Memory,6.0,719.4
2026-07-27,Ômega 3 - Ultra Caps 1000mg,2.0,319.8
2026-07-27,Ômega 3 DHA,1.0,139.9
2026-07-27,Ômega 3 EPA DHA,10.0,1358.0
2026-07-27,Ômega 3 IFOS - 660 EPA/ 440 DHA,1.0,245.19
2026-07-27,Ômega 3 Super DHA,4.0,519.6
2026-07-27,Ômega 3 Super DHA - BIG N,4.0,439.6
2026-08-03,100% Whey Pure,2.0,314.8
2026-08-03,Achocolatado - Chocoki,1.0,99.9
2026-08-03,Aminoácido N-acetil L-cisteína (NAC),5.0,349.5
2026-08-03,Aminoácidos - Aminnu EAAs,2.0,459.8
2026-08-03,Aminoácidos - Aminnu EAAs - Sem Xilitol,4.0,919.6
2026-08-03,Aveia - Flocos Grossos,2.0,31.8
2026-08-03,BT Nitrato,2.0,299.8
2026-08-03,Barrinha de Proteína,11.0,152.9
2026-08-03,Barrinha de Proteína Choco Wheyfer,3.0,177.7
2026-08-03,Bebida Proteica - Natural Whey 100% Whey - 15g,1.0,9.99
2026-08-03,Bebida Proteica - Natural Whey 14g,14.0,94.66
2026-08-03,Beta Alanina 100%,2.0,95.8
2026-08-03,Beta Alanina Pure,1.0,59.9
2026-08-03,Bio Ferro,1.0,42.9
2026-08-03,Bio Q10 50mg,2.0,215.74
2026-08-03,Body Protein Fresh,1.0,244.9
2026-08-03,Body Strong Protein,2.0,769.8
2026-08-03,"Boraprim - Borragem, Prímula e Gergelim",3.0,269.7
2026-08-03,Cacao Whey - Sachê,1.0,19.9
2026-08-03,Cacau Premium,1.0,74.9
2026-08-03,Cacau em pó 100%,1.0,29.9
2026-08-03,Cafeína,1.0,52.9
2026-08-03,Cafeína - Caffeinex 400,1.0,51.9
2026-08-03,Chocolate 70% Cacau,1.0,29.9
2026-08-03,Chá,2.0,14.1
2026-08-03,Chá Sublime - Brisa,1.0,6.9
2026-08-03,Chá Sublime - Harmonia,1.0,7.2
2026-08-03,Chá Sublime - Inverno,3.0,20.7
2026-08-03,Coenzima Q10,2.0,309.8
2026-08-03,Coenzima Q10  (200mg p/ porção),4.0,879.6
2026-08-03,Coenzima Q10 (200mg p/ porção),7.0,909.48
2026-08-03,Coenzima Q10 + Ômega 3 + Vitamina E,1.0,159.9
2026-08-03,Coenzima Q10 - (100mg p/ porção),1.0,84.9
2026-08-03,Coenzima Q10 200mg,2.0,179.8
2026-08-03,Coenzima Q10+ 200mg,2.0,279.8
2026-08-03,Collagen Advanced,1.0,229.9
2026-08-03,Colágeno -  Collagen Gut,2.0,439.8
2026-08-03,Colágeno - Colagentek,1.0,94.9
2026-08-03,Colágeno - Colagentek II,7.0,1034.3
2026-08-03,Colágeno - Colagentek Protein - Bodybalance,3.0,569.7
2026-08-03,Colágeno - Collagen Essential Protein,1.0,239.9
2026-08-03,Colágeno - Collagen Pro - Body Suport,1.0,209.9
2026-08-03,Colágeno - Collagen Renew Hidrolisado,4.0,359.6
2026-08-03,Colágeno - Collagen Tipo II 40mg,3.0,269.7
2026-08-03,Colágeno - Collcreatine,2.0,379.8
2026-08-03,Colágeno - Multi Collagen,2.0,499.8
2026-08-03,Colágeno Hidrolisado,2.0,89.8
2026-08-03,Colágeno Hidrolisado - Collagen Pro 18g,5.0,749.5
2026-08-03,Creatina,1.0,109.9
2026-08-03,Creatina - Creafort (Creapure),11.0,1914.26
2026-08-03,Creatina - Creapure,1.0,129.9
2026-08-03,Creatina - Creatine HMB,1.0,184.9
2026-08-03,Creatina - Gummy,1.0,144.9
2026-08-03,Creatina 100%,6.0,449.4
2026-08-03,Creatina Monohidratada,66.0,3785.0
2026-08-03,Creatina Monohidratada (Creapure),1.0,239.9
2026-08-03,Creatina Monohidratada - Creatine,11.0,919.71
2026-08-03,Creatina Monohidratada - Hardcore,1.0,89.9
2026-08-03,Creatina Premium - Creapure,2.0,459.8
2026-08-03,Creatina- Creapure,1.0,199.9
2026-08-03,Cúrcuma Plus,6.0,377.76
2026-08-03,Eletrólitos,3.0,110.7
2026-08-03,Eletrólitos - Hydration,10.0,69.9
2026-08-03,Energy Pro Ice Tea,10.0,109.0
2026-08-03,Extrato de Própolis,2.0,49.8
2026-08-03,Ferro - Ydrosolv,2.0,209.8
2026-08-03,Ferro Plus,3.0,119.7
2026-08-03,Ferro Quelato + Vitamina C,1.0,54.9
2026-08-03,Fresh Whey,10.0,2349.0
2026-08-03,FreshWhey - Sachê,1.0,16.9
2026-08-03,Gel - Endurance,1.0,69.9
2026-08-03,Gel Intra-treino Sport Line,23.0,206.77
2026-08-03,Glutamina,3.0,246.7
2026-08-03,Glutamina - Glutamax,4.0,331.78
2026-08-03,Glutamina Isolates,1.0,69.9
2026-08-03,Grassfed Whey Protein,3.0,479.7
2026-08-03,Hipercalórico - Creamass,1.0,99.9
2026-08-03,Hydro Protein,1.0,11.9
2026-08-03,Isofort Plant (Life Vegan),3.0,419.7
2026-08-03,Livestrong,1.0,319.9
2026-08-03,MCT LIFT,1.0,149.9
2026-08-03,Magnésio,2.0,99.8
2026-08-03,Magnésio - Inositol Relief 3.0,8.0,1519.74
2026-08-03,Magnésio - Inositol Relief 3.0 Sem Melatonina,1.0,219.9
2026-08-03,Magnésio Inositol,5.0,819.5
2026-08-03,Mel Puro,2.0,84.89
2026-08-03,Melatonina - Sleepfor,2.0,159.8
2026-08-03,Melatonina Duo,1.0,79.9
2026-08-03,Melatonina Fast,1.0,34.9
2026-08-03,Melatonina em Gotas,1.0,46.9
2026-08-03,Multi Collagen,1.0,259.89
2026-08-03,Multivitaminico  - Imunomult- 1000mg,2.0,279.8
2026-08-03,Multivitaminico - Imunomult- 1000mg,1.0,99.9
2026-08-03,Multivitaminino - Multi All,1.0,79.9
2026-08-03,Multivitamínico - Vitalift,2.0,419.8
2026-08-03,NAC,2.0,129.8
2026-08-03,NAC Acetilcisteína -  600mg,2.0,159.8
2026-08-03,Omegafor Plus,29.0,4401.9
2026-08-03,Palatinose,3.0,219.7
2026-08-03,Pasta de Amendoim Granulado,1.0,29.9
2026-08-03,Prebiótico,1.0,84.9
2026-08-03,Probiótico - Simfort Plus,7.0,674.57
2026-08-03,Proteína - Isocrisp Plant Pouch,5.0,349.5
2026-08-03,Proteína Isolada e Hidrolisada - Body Protein,2.0,439.8
2026-08-03,Proteína Isolada e Hidrolisada - Body Protein Red,1.0,219.9
2026-08-03,Pré-treino - Égide,1.0,129.9
2026-08-03,Própolis Alcoólico,2.0,59.8
2026-08-03,Própolis Verde,1.0,54.9
2026-08-03,Própolis Verde - Alcoólico,1.0,29.9
2026-08-03,Psyllium,3.0,209.7
2026-08-03,Pós-treino - Recharge 4:1,1.0,130.09
2026-08-03,Refil 100% Whey Protein - Flavour,2.0,239.8
2026-08-03,Refil Whey 100% Pure,1.0,159.9
2026-08-03,Refil Whey Concentrado - W100,5.0,649.5
2026-08-03,Refil Whey Concentrado Havanna - W100,2.0,279.8
2026-08-03,Refil Whey Protein - 3W,2.0,399.8
2026-08-03,Refil Whey Protein Concentrado,5.0,1999.5
2026-08-03,Resveratrol,2.0,137.8
2026-08-03,Resveratrol 500mg,1.0,89.9
2026-08-03,Sachê Body Protein,6.0,83.4
2026-08-03,Sachê Proteína Vegetal,3.0,32.7
2026-08-03,Sachê Super Café - Desincoffee,1.0,5.9
2026-08-03,Sachê True Whey Protein,1.0,16.99
2026-08-03,Salgadinho,7.0,41.3
2026-08-03,Shot Matinal,2.0,159.8
2026-08-03,Simfort Femme,2.0,199.8
2026-08-03,Sleep,1.0,114.9
2026-08-03,Sleepfor,1.0,58.99
2026-08-03,Snack Proteico,5.0,54.5
2026-08-03,Spray de mel e extrato de própolis - Menta,1.0,14.99
2026-08-03,Super Ômega 3,6.0,1139.4
2026-08-03,SuperCoffee,10.0,1638.36
2026-08-03,SuperCoffee Língua de gato - Kopenhagen,6.0,1139.94
2026-08-03,Supercoffee Protein,2.0,459.8
2026-08-03,Suplemento - Hyaluronic Hair,5.0,374.5
2026-08-03,Suplemento Alimentar - Alpha Metabolicus,1.0,129.9
2026-08-03,Suplemento Alimentar - Alpha Women,1.0,149.9
2026-08-03,Suplemento Alimentar - GUARDIAN®,4.0,851.78
2026-08-03,Suplemento Alimentar - Green Shot,1.0,84.9
2026-08-03,Suplemento Alimentar - Pura Fiber,3.0,254.7
2026-08-03,Suplemento Alimentar - True Nac,1.0,74.9
2026-08-03,Suplemento de Magnésio - Blue Calm,1.0,159.9
2026-08-03,Tasty Whey 3W Gourmet,3.0,749.7
2026-08-03,Termogênico - Termo Plus,3.0,419.7
2026-08-03,Trio Magnésio 720mg,5.0,349.5
2026-08-03,Vanilla Whey - Sachê,1.0,19.9
2026-08-03,Vitamina - Good Mood,4.0,239.6
2026-08-03,Vitamina B12,10.0,446.0
2026-08-03,Vitamina C,1.0,69.9
2026-08-03,Vitamina C3 - 1000mg,1.0,54.9
2026-08-03,Vitamina D - Vita D3,6.0,326.67
2026-08-03,Vitamina D - Vita D3 + C + Zinco,5.0,349.5
2026-08-03,Vitamina D3,3.0,154.7
2026-08-03,Vitamina D3 - 2000 Ui,2.0,73.8
2026-08-03,Vitamina D3 - Ydrosolv,1.0,89.9
2026-08-03,Vitamina D3 - Ydrosolv - Spray,1.0,89.9
2026-08-03,Vitamina D3+K2,1.0,75.06
2026-08-03,"Vitaminas A, E, D e K2- RESTAURE® - Gotas",2.0,339.8
2026-08-03,W100 Whey Concentrado Havanna - Sachê,2.0,25.8
2026-08-03,Whey,2.0,779.8
2026-08-03,Whey 3W -  Sachê,2.0,19.98
2026-08-03,Whey Concentrado - W100,1.0,139.9
2026-08-03,Whey Double Protein,2.0,219.98
2026-08-03,Whey Fort 3W,3.0,699.79
2026-08-03,Whey HIT Protein,1.0,149.9
2026-08-03,Whey Isolado - Iso Triple Zero,2.0,599.78
2026-08-03,Whey Protein - 3W - The Whey,1.0,119.9
2026-08-03,Whey Protein - CLEANPRO,1.0,149.9
2026-08-03,Whey Protein - Isofort Beauty,2.0,299.8
2026-08-03,Whey Protein 100% - Refil,3.0,419.7
2026-08-03,Whey Protein Concentrado,65.0,13723.52
2026-08-03,Whey Protein Concentrado - Sachê,5.0,58.59
2026-08-03,Whey Protein Hidrolisado,1.0,369.9
2026-08-03,Whey Protein ISO 100 Hydrolyzed,2.0,739.8
2026-08-03,Whey Protein Isolado,18.0,6168.2
2026-08-03,Whey Protein Isolado - Isofort,2.0,629.8
2026-08-03,Whey Protein Isolado - Sachê,7.0,174.3
2026-08-03,Whey Tech 100%,2.0,279.8
2026-08-03,Whey hidrolisado e isolado,3.0,929.88
2026-08-03,Whey hidrolisado e isolado Creme Broule 837g TRUE SOURCE,2.0,629.89
2026-08-03,Óleo de Borragem - Gamalift,1.0,144.37
2026-08-03,Óleo de Krill  - Ômega 3 EPA DHA,1.0,109.9
2026-08-03,Óleo de Prímula - 500mg,1.0,39.9
2026-08-03,Ômega -  Mega DHA,2.0,199.8
2026-08-03,Ômega - Mega DHA,1.0,179.9
2026-08-03,Ômega 3,1.0,199.9
2026-08-03,Ômega 3 - 1360mg,3.0,419.7
2026-08-03,Ômega 3 - EPA DHA - 1000mg,5.0,324.5
2026-08-03,Ômega 3 - Omegafor Memory,2.0,239.8
2026-08-03,Ômega 3 - Ultra Caps 1000mg,1.0,159.9
2026-08-03,Ômega 3 EPA DHA,9.0,825.1
2026-08-03,Ômega 3 Fosfatix,1.0,169.9
2026-08-03,Ômega 3 IFOS - 660 EPA/ 440 DHA,1.0,179.9
2026-08-03,Ômega 3 Super DHA,3.0,389.7
2026-08-03,Ômega 3 Super DHA - BIG N,6.0,659.4
2026-08-03,Ômegafor Vegan 400mg,1.0,109.9
2026-08-10,100% Whey Pure,2.0,314.8
2026-08-10,Achocolatado - Choco Family - Refil,1.0,49.9
2026-08-10,Achocolatado - Chocoki,1.0,99.9
2026-08-10,Achocolatado Multivitaminado - Choco Nutrients,1.0,59.9
2026-08-10,Aminoácidos - Aminolift,1.0,209.9
2026-08-10,Arginofor -  L-Arginina,1.0,119.9
2026-08-10,Aveia - Flocos Grossos,3.0,47.7
2026-08-10,BT 400,1.0,219.9
2026-08-10,Barra Chocolate 40%,2.0,37.78
2026-08-10,Barrinha - Body Protein,1.0,10.9
2026-08-10,Barrinha Charge Bar,9.0,116.1
2026-08-10,Barrinha de Chocolate 41%,1.0,19.89
2026-08-10,Barrinha de Proteina Vegana - Radiance Joy,1.0,18.9
2026-08-10,Barrinha de Proteína,6.0,229.4
2026-08-10,Barrinha de Proteína - YOPRO,2.0,25.8
2026-08-10,Barrinha de Proteína Dark Bar,1.0,129.9
2026-08-10,Barrinhas de Proteína Crunch,1.0,159.9
2026-08-10,Bebida Proteica - Natural Whey 100% Whey -15g,1.0,9.99
2026-08-10,Bebida Proteica - Natural Whey 14g,9.0,71.91
2026-08-10,Beef Protein,1.0,269.9
2026-08-10,Best Whey,1.0,229.9
2026-08-10,Best Whey Iso,3.0,839.67
2026-08-10,Beta Alanina 100%,2.0,95.8
2026-08-10,Bio Zinco,1.0,35.99
2026-08-10,Cappuccino Whey - Sachê,1.0,21.9
2026-08-10,Chocolate - Chocolift,1.0,23.9
2026-08-10,Chocolate 40%,2.0,37.78
2026-08-10,Chocolate 70% Cacau,2.0,59.8
2026-08-10,"Chocolate 99,9% Cacau",5.0,139.5
2026-08-10,Chocolate com Nibs,1.0,29.9
2026-08-10,Chá,2.0,14.4
2026-08-10,Chá Misto,5.0,34.5
2026-08-10,Chá Sublime - Brisa,3.0,20.7
2026-08-10,Chá Sublime - Energia,2.0,14.4
2026-08-10,Chá Sublime - Inverno,2.0,13.8
2026-08-10,Cocada,1.0,4.9
2026-08-10,Coenzima Q10,1.0,89.9
2026-08-10,Coenzima Q10 (200mg p/ porção),4.0,509.6
2026-08-10,Coenzima Q10 + Ômega 3 + Vitamina E,1.0,159.9
2026-08-10,Coenzima Q10 - (100mg p/ porção),2.0,169.8
2026-08-10,Coenzima Q10 - 100mg,1.0,84.9
2026-08-10,Coenzima Q10 100 Mg,1.0,124.9
2026-08-10,Colágeno - Colagentek Beauty,1.0,139.9
2026-08-10,Colágeno - Colagentek II,1.0,179.9
2026-08-10,Colágeno - Colagentek Protein - Bodybalance,1.0,189.9
2026-08-10,Colágeno - Collagen Bones,1.0,199.9
2026-08-10,Colágeno - Collagen Essential Protein,1.0,239.9
2026-08-10,Colágeno - Collagen Gut,1.0,219.9
2026-08-10,Colágeno - Collagen Protein Hidrolisado,1.0,179.9
2026-08-10,Colágeno - Collagen Renew Hidrolisado,2.0,179.8
2026-08-10,Colágeno - Collagen Tipo II 40mg,2.0,179.8
2026-08-10,Colágeno - Collcreatine,1.0,189.9
2026-08-10,Colágeno - TRUE COLLAGEN,1.0,140.9
2026-08-10,Colágeno Collagen Skin,1.0,194.9
2026-08-10,Colágeno Hidrolisado - Collagen Pro 18g,7.0,1069.3
2026-08-10,Complexo B - Vit B Complex,2.0,139.8
2026-08-10,Creatina,5.0,479.5
2026-08-10,Creatina - Creafort (Creapure),5.0,974.5
2026-08-10,Creatina - Creapure,2.0,389.79
2026-08-10,Creatina - Creatine HMB,1.0,184.9
2026-08-10,Creatina 100%,4.0,329.6
2026-08-10,Creatina Monohidratada,47.0,3136.74
2026-08-10,Creatina Monohidratada (Creapure),5.0,1199.5
2026-08-10,Creatina Monohidratada - Creatine,5.0,499.5
2026-08-10,Creatina Monohidratada - Hardcore,2.0,179.8
2026-08-10,Creatina Monohidratada Refil,1.0,54.9
2026-08-10,Creatina Premium - Creapure,2.0,459.8
2026-08-10,Cromo Picolinato - 250mg,2.0,55.8
2026-08-10,Cúrcuma - Curcumagic,2.0,309.8
2026-08-10,Cúrcuma 500mg,1.0,94.9
2026-08-10,Cúrcuma Plus,1.0,74.9
2026-08-10,Eletrólitos,4.0,379.6
2026-08-10,Energy Gel,10.0,119.9
2026-08-10,Energy Kick com Cafeína - Sachê,6.0,59.4
2026-08-10,Energy Pro Ice Tea,6.0,65.4
2026-08-10,Enzimas Enzyfor,1.0,149.9
2026-08-10,Expresso Whey - Sachê,1.0,19.9
2026-08-10,Extrato de Laranja Moro 400mg,2.0,199.8
2026-08-10,Ferro Plus,3.0,105.79
2026-08-10,Ferro Quelado 34mg,1.0,29.9
2026-08-10,Ferro Quelato + Vitamina C,2.0,109.8
2026-08-10,Fresh Whey,11.0,2191.08
2026-08-10,FreshWhey - Sachê,2.0,33.8
2026-08-10,Gluatamina em Sachê - Glutamax,1.0,99.9
2026-08-10,Glutamina,7.0,721.3
2026-08-10,Glutamina - Glutamax,5.0,419.5
2026-08-10,Glutamina - Glutamax Refil,1.0,139.9
2026-08-10,Glutamina Isolates,2.0,139.8
2026-08-10,Glutamina em Pó,1.0,114.9
2026-08-10,Gold Whey Concentrado Refil,2.0,389.8
2026-08-10,Hydro Protein,3.0,35.7
2026-08-10,Isofort Plant (Life Vegan),3.0,419.7
2026-08-10,Laranja Moro,1.0,64.9
2026-08-10,Laranja Moro - Moroskinny,2.0,209.8
2026-08-10,Magnésio,3.0,149.7
2026-08-10,Magnésio Bisglicinato,1.0,49.9
2026-08-10,Magnésio Inositol,1.0,149.9
2026-08-10,Mel - Flores de Eucalipto,1.0,29.9
2026-08-10,Melatonina Duo,1.0,79.9
2026-08-10,Melatonina Duo Harmony,1.0,129.9
2026-08-10,Melatonina Fast,1.0,39.9
2026-08-10,Melatonina em Gotas,2.0,93.8
2026-08-10,Morning Shot - Imunidade,1.0,104.9
2026-08-10,Multi Collagen,2.0,519.78
2026-08-10,Multivitaminico  - Imunomult- 1000mg,3.0,419.7
2026-08-10,NAC,1.0,64.9
2026-08-10,NAC PRO,1.0,109.9
2026-08-10,Neuro Health,1.0,169.9
2026-08-10,Omegafor Plus,23.0,3822.79
2026-08-10,Omegafor Vitamins,1.0,139.9
2026-08-10,Palatinose,7.0,484.3
2026-08-10,Pasta de Amendoim Granulado,1.0,29.9
2026-08-10,Prebiótico,1.0,84.9
2026-08-10,Probiótico - Simcaps,2.0,149.8
2026-08-10,Probiótico - Simfort Plus,6.0,669.4
2026-08-10,Probióticos,1.0,66.9
2026-08-10,Probióticos em Pó - Simfort,2.0,189.8
2026-08-10,Propolis + Quercetin + Vitamin C,1.0,109.9
2026-08-10,Protein Booster Pro,12.0,154.8
2026-08-10,Proteína - Best Vegan,1.0,129.9
2026-08-10,Proteína Isolada e Hidrolisada - Body Protein,5.0,1099.5
2026-08-10,Proteína Isolada e Hidrolisada - Body Protein Red,1.0,219.9
2026-08-10,Proteína Vegana - Vegan Tasty,1.0,129.9
2026-08-10,Proteína Vegetal - Vegan Tasty,1.0,129.9
2026-08-10,Pré-Treino,1.0,89.9
2026-08-10,Pré-treino - Energy Kick Caffeine,1.0,97.99
2026-08-10,Própolis Alcoólico,2.0,59.8
2026-08-10,Própolis Trio,1.0,70.99
2026-08-10,Própolis Verde,2.0,97.8
2026-08-10,Própolis Verde - Propomax,2.0,59.8
2026-08-10,Própolis Verde 70,2.0,79.8
2026-08-10,Psyllium,5.0,399.5
2026-08-10,Refil Creatina,1.0,159.9
2026-08-10,Refil Pure Blend Protein,1.0,158.0
2026-08-10,Refil Whey 100% Pure,1.0,159.9
2026-08-10,Refil Whey Concentrado - W100,1.0,129.9
2026-08-10,Refil Whey Concentrado Havanna - W100,2.0,279.8
2026-08-10,Refil Whey Protein - 3W,3.0,599.7
2026-08-10,Refil Whey Protein Concentrado,3.0,949.7
2026-08-10,Resveratrol Plus - 165mg,2.0,259.8
2026-08-10,Sachê Body Protein,3.0,41.7
2026-08-10,Salgadinho,5.0,25.86
2026-08-10,Shot Matinal,1.0,79.9
2026-08-10,Simfort Femme,1.0,99.9
2026-08-10,Simfort Ultra,1.0,89.9
2026-08-10,Snack Proteico,13.0,132.6
2026-08-10,Spray de mel e extrato de própolis,1.0,19.9
2026-08-10,Super Ômega 3,4.0,799.6
2026-08-10,SuperCoffee,11.0,1929.35
2026-08-10,Supercoffee Protein,1.0,229.9
2026-08-10,Suplemento - Beauty Care,1.0,69.9
2026-08-10,"Suplemento Alimentar - Cabelo, Unha e Pele - Beauty +",1.0,129.9
2026-08-10,Suplemento Alimentar - GUARDIAN®,4.0,919.6
2026-08-10,Suplemento Alimentar - Immune +,1.0,164.9
2026-08-10,Suplemento de Magnésio - Blue Calm,2.0,269.8
2026-08-10,Suplemento para Imunidade - Immune Up 100%,2.0,259.8
2026-08-10,Tasty Whey 3W Gourmet,2.0,489.8
2026-08-10,Termogênico - Termo Plus,2.0,279.8
2026-08-10,Trio Magnésio 720mg,3.0,194.97
2026-08-10,Triptofano - Triptoflex 215mg,1.0,49.9
2026-08-10,True Cúrcuma,1.0,109.9
2026-08-10,Ultra Q10,3.0,324.88
2026-08-10,Vitamina - Good Mood,2.0,119.8
2026-08-10,Vitamina B12,5.0,181.5
2026-08-10,Vitamina C - 500mg,1.0,49.9
2026-08-10,Vitamina D - Vita D3,5.0,282.5
2026-08-10,Vitamina D - Vita D3 + C + Zinco,4.0,279.6
2026-08-10,Vitamina D3,8.0,359.2
2026-08-10,Vitamina D3 + K2,1.0,69.9
2026-08-10,Vitamina D3 - 2000 Ui,1.0,36.9
2026-08-10,Vitamina D3+K2,3.0,225.18
2026-08-10,Vitamina K2- Menaquinona,1.0,53.17
2026-08-10,"Vitaminas A, E, D e K2- RESTAURE® - Gotas",2.0,339.8
2026-08-10,W100 Whey Concentrado - Sachê,1.0,11.9
2026-08-10,Whey,3.0,869.7
2026-08-10,Whey - Isocrisp Pouch,3.0,239.7
2026-08-10,Whey 3W,1.0,194.9
2026-08-10,Whey 3W -  Sachê,4.0,43.6
2026-08-10,Whey Concentrado - W100,1.0,139.9
2026-08-10,Whey Double Protein,1.0,129.9
2026-08-10,Whey Fort 3W,4.0,959.6
2026-08-10,Whey Isolado - Isofort Ultra Imuno,2.0,679.8
2026-08-10,Whey Protein - Isofort Beauty,6.0,899.4
2026-08-10,Whey Protein Concentrado,54.0,11874.6
2026-08-10,Whey Protein Concentrado - Sachê,13.0,219.7
2026-08-10,Whey Protein Concentrado Cappuccino 900g DUX,2.0,439.8
2026-08-10,Whey Protein Isolado,18.0,6168.2
2026-08-10,Whey Protein Isolado - Isofort,7.0,2204.3
2026-08-10,Whey Protein Isolado - Sachê,22.0,547.8
2026-08-10,Whey Protein Isolado - Tasty Iso,1.0,339.9
2026-08-10,Whey Tech 100%,4.0,559.6
2026-08-10,Whey hidrolisado e isolado,4.0,1319.6
2026-08-10,Ômega -  Mega DHA,2.0,199.8
2026-08-10,Ômega 3  - 1360mg,1.0,219.9
2026-08-10,Ômega 3 - 1360mg,2.0,279.8
2026-08-10,Ômega 3 - EPA DHA - 1000mg,4.0,269.6
2026-08-10,Ômega 3 - Fish Oil,2.0,219.8
2026-08-10,Ômega 3 - Ultra Caps 1000mg,4.0,639.6
2026-08-10,Ômega 3 EPA DHA,3.0,388.7
2026-08-10,Ômega 3 Super DHA,2.0,259.8
2026-08-10,Ômega 3 Super DHA - BIG N,1.0,109.9
2026-08-10,Ômega 3 Super DHA BIG,1.0,189.9
2026-08-17,100% Whey Pure,1.0,169.9
2026-08-17,Aminoácido - BCAA Fort,1.0,94.9
2026-08-17,Aminoácidos - Aminnu EAAs - Sem Xilitol,1.0,229.9
2026-08-17,Antioxidante - Luteína e Zeaxantina,1.0,69.9
2026-08-17,Aveia - Flocos Grossos,1.0,15.9
2026-08-17,BT Nitrato 400,1.0,149.9
2026-08-17,Barrinha de Proteína,9.0,125.1
2026-08-17,Barrinha de Proteína Best Whey 49g (12g de Proteína),2.0,219.8
2026-08-17,Barrinha de Proteína Choco Wheyfer,2.0,13.8
2026-08-17,Barrinha de Proteína Collagen Bar,1.0,109.9
2026-08-17,Barrinha de Proteína Whey Grego - Havanna,1.0,99.9
2026-08-17,Bebida Proteica - Natural Whey 14g,1.0,5.99
2026-08-17,Beef Protein,1.0,289.89
2026-08-17,Best Whey,1.0,229.9
2026-08-17,Best Whey Iso,2.0,559.78
2026-08-17,Beta Alanina,3.0,206.7
2026-08-17,Beta Alanina 100%,3.0,143.7
2026-08-17,Bio Ferro,4.0,171.6
2026-08-17,Bio Zinco,1.0,39.9
2026-08-17,Chá Misto,1.0,6.9
2026-08-17,Chá Sublime - Harmonia,1.0,7.2
2026-08-17,Coenzima  Q10 - 100mg,3.0,269.7
2026-08-17,Coenzima Q10,3.0,399.7
2026-08-17,Coenzima Q10  (200mg p/ porção),1.0,219.9
2026-08-17,Coenzima Q10 (200mg p/ porção),2.0,279.8
2026-08-17,Coenzima Q10 + Ômega 3 + Vitamina E,1.0,159.9
2026-08-17,Coenzima Q10 - (100mg p/ porção),1.0,84.9
2026-08-17,Coenzima Q10 - 100mg,1.0,84.99
2026-08-17,Coenzima Q10 200mg,1.0,89.9
2026-08-17,Collagen Protein,1.0,239.9
2026-08-17,Colágeno -  Collagen Gut,1.0,219.9
2026-08-17,Colágeno - Colagentek,1.0,94.9
2026-08-17,Colágeno - Colagentek Beauty,1.0,139.9
2026-08-17,Colágeno - Colagentek II,3.0,314.7
2026-08-17,Colágeno - Colagentek Protein - Bodybalance,5.0,949.5
2026-08-17,Colágeno - Collagen Essential Protein,2.0,479.8
2026-08-17,Colágeno - Collagen Tipo II 40mg,2.0,179.8
2026-08-17,Colágeno - Collcreatine,1.0,189.9
2026-08-17,Colágeno Hidrolisado - Collagen Pro 18g,3.0,449.7
2026-08-17,Complexo B - Bio Vit.B+,1.0,44.9
2026-08-17,Creatina,1.0,109.9
2026-08-17,Creatina - Creafort (Creapure),7.0,1269.3
2026-08-17,Creatina - Creatine HMB,2.0,313.98
2026-08-17,Creatina - Gummy,2.0,289.8
2026-08-17,Creatina 100%,5.0,449.5
2026-08-17,Creatina Monohidratada,18.0,1316.65
2026-08-17,Creatina Monohidratada -  Crealift (Creapure),1.0,319.9
2026-08-17,Creatina Monohidratada - Creatine,4.0,399.6
2026-08-17,Creatina Monohidratada - Hardcore,2.0,179.8
2026-08-17,Creatine Action - Gummy,1.0,119.9
2026-08-17,Cromo Picolinato - 250mg,1.0,27.9
2026-08-17,Cúrcuma 500mg,2.0,189.8
2026-08-17,Cúrcuma Plus,5.0,362.86
2026-08-17,Eletrólitos,7.0,633.39
2026-08-17,Energy Gel - Endurance,1.0,6.9
2026-08-17,Energy Gel c/ Cafeína,10.0,139.0
2026-08-17,Feno Grego + Boro - Testofem,1.0,104.9
2026-08-17,Ferro - Ydrosolv,2.0,219.8
2026-08-17,Ferro Quelado 34mg,2.0,59.8
2026-08-17,Ferro Quelato + Vitamina C,1.0,54.9
2026-08-17,Fiber Biome,1.0,172.9
2026-08-17,Fibras - Fiberfor,1.0,99.9
2026-08-17,Focus Theanine + Caffeine,1.0,177.9
2026-08-17,Fresh Whey,12.0,2854.25
2026-08-17,FreshWhey - Sachê,2.0,33.8
2026-08-17,Gel - Endurance,1.0,69.9
2026-08-17,Gel Neutro Fresh com Cafeína,1.0,14.9
2026-08-17,Glutamina,4.0,261.6
2026-08-17,Glutamina - Glutamax,3.0,239.7
2026-08-17,Glutamina Isolates,2.0,139.8
2026-08-17,Glutamina Pure,1.0,119.9
2026-08-17,Glutamina em Pó,1.0,114.9
2026-08-17,Gold Whey Concentrado Refil,3.0,584.7
2026-08-17,Hydro Protein,2.0,22.89
2026-08-17,Livestrong,2.0,639.8
2026-08-17,Magnésio - Bio Trimag,2.0,149.8
2026-08-17,Magnésio - Inositol Relief 3.0,2.0,359.98
2026-08-17,Magnésio Inositol,4.0,634.6
2026-08-17,Magnésio Inositol Relax,2.0,547.8
2026-08-17,Magnésio Quelato - Bio Mag,1.0,74.9
2026-08-17,Matchá Latte,1.0,104.9
2026-08-17,Melatonina - Sleepfor,1.0,79.9
2026-08-17,Melatonina Duo,1.0,79.9
2026-08-17,Morning Shot - Imunidade,1.0,104.9
2026-08-17,Multivitaminico  - Imunomult- 1000mg,1.0,139.9
2026-08-17,Multivitaminico - Imunomult- 1000mg,3.0,299.7
2026-08-17,Multivitaminino - Multi All,1.0,79.9
2026-08-17,NAC,1.0,64.9
2026-08-17,NAC + Glycine + Taurine,1.0,104.9
2026-08-17,NAC Acetilcisteína -  600mg,1.0,79.9
2026-08-17,Omegafor Plus,18.0,3298.2
2026-08-17,Omegafor Vision,1.0,119.9
2026-08-17,Palatinose,3.0,209.7
2026-08-17,Paçoquinha,1.0,4.9
2026-08-17,Probiótico - Simfort Plus,5.0,529.59
2026-08-17,Probióticos em Pó - Simfort,1.0,94.9
2026-08-17,Proteína - Isocrisp Plant Pouch,2.0,139.8
2026-08-17,Proteína Isolada e Hidrolisada - Body Protein,3.0,659.7
2026-08-17,Proteína Isolada e Hidrolisada - Body Protein Red,2.0,439.8
2026-08-17,Proteína Vegana - Immuno Veggie,2.0,599.78
2026-08-17,Pré-Treino - V Fort Ultra,1.0,129.9
2026-08-17,Própolis Verde - Alcoólico,2.0,59.8
2026-08-17,Própolis Verde 70,1.0,39.9
2026-08-17,Psyllium,4.0,289.6
2026-08-17,Pós-treino - Recharge 4:1,1.0,130.09
2026-08-17,Refil 100% Whey Protein - Flavour,1.0,119.9
2026-08-17,Refil Whey 100% Pure,1.0,159.9
2026-08-17,Refil Whey Concentrado - W100,2.0,259.8
2026-08-17,Refil Whey Protein - 3W,1.0,199.9
2026-08-17,Refil Whey Protein Concentrado,2.0,299.8
2026-08-17,Resveratrol 500mg,3.0,269.7
2026-08-17,Resveratrol Plus - 165mg,2.0,259.8
2026-08-17,Sachê Magnésio + Inositol Relief 3.0,1.0,12.9
2026-08-17,Sachê de Óleo De Coco Extravirgem,6.0,23.4
2026-08-17,Simfort fibras,2.0,129.8
2026-08-17,Snack Proteico,3.0,29.97
2026-08-17,Spirulina 400mg,1.0,89.9
2026-08-17,Spray de mel e extrato de própolis - Romã,1.0,19.9
2026-08-17,Super Omega-3 TG Comfort,1.0,219.9
2026-08-17,Super Ômega 3,4.0,759.6
2026-08-17,SuperCoffee,3.0,539.79
2026-08-17,SuperCoffee Língua de gato - Kopenhagen,3.0,629.97
2026-08-17,Suplemento - Beauty Care,1.0,69.9
2026-08-17,"Suplemento Alimentar - Cabelo, Unha e Pele - Supreme Beauty",1.0,149.9
2026-08-17,Suplemento Alimentar - GUARDIAN®,1.0,229.9
2026-08-17,Suplemento Alimentar - True Nac,1.0,74.9
2026-08-17,Suplemento de Magnésio - Blue Calm,2.0,219.8
2026-08-17,Tablete de Doce,1.0,4.9
2026-08-17,Tasty Whey 3W Gourmet,2.0,499.8
2026-08-17,Termogênico - Termo Plus,2.0,279.8
2026-08-17,Trio Magnésio 720mg,2.0,139.8
2026-08-17,Vitamina B12,4.0,150.69
2026-08-17,Vitamina D - Vita D3,11.0,586.71
2026-08-17,Vitamina D3,2.0,96.89
2026-08-17,Vitamina D3 + K2,2.0,139.8
2026-08-17,Vitamina D3+K2,1.0,75.06
2026-08-17,Whey,3.0,1069.7
2026-08-17,Whey 3W,1.0,194.9
2026-08-17,Whey Concentrado - W100,2.0,279.8
2026-08-17,Whey Fort 3W,8.0,1849.38
2026-08-17,Whey HIT Protein,1.0,149.9
2026-08-17,Whey Protein Concentrado,23.0,5017.88
2026-08-17,Whey Protein Concentrado - Sachê,1.0,10.9
2026-08-17,Whey Protein Concentrado Cappuccino 900g DUX,2.0,439.8
2026-08-17,Whey Protein Isolado,20.0,6896.27
2026-08-17,Whey Protein Isolado - All Natural,1.0,349.9
2026-08-17,Whey Protein Isolado - Sachê,1.0,24.9
2026-08-17,Whey Tech 100%,4.0,627.96
2026-08-17,Whey hidrolisado e isolado,7.0,2019.93
2026-08-17,Zinco Quelato,2.0,85.8
2026-08-17,Óleo de Prímula - 500mg,2.0,79.8
2026-08-17,Ômega 3,4.0,739.69
2026-08-17,Ômega 3 - 1360mg,2.0,279.8
2026-08-17,Ômega 3 - EPA DHA - 1000mg,6.0,404.4
2026-08-17,Ômega 3 DHA,2.0,279.8
2026-08-17,Ômega 3 EPA DHA,8.0,938.2
2026-08-17,Ômega 3 Fosfatix,1.0,169.9
2026-08-17,Ômega 3 Kids,1.0,69.9
2026-08-17,Ômega 3 Super DHA - BIG N,3.0,329.7
2026-08-17,Ômega 3 Super DHA BIG,1.0,189.9
2026-08-17,Ômega Core,1.0,239.9
2026-08-24,100% Whey Protein - Flavour,1.0,139.9
2026-08-24,100% Whey Pure,1.0,169.9
2026-08-24,Aminoácido - Aminovita,2.0,349.8
2026-08-24,Aminoácidos - Aminnu EAAs,2.0,459.8
2026-08-24,Aminoácidos - Aminnu EAAs - Sem Xilitol,1.0,229.9
2026-08-24,Amora Miúra - 1500mg,3.0,134.7
2026-08-24,Astaxantina - Ydrosolv,1.0,159.9
2026-08-24,Aveia - Flocos Grossos,1.0,15.9
2026-08-24,BT 400,1.0,219.9
2026-08-24,Barrinha - Body Protein,4.0,43.6
2026-08-24,Barrinha de Chocolate ao Leite,1.0,9.9
2026-08-24,Barrinha de Proteína,6.0,229.4
2026-08-24,Barrinha de Proteína - YOPRO,1.0,12.9
2026-08-24,Barrinha de Proteína Best Whey 49g (12g de Proteína),1.0,104.9
2026-08-24,Bebida Proteica - Natural Whey 14g,17.0,101.83
2026-08-24,Best Whey,1.0,229.9
2026-08-24,Beta Alanina,5.0,344.5
2026-08-24,Beta Alanina 100%,3.0,143.7
2026-08-24,Bio B - Complex®,1.0,104.9
2026-08-24,Bio Ferro,4.0,171.6
2026-08-24,Bio Zinco,2.0,79.8
2026-08-24,Biscoito Proteico - Sublime,3.0,37.66
2026-08-24,Body Protein,2.0,585.98
2026-08-24,Body Protein Fresh,1.0,244.9
2026-08-24,Body Protein Vegano,1.0,159.9
2026-08-24,"Boraprim - Borragem, Prímula e Gergelim",6.0,504.4
2026-08-24,Cacao Whey - Sachê,6.0,119.4
2026-08-24,Cappuccino Whey - Sachê,4.0,87.6
2026-08-24,Chocolate 66% Cacau,1.0,27.9
2026-08-24,Coenzima Q10,1.0,219.9
2026-08-24,Coenzima Q10  (200mg p/ porção),2.0,439.8
2026-08-24,Coenzima Q10 (200mg p/ porção),5.0,549.5
2026-08-24,Coenzima Q10 + Ômega 3 + Vitamina E,1.0,159.9
2026-08-24,Coenzima Q10 - 100mg,4.0,349.87
2026-08-24,Coenzima Q10 - Bio Q10,1.0,134.9
2026-08-24,Coenzima Q10+ 200mg,2.0,279.8
2026-08-24,Coffee - Brainstorm,1.0,129.9
2026-08-24,Colágeno - Colagentek,2.0,189.8
2026-08-24,Colágeno - Colagentek Beauty,1.0,139.9
2026-08-24,Colágeno - Colagentek II,3.0,464.7
2026-08-24,Colágeno - Colagentek Protein - Bodybalance,9.0,1709.1
2026-08-24,Colágeno - Collagen Derm,1.0,154.9
2026-08-24,Colágeno - Collagen Essential Protein,2.0,479.8
2026-08-24,Colágeno - Collagen Protein Hidrolisado,3.0,539.7
2026-08-24,Colágeno - Collagen Renew Hidrolisado,2.0,179.8
2026-08-24,Colágeno - Collpure®,2.0,329.8
2026-08-24,Colágeno Hidrolisado - Collagen Pro 18g,5.0,749.5
2026-08-24,Colágeno Tipo II,1.0,59.9
2026-08-24,Complexo B - Vit B Complex,1.0,69.9
2026-08-24,Complexo B 500mg,2.0,99.8
2026-08-24,Creatina,1.0,109.9
2026-08-24,Creatina - Creafort (Creapure),4.0,646.78
2026-08-24,Creatina - Creatine HMB,4.0,711.69
2026-08-24,Creatina 100%,1.0,89.9
2026-08-24,Creatina 100% Pure,5.0,393.86
2026-08-24,Creatina Monohidratada,26.0,1935.02
2026-08-24,Creatina Monohidratada - Creatine,6.0,599.4
2026-08-24,Creatina Monohidratada - Hardcore,1.0,89.9
2026-08-24,Creatina Monohidratada Mastigável - Creafast,1.0,179.99
2026-08-24,Creatine Action - Gummy,2.0,239.8
2026-08-24,Cromo Picolinato - 250mg,2.0,55.8
2026-08-24,Curcumina,1.0,99.9
2026-08-24,Cúrcuma,1.0,79.9
2026-08-24,Cúrcuma Plus,3.0,211.79
2026-08-24,Eletrólitos,5.0,361.5
2026-08-24,Energy Pro Ice Tea,4.0,43.6
2026-08-24,Expresso Whey - Sachê,4.0,79.6
2026-08-24,Fe - Complex,1.0,69.9
2026-08-24,Ferro - Iron Plus,1.0,84.9
2026-08-24,Ferro - Ydrosolv,2.0,219.8
2026-08-24,Ferro Quelato + Vitamina C,1.0,54.9
2026-08-24,Fiber Biome,1.0,172.9
2026-08-24,Fibra - Fosvita,1.0,119.9
2026-08-24,Fresh Vegan - Sachê,1.0,16.9
2026-08-24,Fresh Whey,19.0,4019.72
2026-08-24,FreshWhey - Sachê,3.0,50.7
2026-08-24,Gel Nitrato,2.0,29.8
2026-08-24,Glutamina,4.0,373.6
2026-08-24,Glutamina - Glutamax,7.0,599.3
2026-08-24,Glutamina - Glutamax Refil,1.0,139.9
2026-08-24,Glutamina Isolates,2.0,139.8
2026-08-24,Glutamina Pure,1.0,119.9
2026-08-24,Glutamina em Pó,2.0,199.8
2026-08-24,Grassfed Whey Protein,2.0,359.8
2026-08-24,Hydro Protein,6.0,71.4
2026-08-24,Isofort Plant (Life Vegan),1.0,139.9
2026-08-24,Juice Protein,3.0,26.97
2026-08-24,L-Carnitina 530mg,1.0,109.9
2026-08-24,Laranja Moro,3.0,194.7
2026-08-24,Livestrong,1.0,319.9
2026-08-24,MCT,1.0,134.9
2026-08-24,Magnésio - Bio Trimag,3.0,224.7
2026-08-24,Magnésio - Inositol Relief 3.0,11.0,1829.89
2026-08-24,Magnésio Inositol,2.0,334.8
2026-08-24,Magnésio Inositol Relax,1.0,273.9
2026-08-24,Magnésio Quelato - Bio Mag,1.0,74.9
2026-08-24,Melatonina,1.0,34.9
2026-08-24,Melatonina - Ydrosolv,1.0,99.9
2026-08-24,Melatonina Duo,2.0,159.8
2026-08-24,Melatonina Duo Harmony,1.0,129.9
2026-08-24,Melatonina em Gotas,3.0,140.7
2026-08-24,Metilfolato de Cálcio,1.0,31.9
2026-08-24,Morning Shot - Imunidade,5.0,524.5
2026-08-24,Multivitaminico - Imunomult- 1000mg,1.0,99.9
2026-08-24,Multivitamínico - Vitalift,2.0,419.8
2026-08-24,N-Acetil Cisteína (NAC),1.0,89.9
2026-08-24,NAC,3.0,194.7
2026-08-24,NAC Acetilcisteína -  600mg,1.0,79.9
2026-08-24,Nootrópico - Brain Up Am/Pm  60 caps TRUE SOURCE,2.0,309.8
2026-08-24,Omegafor Plus,17.0,2843.3
2026-08-24,Palatinose,2.0,139.8
2026-08-24,Palatinose 100% - Carbolift,1.0,249.9
2026-08-24,Paçoquinha,2.0,9.8
2026-08-24,Poteína Vegetal,1.0,112.9
2026-08-24,Prebiótico - Fiber Liv,2.0,159.8
2026-08-24,Probiótico - Simcaps,1.0,49.9
2026-08-24,Probiótico - Simfort Plus,6.0,529.58
2026-08-24,Probióticos,2.0,133.8
2026-08-24,Probióticos em Pó - Simfort,1.0,179.9
2026-08-24,Profem - Óleo de Prímula,1.0,64.9
2026-08-24,Propolis + Quercetin + Vitamin C,1.0,109.9
2026-08-24,Protein Brownie,1.0,69.9
2026-08-24,Proteina Vegetal,3.0,479.7
2026-08-24,Proteina Vegetal - True Vegan,1.0,199.9
2026-08-24,Proteína Isolada e Hidrolisada - Body Protein,2.0,439.8
2026-08-24,Proteína Isolada e Hidrolisada - Body Protein Red,1.0,219.9
2026-08-24,Proteína Vegetal - Vegan Tasty,1.0,129.9
2026-08-24,Pré-Treino - V Fort Ultra,2.0,259.8
2026-08-24,Pré-treino Évora PW,1.0,114.9
2026-08-24,Própolis Alcoólico,1.0,29.9
2026-08-24,Própolis Líquido - Gotas,1.0,49.9
2026-08-24,Própolis Trio,1.0,70.99
2026-08-24,Própolis Verde - Propomax,1.0,29.9
2026-08-24,Psyllium,5.0,339.5
2026-08-24,Pós-treino - Recharge 4:1,1.0,130.09
2026-08-24,Refil Whey 100% Pure,1.0,159.9
2026-08-24,Refil Whey Concentrado - W100,1.0,129.9
2026-08-24,Refil Whey Protein - 3W,3.0,564.7
2026-08-24,Refil Whey Protein Concentrado,4.0,1394.6
2026-08-24,Refil Whey Protein Isolado,2.0,1299.8
2026-08-24,Resveratrol - Resveramax,1.0,179.9
2026-08-24,Resveratrol Plus - 165mg,4.0,519.6
2026-08-24,Sachê Magnésio + Inositol Relief 3.0,2.0,21.89
2026-08-24,Sachê True Whey Protein,4.0,79.6
2026-08-24,Salgadinho,10.0,49.9
2026-08-24,Shot Matinal,1.0,79.9
2026-08-24,Simfort fibras,1.0,64.9
2026-08-24,Sleepfor,1.0,69.9
2026-08-24,Snack Proteico,18.0,144.82
2026-08-24,Super Café - Desincoffee,2.0,199.8
2026-08-24,Super Omega-3 TG Comfort,1.0,219.9
2026-08-24,Super Ômega 3,3.0,709.7
2026-08-24,SuperCoffee,11.0,1969.71
2026-08-24,SuperCoffee Língua de gato - Kopenhagen,9.0,1664.82
2026-08-24,Suplemento Alimentar - Alpha Inflaminus,2.0,289.8
2026-08-24,"Suplemento Alimentar - Cabelo, Unha e Pele - Beauty +",1.0,129.9
2026-08-24,Suplemento Alimentar - GUARDIAN®,6.0,1349.49
2026-08-24,Suplemento Alimentar - Green Shot,1.0,84.9
2026-08-24,Suplemento Alimentar - True Nac,1.0,74.9
2026-08-24,Suplemento de Magnésio - Blue Calm,1.0,109.9
2026-08-24,Tablete de Doce,2.0,9.8
2026-08-24,Tasty Whey 3W Gourmet,2.0,499.8
2026-08-24,Termo Plus,1.0,94.9
2026-08-24,Termogênico - Lipix6,1.0,119.9
2026-08-24,Termogênico - Termo Plus,1.0,139.9
2026-08-24,Trio Magnésio 720mg,5.0,349.5
2026-08-24,Triptofano Noite,1.0,89.9
2026-08-24,Ultra Q10,2.0,169.8
2026-08-24,Ultracoffee - Vegano,1.0,119.9
2026-08-24,Vinagre de Maçã Orgânico,1.0,34.9
2026-08-24,Vitamina B12,16.0,789.4
2026-08-24,Vitamina C - Bio Vit C+,1.0,59.9
2026-08-24,Vitamina D - Vita D3,6.0,349.4
2026-08-24,Vitamina D3,3.0,148.88
2026-08-24,Vitamina D3 + K2,2.0,139.8
2026-08-24,Vitamina D3 + K2 Gotas,1.0,69.9
2026-08-24,Vitamina D3 - 2000 Ui,1.0,36.9
2026-08-24,Vitamina D3 - Ydrosolv,1.0,89.9
2026-08-24,Vitamina D3 - Ydrosolv - Spray,1.0,89.9
2026-08-24,Vitamina D3 Synergy,1.0,59.9
2026-08-24,Vitamina D3+K2,1.0,75.06
2026-08-24,"Vitaminas A, E, D e K2- RESTAURE® - Gotas",2.0,339.8
2026-08-24,W100 Whey Concentrado - Sachê,1.0,11.9
2026-08-24,W100 Whey Concentrado Havanna - Sachê,1.0,12.9
2026-08-24,Whey,3.0,869.69
2026-08-24,Whey - Isocrisp Pouch,4.0,319.6
2026-08-24,Whey 3W -  Sachê,1.0,10.9
2026-08-24,Whey Fort 3W,7.0,1539.66
2026-08-24,Whey Isolado - Isofort Ultra Imuno,1.0,339.9
2026-08-24,Whey Isolado e Hidrolisado - H.I Whey,1.0,289.9
2026-08-24,Whey Protein - CLEANPRO,4.0,599.6
2026-08-24,Whey Protein - Isofort Beauty,6.0,899.4
2026-08-24,Whey Protein Concentrado,49.0,10655.64
2026-08-24,Whey Protein Concentrado - Sachê,10.0,137.54
2026-08-24,Whey Protein Concentrado Cappuccino 900g DUX,4.0,879.6
2026-08-24,Whey Protein Isolado,17.0,5570.48
2026-08-24,Whey Protein Isolado - Sachê,1.0,24.9
2026-08-24,Whey hidrolisado e isolado,1.0,299.99
2026-08-24,Zinco - Ydrosolv,1.0,104.9
2026-08-24,Zinco Quelado,1.0,34.9
2026-08-24,Ômega - Mega DHA,1.0,179.9
2026-08-24,Ômega 3,3.0,509.97
2026-08-24,Ômega 3  - 1360mg,1.0,219.9
2026-08-24,Ômega 3 - 1360mg,3.0,419.7
2026-08-24,Ômega 3 - EPA DHA - 1000mg,3.0,209.7
2026-08-24,Ômega 3 - Fish Oil,2.0,189.98
2026-08-24,Ômega 3 EPA DHA,6.0,779.58
2026-08-24,Ômega 3 Fosfatix,1.0,169.9
2026-08-24,Ômega 3 Super DHA - BIG N,5.0,539.5
2026-08-24,Ômega Core,1.0,239.9
2026-08-31,100% Whey Pure,2.0,339.8
2026-08-31,Achocolatado - Choco Family - Refil,1.0,49.9
2026-08-31,Achocolatado - Chocoki,1.0,99.9
2026-08-31,Aminoácido - Amino Greens,1.0,209.9
2026-08-31,Aminoácido - Aminovita,1.0,129.9
2026-08-31,Aminoácido - Tryptophan,1.0,54.9
2026-08-31,Amora Miúra - 1500mg,1.0,44.9
2026-08-31,Antioxidante - Licopeno de Tomate,2.0,94.36
2026-08-31,Arginofor -  L-Arginina,1.0,119.9
2026-08-31,Arginofor - L-Arginina,1.0,69.9
2026-08-31,BCAA Powder,1.0,99.9
2026-08-31,BT Nitrato,1.0,149.9
2026-08-31,BT Nitrato 400,1.0,149.9
2026-08-31,Barrinha - Body Protein,1.0,10.9
2026-08-31,Barrinha de Proteina - Protein Crisp Bar,1.0,92.9
2026-08-31,Barrinha de Proteína,2.0,24.89
2026-08-31,Barrinha de Proteína - YOPRO,1.0,12.9
2026-08-31,Barrinha de Proteína Protein Crisp,1.0,79.9
2026-08-31,Barrinha de Proteína Whey Grego - Havanna,1.0,96.9
2026-08-31,Bebida Proteica - Natural Whey 14g,2.0,15.98
2026-08-31,Beef Protein,1.0,269.9
2026-08-31,Best Whey,1.0,229.9
2026-08-31,Beta Alanina,1.0,68.9
2026-08-31,Beta Alanina 100%,1.0,47.9
2026-08-31,Bio Cálcio  60 caps PURAVIDA,2.0,159.8
2026-08-31,Bio Zinco,1.0,39.9
2026-08-31,Biotina Plus,2.0,93.8
2026-08-31,Bom Ciclo,1.0,79.9
2026-08-31,Booster Energético - Upgrade Energy - TCM,1.0,139.9
2026-08-31,"Boraprim - Borragem, Prímula e Gergelim",5.0,449.5
2026-08-31,Cafeína,2.0,82.89
2026-08-31,Chocolate - Chocolift Be Alive,3.0,71.7
2026-08-31,Chocolate 70% Cacau,1.0,29.9
2026-08-31,Chocolate com Nibs,1.0,29.9
2026-08-31,Chá,1.0,6.9
2026-08-31,Chá Misto,1.0,6.9
2026-08-31,Chá Sublime - Brisa,1.0,6.9
2026-08-31,Coenzima  Q10 - 100mg,1.0,75.99
2026-08-31,Coenzima Q10,2.0,369.8
2026-08-31,Coenzima Q10  (200mg p/ porção),3.0,659.7
2026-08-31,Coenzima Q10 (200mg p/ porção),2.0,279.8
2026-08-31,Coenzima Q10 + Ômega 3 + Vitamina E,1.0,159.9
2026-08-31,Coenzima Q10 - 100mg,1.0,94.9
2026-08-31,Coenzima Q10 - 200mg,1.0,119.9
2026-08-31,Coenzima Q10 100 Mg,1.0,124.9
2026-08-31,Coffee - Brainstorm,1.0,129.9
2026-08-31,Collagen Advanced,1.0,229.9
2026-08-31,Colágeno -  Collagen Gut,1.0,219.9
2026-08-31,Colágeno - Colagentek,2.0,189.8
2026-08-31,Colágeno - Colagentek II,1.0,179.9
2026-08-31,Colágeno - Colagentek Protein - Bodybalance,4.0,759.6
2026-08-31,Colágeno - Collagen Essential Protein,1.0,239.9
2026-08-31,Colágeno - Collagen Protein Hidrolisado,1.0,179.9
2026-08-31,Colágeno - Collagen Protein Hidrolisado Berries Silvestres 450g PURAVIDA,1.0,179.9
2026-08-31,Colágeno - Collagen Renew Hidrolisado,1.0,89.9
2026-08-31,Colágeno - Collagen Tipo II 40mg,1.0,89.9
2026-08-31,Colágeno - Multi Collagen,3.0,749.7
2026-08-31,Colágeno Collagen Skin,1.0,194.9
2026-08-31,Colágeno Hidrolisado - Collagen Pro 18g,1.0,149.9
2026-08-31,Colágeno Tipo II,1.0,59.9
2026-08-31,Coq10 + Vitamina E,2.0,269.8
2026-08-31,Cranberry - She She Comfort,2.0,139.8
2026-08-31,Creatina,1.0,109.9
2026-08-31,Creatina - Creafort (Creapure),8.0,1464.2
2026-08-31,Creatina - Creapure,1.0,259.89
2026-08-31,Creatina - Creatine HMB,1.0,184.9
2026-08-31,Creatina - Gummy,1.0,144.9
2026-08-31,Creatina 100%,5.0,371.68
2026-08-31,Creatina 100% Pure,2.0,147.98
2026-08-31,Creatina Monohidratada,28.0,1861.54
2026-08-31,Creatina Monohidratada (Creapure),5.0,919.68
2026-08-31,Creatina Monohidratada - Creatine,3.0,249.75
2026-08-31,Creatina Monohidratada - Hardcore,1.0,89.9
2026-08-31,Creatina Monohidratada Mastigável - Creafast,1.0,168.99
2026-08-31,Creatina Premium - Creapure,2.0,389.98
2026-08-31,Creatine Action - Gummy,2.0,239.8
2026-08-31,Cúrcuma - Curcumagic,1.0,154.9
2026-08-31,Cúrcuma Plus,5.0,364.5
2026-08-31,Diabo Verde - Pré-Workout Diploko,1.0,79.9
2026-08-31,Eletrólitos,5.0,300.5
2026-08-31,Energy Gel,13.0,76.7
2026-08-31,Energy Gel - Endurance,2.0,13.8
2026-08-31,Energy Gel c/ Cafeína,1.0,11.99
2026-08-31,Energy Kick - Sachê,1.0,9.9
2026-08-31,Energético Diabo Verde - Pré-Workout,1.0,10.9
2026-08-31,Enzima Lactase - Laczyme,1.0,84.9
2026-08-31,Expresso Whey - Sachê,2.0,39.8
2026-08-31,Ferro - Ydrosolv,1.0,109.9
2026-08-31,Ferro Quelato + Vitamina C,4.0,186.87
2026-08-31,Fibras Prébioticas - Prebiotic,1.0,69.9
2026-08-31,Fresh Vegan,1.0,199.9
2026-08-31,Fresh Whey,13.0,2440.78
2026-08-31,FreshWhey - Sachê,1.0,16.9
2026-08-31,Gaba Complex,3.0,359.97
2026-08-31,Gel Intra-treino Sport Line,7.0,69.3
2026-08-31,Gel Nitrato,10.0,148.0
2026-08-31,Gel Nitrato c/ Cafeína,3.0,41.7
2026-08-31,Glutamina,3.0,239.7
2026-08-31,Glutamina - Glutamax,2.0,179.8
2026-08-31,Hydro Protein,3.0,35.7
2026-08-31,Hydrolift,1.0,98.9
2026-08-31,Isofort Plant (Life Vegan),1.0,139.9
2026-08-31,Juice Protein,5.0,49.95
2026-08-31,Livestrong,1.0,319.9
2026-08-31,Maca Peruana,1.0,53.99
2026-08-31,Magnésio,5.0,249.5
2026-08-31,Magnésio - Bio Trimag,1.0,74.9
2026-08-31,Magnésio - Inositol Relief 3.0,9.0,1394.91
2026-08-31,Magnésio - Mag 5 Complex,4.0,319.6
2026-08-31,Magnésio Inositol,2.0,369.8
2026-08-31,Magnésio Quelato - Bio Mag,4.0,299.6
2026-08-31,Melatonina - Sleepfor,1.0,79.9
2026-08-31,Melatonina Duo,1.0,79.9
2026-08-31,Metilfolato de Cálcio,1.0,31.9
2026-08-31,Morning Shot - Imunidade,3.0,314.7
2026-08-31,Multivitaminico  - Imunomult- 1000mg,1.0,139.9
2026-08-31,Multivitaminico - Imunomult- 1000mg,3.0,299.7
2026-08-31,N-Acetil Cisteína (NAC),1.0,89.9
2026-08-31,NAC,2.0,129.8
2026-08-31,NAC + Glycine + Taurine,4.0,419.6
2026-08-31,NAC Acetilcisteína -  600mg,2.0,159.8
2026-08-31,NAC PRO,2.0,119.98
2026-08-31,Omegafor Plus,12.0,2333.8
2026-08-31,Palatinose,1.0,64.9
2026-08-31,Probiótico - Probio20Bi,1.0,199.9
2026-08-31,Probiótico - Simcaps,1.0,49.9
2026-08-31,Probiótico - Simfort Plus,9.0,979.1
2026-08-31,Probióticos em Pó - Simfort,1.0,94.9
2026-08-31,Profem - Óleo de Prímula,1.0,64.9
2026-08-31,Propolis + Quercetin + Vitamin C,2.0,219.8
2026-08-31,Protein Brownie,4.0,223.96
2026-08-31,Proteína Isolada e Hidrolisada - Body Protein,2.0,439.8
2026-08-31,Proteína Vegetal em Pó - Veganpro,1.0,159.9
2026-08-31,Própolis - Green Própolis,1.0,79.9
2026-08-31,Própolis Alcoólico,1.0,29.9
2026-08-31,Própolis Líquido - Gotas,2.0,99.8
2026-08-31,Própolis Verde - Alcoólico,1.0,29.9
2026-08-31,Própolis Verde - Propomax,1.0,29.9
2026-08-31,Psyllium,3.0,242.97
2026-08-31,Pós-treino - Recharge 4:1,1.0,149.9
2026-08-31,Quercetina,1.0,79.9
2026-08-31,Refil Whey 100% Pure,2.0,319.8
2026-08-31,Refil Whey Protein Concentrado,1.0,414.9
2026-08-31,Resveratrol Plus - 165mg,3.0,389.7
2026-08-31,Sachê - Delicious Whey,1.0,9.9
2026-08-31,Salgadinho,17.0,88.47
2026-08-31,Shot Matinal,2.0,159.8
2026-08-31,Simfort Ultra,2.0,179.8
2026-08-31,Snack Proteico,3.0,32.7
2026-08-31,Super Café - Desincoffee,1.0,99.9
2026-08-31,Super Ômega 3,5.0,1149.5
2026-08-31,SuperCoffee,8.0,1479.83
2026-08-31,SuperCoffee Língua de gato - Kopenhagen,16.0,2879.84
2026-08-31,Suplemento Alimentar - Alpha Mater,1.0,123.99
2026-08-31,Suplemento Alimentar - Alpha Women,1.0,149.9
2026-08-31,"Suplemento Alimentar - Cabelo, Unha e Pele - Beauty +",1.0,129.9
2026-08-31,Suplemento Alimentar - GUARDIAN®,3.0,599.97
2026-08-31,Suplemento Alimentar - Green Shot,2.0,169.8
2026-08-31,Suplemento Alimentar - L-teanina - Happy Theanine,1.0,154.9
2026-08-31,Suplemento Alimentar - Pura Fiber,1.0,84.9
2026-08-31,Suplemento Alimentar - Slim Shape,1.0,84.9
2026-08-31,Suplemento Alimentar - True Nac,2.0,149.8
2026-08-31,Suplemento Vitamínico - Alpha Harmony,1.0,129.9
2026-08-31,Suplemento alimentar de Ômega 3 - DHA OX,1.0,184.9
2026-08-31,Suplemento de Magnésio - Blue Calm,1.0,159.9
2026-08-31,Suplemento para Imunidade - Immune Up 100%,1.0,129.9
2026-08-31,Tasty Whey 3W Gourmet,5.0,1249.5
2026-08-31,Termo Plus,1.0,94.9
2026-08-31,Termogênico - Termo Plus,1.0,139.9
2026-08-31,Trio Magnésio 720mg,5.0,349.5
2026-08-31,Vegan Protein,1.0,139.9
2026-08-31,Vit C - 4 Protect,1.0,149.9
2026-08-31,Vitamina - Good Mood,1.0,59.9
2026-08-31,Vitamina B12,12.0,588.8
2026-08-31,Vitamina B9 - Metilfolato,1.0,59.9
2026-08-31,Vitamina C - Bio Vit C+,2.0,119.8
2026-08-31,Vitamina D - Vita D3,10.0,573.0
2026-08-31,Vitamina D - Vita D3 + C + Zinco,2.0,93.8
2026-08-31,Vitamina D3,5.0,196.86
2026-08-31,Vitamina D3 + K2,2.0,139.8
2026-08-31,Vitamina D3 + K2 Gotas,5.0,349.5
2026-08-31,Vitamina D3 - 2000 Ui,2.0,73.8
2026-08-31,Vitamina D3 - Ydrosolv - Spray,1.0,89.9
2026-08-31,Vitamina D3 Synergy,1.0,59.9
2026-08-31,Vitamina K2 - Ydrosolv,1.0,164.9
2026-08-31,Whey,2.0,579.8
2026-08-31,Whey - Isocrisp Pouch,1.0,79.9
2026-08-31,Whey 3W -  Sachê,2.0,21.8
2026-08-31,Whey Fort 3W,3.0,719.7
2026-08-31,Whey HIT Protein,1.0,119.99
2026-08-31,Whey Isolado - Iso Triple Zero,2.0,599.78
2026-08-31,Whey Protein - Isofort Beauty,2.0,299.8
2026-08-31,Whey Protein Concentrado,31.0,6946.9
2026-08-31,Whey Protein Concentrado - Sachê,1.0,10.9
2026-08-31,Whey Protein Concentrado Cappuccino 900g DUX,5.0,1139.5
2026-08-31,Whey Protein ISO 100 Hydrolyzed,1.0,369.9
2026-08-31,Whey Protein Isolado,20.0,6738.0
2026-08-31,Whey Protein Isolado - Sachê,7.0,174.3
2026-08-31,Whey Protein Isolado - Tasty Iso,2.0,719.8
2026-08-31,Whey Tech 100%,1.0,194.9
2026-08-31,Whey hidrolisado e isolado,2.0,559.98
2026-08-31,Zinco - Ydrosolv,1.0,104.9
2026-08-31,Óleo de Borragem - Gamalift,1.0,144.37
2026-08-31,Óleo de Coco Extravirgem - Spray,1.0,34.9
2026-08-31,Ômega,3.0,410.97
2026-08-31,Ômega - Mega DHA,3.0,539.7
2026-08-31,Ômega 3,4.0,639.96
2026-08-31,Ômega 3 - 1360mg,2.0,279.8
2026-08-31,Ômega 3 - EPA DHA - 1000mg,1.0,69.9
2026-08-31,Ômega 3 - Fish Oil,2.0,179.98
2026-08-31,Ômega 3 - Omegafor Memory,1.0,119.9
2026-08-31,Ômega 3 DHA,2.0,279.8
2026-08-31,Ômega 3 EPA DHA,9.0,697.55
2026-08-31,Ômega 3 Pulse,1.0,134.99
2026-08-31,Ômega 3 Super DHA - BIG N,3.0,329.7
2026-08-31,Ômegafor Vegan 400mg,1.0,109.9
2026-09-07,100% Whey Protein - Flavour,3.0,419.7
2026-09-07,Aminoácidos - Aminnu EAAs,1.0,229.9
2026-09-07,Aminoácidos - Aminnu EAAs - Sem Xilitol,1.0,229.9
2026-09-07,Amora Miúra - 1500mg,1.0,44.9
2026-09-07,Antioxidante - Licopeno de Tomate,1.0,47.18
2026-09-07,Barra Chocolate 70%,1.0,18.89
2026-09-07,Barrinha Charge Bar,3.0,38.7
2026-09-07,Barrinha de Proteína,6.0,69.67
2026-09-07,Barrinha de Proteína - YoPRO,1.0,114.9
2026-09-07,Barrinha de Proteína Choco Wheyfer,2.0,17.8
2026-09-07,Barrinha de Proteína Whey Grego - Havanna,1.0,96.9
2026-09-07,Bebida Proteica - Mulkshake,5.0,47.68
2026-09-07,Bebida Proteica - Natural Whey 100% Whey - 15g,1.0,10.9
2026-09-07,Bebida Proteica - Natural Whey 100% Whey -15g,1.0,10.9
2026-09-07,Bebida Proteica - Natural Whey 14g,4.0,35.6
2026-09-07,Beef Protein,1.0,489.9
2026-09-07,Beta Alanina,1.0,68.9
2026-09-07,Bio Ferro,2.0,109.8
2026-09-07,Bio Zinco,3.0,119.7
2026-09-07,BodyBalance - Muscle Synergy,1.0,259.89
2026-09-07,Bom Ciclo,1.0,79.9
2026-09-07,"Boraprim - Borragem, Prímula e Gergelim",5.0,449.5
2026-09-07,Cappuccino Whey - Sachê,2.0,43.8
2026-09-07,Carboidrato - Carbofor,1.0,42.22
2026-09-07,Chocolate 70% Cacau,1.0,29.9
2026-09-07,Chá Misto,1.0,6.9
2026-09-07,Coenzima  Q10 - 100mg,1.0,75.99
2026-09-07,Coenzima Q10,4.0,489.6
2026-09-07,Coenzima Q10  (200mg p/ porção),5.0,1099.5
2026-09-07,Coenzima Q10 (200mg p/ porção),4.0,559.6
2026-09-07,Coenzima Q10 + Ômega 3 + Vitamina E,1.0,159.9
2026-09-07,Coenzima Q10 - (100mg p/ porção),1.0,84.9
2026-09-07,Coenzima Q10 - 100mg,3.0,274.79
2026-09-07,Coenzima Q10 200mg,1.0,89.9
2026-09-07,Colágeno - Colagentek,2.0,189.8
2026-09-07,Colágeno - Colagentek Beauty,1.0,139.9
2026-09-07,Colágeno - Colagentek II,4.0,494.6
2026-09-07,Colágeno - Colagentek Protein - Bodybalance,1.0,189.9
2026-09-07,Colágeno - Collagen Essential Protein,3.0,719.7
2026-09-07,Colágeno - Collagen Pro - Body Suport,1.0,209.9
2026-09-07,Colágeno - Collagen Protein Hidrolisado,3.0,539.7
2026-09-07,Colágeno - Collagen Renew Hidrolisado,10.0,899.0
2026-09-07,Colágeno - Collagen Tipo II 40mg,2.0,179.8
2026-09-07,Colágeno Hidrolisado - Collagen Pro 18g,13.0,1969.33
2026-09-07,Colágeno Tipo II,1.0,59.9
2026-09-07,Cranberry - She She Comfort,1.0,69.9
2026-09-07,Creatina,1.0,109.9
2026-09-07,Creatina - Creafort (Creapure),3.0,527.97
2026-09-07,Creatina - Gummy,1.0,144.9
2026-09-07,Creatina 100%,2.0,179.8
2026-09-07,Creatina Monohidratada,28.0,1794.73
2026-09-07,Creatina Monohidratada (Creapure),7.0,1204.75
2026-09-07,Creatina Monohidratada -  Crealift (Creapure),1.0,319.9
2026-09-07,Creatina Monohidratada - Creatine,5.0,439.77
2026-09-07,Creatina Monohidratada - Hardcore,1.0,89.9
2026-09-07,Creatina Monohidratada em Gummy,2.0,219.8
2026-09-07,Creatina- Creapure,2.0,399.8
2026-09-07,Creatine Action - Gummy,1.0,119.9
2026-09-07,Cúrcuma 500mg,1.0,94.9
2026-09-07,Cúrcuma Plus,7.0,504.3
2026-09-07,Diabo Verde - Pré-Workout Diploko,1.0,79.9
2026-09-07,Eletrólitos,2.0,163.8
2026-09-07,Energy Pro Ice Tea,6.0,65.4
2026-09-07,Expresso Whey - Sachê,1.0,19.9
2026-09-07,Farinha de Aveia,1.0,15.9
2026-09-07,Feno Grego,1.0,69.9
2026-09-07,Ferro - Ydrosolv,1.0,109.9
2026-09-07,Ferro Quelato + Vitamina C,2.0,109.8
2026-09-07,Fibras - Fiberfor,1.0,99.9
2026-09-07,Fibras Prébioticas - Prebiotic,2.0,139.8
2026-09-07,Fresh Vegan,2.0,339.89
2026-09-07,Fresh Whey,18.0,3431.28
2026-09-07,FreshWhey - Sachê,3.0,50.7
2026-09-07,Glutamina,2.0,149.8
2026-09-07,Glutamina - Glutamax,3.0,209.7
2026-09-07,Glutamina em Pó,1.0,114.9
2026-09-07,Gold Whey Concentrado Refil,2.0,389.8
2026-09-07,Granola,1.0,44.9
2026-09-07,Hipercalórico - Creamass,2.0,199.8
2026-09-07,Hydro Protein,4.0,47.6
2026-09-07,Immuno Whey,2.0,599.78
2026-09-07,Isofort Plant (Life Vegan),1.0,139.9
2026-09-07,Juice Protein,2.0,23.8
2026-09-07,L-Taurina - 1.000mg,2.0,111.8
2026-09-07,Livestrong,2.0,639.8
2026-09-07,Maca Peruana 600mg,1.0,54.9
2026-09-07,Magnésio - Bio Trimag,3.0,224.7
2026-09-07,Magnésio - Inositol Relief 3.0,3.0,529.88
2026-09-07,Magnésio - Inositol Relief 3.0 Sem Melatonina,1.0,219.9
2026-09-07,Magnésio Inositol Relax,1.0,273.9
2026-09-07,Magnésio Quelato - Bio Mag,3.0,224.7
2026-09-07,Massa Alimentícia de Fibra,3.0,53.97
2026-09-07,Melatonina - Sleepfor,1.0,79.9
2026-09-07,Melatonina Duo,1.0,79.9
2026-09-07,Melatonina em Gotas,1.0,46.9
2026-09-07,Morning Shot - Imunidade,1.0,104.9
2026-09-07,Multivitaminico  - Imunomult- 1000mg,2.0,279.8
2026-09-07,Multivitaminico - Imunomult- 1000mg,3.0,299.7
2026-09-07,Multivitaminino - Multi All,1.0,79.9
2026-09-07,Multivitamínico,4.0,229.87
2026-09-07,NAC,1.0,64.9
2026-09-07,NAC Acetilcisteína -  600mg,1.0,79.9
2026-09-07,Nootrópico - Brain Up,1.0,154.9
2026-09-07,Omegafor Plus,16.0,2523.4
2026-09-07,Palatinose,4.0,269.6
2026-09-07,Pasta de Amendoim Granulado,2.0,59.8
2026-09-07,Prebiótico - Fiber Liv,1.0,79.9
2026-09-07,Probiótico - Probigut Fast,1.0,56.9
2026-09-07,Probiótico - Simfort Plus,10.0,849.0
2026-09-07,Profem - Óleo de Prímula,2.0,129.8
2026-09-07,Protein Brownie,1.0,69.9
2026-09-07,Proteína Isolada e Hidrolisada - Body Protein,5.0,1099.5
2026-09-07,Proteína Isolada e Hidrolisada - Body Protein Red,1.0,219.9
2026-09-07,Proteína Vegana - Immuno Veggie,1.0,299.89
2026-09-07,Pré-Treino,1.0,139.9
2026-09-07,Pré-Treino - Beta Action,1.0,219.9
2026-09-07,Pré-treino - Energy Kick,1.0,139.9
2026-09-07,Pré-treino - Energy Kick Caffeine,1.0,139.9
2026-09-07,Própolis Líquido - Gotas,1.0,49.9
2026-09-07,Própolis Trio,2.0,141.98
2026-09-07,Própolis Verde - Propomax,1.0,29.9
2026-09-07,Própolis Verde 70,2.0,79.8
2026-09-07,Psyllium,1.0,80.99
2026-09-07,Refil 100% Whey Protein - Flavour,1.0,119.9
2026-09-07,Refil Pure Blend Protein,1.0,158.0
2026-09-07,Refil Whey Protein - 3W,1.0,199.9
2026-09-07,Refil Whey Protein Concentrado,2.0,299.8
2026-09-07,Resveratrol 500mg,1.0,89.9
2026-09-07,Resveratrol Plus - 165mg,6.0,779.4
2026-09-07,Sachê Super Café - Desincoffee,5.0,39.5
2026-09-07,Salgadinho,4.0,19.96
2026-09-07,Snack Proteico,4.0,43.6
2026-09-07,Super Café - Desincoffee,1.0,99.9
2026-09-07,Super Ômega 3,6.0,1449.4
2026-09-07,SuperCoffee,4.0,609.6
2026-09-07,SuperCoffee Língua de gato - Kopenhagen,1.0,224.9
2026-09-07,Suplemento - Hyaluronic Hair,2.0,149.8
2026-09-07,Suplemento Alimentar - Alpha Inflaminus,2.0,289.8
2026-09-07,Suplemento Alimentar - GUARDIAN®,4.0,919.6
2026-09-07,Suplemento Alimentar - Immune +,1.0,164.9
2026-09-07,Suplemento Alimentar - Pura Fiber,1.0,84.9
2026-09-07,Suplemento Alimentar - True Nac,2.0,134.89
2026-09-07,Suplemento para Cabelos e Unhas- Biocolin Hair,3.0,269.7
2026-09-07,Tasty Whey 3W Gourmet,3.0,749.7
2026-09-07,Termogênico - Lipix6,1.0,79.9
2026-09-07,Trio Magnésio 720mg,6.0,399.58
2026-09-07,True Cúrcuma com Ômega,1.0,124.9
2026-09-07,True Cúrcuma com Ômega Biomax,3.0,197.97
2026-09-07,Vanilla Whey - Sachê,1.0,19.9
2026-09-07,Vitamina - Good Mood,1.0,59.9
2026-09-07,Vitamina B12,8.0,309.2
2026-09-07,Vitamina C - Bio Vit C+,2.0,119.8
2026-09-07,Vitamina D - Vita D3,11.0,627.9
2026-09-07,Vitamina D3,1.0,37.99
2026-09-07,Vitamina D3 + K2,2.0,139.8
2026-09-07,Vitamina D3 + K2 Gotas,1.0,69.9
2026-09-07,Vitamina D3 - 2000 Ui,2.0,73.8
2026-09-07,Vitamina D3 Synergy,1.0,59.9
2026-09-07,Whey,4.0,1179.6
2026-09-07,Whey 3W -  Sachê,2.0,21.8
2026-09-07,Whey Concentrado - W100,1.0,139.9
2026-09-07,Whey Fort 3W,7.0,1619.57
2026-09-07,Whey Protein - Isofort Beauty,2.0,299.8
2026-09-07,Whey Protein 3W Sachê - DC,2.0,29.98
2026-09-07,Whey Protein Concentrado,29.0,6428.0
2026-09-07,Whey Protein Concentrado - Sachê,6.0,87.76
2026-09-07,Whey Protein Concentrado Cappuccino 900g DUX,1.0,205.99
2026-09-07,Whey Protein Isolado,20.0,6233.45
2026-09-07,Whey Protein Isolado - Isofort,4.0,1259.6
2026-09-07,Whey Protein Isolado - Tasty Iso,2.0,719.8
2026-09-07,Whey Tech 100%,1.0,194.9
2026-09-07,Whey hidrolisado e isolado,2.0,559.98
2026-09-07,Whey hidrolisado e isolado Creme Broule 837g TRUE SOURCE,1.0,329.9
2026-09-07,Óleo de Krill  - Ômega 3 EPA DHA,3.0,329.7
2026-09-07,Ômega -  Mega DHA,2.0,199.8
2026-09-07,Ômega - Mega DHA,3.0,539.7
2026-09-07,Ômega 3 - 1360mg,2.0,279.8
2026-09-07,Ômega 3 - EPA DHA - 1000mg,3.0,221.88
2026-09-07,Ômega 3 - Fish Oil,4.0,439.96
2026-09-07,Ômega 3 - Omegafor Memory,1.0,119.9
2026-09-07,Ômega 3 EPA DHA,16.0,1543.58
2026-09-07,Ômega 3 Fosfatix,2.0,339.8
2026-09-07,Ômega 3 Pulse,2.0,299.8
2026-09-07,Ômega 3 Super DHA - BIG N,6.0,659.4
2026-09-07,Ômegafor Vegan 400mg,1.0,109.9
2026-09-14,100% Whey Pure,1.0,169.9
2026-09-14,Aminoácidos - Aminnu EAAs,1.0,199.99
2026-09-14,Aminoácidos - Aminnu EAAs - Sem Xilitol,2.0,399.98
2026-09-14,BIOCOLIN® - COLLAGEN,1.0,199.9
2026-09-14,BT Nitrato 400,4.0,649.6
2026-09-14,Barrinha de Proteína - Protein Crisp Bar,2.0,15.8
2026-09-14,Barrinha de Proteína Choco Wheyfer,2.0,93.8
2026-09-14,Beef Protein,2.0,559.79
2026-09-14,Beta Alanina,3.0,228.7
2026-09-14,Beta Alanina 100%,4.0,191.6
2026-09-14,Bio Ferro,4.0,176.96
2026-09-14,Bio Zinco,1.0,39.9
2026-09-14,Biotina Plus,1.0,46.9
2026-09-14,Body Protein Vegano,2.0,319.8
2026-09-14,Bom Ciclo,2.0,159.8
2026-09-14,"Boraprim - Borragem, Prímula e Gergelim",1.0,54.9
2026-09-14,Cacao Whey - Sachê,1.0,19.9
2026-09-14,Cacau em pó 100%,1.0,23.99
2026-09-14,Carboidrato - Carbofor,1.0,42.22
2026-09-14,Chocolate - Chocolift Be Alive,7.0,167.3
2026-09-14,"Chocolate 99,9% Cacau",3.0,83.7
2026-09-14,Chá,2.0,14.1
2026-09-14,Chá Misto,1.0,6.9
2026-09-14,Chá Sublime - Harmonia,4.0,28.8
2026-09-14,Cocada,1.0,4.9
2026-09-14,Coenzima  Q10 - 100mg,2.0,151.98
2026-09-14,Coenzima Q10,4.0,359.6
2026-09-14,Coenzima Q10  (200mg p/ porção),2.0,439.8
2026-09-14,Coenzima Q10 (200mg p/ porção),7.0,829.3
2026-09-14,Coenzima Q10 + Ômega 3 + Vitamina E,1.0,159.9
2026-09-14,Coenzima Q10 - (100mg p/ porção),1.0,84.9
2026-09-14,Coenzima Q10 - 100mg,1.0,94.9
2026-09-14,Coenzima Q10 200mg,2.0,179.8
2026-09-14,Colágeno - Colagentek,3.0,284.7
2026-09-14,Colágeno - Colagentek II,2.0,209.8
2026-09-14,Colágeno - Colagentek Protein - Bodybalance,7.0,1329.3
2026-09-14,Colágeno - Collagen Derm,2.0,329.8
2026-09-14,Colágeno - Collagen Essential Protein,2.0,479.8
2026-09-14,Colágeno - Collagen Flex + Beauty,2.0,359.8
2026-09-14,Colágeno - Collagen Gut,1.0,219.9
2026-09-14,Colágeno - Collagen Protein Hidrolisado,2.0,359.8
2026-09-14,Colágeno - Collagen Renew Hidrolisado,1.0,89.9
2026-09-14,Colágeno - Collagen Tipo II 40mg,2.0,179.8
2026-09-14,Colágeno - Collcreatine,1.0,189.9
2026-09-14,Creatina - Creafort (Creapure),13.0,2344.6
2026-09-14,Creatina 100%,1.0,59.9
2026-09-14,Creatina 100% Pure,1.0,64.99
2026-09-14,Creatina Monohidratada,26.0,1533.02
2026-09-14,Creatina Monohidratada (Creapure),2.0,359.8
2026-09-14,Creatina Monohidratada - Creatine,5.0,439.77
2026-09-14,Cromo Picolinato - 250mg,3.0,83.7
2026-09-14,Curcumina,1.0,99.9
2026-09-14,Cúrcuma,1.0,79.9
2026-09-14,Cúrcuma 500mg,3.0,284.7
2026-09-14,Cúrcuma Plus,4.0,339.6
2026-09-14,Eletrólitos,4.0,205.69
2026-09-14,Energy Gel,1.0,13.9
2026-09-14,Energy Gel - Endurance,1.0,6.9
2026-09-14,Energy Gel c/ Cafeína,1.0,13.9
2026-09-14,Enzimas Enzyfor,1.0,149.9
2026-09-14,Extrato de Própolis,1.0,19.99
2026-09-14,Fe - Complex,1.0,69.9
2026-09-14,Ferro - Ydrosolv,1.0,109.9
2026-09-14,Ferro Quelato + Vitamina C,1.0,54.9
2026-09-14,Fibras Prébioticas - Prebiotic,2.0,139.8
2026-09-14,Fresh Vegan,1.0,139.99
2026-09-14,Fresh Whey,10.0,2089.0
2026-09-14,Glutamina,3.0,276.7
2026-09-14,Glutamina - Glutamax,1.0,89.9
2026-09-14,Glutamina Pure,1.0,119.9
2026-09-14,Glutamina em Pó,2.0,214.8
2026-09-14,Immuno Whey,1.0,299.89
2026-09-14,L-Carnitina 530mg,1.0,69.9
2026-09-14,Laranja Moro,2.0,129.8
2026-09-14,Livestrong,1.0,319.9
2026-09-14,Magnésio,5.0,249.5
2026-09-14,Magnésio - Bio Trimag,5.0,374.5
2026-09-14,Magnésio - Inositol Relief 3.0,6.0,1059.76
2026-09-14,Magnésio - Mag 5 Complex,2.0,159.8
2026-09-14,Magnésio Inositol,1.0,149.9
2026-09-14,Massa Alimentícia de Fibra,1.0,19.9
2026-09-14,Massa Alimentícia de fibra,1.0,19.9
2026-09-14,Matchá,1.0,92.9
2026-09-14,Mel Puro,1.0,24.9
2026-09-14,Melatonina,4.0,229.6
2026-09-14,Melatonina - Natural Sleep,1.0,54.9
2026-09-14,Melatonina - Sleepfor,2.0,159.8
2026-09-14,Melatonina Duo,2.0,159.8
2026-09-14,Melatonina em Gotas,1.0,46.9
2026-09-14,Metilfolato de Cálcio,1.0,31.9
2026-09-14,Morning Shot - Imunidade,1.0,104.9
2026-09-14,Multivitaminico  - Imunomult- 1000mg,2.0,279.8
2026-09-14,Multivitamínico,1.0,69.9
2026-09-14,Multivitamínico - Alpha Kids,1.0,139.9
2026-09-14,Multivitamínico - Vitalift,1.0,209.9
2026-09-14,N-Acetil Cisteína (NAC),1.0,89.9
2026-09-14,NAC Acetilcisteína -  600mg,2.0,159.8
2026-09-14,NAC PRO,2.0,119.98
2026-09-14,Omegafor Plus,20.0,3223.0
2026-09-14,Palatinose,1.0,64.9
2026-09-14,Pasta de Amendoim Granulado,2.0,59.8
2026-09-14,Paçoquinha,1.0,4.9
2026-09-14,Probiótico - Simcaps,3.0,224.7
2026-09-14,Probiótico - Simfort Plus,3.0,359.7
2026-09-14,Protein Brownie,1.0,69.9
2026-09-14,Proteína - Isocrisp Plant - Pote,1.0,29.9
2026-09-14,Proteína - Isocrisp Plant Pouch,3.0,209.7
2026-09-14,Proteína Isolada e Hidrolisada - Body Protein,5.0,1099.5
2026-09-14,Proteína Vegana - Immuno Veggie,1.0,299.89
2026-09-14,Pré-Treino  - Stim Free,1.0,129.9
2026-09-14,Pré-Treino Energy ATP®,2.0,419.8
2026-09-14,Pré-treino - Energy Kick,3.0,419.7
2026-09-14,Própolis Trio,1.0,70.99
2026-09-14,Própolis Verde - Propomax,4.0,119.6
2026-09-14,Própolis Verde 70,2.0,79.8
2026-09-14,Psyllium,1.0,89.9
2026-09-14,Refil 100% Whey Protein - Flavour,2.0,239.8
2026-09-14,Refil Whey 100% Pure,1.0,159.9
2026-09-14,Refil Whey Protein - 3W,1.0,199.9
2026-09-14,Refil Whey Protein Concentrado,3.0,724.7
2026-09-14,Refil Whey Protein Isolado,1.0,649.9
2026-09-14,Resveratrol Plus - 165mg,1.0,129.9
2026-09-14,Salgadinho,6.0,29.94
2026-09-14,Salgadinho Proteico - Fitzei,19.0,137.81
2026-09-14,Simfort fibras,1.0,64.9
2026-09-14,Snack Proteico,10.0,69.9
2026-09-14,Spray de mel e extrato de própolis,1.0,15.99
2026-09-14,Spray de mel e extrato de própolis - Menta,1.0,15.99
2026-09-14,Super Omega-3 TG Comfort,1.0,219.9
2026-09-14,Super Ômega 3,2.0,299.8
2026-09-14,SuperCoffee,6.0,1039.85
2026-09-14,SuperCoffee Língua de gato - Kopenhagen,2.0,309.72
2026-09-14,Suplemento - Alimentar - Cálcio Citrato Malato,2.0,99.8
2026-09-14,Suplemento - Hyaluronic Hair,1.0,74.9
2026-09-14,Suplemento Alimentar - Alpha Women,1.0,149.9
2026-09-14,"Suplemento Alimentar - Cabelo, Unha e Pele - Beauty +",1.0,129.9
2026-09-14,Suplemento Alimentar - GUARDIAN®,9.0,1799.91
2026-09-14,Suplemento Alimentar - True Nac,1.0,74.9
2026-09-14,Suplemento de Magnésio - Blue Calm,3.0,379.7
2026-09-14,Tablete de Doce,2.0,9.8
2026-09-14,Tasty Whey 3W Gourmet,4.0,999.6
2026-09-14,Termo Plus,2.0,189.8
2026-09-14,Termogênico - Lipix6,1.0,79.9
2026-09-14,Termogênico - Termo Plus,1.0,139.9
2026-09-14,Trio Magnésio 720mg,2.0,139.8
2026-09-14,Triptofano - Triptoflex 215mg,1.0,49.9
2026-09-14,True Cúrcuma com Ômega,1.0,124.9
2026-09-14,True Cúrcuma com Ômega Biomax,2.0,131.98
2026-09-14,True Protein Advanced,2.0,329.98
2026-09-14,Vanilla Whey - Sachê,2.0,39.8
2026-09-14,Vitamina - Good Mood,1.0,59.9
2026-09-14,Vitamina B12,3.0,174.7
2026-09-14,Vitamina C - 500mg,1.0,49.9
2026-09-14,Vitamina D - Vita D3,5.0,286.5
2026-09-14,Vitamina D - Vita D3 + C + Zinco,2.0,139.8
2026-09-14,Vitamina D3,4.0,172.69
2026-09-14,Vitamina D3 + K2,5.0,349.5
2026-09-14,Vitamina D3 - Ydrosolv,1.0,89.9
2026-09-14,Vitamina D3 Synergy,1.0,59.9
2026-09-14,"Vitaminas A, E, D e K2- RESTAURE® - Gotas",1.0,169.9
2026-09-14,Whey,4.0,1159.6
2026-09-14,Whey - Zero Lactose,1.0,234.9
2026-09-14,Whey 3W -  Sachê,2.0,21.8
2026-09-14,Whey Concentrado - W100,1.0,139.9
2026-09-14,Whey Fort 3W,2.0,426.98
2026-09-14,Whey Isolado - Isofort Ultra Imuno,1.0,339.9
2026-09-14,Whey Protein - Isofort Beauty,1.0,149.9
2026-09-14,Whey Protein 3W - DC,2.0,383.98
2026-09-14,Whey Protein 3W Sachê - DC,8.0,92.83
2026-09-14,Whey Protein Concentrado,26.0,5911.94
2026-09-14,Whey Protein Concentrado - Sachê,4.0,61.6
2026-09-14,Whey Protein Concentrado Cappuccino 900g DUX,1.0,218.99
2026-09-14,Whey Protein Hidrolisado,1.0,369.9
2026-09-14,Whey Protein Isolado,25.0,7907.95
2026-09-14,Whey Protein Isolado - Isofort,5.0,1574.5
2026-09-14,Whey Protein Isolado - Sachê,5.0,124.5
2026-09-14,Whey Protein Isolado - Tasty Iso,1.0,359.9
2026-09-14,Whey Tech 100%,1.0,164.99
2026-09-14,Ômega -  Mega DHA,1.0,99.9
2026-09-14,Ômega - DHA 1000,3.0,359.7
2026-09-14,Ômega 3  - 1360mg,2.0,417.89
2026-09-14,Ômega 3 - 1360mg,7.0,979.3
2026-09-14,Ômega 3 - EPA DHA - 1000mg,8.0,607.92
2026-09-14,Ômega 3 - Omegafor Memory,3.0,323.97
2026-09-14,Ômega 3 - Ultra Caps 1000mg,1.0,159.9
2026-09-14,Ômega 3 EPA DHA,9.0,795.55
2026-09-14,Ômega 3 Fosfatix,2.0,339.8
2026-09-14,Ômega 3 Pulse,3.0,314.97
2026-09-14,Ômega Core,1.0,239.9
2026-09-14,Ômega DHA,1.0,229.9
2026-09-21,100% Whey Pure,2.0,289.8
2026-09-21,Achocolatado - Chocoki,2.0,199.8
2026-09-21,Aminoácidos - Aminolift,1.0,209.9
2026-09-21,Antioxidante - Licopeno de Tomate,1.0,47.18
2026-09-21,Barra Chocolate 40%,2.0,37.78
2026-09-21,Barra Chocolate 70%,1.0,18.89
2026-09-21,Barrinha Charge Bar,2.0,25.8
2026-09-21,Barrinha de Chocolate Branco,1.0,9.9
2026-09-21,Barrinha de Proteína,7.0,97.3
2026-09-21,Barrinha de Proteína - Protein Crisp Bar,1.0,99.9
2026-09-21,Barrinha de Proteína Choco Wheyfer,2.0,17.8
2026-09-21,Barrinha de Proteína Protein Crisp,3.0,259.7
2026-09-21,Barrinha de Proteína Whey Grego - Havanna,1.0,114.9
2026-09-21,Bebida Proteica - Natural Whey 100% Whey - 15g,1.0,10.9
2026-09-21,Bebida Proteica - Natural Whey 100% Whey -15g,7.0,58.84
2026-09-21,Bebida Proteica - Natural Whey 14g,10.0,69.9
2026-09-21,Beef Protein,1.0,249.9
2026-09-21,Best Whey,1.0,229.9
2026-09-21,Beta Alanina,1.0,68.9
2026-09-21,Bio B - Complex®,1.0,104.9
2026-09-21,Bio Ferro,2.0,109.8
2026-09-21,Bio Zinco,2.0,79.8
2026-09-21,Biotina Plus,1.0,46.9
2026-09-21,Blue Calm - Gaba,1.0,104.9
2026-09-21,Body Protein Fresh,1.0,244.9
2026-09-21,BodyBalance - Muscle Synergy,1.0,259.89
2026-09-21,Bombom,5.0,44.5
2026-09-21,"Boraprim - Borragem, Prímula e Gergelim",3.0,269.7
2026-09-21,Brain Focus,1.0,84.9
2026-09-21,Chocolate 70% Cacau,1.0,29.9
2026-09-21,Chocolate 85% Cacau,1.0,29.9
2026-09-21,Chá,2.0,14.4
2026-09-21,Chá Misto,4.0,27.6
2026-09-21,Chá Sublime - Brisa,2.0,13.8
2026-09-21,Chá Sublime - Energia,1.0,7.2
2026-09-21,Cocada,2.0,9.8
2026-09-21,Coenzima  Q10 - 100mg,1.0,80.99
2026-09-21,Coenzima Q10,3.0,399.7
2026-09-21,Coenzima Q10  (200mg p/ porção),2.0,439.8
2026-09-21,Coenzima Q10 (200mg p/ porção),4.0,425.87
2026-09-21,Coenzima Q10 - (100mg p/ porção),1.0,84.9
2026-09-21,Coenzima Q10 - 200mg,2.0,239.8
2026-09-21,Coenzima Q10 200mg,1.0,89.9
2026-09-21,Coffee - Brainstorm,1.0,139.9
2026-09-21,Collagen Protein,1.0,239.9
2026-09-21,Colágeno -  Collagen Gut,1.0,219.9
2026-09-21,Colágeno - Colagentek Beauty,1.0,139.9
2026-09-21,Colágeno - Colagentek II,2.0,164.8
2026-09-21,Colágeno - Colagentek Protein - Bodybalance,4.0,759.6
2026-09-21,Colágeno - Collagen Essential Protein,5.0,1199.5
2026-09-21,Colágeno - Collagen Protein Hidrolisado,1.0,179.9
2026-09-21,Colágeno - Collagen Renew Hidrolisado,2.0,179.8
2026-09-21,Colágeno - Multi Collagen,1.0,249.9
2026-09-21,Colágeno Hidrolisado - Collagen Pro 18g,4.0,645.78
2026-09-21,Creatina,4.0,369.6
2026-09-21,Creatina - Creafort (Creapure),4.0,703.96
2026-09-21,Creatina - Creapure,1.0,259.89
2026-09-21,Creatina 100%,4.0,269.6
2026-09-21,Creatina 100% Pure,5.0,389.95
2026-09-21,Creatina Delicious,1.0,74.9
2026-09-21,Creatina Monohidratada,24.0,1709.77
2026-09-21,Creatina Monohidratada (Creapure),2.0,359.8
2026-09-21,Creatina Monohidratada - Creatine,4.0,369.78
2026-09-21,Creatina Monohidratada - Hardcore,2.0,179.8
2026-09-21,Creatina Monohidratada Refil,1.0,54.9
2026-09-21,Cromo Picolinato - 250mg,2.0,55.8
2026-09-21,Cúrcuma Plus,6.0,389.4
2026-09-21,Diabo Verde - Pré-Workout,1.0,78.9
2026-09-21,Eletrólitos,6.0,195.4
2026-09-21,Energy Gel - Endurance,5.0,31.77
2026-09-21,Extrato de Laranja Moro 400mg,1.0,99.9
2026-09-21,Farinha de Aveia,1.0,15.9
2026-09-21,Fe - Complex,1.0,69.9
2026-09-21,Ferro - Iron Plus,1.0,84.9
2026-09-21,Ferro Quelato + Vitamina C,2.0,109.8
2026-09-21,Fresh Whey,2.0,599.8
2026-09-21,FreshWhey - Sachê,1.0,16.9
2026-09-21,Glutamina,5.0,439.5
2026-09-21,Glutamina - Glutamax,1.0,89.9
2026-09-21,Glutamina Isolates,1.0,69.9
2026-09-21,Glutamina em Pó,1.0,114.9
2026-09-21,Gold Whey Concentrado Refil,1.0,194.9
2026-09-21,Hydro Protein,1.0,11.9
2026-09-21,Immuno Whey,2.0,599.78
2026-09-21,Isofort Plant (Life Vegan),1.0,139.9
2026-09-21,Livestrong,1.0,319.9
2026-09-21,MCT com AGE,1.0,74.9
2026-09-21,Magnésio,1.0,49.9
2026-09-21,Magnésio - Bio Trimag,1.0,74.9
2026-09-21,Magnésio - Mag 5 Complex,1.0,79.9
2026-09-21,Magnésio Inositol,1.0,149.9
2026-09-21,Magnésio Inositol Relax,1.0,273.9
2026-09-21,Magnésio Quelato - Bio Mag,2.0,149.8
2026-09-21,Massa Alimentícia de Fibra,2.0,39.8
2026-09-21,Melatonina,3.0,179.7
2026-09-21,Melatonina Duo,1.0,79.9
2026-09-21,Melatonina Duo Harmony,1.0,129.9
2026-09-21,Melatonina Fast,1.0,39.9
2026-09-21,Metilfolato,1.0,48.9
2026-09-21,Morning Shot - Imunidade,1.0,104.9
2026-09-21,Multivitaminico - Imunomult- 1000mg,2.0,199.8
2026-09-21,Multivitaminino - Multi All,1.0,79.9
2026-09-21,Multivitamínico,2.0,139.8
2026-09-21,Multivitamínico - Alpha Kids,1.0,139.9
2026-09-21,NAC,2.0,129.8
2026-09-21,NAC Acetilcisteína -  600mg,1.0,79.9
2026-09-21,NAC PRO,2.0,169.89
2026-09-21,Nootrópico - Brain Up,1.0,154.9
2026-09-21,Omegafor Family - Ômega 3,1.0,69.9
2026-09-21,Omegafor Plus,23.0,4168.42
2026-09-21,Omegafor Vitamins,1.0,139.9
2026-09-21,Palatinose,6.0,398.73
2026-09-21,Paçoquinha,1.0,4.9
2026-09-21,Probiótico - Probio20Bi,1.0,199.9
2026-09-21,Probiótico - Simcaps,1.0,74.9
2026-09-21,Probiótico - Simfort Plus,4.0,381.87
2026-09-21,Proteina Vegetal - True Vegan,2.0,399.8
2026-09-21,Proteína Isolada e Hidrolisada - Body Protein,2.0,439.8
2026-09-21,Proteína Isolada e Hidrolisada - Body Protein Red,1.0,219.9
2026-09-21,Pré-Treino - V Fort Ultra,1.0,129.9
2026-09-21,Própolis Alcoólico,1.0,29.9
2026-09-21,Própolis Verde - Alcoólico,1.0,29.9
2026-09-21,Própolis Verde - Propomax,1.0,29.9
2026-09-21,Psyllium,3.0,189.7
2026-09-21,Pós-treino - Recharge 4:1,1.0,144.9
2026-09-21,Refil 100% Whey Protein - Flavour,1.0,119.9
2026-09-21,Refil Whey 100% Pure,2.0,319.8
2026-09-21,Refil Whey Concentrado - W100,8.0,1039.2
2026-09-21,Refil Whey Protein - 3W,1.0,199.9
2026-09-21,Refil Whey Protein Concentrado,6.0,1307.94
2026-09-21,Resveratrol 500mg,2.0,179.8
2026-09-21,Resveratrol Plus - 165mg,6.0,779.4
2026-09-21,Sachê Body Protein,5.0,69.5
2026-09-21,Sachê Super Café - Desincoffee,1.0,7.9
2026-09-21,Sachê True Whey Protein,6.0,119.4
2026-09-21,Sachê de Óleo De Coco Extravirgem,2.0,7.8
2026-09-21,Salgadinho,18.0,108.64
2026-09-21,Salgadinho Proteico - Fitzei,9.0,71.91
2026-09-21,Shot Matinal,1.0,79.9
2026-09-21,Simfort Ultra,1.0,89.9
2026-09-21,Sleepfor,1.0,69.9
2026-09-21,Snack Proteico,6.0,65.4
2026-09-21,Spirulina Orgânica - 200 tabletes,1.0,134.9
2026-09-21,Super Café - Desincoffee,3.0,299.7
2026-09-21,Super Omega-3 TG Comfort,1.0,219.9
2026-09-21,Super Ômega 3,5.0,1039.5
2026-09-21,SuperCoffee,6.0,824.76
2026-09-21,SuperCoffee Língua de gato - Kopenhagen,1.0,229.9
2026-09-21,"Suplemento Alimentar - Cabelo, Unha e Pele - Beauty +",1.0,129.9
2026-09-21,Suplemento Alimentar - GUARDIAN®,1.0,199.99
2026-09-21,Suplemento Alimentar - LEVSENSI,1.0,199.9
2026-09-21,Suplemento Alimentar - Pura Fiber,1.0,84.9
2026-09-21,Suplemento Alimentar - Slim Body 400mg,1.0,89.9
2026-09-21,Suplemento de Magnésio - Blue Calm,2.0,319.8
2026-09-21,Suplemento para Cabelos e Unhas- Biocolin Hair,2.0,179.8
2026-09-21,Tasty Whey 3W Gourmet,1.0,259.9
2026-09-21,Termogênico - Termo Plus,1.0,139.9
2026-09-21,Trio Magnésio 720mg,2.0,139.8
2026-09-21,True Protein Advanced,3.0,506.97
2026-09-21,V-Coffee Energy Boost,1.0,84.99
2026-09-21,Vinagre de Maçã Orgânico,1.0,24.01
2026-09-21,Vitamina B12,6.0,282.58
2026-09-21,Vitamina C + Zinco - Gomas,1.0,69.9
2026-09-21,Vitamina C3 - 1000mg,1.0,54.9
2026-09-21,Vitamina D - Ativa D3,1.0,99.9
2026-09-21,Vitamina D - Vita D3,8.0,443.56
2026-09-21,Vitamina D - Vita D3 + C + Zinco,2.0,139.8
2026-09-21,Vitamina D3,1.0,119.9
2026-09-21,Vitamina D3 + K2,3.0,195.79
2026-09-21,Vitamina D3 + K2 Gotas,2.0,139.8
2026-09-21,Vitamina D3 - 2000 Ui,3.0,110.7
2026-09-21,Vitamina D3 Synergy,2.0,107.98
2026-09-21,"Vitaminas A, E, D e K2- RESTAURE® - Gotas",3.0,509.7
2026-09-21,Whey,1.0,289.9
2026-09-21,Whey 3W,2.0,389.8
2026-09-21,Whey Fort 3W,3.0,650.97
2026-09-21,Whey HIT Protein,3.0,389.88
2026-09-21,Whey Isolado - Iso Triple Zero,1.0,299.89
2026-09-21,Whey Protein - Isofort Beauty,1.0,134.99
2026-09-21,Whey Protein 3W - DC,1.0,224.9
2026-09-21,Whey Protein 3W Sachê - DC,1.0,14.99
2026-09-21,Whey Protein Concentrado,24.0,5430.32
2026-09-21,Whey Protein Concentrado - Sachê,3.0,44.7
2026-09-21,Whey Protein Isolado,17.0,5818.3
2026-09-21,Whey Protein Isolado - Isofort,4.0,1229.78
2026-09-21,Whey Protein Isolado - Sachê,2.0,49.8
2026-09-21,Whey Protein Isolado - Tasty Iso,2.0,719.8
2026-09-21,Whey Tech 100%,4.0,659.96
2026-09-21,Whey hidrolisado e isolado,3.0,989.7
2026-09-21,Óleo de Krill  - Ômega 3 EPA DHA,1.0,109.9
2026-09-21,Ômega - Mega DHA,2.0,287.98
2026-09-21,Ômega 3 - 1360mg,3.0,419.7
2026-09-21,Ômega 3 - EPA DHA - 1000mg,1.0,89.9
2026-09-21,Ômega 3 - Omegafor Memory,1.0,119.9
2026-09-21,Ômega 3 - Ultra Caps 1000mg,4.0,639.6
2026-09-21,Ômega 3 EPA DHA,10.0,1032.18
2026-09-21,Ômega 3 Fosfatix,1.0,169.9
2026-09-21,Ômega 3 Kids,1.0,69.9
2026-09-21,Ômega 3 Pulse,2.0,209.98
2026-09-28,100% Whey Protein - Flavour,1.0,139.9
2026-09-28,100% Whey Pure,2.0,314.8
2026-09-28,Achocolatado - Chocoki,1.0,99.9
2026-09-28,Aminoácidos - Aminnu EAAs - Sem Xilitol,1.0,229.9
2026-09-28,Aminoácidos - Aminolift,1.0,209.9
2026-09-28,Amora Miúra - 1500mg,1.0,44.9
2026-09-28,Astaxantina - Ydrosolv,1.0,159.9
2026-09-28,BT Nitrato 400,2.0,324.8
2026-09-28,Barrinha - Body Protein,5.0,54.5
2026-09-28,Barrinha Charge Bar,1.0,12.9
2026-09-28,Barrinha de Chocolate 70%,4.0,59.6
2026-09-28,Barrinha de Chocolate Branco,1.0,9.9
2026-09-28,Barrinha de Chocolate ao Leite,7.0,59.4
2026-09-28,Barrinha de Proteína,38.0,518.2
2026-09-28,Barrinha de Proteína - Best Whey Bar,10.0,119.0
2026-09-28,Barrinha de Proteína - Protein Crisp Bar,5.0,39.5
2026-09-28,Barrinha de Proteína - YOPRO,2.0,25.8
2026-09-28,Barrinha de Proteína Best Whey 62g (15g de Proteína),1.0,139.9
2026-09-28,Barrinha de Proteína Choco Wheyfer,2.0,17.8
2026-09-28,Barrinha de Proteína Crunch,3.0,44.7
2026-09-28,Barrinha de Proteína Protein Crisp,6.0,599.4
2026-09-28,Barrinha de Proteína Whey Grego - Havanna,2.0,211.8
2026-09-28,Bebida Proteica - Mulkshake,1.0,9.9
2026-09-28,Bebida Proteica - Natural Whey 100% Whey -15g,1.0,7.99
2026-09-28,Bebida Proteica - Natural Whey 14g,2.0,13.98
2026-09-28,Beef Hidro Protein,1.0,149.9
2026-09-28,Beef Protein,5.0,999.95
2026-09-28,Best Whey,5.0,1149.5
2026-09-28,Bio B - Complex®,1.0,104.9
2026-09-28,Bio Ferro,2.0,109.8
2026-09-28,Bio Vitamina B12 em gotas,1.0,44.9
2026-09-28,Bio Zinco,2.0,79.8
2026-09-28,Biotina Plus,1.0,46.9
2026-09-28,Biscoito Proteico - Sublime,1.0,12.9
2026-09-28,Body Protein Vegano,1.0,159.9
2026-09-28,BodyBalance - Muscle Synergy,1.0,259.89
2026-09-28,Bom Ciclo,1.0,79.9
2026-09-28,Bombom,1.0,8.9
2026-09-28,"Boraprim - Borragem, Prímula e Gergelim",1.0,89.9
2026-09-28,Brain Focus,1.0,84.9
2026-09-28,Cafeína,1.0,54.9
2026-09-28,Cappuccino Whey - Sachê,2.0,43.8
2026-09-28,Chocolate 70% Cacau,1.0,29.9
2026-09-28,Chocolate 70% Cacau - Marshmallow,2.0,35.78
2026-09-28,Chocolate 77% Cacau,1.0,36.9
2026-09-28,"Chocolate 99,9% Cacau",2.0,55.8
2026-09-28,Chocolate ao Leite - Marshmallow,1.0,17.89
2026-09-28,Chá Misto,1.0,6.9
2026-09-28,Chá Sublime - Harmonia,1.0,7.2
2026-09-28,Cocada,2.0,9.8
2026-09-28,Coenzima Q10,9.0,1703.98
2026-09-28,Coenzima Q10 (200mg p/ porção),12.0,1244.79
2026-09-28,Coenzima Q10 - (100mg p/ porção),1.0,84.9
2026-09-28,Coenzima Q10 - 100mg,1.0,84.99
2026-09-28,Coenzima Q10+ 200mg,1.0,149.9
2026-09-28,Coffee - Brainstorm,1.0,129.9
2026-09-28,Colágeno -  Collagen Gut,1.0,219.9
2026-09-28,Colágeno - Colagentek,1.0,94.9
2026-09-28,Colágeno - Colagentek Beauty,1.0,139.9
2026-09-28,Colágeno - Colagentek II,1.0,179.9
2026-09-28,Colágeno - Colagentek Protein - Bodybalance,4.0,759.6
2026-09-28,Colágeno - Collagen Essential Protein,1.0,239.9
2026-09-28,Colágeno - Collagen Pro - Beauty Blend,1.0,209.9
2026-09-28,Colágeno - Collagen Protein Hidrolisado,1.0,179.9
2026-09-28,Colágeno - Collagen Protein Hidrolisado Berries Silvestres 450g PURAVIDA,1.0,179.9
2026-09-28,Colágeno - Collagen Renew Hidrolisado,2.0,179.8
2026-09-28,Colágeno - Collcreatine,1.0,189.9
2026-09-28,Colágeno - Collpure®,3.0,494.7
2026-09-28,Colágeno - Multi Collagen,1.0,249.9
2026-09-28,Colágeno Hidrolisado,1.0,44.9
2026-09-28,Colágeno Hidrolisado - Collagen Pro 18g,4.0,679.6
2026-09-28,Colágeno Tipo II,2.0,119.8
2026-09-28,Complexo B Max,1.0,44.9
2026-09-28,Cranberry - She She Comfort,1.0,69.9
2026-09-28,Creatina,1.0,109.9
2026-09-28,Creatina - Creafort (Creapure),17.0,2479.83
2026-09-28,Creatina - Creatine HMB,3.0,554.7
2026-09-28,Creatina 100%,4.0,287.87
2026-09-28,Creatina 100% Pure,4.0,307.96
2026-09-28,Creatina Monohidratada,26.0,1967.49
2026-09-28,Creatina Monohidratada (Creapure),4.0,779.6
2026-09-28,Creatina Monohidratada -  Crealift (Creapure),1.0,319.9
2026-09-28,Creatina Monohidratada - Creatine,15.0,1194.85
2026-09-28,Creatina Monohidratada - Hardcore,1.0,89.9
2026-09-28,Creatina Monohidratada Refil,1.0,54.9
2026-09-28,Creatina Monohidratada em Gummy,1.0,109.9
2026-09-28,Creatina Premium - Creapure,2.0,402.89
2026-09-28,Creatina- Creapure,1.0,199.9
2026-09-28,Creatine Action - Gummy,1.0,119.9
2026-09-28,Cúrcuma - Curcumagic,1.0,154.9
2026-09-28,Cúrcuma 500mg,1.0,94.9
2026-09-28,Cúrcuma Plus,6.0,443.76
2026-09-28,Diabo Verde - Pré-Workout,1.0,78.9
2026-09-28,Eletrólitos,18.0,947.29
2026-09-28,Energy Gel,1.0,5.9
2026-09-28,Energy Gel - Endurance,1.0,6.9
2026-09-28,Expresso Whey - Sachê,1.0,19.9
2026-09-28,Farinha de Aveia,1.0,15.9
2026-09-28,Feno Grego,2.0,139.8
2026-09-28,Ferro Lipofer - Ferro Orodispersível,1.0,69.99
2026-09-28,Ferro Quelado 34mg,4.0,119.6
2026-09-28,Fibras - Fiberbuty,1.0,199.9
2026-09-28,Fresh Vegan,2.0,339.8
2026-09-28,Fresh Whey,17.0,3928.3
2026-09-28,FreshWhey - Sachê,3.0,50.7
2026-09-28,Gaba Complex,1.0,159.9
2026-09-28,Gel - Endurance,2.0,139.8
2026-09-28,Glutamina,3.0,449.69
2026-09-28,Glutamina - Glutamax,3.0,269.7
2026-09-28,Glutamina - Glutamax Refil,2.0,279.8
2026-09-28,Gold Whey Concentrado Refil,5.0,974.5
2026-09-28,Grassfed Whey Protein,2.0,479.8
2026-09-28,Hydro Protein,9.0,107.1
2026-09-28,Hydrolift,2.0,197.8
2026-09-28,Isofort Plant (Life Vegan),3.0,419.7
2026-09-28,Juice Protein,1.0,11.9
2026-09-28,Livestrong,3.0,959.7
2026-09-28,Maca Peruana,1.0,59.9
2026-09-28,Magnésio,3.0,149.7
2026-09-28,Magnésio - Bio Trimag,1.0,74.9
2026-09-28,Magnésio - Inositol Relief 3.0,6.0,1061.94
2026-09-28,Magnésio - Mag 5 Complex,1.0,79.9
2026-09-28,Magnésio Bisglicinato,1.0,49.9
2026-09-28,Magnésio Inositol,2.0,369.8
2026-09-28,Magnésio Inositol Relax,1.0,273.9
2026-09-28,Magnésio Quelato - Bio Mag,2.0,149.8
2026-09-28,Massa Alimentícia de Fibra,2.0,39.8
2026-09-28,Matchá - Chá Verde em Pó,1.0,89.9
2026-09-28,Mel - Flores de Eucalipto,2.0,51.98
2026-09-28,Melatonina,1.0,59.9
2026-09-28,Melatonina - Sleepfor,2.0,159.8
2026-09-28,Melatonina Fast,2.0,69.8
2026-09-28,Melatonina em Gotas,1.0,46.9
2026-09-28,Metilfolato,2.0,97.8
2026-09-28,Morning Shot - Imunidade,4.0,419.6
2026-09-28,Multivitaminico  - Imunomult- 1000mg,4.0,559.6
2026-09-28,Multivitaminico - Imunomult- 1000mg,2.0,199.8
2026-09-28,Multivitamínico,4.0,259.6
2026-09-28,NAC,3.0,194.7
2026-09-28,NAC Acetilcisteína -  600mg,4.0,319.6
2026-09-28,Omegafor Plus,28.0,4471.36
2026-09-28,Palatinose,2.0,134.8
2026-09-28,Prebiótico,1.0,84.9
2026-09-28,Prebiótico - Fiber Liv,2.0,159.8
2026-09-28,Probiótico - Simfort Plus,8.0,619.38
2026-09-28,Protein Brownie,1.0,69.9
2026-09-28,Proteina Vegetal - True Vegan,2.0,359.98
2026-09-28,Proteína - Isocrisp Plant - Pote,4.0,209.6
2026-09-28,Proteína Isolada e Hidrolisada - Body Protein,6.0,1319.4
2026-09-28,Proteína Isolada e Hidrolisada - Body Protein Red,4.0,879.6
2026-09-28,Proteína Vegana - Vegan Tasty,1.0,159.9
2026-09-28,Proteína Vegetal em Pó - Veganpro,2.0,319.8
2026-09-28,Pré-Treino,1.0,139.9
2026-09-28,Pré-Treino - Beta Action,1.0,219.9
2026-09-28,Pré-Treino - V Fort Ultra,1.0,129.9
2026-09-28,Pré-treino - Energy Kick Caffeine,1.0,139.9
2026-09-28,Próbiotico - Purabiotics,1.0,89.9
2026-09-28,Própolis - Green Própolis,2.0,159.8
2026-09-28,Própolis Verde - Premium 10mg,1.0,69.9
2026-09-28,Própolis Verde - Propomax,1.0,29.9
2026-09-28,Psyllium,2.0,179.8
2026-09-28,Pós-treino - Recharge 4:1,2.0,289.8
2026-09-28,Refil 100% Whey Protein - Flavour,1.0,119.9
2026-09-28,Refil Whey 100% Pure,2.0,319.8
2026-09-28,Refil Whey Concentrado - W100,6.0,779.4
2026-09-28,Refil Whey Protein - 3W,2.0,399.8
2026-09-28,Refil Whey Protein Concentrado,6.0,1151.49
2026-09-28,Resveratrol,3.0,206.7
2026-09-28,Resveratrol 500mg,1.0,89.9
2026-09-28,Resveratrol Plus - 165mg,3.0,389.7
2026-09-28,Sachê - Delicious Whey,2.0,19.8
2026-09-28,Sachê Body Protein,5.0,69.5
2026-09-28,Salgadinho,6.0,43.58
2026-09-28,Salgadinho Proteico - Fitzei,37.0,295.63
2026-09-28,Simfort Ultra,1.0,89.9
2026-09-28,Simfort fibras,2.0,129.8
2026-09-28,Sleep,5.0,724.5
2026-09-28,Snack Proteico,17.0,185.3
2026-09-28,Spray de mel e extrato de própolis - Gengibre,1.0,22.9
2026-09-28,Super Café - Desincoffee,1.0,99.9
2026-09-28,Super Ômega 3,2.0,459.8
2026-09-28,SuperCoffee,12.0,1909.61
2026-09-28,SuperCoffee Língua de gato - Kopenhagen,1.0,229.9
2026-09-28,Suplemento - Alimentar - Cálcio Citrato Malato,2.0,99.8
2026-09-28,Suplemento - Hyaluronic Hair,1.0,74.9
2026-09-28,Suplemento Alimentar - Alpha Inflaminus,1.0,144.9
2026-09-28,Suplemento Alimentar - Alpha Mater,2.0,309.8
2026-09-28,Suplemento Alimentar - Alpha Women,1.0,149.9
2026-09-28,"Suplemento Alimentar - Cabelo, Unha e Pele - Beauty +",1.0,129.9
2026-09-28,"Suplemento Alimentar - Cabelo, Unha e Pele - Supreme Beauty",1.0,149.9
2026-09-28,Suplemento Alimentar - GUARDIAN®,4.0,859.78
2026-09-28,Suplemento Alimentar - L-teanina - Happy Theanine,1.0,154.9
2026-09-28,Suplemento Alimentar - Pura Fiber,1.0,84.9
2026-09-28,Suplemento Alimentar - Slim Body 400mg,1.0,89.9
2026-09-28,Suplemento de Magnésio - Blue Calm,3.0,379.7
2026-09-28,Suplemento para Imunidade - Immune Up 100%,1.0,110.77
2026-09-28,Suplemento para o Sono - Calm e Relax,1.0,109.9
2026-09-28,Tablete de Doce,2.0,9.8
2026-09-28,Tasty Whey 3W Gourmet,4.0,1039.6
2026-09-28,Termogênico - Termo Plus,1.0,139.9
2026-09-28,Trio Magnésio 720mg,7.0,489.3
2026-09-28,True Protein Advanced,3.0,479.97
2026-09-28,V-Coffee Energy Boost,1.0,74.99
2026-09-28,Veggie Protein - Sachê,1.0,21.9
2026-09-28,Vit C - 4 Protect,1.0,149.9
2026-09-28,Vitamina B12,9.0,510.37
2026-09-28,Vitamina C - Ydrosolv,1.0,99.9
2026-09-28,Vitamina C3 - 1000mg,1.0,54.9
2026-09-28,Vitamina D - Vita D3,6.0,341.58
2026-09-28,Vitamina D - Vita D3 + C + Zinco,4.0,279.6
2026-09-28,Vitamina D3,1.0,44.9
2026-09-28,Vitamina D3 + K2,4.0,279.6
2026-09-28,Vitamina D3 - 2000 Ui,3.0,110.7
2026-09-28,Vitamina D3 - Ydrosolv,1.0,89.9
2026-09-28,"Vitaminas A, E, D e K2- RESTAURE® - Gotas",4.0,679.6
2026-09-28,W100 Whey Concentrado - Sachê,2.0,23.8
2026-09-28,Whey,2.0,579.8
2026-09-28,Whey - Isocrisp Pouch,2.0,159.8
2026-09-28,Whey Concentrado - W100,2.0,279.8
2026-09-28,Whey Double Protein,1.0,129.9
2026-09-28,Whey Fort 3W,7.0,1458.93
2026-09-28,Whey Isolado - Iso Triple Zero,1.0,299.89
2026-09-28,Whey Protein - CLEANPRO,2.0,379.8
2026-09-28,Whey Protein - Isofort Beauty,9.0,1217.64
2026-09-28,Whey Protein 3W - DC,2.0,449.8
2026-09-28,Whey Protein Concentrado,53.0,11813.76
2026-09-28,Whey Protein Concentrado - Sachê,13.0,172.8
2026-09-28,Whey Protein Concentrado Cappuccino 900g DUX,4.0,875.96
2026-09-28,Whey Protein Isolado,25.0,8361.86
2026-09-28,Whey Protein Isolado - Isofort,16.0,4543.84
2026-09-28,Whey Protein Isolado - Sachê,8.0,199.2
2026-09-28,Whey Protein Vegetal,1.0,149.9
2026-09-28,Whey Tech 100%,2.0,329.98
2026-09-28,Whey hidrolisado e isolado,6.0,1691.94
2026-09-28,Whey hidrolisado e isolado Creme Broule 837g TRUE SOURCE,2.0,563.98
2026-09-28,Zinco - Ydrosolv,1.0,109.9
2026-09-28,Ácido Hialurônico - Hialux,2.0,119.48
2026-09-28,Óleo de Borragem - Gamalift,1.0,144.37
2026-09-28,Ômega -  Mega DHA,2.0,199.8
2026-09-28,Ômega 3  - 1360mg,3.0,659.7
2026-09-28,Ômega 3 - 1360mg,4.0,559.6
2026-09-28,Ômega 3 - EPA DHA - 1000mg,2.0,179.8
2026-09-28,Ômega 3 EPA DHA,20.0,2054.17
2026-10-05,100% Whey Pure,1.0,144.9
2026-10-05,Achocolatado - Chocoki,1.0,99.9
2026-10-05,BT Nitrato,1.0,149.9
2026-10-05,BT Nitrato 400,1.0,174.9
2026-10-05,Barra Chocolate 70%,1.0,18.89
2026-10-05,Barrinha de Proteína Whey Grego - Havanna,1.0,96.9
2026-10-05,Bebida Proteica - Natural Whey 14g,7.0,48.93
2026-10-05,Best Whey,1.0,229.9
2026-10-05,Bio Ferro,1.0,49.99
2026-10-05,"Boraprim - Borragem, Prímula e Gergelim",1.0,89.9
2026-10-05,Coenzima Q10 (200mg p/ porção),2.0,194.89
2026-10-05,Colágeno - Colagentek,1.0,94.9
2026-10-05,Colágeno Tipo II,1.0,59.9
2026-10-05,Creatina,1.0,109.9
2026-10-05,Creatina - Creafort (Creapure),3.0,527.97
2026-10-05,Creatina 100% Pure,3.0,230.97
2026-10-05,Creatina Monohidratada,5.0,389.5
2026-10-05,Creatina Monohidratada - Creatine,5.0,424.95
2026-10-05,Creatina Premium - Creapure,1.0,172.99
2026-10-05,Eletrólitos,1.0,94.9
2026-10-05,Fresh Whey,6.0,1409.4
2026-10-05,Glutamina,1.0,59.9
2026-10-05,Isofort Plant (Life Vegan),4.0,559.6
2026-10-05,Livestrong,1.0,319.9
2026-10-05,Magnésio - Inositol Relief 3.0,1.0,219.9
2026-10-05,Magnésio Elemental,4.0,215.96
2026-10-05,Magnésio Inositol,1.0,149.9
2026-10-05,Melatonina Duo,2.0,139.8
2026-10-05,Metilfolato de Cálcio,1.0,31.9
2026-10-05,Morning Shot - Imunidade,1.0,104.9
2026-10-05,NAC,1.0,64.9
2026-10-05,NAC + Glycine + Taurine,1.0,104.9
2026-10-05,Omegafor Plus,3.0,413.88
2026-10-05,Palatinose,2.0,139.8
2026-10-05,Pré-Treino - V Fort Ultra,1.0,129.9
2026-10-05,Refil Whey Protein - 3W,1.0,199.9
2026-10-05,Refil Whey Protein Concentrado,1.0,149.9
2026-10-05,Sachê True Whey Protein,2.0,39.8
2026-10-05,Salgadinho Proteico - Fitzei,4.0,31.96
2026-10-05,Snack Proteico,2.0,21.8
2026-10-05,SuperCoffee,1.0,179.99
2026-10-05,Suplemento - Hyaluronic Hair,1.0,74.9
2026-10-05,"Suplemento Alimentar - Cabelo, Unha e Pele - Beauty +",1.0,129.9
2026-10-05,Suplemento Alimentar - GUARDIAN®,2.0,399.98
2026-10-05,Tasty Whey 3W Gourmet,1.0,259.9
2026-10-05,Trio Magnésio 720mg,1.0,69.9
2026-10-05,Vitamina B12,1.0,31.99
2026-10-05,Vitamina D3 + K2 Gotas,1.0,69.9
2026-10-05,Vitamina D3 - 2000 Ui,1.0,36.9
2026-10-05,Whey Fort 3W,1.0,216.99
2026-10-05,Whey Protein - Isofort Beauty,1.0,149.9
2026-10-05,Whey Protein Concentrado,5.0,1149.5
2026-10-05,Whey Protein Isolado,4.0,1139.6
2026-10-05,Whey Protein Isolado - Isofort,3.0,851.97
2026-10-05,Whey Protein Isolado - Sachê,1.0,24.9
2026-10-05,Whey Tech 100%,2.0,329.98
2026-10-05,Whey hidrolisado e isolado,1.0,281.99
2026-10-05,Ômega,1.0,194.9
2026-10-05,Ômega 3 - 1360mg,1.0,139.9
2026-10-05,Ômega 3 - EPA DHA - 1000mg,1.0,89.9
2026-10-05,Ômega 3 EPA DHA,2.0,119.98
2026-10-05,Ômega 3 Pulse,1.0,134.99
