semana,marca,faturamento
2024-03-11,ATLHETICA NUTRITION,94.61
2024-03-11,PURAVIDA,55.24
2024-03-11,VITAFOR,1085.01
2024-03-18,VITAFOR,465.28
2024-03-25,VITAFOR,318.01
2024-04-01,ADAPTOGEN,161.12
2024-04-01,ESSENTIAL,332.93
2024-04-01,MAIS MU,576.44
2024-04-01,NUTRIFY,98.62
2024-04-01,PURAVIDA,133.99
2024-04-01,VITAFOR,1893.25
2024-04-08,ADAPTOGEN,110.77
2024-04-08,ATLHETICA NUTRITION,548.76
2024-04-08,HI-TECH,144.19
2024-04-08,INTEGRALMEDICA,98.85
2024-04-08,MAIS MU,196.37
2024-04-08,OPTIMUM NUTRITION,183.74
2024-04-08,TRUE SOURCE,402.8
2024-04-08,VITAFOR,1261.82
2024-04-15,ATLHETICA NUTRITION,387.64
2024-04-15,INTEGRALMEDICA,98.85
2024-04-15,MAIS MU,166.16
2024-04-15,PURAVIDA,229.83
2024-04-15,UNDER LABZ,85.6
2024-04-15,VITAFOR,1110.66
2024-04-22,ADAPTOGEN,110.77
2024-04-22,ATLHETICA NUTRITION,790.36
2024-04-22,DUX,161.68
2024-04-22,ESSENTIAL,334.1
2024-04-22,INTEGRALMEDICA,197.7
2024-04-22,MAIS MU,177.23
2024-04-22,NUTRIFY,322.84
2024-04-22,PURAVIDA,471.09
2024-04-22,TOPWAY,171.19
2024-04-22,TRUE SOURCE,201.4
2024-04-22,VITAFOR,1500.5
2024-04-22,Z2,99.18
2024-04-29,ADAPTOGEN,90.63
2024-04-29,ATLHETICA NUTRITION,904.31
2024-04-29,DOBRO,159.03
2024-04-29,DUOM,60.42
2024-04-29,DUX,506.4
2024-04-29,ELEMENTO PURO,37.23
2024-04-29,ESSENTIAL,770.7
2024-04-29,INTEGRALMEDICA,211.83
2024-04-29,PURAVIDA,180.47
2024-04-29,TUFF LABS,75.53
2024-04-29,VITAFOR,2415.9
2024-04-29,Z2,95.76
2024-05-06,ADAPTOGEN,315.35
2024-05-06,ATLHETICA NUTRITION,334.26
2024-05-06,CAFFEINE ARMY,96.93
2024-05-06,CENTRAL NUTRITION,395.68
2024-05-06,DUX,756.58
2024-05-06,DYMATIZE,178.4
2024-05-06,ELEMENTO PURO,208.38
2024-05-06,EQUALIV,164.32
2024-05-06,ESSENTIAL,590.65
2024-05-06,INTEGRALMEDICA,366.41
2024-05-06,MAIS MU,288.32
2024-05-06,NUTRATA,77.28
2024-05-06,NUTRIFY,144.43
2024-05-06,OPTIMUM NUTRITION,237.52
2024-05-06,PURAVIDA,44.72
2024-05-06,TOPWAY,124.77
2024-05-06,TUFF LABS,67.58
2024-05-06,UNDER LABZ,76.59
2024-05-06,VITAFOR,4065.53
2024-05-13,ADAPTOGEN,423.47
2024-05-13,ATLHETICA NUTRITION,980.61
2024-05-13,BOLD,285.4
2024-05-13,CAFFEINE ARMY,544.97
2024-05-13,CENTRAL NUTRITION,280.27
2024-05-13,DUX,615.42
2024-05-13,EQUALIV,164.32
2024-05-13,ESSENTIAL,743.08
2024-05-13,HI-TECH,387.03
2024-05-13,INTEGRALMEDICA,265.32
2024-05-13,NUTRATA,38.64
2024-05-13,NUTRIFY,158.43
2024-05-13,PURAVIDA,716.76
2024-05-13,TOPWAY,192.35
2024-05-13,TRUE SOURCE,90.1
2024-05-13,UNDER LABZ,76.59
2024-05-13,VITAFOR,5816.74
2024-05-20,ADAPTOGEN,513.57
2024-05-20,ATLHETICA NUTRITION,543.24
2024-05-20,CAFFEINE ARMY,96.92
2024-05-20,DARKNESS,237.51
2024-05-20,DUX,613.9
2024-05-20,ENDOGEN,405.05
2024-05-20,EQUALIV,328.64
2024-05-20,ESSENTIAL,355.94
2024-05-20,INTEGRALMEDICA,577.61
2024-05-20,NUTRIFY,830.4
2024-05-20,PURAVIDA,178.88
2024-05-20,SYNTRAX,273.7
2024-05-20,TOPWAY,153.17
2024-05-20,TUFF LABS,245.98
2024-05-20,UNDER LABZ,229.77
2024-05-20,VITAFOR,4711.53
2024-05-27,ADAPTOGEN,144.16
2024-05-27,ATLHETICA NUTRITION,271.16
2024-05-27,CAFFEINE ARMY,157.32
2024-05-27,DUX,121.2
2024-05-27,ESSENTIAL,1353.63
2024-05-27,INTEGRALMEDICA,366.41
2024-05-27,MUSCLETECH,356.8
2024-05-27,NUTRATA,41.73
2024-05-27,NUTRIFY,188.36
2024-05-27,PURAVIDA,278.45
2024-05-27,TOPWAY,135.16
2024-05-27,TUFF LABS,89.2
2024-05-27,UNDER LABZ,153.18
2024-05-27,VITAFOR,2564.47
2024-06-03,ADAPTOGEN,81.09
2024-06-03,ATLHETICA NUTRITION,682.47
2024-06-03,CAFFEINE ARMY,96.93
2024-06-03,CENTRAL NUTRITION,138.04
2024-06-03,DUOM,60.96
2024-06-03,DUX,277.23
2024-06-03,DYMATIZE,356.8
2024-06-03,ELEMENTO PURO,30.29
2024-06-03,EQUALIV,328.64
2024-06-03,ESSENTIAL,1555.38
2024-06-03,INTEGRALMEDICA,379.06
2024-06-03,NUTRATA,41.73
2024-06-03,NUTRIFY,228.81
2024-06-03,OCEAN DROP,191.9
2024-06-03,PURAVIDA,610.05
2024-06-03,SUBLYME,87.21
2024-06-03,TRUE SOURCE,360.4
2024-06-03,TUFF LABS,54.71
2024-06-03,VITAFOR,6873.38
2024-06-10,ADAPTOGEN,216.24
2024-06-10,ATLHETICA NUTRITION,1252.69
2024-06-10,CAFFEINE ARMY,321.17
2024-06-10,CENTRAL NUTRITION,180.97
2024-06-10,DARKNESS,92.59
2024-06-10,DOBRO,219.26
2024-06-10,DUX,1308.7
2024-06-10,ELEMENTO PURO,226.4
2024-06-10,ENDOGEN,81.01
2024-06-10,EQUALIV,492.96
2024-06-10,ESSENTIAL,1238.08
2024-06-10,INTEGRALMEDICA,379.06
2024-06-10,MAIS MU,23.77
2024-06-10,NEW MILLEN,90.08
2024-06-10,NUTRATA,237.37
2024-06-10,NUTRIFY,462.46
2024-06-10,OCEAN DROP,247.04
2024-06-10,PURAVIDA,764.79
2024-06-10,SYNTRAX,279.64
2024-06-10,TOPWAY,124.77
2024-06-10,UNDER LABZ,229.77
2024-06-10,VITAFOR,3650.55
2024-06-10,Z2,79.48
2024-06-10,ZEROMILK,24.65
2024-06-17,ADAPTOGEN,520.09
2024-06-17,ATLHETICA NUTRITION,891.45
2024-06-17,CAFFEINE ARMY,492.55
2024-06-17,CENTRAL NUTRITION,76.67
2024-06-17,DOBRO,109.63
2024-06-17,DUOM,21.48
2024-06-17,DUX,976.68
2024-06-17,ELEMENTO PURO,33.31
2024-06-17,EQUALIV,657.28
2024-06-17,ESSENTIAL,1940.28
2024-06-17,INTEGRALMEDICA,627.86
2024-06-17,LAUTON,30.94
2024-06-17,L`AMORE NUTS,20.11
2024-06-17,MAIS MU,198.22
2024-06-17,NUTRIFY,474.49
2024-06-17,OCEAN DROP,254.95
2024-06-17,ONLY4,46.76
2024-06-17,PLANT POWER,82.26
2024-06-17,PURAVIDA,467.09
2024-06-17,TOPWAY,277.94
2024-06-17,TRUE SOURCE,270.3
2024-06-17,TUFF LABS,89.2
2024-06-17,UNDER LABZ,76.59
2024-06-17,VITAFOR,5681.2
2024-06-17,ZEROMILK,49.3
2024-06-24,ATLHETICA NUTRITION,1615.77
2024-06-24,BOLD,275.18
2024-06-24,CAFFEINE ARMY,422.3
2024-06-24,DARKNESS,123.34
2024-06-24,DOBRO,574.12
2024-06-24,DUX,952.24
2024-06-24,ELEMENTO PURO,420.8
2024-06-24,ENDOGEN,81.01
2024-06-24,EQUALIV,328.64
2024-06-24,ESSENTIAL,474.23
2024-06-24,GU,376.58
2024-06-24,HI-TECH,258.02
2024-06-24,INTEGRALMEDICA,892.86
2024-06-24,MAIS MU,99.11
2024-06-24,NUTRATA,41.73
2024-06-24,NUTRIFY,640.42
2024-06-24,OCEAN DROP,751.15
2024-06-24,OPTIMUM NUTRITION,237.52
2024-06-24,PURAVIDA,643.58
2024-06-24,SUBLYME,101.92
2024-06-24,TOPWAY,585.42
2024-06-24,TRUE SOURCE,1081.2
2024-06-24,UNDER LABZ,76.59
2024-06-24,VITAFOR,7932.3
2024-06-24,Z2,201.42
2024-07-01,ADAPTOGEN,297.09
2024-07-01,ATLHETICA NUTRITION,1934.7
2024-07-01,BOLD,156.86
2024-07-01,CAFFEINE ARMY,44.94
2024-07-01,CENTRAL NUTRITION,180.97
2024-07-01,CHEF WHEY,166.97
2024-07-01,DARKNESS,92.59
2024-07-01,DOBRO,79.64
2024-07-01,DUOM,188.86
2024-07-01,DUX,571.35
2024-07-01,ELEMENTO PURO,678.55
2024-07-01,EQUALIV,328.64
2024-07-01,ESSENTIAL,1822.91
2024-07-01,GU,31.38
2024-07-01,INTEGRALMEDICA,779.12
2024-07-01,LAUTON,95.11
2024-07-01,MAIS MU,95.09
2024-07-01,MIX NUTRI,71.4
2024-07-01,NUTRATA,86.4
2024-07-01,NUTRIFY,770.87
2024-07-01,OCEAN DROP,342.36
2024-07-01,OPTIMUM NUTRITION,245.17
2024-07-01,PERFOMANCE NUTRITION,75.22
2024-07-01,PURAVIDA,1060.81
2024-07-01,TOPWAY,67.58
2024-07-01,TRUE SOURCE,804.64
2024-07-01,VITAFOR,6341.27
2024-07-01,Z2,103.28
2024-07-01,ZEROMILK,24.65
2024-07-08,ATLHETICA NUTRITION,1107.27
2024-07-08,BOLD,142.7
2024-07-08,CAFFEINE ARMY,289.15
2024-07-08,CENTRAL NUTRITION,180.97
2024-07-08,DARKNESS,123.34
2024-07-08,DOBRO,306.45
2024-07-08,DUOM,15.45
2024-07-08,DUX,1537.37
2024-07-08,EQUALIV,492.96
2024-07-08,ESSENTIAL,1557.83
2024-07-08,INTEGRALMEDICA,95.84
2024-07-08,LAUTON,127.72
2024-07-08,MAIS MU,149.41
2024-07-08,MOSTEIRO DEVAKAN,38.59
2024-07-08,NUTRIFY,1010.33
2024-07-08,OCEAN DROP,636.15
2024-07-08,OPTIMUM NUTRITION,392.64
2024-07-08,PERFOMANCE NUTRITION,150.44
2024-07-08,PLANT POWER,82.26
2024-07-08,PURAVIDA,970.08
2024-07-08,TOPWAY,211.5
2024-07-08,TRUE SOURCE,1183.64
2024-07-08,VITAFOR,8454.16
2024-07-08,WE:ON,50.07
2024-07-15,ADAPTOGEN,875.44
2024-07-15,ATLHETICA NUTRITION,2055.93
2024-07-15,BOLD,66.24
2024-07-15,CAFFEINE ARMY,641.4
2024-07-15,CENTRAL NUTRITION,340.98
2024-07-15,DOBRO,109.63
2024-07-15,DUOM,159.88
2024-07-15,DUX,2034.48
2024-07-15,ELEMENTO PURO,206.82
2024-07-15,ENDOGEN,81.01
2024-07-15,EQUALIV,657.28
2024-07-15,ESSENTIAL,941.14
2024-07-15,INTEGRALMEDICA,1086.69
2024-07-15,LAUTON,181.39
2024-07-15,MAIS MU,236.48
2024-07-15,NUTRATA,297.84
2024-07-15,NUTRIFY,75.65
2024-07-15,NUTRILATINA,161.38
2024-07-15,OCEAN DROP,913.53
2024-07-15,PINATI,86.23
2024-07-15,PURAVIDA,1013.86
2024-07-15,SHARK PRO,127.5
2024-07-15,SUBLYME,291.05
2024-07-15,TOPWAY,153.17
2024-07-15,TRUE SOURCE,560.99
2024-07-15,UNDER LABZ,76.59
2024-07-15,UNIVERSAL NUTRITION,61.79
2024-07-15,VITAFOR,8736.67
2024-07-15,Z2,242.77
2024-07-22,ADAPTOGEN,506.44
2024-07-22,ATLHETICA NUTRITION,716.39
2024-07-22,BOLD,107.01
2024-07-22,CAFFEINE ARMY,261.29
2024-07-22,CENTRAL NUTRITION,73.02
2024-07-22,DUOM,21.34
2024-07-22,DUX,3100.43
2024-07-22,DYMATIZE,178.4
2024-07-22,ELEMENTO PURO,143.9
2024-07-22,EQUALIV,164.32
2024-07-22,ESSENTIAL,1967.03
2024-07-22,FLORMEL,22.1
2024-07-22,INTEGRALMEDICA,637.77
2024-07-22,L`AMORE NUTS,40.22
2024-07-22,NUTRATA,38.64
2024-07-22,NUTRIFY,621.36
2024-07-22,OCEAN DROP,593.32
2024-07-22,PINATI,58.05
2024-07-22,PURAVIDA,821.56
2024-07-22,TRUE SOURCE,907.2
2024-07-22,UNDER LABZ,76.59
2024-07-22,VITAFOR,6009.24
2024-07-22,Z2,171.28
2024-07-29,ALLMAX,255.0
2024-07-29,ATLHETICA NUTRITION,539.58
2024-07-29,BOLD,178.37
2024-07-29,CAFFEINE ARMY,326.07
2024-07-29,DOBRO,728.49
2024-07-29,DUOM,16.97
2024-07-29,DUX,4831.59
2024-07-29,ELEMENTO PURO,166.64
2024-07-29,ENDOGEN,109.68
2024-07-29,ESSENTIAL,1189.0
2024-07-29,GU,31.38
2024-07-29,INTEGRALMEDICA,524.3
2024-07-29,KOALA,237.66
2024-07-29,LAUTON,24.52
2024-07-29,MAIS MU,264.25
2024-07-29,NUTRATA,86.4
2024-07-29,NUTRIFY,373.59
2024-07-29,NUTRILATINA,60.31
2024-07-29,OCEAN DROP,329.31
2024-07-29,PINATI,86.23
2024-07-29,PURAVIDA,1175.87
2024-07-29,SUBLYME,101.92
2024-07-29,TOPWAY,277.94
2024-07-29,TRUE SOURCE,851.79
2024-07-29,UNDER LABZ,229.77
2024-07-29,VITAFOR,4254.46
2024-07-29,Z2,243.96
2024-08-05,ADAPTOGEN,83.35
2024-08-05,ALLMAX,255.0
2024-08-05,AST SPORTS SCIENCE,172.79
2024-08-05,ATLHETICA NUTRITION,566.46
2024-08-05,CAFFEINE ARMY,556.3
2024-08-05,CENTRAL NUTRITION,767.06
2024-08-05,DOBRO,361.5
2024-08-05,DUOM,83.66
2024-08-05,DUX,4325.2
2024-08-05,ENDOGEN,69.45
2024-08-05,EQUALIV,821.6
2024-08-05,ESSENTIAL,2084.78
2024-08-05,FLORMEL,83.1
2024-08-05,GU,188.29
2024-08-05,INTEGRALMEDICA,410.05
2024-08-05,L`AMORE NUTS,20.11
2024-08-05,MAIS MU,392.75
2024-08-05,MUSCLETECH,198.98
2024-08-05,NUTRATA,35.9
2024-08-05,NUTRIFY,771.13
2024-08-05,OCEAN DROP,680.22
2024-08-05,PURAVIDA,1081.01
2024-08-05,SYNTRAX,270.62
2024-08-05,TRUE SOURCE,826.26
2024-08-05,VITAFOR,6738.44
2024-08-05,Z2,120.37
2024-08-12,ADAPTOGEN,141.03
2024-08-12,ALLMAX,382.5
2024-08-12,ATLHETICA NUTRITION,915.72
2024-08-12,CAFFEINE ARMY,238.82
2024-08-12,DARKNESS,123.34
2024-08-12,DOBRO,377.73
2024-08-12,DUOM,37.65
2024-08-12,DUX,2673.32
2024-08-12,ENDOGEN,107.13
2024-08-12,EQUALIV,657.28
2024-08-12,ESSENTIAL,1080.88
2024-08-12,FTW,57.38
2024-08-12,GU,336.98
2024-08-12,INTEGRALMEDICA,711.67
2024-08-12,KOALA,118.83
2024-08-12,LAUTON,148.93
2024-08-12,MAX TITANIUM,191.82
2024-08-12,MOSTEIRO DEVAKAN,38.59
2024-08-12,NUTRATA,128.13
2024-08-12,NUTRIFY,227.76
2024-08-12,OCEAN DROP,432.9
2024-08-12,PERFOMANCE NUTRITION,81.76
2024-08-12,PINATI,24.14
2024-08-12,PLANT POWER,75.93
2024-08-12,PURAVIDA,1170.99
2024-08-12,SANAVITA,201.74
2024-08-12,SHARK PRO,84.99
2024-08-12,SUBLYME,87.21
2024-08-12,SYNTRAX,273.7
2024-08-12,TOPWAY,124.77
2024-08-12,VITAFOR,5016.98
2024-08-19,ALLMAX,255.0
2024-08-19,AST SPORTS SCIENCE,172.79
2024-08-19,ATLHETICA NUTRITION,510.45
2024-08-19,BOLD,173.27
2024-08-19,CAFFEINE ARMY,266.19
2024-08-19,CENTRAL NUTRITION,162.27
2024-08-19,CHEF WHEY,333.94
2024-08-19,DARKNESS,431.86
2024-08-19,DOBRO,106.1
2024-08-19,DUOM,35.79
2024-08-19,DUX,2749.78
2024-08-19,ELEMENTO PURO,393.04
2024-08-19,ESSENTIAL,1061.41
2024-08-19,FTW,54.4
2024-08-19,INTEGRALMEDICA,359.23
2024-08-19,KOALA,101.01
2024-08-19,LAUTON,143.57
2024-08-19,MAIS MU,42.49
2024-08-19,NUTRATA,77.63
2024-08-19,NUTRIFY,694.74
2024-08-19,OCEAN DROP,321.19
2024-08-19,OPTIMUM NUTRITION,228.24
2024-08-19,PINATI,24.14
2024-08-19,PURAVIDA,2576.26
2024-08-19,SANAVITA,100.87
2024-08-19,SHARK PRO,54.74
2024-08-19,TOPWAY,153.17
2024-08-19,VITAFOR,5245.59
2024-08-19,Z2,83.98
2024-08-26,ADAPTOGEN,365.41
2024-08-26,ATLHETICA NUTRITION,1541.4
2024-08-26,BOLD,798.34
2024-08-26,CAFFEINE ARMY,456.02
2024-08-26,CENTRAL NUTRITION,385.24
2024-08-26,DOBRO,248.39
2024-08-26,DUX,3683.73
2024-08-26,ELEMENTO PURO,258.39
2024-08-26,ENDOGEN,69.45
2024-08-26,EQUALIV,492.96
2024-08-26,ESSENTIAL,1416.2
2024-08-26,INTEGRALMEDICA,180.23
2024-08-26,LAUTON,53.97
2024-08-26,MAIS MU,793.34
2024-08-26,MANDUBIM,13.59
2024-08-26,MAX TITANIUM,95.91
2024-08-26,NUTRIFY,1467.32
2024-08-26,NUTRILATINA,29.84
2024-08-26,OCEAN DROP,866.64
2024-08-26,ONLY4,70.14
2024-08-26,PLANT POWER,227.79
2024-08-26,PURAVIDA,1928.71
2024-08-26,SANAVITA,107.6
2024-08-26,SHARK PRO,127.5
2024-08-26,TOPWAY,86.73
2024-08-26,TRUE SOURCE,534.29
2024-08-26,VITAFOR,7981.19
2024-08-26,ZEROMILK,24.65
2024-09-02,ADAPTOGEN,552.85
2024-09-02,ALLMAX,382.5
2024-09-02,APIS FLORA,95.91
2024-09-02,ATLHETICA NUTRITION,1702.34
2024-09-02,CAFFEINE ARMY,675.55
2024-09-02,CENTRAL NUTRITION,503.38
2024-09-02,DOBRO,201.34
2024-09-02,DUX,4850.25
2024-09-02,ELEMENTO PURO,244.92
2024-09-02,ENDOGEN,107.13
2024-09-02,EQUALIV,1473.48
2024-09-02,ESSENTIAL,2057.77
2024-09-02,FTW,262.72
2024-09-02,INTEGRALMEDICA,915.74
2024-09-02,KOALA,101.01
2024-09-02,LAUTON,74.29
2024-09-02,MAIS MU,42.49
2024-09-02,MAX TITANIUM,460.25
2024-09-02,NUTRATA,128.13
2024-09-02,NUTRIFY,954.84
2024-09-02,OCEAN DROP,405.47
2024-09-02,OPTIMUM NUTRITION,456.48
2024-09-02,PINATI,101.73
2024-09-02,PLANT POWER,75.93
2024-09-02,PURAVIDA,1870.1
2024-09-02,SHARK PRO,212.49
2024-09-02,SUBLYME,189.13
2024-09-02,TOPWAY,153.17
2024-09-02,TRUE SOURCE,268.1
2024-09-02,VITAFOR,8259.0
2024-09-02,Z2,78.37
2024-09-09,ADAPTOGEN,141.03
2024-09-09,ALLMAX,382.5
2024-09-09,APIS FLORA,80.8
2024-09-09,ATLHETICA NUTRITION,2053.64
2024-09-09,BOLD,227.07
2024-09-09,CAFFEINE ARMY,590.03
2024-09-09,CENTRAL NUTRITION,73.02
2024-09-09,CHÁ MAIS,18.0
2024-09-09,DOBRO,312.14
2024-09-09,DR. PEANUT,53.59
2024-09-09,DUOM,102.85
2024-09-09,DUX,4731.79
2024-09-09,ELEMENTO PURO,166.64
2024-09-09,ENDOGEN,214.26
2024-09-09,EQUALIV,985.92
2024-09-09,ESSENTIAL,2208.87
2024-09-09,FLORMEL,27.13
2024-09-09,FTW,295.39
2024-09-09,INTEGRALMEDICA,435.36
2024-09-09,KOALA,454.95
2024-09-09,LAUTON,304.43
2024-09-09,MAIS MU,646.33
2024-09-09,MANDUBIM,20.22
2024-09-09,MAX TITANIUM,316.51
2024-09-09,MOSTEIRO DEVAKAN,38.59
2024-09-09,NUTRATA,252.64
2024-09-09,NUTRIFY,1172.84
2024-09-09,OCEAN DROP,940.08
2024-09-09,PURAVIDA,3034.48
2024-09-09,TRUE SOURCE,350.64
2024-09-09,VITAFOR,9478.68
2024-09-09,YOSEN,538.71
2024-09-16,ADAPTOGEN,166.7
2024-09-16,ALLMAX,127.5
2024-09-16,APIS FLORA,112.29
2024-09-16,ATLHETICA NUTRITION,1712.86
2024-09-16,BOLD,189.12
2024-09-16,CAFFEINE ARMY,462.9
2024-09-16,CENTRAL NUTRITION,466.33
2024-09-16,DARKNESS,215.93
2024-09-16,DOBRO,567.01
2024-09-16,DUOM,92.92
2024-09-16,DUX,2750.19
2024-09-16,EQUALIV,985.92
2024-09-16,ESSENTIAL,1381.13
2024-09-16,FTW,153.51
2024-09-16,GU,202.48
2024-09-16,INTEGRALMEDICA,1446.76
2024-09-16,KOALA,303.3
2024-09-16,LAUTON,238.82
2024-09-16,MAIS MU,459.17
2024-09-16,NUTRATA,96.49
2024-09-16,NUTRIFY,731.58
2024-09-16,OCEAN DROP,1025.24
2024-09-16,ORGANIC INDIA,51.02
2024-09-16,PINATI,33.92
2024-09-16,PLANT POWER,390.34
2024-09-16,PURAVIDA,1606.47
2024-09-16,SANAVITA,281.68
2024-09-16,SHARK PRO,84.99
2024-09-16,SUBLYME,87.21
2024-09-16,TRUE SOURCE,673.48
2024-09-16,TUFF LABS,89.2
2024-09-16,UNDER LABZ,126.65
2024-09-16,VITAFOR,8107.49
2024-09-16,YOSEN,192.83
2024-09-16,Z2,357.54
2024-09-16,ZEROMILK,24.65
2024-09-23,ALLMAX,255.0
2024-09-23,ATLHETICA NUTRITION,1832.03
2024-09-23,CAFFEINE ARMY,231.45
2024-09-23,CENTRAL NUTRITION,479.93
2024-09-23,DOBRO,390.7
2024-09-23,DR. PEANUT,160.77
2024-09-23,DUX,3239.26
2024-09-23,ELEMENTO PURO,256.69
2024-09-23,EQUALIV,985.92
2024-09-23,ESSENTIAL,2647.42
2024-09-23,FTW,163.74
2024-09-23,INTEGRALMEDICA,1549.03
2024-09-23,LAUTON,39.65
2024-09-23,MAX TITANIUM,468.28
2024-09-23,MOSTEIRO DEVAKAN,38.59
2024-09-23,MUSCLETECH,198.98
2024-09-23,NUTRIFY,1459.55
2024-09-23,OCEAN DROP,437.96
2024-09-23,PINATI,120.7
2024-09-23,PLANT POWER,238.48
2024-09-23,PURAVIDA,2791.54
2024-09-23,SANAVITA,248.05
2024-09-23,SHARK PRO,127.5
2024-09-23,SUBLYME,276.34
2024-09-23,TRUE SOURCE,1044.17
2024-09-23,VITAFOR,8099.35
2024-09-23,Z2,119.18
2024-09-30,ALLMAX,510.0
2024-09-30,APIS FLORA,231.74
2024-09-30,ATLHETICA NUTRITION,2225.92
2024-09-30,BLK PERFORMANCE,95.14
2024-09-30,BOLD,47.57
2024-09-30,CAFFEINE ARMY,311.33
2024-09-30,CENTRAL NUTRITION,470.58
2024-09-30,DOBRO,212.2
2024-09-30,DUX,3028.0
2024-09-30,EAT CLEAN,27.12
2024-09-30,ELEMENTO PURO,166.64
2024-09-30,EQUALIV,1869.79
2024-09-30,ESSENTIAL,1866.31
2024-09-30,FTW,255.85
2024-09-30,INTEGRALMEDICA,953.11
2024-09-30,KOALA,151.65
2024-09-30,KOBBER,35.82
2024-09-30,LAUTON,169.48
2024-09-30,MAIS MU,195.48
2024-09-30,MANDUBIM,20.22
2024-09-30,MAX TITANIUM,383.64
2024-09-30,MIX NUTRI,71.4
2024-09-30,NUTRATA,183.48
2024-09-30,NUTRIFY,1415.4
2024-09-30,OCEAN DROP,1319.87
2024-09-30,PURAVIDA,1922.86
2024-09-30,SANAVITA,80.62
2024-09-30,SUBLYME,87.21
2024-09-30,TOPWAY,124.77
2024-09-30,TRUE SOURCE,1041.6
2024-09-30,UNDER LABZ,379.95
2024-09-30,VITAFOR,8566.84
2024-09-30,YOSEN,218.32
2024-10-07,ADAPTOGEN,691.62
2024-10-07,ALLMAX,510.0
2024-10-07,APIS FLORA,45.33
2024-10-07,ATLHETICA NUTRITION,1576.13
2024-10-07,BOLD,912.26
2024-10-07,CAFFEINE ARMY,595.29
2024-10-07,CENTRAL NUTRITION,343.24
2024-10-07,DARKNESS,92.59
2024-10-07,DOBRO,1302.37
2024-10-07,DUOM,35.79
2024-10-07,DUX,2420.02
2024-10-07,EAT CLEAN,29.75
2024-10-07,ELEMENTO PURO,244.92
2024-10-07,EQUALIV,1163.56
2024-10-07,ESSENTIAL,2477.45
2024-10-07,FTW,309.4
2024-10-07,HART`S NATURAL,92.77
2024-10-07,INTEGRALMEDICA,2056.45
2024-10-07,LAUTON,240.18
2024-10-07,MAIS MU,61.48
2024-10-07,MAX TITANIUM,95.91
2024-10-07,MUSCLETECH,178.4
2024-10-07,NUTRATA,366.08
2024-10-07,NUTRIFY,692.37
2024-10-07,OCEAN DROP,991.2
2024-10-07,OPTIMUM NUTRITION,224.25
2024-10-07,PINATI,51.34
2024-10-07,PLANT POWER,151.86
2024-10-07,PURAVIDA,2688.21
2024-10-07,SANAVITA,100.13
2024-10-07,SUBLYME,261.63
2024-10-07,TOPWAY,86.73
2024-10-07,TRUE SOURCE,1265.81
2024-10-07,UNDER LABZ,253.3
2024-10-07,VITAFOR,10322.52
2024-10-07,WS NATURAIS,19.35
2024-10-07,YOSEN,286.32
2024-10-07,Z2,143.57
2024-10-14,ADAPTOGEN,423.09
2024-10-14,ALLMAX,382.5
2024-10-14,ATLHETICA NUTRITION,3409.72
2024-10-14,BOLD,644.54
2024-10-14,CAFFEINE ARMY,515.41
2024-10-14,CENTRAL NUTRITION,557.28
2024-10-14,DOBRO,100.61
2024-10-14,DUOM,18.18
2024-10-14,DUX,4203.25
2024-10-14,ELEMENTO PURO,406.52
2024-10-14,EQUALIV,1066.06
2024-10-14,ESSENTIAL,3331.09
2024-10-14,FLORMEL,66.93
2024-10-14,GU,201.35
2024-10-14,HART`S NATURAL,32.09
2024-10-14,HÁBITO VIDA,46.41
2024-10-14,INTEGRALMEDICA,807.12
2024-10-14,KOALA,303.3
2024-10-14,LAUTON,297.39
2024-10-14,MAIS MU,184.09
2024-10-14,MANDUBIM,36.21
2024-10-14,NUTRATA,477.38
2024-10-14,NUTRIFY,1177.2
2024-10-14,OCEAN DROP,1266.39
2024-10-14,PURAVIDA,2715.44
2024-10-14,SHARK PRO,127.5
2024-10-14,SUBLYME,291.05
2024-10-14,TOPWAY,124.77
2024-10-14,TRUE SOURCE,338.91
2024-10-14,VITAFOR,10260.8
2024-10-14,YOSEN,758.12
2024-10-14,Z2,83.98
2024-10-14,ZEROMILK,24.65
2024-10-21,ADAPTOGEN,841.58
2024-10-21,ALLMAX,127.5
2024-10-21,APIS FLORA,22.25
2024-10-21,ATLHETICA NUTRITION,1550.65
2024-10-21,BOLD,127.13
2024-10-21,CAFFEINE ARMY,408.02
2024-10-21,CENTRAL NUTRITION,446.01
2024-10-21,DOBRO,1583.74
2024-10-21,DUOM,21.34
2024-10-21,DUX,4005.78
2024-10-21,ELEMENTO PURO,83.32
2024-10-21,ENDOGEN,107.13
2024-10-21,EQUALIV,2155.7
2024-10-21,ESSENTIAL,1693.14
2024-10-21,FLORMEL,22.1
2024-10-21,FTW,410.55
2024-10-21,HART`S NATURAL,91.02
2024-10-21,INTEGRALMEDICA,1295.4
2024-10-21,LAUTON,247.55
2024-10-21,MAIS MU,81.99
2024-10-21,MANDUBIM,15.99
2024-10-21,MOSTEIRO DEVAKAN,77.18
2024-10-21,NUTRATA,1206.49
2024-10-21,NUTRIFY,659.52
2024-10-21,OCEAN DROP,1519.04
2024-10-21,PLANT POWER,151.86
2024-10-21,PURAVIDA,1808.13
2024-10-21,SUBLYME,87.21
2024-10-21,THÉRAPI,33.92
2024-10-21,TRUE SOURCE,403.98
2024-10-21,VITAFOR,9069.82
2024-10-21,YOSEN,219.95
2024-10-28,ADAPTOGEN,444.24
2024-10-28,ALLMAX,255.0
2024-10-28,APIS FLORA,31.97
2024-10-28,ATLHETICA NUTRITION,4035.4
2024-10-28,CAFFEINE ARMY,217.46
2024-10-28,CENTRAL NUTRITION,1210.35
2024-10-28,COPRA,23.8
2024-10-28,DOBRO,612.57
2024-10-28,DUX,4110.38
2024-10-28,ELEMENTO PURO,181.67
2024-10-28,EQUALIV,1004.36
2024-10-28,ESSENTIAL,3321.94
2024-10-28,FLORMEL,67.56
2024-10-28,FTW,89.24
2024-10-28,HART`S NATURAL,123.11
2024-10-28,HÁBITO VIDA,46.41
2024-10-28,INTEGRALMEDICA,1603.24
2024-10-28,KOALA,151.65
2024-10-28,KOBBER,35.82
2024-10-28,LAUTON,247.48
2024-10-28,MAIS MU,80.74
2024-10-28,MAX TITANIUM,95.91
2024-10-28,MOSTEIRO DEVAKAN,77.18
2024-10-28,NUTRATA,108.11
2024-10-28,NUTRIFY,1730.17
2024-10-28,OCEAN DROP,1322.08
2024-10-28,ONLY4,23.38
2024-10-28,PURAVIDA,2068.87
2024-10-28,SANAVITA,78.0
2024-10-28,SUBLYME,174.42
2024-10-28,TOPWAY,277.94
2024-10-28,TRUE SOURCE,1057.85
2024-10-28,TRUSTFUEL,83.2
2024-10-28,VITAFOR,9790.93
2024-10-28,WE:ON,50.07
2024-10-28,YOSEN,241.0
2024-10-28,Z2,143.57
2024-11-04,ADAPTOGEN,591.79
2024-11-04,ALLMAX,637.5
2024-11-04,APIS FLORA,94.85
2024-11-04,ATLHETICA NUTRITION,2621.2
2024-11-04,BOLD,121.58
2024-11-04,CAFFEINE ARMY,1494.4
2024-11-04,CENTRAL NUTRITION,319.29
2024-11-04,CHÁ MAIS,40.8
2024-11-04,DOBRO,210.91
2024-11-04,DUOM,125.55
2024-11-04,DUX,4171.4
2024-11-04,ELEMENTO PURO,700.78
2024-11-04,EQUALIV,663.33
2024-11-04,ESSENTIAL,3410.27
2024-11-04,FLORMEL,127.93
2024-11-04,FTW,255.85
2024-11-04,GU,33.56
2024-11-04,HART`S NATURAL,91.02
2024-11-04,INTEGRALMEDICA,1474.77
2024-11-04,KOALA,256.58
2024-11-04,LAUTON,249.48
2024-11-04,MAIS MU,299.26
2024-11-04,MAX TITANIUM,76.58
2024-11-04,MIX NUTRI,213.08
2024-11-04,MOSTEIRO DEVAKAN,77.18
2024-11-04,NUTRATA,562.49
2024-11-04,NUTRIFY,2003.75
2024-11-04,OCEAN DROP,1099.52
2024-11-04,PINATI,36.51
2024-11-04,PLANT POWER,151.86
2024-11-04,PURAVIDA,3231.72
2024-11-04,SPEEDO NUTRITION,69.98
2024-11-04,SUBLYME,378.26
2024-11-04,SUPER NUTRITION,93.86
2024-11-04,THÉRAPI,33.92
2024-11-04,TRUE SOURCE,812.18
2024-11-04,TRUSTFUEL,83.2
2024-11-04,TUFF LABS,54.71
2024-11-04,VITAFOR,9564.93
2024-11-04,YOSEN,297.92
2024-11-04,Z2,59.59
2024-11-11,ADAPTOGEN,869.25
2024-11-11,ALLMAX,255.0
2024-11-11,APIS FLORA,87.02
2024-11-11,ATLHETICA NUTRITION,1970.45
2024-11-11,CAFFEINE ARMY,229.58
2024-11-11,CENTRAL NUTRITION,607.01
2024-11-11,DOBRO,314.73
2024-11-11,DUX,3953.82
2024-11-11,EQUALIV,606.38
2024-11-11,ESSENTIAL,2397.57
2024-11-11,FLORMEL,22.73
2024-11-11,FTW,467.92
2024-11-11,HÁBITO VIDA,21.56
2024-11-11,INTEGRALMEDICA,1419.6
2024-11-11,LAUTON,367.28
2024-11-11,MANDUBIM,20.22
2024-11-11,MAX TITANIUM,410.29
2024-11-11,MOSTEIRO DEVAKAN,77.18
2024-11-11,NUTRATA,216.22
2024-11-11,NUTRIFY,1845.86
2024-11-11,OCEAN DROP,769.7
2024-11-11,OPTIMUM NUTRITION,228.24
2024-11-11,PURAVIDA,2006.52
2024-11-11,SANAVITA,127.8
2024-11-11,SHARK PRO,309.74
2024-11-11,SUBLYME,261.63
2024-11-11,SYNTRAX,247.84
2024-11-11,TRUSTFUEL,146.99
2024-11-11,UNDER LABZ,253.3
2024-11-11,VITAFOR,10635.34
2024-11-11,YOSEN,79.6
2024-11-11,Z2,167.96
2024-11-18,ADAPTOGEN,1372.94
2024-11-18,ALLMAX,375.0
2024-11-18,APIS FLORA,22.25
2024-11-18,ATLHETICA NUTRITION,1277.93
2024-11-18,BOLD,47.57
2024-11-18,CAFFEINE ARMY,882.82
2024-11-18,CENTRAL NUTRITION,1784.45
2024-11-18,CHEF WHEY,166.97
2024-11-18,DARKNESS,123.34
2024-11-18,DOBRO,185.92
2024-11-18,DUOM,73.72
2024-11-18,DUX,3951.73
2024-11-18,ELEMENTO PURO,431.32
2024-11-18,EQUALIV,1025.62
2024-11-18,ESSENTIAL,2272.96
2024-11-18,FTW,159.59
2024-11-18,HART`S NATURAL,91.02
2024-11-18,HÁBITO VIDA,92.82
2024-11-18,INTEGRALMEDICA,1287.04
2024-11-18,KOALA,303.3
2024-11-18,LAUTON,189.97
2024-11-18,MAIS MU,213.71
2024-11-18,MANDUBIM,20.22
2024-11-18,MAX TITANIUM,469.67
2024-11-18,MIX NUTRI,354.76
2024-11-18,NUTRATA,722.11
2024-11-18,NUTRIFY,1178.11
2024-11-18,NUTRILATINA,60.31
2024-11-18,OCEAN DROP,1307.04
2024-11-18,PINATI,102.68
2024-11-18,PURAVIDA,3432.93
2024-11-18,SUBLYME,348.84
2024-11-18,SUPER NUTRITION,187.72
2024-11-18,SYNTRAX,247.84
2024-11-18,TRUE SOURCE,468.65
2024-11-18,UNDER LABZ,146.48
2024-11-18,VITAFOR,11434.25
2024-11-18,YOSEN,118.15
2024-11-25,ADAPTOGEN,843.43
2024-11-25,ALLMAX,360.0
2024-11-25,APIS FLORA,76.47
2024-11-25,ATLHETICA NUTRITION,1844.3
2024-11-25,BOLD,455.94
2024-11-25,CAFFEINE ARMY,977.43
2024-11-25,CENTRAL NUTRITION,1741.46
2024-11-25,DARKNESS,123.34
2024-11-25,DOBRO,495.09
2024-11-25,DUOM,69.48
2024-11-25,DUX,5829.54
2024-11-25,ELEMENTO PURO,576.62
2024-11-25,EQUALIV,681.66
2024-11-25,ESSENTIAL,5356.94
2024-11-25,FLORMEL,44.2
2024-11-25,FTW,391.64
2024-11-25,GU,33.56
2024-11-25,HART`S NATURAL,32.09
2024-11-25,HÁBITO VIDA,21.56
2024-11-25,INTEGRALMEDICA,1135.49
2024-11-25,KOALA,151.65
2024-11-25,LAUTON,514.1
2024-11-25,MANDUBIM,15.99
2024-11-25,MAX TITANIUM,257.13
2024-11-25,MOSTEIRO DEVAKAN,154.36
2024-11-25,NUTRATA,454.38
2024-11-25,NUTRIFY,1558.59
2024-11-25,NUTRILATINA,60.31
2024-11-25,OCEAN DROP,1205.51
2024-11-25,OPTIMUM NUTRITION,228.24
2024-11-25,PLANT POWER,86.62
2024-11-25,PURAVIDA,3253.26
2024-11-25,SANAVITA,26.85
2024-11-25,SUBLYME,189.13
2024-11-25,THÉRAPI,33.92
2024-11-25,TOPWAY,124.77
2024-11-25,TRUE SOURCE,1319.53
2024-11-25,VITAFOR,13251.64
2024-11-25,VITALIN,26.91
2024-11-25,WS NATURAIS,19.35
2024-11-25,YOSEN,315.72
2024-12-02,ADAPTOGEN,979.86
2024-12-02,ALLMAX,127.5
2024-12-02,ATLHETICA NUTRITION,1449.66
2024-12-02,BOLD,122.27
2024-12-02,CAFFEINE ARMY,178.72
2024-12-02,CENTRAL NUTRITION,687.16
2024-12-02,DOBRO,487.34
2024-12-02,DUX,4263.26
2024-12-02,EAT CLEAN,21.0
2024-12-02,EQUALIV,1461.16
2024-12-02,ESSENTIAL,3157.22
2024-12-02,FTW,236.94
2024-12-02,INTEGRALMEDICA,384.27
2024-12-02,LAUTON,129.41
2024-12-02,MAX TITANIUM,76.58
2024-12-02,NUTRATA,1362.32
2024-12-02,NUTRIFY,2057.93
2024-12-02,NUTRILATINA,151.03
2024-12-02,OCEAN DROP,859.12
2024-12-02,PLANT POWER,443.71
2024-12-02,PURAVIDA,3010.73
2024-12-02,SUBLYME,87.21
2024-12-02,TRUE SOURCE,426.44
2024-12-02,TRUSTFUEL,193.77
2024-12-02,UNDER LABZ,253.3
2024-12-02,VITAFOR,8641.19
2024-12-02,YOSEN,79.6
2024-12-09,ADAPTOGEN,1396.15
2024-12-09,ATLHETICA NUTRITION,1011.42
2024-12-09,BOLD,360.09
2024-12-09,CAFFEINE ARMY,461.06
2024-12-09,CENTRAL NUTRITION,1171.08
2024-12-09,CHÁ MAIS,36.6
2024-12-09,DOBRO,126.44
2024-12-09,DUX,3991.8
2024-12-09,EAT CLEAN,27.12
2024-12-09,ELEMENTO PURO,363.34
2024-12-09,EQUALIV,1022.27
2024-12-09,ESSENTIAL,1064.64
2024-12-09,FLORMEL,65.83
2024-12-09,FTW,201.24
2024-12-09,HÁBITO VIDA,21.56
2024-12-09,INTEGRALMEDICA,1605.14
2024-12-09,LAUTON,391.84
2024-12-09,MAIS MU,361.65
2024-12-09,MAX TITANIUM,659.39
2024-12-09,NEO PRO LINE,84.15
2024-12-09,NUTRATA,1033.71
2024-12-09,NUTRIFY,1770.5
2024-12-09,OCEAN DROP,1269.21
2024-12-09,PLANT POWER,173.24
2024-12-09,PURAVIDA,3841.67
2024-12-09,SUBLYME,101.92
2024-12-09,SUPER NUTRITION,166.04
2024-12-09,SYNTRAX,247.84
2024-12-09,TRUE SOURCE,391.69
2024-12-09,UNDER LABZ,199.89
2024-12-09,VITAFOR,8597.02
2024-12-16,ADAPTOGEN,531.85
2024-12-16,APIS FLORA,23.29
2024-12-16,ATLHETICA NUTRITION,937.07
2024-12-16,BOLD,177.55
2024-12-16,CAFFEINE ARMY,88.55
2024-12-16,CENTRAL NUTRITION,755.08
2024-12-16,DUOM,26.12
2024-12-16,DUX,3320.78
2024-12-16,ELEMENTO PURO,538.14
2024-12-16,EQUALIV,473.48
2024-12-16,ESSENTIAL,2393.08
2024-12-16,FTW,410.55
2024-12-16,HART`S NATURAL,94.52
2024-12-16,HÁBITO VIDA,67.97
2024-12-16,INTEGRALMEDICA,356.11
2024-12-16,INTERNATIONAL PROTEIN,221.34
2024-12-16,KOALA,151.65
2024-12-16,LAUTON,596.1
2024-12-16,MAX TITANIUM,229.74
2024-12-16,MOSTEIRO DEVAKAN,38.59
2024-12-16,NEO PRO LINE,84.15
2024-12-16,NUTRATA,451.12
2024-12-16,NUTRIFY,1556.21
2024-12-16,OCEAN DROP,1185.14
2024-12-16,PURAVIDA,1908.28
2024-12-16,SANAVITA,156.0
2024-12-16,SUBLYME,101.92
2024-12-16,TOPWAY,153.17
2024-12-16,TRUE SOURCE,300.84
2024-12-16,TRUSTFUEL,196.06
2024-12-16,TUFF LABS,52.83
2024-12-16,UNDER LABZ,253.3
2024-12-16,VITAFOR,7164.38
2024-12-16,WS NATURAIS,19.35
2024-12-16,YOSEN,510.82
2024-12-23,APIS FLORA,82.46
2024-12-23,ATLHETICA NUTRITION,722.88
2024-12-23,CAFFEINE ARMY,269.28
2024-12-23,DUX,1637.56
2024-12-23,EQUALIV,271.7
2024-12-23,ESSENTIAL,931.76
2024-12-23,FTW,119.0
2024-12-23,INTEGRALMEDICA,478.49
2024-12-23,LAUTON,66.43
2024-12-23,MAX TITANIUM,149.25
2024-12-23,MOSTEIRO DEVAKAN,77.18
2024-12-23,NUTRATA,108.11
2024-12-23,NUTRIFY,599.26
2024-12-23,OCEAN DROP,583.16
2024-12-23,PURAVIDA,1299.6
2024-12-23,TRUE SOURCE,359.86
2024-12-23,VITAFOR,3523.88
2024-12-30,ADAPTOGEN,83.35
2024-12-30,APIS FLORA,36.3
2024-12-30,ATLHETICA NUTRITION,1490.57
2024-12-30,CAFFEINE ARMY,499.07
2024-12-30,DUX,2199.7
2024-12-30,ELEMENTO PURO,181.67
2024-12-30,EQUALIV,804.06
2024-12-30,ESSENTIAL,812.79
2024-12-30,INTEGRALMEDICA,696.22
2024-12-30,LAUTON,136.35
2024-12-30,MAX TITANIUM,442.28
2024-12-30,NUTRATA,321.7
2024-12-30,NUTRIFY,545.5
2024-12-30,OCEAN DROP,458.37
2024-12-30,PURAVIDA,601.71
2024-12-30,SUPER NUTRITION,72.18
2024-12-30,TRUE SOURCE,72.17
2024-12-30,UNDER LABZ,73.24
2024-12-30,VITAFOR,3881.75
2024-12-30,YOSEN,65.71
2024-12-30,Z2,34.34
2025-01-06,ADAPTOGEN,99.11
2025-01-06,APIS FLORA,118.16
2025-01-06,AST SPORTS SCIENCE,172.79
2025-01-06,ATLHETICA NUTRITION,704.11
2025-01-06,BOLD,1066.67
2025-01-06,CAFFEINE ARMY,511.89
2025-01-06,CENTRAL NUTRITION,382.26
2025-01-06,CHÁ MAIS,18.0
2025-01-06,DOBRO,55.96
2025-01-06,DUOM,46.09
2025-01-06,DUX,5217.17
2025-01-06,ELEMENTO PURO,439.79
2025-01-06,EQUALIV,1892.71
2025-01-06,ESSENTIAL,3239.26
2025-01-06,FLORMEL,76.34
2025-01-06,FTW,669.16
2025-01-06,GU,201.35
2025-01-06,HART`S NATURAL,62.43
2025-01-06,INTEGRALMEDICA,1980.12
2025-01-06,KOALA,151.65
2025-01-06,LAUTON,200.4
2025-01-06,MAIS MU,500.54
2025-01-06,MAX TITANIUM,289.12
2025-01-06,MOSTEIRO DEVAKAN,77.18
2025-01-06,NUTRATA,895.22
2025-01-06,NUTRIFY,1435.76
2025-01-06,OCEAN DROP,801.14
2025-01-06,PURAVIDA,2254.46
2025-01-06,SHARK PRO,127.5
2025-01-06,SUBLYME,87.21
2025-01-06,TRUE SOURCE,629.3
2025-01-06,UNDER LABZ,146.48
2025-01-06,VITAFOR,9283.32
2025-01-06,YOSEN,306.71
2025-01-13,ADAPTOGEN,1248.95
2025-01-13,ALLMAX,127.5
2025-01-13,APIS FLORA,23.08
2025-01-13,ATLHETICA NUTRITION,2196.95
2025-01-13,BIOGHEN,30.48
2025-01-13,BOLD,36.85
2025-01-13,CAFFEINE ARMY,372.52
2025-01-13,CENTRAL NUTRITION,390.12
2025-01-13,DOBRO,669.8
2025-01-13,DUOM,47.46
2025-01-13,DUX,6393.92
2025-01-13,ELEMENTO PURO,333.28
2025-01-13,ENDOGEN,107.13
2025-01-13,EQUALIV,1359.4
2025-01-13,ESSENTIAL,4648.69
2025-01-13,FLORMEL,29.33
2025-01-13,FTW,402.48
2025-01-13,HART`S NATURAL,62.43
2025-01-13,HÁBITO VIDA,46.41
2025-01-13,INTEGRALMEDICA,3386.72
2025-01-13,KOALA,202.02
2025-01-13,LAUTON,452.31
2025-01-13,MAIS MU,249.32
2025-01-13,MAX TITANIUM,382.9
2025-01-13,NUTRATA,556.93
2025-01-13,NUTRIFY,2016.92
2025-01-13,OCEAN DROP,1521.23
2025-01-13,OPTIMUM NUTRITION,228.24
2025-01-13,PURAVIDA,3000.55
2025-01-13,SHARK PRO,313.99
2025-01-13,SUBLYME,101.92
2025-01-13,SUPER NUTRITION,93.86
2025-01-13,TRUE SOURCE,1428.64
2025-01-13,UNDER LABZ,146.48
2025-01-13,VITAFOR,11087.26
2025-01-13,YOSEN,386.31
2025-01-20,ADAPTOGEN,922.67
2025-01-20,APIS FLORA,22.25
2025-01-20,ATLHETICA NUTRITION,1526.54
2025-01-20,BOLD,218.83
2025-01-20,CAFFEINE ARMY,487.48
2025-01-20,CENTRAL NUTRITION,971.41
2025-01-20,COMBOS,181.25
2025-01-20,COPRA,17.85
2025-01-20,DOBRO,99.18
2025-01-20,DR. PEANUT,158.93
2025-01-20,DUX,3627.92
2025-01-20,DYMATIZE,749.7
2025-01-20,EAT CLEAN,71.33
2025-01-20,ELEMENTO PURO,730.71
2025-01-20,ENDOGEN,69.45
2025-01-20,EQUALIV,1961.63
2025-01-20,ESSENTIAL,2949.67
2025-01-20,FTW,446.25
2025-01-20,INTEGRALMEDICA,2014.0
2025-01-20,LAUTON,571.16
2025-01-20,MAIS MU,359.64
2025-01-20,MANDUBIM,20.22
2025-01-20,MAX TITANIUM,555.42
2025-01-20,NUTRATA,602.92
2025-01-20,NUTRIFY,3227.36
2025-01-20,OCEAN DROP,1333.09
2025-01-20,ONLY4,23.38
2025-01-20,PINATI,102.68
2025-01-20,PLANT POWER,119.03
2025-01-20,PURAVIDA,2484.57
2025-01-20,SHARK PRO,84.99
2025-01-20,SPEEDO NUTRITION,139.96
2025-01-20,SUBLYME,365.59
2025-01-20,SUPER NUTRITION,303.17
2025-01-20,TOPWAY,153.17
2025-01-20,TRUE SOURCE,845.22
2025-01-20,TRUSTFUEL,94.6
2025-01-20,UNDER LABZ,73.24
2025-01-20,VITAFOR,11910.66
2025-01-20,YOSEN,324.25
2025-01-20,Z2,68.68
2025-01-27,ADAPTOGEN,515.48
2025-01-27,ALLMAX,127.5
2025-01-27,APIS FLORA,91.49
2025-01-27,ATLHETICA NUTRITION,2805.83
2025-01-27,BOLD,151.98
2025-01-27,CAFFEINE ARMY,923.34
2025-01-27,CENTRAL NUTRITION,535.36
2025-01-27,CHÁ DA SERRA,23.46
2025-01-27,CHÁ MAIS,18.0
2025-01-27,COMBOS,181.25
2025-01-27,DOBRO,25.83
2025-01-27,DUX,4532.89
2025-01-27,EAT CLEAN,38.94
2025-01-27,ELEMENTO PURO,716.99
2025-01-27,ENDOGEN,69.45
2025-01-27,EQUALIV,679.34
2025-01-27,ESSENTIAL,4898.88
2025-01-27,FLORMEL,29.33
2025-01-27,FTW,497.68
2025-01-27,HÁBITO VIDA,46.41
2025-01-27,INTEGRALMEDICA,2750.73
2025-01-27,LAUTON,872.34
2025-01-27,MAIS MU,523.28
2025-01-27,MANDUBIM,20.22
2025-01-27,MAX TITANIUM,76.58
2025-01-27,NICE MILK,48.25
2025-01-27,NUTRATA,1278.95
2025-01-27,NUTRIFY,3796.99
2025-01-27,NUTRILATINA,90.72
2025-01-27,OCEAN DROP,2146.12
2025-01-27,ONLY4,46.76
2025-01-27,OPTIMUM NUTRITION,228.24
2025-01-27,ORGANIC INDIA,51.02
2025-01-27,PLANT POWER,227.79
2025-01-27,PURAVIDA,3903.7
2025-01-27,SANAVITA,135.68
2025-01-27,SHARK PRO,127.5
2025-01-27,SUBLYME,363.55
2025-01-27,TRUE SOURCE,825.86
2025-01-27,TRUSTFUEL,110.7
2025-01-27,UNDER LABZ,73.24
2025-01-27,VITAFOR,13535.57
2025-01-27,YOSEN,363.63
2025-02-03,ADAPTOGEN,529.51
2025-02-03,ALLMAX,382.5
2025-02-03,APIS FLORA,63.94
2025-02-03,ATLHETICA NUTRITION,1850.85
2025-02-03,BOLD,1030.24
2025-02-03,CAFFEINE ARMY,1157.01
2025-02-03,CENTRAL NUTRITION,443.98
2025-02-03,DOBRO,530.56
2025-02-03,DR. PEANUT,107.18
2025-02-03,DUX,8864.61
2025-02-03,ELEMENTO PURO,1370.41
2025-02-03,ENDOGEN,176.58
2025-02-03,EQUALIV,1272.03
2025-02-03,ESSENTIAL,4436.83
2025-02-03,FLORMEL,66.93
2025-02-03,FTW,636.18
2025-02-03,HÁBITO VIDA,107.8
2025-02-03,INTEGRALMEDICA,1057.27
2025-02-03,KOALA,151.65
2025-02-03,KOBBER,35.82
2025-02-03,LAUTON,191.71
2025-02-03,MAIS MU,615.19
2025-02-03,MANDUBIM,36.21
2025-02-03,MAX TITANIUM,345.04
2025-02-03,MOSTEIRO DEVAKAN,77.18
2025-02-03,NUTRATA,583.9
2025-02-03,NUTRIFY,1519.76
2025-02-03,OCEAN DROP,2745.24
2025-02-03,PLANT POWER,227.79
2025-02-03,PURAVIDA,3082.68
2025-02-03,SHARK PRO,27.37
2025-02-03,SUBLYME,450.76
2025-02-03,TOPWAY,306.34
2025-02-03,TRUE SOURCE,1263.59
2025-02-03,TRUSTFUEL,91.18
2025-02-03,TUFF LABS,52.83
2025-02-03,VITAFOR,10877.62
2025-02-03,VITALIN,14.27
2025-02-03,YOSEN,838.48
2025-02-03,Z2,167.96
2025-02-10,ADAPTOGEN,699.66
2025-02-10,ALLMAX,127.5
2025-02-10,APIS FLORA,44.5
2025-02-10,ATLHETICA NUTRITION,2225.33
2025-02-10,BOLD,151.98
2025-02-10,CAFFEINE ARMY,838.65
2025-02-10,CELLFORCE,102.0
2025-02-10,CENTRAL NUTRITION,352.08
2025-02-10,DOBRO,698.42
2025-02-10,DUOM,135.13
2025-02-10,DUX,11150.34
2025-02-10,ELEMENTO PURO,824.32
2025-02-10,EQUALIV,3125.0
2025-02-10,ESSENTIAL,6250.61
2025-02-10,FTW,270.13
2025-02-10,GRANO SQUARE,43.56
2025-02-10,GU,604.05
2025-02-10,HART`S NATURAL,30.34
2025-02-10,HÁBITO VIDA,135.94
2025-02-10,INTEGRALMEDICA,2106.4
2025-02-10,LAUTON,700.28
2025-02-10,L`AMORE NUTS,20.11
2025-02-10,MAIS MU,144.49
2025-02-10,MAX TITANIUM,172.52
2025-02-10,NUTRATA,1214.04
2025-02-10,NUTRIFY,2168.6
2025-02-10,OCEAN DROP,2507.64
2025-02-10,ORGANIC INDIA,51.02
2025-02-10,PLANT POWER,151.86
2025-02-10,PURAVIDA,4677.65
2025-02-10,SHARK PRO,240.89
2025-02-10,SUBLYME,101.92
2025-02-10,SUPER NUTRITION,187.72
2025-02-10,THÉRAPI,33.92
2025-02-10,TRUE SOURCE,1210.36
2025-02-10,UNDER LABZ,73.24
2025-02-10,VITAFOR,16416.24
2025-02-10,VITALIN,12.64
2025-02-10,WS NATURAIS,19.35
2025-02-10,YOSEN,138.72
2025-02-10,Z2,78.74
2025-02-10,ZEROMILK,24.65
2025-02-17,ADAPTOGEN,1507.37
2025-02-17,ALLMAX,127.5
2025-02-17,APIS FLORA,31.97
2025-02-17,ATLHETICA NUTRITION,3296.08
2025-02-17,BOLD,151.98
2025-02-17,CAFFEINE ARMY,1054.34
2025-02-17,CENTRAL NUTRITION,443.22
2025-02-17,CHÁ MAIS,58.8
2025-02-17,DARKNESS,616.7
2025-02-17,DOBRO,713.92
2025-02-17,DR. PEANUT,51.75
2025-02-17,DUOM,21.34
2025-02-17,DUX,9670.73
2025-02-17,EAT CLEAN,108.48
2025-02-17,ELEMENTO PURO,666.19
2025-02-17,EQUALIV,2827.77
2025-02-17,ESSENTIAL,6865.97
2025-02-17,FLORMEL,73.53
2025-02-17,FTW,605.84
2025-02-17,HART`S NATURAL,62.43
2025-02-17,HÁBITO VIDA,24.85
2025-02-17,INTEGRALMEDICA,1857.35
2025-02-17,KOALA,252.66
2025-02-17,LAUTON,528.32
2025-02-17,MAIS MU,759.18
2025-02-17,MAX TITANIUM,255.2
2025-02-17,MOSTEIRO DEVAKAN,192.95
2025-02-17,NUTRATA,524.67
2025-02-17,NUTRIFY,1348.22
2025-02-17,NUTRILATINA,151.03
2025-02-17,OCEAN DROP,2269.54
2025-02-17,PLANT POWER,75.93
2025-02-17,PURAVIDA,5371.12
2025-02-17,SANAVITA,80.55
2025-02-17,SHARK PRO,157.25
2025-02-17,SPEEDO NUTRITION,69.98
2025-02-17,SUBLYME,174.42
2025-02-17,TERRAMAZONIA,49.71
2025-02-17,TOPWAY,153.17
2025-02-17,TRUE SOURCE,2625.73
2025-02-17,TRUSTFUEL,194.92
2025-02-17,TUFF LABS,89.2
2025-02-17,VITAFOR,14635.6
2025-02-17,YOSEN,79.6
2025-02-17,Z2,31.07
2025-02-24,ADAPTOGEN,917.92
2025-02-24,ALLMAX,127.5
2025-02-24,APIS FLORA,162.62
2025-02-24,ATLHETICA NUTRITION,2800.84
2025-02-24,BOLD,296.65
2025-02-24,CAFFEINE ARMY,770.44
2025-02-24,CENTRAL NUTRITION,386.51
2025-02-24,COPRA,23.72
2025-02-24,DOBRO,317.81
2025-02-24,DR. PEANUT,107.18
2025-02-24,DUOM,85.25
2025-02-24,DUX,10811.95
2025-02-24,EAT CLEAN,27.12
2025-02-24,EQUALIV,4183.35
2025-02-24,ESSENTIAL,5837.79
2025-02-24,FLORMEL,33.24
2025-02-24,FTW,383.57
2025-02-24,INTEGRALMEDICA,961.52
2025-02-24,KOALA,404.31
2025-02-24,KOBBER,35.82
2025-02-24,LAUTON,487.24
2025-02-24,MAIS MU,42.76
2025-02-24,MOSTEIRO DEVAKAN,77.18
2025-02-24,NUTRATA,880.68
2025-02-24,NUTRIFY,1953.4
2025-02-24,NUTRILATINA,90.72
2025-02-24,OCEAN DROP,1582.7
2025-02-24,ONLY4,23.38
2025-02-24,OPTIMUM NUTRITION,260.96
2025-02-24,PURAVIDA,3316.23
2025-02-24,SUBLYME,191.17
2025-02-24,TRUE SOURCE,743.02
2025-02-24,TRUSTFUEL,196.06
2025-02-24,VITAFOR,17202.08
2025-02-24,VITALIN,37.92
2025-02-24,WE:ON,44.18
2025-02-24,YOSEN,789.75
2025-02-24,Z2,31.07
2025-03-03,ADAPTOGEN,589.45
2025-03-03,ALLMAX,161.5
2025-03-03,APIS FLORA,125.12
2025-03-03,ATLHETICA NUTRITION,2534.48
2025-03-03,BOLD,837.77
2025-03-03,CAFFEINE ARMY,1067.64
2025-03-03,CENTRAL NUTRITION,901.62
2025-03-03,CHÁ MAIS,18.0
2025-03-03,DARKNESS,123.34
2025-03-03,DOBRO,357.61
2025-03-03,DR. PEANUT,266.11
2025-03-03,DUOM,108.12
2025-03-03,DUX,13773.37
2025-03-03,EAT CLEAN,27.12
2025-03-03,ELEMENTO PURO,837.6
2025-03-03,EQUALIV,2363.27
2025-03-03,ESSENTIAL,5611.08
2025-03-03,EURONUTRY,30.0
2025-03-03,FLORMEL,181.21
2025-03-03,FTW,257.17
2025-03-03,GU,234.91
2025-03-03,HART`S NATURAL,30.34
2025-03-03,HÁBITO VIDA,49.7
2025-03-03,INTEGRALMEDICA,3008.53
2025-03-03,KOALA,151.65
2025-03-03,KOBBER,35.82
2025-03-03,LAUTON,888.04
2025-03-03,MAIS MU,397.16
2025-03-03,MANDUBIM,31.98
2025-03-03,MAX TITANIUM,150.95
2025-03-03,NICE MILK,48.25
2025-03-03,NUTRATA,200.33
2025-03-03,NUTRIFY,905.3
2025-03-03,OCEAN DROP,2498.98
2025-03-03,ONLY4,23.38
2025-03-03,ORGANIC INDIA,51.02
2025-03-03,PINATI,59.71
2025-03-03,PLANT POWER,162.55
2025-03-03,PURAVIDA,7828.75
2025-03-03,SHARK PRO,240.89
2025-03-03,SUBLYME,276.34
2025-03-03,SUPER NUTRITION,375.44
2025-03-03,TOPWAY,153.17
2025-03-03,TRUE SOURCE,1119.84
2025-03-03,TUFF LABS,52.83
2025-03-03,VITAFOR,16320.45
2025-03-03,YOSEN,222.79
2025-03-03,Z2,59.59
2025-03-03,ZEROMILK,24.65
2025-03-10,ADAPTOGEN,1236.92
2025-03-10,APIS FLORA,116.46
2025-03-10,ATLHETICA NUTRITION,3266.41
2025-03-10,BOLD,26.97
2025-03-10,CAFFEINE ARMY,1258.78
2025-03-10,CENTRAL NUTRITION,585.34
2025-03-10,DOBRO,535.96
2025-03-10,DUX,12849.63
2025-03-10,EAT CLEAN,90.37
2025-03-10,ELEMENTO PURO,543.18
2025-03-10,EQUALIV,3007.37
2025-03-10,ESSENTIAL,5930.75
2025-03-10,FLORMEL,115.08
2025-03-10,FTW,642.6
2025-03-10,GU,201.35
2025-03-10,HÁBITO VIDA,173.95
2025-03-10,INTEGRALMEDICA,3212.64
2025-03-10,KOALA,151.65
2025-03-10,LAUTON,442.71
2025-03-10,MAIS MU,54.66
2025-03-10,MANDUBIM,15.99
2025-03-10,MAX TITANIUM,150.95
2025-03-10,MOSTEIRO DEVAKAN,115.77
2025-03-10,NUTRATA,915.45
2025-03-10,NUTRIFY,1291.42
2025-03-10,NUTRILATINA,90.72
2025-03-10,OCEAN DROP,2219.94
2025-03-10,ONLY4,93.52
2025-03-10,PLANT POWER,379.65
2025-03-10,PURAVIDA,6131.33
2025-03-10,QUEST NUTRITION,238.0
2025-03-10,SUBLYME,203.84
2025-03-10,SUPER NUTRITION,187.72
2025-03-10,THÉRAPI,33.92
2025-03-10,TOPWAY,401.07
2025-03-10,TRUE SOURCE,802.93
2025-03-10,TRUSTFUEL,213.29
2025-03-10,UNDER LABZ,126.65
2025-03-10,VITAFOR,15259.33
2025-03-10,WS NATURAIS,58.05
2025-03-10,YOSEN,367.04
2025-03-17,ADAPTOGEN,3085.28
2025-03-17,ALLMAX,947.45
2025-03-17,APIS FLORA,126.5
2025-03-17,ATLHETICA NUTRITION,1887.23
2025-03-17,CAFFEINE ARMY,1979.04
2025-03-17,CENTRAL NUTRITION,1576.73
2025-03-17,CHÁ MAIS,18.0
2025-03-17,COPRA,26.31
2025-03-17,DOBRO,143.06
2025-03-17,DR. PEANUT,214.36
2025-03-17,DUX,10042.63
2025-03-17,EAT CLEAN,81.53
2025-03-17,ELEMENTO PURO,181.67
2025-03-17,EQUALIV,2041.54
2025-03-17,ESSENTIAL,4447.16
2025-03-17,FLORMEL,94.69
2025-03-17,FTW,329.63
2025-03-17,GRANO SQUARE,43.56
2025-03-17,HART`S NATURAL,32.09
2025-03-17,HÁBITO VIDA,24.85
2025-03-17,INTEGRALMEDICA,2504.42
2025-03-17,KOALA,353.67
2025-03-17,LAUTON,228.69
2025-03-17,MAIS MU,208.66
2025-03-17,MANDUBIM,20.22
2025-03-17,MAX TITANIUM,301.9
2025-03-17,MOSTEIRO DEVAKAN,38.59
2025-03-17,NUTRATA,323.92
2025-03-17,NUTRIFY,2672.76
2025-03-17,OCEAN DROP,2014.64
2025-03-17,ONLY4,23.38
2025-03-17,ORGANIC INDIA,51.02
2025-03-17,PINATI,139.19
2025-03-17,PLANT POWER,357.51
2025-03-17,PURAVIDA,3178.54
2025-03-17,SUBLYME,87.21
2025-03-17,SUPER NUTRITION,93.86
2025-03-17,THÉRAPI,33.92
2025-03-17,TOPWAY,153.17
2025-03-17,TRUE SOURCE,1638.09
2025-03-17,UNDER LABZ,126.65
2025-03-17,VITAFOR,16576.81
2025-03-17,YOSEN,339.93
2025-03-17,Z2,31.07
2025-03-24,ADAPTOGEN,1542.02
2025-03-24,APIS FLORA,131.3
2025-03-24,ATLHETICA NUTRITION,2519.43
2025-03-24,BENDU,30.98
2025-03-24,BOLD,180.17
2025-03-24,CAFFEINE ARMY,1810.95
2025-03-24,CELLFORCE,85.0
2025-03-24,CENTRAL NUTRITION,659.79
2025-03-24,CHÁ MAIS,18.0
2025-03-24,DARKNESS,198.34
2025-03-24,DOBRO,334.88
2025-03-24,DR. PEANUT,107.18
2025-03-24,DUOM,21.34
2025-03-24,DUX,11408.56
2025-03-24,EAT CLEAN,151.24
2025-03-24,ELEMENTO PURO,1225.37
2025-03-24,EQUALIV,2757.39
2025-03-24,ESSENTIAL,6854.86
2025-03-24,EURONUTRY,60.0
2025-03-24,FLORMEL,60.37
2025-03-24,FTW,424.83
2025-03-24,GOLDKO,32.81
2025-03-24,GU,27.69
2025-03-24,HART`S NATURAL,153.45
2025-03-24,INTEGRALMEDICA,2034.7
2025-03-24,KOALA,341.78
2025-03-24,KOBBER,35.82
2025-03-24,LAUTON,753.33
2025-03-24,MAIS MU,107.8
2025-03-24,MANDUBIM,47.97
2025-03-24,MAX TITANIUM,338.25
2025-03-24,MOSTEIRO DEVAKAN,38.59
2025-03-24,NUTRATA,517.71
2025-03-24,NUTRIFY,2979.61
2025-03-24,OCEAN DROP,2239.73
2025-03-24,ONLY4,70.14
2025-03-24,PURAVIDA,4362.61
2025-03-24,SUBLYME,174.42
2025-03-24,SUPER NUTRITION,72.18
2025-03-24,TOPWAY,94.73
2025-03-24,TRUE SOURCE,813.05
2025-03-24,TRUSTFUEL,208.73
2025-03-24,UNDER LABZ,326.54
2025-03-24,VITAFOR,13305.92
2025-03-24,VITALIN,12.64
2025-03-24,WS NATURAIS,38.7
2025-03-24,YOSEN,339.93
2025-03-24,Z2,119.17
2025-03-31,ADAPTOGEN,2125.67
2025-03-31,APIS FLORA,235.87
2025-03-31,ATLHETICA NUTRITION,3832.77
2025-03-31,BOLD,849.56
2025-03-31,CAFFEINE ARMY,1610.87
2025-03-31,CELLFORCE,100.0
2025-03-31,CENTRAL NUTRITION,855.47
2025-03-31,CHÁ MAIS,36.0
2025-03-31,DARKNESS,109.89
2025-03-31,DOBRO,339.4
2025-03-31,DR. PEANUT,214.36
2025-03-31,DUOM,135.61
2025-03-31,DUX,13526.01
2025-03-31,EAT CLEAN,27.12
2025-03-31,ELEMENTO PURO,584.33
2025-03-31,EQUALIV,2553.23
2025-03-31,ESSENTIAL,4567.28
2025-03-31,FLORMEL,65.85
2025-03-31,FTW,659.72
2025-03-31,GU,402.7
2025-03-31,HART`S NATURAL,123.11
2025-03-31,HÁBITO VIDA,149.1
2025-03-31,INTEGRALMEDICA,2615.54
2025-03-31,KOALA,303.3
2025-03-31,KOBBER,35.82
2025-03-31,LAUTON,264.97
2025-03-31,MAIS MU,242.91
2025-03-31,MANDUBIM,52.2
2025-03-31,MAX TITANIUM,150.95
2025-03-31,MOSTEIRO DEVAKAN,115.77
2025-03-31,NUTRATA,1083.79
2025-03-31,NUTRIFY,1841.81
2025-03-31,NUTRILATINA,90.72
2025-03-31,OCEAN DROP,1491.68
2025-03-31,ONLY4,23.84
2025-03-31,PLANT POWER,379.65
2025-03-31,PURAVIDA,5571.71
2025-03-31,SUBLYME,436.05
2025-03-31,SUPER NUTRITION,93.86
2025-03-31,SYNTRAX,279.64
2025-03-31,TOPWAY,153.17
2025-03-31,TRUE SOURCE,1866.59
2025-03-31,UNDER LABZ,199.89
2025-03-31,VITAFOR,20609.65
2025-03-31,YOSEN,236.3
2025-03-31,Z2,286.02
2025-04-07,ADAPTOGEN,1862.82
2025-04-07,APIS FLORA,78.78
2025-04-07,ATLHETICA NUTRITION,2604.31
2025-04-07,BOLD,400.82
2025-04-07,CAFFEINE ARMY,1789.05
2025-04-07,CENTRAL NUTRITION,877.99
2025-04-07,CHOC,43.2
2025-04-07,COPRA,26.31
2025-04-07,DARKNESS,351.69
2025-04-07,DOBRO,1211.73
2025-04-07,DR. PEANUT,105.34
2025-04-07,DUOM,39.33
2025-04-07,DUX,14786.35
2025-04-07,EAT CLEAN,104.49
2025-04-07,ENDOGEN,107.13
2025-04-07,EQUALIV,2216.54
2025-04-07,ESSENTIAL,7126.15
2025-04-07,FLORMEL,44.83
2025-04-07,FTW,190.82
2025-04-07,GOLDKO,58.91
2025-04-07,INTEGRALMEDICA,885.8
2025-04-07,LAUTON,743.36
2025-04-07,MAIS MU,248.32
2025-04-07,MANDUBIM,15.99
2025-04-07,MAX TITANIUM,138.11
2025-04-07,MOSTEIRO DEVAKAN,115.77
2025-04-07,MYDREAM,79.9
2025-04-07,NUTRATA,325.46
2025-04-07,NUTRIFY,2343.78
2025-04-07,NUTRILATINA,60.31
2025-04-07,OCEAN DROP,2271.75
2025-04-07,PINATI,190.53
2025-04-07,PLANT POWER,75.93
2025-04-07,PURAVIDA,4278.92
2025-04-07,SUBLYME,87.21
2025-04-07,SUPER NUTRITION,187.72
2025-04-07,TOPWAY,459.51
2025-04-07,TRUE SOURCE,2690.85
2025-04-07,VITAFOR,13785.49
2025-04-07,VITALIN,28.54
2025-04-07,WE:ON,220.9
2025-04-07,XTRATUS,293.86
2025-04-07,Z2,59.59
2025-04-14,ADAPTOGEN,840.12
2025-04-14,ALLMAX,161.5
2025-04-14,APIS FLORA,31.97
2025-04-14,ATLHETICA NUTRITION,3092.7
2025-04-14,BELIVE,50.58
2025-04-14,BOLD,830.28
2025-04-14,CAFFEINE ARMY,2151.65
2025-04-14,CENTRAL NUTRITION,1040.52
2025-04-14,CHÁ MAIS,18.0
2025-04-14,DARKNESS,117.23
2025-04-14,DOBRO,370.42
2025-04-14,DR. PEANUT,53.59
2025-04-14,DUOM,18.87
2025-04-14,DUX,10138.87
2025-04-14,ELEMENTO PURO,182.83
2025-04-14,EQUALIV,2643.33
2025-04-14,ESSENTIAL,6119.22
2025-04-14,FLORMEL,119.44
2025-04-14,GOLDKO,94.51
2025-04-14,HART`S NATURAL,32.09
2025-04-14,INTEGRALMEDICA,1253.61
2025-04-14,LAUTON,940.48
2025-04-14,MAIS MU,631.63
2025-04-14,MANDUBIM,15.99
2025-04-14,MAX TITANIUM,336.01
2025-04-14,MOSTEIRO DEVAKAN,38.59
2025-04-14,NUTRATA,1241.27
2025-04-14,NUTRIFY,2652.35
2025-04-14,OCEAN DROP,1674.72
2025-04-14,ONLY4,23.84
2025-04-14,PINATI,56.23
2025-04-14,PURAVIDA,4582.9
2025-04-14,STAMIN-UP,99.0
2025-04-14,SUBLYME,452.8
2025-04-14,SUPER NUTRITION,86.63
2025-04-14,TOPWAY,249.54
2025-04-14,TRUE SOURCE,445.21
2025-04-14,TRUSTFUEL,91.18
2025-04-14,VITAFOR,13508.23
2025-04-14,WHEYVIV,56.1
2025-04-14,YOSEN,182.41
2025-04-14,Z2,119.18
2025-04-14,ZEROMILK,40.12
2025-04-21,ADAPTOGEN,1425.35
2025-04-21,ALLMAX,161.5
2025-04-21,APIS FLORA,31.97
2025-04-21,ATLHETICA NUTRITION,2142.47
2025-04-21,BELIVE,25.29
2025-04-21,BENDU,82.15
2025-04-21,BOLD,36.85
2025-04-21,CAFFEINE ARMY,1706.7
2025-04-21,CENTRAL NUTRITION,277.02
2025-04-21,DARKNESS,234.46
2025-04-21,DOBRO,469.98
2025-04-21,DR. PEANUT,51.75
2025-04-21,DUX,10198.28
2025-04-21,EAT CLEAN,97.75
2025-04-21,ENDOGEN,107.13
2025-04-21,EQUALIV,1789.13
2025-04-21,ESSENTIAL,4898.95
2025-04-21,FLORMEL,203.66
2025-04-21,FTW,78.43
2025-04-21,GOLDKO,65.62
2025-04-21,GU,302.03
2025-04-21,HART`S NATURAL,151.7
2025-04-21,INTEGRALMEDICA,1581.95
2025-04-21,KOALA,555.96
2025-04-21,LAUTON,398.05
2025-04-21,MAIS MU,554.33
2025-04-21,MANDUBIM,20.22
2025-04-21,MAX TITANIUM,440.01
2025-04-21,MIX NUTRI,28.0
2025-04-21,MOSTEIRO DEVAKAN,115.77
2025-04-21,MUSCLETECH,124.0
2025-04-21,NICE MILK,48.25
2025-04-21,NUTRATA,1332.45
2025-04-21,NUTRIFY,1759.77
2025-04-21,OCEAN DROP,1633.84
2025-04-21,ORGANIC INDIA,153.06
2025-04-21,PLANT POWER,313.99
2025-04-21,PURAVIDA,4993.79
2025-04-21,QUEST NUTRITION,238.0
2025-04-21,STÉVIACHOCO,89.08
2025-04-21,SUBLYME,363.55
2025-04-21,SUPER NUTRITION,276.45
2025-04-21,TRUE SOURCE,710.45
2025-04-21,TRUSTFUEL,169.81
2025-04-21,VITAFOR,13508.09
2025-04-21,WHEYVIV,84.15
2025-04-21,WS NATURAIS,19.35
2025-04-21,YOSEN,178.5
2025-04-21,ZEROMILK,98.6
2025-04-28,ADAPTOGEN,1425.36
2025-04-28,ALLMAX,161.5
2025-04-28,APIS FLORA,52.52
2025-04-28,ATLHETICA NUTRITION,2444.28
2025-04-28,BELIVE,25.29
2025-04-28,BOLD,735.86
2025-04-28,CAFFEINE ARMY,1192.72
2025-04-28,CENTRAL NUTRITION,524.89
2025-04-28,DOBRO,657.78
2025-04-28,DR. PEANUT,53.59
2025-04-28,DUX,13284.63
2025-04-28,EAT CLEAN,48.72
2025-04-28,ELEMENTO PURO,47.78
2025-04-28,EQUALIV,3743.61
2025-04-28,ESSENTIAL,5298.41
2025-04-28,FLORMEL,55.34
2025-04-28,FTW,145.05
2025-04-28,GUDAY,305.82
2025-04-28,INTEGRALMEDICA,1491.0
2025-04-28,KOALA,415.8
2025-04-28,LAUTON,709.84
2025-04-28,MAIS MU,163.15
2025-04-28,MANDUBIM,47.97
2025-04-28,MAX TITANIUM,150.95
2025-04-28,MOSTEIRO DEVAKAN,38.59
2025-04-28,NUTRATA,1041.77
2025-04-28,NUTRIFY,2649.01
2025-04-28,OCEAN DROP,1507.0
2025-04-28,OPTIMUM NUTRITION,228.24
2025-04-28,PLANT POWER,270.89
2025-04-28,PURAVIDA,4769.68
2025-04-28,SANAVITA,80.03
2025-04-28,SUBLYME,176.46
2025-04-28,SUPER NUTRITION,187.72
2025-04-28,THÉRAPI,33.92
2025-04-28,TOPWAY,306.34
2025-04-28,TRUE SOURCE,739.16
2025-04-28,VITAFOR,11878.93
2025-04-28,WS NATURAIS,19.35
2025-04-28,XTRATUS,146.93
2025-04-28,YOSEN,144.25
2025-05-05,ADAPTOGEN,2083.59
2025-05-05,APIS FLORA,131.3
2025-05-05,ATLHETICA NUTRITION,1862.66
2025-05-05,BELIVE,75.87
2025-05-05,BOLD,1035.9
2025-05-05,CAFFEINE ARMY,1891.43
2025-05-05,CENTRAL NUTRITION,827.26
2025-05-05,CHÁ MAIS,18.0
2025-05-05,COPRA,23.38
2025-05-05,DARKNESS,92.59
2025-05-05,DOBRO,641.98
2025-05-05,DUX,12900.97
2025-05-05,EAT CLEAN,239.16
2025-05-05,ELEMENTO PURO,365.66
2025-05-05,EQUALIV,3910.22
2025-05-05,ESSENTIAL,6274.22
2025-05-05,EURONUTRY,103.0
2025-05-05,FLORMEL,55.34
2025-05-05,FTW,256.05
2025-05-05,GOLDKO,62.3
2025-05-05,HART`S NATURAL,30.34
2025-05-05,HÁBITO VIDA,24.85
2025-05-05,INTEGRALMEDICA,2075.66
2025-05-05,KOALA,555.96
2025-05-05,KONJAC MASSA MF,24.3
2025-05-05,LAUTON,904.08
2025-05-05,MAIS MU,418.96
2025-05-05,MANDUBIM,36.21
2025-05-05,MAX TITANIUM,510.7
2025-05-05,MOSTEIRO DEVAKAN,38.59
2025-05-05,NICE MILK,48.25
2025-05-05,NUTRATA,723.24
2025-05-05,NUTRIFY,3670.34
2025-05-05,NUTRILATINA,90.72
2025-05-05,OCEAN DROP,2263.2
2025-05-05,ONLY4,46.76
2025-05-05,PERFOMANCE NUTRITION,81.76
2025-05-05,PLANT POWER,431.51
2025-05-05,PURAVIDA,4616.82
2025-05-05,STAMIN-UP,99.0
2025-05-05,SUBLYME,203.84
2025-05-05,SUPER NUTRITION,72.18
2025-05-05,SÃO FRANCISCO,31.87
2025-05-05,TOPWAY,437.36
2025-05-05,TRUE SOURCE,1213.83
2025-05-05,TRUSTFUEL,200.62
2025-05-05,VITAFOR,17470.45
2025-05-05,VITALIN,25.28
2025-05-05,WS NATURAIS,19.35
2025-05-05,XTRATUS,146.93
2025-05-05,YOSEN,287.05
2025-05-05,Z2,143.57
2025-05-12,ADAPTOGEN,2164.45
2025-05-12,ALLMAX,323.0
2025-05-12,APIS FLORA,31.97
2025-05-12,ATLHETICA NUTRITION,2989.35
2025-05-12,BELIVE,25.29
2025-05-12,BOLD,614.83
2025-05-12,CAFFEINE ARMY,3547.71
2025-05-12,CENTRAL NUTRITION,1812.7
2025-05-12,CLEAN WHEY,115.37
2025-05-12,DOBRO,936.29
2025-05-12,DUOM,39.33
2025-05-12,DUX,13446.6
2025-05-12,ENDOGEN,107.13
2025-05-12,EQUALIV,2297.78
2025-05-12,ESSENTIAL,4591.23
2025-05-12,FTW,138.24
2025-05-12,GOLDKO,29.49
2025-05-12,INTEGRALMEDICA,2591.38
2025-05-12,KOALA,656.97
2025-05-12,LAUTON,421.28
2025-05-12,MAIS MU,455.05
2025-05-12,MANDUBIM,108.63
2025-05-12,MAX TITANIUM,115.15
2025-05-12,MOSTEIRO DEVAKAN,115.77
2025-05-12,NEW MILLEN,119.63
2025-05-12,NICE MILK,48.25
2025-05-12,NUTRATA,869.77
2025-05-12,NUTRIFY,3322.12
2025-05-12,NUTRILATINA,60.31
2025-05-12,OCEAN DROP,2746.66
2025-05-12,ONLY4,23.38
2025-05-12,OPTIMUM NUTRITION,228.24
2025-05-12,PLANT POWER,119.03
2025-05-12,PURAVIDA,3229.47
2025-05-12,SUBLYME,450.76
2025-05-12,SÃO FRANCISCO,31.87
2025-05-12,TOPWAY,94.73
2025-05-12,TRUE SOURCE,1421.38
2025-05-12,VITAFOR,14346.78
2025-05-12,WHEYVIV,140.25
2025-05-12,WS NATURAIS,19.35
2025-05-12,XTRATUS,440.79
2025-05-12,YOSEN,843.97
2025-05-12,Z2,83.98
2025-05-19,ADAPTOGEN,1795.38
2025-05-19,ALLMAX,161.5
2025-05-19,APIS FLORA,163.27
2025-05-19,ATLHETICA NUTRITION,2276.1
2025-05-19,BOLD,554.86
2025-05-19,CAFFEINE ARMY,2022.39
2025-05-19,CENTRAL NUTRITION,812.97
2025-05-19,CHÁ MAIS,36.6
2025-05-19,COPRA,23.8
2025-05-19,DESINCHÁ,51.0
2025-05-19,DOBRO,532.13
2025-05-19,DR. PEANUT,53.59
2025-05-19,DUOM,52.51
2025-05-19,DUX,13322.76
2025-05-19,EAT CLEAN,54.24
2025-05-19,ELEMENTO PURO,89.57
2025-05-19,EQUALIV,4301.58
2025-05-19,ESSENTIAL,7225.07
2025-05-19,FLORMEL,55.34
2025-05-19,FTW,388.23
2025-05-19,GU,27.69
2025-05-19,GUDAY,305.82
2025-05-19,HART`S NATURAL,30.34
2025-05-19,HÁBITO VIDA,24.85
2025-05-19,INTEGRALMEDICA,1453.0
2025-05-19,KOALA,404.31
2025-05-19,KOBBER,71.64
2025-05-19,LAUTON,483.14
2025-05-19,MAIS MU,532.48
2025-05-19,MANDUBIM,15.99
2025-05-19,MAX TITANIUM,695.28
2025-05-19,MOSTEIRO DEVAKAN,231.54
2025-05-19,NUTRATA,743.4
2025-05-19,NUTRIFY,3561.19
2025-05-19,OCEAN DROP,4519.47
2025-05-19,OPTIMUM NUTRITION,134.25
2025-05-19,PINATI,25.35
2025-05-19,PLANT POWER,346.82
2025-05-19,PURAVIDA,7412.53
2025-05-19,QUEST NUTRITION,476.0
2025-05-19,STAMIN-UP,99.0
2025-05-19,SUBLYME,87.21
2025-05-19,SYNTRAX,239.49
2025-05-19,TOPWAY,401.07
2025-05-19,TRUE SOURCE,1189.73
2025-05-19,VITAFOR,18958.32
2025-05-19,WHEYVIV,56.1
2025-05-19,XTRATUS,146.93
2025-05-19,YOSEN,485.19
2025-05-26,ADAPTOGEN,2394.29
2025-05-26,APIS FLORA,163.27
2025-05-26,ATLHETICA NUTRITION,3838.06
2025-05-26,BOLD,964.88
2025-05-26,CAFFEINE ARMY,1662.23
2025-05-26,CELLFORCE,99.0
2025-05-26,CENTRAL NUTRITION,1912.2
2025-05-26,CHÁ MAIS,19.8
2025-05-26,DARKNESS,209.82
2025-05-26,DESINCHÁ,51.0
2025-05-26,DOBRO,343.86
2025-05-26,DR. PEANUT,208.84
2025-05-26,DUX,11760.61
2025-05-26,EAT CLEAN,53.05
2025-05-26,ELEMENTO PURO,213.01
2025-05-26,EQUALIV,4243.9
2025-05-26,ESSENTIAL,6772.77
2025-05-26,FLORMEL,120.13
2025-05-26,FTW,45.77
2025-05-26,HART`S NATURAL,91.02
2025-05-26,HÁBITO VIDA,49.7
2025-05-26,INTEGRALMEDICA,1231.67
2025-05-26,KOALA,392.42
2025-05-26,KOBBER,35.82
2025-05-26,LAUTON,588.81
2025-05-26,MAIS MU,281.7
2025-05-26,MANDUBIM,31.98
2025-05-26,MAX TITANIUM,590.96
2025-05-26,MOSTEIRO DEVAKAN,115.77
2025-05-26,MUSCLETECH,71.39
2025-05-26,NEW MILLEN,239.26
2025-05-26,NUTRATA,605.88
2025-05-26,NUTRIFY,3028.76
2025-05-26,OCEAN DROP,1646.88
2025-05-26,OPTIMUM NUTRITION,228.24
2025-05-26,PLANT POWER,494.53
2025-05-26,PURAVIDA,4935.72
2025-05-26,SANAVITA,74.26
2025-05-26,STAMIN-UP,99.0
2025-05-26,SUBLYME,743.85
2025-05-26,SUPER NUTRITION,72.18
2025-05-26,SÃO FRANCISCO,31.87
2025-05-26,TRUE SOURCE,2502.46
2025-05-26,VITAFOR,14269.85
2025-05-26,WHEYVIV,56.1
2025-05-26,YOSEN,299.88
2025-06-02,ADAPTOGEN,2539.39
2025-06-02,ALLMAX,161.5
2025-06-02,APIS FLORA,168.98
2025-06-02,ATLHETICA NUTRITION,3204.65
2025-06-02,BOLD,987.27
2025-06-02,CAFFEINE ARMY,2298.41
2025-06-02,CENTRAL NUTRITION,1494.03
2025-06-02,CHÁ DA SERRA,23.46
2025-06-02,CHÁ MAIS,36.0
2025-06-02,DARKNESS,92.59
2025-06-02,DOBRO,353.45
2025-06-02,DR. PEANUT,53.59
2025-06-02,DUOM,134.63
2025-06-02,DUX,12393.82
2025-06-02,DYMATIZE,722.03
2025-06-02,EAT CLEAN,246.8
2025-06-02,EQUALIV,3095.92
2025-06-02,ESSENTIAL,7170.94
2025-06-02,FLORMEL,22.1
2025-06-02,FTW,66.62
2025-06-02,HÁBITO VIDA,198.8
2025-06-02,INTEGRALMEDICA,1783.9
2025-06-02,KOALA,101.01
2025-06-02,LAUTON,773.15
2025-06-02,MAIS MU,144.16
2025-06-02,MANDUBIM,31.98
2025-06-02,MAX TITANIUM,442.5
2025-06-02,MOSTEIRO DEVAKAN,192.95
2025-06-02,NEW MILLEN,119.63
2025-06-02,NUTRATA,1164.43
2025-06-02,NUTRIFY,3882.6
2025-06-02,NUTRILATINA,90.72
2025-06-02,OCEAN DROP,2377.23
2025-06-02,OPTIMUM NUTRITION,228.24
2025-06-02,PLANT POWER,75.93
2025-06-02,PURAVIDA,4962.68
2025-06-02,SUBLYME,276.34
2025-06-02,SUPER NUTRITION,204.27
2025-06-02,SYNTRAX,282.2
2025-06-02,TOPWAY,153.17
2025-06-02,TRUE SOURCE,3572.49
2025-06-02,VITAFOR,17291.37
2025-06-02,WHEYVIV,84.15
2025-06-02,WS NATURAIS,19.35
2025-06-02,YOSEN,543.15
2025-06-02,ZEROMILK,73.95
2025-06-09,ADAPTOGEN,1519.04
2025-06-09,APIS FLORA,36.3
2025-06-09,ATLHETICA NUTRITION,2375.77
2025-06-09,BENDU,30.98
2025-06-09,BOLD,1241.6
2025-06-09,CAFFEINE ARMY,3509.76
2025-06-09,CENTRAL NUTRITION,1378.59
2025-06-09,CHÁ MAIS,18.0
2025-06-09,DARKNESS,351.69
2025-06-09,DOBRO,836.29
2025-06-09,DR. PEANUT,53.59
2025-06-09,DUOM,39.33
2025-06-09,DUX,16912.01
2025-06-09,DYMATIZE,722.03
2025-06-09,EAT CLEAN,54.24
2025-06-09,ENDOGEN,107.13
2025-06-09,EQUALIV,1359.48
2025-06-09,ESSENTIAL,6190.97
2025-06-09,FLORMEL,33.24
2025-06-09,FTW,66.62
2025-06-09,GUDAY,152.91
2025-06-09,HÁBITO VIDA,49.7
2025-06-09,INTEGRALMEDICA,1060.47
2025-06-09,KOALA,859.26
2025-06-09,KOBBER,35.82
2025-06-09,KONJAC MASSA MF,24.3
2025-06-09,LAUTON,327.55
2025-06-09,MAIS MU,135.99
2025-06-09,MANDUBIM,20.22
2025-06-09,MAX TITANIUM,301.9
2025-06-09,MOSTEIRO DEVAKAN,38.59
2025-06-09,NEW MILLEN,119.63
2025-06-09,NICE MILK,48.25
2025-06-09,NUTRATA,1191.67
2025-06-09,NUTRIFY,2536.77
2025-06-09,OCEAN DROP,1473.32
2025-06-09,ONLY4,93.98
2025-06-09,PURAVIDA,4179.42
2025-06-09,STAMIN-UP,99.0
2025-06-09,STÉVIACHOCO,22.27
2025-06-09,SUBLYME,930.94
2025-06-09,TOPWAY,306.34
2025-06-09,TRUE SOURCE,1519.73
2025-06-09,TRUSTFUEL,174.49
2025-06-09,VITAFOR,15043.61
2025-06-09,VITALIN,37.92
2025-06-09,WS NATURAIS,19.35
2025-06-09,YOSEN,91.8
2025-06-09,ZEROMILK,24.65
2025-06-16,ADAPTOGEN,840.12
2025-06-16,ALLMAX,161.5
2025-06-16,APIS FLORA,110.75
2025-06-16,ATLHETICA NUTRITION,1163.12
2025-06-16,BOLD,331.53
2025-06-16,CAFFEINE ARMY,895.24
2025-06-16,CENTRAL NUTRITION,733.59
2025-06-16,DOBRO,1110.83
2025-06-16,DR. PEANUT,105.34
2025-06-16,DUOM,18.18
2025-06-16,DUX,7347.6
2025-06-16,EAT CLEAN,62.06
2025-06-16,EQUALIV,3432.38
2025-06-16,ESSENTIAL,6289.27
2025-06-16,FTW,45.77
2025-06-16,GU,201.35
2025-06-16,INTEGRALMEDICA,1896.44
2025-06-16,KOALA,151.65
2025-06-16,KONJAC MASSA MF,48.6
2025-06-16,LAUTON,413.25
2025-06-16,MAIS MU,328.86
2025-06-16,MAX TITANIUM,325.41
2025-06-16,NEW MILLEN,239.26
2025-06-16,NUTRATA,470.14
2025-06-16,NUTRIFY,3095.23
2025-06-16,OCEAN DROP,1431.62
2025-06-16,ONLY4,47.22
2025-06-16,PLANT POWER,313.99
2025-06-16,PURAVIDA,3994.11
2025-06-16,TRUE SOURCE,719.66
2025-06-16,TRUSTFUEL,63.79
2025-06-16,VITAFOR,15594.41
2025-06-16,VITALIN,12.64
2025-06-16,WHEYVIV,112.2
2025-06-16,XTRATUS,146.93
2025-06-16,YOSEN,229.5
2025-06-23,ADAPTOGEN,1905.14
2025-06-23,ALLMAX,269.16
2025-06-23,APIS FLORA,142.72
2025-06-23,ATLHETICA NUTRITION,2316.24
2025-06-23,BOLD,632.02
2025-06-23,CAFFEINE ARMY,3800.77
2025-06-23,CENTRAL NUTRITION,834.98
2025-06-23,COPRA,23.8
2025-06-23,DARKNESS,337.48
2025-06-23,DOBRO,429.18
2025-06-23,DR. PEANUT,53.59
2025-06-23,DUOM,39.33
2025-06-23,DUX,10013.57
2025-06-23,EAT CLEAN,80.17
2025-06-23,EQUALIV,1946.61
2025-06-23,ESSENTIAL,5219.42
2025-06-23,EURONUTRY,78.0
2025-06-23,FLORMEL,33.24
2025-06-23,FTW,78.43
2025-06-23,HÁBITO VIDA,24.85
2025-06-23,INTEGRALMEDICA,2467.61
2025-06-23,KOALA,539.75
2025-06-23,LAUTON,718.11
2025-06-23,MAIS MU,814.56
2025-06-23,MANDUBIM,15.99
2025-06-23,MAX TITANIUM,93.65
2025-06-23,MOSTEIRO DEVAKAN,38.59
2025-06-23,NEW MILLEN,119.63
2025-06-23,NUTRATA,518.84
2025-06-23,NUTRIFY,2069.86
2025-06-23,OCEAN DROP,2172.38
2025-06-23,ORGANIC INDIA,204.08
2025-06-23,PURAVIDA,5326.31
2025-06-23,SUBLYME,438.09
2025-06-23,TRUE SOURCE,1801.0
2025-06-23,VITAFOR,15051.81
2025-06-23,VITALIN,14.27
2025-06-23,WHEYVIV,28.05
2025-06-23,WS NATURAIS,58.05
2025-06-23,XTRATUS,146.93
2025-06-23,YOSEN,428.4
2025-06-23,ZEROMILK,24.65
2025-06-30,ADAPTOGEN,2800.44
2025-06-30,ALLMAX,161.5
2025-06-30,APIS FLORA,26.26
2025-06-30,ATLHETICA NUTRITION,2390.96
2025-06-30,BENDU,51.17
2025-06-30,BOLD,1031.55
2025-06-30,CAFFEINE ARMY,2939.77
2025-06-30,CENTRAL NUTRITION,1280.61
2025-06-30,COPRA,47.6
2025-06-30,DARKNESS,227.59
2025-06-30,DOBRO,782.5
2025-06-30,DUX,17573.11
2025-06-30,EAT CLEAN,205.48
2025-06-30,EQUALIV,3270.02
2025-06-30,ESSENTIAL,5659.16
2025-06-30,FLORMEL,55.34
2025-06-30,FTW,45.77
2025-06-30,GUDAY,305.82
2025-06-30,HART`S NATURAL,60.68
2025-06-30,HÁBITO VIDA,24.85
2025-06-30,INTEGRALMEDICA,1763.59
2025-06-30,KOALA,103.8
2025-06-30,LAUTON,796.79
2025-06-30,MAIS MU,371.9
2025-06-30,MANDUBIM,63.96
2025-06-30,MAX TITANIUM,272.2
2025-06-30,MOSTEIRO DEVAKAN,115.77
2025-06-30,MYDREAM,39.95
2025-06-30,NUTRATA,1832.36
2025-06-30,NUTRIFY,4337.41
2025-06-30,OCEAN DROP,2022.88
2025-06-30,ONLY4,47.68
2025-06-30,OPTIMUM NUTRITION,489.2
2025-06-30,PINATI,137.81
2025-06-30,PLANT POWER,723.46
2025-06-30,PURAVIDA,3881.13
2025-06-30,QUEST NUTRITION,238.0
2025-06-30,SANAVITA,80.75
2025-06-30,SUBLYME,187.11
2025-06-30,SUPER NUTRITION,187.72
2025-06-30,Super Nutrition,127.35
2025-06-30,TOPWAY,86.73
2025-06-30,TRUE SOURCE,1834.85
2025-06-30,VITAFOR,16189.25
2025-06-30,WHEYVIV,196.35
2025-06-30,WS NATURAIS,58.05
2025-06-30,YOSEN,283.69
2025-07-07,ADAPTOGEN,1261.0
2025-07-07,APIS FLORA,174.69
2025-07-07,ATLHETICA NUTRITION,2073.4
2025-07-07,BENDU,30.98
2025-07-07,BOLD,1040.52
2025-07-07,CAFFEINE ARMY,2637.54
2025-07-07,CENTRAL NUTRITION,1086.07
2025-07-07,DOBRO,318.16
2025-07-07,DR. PEANUT,107.18
2025-07-07,DUOM,51.14
2025-07-07,DUX,11804.84
2025-07-07,EAT CLEAN,128.29
2025-07-07,EQUALIV,2128.7
2025-07-07,ESSENTIAL,5269.94
2025-07-07,GRANO SQUARE,33.09
2025-07-07,INTEGRALMEDICA,1413.56
2025-07-07,KOALA,179.9
2025-07-07,LAUTON,746.22
2025-07-07,MAIS MU,317.84
2025-07-07,MAX TITANIUM,200.05
2025-07-07,MOSTEIRO DEVAKAN,39.9
2025-07-07,NUTRATA,705.67
2025-07-07,NUTRIFY,3428.57
2025-07-07,OCEAN DROP,1665.42
2025-07-07,PURAVIDA,4370.16
2025-07-07,SPEEDO NUTRITION,69.98
2025-07-07,SUBLYME,299.7
2025-07-07,TRUE SOURCE,2104.84
2025-07-07,TRUSTFUEL,205.3
2025-07-07,VITAFOR,13854.76
2025-07-07,WHEYVIV,140.25
2025-07-07,YOSEN,582.3
2025-07-14,ADAPTOGEN,1850.15
2025-07-14,APIS FLORA,262.6
2025-07-14,ATLHETICA NUTRITION,1662.23
2025-07-14,BOLD,612.66
2025-07-14,CAFFEINE ARMY,2453.4
2025-07-14,CENTRAL NUTRITION,1237.5
2025-07-14,COMBOS,134.67
2025-07-14,DOBRO,589.32
2025-07-14,DUOM,39.33
2025-07-14,DUX,11098.48
2025-07-14,EAT CLEAN,85.78
2025-07-14,EQUALIV,4054.02
2025-07-14,ESSENTIAL,5842.52
2025-07-14,FLORMEL,22.73
2025-07-14,FTW,78.43
2025-07-14,GOLDKO,95.11
2025-07-14,GUDAY,152.91
2025-07-14,HART`S NATURAL,30.34
2025-07-14,HÁBITO VIDA,49.7
2025-07-14,INTEGRALMEDICA,518.02
2025-07-14,KOALA,119.9
2025-07-14,LAUTON,414.05
2025-07-14,MAIS MU,294.07
2025-07-14,MANDUBIM,68.19
2025-07-14,MAX TITANIUM,84.9
2025-07-14,NEW MILLEN,239.26
2025-07-14,NUTRATA,1475.87
2025-07-14,NUTRIFY,2827.04
2025-07-14,OCEAN DROP,1790.41
2025-07-14,ORGANIC INDIA,51.02
2025-07-14,PURAVIDA,3425.63
2025-07-14,SHARK PRO,240.89
2025-07-14,SPEEDO NUTRITION,69.98
2025-07-14,STAMIN-UP,99.0
2025-07-14,SUBLYME,299.7
2025-07-14,SUPER NUTRITION,110.42
2025-07-14,SYNTRAX,487.33
2025-07-14,TOPWAY,364.36
2025-07-14,TRUE SOURCE,1865.63
2025-07-14,VITAFOR,11343.07
2025-07-14,WHEYVIV,56.1
2025-07-14,WS NATURAIS,19.35
2025-07-14,YOSEN,780.3
2025-07-14,ZEROMILK,49.3
2025-07-21,ADAPTOGEN,999.4
2025-07-21,APIS FLORA,110.75
2025-07-21,ATLHETICA NUTRITION,1248.1
2025-07-21,BOLD,513.63
2025-07-21,CAFFEINE ARMY,1698.08
2025-07-21,CENTRAL NUTRITION,498.8
2025-07-21,CHÁ MAIS,37.8
2025-07-21,COPRA,17.85
2025-07-21,DOBRO,554.18
2025-07-21,DR. PEANUT,53.59
2025-07-21,DUOM,18.87
2025-07-21,DUX,7972.67
2025-07-21,DYMATIZE,722.03
2025-07-21,EAT CLEAN,97.25
2025-07-21,EQUALIV,1941.89
2025-07-21,ESSENTIAL,3539.39
2025-07-21,HÁBITO VIDA,49.7
2025-07-21,INTEGRALMEDICA,1671.62
2025-07-21,KOALA,119.9
2025-07-21,KOBBER,71.64
2025-07-21,LAUTON,334.46
2025-07-21,MAIS MU,262.71
2025-07-21,MAX TITANIUM,274.05
2025-07-21,MUSCLETECH,71.39
2025-07-21,NUTRATA,672.19
2025-07-21,NUTRIFY,2187.15
2025-07-21,NUTRILATINA,90.72
2025-07-21,OCEAN DROP,1815.86
2025-07-21,PLANT POWER,109.9
2025-07-21,PURAVIDA,3622.5
2025-07-21,SUBLYME,299.7
2025-07-21,TOPWAY,174.9
2025-07-21,TRUE SOURCE,1359.47
2025-07-21,TRUSTFUEL,166.38
2025-07-21,VITAFOR,11600.62
2025-07-21,WHEYVIV,56.1
2025-07-21,YOSEN,482.4
2025-07-21,ZEROMILK,24.65
2025-07-28,ADAPTOGEN,1664.0
2025-07-28,APIS FLORA,115.08
2025-07-28,ATLHETICA NUTRITION,2204.49
2025-07-28,BOLD,1598.9
2025-07-28,CAFFEINE ARMY,3183.74
2025-07-28,CENTRAL NUTRITION,775.37
2025-07-28,DARKNESS,185.18
2025-07-28,DOBRO,175.31
2025-07-28,DR. PEANUT,160.77
2025-07-28,DUX,10768.49
2025-07-28,EAT CLEAN,82.3
2025-07-28,EQUALIV,3541.03
2025-07-28,ESSENTIAL,4677.43
2025-07-28,EURONUTRY,80.0
2025-07-28,FLORMEL,22.1
2025-07-28,FTW,133.24
2025-07-28,GU,33.56
2025-07-28,HÁBITO VIDA,99.4
2025-07-28,INTEGRALMEDICA,1696.7
2025-07-28,KOALA,299.8
2025-07-28,LAUTON,525.75
2025-07-28,MAIS MU,626.69
2025-07-28,MANDUBIM,15.99
2025-07-28,MAX TITANIUM,242.36
2025-07-28,MOSTEIRO DEVAKAN,39.9
2025-07-28,MYDREAM,39.95
2025-07-28,NUTRATA,433.05
2025-07-28,NUTRIFY,5931.01
2025-07-28,NUTRILATINA,90.72
2025-07-28,OCEAN DROP,2036.63
2025-07-28,PURAVIDA,6834.47
2025-07-28,SPEEDO NUTRITION,69.98
2025-07-28,STAMIN-UP,99.0
2025-07-28,SUBLYME,499.5
2025-07-28,SÃO FRANCISCO,31.87
2025-07-28,TOPWAY,349.8
2025-07-28,TRUE SOURCE,2344.79
2025-07-28,TRUSTFUEL,213.29
2025-07-28,VITAFOR,15417.53
2025-07-28,VITALIN,25.28
2025-07-28,WS NATURAIS,58.05
2025-07-28,YOSEN,444.15
2025-07-28,Z2,59.59
2025-08-04,ADAPTOGEN,1754.1
2025-08-04,APIS FLORA,65.16
2025-08-04,ATLHETICA NUTRITION,2655.41
2025-08-04,BOLD,679.4
2025-08-04,CAFFEINE ARMY,2152.52
2025-08-04,CENTRAL NUTRITION,1829.12
2025-08-04,COLOR ANDINA,71.7
2025-08-04,DARKNESS,129.9
2025-08-04,DOBRO,399.5
2025-08-04,DR. PEANUT,162.08
2025-08-04,DUX,16306.0
2025-08-04,DYMATIZE,722.03
2025-08-04,EAT CLEAN,32.9
2025-08-04,EQUALIV,3376.93
2025-08-04,ESSENTIAL,4069.9
2025-08-04,FLORMEL,53.8
2025-08-04,FTW,464.27
2025-08-04,GOLDKO,34.9
2025-08-04,HÁBITO VIDA,24.85
2025-08-04,INTEGRALMEDICA,1244.46
2025-08-04,KOALA,359.8
2025-08-04,KOBBER,65.8
2025-08-04,LAUTON,1250.04
2025-08-04,MAIS MU,832.1
2025-08-04,MAX TITANIUM,154.9
2025-08-04,MUSCLETECH,84.9
2025-08-04,MYDREAM,39.9
2025-08-04,NUTRATA,1507.32
2025-08-04,NUTRIFY,4192.83
2025-08-04,OCEAN DROP,2968.61
2025-08-04,OPTIMUM NUTRITION,199.9
2025-08-04,PLANT POWER,109.9
2025-08-04,PURAVIDA,8116.35
2025-08-04,STAMIN-UP,99.0
2025-08-04,SUBLYME,499.5
2025-08-04,SUPER NUTRITION,417.52
2025-08-04,Super Nutrition,254.7
2025-08-04,TRUE SOURCE,3036.9
2025-08-04,TRUSTFUEL,94.6
2025-08-04,VITAFOR,14297.28
2025-08-04,WHEYVIV,294.2
2025-08-04,WS NATURAIS,48.25
2025-08-11,ADAPTOGEN,2063.8
2025-08-11,ALLMAX,199.9
2025-08-11,APIS FLORA,67.8
2025-08-11,ATLHETICA NUTRITION,2159.89
2025-08-11,BOLD,759.4
2025-08-11,CAFFEINE ARMY,2650.05
2025-08-11,CENTRAL NUTRITION,774.64
2025-08-11,COLOR ANDINA,99.4
2025-08-11,DARKNESS,702.09
2025-08-11,DOBRO,539.6
2025-08-11,DR. PEANUT,109.8
2025-08-11,DUX,13317.04
2025-08-11,DYMATIZE,722.03
2025-08-11,EAT CLEAN,65.8
2025-08-11,EQUALIV,1732.5
2025-08-11,ESSENTIAL,6791.19
2025-08-11,GOLDKO,69.8
2025-08-11,GUDAY,299.8
2025-08-11,HART`S NATURAL,39.9
2025-08-11,INTEGRALMEDICA,1604.8
2025-08-11,KONJAC MASSA MF,24.3
2025-08-11,LAUTON,623.48
2025-08-11,MAIS MU,538.5
2025-08-11,MANDUBIM,26.9
2025-08-11,MAX TITANIUM,84.9
2025-08-11,MUSCLETECH,84.9
2025-08-11,NUTRATA,541.16
2025-08-11,NUTRIFY,4570.43
2025-08-11,OCEAN DROP,1319.65
2025-08-11,PURAVIDA,5213.62
2025-08-11,SUBLYME,299.7
2025-08-11,Super Nutrition,127.35
2025-08-11,TOPWAY,174.9
2025-08-11,TRUE SOURCE,3021.55
2025-08-11,VITAFOR,14754.66
2025-08-11,WHEYVIV,244.3
2025-08-11,XTRATUS,199.9
2025-08-11,YOSEN,164.8
2025-08-18,ADAPTOGEN,1535.35
2025-08-18,APIS FLORA,193.4
2025-08-18,ATLHETICA NUTRITION,1350.59
2025-08-18,BELIVE,24.9
2025-08-18,BOLD,669.4
2025-08-18,CAFFEINE ARMY,2768.2
2025-08-18,CENTRAL NUTRITION,574.25
2025-08-18,CHÁ DA SERRA,29.9
2025-08-18,COPRA,32.9
2025-08-18,DARKNESS,168.4
2025-08-18,DOBRO,241.7
2025-08-18,DR. PEANUT,219.6
2025-08-18,DUX,11009.7
2025-08-18,DYMATIZE,331.81
2025-08-18,EAT CLEAN,170.5
2025-08-18,EQUALIV,2531.17
2025-08-18,ESSENTIAL,6009.24
2025-08-18,FTW,199.8
2025-08-18,GU,201.35
2025-08-18,GUDAY,149.9
2025-08-18,HART`S NATURAL,39.9
2025-08-18,HÁBITO VIDA,59.8
2025-08-18,INTEGRALMEDICA,1745.6
2025-08-18,KOALA,359.7
2025-08-18,LAUTON,287.4
2025-08-18,MAIS MU,252.8
2025-08-18,MANDUBIM,46.8
2025-08-18,MAX TITANIUM,684.3
2025-08-18,MOSTEIRO DEVAKAN,39.9
2025-08-18,MYDREAM,39.9
2025-08-18,NUTRATA,824.34
2025-08-18,NUTRIFY,3705.03
2025-08-18,NUTRILATINA,89.9
2025-08-18,OCEAN DROP,2911.0
2025-08-18,PINATI,104.7
2025-08-18,PLANT POWER,467.83
2025-08-18,PURAVIDA,7010.84
2025-08-18,QUEST NUTRITION,259.9
2025-08-18,SUBLYME,599.4
2025-08-18,TOPWAY,86.73
2025-08-18,TRUE SOURCE,1812.71
2025-08-18,VITAFOR,17877.87
2025-08-18,VITALIN,15.9
2025-08-18,WHEYVIV,244.3
2025-08-18,WS NATURAIS,57.8
2025-08-18,YOSEN,404.5
2025-08-25,ADAPTOGEN,2083.5
2025-08-25,APIS FLORA,202.3
2025-08-25,ATLHETICA NUTRITION,1967.45
2025-08-25,BOLD,339.8
2025-08-25,CAFFEINE ARMY,3472.7
2025-08-25,CENTRAL NUTRITION,690.02
2025-08-25,COLOR ANDINA,149.1
2025-08-25,COPRA,32.9
2025-08-25,DARKNESS,239.8
2025-08-25,DOBRO,999.3
2025-08-25,DR. PEANUT,164.7
2025-08-25,DUX,12531.8
2025-08-25,DYMATIZE,722.03
2025-08-25,EAT CLEAN,296.1
2025-08-25,EQUALIV,4181.75
2025-08-25,ESSENTIAL,5636.42
2025-08-25,FLORMEL,36.9
2025-08-25,GRANO SQUARE,33.09
2025-08-25,GUDAY,149.9
2025-08-25,HÁBITO VIDA,29.9
2025-08-25,INTEGRALMEDICA,725.3
2025-08-25,KOALA,358.63
2025-08-25,KOBBER,65.8
2025-08-25,LAUTON,1166.35
2025-08-25,MAIS MU,554.5
2025-08-25,MANDUBIM,39.8
2025-08-25,MAX TITANIUM,741.3
2025-08-25,MOSTEIRO DEVAKAN,79.8
2025-08-25,NICE MILK,58.9
2025-08-25,NUTRATA,549.34
2025-08-25,NUTRIFY,4059.06
2025-08-25,OCEAN DROP,2037.45
2025-08-25,PURAVIDA,6779.63
2025-08-25,STAMIN-UP,119.9
2025-08-25,SUBLYME,499.5
2025-08-25,SUPER NUTRITION,571.51
2025-08-25,SYNTRAX,369.0
2025-08-25,Super Nutrition,127.35
2025-08-25,TOPWAY,349.8
2025-08-25,TRUE SOURCE,1204.4
2025-08-25,TRUSTFUEL,193.78
2025-08-25,VITAFOR,15966.39
2025-08-25,WS NATURAIS,57.8
2025-08-25,YOSEN,359.6
2025-09-01,ADAPTOGEN,2573.5
2025-09-01,ALLMAX,399.8
2025-09-01,APIS FLORA,186.5
2025-09-01,ATLHETICA NUTRITION,1882.11
2025-09-01,BOLD,1012.69
2025-09-01,CAFFEINE ARMY,1843.8
2025-09-01,CENTRAL NUTRITION,1238.3
2025-09-01,COLOR ANDINA,22.0
2025-09-01,DOBRO,203.55
2025-09-01,DR. PEANUT,219.6
2025-09-01,DUX,17260.6
2025-09-01,DYMATIZE,1053.84
2025-09-01,EAT CLEAN,209.4
2025-09-01,EQUALIV,5039.54
2025-09-01,ESSENTIAL,5659.73
2025-09-01,FTW,365.6
2025-09-01,GUDAY,302.05
2025-09-01,INTEGRALMEDICA,527.4
2025-09-01,KOALA,1019.3
2025-09-01,KOBBER,131.6
2025-09-01,LAUTON,694.82
2025-09-01,MAIS MU,252.8
2025-09-01,MANDUBIM,66.7
2025-09-01,MAX TITANIUM,84.9
2025-09-01,MUSCLETECH,84.9
2025-09-01,NUTRATA,796.2
2025-09-01,NUTRIFY,4019.34
2025-09-01,NUTRILATINA,153.65
2025-09-01,OCEAN DROP,2274.53
2025-09-01,ONLY4,59.8
2025-09-01,PURAVIDA,5226.8
2025-09-01,STÉVIACHOCO,36.9
2025-09-01,SUBLYME,399.6
2025-09-01,TOPWAY,86.73
2025-09-01,TRUE SOURCE,2568.94
2025-09-01,VITAFOR,16895.32
2025-09-01,VITALIN,15.9
2025-09-01,WS NATURAIS,57.8
2025-09-01,YOSEN,319.7
2025-09-08,ADAPTOGEN,3475.7
2025-09-08,ALLMAX,199.9
2025-09-08,APIS FLORA,233.4
2025-09-08,ATLHETICA NUTRITION,2473.19
2025-09-08,BOLD,628.06
2025-09-08,CAFFEINE ARMY,4247.3
2025-09-08,CENTRAL NUTRITION,1459.2
2025-09-08,COLOR ANDINA,49.7
2025-09-08,DARKNESS,270.0
2025-09-08,DOBRO,952.13
2025-09-08,DR. PEANUT,164.7
2025-09-08,DUX,20703.38
2025-09-08,EAT CLEAN,269.2
2025-09-08,EQUALIV,5262.76
2025-09-08,ESSENTIAL,8785.95
2025-09-08,FLORMEL,51.1
2025-09-08,HÁBITO VIDA,59.8
2025-09-08,INTEGRALMEDICA,1844.03
2025-09-08,KOALA,359.8
2025-09-08,KOBBER,32.9
2025-09-08,KONJAC MASSA MF,48.6
2025-09-08,LAUTON,440.11
2025-09-08,MAIS MU,752.4
2025-09-08,MANDUBIM,73.7
2025-09-08,MAX TITANIUM,624.4
2025-09-08,MOSTEIRO DEVAKAN,39.9
2025-09-08,NUTRATA,894.1
2025-09-08,NUTRIFY,5497.07
2025-09-08,OCEAN DROP,2258.61
2025-09-08,PINATI,27.21
2025-09-08,PLANT POWER,109.9
2025-09-08,PURAVIDA,7138.23
2025-09-08,SUBLYME,99.9
2025-09-08,SUPER NUTRITION,229.8
2025-09-08,TRUE SOURCE,4291.59
2025-09-08,VITAFOR,17909.5
2025-09-08,VITALIN,32.8
2025-09-08,YOSEN,479.5
2025-09-15,ADAPTOGEN,1386.8
2025-09-15,APIS FLORA,86.7
2025-09-15,ATLHETICA NUTRITION,2668.9
2025-09-15,BENDU,12.38
2025-09-15,BOLD,439.7
2025-09-15,CAFFEINE ARMY,2650.15
2025-09-15,CENTRAL NUTRITION,1239.3
2025-09-15,CHÁ MAIS,7.2
2025-09-15,COLOR ANDINA,49.7
2025-09-15,DARKNESS,244.8
2025-09-15,DOBRO,236.36
2025-09-15,DR. PEANUT,274.5
2025-09-15,DUX,15375.28
2025-09-15,EAT CLEAN,265.55
2025-09-15,EQUALIV,5968.21
2025-09-15,ESSENTIAL,5860.36
2025-09-15,FTW,65.9
2025-09-15,GUDAY,149.9
2025-09-15,HART`S NATURAL,39.9
2025-09-15,HÁBITO VIDA,29.9
2025-09-15,INTEGRALMEDICA,2106.3
2025-09-15,KOALA,599.6
2025-09-15,KOBBER,32.9
2025-09-15,LAUTON,457.81
2025-09-15,MAIS MU,546.38
2025-09-15,MANDUBIM,19.9
2025-09-15,MAX TITANIUM,1036.2
2025-09-15,MIX NUTRI,6.7
2025-09-15,MOSTEIRO DEVAKAN,159.6
2025-09-15,NUTRATA,582.81
2025-09-15,NUTRIFY,3666.08
2025-09-15,OCEAN DROP,1732.35
2025-09-15,PLANT POWER,164.9
2025-09-15,PURAVIDA,6953.93
2025-09-15,SUBLYME,299.7
2025-09-15,SUPER NUTRITION,192.08
2025-09-15,Super Nutrition,127.35
2025-09-15,TERRAMAZONIA,68.35
2025-09-15,TOPWAY,159.9
2025-09-15,TRUE SOURCE,2739.62
2025-09-15,VITAFOR,18835.61
2025-09-15,WHEYVIV,33.66
2025-09-15,WS NATURAIS,28.9
2025-09-15,XTRATUS,199.9
2025-09-15,YOSEN,364.6
2025-09-15,ZEROMILK,15.54
2025-09-22,ADAPTOGEN,1049.5
2025-09-22,APIS FLORA,237.4
2025-09-22,ATLHETICA NUTRITION,1386.02
2025-09-22,BOLD,988.74
2025-09-22,CAFFEINE ARMY,3182.9
2025-09-22,CENTRAL NUTRITION,1238.6
2025-09-22,CHÁ MAIS,7.2
2025-09-22,COLOR ANDINA,49.7
2025-09-22,DARKNESS,119.9
2025-09-22,DOBRO,292.53
2025-09-22,DR. PEANUT,54.9
2025-09-22,DUX,15762.42
2025-09-22,DYMATIZE,722.03
2025-09-22,EAT CLEAN,108.8
2025-09-22,EQUALIV,3591.81
2025-09-22,ESSENTIAL,5775.73
2025-09-22,FLORMEL,173.88
2025-09-22,GUDAY,149.9
2025-09-22,HART`S NATURAL,39.9
2025-09-22,HÁBITO VIDA,119.6
2025-09-22,INTEGRALMEDICA,1967.3
2025-09-22,KOALA,179.9
2025-09-22,KOBBER,32.9
2025-09-22,LAUTON,699.59
2025-09-22,MAIS MU,235.7
2025-09-22,MANDUBIM,19.9
2025-09-22,MAX TITANIUM,559.55
2025-09-22,MOSTEIRO DEVAKAN,39.9
2025-09-22,MYDREAM,23.96
2025-09-22,NUTRATA,636.31
2025-09-22,NUTRIFY,4013.89
2025-09-22,OCEAN DROP,2397.25
2025-09-22,PINATI,31.74
2025-09-22,PURAVIDA,6947.83
2025-09-22,STAMIN-UP,239.8
2025-09-22,SUBLYME,499.5
2025-09-22,TOPWAY,174.9
2025-09-22,TRUE SOURCE,3121.17
2025-09-22,VITAFOR,14873.15
2025-09-22,YOSEN,484.5
2025-09-29,ADAPTOGEN,3749.45
2025-09-29,APIS FLORA,154.5
2025-09-29,ATLHETICA NUTRITION,2410.9
2025-09-29,BELIVE,12.0
2025-09-29,BOLD,609.36
2025-09-29,CAFFEINE ARMY,3168.0
2025-09-29,CENTRAL NUTRITION,2072.02
2025-09-29,COPRA,66.7
2025-09-29,DARKNESS,504.6
2025-09-29,DOBRO,1321.2
2025-09-29,DR. PEANUT,219.6
2025-09-29,DUX,18030.2
2025-09-29,EAT CLEAN,208.43
2025-09-29,EQUALIV,3964.85
2025-09-29,ESSENTIAL,6952.44
2025-09-29,FLORMEL,109.9
2025-09-29,FTW,199.8
2025-09-29,GOLDKO,39.36
2025-09-29,GUDAY,289.8
2025-09-29,HÁBITO VIDA,119.6
2025-09-29,INTEGRALMEDICA,1574.9
2025-09-29,KOALA,539.7
2025-09-29,KOBBER,32.9
2025-09-29,LAUTON,898.87
2025-09-29,MAIS MU,384.7
2025-09-29,MANDUBIM,39.8
2025-09-29,MAX TITANIUM,1377.2
2025-09-29,MIX NUTRI,13.4
2025-09-29,MOSTEIRO DEVAKAN,119.7
2025-09-29,MUSCLETECH,89.9
2025-09-29,NUTRATA,1064.91
2025-09-29,NUTRIFY,5147.52
2025-09-29,OCEAN DROP,2726.7
2025-09-29,ONLY4,29.9
2025-09-29,PERFOMANCE NUTRITION,75.22
2025-09-29,PLANT POWER,164.9
2025-09-29,PURAVIDA,7470.26
2025-09-29,SUBLYME,299.7
2025-09-29,SUPER NUTRITION,109.9
2025-09-29,TOPWAY,174.9
2025-09-29,TRUE SOURCE,2028.81
2025-09-29,VITAFOR,20821.25
2025-09-29,WHEYVIV,78.54
2025-09-29,WS NATURAIS,57.8
2025-09-29,ZEROMILK,31.08
2025-10-06,ADAPTOGEN,1898.9
2025-10-06,APIS FLORA,57.8
2025-10-06,ATLHETICA NUTRITION,2525.61
2025-10-06,BOLD,1358.56
2025-10-06,CAFFEINE ARMY,3867.6
2025-10-06,CENTRAL NUTRITION,609.6
2025-10-06,COLOR ANDINA,49.7
2025-10-06,COPRA,3.9
2025-10-06,DOBRO,332.53
2025-10-06,DR. PEANUT,219.6
2025-10-06,DUX,18012.92
2025-10-06,DYMATIZE,722.03
2025-10-06,EAT CLEAN,104.7
2025-10-06,EQUALIV,4933.24
2025-10-06,ESSENTIAL,7685.84
2025-10-06,FLORMEL,8.4
2025-10-06,GOLDKO,9.84
2025-10-06,GU,71.28
2025-10-06,HART`S NATURAL,39.9
2025-10-06,HÁBITO VIDA,59.8
2025-10-06,INTEGRALMEDICA,2661.0
2025-10-06,KOALA,659.6
2025-10-06,LAUTON,959.6
2025-10-06,MAIS MU,588.42
2025-10-06,MANDUBIM,19.9
2025-10-06,MAX TITANIUM,544.6
2025-10-06,MOSTEIRO DEVAKAN,39.9
2025-10-06,NUTRATA,902.51
2025-10-06,NUTRIFY,4831.58
2025-10-06,OCEAN DROP,1982.73
2025-10-06,PLANT POWER,714.5
2025-10-06,PURAVIDA,6964.04
2025-10-06,QUEST NUTRITION,225.0
2025-10-06,SUBLYME,999.0
2025-10-06,SUPER NUTRITION,309.7
2025-10-06,TOPWAY,349.8
2025-10-06,TRUE SOURCE,2677.29
2025-10-06,VITAFOR,19043.2
2025-10-06,WHEYVIV,78.54
2025-10-06,WS NATURAIS,28.9
2025-10-06,XTRATUS,199.9
2025-10-06,YOSEN,189.8
2025-10-06,ZEROMILK,62.16
2025-10-13,ADAPTOGEN,3042.65
2025-10-13,ALLMAX,1509.7
2025-10-13,APIS FLORA,144.5
2025-10-13,ATLHETICA NUTRITION,2258.66
2025-10-13,BOLD,712.55
2025-10-13,CAFFEINE ARMY,1883.8
2025-10-13,CENTRAL NUTRITION,702.6
2025-10-13,CHÁ MAIS,21.6
2025-10-13,COPRA,3.9
2025-10-13,DOBRO,203.55
2025-10-13,DR. PEANUT,164.7
2025-10-13,DUX,19612.36
2025-10-13,EAT CLEAN,21.0
2025-10-13,EQUALIV,4993.8
2025-10-13,ESSENTIAL,8067.65
2025-10-13,GUDAY,144.9
2025-10-13,HÁBITO VIDA,89.7
2025-10-13,INTEGRALMEDICA,1976.4
2025-10-13,KOALA,419.7
2025-10-13,KOBBER,65.8
2025-10-13,LAUTON,601.66
2025-10-13,MAIS MU,355.03
2025-10-13,MANDUBIM,106.5
2025-10-13,MAX TITANIUM,414.7
2025-10-13,NUTRATA,1119.9
2025-10-13,NUTRIFY,4966.48
2025-10-13,OCEAN DROP,2215.94
2025-10-13,ONLY4,59.8
2025-10-13,PINATI,15.87
2025-10-13,PLANT POWER,109.9
2025-10-13,PURAVIDA,6513.79
2025-10-13,SUBLYME,299.7
2025-10-13,SUPER NUTRITION,439.6
2025-10-13,TRUE SOURCE,3775.61
2025-10-13,VITAFOR,17141.32
2025-10-13,WHEYVIV,22.44
2025-10-13,YOSEN,434.5
2025-10-20,ADAPTOGEN,389.8
2025-10-20,APIS FLORA,28.9
2025-10-20,ATLHETICA NUTRITION,1261.15
2025-10-20,BOLD,976.3
2025-10-20,CAFFEINE ARMY,4172.3
2025-10-20,CENTRAL NUTRITION,417.67
2025-10-20,COPRA,55.57
2025-10-20,DOBRO,299.8
2025-10-20,DR. PEANUT,54.9
2025-10-20,DUX,16256.39
2025-10-20,EAT CLEAN,149.9
2025-10-20,EQUALIV,2839.8
2025-10-20,ESSENTIAL,5852.9
2025-10-20,INTEGRALMEDICA,1349.0
2025-10-20,KOALA,239.8
2025-10-20,LAUTON,531.7
2025-10-20,MAIS MU,249.8
2025-10-20,MANDUBIM,59.7
2025-10-20,MAX TITANIUM,244.8
2025-10-20,MOSTEIRO DEVAKAN,39.9
2025-10-20,MYDREAM,23.96
2025-10-20,NUTRATA,284.7
2025-10-20,NUTRIFY,4840.4
2025-10-20,OCEAN DROP,2244.6
2025-10-20,PLANT POWER,164.9
2025-10-20,PURAVIDA,6303.1
2025-10-20,SUBLYME,99.9
2025-10-20,SUPER NUTRITION,109.9
2025-10-20,TRUE SOURCE,2690.12
2025-10-20,VITAFOR,18108.19
2025-10-20,WS NATURAIS,28.9
2025-10-20,YOSEN,209.9
2025-10-27,ADAPTOGEN,2383.8
2025-10-27,APIS FLORA,139.6
2025-10-27,ATLHETICA NUTRITION,2252.8
2025-10-27,BOLD,1177.23
2025-10-27,CAFFEINE ARMY,2683.2
2025-10-27,CENTRAL NUTRITION,1929.72
2025-10-27,DARKNESS,124.9
2025-10-27,DOBRO,152.76
2025-10-27,DR. PEANUT,219.6
2025-10-27,DUX,16429.09
2025-10-27,DYMATIZE,899.9
2025-10-27,EQUALIV,3841.6
2025-10-27,ESSENTIAL,8019.81
2025-10-27,FLORMEL,9.38
2025-10-27,GOLDKO,47.54
2025-10-27,HART`S NATURAL,39.9
2025-10-27,HÁBITO VIDA,89.7
2025-10-27,INTEGRALMEDICA,1908.4
2025-10-27,KOALA,119.9
2025-10-27,KOBBER,32.9
2025-10-27,LAUTON,1111.71
2025-10-27,MAIS MU,569.94
2025-10-27,MANDUBIM,59.7
2025-10-27,MAX TITANIUM,196.8
2025-10-27,MOSTEIRO DEVAKAN,79.8
2025-10-27,NUTRATA,304.7
2025-10-27,NUTRIFY,4991.89
2025-10-27,OCEAN DROP,3116.97
2025-10-27,PINATI,5.96
2025-10-27,PURAVIDA,5092.12
2025-10-27,QUEST NUTRITION,259.9
2025-10-27,SUBLYME,599.4
2025-10-27,SUPER NUTRITION,419.6
2025-10-27,THÉRAPI,34.9
2025-10-27,TRUE SOURCE,3148.3
2025-10-27,TRUSTFUEL,129.9
2025-10-27,VITAFOR,15457.68
2025-10-27,VITALIN,33.8
2025-10-27,WS NATURAIS,28.9
2025-10-27,YOSEN,529.5
2025-10-27,ZEROMILK,62.16
2025-11-03,ADAPTOGEN,2578.5
2025-11-03,APIS FLORA,144.5
2025-11-03,ATLHETICA NUTRITION,1648.7
2025-11-03,BOLD,1332.49
2025-11-03,CAFFEINE ARMY,4347.19
2025-11-03,CENTRAL NUTRITION,985.8
2025-11-03,CHÁ MAIS,14.4
2025-11-03,COLOR ANDINA,49.7
2025-11-03,COPRA,65.8
2025-11-03,DARKNESS,124.9
2025-11-03,DOBRO,590.52
2025-11-03,DR. PEANUT,219.6
2025-11-03,DUX,18685.98
2025-11-03,EQUALIV,4000.0
2025-11-03,ESSENTIAL,4145.58
2025-11-03,FTW,52.9
2025-11-03,GOLDKO,37.32
2025-11-03,GUDAY,144.9
2025-11-03,HÁBITO VIDA,179.4
2025-11-03,INTEGRALMEDICA,1622.2
2025-11-03,KOBBER,32.9
2025-11-03,LAUTON,566.0
2025-11-03,MAIS MU,8.39
2025-11-03,MAX TITANIUM,324.7
2025-11-03,MOSTEIRO DEVAKAN,39.9
2025-11-03,NUTRATA,208.74
2025-11-03,NUTRIFY,3871.2
2025-11-03,OCEAN DROP,2646.2
2025-11-03,PLANT POWER,357.93
2025-11-03,PURAVIDA,5124.39
2025-11-03,SUBLYME,399.6
2025-11-03,SUPER NUTRITION,309.7
2025-11-03,TRUE SOURCE,1962.45
2025-11-03,VITAFOR,17645.5
2025-11-03,YOSEN,199.8
2025-11-03,ZEROMILK,93.24
2025-11-10,ADAPTOGEN,1294.3
2025-11-10,APIS FLORA,57.8
2025-11-10,ATLHETICA NUTRITION,2405.84
2025-11-10,BENDU,12.38
2025-11-10,BOLD,1324.1
2025-11-10,CAFFEINE ARMY,2990.92
2025-11-10,CENTRAL NUTRITION,1331.2
2025-11-10,COPRA,3.9
2025-11-10,DARKNESS,124.9
2025-11-10,DOBRO,383.45
2025-11-10,DR. PEANUT,164.7
2025-11-10,DUX,17141.8
2025-11-10,EAT CLEAN,58.5
2025-11-10,EQUALIV,3149.9
2025-11-10,ESSENTIAL,8781.3
2025-11-10,FLORMEL,16.8
2025-11-10,GOLDKO,9.84
2025-11-10,INTEGRALMEDICA,1483.8
2025-11-10,KOALA,469.7
2025-11-10,LAUTON,620.49
2025-11-10,MAIS MU,444.74
2025-11-10,MANDUBIM,79.6
2025-11-10,MAX TITANIUM,654.5
2025-11-10,MOSTEIRO DEVAKAN,39.9
2025-11-10,NUTRATA,263.05
2025-11-10,NUTRIFY,4586.0
2025-11-10,OCEAN DROP,3154.1
2025-11-10,PINATI,5.96
2025-11-10,PURAVIDA,5736.8
2025-11-10,STAMIN-UP,119.9
2025-11-10,SUBLYME,614.4
2025-11-10,SUPER NUTRITION,72.18
2025-11-10,TRUE SOURCE,2498.78
2025-11-10,VITAFOR,15969.08
2025-11-10,VITALIN,32.8
2025-11-10,WS NATURAIS,57.8
2025-11-10,YOSEN,309.8
2025-11-10,ZEROMILK,15.54
2025-11-17,ADAPTOGEN,1264.2
2025-11-17,APIS FLORA,158.5
2025-11-17,ATLHETICA NUTRITION,1822.4
2025-11-17,BOLD,1087.39
2025-11-17,CAFFEINE ARMY,2098.6
2025-11-17,CENTRAL NUTRITION,699.6
2025-11-17,DOBRO,153.31
2025-11-17,DUX,16464.18
2025-11-17,EQUALIV,1999.6
2025-11-17,ESSENTIAL,8156.32
2025-11-17,FTW,54.9
2025-11-17,GOLDKO,9.84
2025-11-17,HART`S NATURAL,159.6
2025-11-17,INTEGRALMEDICA,1753.7
2025-11-17,KOALA,114.9
2025-11-17,LAUTON,357.56
2025-11-17,MAIS MU,561.6
2025-11-17,MANDUBIM,46.8
2025-11-17,MAX TITANIUM,319.6
2025-11-17,MOSTEIRO DEVAKAN,39.9
2025-11-17,MYDREAM,23.96
2025-11-17,NUTRATA,776.23
2025-11-17,NUTRIFY,2791.8
2025-11-17,OCEAN DROP,2796.8
2025-11-17,ONLY4,29.9
2025-11-17,PINATI,23.84
2025-11-17,PURAVIDA,4174.19
2025-11-17,SUBLYME,209.8
2025-11-17,TRUE SOURCE,2296.87
2025-11-17,VITAFOR,13632.53
2025-11-17,YOSEN,269.7
2025-11-17,ZEROMILK,22.9
2025-11-24,ADAPTOGEN,1099.4
2025-11-24,APIS FLORA,270.1
2025-11-24,ATLHETICA NUTRITION,2155.99
2025-11-24,BOLD,1165.0
2025-11-24,CAFFEINE ARMY,1174.2
2025-11-24,CENTRAL NUTRITION,1966.94
2025-11-24,CHÁ MAIS,21.6
2025-11-24,COPRA,48.15
2025-11-24,DARKNESS,124.9
2025-11-24,DOBRO,241.74
2025-11-24,DUX,11630.45
2025-11-24,EQUALIV,2182.06
2025-11-24,ESSENTIAL,9914.86
2025-11-24,FLORMEL,42.0
2025-11-24,GOLDKO,39.74
2025-11-24,HÁBITO VIDA,119.6
2025-11-24,INTEGRALMEDICA,1229.0
2025-11-24,KOALA,174.9
2025-11-24,LAUTON,351.2
2025-11-24,LIQUIDZ,581.25
2025-11-24,MAIS MU,485.47
2025-11-24,MANDUBIM,19.9
2025-11-24,MAX TITANIUM,294.8
2025-11-24,MOSTEIRO DEVAKAN,119.7
2025-11-24,MYDREAM,11.98
2025-11-24,NUTRATA,409.7
2025-11-24,NUTRIFY,3993.9
2025-11-24,OCEAN DROP,2660.13
2025-11-24,ONLY4,59.8
2025-11-24,PINATI,5.96
2025-11-24,PURAVIDA,2813.0
2025-11-24,STÉVIACHOCO,36.9
2025-11-24,SUBLYME,314.7
2025-11-24,TRUE SOURCE,2223.7
2025-11-24,VITAFOR,21160.79
2025-11-24,VITALIN,31.8
2025-11-24,WS NATURAIS,28.9
2025-11-24,YOSEN,316.3
2025-12-01,ADAPTOGEN,979.4
2025-12-01,APIS FLORA,115.6
2025-12-01,ATLHETICA NUTRITION,1317.89
2025-12-01,BOLD,630.26
2025-12-01,CAFFEINE ARMY,1584.0
2025-12-01,CENTRAL NUTRITION,2056.94
2025-12-01,DR. PEANUT,106.65
2025-12-01,DUX,15467.5
2025-12-01,EQUALIV,1788.26
2025-12-01,ESSENTIAL,3648.19
2025-12-01,FLORMEL,12.6
2025-12-01,HART`S NATURAL,39.9
2025-12-01,HÁBITO VIDA,119.6
2025-12-01,INTEGRALMEDICA,1619.0
2025-12-01,KOBBER,32.9
2025-12-01,LAUTON,701.5
2025-12-01,LIQUIDZ,374.4
2025-12-01,MANDUBIM,39.8
2025-12-01,NUTRATA,12.9
2025-12-01,NUTRIFY,2213.2
2025-12-01,OCEAN DROP,1702.8
2025-12-01,PINATI,15.87
2025-12-01,PLANT POWER,279.8
2025-12-01,PURAVIDA,4308.98
2025-12-01,SÃO FRANCISCO,24.01
2025-12-01,TRUE SOURCE,3033.3
2025-12-01,VITAFOR,16418.19
2025-12-01,YOSEN,79.9
2025-12-08,ADAPTOGEN,1519.1
2025-12-08,ALLMAX,249.9
2025-12-08,APIS FLORA,274.1
2025-12-08,ATLHETICA NUTRITION,2353.1
2025-12-08,BOLD,400.74
2025-12-08,CAFFEINE ARMY,2003.7
2025-12-08,CENTRAL NUTRITION,1304.3
2025-12-08,DOBRO,174.9
2025-12-08,DR. PEANUT,216.45
2025-12-08,DUX,13337.03
2025-12-08,EQUALIV,2399.4
2025-12-08,ESSENTIAL,4634.69
2025-12-08,GU,269.89
2025-12-08,INTEGRALMEDICA,1304.2
2025-12-08,KOALA,289.8
2025-12-08,LAUTON,191.5
2025-12-08,LIQUIDZ,94.9
2025-12-08,MAIS MU,551.36
2025-12-08,MANDUBIM,19.9
2025-12-08,MAX TITANIUM,209.8
2025-12-08,NUTRATA,858.4
2025-12-08,NUTRIFY,1643.3
2025-12-08,OCEAN DROP,2350.5
2025-12-08,PINATI,22.68
2025-12-08,PURAVIDA,4019.1
2025-12-08,SUBLYME,419.6
2025-12-08,SUPER NUTRITION,331.71
2025-12-08,TRUE SOURCE,2977.72
2025-12-08,VITAFOR,16404.3
2025-12-08,WS NATURAIS,28.9
2025-12-08,YOSEN,374.7
2025-12-15,ADAPTOGEN,649.6
2025-12-15,APIS FLORA,58.8
2025-12-15,ATLHETICA NUTRITION,914.3
2025-12-15,BOLD,542.6
2025-12-15,CAFFEINE ARMY,1349.2
2025-12-15,CENTRAL NUTRITION,1344.2
2025-12-15,CHÁ MAIS,6.9
2025-12-15,DARKNESS,124.9
2025-12-15,DOBRO,310.7
2025-12-15,DR. PEANUT,119.8
2025-12-15,DUX,10809.8
2025-12-15,DYMATIZE,899.9
2025-12-15,EQUALIV,3646.0
2025-12-15,ESSENTIAL,3455.7
2025-12-15,FLORMEL,20.28
2025-12-15,GOLDKO,9.9
2025-12-15,GUDAY,369.7
2025-12-15,INTEGRALMEDICA,1035.1
2025-12-15,KOBBER,32.9
2025-12-15,LAUTON,293.3
2025-12-15,LIQUIDZ,189.8
2025-12-15,MAIS MU,275.7
2025-12-15,MAX TITANIUM,539.6
2025-12-15,MOSTEIRO DEVAKAN,119.7
2025-12-15,NUTRATA,142.8
2025-12-15,NUTRIFY,2786.9
2025-12-15,OCEAN DROP,1614.9
2025-12-15,PINATI,15.87
2025-12-15,PLANT POWER,139.9
2025-12-15,PURAVIDA,3288.9
2025-12-15,SUBLYME,104.9
2025-12-15,SUPER NUTRITION,109.9
2025-12-15,TRUE SOURCE,1319.1
2025-12-15,VITAFOR,13869.5
2025-12-15,YOSEN,199.9
2025-12-22,ADAPTOGEN,359.7
2025-12-22,APIS FLORA,29.9
2025-12-22,ATLHETICA NUTRITION,959.3
2025-12-22,BOLD,174.9
2025-12-22,CAFFEINE ARMY,899.4
2025-12-22,CENTRAL NUTRITION,209.9
2025-12-22,DUX,7795.35
2025-12-22,EQUALIV,736.6
2025-12-22,ESSENTIAL,3159.6
2025-12-22,INTEGRALMEDICA,59.9
2025-12-22,KOALA,289.8
2025-12-22,LAUTON,49.9
2025-12-22,LIQUIDZ,55.2
2025-12-22,MAIS MU,32.7
2025-12-22,MANDUBIM,18.89
2025-12-22,MOSTEIRO DEVAKAN,39.9
2025-12-22,MYDREAM,75.56
2025-12-22,NUTRATA,284.7
2025-12-22,NUTRIFY,879.1
2025-12-22,OCEAN DROP,860.9
2025-12-22,PURAVIDA,2675.5
2025-12-22,SUBLYME,419.6
2025-12-22,SUPER NUTRITION,109.9
2025-12-22,TRUE SOURCE,109.9
2025-12-22,VITAFOR,8989.3
2025-12-22,YOSEN,334.7
2025-12-29,ADAPTOGEN,569.7
2025-12-29,ALLMAX,249.9
2025-12-29,ATLHETICA NUTRITION,1693.5
2025-12-29,BOLD,782.2
2025-12-29,CAFFEINE ARMY,1459.1
2025-12-29,CENTRAL NUTRITION,984.5
2025-12-29,DOBRO,32.7
2025-12-29,DR. PEANUT,59.9
2025-12-29,DUX,9904.65
2025-12-29,DYMATIZE,739.8
2025-12-29,EQUALIV,2438.3
2025-12-29,ESSENTIAL,4302.5
2025-12-29,FLORMEL,14.7
2025-12-29,GOLDKO,9.9
2025-12-29,GUDAY,144.9
2025-12-29,INTEGRALMEDICA,768.4
2025-12-29,KOBBER,32.9
2025-12-29,LAUTON,74.8
2025-12-29,LIQUIDZ,117.3
2025-12-29,MAX TITANIUM,164.9
2025-12-29,MYDREAM,23.96
2025-12-29,NUTRATA,281.84
2025-12-29,NUTRIFY,1913.6
2025-12-29,OCEAN DROP,1416.0
2025-12-29,PINATI,11.9
2025-12-29,PLANT POWER,279.8
2025-12-29,PURAVIDA,2319.0
2025-12-29,SUBLYME,314.7
2025-12-29,SUPER NUTRITION,199.8
2025-12-29,TOPWAY,479.8
2025-12-29,TRUE SOURCE,999.4
2025-12-29,VITAFOR,10926.6
2025-12-29,WS NATURAIS,32.9
2025-12-29,YOSEN,436.1
2026-01-05,ADAPTOGEN,1139.3
2026-01-05,ALLMAX,249.9
2026-01-05,APIS FLORA,358.9
2026-01-05,ATLHETICA NUTRITION,2563.0
2026-01-05,BOLD,54.5
2026-01-05,CAFFEINE ARMY,969.4
2026-01-05,CENTRAL NUTRITION,762.5
2026-01-05,CHÁ MAIS,6.9
2026-01-05,DARKNESS,333.95
2026-01-05,DOBRO,141.7
2026-01-05,DUX,17144.85
2026-01-05,EQUALIV,1467.7
2026-01-05,ESSENTIAL,6244.9
2026-01-05,FLORMEL,24.5
2026-01-05,GOLDKO,9.9
2026-01-05,HÁBITO VIDA,29.9
2026-01-05,INTEGRALMEDICA,540.5
2026-01-05,KOALA,174.9
2026-01-05,LAUTON,585.1
2026-01-05,LIQUIDZ,177.7
2026-01-05,MAIS MU,371.6
2026-01-05,MANDUBIM,97.58
2026-01-05,MAX TITANIUM,404.6
2026-01-05,NICE MILK,59.9
2026-01-05,NUTRATA,365.6
2026-01-05,NUTRIFY,3958.1
2026-01-05,OCEAN DROP,2931.2
2026-01-05,PINATI,53.3
2026-01-05,PLANT POWER,419.7
2026-01-05,PURAVIDA,4160.0
2026-01-05,SUBLYME,104.9
2026-01-05,SUPER NUTRITION,109.9
2026-01-05,TRUE SOURCE,1644.0
2026-01-05,VITAFOR,19993.4
2026-01-05,YOSEN,174.8
2026-01-12,ADAPTOGEN,2413.7
2026-01-12,APIS FLORA,149.5
2026-01-12,ATLHETICA NUTRITION,2436.0
2026-01-12,BENDU,38.7
2026-01-12,BOLD,669.3
2026-01-12,CAFFEINE ARMY,4157.4
2026-01-12,CENTRAL NUTRITION,1269.3
2026-01-12,CHÁ MAIS,13.8
2026-01-12,DARKNESS,884.3
2026-01-12,DOBRO,895.84
2026-01-12,DR. PEANUT,59.9
2026-01-12,DUX,20432.5
2026-01-12,EQUALIV,3205.3
2026-01-12,ESSENTIAL,8304.9
2026-01-12,FLORMEL,34.3
2026-01-12,GOLDKO,39.6
2026-01-12,GUDAY,144.9
2026-01-12,HÁBITO VIDA,87.7
2026-01-12,INTEGRALMEDICA,1759.0
2026-01-12,KOALA,519.6
2026-01-12,LAUTON,274.6
2026-01-12,LIQUIDZ,189.8
2026-01-12,MAIS MU,660.9
2026-01-12,MANDUBIM,18.89
2026-01-12,MAX TITANIUM,129.9
2026-01-12,MOSTEIRO DEVAKAN,39.9
2026-01-12,NUTRATA,505.5
2026-01-12,NUTRIFY,3164.27
2026-01-12,OCEAN DROP,2159.8
2026-01-12,ONLY4,29.9
2026-01-12,ORGANIC INDIA,129.8
2026-01-12,PINATI,11.86
2026-01-12,PLANT POWER,279.8
2026-01-12,PURAVIDA,5581.5
2026-01-12,STÉVIACHOCO,64.8
2026-01-12,SUBLYME,629.4
2026-01-12,SUPER NUTRITION,99.9
2026-01-12,TRUE SOURCE,4972.6
2026-01-12,VITAFOR,20981.5
2026-01-12,WS NATURAIS,65.8
2026-01-12,YOSEN,749.3
2026-01-12,ZEROMILK,37.78
2026-01-19,ADAPTOGEN,1499.4
2026-01-19,APIS FLORA,89.7
2026-01-19,ATLHETICA NUTRITION,2387.46
2026-01-19,BOLD,1441.8
2026-01-19,CAFFEINE ARMY,2838.3
2026-01-19,CENTRAL NUTRITION,1399.2
2026-01-19,DOBRO,345.23
2026-01-19,DUX,13407.85
2026-01-19,DYMATIZE,899.9
2026-01-19,EQUALIV,3057.58
2026-01-19,ESSENTIAL,10794.4
2026-01-19,FLORMEL,47.26
2026-01-19,GOLDKO,19.8
2026-01-19,GUDAY,144.9
2026-01-19,HÁBITO VIDA,87.7
2026-01-19,INTEGRALMEDICA,739.3
2026-01-19,KOBBER,65.8
2026-01-19,LAUTON,521.1
2026-01-19,LIQUIDZ,6.9
2026-01-19,MAIS MU,763.1
2026-01-19,MAX TITANIUM,129.9
2026-01-19,MOSTEIRO DEVAKAN,39.9
2026-01-19,NICE MILK,59.9
2026-01-19,NUTRATA,537.1
2026-01-19,NUTRIFY,3343.58
2026-01-19,OCEAN DROP,2475.9
2026-01-19,PINATI,32.58
2026-01-19,PURAVIDA,3916.2
2026-01-19,SUBLYME,314.7
2026-01-19,SUPER NUTRITION,314.7
2026-01-19,Super Nutrition,259.8
2026-01-19,TOPWAY,239.9
2026-01-19,TRUE SOURCE,3732.8
2026-01-19,VITAFOR,15047.6
2026-01-19,WS NATURAIS,32.9
2026-01-19,YOSEN,729.2
2026-01-19,ZEROMILK,18.89
2026-01-26,ADAPTOGEN,3403.2
2026-01-26,APIS FLORA,59.8
2026-01-26,ATLHETICA NUTRITION,2872.5
2026-01-26,BOLD,466.0
2026-01-26,CAFFEINE ARMY,4282.2
2026-01-26,CENTRAL NUTRITION,884.5
2026-01-26,DOBRO,460.89
2026-01-26,DUX,18854.09
2026-01-26,EQUALIV,3081.46
2026-01-26,ESSENTIAL,9135.8
2026-01-26,FLORMEL,62.38
2026-01-26,FTW,94.9
2026-01-26,GOLDKO,19.8
2026-01-26,GUDAY,434.7
2026-01-26,HÁBITO VIDA,55.8
2026-01-26,INTEGRALMEDICA,1135.2
2026-01-26,KOALA,814.5
2026-01-26,LAUTON,726.7
2026-01-26,LIQUIDZ,543.5
2026-01-26,MAIS MU,149.4
2026-01-26,MAX TITANIUM,374.7
2026-01-26,MOSTEIRO DEVAKAN,199.5
2026-01-26,NUTRATA,620.2
2026-01-26,NUTRIFY,5020.15
2026-01-26,OCEAN DROP,3170.73
2026-01-26,PINATI,35.66
2026-01-26,PLANT POWER,109.9
2026-01-26,PURAVIDA,5516.4
2026-01-26,SUBLYME,734.3
2026-01-26,SUPER NUTRITION,209.8
2026-01-26,SÃO FRANCISCO,24.01
2026-01-26,TRUE SOURCE,3584.8
2026-01-26,VITAFOR,20960.88
2026-01-26,XTRATUS,199.9
2026-02-02,ADAPTOGEN,1549.3
2026-02-02,APIS FLORA,72.8
2026-02-02,ATLHETICA NUTRITION,3062.4
2026-02-02,BENDU,63.46
2026-02-02,BOLD,109.9
2026-02-02,CAFFEINE ARMY,3073.1
2026-02-02,CENTRAL NUTRITION,1519.23
2026-02-02,CHÁ MAIS,6.9
2026-02-02,COPRA,3.9
2026-02-02,DUX,16834.25
2026-02-02,DYMATIZE,369.9
2026-02-02,EQUALIV,2740.0
2026-02-02,ESSENTIAL,8798.2
2026-02-02,GUDAY,289.8
2026-02-02,HÁBITO VIDA,83.7
2026-02-02,INTEGRALMEDICA,508.3
2026-02-02,KOALA,174.9
2026-02-02,LAUTON,383.09
2026-02-02,LIQUIDZ,441.7
2026-02-02,MAIS MU,84.9
2026-02-02,MOSTEIRO DEVAKAN,159.6
2026-02-02,NUTRATA,402.6
2026-02-02,NUTRIFY,3296.8
2026-02-02,OCEAN DROP,3148.3
2026-02-02,PURAVIDA,4365.2
2026-02-02,SANAVITA,17.85
2026-02-02,STÉVIACHOCO,27.9
2026-02-02,SUBLYME,524.5
2026-02-02,SUPER NUTRITION,119.9
2026-02-02,TRUE SOURCE,2328.8
2026-02-02,VERDE CAMPO,97.88
2026-02-02,VITAFOR,19979.1
2026-02-02,WS NATURAIS,98.7
2026-02-02,YOSEN,351.2
2026-02-09,ADAPTOGEN,1344.3
2026-02-09,APIS FLORA,149.5
2026-02-09,ATLHETICA NUTRITION,2864.92
2026-02-09,BELIVE,11.8
2026-02-09,BOLD,660.6
2026-02-09,CAFFEINE ARMY,2843.3
2026-02-09,CENTRAL NUTRITION,1434.2
2026-02-09,CHÁ MAIS,42.0
2026-02-09,COPRA,3.9
2026-02-09,DOBRO,390.2
2026-02-09,DUX,14930.13
2026-02-09,DYMATIZE,369.9
2026-02-09,EQUALIV,2265.53
2026-02-09,ESSENTIAL,6919.2
2026-02-09,FLORMEL,29.4
2026-02-09,GOLDKO,29.9
2026-02-09,HART`S NATURAL,44.9
2026-02-09,HÁBITO VIDA,29.9
2026-02-09,INTEGRALMEDICA,364.8
2026-02-09,KOALA,419.7
2026-02-09,LAUTON,464.07
2026-02-09,LIQUIDZ,224.3
2026-02-09,MAIS MU,21.8
2026-02-09,MAX TITANIUM,404.6
2026-02-09,NUTRATA,613.3
2026-02-09,NUTRIFY,1703.4
2026-02-09,OCEAN DROP,2820.46
2026-02-09,PINATI,11.92
2026-02-09,PLANT POWER,139.9
2026-02-09,PURAVIDA,4016.44
2026-02-09,SUBLYME,104.9
2026-02-09,TRUE SOURCE,1600.9
2026-02-09,VERDE CAMPO,79.7
2026-02-09,VITAFOR,14875.18
2026-02-09,WS NATURAIS,29.9
2026-02-09,YOSEN,99.9
2026-02-16,ADAPTOGEN,589.6
2026-02-16,APIS FLORA,89.7
2026-02-16,ATLHETICA NUTRITION,2779.04
2026-02-16,BELIVE,5.9
2026-02-16,BOLD,949.4
2026-02-16,CAFFEINE ARMY,2013.7
2026-02-16,CENTRAL NUTRITION,209.9
2026-02-16,CHÁ MAIS,13.8
2026-02-16,COPRA,3.9
2026-02-16,DOBRO,649.6
2026-02-16,DUX,13329.02
2026-02-16,EQUALIV,1537.01
2026-02-16,ESSENTIAL,5660.8
2026-02-16,GUDAY,144.9
2026-02-16,HÁBITO VIDA,27.9
2026-02-16,INTEGRALMEDICA,800.1
2026-02-16,KOALA,419.7
2026-02-16,LAUTON,278.88
2026-02-16,LIQUIDZ,217.4
2026-02-16,MAIS MU,323.5
2026-02-16,MAX TITANIUM,339.7
2026-02-16,MOSTEIRO DEVAKAN,39.9
2026-02-16,NUTRATA,145.7
2026-02-16,NUTRIFY,2814.3
2026-02-16,OCEAN DROP,1870.6
2026-02-16,PLANT POWER,389.7
2026-02-16,PURAVIDA,2532.87
2026-02-16,SUBLYME,209.8
2026-02-16,Super Nutrition,129.9
2026-02-16,TOPWAY,479.8
2026-02-16,TRUE SOURCE,3365.2
2026-02-16,VERDE CAMPO,23.07
2026-02-16,VITAFOR,12777.17
2026-02-16,WS NATURAIS,32.9
2026-02-16,YOSEN,199.9
2026-02-16,ZEROMILK,18.89
2026-02-23,ADAPTOGEN,1829.1
2026-02-23,APIS FLORA,149.5
2026-02-23,ATLHETICA NUTRITION,5097.47
2026-02-23,BELIVE,23.6
2026-02-23,BENDU,38.18
2026-02-23,BOLD,1048.7
2026-02-23,CAFFEINE ARMY,4742.0
2026-02-23,CENTRAL NUTRITION,2344.44
2026-02-23,CHÁ MAIS,6.9
2026-02-23,COPRA,3.9
2026-02-23,DARKNESS,124.9
2026-02-23,DOBRO,109.9
2026-02-23,DUX,21671.91
2026-02-23,DYMATIZE,899.9
2026-02-23,EQUALIV,2261.5
2026-02-23,ESSENTIAL,9374.19
2026-02-23,FLORMEL,24.5
2026-02-23,GUDAY,144.9
2026-02-23,HART`S NATURAL,44.9
2026-02-23,INTEGRALMEDICA,1460.9
2026-02-23,KOALA,229.8
2026-02-23,LAUTON,720.82
2026-02-23,LIQUIDZ,291.6
2026-02-23,MAIS MU,1093.94
2026-02-23,MANDUBIM,18.89
2026-02-23,MAX TITANIUM,729.4
2026-02-23,MOSTEIRO DEVAKAN,39.9
2026-02-23,NUTRATA,864.0
2026-02-23,NUTRIFY,2887.01
2026-02-23,OCEAN DROP,3854.7
2026-02-23,ORGANIC INDIA,64.9
2026-02-23,PINATI,23.8
2026-02-23,PLANT POWER,139.9
2026-02-23,PURAVIDA,5144.46
2026-02-23,SUBLYME,524.5
2026-02-23,SUPER NUTRITION,99.9
2026-02-23,TRUE SOURCE,3433.2
2026-02-23,VERDE CAMPO,120.95
2026-02-23,VITAFOR,19368.3
2026-02-23,VITALIN,31.8
2026-02-23,YOSEN,179.8
2026-03-02,ADAPTOGEN,2988.6
2026-03-02,APIS FLORA,129.6
2026-03-02,ATLHETICA NUTRITION,4035.94
2026-03-02,BOLD,1205.9
2026-03-02,CAFFEINE ARMY,4257.1
2026-03-02,CENTRAL NUTRITION,3267.33
2026-03-02,CHÁ MAIS,7.2
2026-03-02,DOBRO,149.9
2026-03-02,DR. PEANUT,59.9
2026-03-02,DUX,19126.38
2026-03-02,DYMATIZE,739.8
2026-03-02,EQUALIV,2544.11
2026-03-02,ESSENTIAL,7689.83
2026-03-02,FLORMEL,4.9
2026-03-02,GOLDKO,9.9
2026-03-02,GUDAY,144.9
2026-03-02,HART`S NATURAL,39.9
2026-03-02,HÁBITO VIDA,83.7
2026-03-02,INTEGRALMEDICA,1203.0
2026-03-02,KOALA,554.7
2026-03-02,LAUTON,714.99
2026-03-02,LIQUIDZ,150.1
2026-03-02,MAIS MU,462.5
2026-03-02,MANDUBIM,18.89
2026-03-02,MAX TITANIUM,499.8
2026-03-02,NUTRATA,780.2
2026-03-02,NUTRIFY,4614.51
2026-03-02,OCEAN DROP,4143.15
2026-03-02,ONLY4,29.9
2026-03-02,PINATI,47.6
2026-03-02,PURAVIDA,4792.68
2026-03-02,SUBLYME,734.3
2026-03-02,SUPER NUTRITION,319.7
2026-03-02,TRUE SOURCE,1943.4
2026-03-02,VITAFOR,25415.22
2026-03-02,VITALIN,15.9
2026-03-02,WS NATURAIS,131.6
2026-03-02,ZEROMILK,18.89
2026-03-09,ADAPTOGEN,1684.2
2026-03-09,APIS FLORA,109.7
2026-03-09,ATLHETICA NUTRITION,3150.92
2026-03-09,BELIVE,17.7
2026-03-09,BOLD,686.19
2026-03-09,CAFFEINE ARMY,3822.6
2026-03-09,CENTRAL NUTRITION,1524.2
2026-03-09,CHÁ MAIS,48.9
2026-03-09,DARKNESS,124.9
2026-03-09,DOBRO,567.86
2026-03-09,DR. PEANUT,59.9
2026-03-09,DUX,14334.52
2026-03-09,EQUALIV,1724.93
2026-03-09,ESSENTIAL,8861.57
2026-03-09,FLORMEL,19.6
2026-03-09,GOLDKO,9.9
2026-03-09,INTEGRALMEDICA,805.38
2026-03-09,KOALA,189.9
2026-03-09,LAUTON,367.19
2026-03-09,LIQUIDZ,402.0
2026-03-09,MAIS MU,374.2
2026-03-09,MAX TITANIUM,79.9
2026-03-09,MOSTEIRO DEVAKAN,79.8
2026-03-09,MOVING,43.6
2026-03-09,NUTRATA,434.39
2026-03-09,NUTRIFY,3259.0
2026-03-09,OCEAN DROP,2439.92
2026-03-09,PLANT POWER,339.88
2026-03-09,PURAVIDA,2785.92
2026-03-09,SUBLYME,104.9
2026-03-09,SUPER NUTRITION,299.7
2026-03-09,TRUE SOURCE,3343.4
2026-03-09,VITAFOR,19744.91
2026-03-09,YOSEN,76.5
2026-03-09,ZEROMILK,37.78
2026-03-16,ADAPTOGEN,2723.8
2026-03-16,ALLMAX,229.99
2026-03-16,APIS FLORA,29.9
2026-03-16,ATLHETICA NUTRITION,3022.88
2026-03-16,BELIVE,11.8
2026-03-16,BENDU,62.8
2026-03-16,BOLD,674.6
2026-03-16,CAFFEINE ARMY,2613.4
2026-03-16,CENTRAL NUTRITION,1817.0
2026-03-16,COPRA,3.9
2026-03-16,DOBRO,318.74
2026-03-16,DUX,14863.59
2026-03-16,DYMATIZE,1249.8
2026-03-16,EQUALIV,1638.1
2026-03-16,ESSENTIAL,7785.24
2026-03-16,FLORMEL,29.4
2026-03-16,GOLDKO,19.8
2026-03-16,GU,64.5
2026-03-16,GUDAY,144.9
2026-03-16,HÁBITO VIDA,57.8
2026-03-16,INTEGRALMEDICA,1074.6
2026-03-16,KOALA,189.9
2026-03-16,KOBBER,32.9
2026-03-16,LAUTON,479.19
2026-03-16,LIQUIDZ,6.9
2026-03-16,MAIS MU,809.03
2026-03-16,MANDUBIM,18.89
2026-03-16,MAX TITANIUM,379.15
2026-03-16,MOVING,167.4
2026-03-16,NUTRATA,1457.84
2026-03-16,NUTRIFY,3811.8
2026-03-16,OCEAN DROP,2010.68
2026-03-16,PLANT POWER,99.99
2026-03-16,PURAVIDA,4822.45
2026-03-16,STÉVIACHOCO,59.98
2026-03-16,SUBLYME,104.9
2026-03-16,TRUE SOURCE,999.2
2026-03-16,VERDE CAMPO,71.92
2026-03-16,VITAFOR,18434.76
2026-03-16,YOSEN,199.9
2026-03-23,ADAPTOGEN,2313.8
2026-03-23,ALLMAX,229.99
2026-03-23,APIS FLORA,368.0
2026-03-23,ATLHETICA NUTRITION,2041.47
2026-03-23,BELIVE,23.6
2026-03-23,BENDU,12.9
2026-03-23,BOLD,784.49
2026-03-23,CAFFEINE ARMY,4292.3
2026-03-23,CENTRAL NUTRITION,1504.2
2026-03-23,DOBRO,862.43
2026-03-23,DUX,16499.37
2026-03-23,DYMATIZE,2029.71
2026-03-23,EQUALIV,2988.99
2026-03-23,ESSENTIAL,9205.8
2026-03-23,FLORMEL,63.7
2026-03-23,GOLDKO,19.8
2026-03-23,HÁBITO VIDA,27.9
2026-03-23,INTEGRALMEDICA,1874.78
2026-03-23,KOALA,609.6
2026-03-23,LAUTON,430.37
2026-03-23,LIQUIDZ,163.9
2026-03-23,MAIS MU,693.28
2026-03-23,MANDUBIM,59.8
2026-03-23,MOSTEIRO DEVAKAN,39.9
2026-03-23,MOVING,135.7
2026-03-23,NUTRATA,737.18
2026-03-23,NUTRIFY,3556.87
2026-03-23,OCEAN DROP,3240.01
2026-03-23,PINATI,21.76
2026-03-23,PLANT POWER,399.96
2026-03-23,PURAVIDA,4370.79
2026-03-23,STÉVIACHOCO,27.9
2026-03-23,SUBLYME,629.4
2026-03-23,SUPER NUTRITION,99.9
2026-03-23,TRUE SOURCE,2014.0
2026-03-23,VERDE CAMPO,17.98
2026-03-23,VITAFOR,23261.17
2026-03-23,WS NATURAIS,65.8
2026-03-30,ADAPTOGEN,2543.8
2026-03-30,APIS FLORA,39.9
2026-03-30,ATLHETICA NUTRITION,1086.7
2026-03-30,BOLD,618.12
2026-03-30,CAFFEINE ARMY,3802.6
2026-03-30,CENTRAL NUTRITION,719.5
2026-03-30,DOBRO,571.62
2026-03-30,DUX,25617.0
2026-03-30,DYMATIZE,899.9
2026-03-30,EQUALIV,4025.5
2026-03-30,ESSENTIAL,9545.95
2026-03-30,FLORMEL,8.9
2026-03-30,GOLDKO,276.9
2026-03-30,GUDAY,144.9
2026-03-30,HART`S NATURAL,39.9
2026-03-30,HÁBITO VIDA,27.9
2026-03-30,INTEGRALMEDICA,939.49
2026-03-30,KOALA,494.7
2026-03-30,KOBBER,32.9
2026-03-30,LAUTON,550.0
2026-03-30,LIQUIDZ,189.8
2026-03-30,MAIS MU,738.46
2026-03-30,MANDUBIM,18.89
2026-03-30,MAX TITANIUM,244.8
2026-03-30,MOVING,21.8
2026-03-30,NUTRATA,578.39
2026-03-30,NUTRIFY,3948.3
2026-03-30,OCEAN DROP,2455.3
2026-03-30,PLANT POWER,199.98
2026-03-30,PURAVIDA,3129.3
2026-03-30,STÉVIACHOCO,29.99
2026-03-30,SUBLYME,314.7
2026-03-30,SUPER NUTRITION,99.9
2026-03-30,TRUE SOURCE,3398.1
2026-03-30,VERDE CAMPO,220.52
2026-03-30,VITAFOR,20576.15
2026-03-30,WS NATURAIS,59.8
2026-04-06,ADAPTOGEN,2723.9
2026-04-06,APIS FLORA,99.7
2026-04-06,ATLHETICA NUTRITION,1814.09
2026-04-06,BELIVE,35.4
2026-04-06,BENDU,49.9
2026-04-06,BOLD,185.8
2026-04-06,CAFFEINE ARMY,5376.6
2026-04-06,CENTRAL NUTRITION,1794.39
2026-04-06,CHÁ MAIS,7.2
2026-04-06,COPRA,11.7
2026-04-06,DOBRO,500.1
2026-04-06,DUX,21289.97
2026-04-06,DYMATIZE,369.9
2026-04-06,EQUALIV,2383.99
2026-04-06,ESSENTIAL,9345.4
2026-04-06,GOLDKO,39.6
2026-04-06,GUDAY,289.8
2026-04-06,HÁBITO VIDA,27.9
2026-04-06,INTEGRALMEDICA,1678.5
2026-04-06,KOALA,114.9
2026-04-06,LAUTON,478.0
2026-04-06,MAIS MU,203.8
2026-04-06,MANDUBIM,29.9
2026-04-06,MAX TITANIUM,244.8
2026-04-06,MOVING,173.4
2026-04-06,NAKED NUTS,99.0
2026-04-06,NICE MILK,64.9
2026-04-06,NUTRATA,906.0
2026-04-06,NUTRIFY,4739.18
2026-04-06,OCEAN DROP,3851.32
2026-04-06,ONLY4,89.7
2026-04-06,PURAVIDA,3370.33
2026-04-06,STÉVIACHOCO,27.9
2026-04-06,SUBLYME,314.7
2026-04-06,SUPER NUTRITION,94.9
2026-04-06,SÃO FRANCISCO,34.9
2026-04-06,TRUE SOURCE,3073.49
2026-04-06,VERDE CAMPO,53.83
2026-04-06,VITAFOR,21018.75
2026-04-06,WS NATURAIS,65.8
2026-04-06,YOSEN,254.7
2026-04-13,ADAPTOGEN,2748.7
2026-04-13,APIS FLORA,29.9
2026-04-13,ATLHETICA NUTRITION,810.69
2026-04-13,BELIVE,5.9
2026-04-13,BOLD,484.7
2026-04-13,CAFFEINE ARMY,3183.3
2026-04-13,CENTRAL NUTRITION,2243.02
2026-04-13,CHÁ MAIS,6.9
2026-04-13,COPRA,34.9
2026-04-13,DOBRO,215.3
2026-04-13,DR. PEANUT,59.9
2026-04-13,DUX,22020.68
2026-04-13,EQUALIV,2669.15
2026-04-13,ESSENTIAL,9173.99
2026-04-13,FLORMEL,28.5
2026-04-13,GOLDKO,17.64
2026-04-13,GUDAY,144.9
2026-04-13,HÁBITO VIDA,27.9
2026-04-13,INTEGRALMEDICA,1206.0
2026-04-13,KOALA,304.8
2026-04-13,KOBBER,164.5
2026-04-13,LAUTON,501.69
2026-04-13,LIQUIDZ,434.8
2026-04-13,MAIS MU,41.6
2026-04-13,MANDUBIM,29.9
2026-04-13,MAX TITANIUM,689.6
2026-04-13,MOSTEIRO DEVAKAN,39.9
2026-04-13,MOVING,97.1
2026-04-13,NUTRATA,437.4
2026-04-13,NUTRIFY,4122.22
2026-04-13,OCEAN DROP,4224.99
2026-04-13,PINATI,9.9
2026-04-13,PURAVIDA,3767.88
2026-04-13,SUBLYME,314.7
2026-04-13,SUPER NUTRITION,209.8
2026-04-13,Super Nutrition,129.9
2026-04-13,TRUE SOURCE,3391.28
2026-04-13,VERDE CAMPO,41.25
2026-04-13,VITAFOR,24906.24
2026-04-13,YOSEN,539.5
2026-04-20,ADAPTOGEN,3213.6
2026-04-20,ALLMAX,249.9
2026-04-20,APIS FLORA,59.8
2026-04-20,ATLHETICA NUTRITION,189.89
2026-04-20,BELIVE,29.5
2026-04-20,BOLD,388.0
2026-04-20,CAFFEINE ARMY,2808.4
2026-04-20,CENTRAL NUTRITION,1394.29
2026-04-20,CHÁ MAIS,28.2
2026-04-20,DOBRO,701.76
2026-04-20,DUX,15857.46
2026-04-20,DYMATIZE,739.8
2026-04-20,EQUALIV,3174.84
2026-04-20,ESSENTIAL,5818.27
2026-04-20,HART`S NATURAL,44.9
2026-04-20,HÁBITO VIDA,111.6
2026-04-20,INTEGRALMEDICA,875.2
2026-04-20,KOALA,609.6
2026-04-20,LAUTON,520.35
2026-04-20,LIQUIDZ,517.6
2026-04-20,MAIS MU,860.64
2026-04-20,MAX TITANIUM,938.85
2026-04-20,MOSTEIRO DEVAKAN,39.9
2026-04-20,MOVING,85.2
2026-04-20,NUTRATA,2026.8
2026-04-20,NUTRIFY,2755.77
2026-04-20,OCEAN DROP,3706.38
2026-04-20,PLANT POWER,809.4
2026-04-20,PURAVIDA,3993.2
2026-04-20,SUBLYME,104.9
2026-04-20,TRUE SOURCE,4215.69
2026-04-20,VERDE CAMPO,15.38
2026-04-20,VITAFOR,17925.74
2026-04-20,VITALIN,15.9
2026-04-20,YOSEN,624.5
2026-04-27,ADAPTOGEN,1739.2
2026-04-27,ALLMAX,249.9
2026-04-27,APIS FLORA,29.9
2026-04-27,ATLHETICA NUTRITION,1080.98
2026-04-27,BENDU,25.8
2026-04-27,BOLD,698.7
2026-04-27,CAFFEINE ARMY,3218.2
2026-04-27,CENTRAL NUTRITION,2203.02
2026-04-27,COLOR ANDINA,22.0
2026-04-27,DOBRO,809.0
2026-04-27,DUX,19337.6
2026-04-27,DYMATIZE,1629.7
2026-04-27,EQUALIV,2106.29
2026-04-27,ESSENTIAL,9769.96
2026-04-27,FLORMEL,4.9
2026-04-27,GOLDKO,39.6
2026-04-27,GUDAY,434.7
2026-04-27,HÁBITO VIDA,87.7
2026-04-27,INTEGRALMEDICA,2217.1
2026-04-27,KOALA,609.6
2026-04-27,LABGENIX,239.9
2026-04-27,LAUTON,427.39
2026-04-27,LIQUIDZ,360.6
2026-04-27,MAIS MU,320.8
2026-04-27,MOVING,248.7
2026-04-27,NUTRATA,1096.9
2026-04-27,NUTRIFY,4795.7
2026-04-27,OCEAN DROP,2821.15
2026-04-27,PURAVIDA,4058.44
2026-04-27,SUBLYME,839.2
2026-04-27,SUPER NUTRITION,119.9
2026-04-27,TRUE SOURCE,4874.36
2026-04-27,VITAFOR,23272.63
2026-04-27,VITALIN,31.8
2026-04-27,WS NATURAIS,29.9
2026-04-27,YOSEN,161.4
2026-05-04,ADAPTOGEN,2309.0
2026-05-04,APIS FLORA,262.2
2026-05-04,ATLHETICA NUTRITION,1084.1
2026-05-04,BENDU,12.9
2026-05-04,BOLD,620.5
2026-05-04,CAFFEINE ARMY,2708.5
2026-05-04,CENTRAL NUTRITION,2213.6
2026-05-04,DOBRO,259.8
2026-05-04,DUX,23614.33
2026-05-04,DYMATIZE,889.9
2026-05-04,EQUALIV,3571.4
2026-05-04,ESSENTIAL,7002.85
2026-05-04,FLORMEL,29.4
2026-05-04,HART`S NATURAL,44.9
2026-05-04,HÁBITO VIDA,29.9
2026-05-04,INTEGRALMEDICA,840.2
2026-05-04,KOALA,189.9
2026-05-04,LAUTON,425.2
2026-05-04,LIQUIDZ,94.9
2026-05-04,MAIS MU,565.1
2026-05-04,MAX TITANIUM,704.6
2026-05-04,MOVING,49.5
2026-05-04,NUTRATA,1410.6
2026-05-04,NUTRIFY,2664.3
2026-05-04,OCEAN DROP,4243.8
2026-05-04,ONLY4,29.9
2026-05-04,ORGANIC INDIA,64.9
2026-05-04,PLANT POWER,559.6
2026-05-04,PURAVIDA,2716.0
2026-05-04,SUBLYME,419.6
2026-05-04,SUPER NUTRITION,311.98
2026-05-04,TRUE SOURCE,2886.58
2026-05-04,VITAFOR,23641.3
2026-05-04,VITALIN,15.9
2026-05-04,WS NATURAIS,65.8
2026-05-04,YOSEN,241.3
2026-05-11,ADAPTOGEN,1884.2
2026-05-11,ALLMAX,249.9
2026-05-11,APIS FLORA,169.5
2026-05-11,ATLHETICA NUTRITION,1069.2
2026-05-11,BELIVE,70.8
2026-05-11,BENDU,62.8
2026-05-11,BOLD,214.5
2026-05-11,CAFFEINE ARMY,3518.1
2026-05-11,CENTRAL NUTRITION,2733.5
2026-05-11,CHÁ MAIS,27.9
2026-05-11,COPRA,32.9
2026-05-11,DOBRO,183.96
2026-05-11,DUX,21304.34
2026-05-11,DYMATIZE,369.9
2026-05-11,EQUALIV,4733.6
2026-05-11,ESSENTIAL,10797.3
2026-05-11,FLORMEL,29.4
2026-05-11,GOLDKO,29.7
2026-05-11,GUDAY,144.9
2026-05-11,HART`S NATURAL,44.9
2026-05-11,INTEGRALMEDICA,833.2
2026-05-11,KOALA,189.9
2026-05-11,LAUTON,675.8
2026-05-11,LIQUIDZ,341.6
2026-05-11,MAIS MU,332.9
2026-05-11,MANDUBIM,29.9
2026-05-11,MAX TITANIUM,409.7
2026-05-11,MOSTEIRO DEVAKAN,39.9
2026-05-11,MOVING,32.7
2026-05-11,NUTRATA,1177.7
2026-05-11,NUTRIFY,4221.8
2026-05-11,OCEAN DROP,3709.53
2026-05-11,PLANT POWER,109.9
2026-05-11,PURAVIDA,3746.0
2026-05-11,SUBLYME,524.5
2026-05-11,Super Nutrition,129.9
2026-05-11,TRUE SOURCE,4358.59
2026-05-11,VITAFOR,23363.6
2026-05-11,WS NATURAIS,32.9
2026-05-11,YOSEN,344.6
2026-05-18,ADAPTOGEN,2284.3
2026-05-18,APIS FLORA,115.7
2026-05-18,ATLHETICA NUTRITION,670.42
2026-05-18,BELIVE,5.9
2026-05-18,BOLD,335.5
2026-05-18,CAFFEINE ARMY,2928.4
2026-05-18,CENTRAL NUTRITION,4006.83
2026-05-18,COPRA,3.9
2026-05-18,DOBRO,891.52
2026-05-18,DUX,19370.16
2026-05-18,DYMATIZE,332.91
2026-05-18,EQUALIV,3444.0
2026-05-18,ESSENTIAL,10001.23
2026-05-18,FLORMEL,24.5
2026-05-18,GOLDKO,9.9
2026-05-18,HÁBITO VIDA,169.4
2026-05-18,INTEGRALMEDICA,582.9
2026-05-18,KOALA,419.7
2026-05-18,LAUTON,576.1
2026-05-18,LIQUIDZ,379.6
2026-05-18,MAIS MU,775.22
2026-05-18,MAX TITANIUM,516.71
2026-05-18,MOSTEIRO DEVAKAN,39.9
2026-05-18,MOVING,98.1
2026-05-18,NUTRATA,1944.3
2026-05-18,NUTRIFY,3317.3
2026-05-18,OCEAN DROP,2276.53
2026-05-18,ORGANIC INDIA,64.9
2026-05-18,PURAVIDA,5217.0
2026-05-18,SUBLYME,1153.9
2026-05-18,SUPER NUTRITION,119.9
2026-05-18,TRUE SOURCE,5407.87
2026-05-18,VITAFOR,19189.9
2026-05-18,YOSEN,534.5
2026-05-25,ADAPTOGEN,1359.3
2026-05-25,APIS FLORA,89.7
2026-05-25,ATLHETICA NUTRITION,956.9
2026-05-25,BENDU,38.18
2026-05-25,BOLD,141.7
2026-05-25,CAFFEINE ARMY,2969.2
2026-05-25,CENTRAL NUTRITION,2429.6
2026-05-25,CHÁ MAIS,7.2
2026-05-25,DOBRO,442.4
2026-05-25,DUX,17166.46
2026-05-25,EQUALIV,5276.5
2026-05-25,ESSENTIAL,8804.5
2026-05-25,FLORMEL,14.7
2026-05-25,INTEGRALMEDICA,765.31
2026-05-25,KOALA,379.8
2026-05-25,LAUTON,520.0
2026-05-25,LIQUIDZ,108.7
2026-05-25,MAIS MU,148.6
2026-05-25,MAX TITANIUM,194.9
2026-05-25,MOSTEIRO DEVAKAN,39.9
2026-05-25,MOVING,42.6
2026-05-25,NUTRATA,1123.59
2026-05-25,NUTRIFY,3910.05
2026-05-25,OCEAN DROP,3683.78
2026-05-25,ONLY4,29.9
2026-05-25,PINATI,5.96
2026-05-25,PLANT POWER,389.7
2026-05-25,PURAVIDA,4323.57
2026-05-25,SUBLYME,524.5
2026-05-25,Super Nutrition,259.8
2026-05-25,TRUE SOURCE,4263.42
2026-05-25,VERDE CAMPO,7.69
2026-05-25,VITAFOR,18193.6
2026-05-25,YOSEN,279.7
2026-06-01,ADAPTOGEN,1299.5
2026-06-01,APIS FLORA,149.5
2026-06-01,ATLHETICA NUTRITION,838.39
2026-06-01,BENDU,12.9
2026-06-01,BOLD,32.7
2026-06-01,CAFFEINE ARMY,1509.47
2026-06-01,CENTRAL NUTRITION,2634.5
2026-06-01,DUX,16243.56
2026-06-01,DYMATIZE,899.9
2026-06-01,EQUALIV,4326.5
2026-06-01,ESSENTIAL,7048.57
2026-06-01,GUDAY,144.9
2026-06-01,HART`S NATURAL,44.9
2026-06-01,INTEGRALMEDICA,883.18
2026-06-01,KOALA,379.8
2026-06-01,KOBBER,32.9
2026-06-01,LAUTON,314.88
2026-06-01,LIQUIDZ,23.7
2026-06-01,MAIS MU,161.0
2026-06-01,MANDUBIM,18.89
2026-06-01,MOSTEIRO DEVAKAN,79.89
2026-06-01,MOVING,42.69
2026-06-01,NUTRATA,955.2
2026-06-01,NUTRIFY,3672.04
2026-06-01,OCEAN DROP,2444.54
2026-06-01,PURAVIDA,4111.29
2026-06-01,SUBLYME,314.7
2026-06-01,TRUE SOURCE,3267.02
2026-06-01,VERDE CAMPO,30.76
2026-06-01,VITAFOR,15687.89
2026-06-01,YOSEN,199.8
2026-06-08,ADAPTOGEN,977.86
2026-06-08,APIS FLORA,129.6
2026-06-08,ATLHETICA NUTRITION,74.9
2026-06-08,BOLD,45.6
2026-06-08,CAFFEINE ARMY,2848.4
2026-06-08,CENTRAL NUTRITION,2143.04
2026-06-08,CHOC,21.6
2026-06-08,CHÁ MAIS,27.9
2026-06-08,DUX,14955.2
2026-06-08,EQUALIV,4242.1
2026-06-08,ESSENTIAL,9052.65
2026-06-08,FTW,78.9
2026-06-08,HART`S NATURAL,39.9
2026-06-08,INTEGRALMEDICA,1300.7
2026-06-08,KOALA,114.9
2026-06-08,KOBBER,32.9
2026-06-08,LAUTON,404.4
2026-06-08,LIQUIDZ,324.2
2026-06-08,MAIS MU,84.9
2026-06-08,MANDUBIM,48.79
2026-06-08,MAX TITANIUM,79.9
2026-06-08,MOSTEIRO DEVAKAN,39.99
2026-06-08,MOVING,153.86
2026-06-08,NUTRATA,597.5
2026-06-08,NUTRIFY,4486.1
2026-06-08,OCEAN DROP,2192.03
2026-06-08,PURAVIDA,3523.3
2026-06-08,SUBLYME,104.9
2026-06-08,SÃO FRANCISCO,34.9
2026-06-08,TRUE SOURCE,1514.29
2026-06-08,VERDE CAMPO,123.04
2026-06-08,VITAFOR,16649.54
2026-06-08,YOSEN,239.8
2026-06-15,ADAPTOGEN,2135.63
2026-06-15,APIS FLORA,262.3
2026-06-15,ATLHETICA NUTRITION,520.16
2026-06-15,BELIVE,23.6
2026-06-15,BENDU,12.38
2026-06-15,BOLD,159.9
2026-06-15,CAFFEINE ARMY,2393.97
2026-06-15,CENTRAL NUTRITION,1484.0
2026-06-15,CHÁ MAIS,34.5
2026-06-15,DOBRO,196.7
2026-06-15,DUX,14151.6
2026-06-15,DYMATIZE,739.8
2026-06-15,EQUALIV,3791.5
2026-06-15,ESSENTIAL,5391.77
2026-06-15,FTW,54.9
2026-06-15,HART`S NATURAL,44.9
2026-06-15,INTEGRALMEDICA,312.7
2026-06-15,LAUTON,403.68
2026-06-15,LIQUIDZ,94.9
2026-06-15,MAIS MU,111.94
2026-06-15,MOSTEIRO DEVAKAN,39.99
2026-06-15,MOVING,32.97
2026-06-15,NUTRATA,259.8
2026-06-15,NUTRIFY,3047.4
2026-06-15,OCEAN DROP,1974.25
2026-06-15,PLANT POWER,108.99
2026-06-15,PURAVIDA,1783.3
2026-06-15,SUBLYME,209.8
2026-06-15,SUPER NUTRITION,119.9
2026-06-15,Super Nutrition,129.9
2026-06-15,TRUE SOURCE,2091.17
2026-06-15,VITAFOR,15952.49
2026-06-15,VITALIN,15.9
2026-06-15,YOSEN,299.8
2026-06-15,ZEROMILK,18.89
2026-06-22,ADAPTOGEN,829.6
2026-06-22,APIS FLORA,79.8
2026-06-22,ATLHETICA NUTRITION,1084.3
2026-06-22,BELIVE,23.6
2026-06-22,BENDU,50.56
2026-06-22,BOLD,251.5
2026-06-22,CAFFEINE ARMY,1409.74
2026-06-22,CENTRAL NUTRITION,2174.09
2026-06-22,CHÁ MAIS,13.8
2026-06-22,DOBRO,149.9
2026-06-22,DUX,14972.73
2026-06-22,EQUALIV,2622.7
2026-06-22,ESSENTIAL,7008.81
2026-06-22,FLORMEL,34.3
2026-06-22,FTW,239.8
2026-06-22,HART`S NATURAL,54.9
2026-06-22,INTEGRALMEDICA,719.1
2026-06-22,KOALA,114.9
2026-06-22,LAUTON,366.78
2026-06-22,MAIS MU,303.5
2026-06-22,MANDUBIM,56.67
2026-06-22,MAX TITANIUM,194.9
2026-06-22,MOVING,154.8
2026-06-22,NUTRATA,960.0
2026-06-22,NUTRIFY,4273.37
2026-06-22,OCEAN DROP,3065.94
2026-06-22,PLANT POWER,359.8
2026-06-22,PURAVIDA,2391.0
2026-06-22,SUBLYME,314.7
2026-06-22,SUPER NUTRITION,300.6
2026-06-22,TRUE SOURCE,3394.48
2026-06-22,VERDE CAMPO,7.69
2026-06-22,VITAFOR,11771.9
2026-06-22,YOSEN,419.6
2026-06-22,ZEROMILK,18.89
2026-06-29,ADAPTOGEN,2314.1
2026-06-29,APIS FLORA,249.2
2026-06-29,ATLHETICA NUTRITION,1099.86
2026-06-29,BELIVE,23.6
2026-06-29,BENDU,12.38
2026-06-29,BIOBALANCE,192.02
2026-06-29,BOLD,210.8
2026-06-29,CAFFEINE ARMY,1515.74
2026-06-29,CENTRAL NUTRITION,1419.2
2026-06-29,CHÁ MAIS,56.4
2026-06-29,COPRA,34.9
2026-06-29,DOBRO,449.7
2026-06-29,DUX,21073.0
2026-06-29,DYMATIZE,1269.8
2026-06-29,EQUALIV,2738.8
2026-06-29,ESSENTIAL,7302.93
2026-06-29,FLORMEL,14.7
2026-06-29,FTW,158.8
2026-06-29,GOLDKO,44.6
2026-06-29,HART`S NATURAL,109.8
2026-06-29,INTEGRALMEDICA,635.7
2026-06-29,LAUTON,428.17
2026-06-29,LIQUIDZ,379.6
2026-06-29,MAIS MU,400.4
2026-06-29,MANDUBIM,37.78
2026-06-29,MOVING,23.8
2026-06-29,NUTRATA,759.5
2026-06-29,NUTRIFY,3321.7
2026-06-29,OCEAN DROP,1559.65
2026-06-29,PURAVIDA,2386.3
2026-06-29,STÉVIACHOCO,36.9
2026-06-29,SUBLYME,314.7
2026-06-29,SUPER NUTRITION,195.8
2026-06-29,TRUE SOURCE,4009.81
2026-06-29,VITAFOR,18525.24
2026-06-29,YOSEN,409.6
2026-07-06,ADAPTOGEN,1414.3
2026-07-06,ATLHETICA NUTRITION,1019.3
2026-07-06,BENDU,12.9
2026-07-06,BOLD,567.3
2026-07-06,CAFFEINE ARMY,2203.35
2026-07-06,CENTRAL NUTRITION,2378.6
2026-07-06,CHÁ MAIS,13.8
2026-07-06,DOBRO,413.3
2026-07-06,DUX,17330.63
2026-07-06,EQUALIV,2690.2
2026-07-06,ESSENTIAL,3585.9
2026-07-06,FLORMEL,14.28
2026-07-06,FTW,69.99
2026-07-06,GOLDKO,17.89
2026-07-06,HART`S NATURAL,164.7
2026-07-06,INTEGRALMEDICA,152.8
2026-07-06,LAUTON,608.58
2026-07-06,LIQUIDZ,284.7
2026-07-06,MAIS MU,610.2
2026-07-06,MANDUBIM,48.79
2026-07-06,MAX TITANIUM,389.8
2026-07-06,NUTRATA,389.7
2026-07-06,NUTRIFY,3007.1
2026-07-06,OCEAN DROP,2336.75
2026-07-06,ONLY4,89.7
2026-07-06,PLANT POWER,119.9
2026-07-06,PURAVIDA,3097.72
2026-07-06,STÉVIACHOCO,27.9
2026-07-06,SUBLYME,629.4
2026-07-06,SUPER NUTRITION,679.43
2026-07-06,SÃO FRANCISCO,34.9
2026-07-06,THÉRAPI,34.9
2026-07-06,TRUE SOURCE,2555.41
2026-07-06,VITAFOR,13928.27
2026-07-06,YOSEN,809.3
2026-07-13,ADAPTOGEN,2933.89
2026-07-13,APIS FLORA,29.9
2026-07-13,ATLHETICA NUTRITION,310.06
2026-07-13,BELIVE,16.77
2026-07-13,BENDU,63.46
2026-07-13,BOLD,1301.0
2026-07-13,CAFFEINE ARMY,4100.41
2026-07-13,CENTRAL NUTRITION,2253.4
2026-07-13,CHÁ MAIS,132.6
2026-07-13,DOBRO,916.27
2026-07-13,DUX,17834.23
2026-07-13,EQUALIV,5324.1
2026-07-13,ESSENTIAL,5691.17
2026-07-13,FLORMEL,19.6
2026-07-13,FTW,938.88
2026-07-13,GUDAY,144.9
2026-07-13,HART`S NATURAL,149.7
2026-07-13,INTEGRALMEDICA,732.5
2026-07-13,LAUTON,567.17
2026-07-13,LIQUIDZ,466.5
2026-07-13,MAIS MU,1187.8
2026-07-13,MANDUBIM,37.78
2026-07-13,MOSTEIRO DEVAKAN,99.8
2026-07-13,MOVING,11.9
2026-07-13,NUTRATA,1584.2
2026-07-13,NUTRIFY,4655.8
2026-07-13,OCEAN DROP,3851.7
2026-07-13,PURAVIDA,1603.6
2026-07-13,SUBLYME,104.9
2026-07-13,SUPER NUTRITION,559.94
2026-07-13,TRUE SOURCE,3580.71
2026-07-13,VERDE CAMPO,23.7
2026-07-13,VITAFOR,19231.4
2026-07-13,YOSEN,549.4
2026-07-20,ADAPTOGEN,2978.89
2026-07-20,APIS FLORA,99.7
2026-07-20,ATLHETICA NUTRITION,799.4
2026-07-20,BOLD,49.6
2026-07-20,CAFFEINE ARMY,2384.43
2026-07-20,CENTRAL NUTRITION,1959.15
2026-07-20,CHÁ MAIS,13.8
2026-07-20,COPRA,29.99
2026-07-20,DUX,21627.59
2026-07-20,EQUALIV,3073.7
2026-07-20,ESSENTIAL,3800.07
2026-07-20,FTW,24.97
2026-07-20,GOLDKO,9.9
2026-07-20,HART`S NATURAL,109.8
2026-07-20,INTEGRALMEDICA,234.9
2026-07-20,KOBBER,44.9
2026-07-20,LAUTON,596.9
2026-07-20,LIQUIDZ,213.5
2026-07-20,MAIS MU,491.5
2026-07-20,MANDUBIM,18.89
2026-07-20,MAX TITANIUM,79.9
2026-07-20,MOSTEIRO DEVAKAN,49.9
2026-07-20,MOVING,214.3
2026-07-20,NUTRATA,665.3
2026-07-20,NUTRIFY,3613.87
2026-07-20,OCEAN DROP,1833.01
2026-07-20,ONLY4,29.9
2026-07-20,PHYTONATUS,39.98
2026-07-20,PURAVIDA,1532.4
2026-07-20,SHARK PRO,139.9
2026-07-20,SUBLYME,314.7
2026-07-20,SUPER NUTRITION,47.2
2026-07-20,THÉRAPI,34.9
2026-07-20,TRUE SOURCE,2978.22
2026-07-20,VERDE CAMPO,203.27
2026-07-20,VITAFOR,14982.65
2026-07-20,VITALIN,47.7
2026-07-20,YOSEN,739.4
2026-07-20,ZEROMILK,37.78
2026-07-27,ADAPTOGEN,1674.3
2026-07-27,APIS FLORA,119.6
2026-07-27,ATLHETICA NUTRITION,825.7
2026-07-27,BELIVE,33.85
2026-07-27,BENDU,25.8
2026-07-27,BOLD,1106.8
2026-07-27,CAFFEINE ARMY,4226.41
2026-07-27,CENTRAL NUTRITION,2945.03
2026-07-27,CHÁ MAIS,14.4
2026-07-27,COPRA,33.89
2026-07-27,DOBRO,259.8
2026-07-27,DUX,21229.46
2026-07-27,EQUALIV,6508.43
2026-07-27,ESSENTIAL,5684.29
2026-07-27,FLORMEL,4.9
2026-07-27,FTW,117.98
2026-07-27,GUDAY,144.9
2026-07-27,INTEGRALMEDICA,599.78
2026-07-27,KOALA,459.6
2026-07-27,LAUTON,454.2
2026-07-27,LIQUIDZ,237.2
2026-07-27,MAIS MU,511.38
2026-07-27,MAX TITANIUM,194.9
2026-07-27,MOVING,23.8
2026-07-27,NUTRATA,1508.5
2026-07-27,NUTRIFY,4021.0
2026-07-27,OCEAN DROP,2213.92
2026-07-27,PURAVIDA,2547.9
2026-07-27,SHARK PRO,139.9
2026-07-27,SUBLYME,209.8
2026-07-27,SUPER NUTRITION,101.79
2026-07-27,TRUE SOURCE,4530.38
2026-07-27,VERDE CAMPO,97.46
2026-07-27,VITAFOR,20633.51
2026-07-27,YOSEN,1578.9
2026-08-03,ADAPTOGEN,1009.5
2026-08-03,APIS FLORA,89.7
2026-08-03,ATLHETICA NUTRITION,1150.8
2026-08-03,BELIVE,41.3
2026-08-03,BOLD,461.48
2026-08-03,CAFFEINE ARMY,3238.1
2026-08-03,CENTRAL NUTRITION,3346.42
2026-08-03,CHÁ MAIS,48.9
2026-08-03,DOBRO,299.8
2026-08-03,DUX,29049.22
2026-08-03,DYMATIZE,739.8
2026-08-03,EQUALIV,3523.1
2026-08-03,ESSENTIAL,4012.37
2026-08-03,FTW,219.98
2026-08-03,GUDAY,144.9
2026-08-03,INTEGRALMEDICA,1394.08
2026-08-03,KOALA,114.9
2026-08-03,LAUTON,612.9
2026-08-03,LIQUIDZ,110.7
2026-08-03,MAIS MU,333.24
2026-08-03,MANDUBIM,29.9
2026-08-03,MAX TITANIUM,129.9
2026-08-03,MOSTEIRO DEVAKAN,49.9
2026-08-03,MOVING,120.9
2026-08-03,NUTRATA,1240.7
2026-08-03,NUTRIFY,3731.0
2026-08-03,OCEAN DROP,1570.19
2026-08-03,ONLY4,29.9
2026-08-03,PHYTONATUS,179.58
2026-08-03,PURAVIDA,3830.1
2026-08-03,SHARK PRO,484.6
2026-08-03,SUPER NUTRITION,5.9
2026-08-03,TRUE SOURCE,3937.77
2026-08-03,VERDE CAMPO,104.65
2026-08-03,VITAFOR,19514.91
2026-08-03,VITALIN,31.8
2026-08-03,YOSEN,709.4
2026-08-10,ADAPTOGEN,1549.2
2026-08-10,APIS FLORA,242.3
2026-08-10,ATLHETICA NUTRITION,2531.56
2026-08-10,BELIVE,25.86
2026-08-10,BOLD,963.1
2026-08-10,CAFFEINE ARMY,2159.25
2026-08-10,CENTRAL NUTRITION,1863.9
2026-08-10,CHÁ MAIS,97.8
2026-08-10,DARKNESS,129.9
2026-08-10,DOBRO,219.9
2026-08-10,DUX,27727.95
2026-08-10,EQUALIV,2920.6
2026-08-10,ESSENTIAL,4027.49
2026-08-10,FLORMEL,4.9
2026-08-10,FTW,184.8
2026-08-10,INTEGRALMEDICA,794.3
2026-08-10,LAUTON,432.27
2026-08-10,LIQUIDZ,379.6
2026-08-10,MAIS MU,69.9
2026-08-10,MANDUBIM,29.9
2026-08-10,MAX TITANIUM,194.9
2026-08-10,MOVING,255.9
2026-08-10,NUTRATA,799.2
2026-08-10,NUTRIFY,4152.6
2026-08-10,OCEAN DROP,2137.17
2026-08-10,ONLY4,89.7
2026-08-10,PHYTONATUS,49.8
2026-08-10,PURAVIDA,2479.29
2026-08-10,STÉVIACHOCO,139.5
2026-08-10,SUBLYME,104.9
2026-08-10,TRUE SOURCE,1641.39
2026-08-10,VERDE CAMPO,81.9
2026-08-10,VITAFOR,17164.88
2026-08-10,VITALIN,47.7
2026-08-10,ZEROMILK,75.56
2026-08-17,ADAPTOGEN,1344.3
2026-08-17,APIS FLORA,99.7
2026-08-17,ATLHETICA NUTRITION,1821.33
2026-08-17,BOLD,199.9
2026-08-17,CAFFEINE ARMY,1169.76
2026-08-17,CENTRAL NUTRITION,854.59
2026-08-17,CHÁ MAIS,14.1
2026-08-17,COPRA,23.4
2026-08-17,DOBRO,164.8
2026-08-17,DUX,17344.45
2026-08-17,EQUALIV,2386.4
2026-08-17,ESSENTIAL,5363.68
2026-08-17,FLORMEL,9.8
2026-08-17,GUDAY,289.8
2026-08-17,INTEGRALMEDICA,649.4
2026-08-17,LAUTON,257.4
2026-08-17,LIQUIDZ,564.49
2026-08-17,MAIS MU,24.7
2026-08-17,MAX TITANIUM,194.9
2026-08-17,MOSTEIRO DEVAKAN,49.9
2026-08-17,MOVING,22.89
2026-08-17,NUTRATA,873.1
2026-08-17,NUTRIFY,2828.58
2026-08-17,OCEAN DROP,2388.32
2026-08-17,PHYTONATUS,19.9
2026-08-17,PURAVIDA,1850.1
2026-08-17,SUBLYME,104.9
2026-08-17,TRUE SOURCE,3497.29
2026-08-17,VERDE CAMPO,5.99
2026-08-17,VITAFOR,14224.33
2026-08-17,VITALIN,15.9
2026-08-17,YOSEN,439.7
2026-08-24,ADAPTOGEN,609.7
2026-08-24,APIS FLORA,59.8
2026-08-24,ATLHETICA NUTRITION,474.7
2026-08-24,BELIVE,49.9
2026-08-24,BENDU,37.66
2026-08-24,BOLD,735.5
2026-08-24,CAFFEINE ARMY,3634.53
2026-08-24,CENTRAL NUTRITION,3518.26
2026-08-24,DARKNESS,114.9
2026-08-24,DOBRO,249.7
2026-08-24,DUX,25667.43
2026-08-24,EQUALIV,2897.98
2026-08-24,ESSENTIAL,5257.09
2026-08-24,FLORMEL,19.6
2026-08-24,GOLDKO,9.9
2026-08-24,INTEGRALMEDICA,559.5
2026-08-24,LABGENIX,179.99
2026-08-24,LAUTON,867.3
2026-08-24,LIQUIDZ,292.6
2026-08-24,MAIS MU,172.5
2026-08-24,MAX TITANIUM,79.9
2026-08-24,MOSTEIRO DEVAKAN,99.8
2026-08-24,MOVING,141.97
2026-08-24,NUTRATA,311.3
2026-08-24,NUTRIFY,3838.89
2026-08-24,OCEAN DROP,2566.8
2026-08-24,PLANT POWER,119.9
2026-08-24,PURAVIDA,4033.3
2026-08-24,STÉVIACHOCO,27.9
2026-08-24,SUBLYME,524.5
2026-08-24,SUPER NUTRITION,199.8
2026-08-24,SÃO FRANCISCO,34.9
2026-08-24,THÉRAPI,34.9
2026-08-24,TRUE SOURCE,3875.69
2026-08-24,VERDE CAMPO,101.83
2026-08-24,VITAFOR,17352.29
2026-08-24,VITALIN,15.9
2026-08-24,YOSEN,1283.9
2026-08-31,ADAPTOGEN,2199.19
2026-08-31,APIS FLORA,89.7
2026-08-31,ATLHETICA NUTRITION,684.69
2026-08-31,BELIVE,88.47
2026-08-31,BOLD,21.8
2026-08-31,CAFFEINE ARMY,4359.67
2026-08-31,CENTRAL NUTRITION,994.57
2026-08-31,CHÁ MAIS,20.7
2026-08-31,COPRA,34.9
2026-08-31,DOBRO,489.5
2026-08-31,DUX,21889.0
2026-08-31,DYMATIZE,369.9
2026-08-31,EQUALIV,1476.8
2026-08-31,ESSENTIAL,5391.97
2026-08-31,FTW,100.7
2026-08-31,GUDAY,144.9
2026-08-31,INTEGRALMEDICA,1522.08
2026-08-31,LABGENIX,168.99
2026-08-31,LAUTON,366.76
2026-08-31,LIQUIDZ,300.5
2026-08-31,MAIS MU,10.9
2026-08-31,MOVING,85.65
2026-08-31,NUTRATA,157.7
2026-08-31,NUTRIFY,3211.83
2026-08-31,OCEAN DROP,2338.19
2026-08-31,ONLY4,59.8
2026-08-31,PURAVIDA,4210.81
2026-08-31,SUBLYME,314.7
2026-08-31,SUPER NUTRITION,99.9
2026-08-31,TRUE SOURCE,3800.4
2026-08-31,VERDE CAMPO,15.98
2026-08-31,VITAFOR,13614.45
2026-08-31,YOSEN,1224.1
2026-09-07,ADAPTOGEN,1969.2
2026-09-07,APIS FLORA,109.7
2026-09-07,ATLHETICA NUTRITION,892.5
2026-09-07,BELIVE,19.96
2026-09-07,BOLD,221.7
2026-09-07,CAFFEINE ARMY,834.5
2026-09-07,CENTRAL NUTRITION,2003.79
2026-09-07,CHÁ MAIS,6.9
2026-09-07,DUX,19763.54
2026-09-07,EQUALIV,2351.78
2026-09-07,ESSENTIAL,6621.06
2026-09-07,FTW,79.9
2026-09-07,GUDAY,144.9
2026-09-07,INTEGRALMEDICA,289.7
2026-09-07,KOBBER,44.9
2026-09-07,KONJAC MASSA MF,53.97
2026-09-07,LAUTON,465.48
2026-09-07,LIQUIDZ,94.9
2026-09-07,MAIS MU,146.28
2026-09-07,MANDUBIM,59.8
2026-09-07,MAX TITANIUM,79.9
2026-09-07,MOVING,136.8
2026-09-07,NUTRATA,390.4
2026-09-07,NUTRIFY,4525.61
2026-09-07,OCEAN DROP,1572.76
2026-09-07,ONLY4,29.9
2026-09-07,PURAVIDA,4721.98
2026-09-07,SUBLYME,104.9
2026-09-07,SUPER NUTRITION,359.2
2026-09-07,TRUE SOURCE,2420.1
2026-09-07,VERDE CAMPO,57.4
2026-09-07,VITAFOR,17582.53
2026-09-07,VITALIN,15.9
2026-09-07,YOSEN,329.8
2026-09-07,ZEROMILK,18.89
2026-09-14,ADAPTOGEN,1359.5
2026-09-14,APIS FLORA,199.4
2026-09-14,ATLHETICA NUTRITION,404.79
2026-09-14,BELIVE,29.94
2026-09-14,BOLD,221.7
2026-09-14,CAFFEINE ARMY,1349.57
2026-09-14,CENTRAL NUTRITION,3753.98
2026-09-14,CHÁ MAIS,49.8
2026-09-14,DOBRO,649.6
2026-09-14,DUX,19931.11
2026-09-14,EQUALIV,2705.52
2026-09-14,ESSENTIAL,4864.88
2026-09-14,FLORMEL,19.6
2026-09-14,INTEGRALMEDICA,345.6
2026-09-14,KONJAC MASSA MF,39.8
2026-09-14,LAUTON,719.7
2026-09-14,LIQUIDZ,205.69
2026-09-14,MAIS MU,104.7
2026-09-14,MANDUBIM,59.8
2026-09-14,NUTRATA,331.5
2026-09-14,NUTRIFY,4164.26
2026-09-14,OCEAN DROP,1332.47
2026-09-14,PHYTONATUS,100.86
2026-09-14,PURAVIDA,4203.09
2026-09-14,STÉVIACHOCO,83.7
2026-09-14,SUBLYME,104.9
2026-09-14,TRUE SOURCE,2382.29
2026-09-14,VITAFOR,16740.14
2026-09-14,YOSEN,299.7
2026-09-21,ADAPTOGEN,1784.28
2026-09-21,APIS FLORA,89.7
2026-09-21,ATLHETICA NUTRITION,1269.65
2026-09-21,BELIVE,108.64
2026-09-21,BOLD,199.9
2026-09-21,CAFFEINE ARMY,1054.66
2026-09-21,CENTRAL NUTRITION,1533.99
2026-09-21,CHÁ MAIS,63.0
2026-09-21,COPRA,7.8
2026-09-21,DUX,15009.57
2026-09-21,EQUALIV,2531.9
2026-09-21,ESSENTIAL,5467.27
2026-09-21,FLORMEL,59.2
2026-09-21,FTW,208.7
2026-09-21,GOLDKO,39.8
2026-09-21,INTEGRALMEDICA,1518.79
2026-09-21,KONJAC MASSA MF,39.8
2026-09-21,LAUTON,350.48
2026-09-21,LIQUIDZ,126.5
2026-09-21,MAIS MU,28.7
2026-09-21,MAX TITANIUM,389.8
2026-09-21,MOSTEIRO DEVAKAN,99.8
2026-09-21,MOVING,11.9
2026-09-21,NUTRATA,1179.9
2026-09-21,NUTRIFY,2465.07
2026-09-21,OCEAN DROP,2258.62
2026-09-21,ONLY4,29.9
2026-09-21,PURAVIDA,2851.74
2026-09-21,SUBLYME,104.9
2026-09-21,SUPER NUTRITION,307.6
2026-09-21,SÃO FRANCISCO,24.01
2026-09-21,TRUE SOURCE,2895.52
2026-09-21,VERDE CAMPO,139.64
2026-09-21,VITAFOR,15435.47
2026-09-21,VITALIN,15.9
2026-09-21,YOSEN,319.8
2026-09-21,ZEROMILK,56.67
2026-09-28,ADAPTOGEN,2124.0
2026-09-28,APIS FLORA,29.9
2026-09-28,ATLHETICA NUTRITION,1998.18
2026-09-28,BELIVE,43.58
2026-09-28,BENDU,12.9
2026-09-28,BOLD,458.4
2026-09-28,CAFFEINE ARMY,2139.51
2026-09-28,CENTRAL NUTRITION,2973.47
2026-09-28,CHÁ MAIS,14.1
2026-09-28,DOBRO,324.8
2026-09-28,DUX,29600.17
2026-09-28,EQUALIV,4125.5
2026-09-28,ESSENTIAL,4850.85
2026-09-28,FLORMEL,28.5
2026-09-28,FTW,433.4
2026-09-28,GOLDKO,182.57
2026-09-28,INTEGRALMEDICA,1663.29
2026-09-28,KOALA,724.5
2026-09-28,KONJAC MASSA MF,39.8
2026-09-28,LABGENIX,69.99
2026-09-28,LAUTON,1257.28
2026-09-28,LIQUIDZ,947.29
2026-09-28,MAIS MU,302.0
2026-09-28,MOVING,119.0
2026-09-28,NUTRATA,1333.5
2026-09-28,NUTRIFY,4900.44
2026-09-28,OCEAN DROP,2475.0
2026-09-28,ONLY4,29.9
2026-09-28,PHYTONATUS,74.88
2026-09-28,PURAVIDA,4615.45
2026-09-28,STÉVIACHOCO,92.7
2026-09-28,SUBLYME,419.6
2026-09-28,SUPER NUTRITION,209.8
2026-09-28,TRUE SOURCE,5704.62
2026-09-28,VERDE CAMPO,21.97
2026-09-28,VITAFOR,26406.95
2026-09-28,VITALIN,15.9
2026-09-28,YOSEN,2373.38
2026-10-05,ADAPTOGEN,369.8
2026-10-05,ATLHETICA NUTRITION,559.88
2026-10-05,BOLD,199.9
2026-10-05,CAFFEINE ARMY,179.99
2026-10-05,CENTRAL NUTRITION,399.98
2026-10-05,DOBRO,324.8
2026-10-05,DUX,3603.2
2026-10-05,EQUALIV,251.7
2026-10-05,ESSENTIAL,664.5
2026-10-05,INTEGRALMEDICA,144.9
2026-10-05,LAUTON,96.8
2026-10-05,LIQUIDZ,94.9
2026-10-05,MAIS MU,69.9
2026-10-05,NUTRATA,96.9
2026-10-05,NUTRIFY,289.8
2026-10-05,OCEAN DROP,216.5
2026-10-05,PURAVIDA,1006.56
2026-10-05,SUBLYME,104.9
2026-10-05,TRUE SOURCE,1183.52
2026-10-05,VERDE CAMPO,48.93
2026-10-05,VITAFOR,4064.49
2026-10-05,ZEROMILK,18.89
