semana,produto_nome,faturamento
2024-03-11,Creatina Monohidratada,94.61
2024-03-11,Creatina Monohidratada - Creatine,334.89
2024-03-11,Omegafor Plus,148.34
2024-03-11,Whey Protein Isolado - Isofort,402.28
2024-03-11,Ômega 3 EPA DHA,254.74
2024-03-18,Whey Protein Isolado - Isofort,402.28
2024-03-18,Ômega 3 EPA DHA,63.0
2024-03-25,Creatina Monohidratada - Creatine,111.63
2024-03-25,Whey Protein Isolado - Isofort,206.38
2024-04-01,Adapto Whey 3W,161.12
2024-04-01,Creatina Monohidratada,169.6
2024-04-01,Creatina Monohidratada (Creapure),98.62
2024-04-01,Creatina Monohidratada - Creatine,616.58
2024-04-01,Omegafor Plus,296.68
2024-04-01,Refil Whey Protein Concentrado,189.22
2024-04-01,Super Ômega 3,332.93
2024-04-01,Vegan Protein - Vegano,133.99
2024-04-01,Whey Protein Isolado,110.77
2024-04-01,Whey Protein Isolado - Isofort,181.98
2024-04-01,Whey Protein Vegetal,106.85
2024-04-01,Ômega - Mega DHA,650.76
2024-04-01,Ômega 3 EPA DHA,147.25
2024-04-08,100% Whey Protein - Flavour,302.04
2024-04-08,Best Whey,161.12
2024-04-08,Creatina Micronizada,183.74
2024-04-08,Creatina Monohidratada,229.79
2024-04-08,Creatina Monohidratada - Creatine,100.99
2024-04-08,Creatina Monohidratada - Hardcore,98.85
2024-04-08,Gold Whey Concentrado Refil,110.77
2024-04-08,Omegafor Plus,268.44
2024-04-08,Refil Whey Protein Concentrado,85.6
2024-04-08,Whey Protein Isolado,110.77
2024-04-08,Whey Protein Isolado - Isofort,368.7
2024-04-08,Whey hidrolisado e isolado,402.8
2024-04-08,Ômega - Mega DHA,162.69
2024-04-08,Ômega 3 EPA DHA,361.0
2024-04-15,100% Whey Protein - Flavour,302.04
2024-04-15,Creatina Monohidratada,251.76
2024-04-15,Creatina Monohidratada - Creatine,201.98
2024-04-15,Creatina Monohidratada - Hardcore,98.85
2024-04-15,Glutamina - Glutamax,64.0
2024-04-15,Glutamina - Glutamax Refil,109.0
2024-04-15,Omegafor Plus,224.47
2024-04-15,Refil Whey Protein Concentrado,85.6
2024-04-15,Vegan Ômega 3 DHA,130.74
2024-04-15,Whey Protein Isolado - Isofort,363.96
2024-04-15,Ômega 3 EPA DHA,147.25
2024-04-15,Ômega 3 Super DHA,99.09
2024-04-22,100% Whey Protein - Flavour,704.76
2024-04-22,"Boraprim - Borragem, Prímula e Gergelim",33.25
2024-04-22,Coenzima Q10 (200mg p/ porção),99.75
2024-04-22,Colágeno Hidrolisado - Collagen Pro 18g,322.84
2024-04-22,Creatina Monohidratada,327.84
2024-04-22,Creatina Monohidratada - Creatine,100.99
2024-04-22,Creatina Monohidratada - Hardcore,197.7
2024-04-22,Energy Gel,99.18
2024-04-22,Gold Whey Concentrado Refil,110.77
2024-04-22,Magnésio Plus - 350mg,55.1
2024-04-22,Omegafor Plus,268.44
2024-04-22,Palatinose,52.25
2024-04-22,Probiótico - Simfort Plus,248.9
2024-04-22,Própolis Líquido - Gotas,30.4
2024-04-22,Vegan Protein - Vegano,121.23
2024-04-22,Whey,334.1
2024-04-22,Whey Protein 3W,171.19
2024-04-22,Whey Protein Isolado - Isofort,368.7
2024-04-22,Whey Protein Vegetal,96.67
2024-04-22,Whey hidrolisado e isolado,201.4
2024-04-22,Ômega 3 EPA DHA,497.11
2024-04-22,Ômegafor Vegan 400mg,95.47
2024-04-29,100% Whey Protein - Flavour,683.56
2024-04-29,100% Whey Pure,112.98
2024-04-29,BT Nitrato 400,159.03
2024-04-29,Best Whey,144.16
2024-04-29,Cafeína 200 mg - Termodop,37.23
2024-04-29,Coenzima Q10 (200mg p/ porção),99.75
2024-04-29,Coenzima Q10 - (100mg p/ porção),182.4
2024-04-29,Colágeno - Collagen Gut,185.25
2024-04-29,Creatina,166.16
2024-04-29,Creatina 1100mg,60.42
2024-04-29,Creatina Monohidratada,148.92
2024-04-29,Creatina Monohidratada - Hardcore,98.85
2024-04-29,Energy Gel,95.76
2024-04-29,Omegafor Plus,442.97
2024-04-29,Palatinose,155.99
2024-04-29,Probiótico - Simfort Plus,193.8
2024-04-29,Probióticos em Pó - Simfort,34.2
2024-04-29,Pré-Treino - V Fort Ultra,197.6
2024-04-29,Própolis Líquido - Gotas,31.35
2024-04-29,Simfort fibras,55.1
2024-04-29,Super Ômega 3,585.45
2024-04-29,Suplemento de Magnésio - Blue Calm,180.47
2024-04-29,Whey Protein Concentrado,324.83
2024-04-29,Whey Protein Crisp - Isocrisp,339.2
2024-04-29,Whey Protein Isolado - Isofort,531.53
2024-04-29,Ômega 3 EPA DHA,261.25
2024-05-06,100% Whey Pure,101.09
2024-05-06,Achocolatado - Choco Family - Refil,29.75
2024-05-06,Achocolatado - Chocoki,54.4
2024-05-06,Aminoácido - BCAA 3500,45.37
2024-05-06,Aminoácido N-acetil L-cisteína (NAC),57.8
2024-05-06,Beta Alanina,44.2
2024-05-06,Cafeína 200 mg - Termodop,33.31
2024-05-06,Chá Vitatea,43.35
2024-05-06,Coenzima Q10 (200mg p/ porção),54.4
2024-05-06,Colágeno - Collpure® - 450g,138.04
2024-05-06,Colágeno Hidrolisado - Collagen Pro 18g,144.43
2024-05-06,Creatina,148.67
2024-05-06,Creatina - Creafort (Creapure),561.0
2024-05-06,Creatina Monohidratada,741.03
2024-05-06,Creatina Monohidratada (Creapure),175.07
2024-05-06,Creatina Monohidratada - Creatine,271.08
2024-05-06,Creatina Monohidratada - Hardcore,265.32
2024-05-06,Glutamina - Glutamax,141.1
2024-05-06,Gold Whey Concentrado Refil,99.11
2024-05-06,Magnésio Plus - 350mg,49.3
2024-05-06,Melatonina em Gotas,32.3
2024-05-06,Multivitamínico - Vitalift,102.35
2024-05-06,Omegafor Plus,873.43
2024-05-06,Omegafor Vision,85.38
2024-05-06,Palatinose,48.87
2024-05-06,Probiótico - Simfort Plus,222.7
2024-05-06,Probióticos em Pó - Simfort,61.2
2024-05-06,Proteína Isolada e Hidrolisada - Body Protein Red,164.32
2024-05-06,Pré-Treino - V Fort Ultra,176.8
2024-05-06,Refil Whey Protein Isolado,189.21
2024-05-06,SuperCoffee,96.93
2024-05-06,Suplemento Alimentar - GUARDIAN®,180.97
2024-05-06,Suplemento para Cabelos e Unhas- Biocolin Hair,76.67
2024-05-06,Tasty Whey 3W Gourmet,135.15
2024-05-06,Vitamina D - Vita D3,38.25
2024-05-06,Whey,433.9
2024-05-06,Whey 100% - Proteína Concentrada,124.77
2024-05-06,Whey 100% Gold Standard,237.52
2024-05-06,Whey Protein 100% Elite,178.4
2024-05-06,Whey Protein Isolado,327.47
2024-05-06,Whey Protein Isolado - Isofort,822.63
2024-05-06,Whey Tech 100%,181.08
2024-05-06,Ômega - Mega DHA,145.56
2024-05-06,Ômega 3 EPA DHA,400.02
2024-05-13,100% Whey Protein - Flavour,270.24
2024-05-13,Adapto Whey 3W,144.16
2024-05-13,Aminoácido - Aminovita,241.4
2024-05-13,Aminoácido N-acetil L-cisteína (NAC),57.8
2024-05-13,Barrinha de Proteína,285.4
2024-05-13,Coenzima Q10 + Ômega 3 + Vitamina E,209.02
2024-05-13,Colágeno - Colagentek Beauty,85.0
2024-05-13,Colágeno - Colagentek Protein - Bodybalance,263.5
2024-05-13,Colágeno tipo 2 - Colagentek II,74.8
2024-05-13,Creatina,81.09
2024-05-13,Creatina - Creafort (Creapure),701.25
2024-05-13,Creatina 100% Pure,90.1
2024-05-13,Creatina Monohidratada,935.75
2024-05-13,Creatina Monohidratada (Creapure),158.43
2024-05-13,Creatina Monohidratada - Creatine,361.44
2024-05-13,Creatina Monohidratada - Hardcore,265.32
2024-05-13,Cúrcuma Plus,107.1
2024-05-13,Glutamina - Glutamax,108.8
2024-05-13,Glutamina Pure,99.3
2024-05-13,Gold Whey Concentrado Refil,198.22
2024-05-13,Isofort Plant (Life Vegan),91.8
2024-05-13,Magnésio Plus - 350mg,49.3
2024-05-13,Melatonina,32.3
2024-05-13,Omegafor Plus,1345.18
2024-05-13,Palatinose,97.74
2024-05-13,Probiótico - Simfort Plus,173.4
2024-05-13,Probióticos em Pó - Simfort,183.6
2024-05-13,Proteína Isolada e Hidrolisada - Body Protein,164.32
2024-05-13,Pré-Treino - V Fort Ultra,176.8
2024-05-13,Pré-Treino Energy ATP®,180.97
2024-05-13,Própolis Líquido - Gotas,31.35
2024-05-13,Super Ômega 3,85.68
2024-05-13,SuperCoffee,544.97
2024-05-13,Suplemento de Magnésio - Blue Calm,161.47
2024-05-13,Vegan Protein,108.47
2024-05-13,Vegan Protein - Vegano,108.47
2024-05-13,Vitamina C3 - 1000mg,39.1
2024-05-13,Vitamina D - Vita D3,229.5
2024-05-13,Vitamina D - Vita D3 + C + Zinco,147.9
2024-05-13,Whey,448.38
2024-05-13,Whey 100% - Proteína Concentrada,124.77
2024-05-13,Whey Fort 3W,242.25
2024-05-13,Whey Protein Crisp - Isocrisp,108.8
2024-05-13,Whey Protein Isolado,228.36
2024-05-13,Whey Protein Isolado - Isofort,167.07
2024-05-13,Whey Tech 100%,633.78
2024-05-13,Ômega 3 - Omegafor Memory,156.4
2024-05-13,Ômega 3 EPA DHA,864.5
2024-05-13,Ômega 3 Pulse,114.75
2024-05-20,#Whey Fort 3W,129.2
2024-05-20,100% Whey Pure,101.09
2024-05-20,Adapto Whey 3W,432.48
2024-05-20,Barrinha de Proteína Protein Crisp,233.34
2024-05-20,Beta Alanina Pure,66.3
2024-05-20,"Boraprim - Borragem, Prímula e Gergelim",148.75
2024-05-20,Coenzima Q10 + Ômega 3 + Vitamina E,104.51
2024-05-20,Colágeno - Colagentek II,74.8
2024-05-20,Colágeno - Collagen Gut,165.75
2024-05-20,Colágeno Hidrolisado - Collagen Pro 18g,144.43
2024-05-20,Colágeno tipo 2 - Colagentek II,149.6
2024-05-20,Creatina,148.67
2024-05-20,Creatina - Creapure,123.34
2024-05-20,Creatina Monohidratada,229.77
2024-05-20,Creatina Monohidratada (Creapure),475.29
2024-05-20,Creatina Monohidratada - Creatine,271.08
2024-05-20,Creatina Monohidratada - Hardcore,176.88
2024-05-20,Cúrcuma Plus,181.05
2024-05-20,Glutamina - Glutamax,141.1
2024-05-20,Glutamina em Pó,86.49
2024-05-20,L-Taurina - 1.000mg,50.15
2024-05-20,Melatonina em Gotas,32.3
2024-05-20,Multivitaminico  - Imunomult- 1000mg,102.0
2024-05-20,Omegafor Plus,1617.18
2024-05-20,Palatinose,144.49
2024-05-20,Probiótico - Simfort Plus,98.6
2024-05-20,Profem - Óleo de Prímula,79.9
2024-05-20,Proteína Isolada e Hidrolisada - Body Protein,328.64
2024-05-20,Super Ômega 3,85.68
2024-05-20,SuperCoffee,96.92
2024-05-20,Suplemento para Imunidade - Immune Up 100%,124.19
2024-05-20,Termogênico - Lipix6,83.3
2024-05-20,Vitamina D - Vita D3,78.2
2024-05-20,Whey Isolado Nectar,273.7
2024-05-20,Whey Protein 100% Concentrado,114.17
2024-05-20,Whey Protein 3W,153.17
2024-05-20,Whey Protein Concentrado,306.78
2024-05-20,Whey Protein Isolado,209.38
2024-05-20,Whey Protein Isolado - Isofort,782.0
2024-05-20,Whey Protein Isolado Muscle Guard,178.4
2024-05-20,Whey Tech 100%,543.24
2024-05-20,Ômega 3 + Coenzima Q10 - Omegavie,405.05
2024-05-20,Ômega 3 EPA DHA,739.03
2024-05-20,Ômegafor Vegan 400mg,85.42
2024-05-27,100% Whey Protein - Flavour,90.08
2024-05-27,100% Whey Pure,101.09
2024-05-27,Adapto Whey 3W,144.16
2024-05-27,Aminoácido - Aminovita,120.7
2024-05-27,Beta Alanina,45.9
2024-05-27,Beta Alanina 100%,41.73
2024-05-27,"Boraprim - Borragem, Prímula e Gergelim",119.0
2024-05-27,Coenzima  Q10 - 100mg,83.33
2024-05-27,Coenzima Q10 (200mg p/ porção),93.5
2024-05-27,Coenzima Q10 + Ômega 3 + Vitamina E,209.02
2024-05-27,Colágeno - Colagentek II,74.8
2024-05-27,Colágeno - Collagen Gut,165.75
2024-05-27,Creatina - Creafort (Creapure),280.5
2024-05-27,Creatina Monohidratada,360.67
2024-05-27,Creatina Monohidratada - Creatine,180.72
2024-05-27,Creatina Monohidratada - Hardcore,265.32
2024-05-27,Cúrcuma Plus,34.0
2024-05-27,Glutamina - Glutamax,54.4
2024-05-27,Grassfed Whey Protein,161.47
2024-05-27,L-Carnitina 530mg,76.5
2024-05-27,Magnésio Plus - 350mg,197.2
2024-05-27,Multivitamínico - Vitalift,204.7
2024-05-27,Omegafor Plus,761.95
2024-05-27,Palatinose,95.62
2024-05-27,Probiótico - Simfort Plus,86.7
2024-05-27,Super Ômega 3,475.24
2024-05-27,SuperCoffee,157.32
2024-05-27,Suplemento para Imunidade - Immune Up 100%,105.03
2024-05-27,Vegan Ômega 3 DHA,116.98
2024-05-27,Whey,298.92
2024-05-27,Whey Fort 3W,129.2
2024-05-27,Whey Protein 100% Gold,356.8
2024-05-27,Whey Protein Isolado Muscle Guard,89.2
2024-05-27,Whey Tech 100%,181.08
2024-05-27,Ômega 3 - Omegafor Memory,79.9
2024-05-27,Ômega 3 EPA DHA,182.75
2024-06-03,#Whey Fort 3W,129.2
2024-06-03,100% Whey Pure,202.18
2024-06-03,Achocolatado - Chocoki,100.44
2024-06-03,Aminoácido - Aminovita,328.95
2024-06-03,Aminoácido - Tryptophan,44.85
2024-06-03,Barrinha de Proteína Veganpro Bar,83.39
2024-06-03,Beta Alanina,45.9
2024-06-03,Beta Alanina 100%,41.73
2024-06-03,"Boraprim - Borragem, Prímula e Gergelim",89.25
2024-06-03,Chá Vitatea,43.35
2024-06-03,Coenzima Q10,77.19
2024-06-03,Coenzima Q10  (200mg p/ porção),323.0
2024-06-03,Coenzima Q10 + Ômega 3 + Vitamina E,209.02
2024-06-03,Coenzima Q10 - (100mg p/ porção),59.5
2024-06-03,Colágeno - Colagentek,66.3
2024-06-03,Colágeno - Colagentek II,74.8
2024-06-03,Colágeno - Colagentek Protein - Bodybalance,263.5
2024-06-03,Colágeno - Collpure® - 450g,138.04
2024-06-03,Creatina,81.09
2024-06-03,Creatina - Creafort (Creapure),140.25
2024-06-03,Creatina Monohidratada,229.77
2024-06-03,Creatina Monohidratada - Creatine,451.8
2024-06-03,Creatina Monohidratada - Hardcore,176.88
2024-06-03,Cúrcuma Plus,154.7
2024-06-03,Extrato de Própolis - Propolyz,22.2
2024-06-03,Ferro Quelato + Vitamina C,34.93
2024-06-03,Glutamina 100% Pure,54.71
2024-06-03,Isofort Plant (Life Vegan),91.8
2024-06-03,Maca Peruana,38.76
2024-06-03,Melatonina em Gotas,32.3
2024-06-03,Morning Shot - Imunidade,87.21
2024-06-03,Omegafor Plus,1734.22
2024-06-03,Omegafor Vision,85.38
2024-06-03,Palatinose,95.62
2024-06-03,Palatinose 100% - Carbolift,69.36
2024-06-03,Probiótico - Simcaps,38.25
2024-06-03,Probiótico - Simfort Plus,86.7
2024-06-03,Proteína Isolada e Hidrolisada - Body Protein,328.64
2024-06-03,Proteína Vegana - Immuno Veggie,163.03
2024-06-03,Proteína Vegana - One Nutrition,139.64
2024-06-03,Psyllium,129.23
2024-06-03,Simfort fibras,49.3
2024-06-03,Super Ômega 3,266.06
2024-06-03,SuperCoffee,96.93
2024-06-03,Suplemento Alimentar  - Hepatofor,127.5
2024-06-03,Termogênico - Lipix6,166.6
2024-06-03,Vegan Protein,108.47
2024-06-03,Vitamina B12,27.74
2024-06-03,Vitamina B12 - Vitadop,30.29
2024-06-03,Vitamina D - Vita D3,273.7
2024-06-03,Vitamina D - Vita D3 + C + Zinco,49.3
2024-06-03,Whey,583.63
2024-06-03,Whey Fort 3W,411.48
2024-06-03,Whey Isolado e Hidrolisado - H.I Whey,163.84
2024-06-03,Whey Protein 100% Elite,356.8
2024-06-03,Whey Protein Isofort UltraImuno,652.8
2024-06-03,Whey Protein Isolado,228.36
2024-06-03,Whey Protein Isolado - Isofort,391.0
2024-06-03,Whey Tech 100%,452.7
2024-06-03,Whey hidrolisado e isolado,360.4
2024-06-03,Óleo de Krill  - Ômega 3 EPA DHA,173.4
2024-06-03,Ômega 3 - 1360mg,100.57
2024-06-03,Ômega 3 - Omegafor Memory,79.9
2024-06-03,Ômega 3 EPA DHA,382.5
2024-06-03,Ômega 3 Pulse,114.75
2024-06-10,#Whey Fort 3W,129.2
2024-06-10,100% Whey Protein - Flavour,180.16
2024-06-10,100% Whey Pure,202.18
2024-06-10,Aminoácidos - Aminnu EAAs,180.97
2024-06-10,BT Nitrato 400,219.26
2024-06-10,Barra Chocolate 70%,24.65
2024-06-10,Barrinha de Proteína Choco Wheyfer,23.77
2024-06-10,Barrinha de Proteína Whey Grego - Havanna,195.64
2024-06-10,Beta Alanina,91.8
2024-06-10,Beta Alanina 100%,41.73
2024-06-10,"Boraprim - Borragem, Prímula e Gergelim",59.5
2024-06-10,Chlorella 400mg,77.97
2024-06-10,Coenzima Q10  (200mg p/ porção),161.5
2024-06-10,Colágeno - Colagentek,66.3
2024-06-10,Colágeno - Collagen Protein Hidrolisado,144.34
2024-06-10,Colágeno - Collagen Protein Hidrolisado Berries Silvestres 450g PURAVIDA,145.69
2024-06-10,Colágeno - Collagen Tipo II 40mg,67.94
2024-06-10,Combo com 4 Sachês SuperCoffee,22.47
2024-06-10,Combo com 4Barrinhas de Proteína Veganpro Bar,100.05
2024-06-10,Creatina,81.09
2024-06-10,Creatina - Creafort (Creapure),561.0
2024-06-10,Creatina Monohidratada,306.36
2024-06-10,Creatina Monohidratada - Creatine,361.44
2024-06-10,Creatina Monohidratada - Hardcore,176.88
2024-06-10,Cúrcuma Plus,60.35
2024-06-10,Energy Gel,79.48
2024-06-10,Ferro Quelato + Vitamina C,34.93
2024-06-10,Hipercalórico - Monsterone,92.59
2024-06-10,L-Taurina - 1.000mg,57.8
2024-06-10,Melatonina em Gotas,64.6
2024-06-10,Omegafor Plus,320.93
2024-06-10,Palatinose,95.62
2024-06-10,Probiótico - Simfort Plus,173.4
2024-06-10,Probióticos em Pó - Simfort,71.4
2024-06-10,Proteína Isolada e Hidrolisada - Body Protein,492.96
2024-06-10,Proteína Vegana - One Nutrition,279.28
2024-06-10,Pré-Treino - V Fort Ultra,88.4
2024-06-10,Própolis Líquido - Gotas,31.35
2024-06-10,Resveratrol Plus - 165mg,93.5
2024-06-10,Super Ômega 3,247.67
2024-06-10,SuperCoffee,298.7
2024-06-10,Tasty Whey 3W Gourmet,135.15
2024-06-10,Trio Magnésio 720mg,50.37
2024-06-10,Vegan Protein,108.47
2024-06-10,Vitamina - Good Mood,59.47
2024-06-10,Vitamina B12,61.6
2024-06-10,Vitamina D - Vita D3,78.2
2024-06-10,Vitamina D - Vita D3 + C + Zinco,49.3
2024-06-10,Vitamina D3 + K2,56.03
2024-06-10,Whey,990.41
2024-06-10,Whey 100% - Proteína Concentrada,124.77
2024-06-10,Whey Fort 3W,153.08
2024-06-10,Whey Isolado Nectar Sweets,279.64
2024-06-10,Whey Protein 100% Concentrado,90.08
2024-06-10,Whey Protein Concentrado,498.03
2024-06-10,Whey Protein Isolado,761.8
2024-06-10,Whey Protein Isolado - Isofort,616.25
2024-06-10,Whey Tech 100%,995.94
2024-06-10,Wheydop X,226.4
2024-06-10,Ômega 3 + Coenzima Q10 - Omegavie,81.01
2024-06-10,Ômega 3 - 1360mg,201.14
2024-06-10,Ômega 3 EPA DHA,401.51
2024-06-17,100% Whey Pure,202.18
2024-06-17,Achocolatado - Chocoki,50.22
2024-06-17,Aminoácido N-acetil L-cisteína (NAC),34.0
2024-06-17,BT Nitrato 400,109.63
2024-06-17,Barra Chocolate 40%,24.65
2024-06-17,Barra Chocolate 70%,24.65
2024-06-17,Barrinha de Proteína Protein Crisp,70.5
2024-06-17,Barrinha de Proteína Veganpro Bar,166.78
2024-06-17,"Boraprim - Borragem, Prímula e Gergelim",208.25
2024-06-17,Cafeína 200 mg - Termodop,33.31
2024-06-17,Chocolate 70% Cacau,46.76
2024-06-17,Coenzima Q10  (200mg p/ porção),161.5
2024-06-17,Coenzima Q10 (200mg p/ porção),93.5
2024-06-17,Coenzima Q10 + Ômega 3 + Vitamina E,209.02
2024-06-17,Coenzima Q10 - (100mg p/ porção),59.5
2024-06-17,Colágeno - Colagentek Protein - Bodybalance,263.5
2024-06-17,Colágeno - Collagen Renew Hidrolisado,62.71
2024-06-17,Colágeno Hidrolisado - Collagen Pro 18g,144.43
2024-06-17,Creatina,81.09
2024-06-17,Creatina - Creafort (Creapure),841.5
2024-06-17,Creatina 100% Pure,90.1
2024-06-17,Creatina Monohidratada,153.18
2024-06-17,Creatina Monohidratada - Creatine,542.16
2024-06-17,Creatina Monohidratada - Hardcore,176.88
2024-06-17,Creatina Premium - Creapure,199.36
2024-06-17,Cúrcuma,21.48
2024-06-17,Cúrcuma Plus,181.05
2024-06-17,Ferro Quelato + Vitamina C,34.93
2024-06-17,Glutamina,44.71
2024-06-17,Glutamina - Glutamax,54.4
2024-06-17,Glutamina - Glutamax Refil,92.65
2024-06-17,Melatonina - Sleepfor,49.3
2024-06-17,Omegafor Plus,851.09
2024-06-17,Palatinose,48.87
2024-06-17,Palatinose 100% - Carbolift,128.04
2024-06-17,Pasta de Amendoim + Whey,20.11
2024-06-17,Probiótico - Simfort Plus,234.6
2024-06-17,Proteína Isolada e Hidrolisada - Body Protein,492.96
2024-06-17,Proteína Isolada e Hidrolisada - Body Protein Red,164.32
2024-06-17,Psyllium,119.28
2024-06-17,Refil Whey 100% Pure,178.3
2024-06-17,Resveratrol Plus - 165mg,93.5
2024-06-17,Simfort fibras,49.3
2024-06-17,Super Ômega 3,675.72
2024-06-17,SuperCoffee,492.55
2024-06-17,Suplemento Alimentar  - Hepatofor,63.75
2024-06-17,Suplemento para Cabelos e Unhas- Biocolin Hair,76.67
2024-06-17,Tasty Whey 3W Gourmet,270.3
2024-06-17,Ultracoffee - Vegano,82.26
2024-06-17,Vegan Protein,108.47
2024-06-17,Vitamina D3 + K2,56.03
2024-06-17,Vitamina D3 - 2000 Ui,30.94
2024-06-17,Whey,877.28
2024-06-17,Whey 100% - Proteína Concentrada,124.77
2024-06-17,Whey Fort 3W,459.0
2024-06-17,Whey Protein 3W,153.17
2024-06-17,Whey Protein Concentrado,166.01
2024-06-17,Whey Protein Isolado,960.02
2024-06-17,Whey Protein Isolado - Isofort,901.0
2024-06-17,Whey Protein Isolado - Tasty Iso,168.7
2024-06-17,Whey Protein Isolado Muscle Guard,89.2
2024-06-17,Whey Tech 100%,814.86
2024-06-17,Whey hidrolisado e isolado,180.2
2024-06-17,Ômega -  Mega DHA,83.0
2024-06-17,Ômega 3 - 1360mg,100.57
2024-06-17,Ômega 3 - Omegafor Memory,79.9
2024-06-17,Ômega 3 EPA DHA,329.26
2024-06-17,Ômega 3 Pulse,114.75
2024-06-24,100% Whey Pure,404.36
2024-06-24,Aminoácido - Aminovita,295.8
2024-06-24,Arginofor - L-Arginina,57.8
2024-06-24,BT Nitrato 400,328.89
2024-06-24,BT Nitrato com cafeína,109.63
2024-06-24,Barrinha de Proteína,214.04
2024-06-24,Barrinha de Proteína Cleanpro Bar,83.39
2024-06-24,Barrinha de Proteína Tube,61.14
2024-06-24,Beta Alanina,137.7
2024-06-24,Beta Alanina 100%,41.73
2024-06-24,"Boraprim - Borragem, Prímula e Gergelim",59.5
2024-06-24,Coenzima Q10,75.45
2024-06-24,Coenzima Q10  (200mg p/ porção),323.0
2024-06-24,Coenzima Q10 (200mg p/ porção),93.5
2024-06-24,Coenzima Q10 + Ômega 3 + Vitamina E,104.51
2024-06-24,Colágeno - Colagentek II,224.4
2024-06-24,Colágeno - Colagentek Protein - Bodybalance,263.5
2024-06-24,Colágeno - Collagen Protein Hidrolisado,144.34
2024-06-24,Colágeno Hidrolisado - Collagen Pro 18g,288.86
2024-06-24,Combo com 4 Sachês SuperCoffee,44.94
2024-06-24,Complexo B 500mg,31.07
2024-06-24,Creatina,127.34
2024-06-24,Creatina - Creafort (Creapure),420.75
2024-06-24,Creatina - Creapure,123.34
2024-06-24,Creatina 100% Pure,180.2
2024-06-24,Creatina Monohidratada,675.72
2024-06-24,Creatina Monohidratada (Creapure),333.5
2024-06-24,Creatina Monohidratada - Creatine,451.8
2024-06-24,Creatina Monohidratada - Hardcore,265.32
2024-06-24,Cúrcuma 500mg,84.32
2024-06-24,Cúrcuma Plus,94.35
2024-06-24,Energy Gel,578.0
2024-06-24,Gel Neutro Fresh com Cafeína,83.94
2024-06-24,Gel Nitrato,51.66
2024-06-24,Glutamina - Glutadop,66.04
2024-06-24,Glutamina - Glutamax,163.2
2024-06-24,Glutamina - Glutamax Refil,185.3
2024-06-24,Isofort Plant (Life Vegan),91.8
2024-06-24,Magnésio Plus - 350mg,49.3
2024-06-24,Magnésio Quelato - Bio Mag,114.28
2024-06-24,Matchá - Chá Verde em Pó,63.87
2024-06-24,Melatonina - Sleepfor,49.3
2024-06-24,Melatonina em Gotas,32.3
2024-06-24,Morning Shot - Imunidade,101.92
2024-06-24,NAC 650mg,50.37
2024-06-24,Omegafor Plus,1655.54
2024-06-24,Palatinose,142.37
2024-06-24,Probiótico - Simcaps,57.8
2024-06-24,Probiótico - Simfort Plus,396.1
2024-06-24,Probióticos em Pó - Simfort,202.3
2024-06-24,Proteína Isolada e Hidrolisada - Body Protein,328.64
2024-06-24,Proteína Vegetal em Pó - Veganpro,109.74
2024-06-24,Pré-Treino,66.33
2024-06-24,Pré-Treino Turbo,86.73
2024-06-24,Própolis Verde - Premium 10mg,47.66
2024-06-24,Refil Whey 100% Pure,95.84
2024-06-24,Resveratrol Plus - 165mg,93.5
2024-06-24,Shot Matinal,61.69
2024-06-24,Simfort fibras,98.6
2024-06-24,Super Ômega 3,220.26
2024-06-24,SuperCoffee,377.36
2024-06-24,Termogênico - Lipix6,83.3
2024-06-24,Vitamina D - Vita D3,78.2
2024-06-24,Whey,149.46
2024-06-24,Whey 100% - Proteína Concentrada,124.77
2024-06-24,Whey 100% Gold Standard,237.52
2024-06-24,Whey Fort 3W,701.25
2024-06-24,Whey Protein 3W,306.34
2024-06-24,Whey Protein Concentrado,332.02
2024-06-24,Whey Protein Isolado,670.46
2024-06-24,Whey Protein Isolado - Isofort,675.75
2024-06-24,Whey Tech 100%,1539.18
2024-06-24,Whey hidrolisado e isolado,720.8
2024-06-24,Whey hidrolisado e isolado Creme Broule 837g TRUE SOURCE,180.2
2024-06-24,Wheydop ISO,179.69
2024-06-24,Ômega -  Mega DHA,83.0
2024-06-24,Ômega - Mega DHA,145.56
2024-06-24,Ômega 3 + Coenzima Q10 - Omegavie,81.01
2024-06-24,Ômega 3 DHA,121.11
2024-06-24,Ômega 3 EPA DHA,797.15
2024-06-24,Ômega 3 Pulse,114.75
2024-07-01,100% Whey Protein - Flavour,270.24
2024-07-01,100% Whey Protein Zero - Clinical,166.97
2024-07-01,100% Whey Pure,202.18
2024-07-01,100% Whey True Protein,325.54
2024-07-01,Achocolatado - Chocoki,50.22
2024-07-01,Aminoácido N-acetil L-cisteína (NAC),115.6
2024-07-01,Aminoácidos - Aminnu EAAs,180.97
2024-07-01,Barra Chocolate 70%,24.65
2024-07-01,Barrinha CHOKLERS CRISP - 12g,71.4
2024-07-01,Barrinha de Proteína,107.01
2024-07-01,Barrinha de Proteína Choco Wheyfer,23.77
2024-07-01,Barrinha de Proteína ChocoWheyfer,71.32
2024-07-01,Barrinha de Proteína Crunch,49.85
2024-07-01,Barrinha de Proteína Veganpro Bar,166.78
2024-07-01,Barrinha de Proteína Whey Grego - Havanna,86.4
2024-07-01,Biotina Plus,39.65
2024-07-01,"Boraprim - Borragem, Prímula e Gergelim",178.5
2024-07-01,Coenzima  Q10 - 100mg,83.33
2024-07-01,Coenzima Q10  (200mg p/ porção),161.5
2024-07-01,Coenzima Q10 (200mg p/ porção),93.5
2024-07-01,Colágeno - Colagentek Protein - Bodybalance,263.5
2024-07-01,Colágeno - Collagen Protein Hidrolisado,288.68
2024-07-01,Colágeno Hidrolisado - Collagen Pro 18g,144.43
2024-07-01,Combo com 4 Sachês SuperCoffee,44.94
2024-07-01,Cranberry,40.94
2024-07-01,Creatina,127.34
2024-07-01,Creatina - Creafort (Creapure),701.25
2024-07-01,Creatina 1100mg,54.06
2024-07-01,Creatina Monohidratada,373.94
2024-07-01,Creatina Monohidratada (Creapure),316.86
2024-07-01,Creatina Monohidratada -  Crealift (Creapure),213.41
2024-07-01,Creatina Monohidratada - Crea Pepto,75.22
2024-07-01,Creatina Monohidratada - Creatine,632.52
2024-07-01,Creatina Monohidratada - Hardcore,353.76
2024-07-01,Cromo Picolinato - 250mg,24.52
2024-07-01,Cálcio de Algas 1000mg,47.54
2024-07-01,Cúrcuma Plus,196.35
2024-07-01,Energy Gel,134.66
2024-07-01,Ferro Quelato + Vitamina C,139.72
2024-07-01,Gel Neutro Fresh com Cafeína,27.98
2024-07-01,Gel Nitrato,51.66
2024-07-01,Glutamina,33.76
2024-07-01,Glutamina - Glutamax,54.4
2024-07-01,Hipercalórico - Monsterone,92.59
2024-07-01,Isofort Plant (Life Vegan),91.8
2024-07-01,L-Taurina - 1.000mg,28.9
2024-07-01,Maca Peruana,38.76
2024-07-01,Maca Peruana 600mg,67.35
2024-07-01,Magnésio - Inositol Relief 3.0,479.1
2024-07-01,Magnésio - Quelato,21.34
2024-07-01,Melatonina - Sleepfor,49.3
2024-07-01,Omegafor Plus,1175.18
2024-07-01,Palatinose,93.5
2024-07-01,Polivitamínico - Berryki,54.4
2024-07-01,Probiótico - Simcaps,38.25
2024-07-01,Proteína Isolada e Hidrolisada - Body Protein,328.64
2024-07-01,Pré-Treino - V Fort Ultra,88.4
2024-07-01,Pré-treino Panic Pre Workout,128.39
2024-07-01,Própolis Verde - Premium 10mg,95.32
2024-07-01,Refil Whey 100% Pure,95.84
2024-07-01,Resveratrol Plus - 165mg,93.5
2024-07-01,Super Ômega 3,475.24
2024-07-01,Suplemento de Magnésio - Blue Calm,161.47
2024-07-01,Termogênico - Lipix6,49.83
2024-07-01,Vitamina - Good Mood,59.47
2024-07-01,Vitamina B12,87.75
2024-07-01,Vitamina C - Vitadop Ácido Ascórbico,30.29
2024-07-01,Vitamina D - Vita D3,39.1
2024-07-01,Vitamina D - Vita D3 + C + Zinco,81.6
2024-07-01,Vitamina D3 - 2000 Ui,30.94
2024-07-01,Whey,1029.64
2024-07-01,Whey 100% Gold Standard,245.17
2024-07-01,Whey Fort 3W,459.0
2024-07-01,Whey Protein Isolado,571.35
2024-07-01,Whey Protein Isolado - Isofort,675.75
2024-07-01,Whey Protein Isolado - Tasty Iso,168.7
2024-07-01,Whey Tech 100%,1358.1
2024-07-01,Wheydop ISO,421.86
2024-07-01,Wheydop X,226.4
2024-07-01,Ômega 3 EPA DHA,1166.44
2024-07-01,Ômega 3 Pulse,114.75
2024-07-01,Ômegafor Vegan 400mg,214.19
2024-07-08,100% Whey True Protein,325.54
2024-07-08,Achocolatado - Choco Family - Refil,29.75
2024-07-08,Aminoácido - Aminovita,175.1
2024-07-08,BT Nitrato 400,219.26
2024-07-08,Barrinha de Proteína,142.7
2024-07-08,Barrinha de Proteína Choco Wheyfer,23.77
2024-07-08,Barrinha de Proteína ChocoWheyfer,83.15
2024-07-08,Beta Alanina,45.9
2024-07-08,Bio Zinco,25.62
2024-07-08,"Boraprim - Borragem, Prímula e Gergelim",238.0
2024-07-08,Cappuccino Proteico,42.49
2024-07-08,Chá Vitatea,43.35
2024-07-08,Coenzima Q10,229.83
2024-07-08,Coenzima Q10 + Ômega 3 + Vitamina E,104.51
2024-07-08,Colágeno - Colagentek,66.3
2024-07-08,Colágeno - Colagentek II,74.8
2024-07-08,Colágeno - Colagentek Protein - Bodybalance,527.0
2024-07-08,Colágeno - Collagen Renew Hidrolisado,125.42
2024-07-08,Colágeno - Collagen Tipo II 40mg,203.82
2024-07-08,Colágeno Collagen Skin,244.8
2024-07-08,Colágeno Hidrolisado - Collagen Pro 18g,288.86
2024-07-08,Combo com 4 Sachês SuperCoffee,22.47
2024-07-08,Creatina - Creafort (Creapure),841.5
2024-07-08,Creatina - Creapure,123.34
2024-07-08,Creatina 100% Pure,180.2
2024-07-08,Creatina Micronizada,392.64
2024-07-08,Creatina Monohidratada,382.95
2024-07-08,Creatina Monohidratada - Crea Pepto,150.44
2024-07-08,Creatina Monohidratada - Creatine,722.88
2024-07-08,Cúrcuma 500mg,168.64
2024-07-08,Cúrcuma Plus,275.4
2024-07-08,Energy Gel - Endurance,23.8
2024-07-08,Energy Shot Gel,50.07
2024-07-08,Enzima - Enzyfor,44.2
2024-07-08,Extrato de Laranja Moro 400mg,84.32
2024-07-08,Ferro,15.45
2024-07-08,Fresh Whey,337.64
2024-07-08,Gel Nitrato,51.66
2024-07-08,Gel Nitrato c/ Cafeína,35.53
2024-07-08,Glutamina,57.04
2024-07-08,Glutamina - Glutamax,217.6
2024-07-08,Isofort Plant (Life Vegan),91.8
2024-07-08,Magnésio Dimalato,45.22
2024-07-08,Magnésio Quelato - Bio Mag,57.14
2024-07-08,Melatonina - Sleepfor,49.3
2024-07-08,Multivitaminico  - Imunomult- 1000mg,102.0
2024-07-08,Multivitaminico - Imunomult- 1000mg,201.45
2024-07-08,Nootrópico - Brain Up,137.3
2024-07-08,Omegafor Plus,1367.63
2024-07-08,Palatinose,48.87
2024-07-08,Probiótico - Simfort Plus,445.4
2024-07-08,Probióticos em Pó - Simfort,130.9
2024-07-08,Proteína Isolada e Hidrolisada - Body Protein,164.32
2024-07-08,Proteína Isolada e Hidrolisada - Body Protein Red,328.64
2024-07-08,Proteína Vegetal em Pó - Veganpro,219.48
2024-07-08,Pré-Treino Turbo,86.73
2024-07-08,Própolis Líquido - Gotas,94.05
2024-07-08,Própolis Verde - Premium 10mg,95.32
2024-07-08,Psyllium,157.87
2024-07-08,Refil Whey 100% Pure,95.84
2024-07-08,Resveratrol 500mg,67.35
2024-07-08,Simfort fibras,147.9
2024-07-08,Super Ômega 3,180.38
2024-07-08,SuperCoffee,266.68
2024-07-08,Suplemento Alimentar - GUARDIAN®,180.97
2024-07-08,Suplemento para Imunidade - Immune Up 100%,105.03
2024-07-08,Termogênico - Lipix6,83.3
2024-07-08,Ultracoffee - Vegano,82.26
2024-07-08,Vegan Ômega 3 DHA,112.18
2024-07-08,Vitamina B12,67.72
2024-07-08,Vitamina D - Vita D3,234.6
2024-07-08,Vitamina D - Vita D3 + C + Zinco,49.3
2024-07-08,Vitamina K2- Menaquinona,53.17
2024-07-08,Whey,1028.14
2024-07-08,Whey 100% - Proteína Concentrada,124.77
2024-07-08,Whey Fort 3W,306.0
2024-07-08,Whey Protein Concentrado,332.02
2024-07-08,Whey Protein Isolado,905.43
2024-07-08,Whey Protein Isolado - Isofort,1126.25
2024-07-08,Whey Tech 100%,724.32
2024-07-08,Whey hidrolisado e isolado,360.4
2024-07-08,Whey hidrolisado e isolado Creme Broule 837g TRUE SOURCE,180.2
2024-07-08,Óleo de Prímula - 500mg,29.33
2024-07-08,Ômega 3 - Omegafor Memory,79.9
2024-07-08,Ômega 3 DHA,121.11
2024-07-08,Ômega 3 EPA DHA,885.86
2024-07-08,Ômega 3 Pulse,114.75
2024-07-15,100% Whey Protein - Flavour,90.08
2024-07-15,100% Whey Pure,303.27
2024-07-15,100% Whey True Protein,151.49
2024-07-15,Aminoácido N-acetil L-cisteína (NAC),91.8
2024-07-15,BT Nitrato 400,109.63
2024-07-15,Barra Double,18.41
2024-07-15,Barrinha de Proteína,65.25
2024-07-15,Barrinha de Proteína Choco Wheyfer,153.33
2024-07-15,Barrinha de Proteína ChocoWheyfer,83.15
2024-07-15,Barrinha de Proteína Tube,30.57
2024-07-15,Barrinha de Proteína Whey Grego - Havanna,259.2
2024-07-15,Beta Alanina,137.7
2024-07-15,Bio Zinco,51.24
2024-07-15,"Boraprim - Borragem, Prímula e Gergelim",125.8
2024-07-15,Coenzima Q10 (200mg p/ porção),93.5
2024-07-15,Coenzima Q10 + Ômega 3 + Vitamina E,209.02
2024-07-15,Colosfort,193.8
2024-07-15,Colágeno - Colagentek,198.9
2024-07-15,Cranberry - She She Comfort,61.69
2024-07-15,Creatina,127.34
2024-07-15,Creatina - Creafort (Creapure),1122.0
2024-07-15,Creatina 100% Pure,90.1
2024-07-15,Creatina Monohidratada,867.08
2024-07-15,Creatina Monohidratada - Creadop Serie Sport,206.82
2024-07-15,Creatina Monohidratada - Creatine,542.16
2024-07-15,Creatina Monohidratada - Hardcore,176.88
2024-07-15,Cromo Picolinato - 250mg,24.52
2024-07-15,Cálcio de Algas 1000mg,47.54
2024-07-15,Cúrcuma Plus,60.35
2024-07-15,Energy Gel,242.77
2024-07-15,Enzima - Enzyfor,44.2
2024-07-15,Enzimas Enzyfor,110.5
2024-07-15,Extrato de Laranja Moro 400mg,84.32
2024-07-15,Fresh Whey,146.8
2024-07-15,Glutamina,251.75
2024-07-15,Glutamina - Glutamax,32.3
2024-07-15,Maca Peruana,107.37
2024-07-15,Maca Peruana 2000mg,66.43
2024-07-15,Magnésio,41.79
2024-07-15,Magnésio - 3MAG - Pool de Magnésio,83.34
2024-07-15,Magnésio - Inositol Relief 3.0,319.4
2024-07-15,Magnésio Dimalato,90.44
2024-07-15,Magnésio Plus - 350mg,325.55
2024-07-15,Magnésio Plus 900mg,73.18
2024-07-15,Magnésio Quelato - Bio Mag,57.14
2024-07-15,Magnésio de Malato,21.34
2024-07-15,Matchá - Chá Verde em Pó,63.87
2024-07-15,Melatonina - Sleepfor,49.3
2024-07-15,Morning Shot - Imunidade,291.05
2024-07-15,Multivitaminico - Imunomult- 1000mg,134.3
2024-07-15,Omegafor Plus,1616.2
2024-07-15,Omegafor Vision,85.38
2024-07-15,Palatinose,124.03
2024-07-15,Probiótico - Simcaps,57.8
2024-07-15,Proteína Isolada e Hidrolisada - Body Protein,492.96
2024-07-15,Proteína Isolada e Hidrolisada - Body Protein Red,164.32
2024-07-15,Pré-Treino - V Fort Ultra,88.4
2024-07-15,Pré-treino Panic Pre Workout,83.35
2024-07-15,Própolis Verde - Premium 10mg,95.32
2024-07-15,Refil 100% Whey - Tasty Iso,656.94
2024-07-15,Refil Whey 100% Pure,479.2
2024-07-15,Resveratrol 500mg,67.35
2024-07-15,Shot Matinal,61.69
2024-07-15,Simfort fibras,49.3
2024-07-15,SuperCoffee,641.4
2024-07-15,Suplemento Alimentar - GUARDIAN®,180.97
2024-07-15,Suplemento para Cabelos e Unhas- Biocolin Hair,76.67
2024-07-15,Tasty Whey 3W Gourmet,135.15
2024-07-15,Termogênico - Lipix6,83.3
2024-07-15,Termogênico - Termo Plus,97.75
2024-07-15,Tortinha Proteica,67.82
2024-07-15,Trio Magnésio 720mg,50.37
2024-07-15,Vegan Protein,108.47
2024-07-15,Vitamina B12,61.6
2024-07-15,Vitamina C + Zinco - Gomas,134.13
2024-07-15,Vitamina C3 - 1000mg,68.0
2024-07-15,Vitamina D - Vita D3,234.6
2024-07-15,Vitamina D - Vita D3 + C + Zinco,49.3
2024-07-15,Vitamina D3 + K2 Gotas,61.8
2024-07-15,Whey,732.12
2024-07-15,Whey - Isocrisp Pouch,75.65
2024-07-15,Whey Fort 3W,484.5
2024-07-15,Whey Protein - 3W,161.38
2024-07-15,Whey Protein 100% - Refil,127.5
2024-07-15,Whey Protein 3W,153.17
2024-07-15,Whey Protein Concentrado,332.02
2024-07-15,Whey Protein Isolado,1287.97
2024-07-15,Whey Protein Isolado - Isofort,935.0
2024-07-15,Whey Tech 100%,1410.94
2024-07-15,Óleo de Krill  - Ômega 3 EPA DHA,86.7
2024-07-15,Ômega - Mega DHA,145.56
2024-07-15,Ômega 3 + Coenzima Q10 - Omegavie,81.01
2024-07-15,Ômega 3 - Omegafor Memory,399.5
2024-07-15,Ômega 3 EPA DHA,1013.24
2024-07-15,Ômega 3 Pulse,344.25
2024-07-15,Ômega 3 Super DHA - BIG N,71.2
2024-07-15,Ômegafor Vegan 400mg,128.77
2024-07-22,100% Whey Pure,305.09
2024-07-22,Aminoácido N-acetil L-cisteína (NAC),115.6
2024-07-22,Barrinha de Proteína,308.63
2024-07-22,Barrinha de Proteína Collagen Bar,101.14
2024-07-22,Barrinha de Proteína Protein Crisp,141.0
2024-07-22,Barrinha de Proteína Veganpro Bar,83.39
2024-07-22,Bio Zinco,25.62
2024-07-22,"Boraprim - Borragem, Prímula e Gergelim",66.3
2024-07-22,Coenzima Q10,77.19
2024-07-22,Coenzima Q10  (200mg p/ porção),323.0
2024-07-22,Coenzima Q10 + Ômega 3 + Vitamina E,336.52
2024-07-22,Combo com 4 Sachês SuperCoffee,22.47
2024-07-22,Complexo B 500mg,31.07
2024-07-22,Creatina - Creafort (Creapure),572.25
2024-07-22,Creatina 100% Pure,90.1
2024-07-22,Creatina Monohidratada,462.25
2024-07-22,Creatina Monohidratada - Creadop Serie Sport,83.32
2024-07-22,Creatina Monohidratada - Creatine,696.32
2024-07-22,Cúrcuma Plus,249.05
2024-07-22,Energy Gel,171.28
2024-07-22,Feno Grego + Boro 500mg,78.67
2024-07-22,Fibra - Fosvita,54.4
2024-07-22,Fresh Whey,146.8
2024-07-22,Glutamina - Glutamax Refil,97.75
2024-07-22,Magnésio,41.79
2024-07-22,Magnésio - Bio Trimag,58.11
2024-07-22,Magnésio - Inositol Relief 3.0,319.4
2024-07-22,Magnésio - Quelato,21.34
2024-07-22,Magnésio Plus - 350mg,55.25
2024-07-22,Magnésio Plus 900mg,73.18
2024-07-22,Melatonina,39.05
2024-07-22,Multivitaminico  - Imunomult- 1000mg,204.0
2024-07-22,Multivitamínico - Vitalift,102.35
2024-07-22,Nootrópico - Brain Up Am/Pm  60 caps TRUE SOURCE,137.3
2024-07-22,Omegafor Plus,725.03
2024-07-22,Palatinose,121.91
2024-07-22,Pasta de Amendoim + Whey,40.22
2024-07-22,Probiótico - Simcaps,57.8
2024-07-22,Probiótico - Simfort Plus,49.3
2024-07-22,Probióticos em Pó - Simfort,202.3
2024-07-22,Proteína Isolada e Hidrolisada - Body Protein,164.32
2024-07-22,Pré-Treino - V Fort Ultra,442.0
2024-07-22,Pré-treino Panic Pre Workout,83.35
2024-07-22,Própolis Líquido - Gotas,62.7
2024-07-22,Psyllium,178.92
2024-07-22,Refil Whey 100% Pure,191.68
2024-07-22,Super Ômega 3,655.62
2024-07-22,SuperCoffee,238.82
2024-07-22,Suplemento Alimentar  - Hepatofor,63.75
2024-07-22,"Suplemento Alimentar - Cabelo, Pele e Unha - Gomas",61.69
2024-07-22,Suplemento para Cabelos e Unhas- Biocolin Hair,73.02
2024-07-22,Tablete de Doce,22.1
2024-07-22,Tasty Whey 3W Gourmet,423.09
2024-07-22,Termogênico - Lipix6,133.13
2024-07-22,Tortinha Proteica,33.91
2024-07-22,Vitamina - Good Mood,59.47
2024-07-22,Vitamina B12,95.88
2024-07-22,Vitamina B12 - Vitadop,60.58
2024-07-22,Vitamina C - Bio Vit C+,50.97
2024-07-22,Vitamina D - Vita D3,117.3
2024-07-22,Vitamina D - Vita D3 + C + Zinco,180.2
2024-07-22,Vitamina D3 + K2 Gotas,55.37
2024-07-22,Whey,872.54
2024-07-22,Whey - Isocrisp Pouch,75.65
2024-07-22,Whey Fort 3W,331.5
2024-07-22,Whey Protein 100% Elite,178.4
2024-07-22,Whey Protein Concentrado,850.13
2024-07-22,Whey Protein Concentrado Cappuccino 900g DUX,342.06
2024-07-22,Whey Protein Isolado,1508.8
2024-07-22,Whey Protein Isolado - Isofort,242.25
2024-07-22,Whey Tech 100%,467.84
2024-07-22,Whey hidrolisado e isolado,180.2
2024-07-22,Whey hidrolisado e isolado Creme Broule 837g TRUE SOURCE,180.2
2024-07-22,Ômega -  Mega DHA,83.0
2024-07-22,Ômega - Mega DHA,145.56
2024-07-22,Ômega 3 - 1360mg,301.71
2024-07-22,Ômega 3 - Vision Care,62.62
2024-07-22,Ômega 3 EPA DHA,677.63
2024-07-22,Ômega 3 Pulse,187.8
2024-07-22,Ômega 3 Super DHA - BIG N,213.6
2024-07-29,100% Whey Protein - Flavour,90.08
2024-07-29,100% Whey Pure,102.0
2024-07-29,100% Whey True Protein,151.49
2024-07-29,Achocolatado - Choco Family - Refil,29.75
2024-07-29,Aminoácido - Aminovita,87.55
2024-07-29,BT 400,447.87
2024-07-29,BT Nitrato 400,109.63
2024-07-29,BT Nitrato com cafeína,109.63
2024-07-29,Barra Double,18.41
2024-07-29,Barrinha de Proteína,326.27
2024-07-29,Barrinha de Proteína Choco Wheyfer,81.99
2024-07-29,Barrinha de Proteína ChocoWheyfer,83.15
2024-07-29,Barrinha de Proteína Protein Crisp,147.9
2024-07-29,Barrinha de Proteína Whey Grego - Havanna,86.4
2024-07-29,Beta Alanina,45.9
2024-07-29,Beta Alanina Pure,66.3
2024-07-29,"Boraprim - Borragem, Prímula e Gergelim",132.6
2024-07-29,Coenzima Q10,231.57
2024-07-29,Colágeno - Collagen Renew Hidrolisado,62.71
2024-07-29,Colágeno Hidrolisado + Ácido Hialurônico,60.31
2024-07-29,Colágeno Tipo II - Chondro,109.68
2024-07-29,Combo com 4 Sachês SuperCoffee,27.37
2024-07-29,Creatina,255.0
2024-07-29,Creatina - Creafort (Creapure),165.0
2024-07-29,Creatina 100% Pure,180.2
2024-07-29,Creatina Monohidratada,550.09
2024-07-29,Creatina Monohidratada -  Crealift (Creapure),213.41
2024-07-29,Creatina Monohidratada - Creadop Serie Sport,166.64
2024-07-29,Creatina Monohidratada - Creatine,318.93
2024-07-29,Creatina Monohidratada - Hardcore,208.1
2024-07-29,Cromo Picolinato - 250mg,24.52
2024-07-29,Cúrcuma Plus,249.05
2024-07-29,Energy Gel,275.34
2024-07-29,Fibra - Fosvita,54.4
2024-07-29,Fresh Whey,440.4
2024-07-29,Gel Nitrato,25.83
2024-07-29,Gel Nitrato c/ Cafeína,35.53
2024-07-29,Glutamina,171.12
2024-07-29,Glutamina - Glutamax,64.6
2024-07-29,Magnésio - Bio Trimag,116.22
2024-07-29,Magnésio - Inositol Relief 3.0,159.7
2024-07-29,Matchá - Chá Verde em Pó,63.87
2024-07-29,Morning Shot - Imunidade,101.92
2024-07-29,Multivitaminico  - Imunomult- 1000mg,102.0
2024-07-29,Multivitamínico - Vitalift,102.35
2024-07-29,Omegafor Plus,753.28
2024-07-29,Palatinose,84.33
2024-07-29,Probiótico - Simfort Plus,197.2
2024-07-29,Probióticos em Pó - Simfort,130.9
2024-07-29,Proteína - Isocrisp Plant Pouch,57.8
2024-07-29,Proteína Vegetal em Pó - Veganpro,109.74
2024-07-29,Própolis Líquido - Gotas,31.35
2024-07-29,Resveratrol - Resveramax,140.95
2024-07-29,Sleep,237.66
2024-07-29,SuperCoffee,298.7
2024-07-29,Termogênico - Lipix6,83.3
2024-07-29,Tortinha Proteica,67.82
2024-07-29,Vegan Protein - Vegano,106.05
2024-07-29,Vitamina B12,32.27
2024-07-29,Vitamina C - Antioxidante,16.97
2024-07-29,Vitamina D - Vita D3,273.7
2024-07-29,Vitamina D - Vita D3 + C + Zinco,246.5
2024-07-29,Vitamina D3 + K2,112.06
2024-07-29,Vitamina D3 + K2 Gotas,55.37
2024-07-29,Whey,873.24
2024-07-29,Whey 100% - Proteína Concentrada,124.77
2024-07-29,Whey Fort 3W,497.25
2024-07-29,Whey Protein 3W,153.17
2024-07-29,Whey Protein Concentrado,1730.42
2024-07-29,Whey Protein Concentrado Cappuccino 900g DUX,342.06
2024-07-29,Whey Protein Isolado,1935.84
2024-07-29,Whey Protein Isolado - Isofort,242.25
2024-07-29,Whey Tech 100%,254.56
2024-07-29,Whey hidrolisado e isolado,180.2
2024-07-29,Whey hidrolisado e isolado Creme Broule 837g TRUE SOURCE,180.2
2024-07-29,Óleo de Krill  - Ômega 3 EPA DHA,86.7
2024-07-29,Ômega 3 - 1360mg,201.14
2024-07-29,Ômega 3 - Omegafor Memory,79.9
2024-07-29,Ômega 3 DHA,121.11
2024-07-29,Ômega 3 EPA DHA,330.91
2024-07-29,Ômega 3 Pulse,187.8
2024-07-29,Ômega 3 Super DHA - BIG N,284.8
2024-08-05,100% Whey Pure,306.0
2024-08-05,Achocolatado - Choco Family - Refil,59.5
2024-08-05,Achocolatado - Chocoki,50.22
2024-08-05,Aminoácido - BCAA 3500,45.37
2024-08-05,BT Nitrato 400,109.63
2024-08-05,Barrinha de Proteína,118.32
2024-08-05,Barrinha de Proteína Cleanpro Bar,83.39
2024-08-05,Beta Alanina,45.9
2024-08-05,Bombom,33.24
2024-08-05,"Boraprim - Borragem, Prímula e Gergelim",170.85
2024-08-05,Cappuccino Proteico,127.47
2024-08-05,Chlorella 400mg,77.97
2024-08-05,Chá Vitatea,86.7
2024-08-05,Coenzima Q10,77.19
2024-08-05,Coenzima Q10  (200mg p/ porção),323.0
2024-08-05,Coenzima Q10 (200mg p/ porção),93.5
2024-08-05,Coenzima Q10 - (100mg p/ porção),59.5
2024-08-05,Colágeno - Colagentek,66.3
2024-08-05,Colágeno - Colagentek Protein - Bodybalance,527.0
2024-08-05,Colágeno - Collagen Gut,331.5
2024-08-05,Colágeno - Collagen Protein Hidrolisado,144.34
2024-08-05,Colágeno - Collagen Renew Hidrolisado,125.42
2024-08-05,Creatina,255.0
2024-08-05,Creatina - Creafort (Creapure),330.0
2024-08-05,Creatina 100% Pure,90.1
2024-08-05,Creatina Monohidratada,356.22
2024-08-05,Creatina Monohidratada -  Crealift (Creapure),213.41
2024-08-05,Creatina Monohidratada - Creatine,531.55
2024-08-05,Creatina Monohidratada - Hardcore,104.05
2024-08-05,Cálcio de Algas 1000mg,47.54
2024-08-05,Cúrcuma Plus,181.05
2024-08-05,Energy Gel,308.66
2024-08-05,Enzima - Enzyfor,44.2
2024-08-05,Enzima Lactase - Laczyme,49.3
2024-08-05,Feno Grego + Boro 500mg,157.34
2024-08-05,Ferro,30.9
2024-08-05,Fresh Whey,440.4
2024-08-05,Gel Nitrato,180.81
2024-08-05,Gel Nitrato c/ Cafeína,71.06
2024-08-05,Glutamina - Glutamax,32.3
2024-08-05,Isofort Plant (Life Vegan),367.2
2024-08-05,Maca Peruana,35.79
2024-08-05,Maca Peruana 600mg,67.35
2024-08-05,Magnésio - Bio Trimag,58.11
2024-08-05,Magnésio - Inositol Relief 3.0,375.76
2024-08-05,Melatonina,39.05
2024-08-05,Melatonina - Sleepfor,49.3
2024-08-05,Melatonina em Gotas,96.9
2024-08-05,Omegafor Plus,1415.84
2024-08-05,Palatinose,112.74
2024-08-05,Pasta de Amendoim + Whey,20.11
2024-08-05,Paçoquinha,22.73
2024-08-05,Probiótico - Simfort Plus,197.2
2024-08-05,Profem - Óleo de Prímula,84.15
2024-08-05,Proteína Isolada e Hidrolisada - Body Protein,657.28
2024-08-05,Proteína Isolada e Hidrolisada - Body Protein Red,164.32
2024-08-05,Proteína Isolada e Hidrolisada - Raptor HP,172.79
2024-08-05,Proteína Vegana - Immuno Veggie,163.03
2024-08-05,Pré-Treino - V Fort Ultra,88.4
2024-08-05,Pré-Treino Energy ATP®,158.02
2024-08-05,Pré-treino Panic Pre Workout,83.35
2024-08-05,Própolis Verde - Premium 10mg,142.98
2024-08-05,Psyllium,57.8
2024-08-05,Refil Whey Protein Concentrado,166.17
2024-08-05,Resveratrol Plus - 165mg,93.5
2024-08-05,Simfort fibras,49.3
2024-08-05,Super Ômega 3,535.06
2024-08-05,SuperCoffee,556.3
2024-08-05,Suplemento Alimentar  - Hepatofor,63.75
2024-08-05,"Suplemento Alimentar - Cabelo, Pele e Unha - Gomas",61.69
2024-08-05,Suplemento Alimentar - GUARDIAN®,474.06
2024-08-05,Tablete de Doce,27.13
2024-08-05,Trio Magnésio 720mg,50.37
2024-08-05,Vitamina - Good Mood,59.47
2024-08-05,Vitamina C - Antioxidante,16.97
2024-08-05,Vitamina D - Vita D3,156.4
2024-08-05,Vitamina D - Vita D3 + C + Zinco,98.6
2024-08-05,Vitamina D3 Synergy,89.78
2024-08-05,"Vitaminas A, E, D e K2- RESTAURE® - Gotas",134.98
2024-08-05,Whey,791.56
2024-08-05,Whey - Isocrisp Pouch,151.3
2024-08-05,Whey Isolado Nectar,270.62
2024-08-05,Whey Protein 100% Gold,198.98
2024-08-05,Whey Protein Concentrado,1877.96
2024-08-05,Whey Protein Concentrado Cappuccino 900g DUX,134.14
2024-08-05,Whey Protein Isolado,1570.0
2024-08-05,Whey Tech 100%,371.52
2024-08-05,Whey hidrolisado e isolado,180.2
2024-08-05,Whey hidrolisado e isolado Creme Broule 837g TRUE SOURCE,180.2
2024-08-05,Óleo de Krill  - Ômega 3 EPA DHA,173.4
2024-08-05,Ômega -  Mega DHA,83.0
2024-08-05,Ômega - Mega DHA,136.85
2024-08-05,Ômega 3 + Coenzima Q10 - Omegavie,69.45
2024-08-05,Ômega 3 - 1360mg,502.85
2024-08-05,Ômega 3 - Omegafor Memory,79.9
2024-08-05,Ômega 3 DHA,121.11
2024-08-05,Ômega 3 EPA DHA,912.13
2024-08-05,Ômega 3 Pulse,281.7
2024-08-05,Ômega 3 Super DHA BIG,127.58
2024-08-12,#Whey Fort 3W,165.75
2024-08-12,100% Whey Protein - Flavour,180.16
2024-08-12,100% Whey Pure,399.52
2024-08-12,Aminoácido - Aminovita,175.1
2024-08-12,Aminoácido - BCAA Fort,231.4
2024-08-12,BT Nitrato 400,106.1
2024-08-12,Barrinha de Proteína,354.74
2024-08-12,Barrinha de Proteína Whey Grego - Havanna,86.4
2024-08-12,Beta Alanina,45.9
2024-08-12,Beta Alanina 100%,41.73
2024-08-12,Bio Zinco,51.24
2024-08-12,"Boraprim - Borragem, Prímula e Gergelim",198.9
2024-08-12,Cafeína - Caffeinex 200,31.5
2024-08-12,Chlorella 400mg,77.97
2024-08-12,Coenzima  Q10 - 100mg,83.33
2024-08-12,Coenzima Q10  (200mg p/ porção),161.5
2024-08-12,Coenzima Q10 + Ômega 3 + Vitamina E,127.5
2024-08-12,Colágeno - Colagentek,132.6
2024-08-12,Colágeno Hidrolisado - Collagen Pro 18g,144.43
2024-08-12,Colágeno Tipo II - Chondro,107.13
2024-08-12,Colágeno Verisol,201.74
2024-08-12,Creatina,382.5
2024-08-12,Creatina - Creafort (Creapure),660.0
2024-08-12,Creatina - Creapure,123.34
2024-08-12,Creatina Monohidratada,897.99
2024-08-12,Creatina Monohidratada -  Crealift (Creapure),245.65
2024-08-12,Creatina Monohidratada - Creatine,425.24
2024-08-12,Creatina Monohidratada - Hardcore,312.15
2024-08-12,Cúrcuma Plus,94.35
2024-08-12,Energy Gel,336.98
2024-08-12,Extrato de Própolis - Propolyz,22.2
2024-08-12,Ferro,15.45
2024-08-12,Fibra - Fosvita,76.5
2024-08-12,Fresh Whey,293.6
2024-08-12,Gel Nitrato,100.77
2024-08-12,Gel Nitrato com L-Citrulinilarginina,74.94
2024-08-12,Glutamina - Glutamax Refil,97.75
2024-08-12,Glutamina em Pó,76.94
2024-08-12,Isofort Plant (Life Vegan),91.8
2024-08-12,Maca Peruana 2000mg,66.43
2024-08-12,Maca Peruana 600mg,134.7
2024-08-12,Magnésio - Bio Trimag,58.11
2024-08-12,Melatonina,39.05
2024-08-12,Melatonina em Gotas,64.6
2024-08-12,Morning Shot - Imunidade,87.21
2024-08-12,Multivitaminico  - Imunomult- 1000mg,102.0
2024-08-12,Multivitamínico - Vitalift,102.35
2024-08-12,Omegafor Plus,581.56
2024-08-12,Omegafor Vision,85.38
2024-08-12,Palatinose,37.58
2024-08-12,Probiótico - Simcaps,57.8
2024-08-12,Probiótico - Simfort Plus,49.3
2024-08-12,Proteína - Isocrisp Plant Pouch,57.8
2024-08-12,Proteína Isolada e Hidrolisada - Body Protein,657.28
2024-08-12,Pré-treino com Beta Alanina,95.92
2024-08-12,Própolis Líquido - Gotas,31.35
2024-08-12,Psyllium,96.39
2024-08-12,Repositor Energético - Glyco Fuel,81.76
2024-08-12,Shot Matinal,61.69
2024-08-12,Simfort fibras,98.6
2024-08-12,Sleep,118.83
2024-08-12,Super Ômega 3,180.38
2024-08-12,SuperCoffee,238.82
2024-08-12,"Suplemento Alimentar - Cabelo, Pele e Unha - Gomas",61.69
2024-08-12,Tasty Whey 3W Gourmet,141.03
2024-08-12,Termogênico - Termo Plus,97.75
2024-08-12,Thermo Caps - DiaboVerde,57.38
2024-08-12,Ultracoffee - Vegano,75.93
2024-08-12,Vitamina C - Bio Vit C+,50.97
2024-08-12,Vitamina D - Vita D3,78.2
2024-08-12,Vitamina D - Vita D3 + C + Zinco,49.3
2024-08-12,Vitamina D3 + K2 Gotas,166.11
2024-08-12,Vitamina D3 Synergy,44.89
2024-08-12,Vitamina K2- Menaquinona,53.17
2024-08-12,Whey,425.0
2024-08-12,Whey 100% - Proteína Concentrada,124.77
2024-08-12,Whey Fort 3W,165.75
2024-08-12,Whey Isolado Nectar,273.7
2024-08-12,Whey Protein Concentrado,536.56
2024-08-12,Whey Protein Concentrado Cappuccino 900g DUX,134.14
2024-08-12,Whey Protein Isolado,914.6
2024-08-12,Whey Protein Isolado - Isofort,484.5
2024-08-12,Whey Tech 100%,509.12
2024-08-12,Óleo de Prímula - 500mg,29.33
2024-08-12,Ômega 3 EPA DHA,668.74
2024-08-12,Ômega 3 Pulse,208.03
2024-08-12,Ômega 3 Super DHA,88.66
2024-08-12,Ômega 3 Super DHA - BIG N,213.6
2024-08-19,100% Whey Protein - Flavour,275.38
2024-08-19,100% Whey Protein Zero - Clinical,333.94
2024-08-19,100% Whey Pure,120.0
2024-08-19,Achocolatado - Chocoki,50.22
2024-08-19,Aminoácido N-acetil L-cisteína (NAC),115.6
2024-08-19,BT Nitrato 400,106.1
2024-08-19,Barrinha de Proteína,271.24
2024-08-19,Barrinha de Proteína - Protein Crisp Bar,61.23
2024-08-19,Barrinha de Proteína Protein Crisp,73.95
2024-08-19,Barrinha de Proteína Tube,30.57
2024-08-19,Barrinha de Proteína Veganpro Bar,83.39
2024-08-19,Beta Alanina 100%,41.73
2024-08-19,Bio Ferro,37.54
2024-08-19,Bio Vitamina B12 em gotas,75.08
2024-08-19,Bio Zinco,102.48
2024-08-19,"Boraprim - Borragem, Prímula e Gergelim",132.6
2024-08-19,Cappuccino Proteico,42.49
2024-08-19,Clorella Orgânica - 200 tabletes,84.04
2024-08-19,Coenzima Q10  (200mg p/ porção),161.5
2024-08-19,Coenzima Q10 (200mg p/ porção),280.5
2024-08-19,Coenzima Q10 + Ômega 3 + Vitamina E,255.0
2024-08-19,Coenzima Q10 - (100mg p/ porção),59.5
2024-08-19,Colosfort,193.8
2024-08-19,Colágeno - Collagen Essential Protein,471.75
2024-08-19,Colágeno - Collagen Protein Hidrolisado,288.68
2024-08-19,Colágeno Tipo II,53.97
2024-08-19,Colágeno Verisol,100.87
2024-08-19,Combo com 4 Sachês SuperCoffee,27.37
2024-08-19,Complexo B 500mg,62.14
2024-08-19,Creatina,255.0
2024-08-19,Creatina - Creafort (Creapure),728.0
2024-08-19,Creatina - Creapure,246.68
2024-08-19,Creatina Micronizada,228.24
2024-08-19,Creatina Monohidratada,507.45
2024-08-19,Creatina Monohidratada (Creapure),333.31
2024-08-19,Creatina Monohidratada - Creadop Serie Sport,166.64
2024-08-19,Creatina Monohidratada - Creatine,212.62
2024-08-19,Creatina Monohidratada - Hardcore,104.05
2024-08-19,Creatina Premium - Creapure,398.72
2024-08-19,Cúrcuma Plus,34.0
2024-08-19,Doce Bocadito,54.74
2024-08-19,Energy Gel,83.98
2024-08-19,Ferro Quelato + Vitamina C,34.93
2024-08-19,Fresh Whey,97.28
2024-08-19,Glutamina - Glutamax,136.85
2024-08-19,Glutamina - Glutamax Refil,97.75
2024-08-19,Glutamina em Pó,240.37
2024-08-19,Hipercalórico - Monsterone,185.18
2024-08-19,L-Taurina - 1.000mg,28.9
2024-08-19,Maca Peruana,35.79
2024-08-19,Maca Peruana 600mg,67.35
2024-08-19,Magnésio - Bio Trimag,299.46
2024-08-19,Melatonina - Sleepfor,49.3
2024-08-19,Multivitaminico  - Imunomult- 1000mg,102.0
2024-08-19,Omegafor Plus,973.12
2024-08-19,Probiótico - Simfort Plus,49.3
2024-08-19,Probióticos em Pó - Simfort,71.4
2024-08-19,Proteína Isolada e Hidrolisada - Raptor HP,172.79
2024-08-19,Própolis Líquido - Gotas,31.35
2024-08-19,Sleep,101.01
2024-08-19,SuperCoffee,238.82
2024-08-19,"Suplemento Alimentar - Cabelo, Pele e Unha - Gomas",61.69
2024-08-19,Suplemento Alimentar - GUARDIAN®,162.27
2024-08-19,Suplemento Alimentar - Pura Fiber,65.0
2024-08-19,Termogênico - Lipix6,83.3
2024-08-19,Trio Magnésio 720mg,50.37
2024-08-19,Vegan Ômega 3 DHA,112.18
2024-08-19,Vitamina C + Zinco - Gomas,44.71
2024-08-19,Vitamina D - Vita D3,195.5
2024-08-19,Vitamina D - Vita D3 + C + Zinco,49.3
2024-08-19,Vitamina D3 + K2 Gotas,52.06
2024-08-19,Vitamina D3 - 2000 Ui,30.94
2024-08-19,Vitamina D3 Synergy,44.89
2024-08-19,Whey,284.44
2024-08-19,Whey Fort 3W,165.75
2024-08-19,Whey Protein 3W,153.17
2024-08-19,Whey Protein Concentrado,1073.12
2024-08-19,Whey Protein Isolado,1298.93
2024-08-19,Whey Protein Isolado - Isofort,527.25
2024-08-19,Whey Tech 100%,137.6
2024-08-19,Wheydop X,226.4
2024-08-19,Zinco,43.51
2024-08-19,Óleo de Krill  - Ômega 3 EPA DHA,173.4
2024-08-19,Óleo de Prímula - 500mg,58.66
2024-08-19,Ômega 3 - 1360mg,148.04
2024-08-19,Ômega 3 EPA DHA,593.0
2024-08-19,Ômega 3 Super DHA - BIG N,718.62
2024-08-26,100% Whey Flavour,92.65
2024-08-26,100% Whey Protein - Flavour,370.6
2024-08-26,Aminoácido - Aminovita,449.65
2024-08-26,Aminoácido - BCAA 2:1:1,42.7
2024-08-26,Aminoácido N-acetil L-cisteína (NAC),57.8
2024-08-26,Antioxidante - Astaxantina,138.03
2024-08-26,BT Nitrato,106.1
2024-08-26,BT Nitrato 400,142.29
2024-08-26,Barra Chocolate 70%,24.65
2024-08-26,Barrinha de Proteína,592.84
2024-08-26,Barrinha de Proteína Thin,275.1
2024-08-26,Beta Alanina,137.7
2024-08-26,Bio Cálcio  60 caps PURAVIDA,57.72
2024-08-26,Bio Ferro,75.08
2024-08-26,Bom Ciclo,73.02
2024-08-26,"Boraprim - Borragem, Prímula e Gergelim",132.6
2024-08-26,Brain Focus,69.27
2024-08-26,Cafeína,33.2
2024-08-26,Chocolate 70% Cacau,46.76
2024-08-26,Chocolate 85% Cacau,23.38
2024-08-26,Cloreto de Magnésio,29.84
2024-08-26,Coenzima Q10,75.45
2024-08-26,Coenzima Q10  (200mg p/ porção),161.5
2024-08-26,Coenzima Q10 - (100mg p/ porção),59.5
2024-08-26,Colágeno - Colagentek,265.2
2024-08-26,Colágeno - Colagentek Protein - Bodybalance,534.86
2024-08-26,Colágeno - Collagen Gut,148.97
2024-08-26,Colágeno - Collagen Protein Hidrolisado,144.34
2024-08-26,Colágeno - Collagen Protein Hidrolisado Berries Silvestres 450g PURAVIDA,145.69
2024-08-26,Colágeno - Collagen Renew Hidrolisado,62.71
2024-08-26,Colágeno - Collagen Tipo II 40mg,203.82
2024-08-26,Colágeno - Collcreatine,166.18
2024-08-26,Colágeno Collagen Skin,122.4
2024-08-26,Colágeno Hidrolisado - Collagen Pro 18g,144.43
2024-08-26,Colágeno Tipo II,53.97
2024-08-26,Complexo B 500mg,31.07
2024-08-26,Creatina,63.67
2024-08-26,Creatina - Creafort (Creapure),927.0
2024-08-26,Creatina 100%,677.88
2024-08-26,Creatina Monohidratada,702.99
2024-08-26,Creatina Monohidratada (Creapure),175.07
2024-08-26,Creatina Monohidratada - Creadop Serie Sport,83.32
2024-08-26,Creatina Monohidratada - Creatine,318.93
2024-08-26,Cúrcuma Plus,154.7
2024-08-26,Enzimas Enzyfor,110.5
2024-08-26,Ferro Quelato + Vitamina C,34.93
2024-08-26,Fresh Whey,1070.08
2024-08-26,Glutamina,260.54
2024-08-26,Glutamina - Glutamax,72.25
2024-08-26,Grassfed Whey Protein,137.25
2024-08-26,Isofort Plant (Life Vegan),91.8
2024-08-26,L-Taurina - 1.000mg,107.95
2024-08-26,Magnésio,41.79
2024-08-26,Magnésio - Inositol Relief 3.0,187.88
2024-08-26,Magnésio Plus - 350mg,55.25
2024-08-26,Magnésio Plus 900mg,73.18
2024-08-26,Matchá - Chá Verde em Pó,63.87
2024-08-26,Melatonina - Sleepfor,147.9
2024-08-26,Multivitaminico  - Imunomult- 1000mg,102.0
2024-08-26,Omegafor Plus,1382.96
2024-08-26,Omegafor Vision,85.38
2024-08-26,Palatinose,85.73
2024-08-26,Pasta de Amendoim,42.5
2024-08-26,Pasta de Amendoim Integral,13.59
2024-08-26,Probiótico - Simcaps,99.03
2024-08-26,Probiótico - Simfort Plus,49.3
2024-08-26,Probióticos em Pó - Simfort,202.3
2024-08-26,Proteína Isolada e Hidrolisada - Body Protein,492.96
2024-08-26,Proteína Vegana - Vegan Tasty,109.74
2024-08-26,Pré-Treino - V Fort Ultra,101.48
2024-08-26,Pré-Treino Turbo,86.73
2024-08-26,Pré-treino Panic Pre Workout,83.35
2024-08-26,Própolis Trio,129.9
2024-08-26,Própolis Verde - Premium 10mg,137.22
2024-08-26,Psyllium,184.89
2024-08-26,Refil Whey 100% Pure,116.56
2024-08-26,Refil Whey Protein Concentrado,332.34
2024-08-26,Resveratrol 500mg,67.35
2024-08-26,Simfort fibras,147.9
2024-08-26,SuperCoffee,456.02
2024-08-26,Suplemento Alimentar  - Hepatofor,63.75
2024-08-26,Suplemento Alimentar - Slim Body 400mg,65.03
2024-08-26,Suplemento para Cabelos e Unhas- Biocolin Hair,146.04
2024-08-26,Suplemento para Imunidade - Immune Up 100%,105.03
2024-08-26,Tasty Whey 3W Gourmet,282.06
2024-08-26,Termogênico - Lipix6,83.3
2024-08-26,True Cúrcuma,216.51
2024-08-26,Ultracoffee - Vegano,227.79
2024-08-26,Vegan Protein,123.41
2024-08-26,Vitamina B12,155.17
2024-08-26,Vitamina D - Vita D3,234.6
2024-08-26,Vitamina D - Vita D3 + C + Zinco,98.6
2024-08-26,Vitamina D3 + K2,115.53
2024-08-26,Whey,1010.95
2024-08-26,Whey Fort 3W,165.75
2024-08-26,Whey Isolado - Garrafinha,48.42
2024-08-26,Whey Protein 100% - Refil,127.5
2024-08-26,Whey Protein Concentrado,938.98
2024-08-26,Whey Protein Concentrado Cappuccino 900g DUX,134.14
2024-08-26,Whey Protein Isolado,1310.8
2024-08-26,Whey Protein Isolado - Isofort,726.75
2024-08-26,Whey Tech 100%,743.04
2024-08-26,Whey Vegetal - Garrafinha,16.14
2024-08-26,Ômega 3 + Coenzima Q10 - Omegavie,69.45
2024-08-26,Ômega 3 - 1360mg,121.92
2024-08-26,Ômega 3 - Omegafor Memory,159.8
2024-08-26,Ômega 3 EPA DHA,897.5
2024-08-26,Ômega 3 Super DHA,107.6
2024-08-26,Ômega 3 Super DHA - BIG N,188.92
2024-08-26,Ômega 3 Super DHA BIG,127.58
2024-08-26,Ômega Golden,133.88
2024-09-02,100% Whey Flavour,92.65
2024-09-02,100% Whey Protein - Flavour,277.95
2024-09-02,100% Whey Pure,240.0
2024-09-02,100% Whey True Protein,195.93
2024-09-02,Achocolatado - Chocoki,63.08
2024-09-02,Aminoácido - Aminovita,87.55
2024-09-02,Aminoácidos - Aminnu EAAs,158.02
2024-09-02,BT Nitrato com cafeína,201.34
2024-09-02,Barrinha de Proteína,69.6
2024-09-02,Barrinha de Proteína Protein Crisp,147.9
2024-09-02,Barrinha de Proteína Whey Grego - Havanna,86.4
2024-09-02,Best Whey,232.64
2024-09-02,Beta Alanina,45.9
2024-09-02,Beta Alanina 100%,41.73
2024-09-02,Beta Alanina Pure,66.3
2024-09-02,Beta Glucana,74.29
2024-09-02,Bio Ferro,37.54
2024-09-02,Bio Vitamina B12 em gotas,37.54
2024-09-02,Bom Ciclo,73.02
2024-09-02,"Boraprim - Borragem, Prímula e Gergelim",170.85
2024-09-02,Cappuccino Proteico,42.49
2024-09-02,Chlorella 400mg,77.97
2024-09-02,Coenzima Q10,77.19
2024-09-02,Coenzima Q10  (200mg p/ porção),807.5
2024-09-02,Coenzima Q10 (200mg p/ porção),93.5
2024-09-02,Coenzima Q10 + Ômega 3 + Vitamina E,255.0
2024-09-02,Coenzima Q10 - (100mg p/ porção),59.5
2024-09-02,Colágeno - Colagentek Protein - Bodybalance,268.74
2024-09-02,Colágeno - Collagen Gut,148.97
2024-09-02,Colágeno - Collagen Protein Hidrolisado,135.54
2024-09-02,Colágeno Hidrolisado - Collagen Pro 18g,288.86
2024-09-02,Colágeno Tipo II - Chondro,107.13
2024-09-02,Creatina,382.5
2024-09-02,Creatina - Creafort (Creapure),1092.0
2024-09-02,Creatina - Creapure,161.12
2024-09-02,Creatina 100%,547.04
2024-09-02,Creatina Micronizada,456.48
2024-09-02,Creatina Monohidratada,882.33
2024-09-02,Creatina Monohidratada (Creapure),161.6
2024-09-02,Creatina Monohidratada -  Crealift (Creapure),245.65
2024-09-02,Creatina Monohidratada - Creadop Serie Sport,83.32
2024-09-02,Creatina Monohidratada - Creatine,1063.1
2024-09-02,Creatina Premium - Creapure,398.72
2024-09-02,Cúrcuma 500mg,84.32
2024-09-02,Cúrcuma Plus,181.05
2024-09-02,Energy Gel,78.37
2024-09-02,Fibra - Fosvita,54.4
2024-09-02,Fresh Vegan,261.56
2024-09-02,Fresh Whey,389.12
2024-09-02,Gel - Endurance,71.4
2024-09-02,Glutamina,317.58
2024-09-02,Glutamina - Glutamax,144.5
2024-09-02,Glutamina - Glutamax Refil,97.75
2024-09-02,Glutamina Isolada,89.48
2024-09-02,Glutamina em Pó,76.94
2024-09-02,Isofort Plant (Life Vegan),91.8
2024-09-02,Magnésio Inositol,158.92
2024-09-02,Melatonina,46.94
2024-09-02,Melatonina Duo Harmony,85.08
2024-09-02,Morning Shot - Imunidade,189.13
2024-09-02,Multivitaminico - Imunomult- 1000mg,67.15
2024-09-02,Neuro Health,153.34
2024-09-02,Omegafor Plus,1209.4
2024-09-02,Palatinose,171.46
2024-09-02,Probiótico - Simfort Plus,295.8
2024-09-02,Proteína Isolada e Hidrolisada - Body Protein,1314.56
2024-09-02,Proteína Vegana - Immuno Veggie,188.5
2024-09-02,Pré-treino Panic Pre Workout,83.35
2024-09-02,Própolis Verde - Premium 10mg,68.61
2024-09-02,Própolis Verde 70,95.91
2024-09-02,Psyllium,61.63
2024-09-02,Refil 100% Whey - Tasty Iso,328.47
2024-09-02,Refil Whey 100% Pure,116.56
2024-09-02,Refil Whey Protein 100%,82.24
2024-09-02,Resveratrol Plus - 165mg,187.0
2024-09-02,Simfort fibras,49.3
2024-09-02,Sleep,101.01
2024-09-02,Super Ômega 3,125.72
2024-09-02,SuperCoffee,675.55
2024-09-02,Suplemento Alimentar  - Hepatofor,191.25
2024-09-02,Suplemento Alimentar - Alpha Mater,316.35
2024-09-02,"Suplemento Alimentar - Cabelo, Pele e Unha - Gomas",61.69
2024-09-02,Suplemento Alimentar - Moreflex,119.0
2024-09-02,Tasty Whey 3W Gourmet,141.03
2024-09-02,Termogênico - Termo Plus,97.75
2024-09-02,Tortinha Proteica,101.73
2024-09-02,True Cúrcuma,72.17
2024-09-02,Ultracoffee - Vegano,75.93
2024-09-02,Vegan Protein,123.41
2024-09-02,Vegan Protein - Vegano,106.05
2024-09-02,Vitamina - Good Mood,118.94
2024-09-02,Vitamina B12,30.44
2024-09-02,Vitamina C - Bio Vit C+,33.27
2024-09-02,Vitamina D - Vita D3,273.7
2024-09-02,Vitamina D - Vita D3 + C + Zinco,49.3
2024-09-02,Vitamina D3 Synergy,134.67
2024-09-02,Whey,772.33
2024-09-02,Whey - Immuno Golden,173.44
2024-09-02,Whey 3W,172.52
2024-09-02,Whey 3W - Delicious,91.0
2024-09-02,Whey Fort 3W,331.5
2024-09-02,Whey Isolado - Iso Triple Zero,344.98
2024-09-02,Whey Protein 100% - Refil,127.5
2024-09-02,Whey Protein 3W,153.17
2024-09-02,Whey Protein Concentrado,2100.75
2024-09-02,Whey Protein Concentrado Cappuccino 900g DUX,268.28
2024-09-02,Whey Protein Crisp - Isocrisp,41.31
2024-09-02,Whey Protein Isolado,1142.95
2024-09-02,Whey Protein Isolado - Isofort,242.25
2024-09-02,Whey Tech 100%,743.04
2024-09-02,Ômega - Mega DHA,410.55
2024-09-02,Ômega 3 - Omegafor Memory,79.9
2024-09-02,Ômega 3 EPA DHA,482.26
2024-09-02,Ômega 3 Super DHA - BIG N,102.07
2024-09-09,100% Whey Protein - Flavour,185.3
2024-09-09,100% Whey Pure,102.0
2024-09-09,100% Whey True Protein,166.54
2024-09-09,Achocolatado,46.74
2024-09-09,Achocolatado - Choco Family - Refil,29.75
2024-09-09,Aminoácido N-acetil L-cisteína (NAC),115.6
2024-09-09,Arginofor -  L-Arginina,86.7
2024-09-09,BT 400,148.04
2024-09-09,Barrinha de Proteina - Protein Crisp Bar,61.23
2024-09-09,Barrinha de Proteína,298.41
2024-09-09,Barrinha de Proteína - Protein Crisp Bar,183.69
2024-09-09,Barrinha de Proteína Best Whey 62g (15g de Proteína),132.5
2024-09-09,Barrinha de Proteína Choco Wheyfer,238.85
2024-09-09,Barrinha de Proteína ChocoWheyfer,83.15
2024-09-09,Barrinha de Proteína Cleanpro Bar,83.39
2024-09-09,Barrinha de Proteína Crunch,99.7
2024-09-09,Barrinha de Proteína Tube,91.7
2024-09-09,Barrinha de Proteína Veganpro Bar,83.39
2024-09-09,Barrinha de Proteína Whey Grego - Havanna,86.4
2024-09-09,Best Whey Iso,387.34
2024-09-09,Beta Alanina 100%,43.35
2024-09-09,Bio Ferro,37.54
2024-09-09,Bio Vitamina B12 em gotas,37.54
2024-09-09,Biotina Plus,39.65
2024-09-09,"Boraprim - Borragem, Prímula e Gergelim",38.25
2024-09-09,Cappuccino Proteico,42.49
2024-09-09,Chá,18.0
2024-09-09,Clorella Orgânica - 200 tabletes,84.04
2024-09-09,Coenzima  Q10 - 100mg,83.33
2024-09-09,Coenzima Q10,564.23
2024-09-09,Coenzima Q10  (200mg p/ porção),161.5
2024-09-09,Coenzima Q10 (200mg p/ porção),93.5
2024-09-09,Coenzima Q10 + Ômega 3 + Vitamina E,127.5
2024-09-09,Coffee - Brainstorm,170.0
2024-09-09,Colágeno - Colagentek,198.9
2024-09-09,Colágeno - Colagentek Protein - Bodybalance,268.74
2024-09-09,Colágeno - Collagen Essential Protein,301.07
2024-09-09,Colágeno - Collagen Protein Hidrolisado,144.34
2024-09-09,Colágeno - Collagen Protein Hidrolisado Berries Silvestres 450g PURAVIDA,145.69
2024-09-09,Colágeno - Collagen Renew Hidrolisado,62.71
2024-09-09,Colágeno Collagen Resilience,153.81
2024-09-09,Colágeno Tipo II,53.97
2024-09-09,Colágeno Tipo II - Chondro,214.26
2024-09-09,Complexo B 500mg,31.07
2024-09-09,Cranberry,40.94
2024-09-09,Creatina,382.5
2024-09-09,Creatina - Creafort (Creapure),927.0
2024-09-09,Creatina 100%,547.04
2024-09-09,Creatina Monohidratada,904.88
2024-09-09,Creatina Monohidratada (Creapure),210.0
2024-09-09,Creatina Monohidratada -  Crealift (Creapure),245.65
2024-09-09,Creatina Monohidratada - Creadop Serie Sport,166.64
2024-09-09,Creatina Monohidratada - Creatine,425.24
2024-09-09,Creatina Monohidratada - Hardcore,88.44
2024-09-09,Creatina Premium - Creapure,199.36
2024-09-09,Cúrcuma Plus,490.2
2024-09-09,Energy Gel,37.41
2024-09-09,Extrato de Laranja Moro 400mg,84.32
2024-09-09,Extrato de Própolis - Propolyz,26.12
2024-09-09,Ferro Quelato + Vitamina C,104.79
2024-09-09,Fibra - Fosvita,108.8
2024-09-09,Fibras - Fiberfor,69.7
2024-09-09,Fresh Vegan,130.78
2024-09-09,Fresh Whey,680.96
2024-09-09,Gel Nitrato,164.1
2024-09-09,Glutamina - Glutamax,216.75
2024-09-09,Grassfed Whey Protein,137.25
2024-09-09,Isofort Plant (Life Vegan),91.8
2024-09-09,L-Taurina - 1.000mg,57.8
2024-09-09,MCT com AGE,49.3
2024-09-09,Maca Peruana,35.79
2024-09-09,Maca Peruana 2000mg,66.43
2024-09-09,Maca Peruana 600mg,67.35
2024-09-09,Magnésio - Bio Trimag,42.78
2024-09-09,Magnésio Plus - 350mg,65.31
2024-09-09,Melatonina,39.05
2024-09-09,Melatonina Duo Harmony,85.08
2024-09-09,Melatonina em Gotas,64.6
2024-09-09,Multivitamínico - Alpha Kids,83.72
2024-09-09,NAC 650mg,50.37
2024-09-09,Omegafor Plus,2788.68
2024-09-09,Palatinose,90.22
2024-09-09,Pasta de Amendoim,53.59
2024-09-09,Pasta de Amendoim Granulado,20.22
2024-09-09,Probiótico - Simcaps,173.4
2024-09-09,Probiótico - Simfort Plus,295.8
2024-09-09,Profem - Óleo de Prímula,84.15
2024-09-09,Proteína Isolada e Hidrolisada - Body Protein,985.92
2024-09-09,Pré-treino - Energyzer & focus,111.93
2024-09-09,Pré-treino - Égide,135.96
2024-09-09,Pré-treino Exquenta,135.99
2024-09-09,Própolis Líquido - Gotas,94.05
2024-09-09,Própolis Verde - Alcoólico,44.5
2024-09-09,Psyllium,223.48
2024-09-09,Refil Whey Concentrado - W100,86.99
2024-09-09,Refil Whey Protein 100%,82.24
2024-09-09,Resveratrol 500mg,67.35
2024-09-09,Shot Matinal,185.07
2024-09-09,Simfort fibras,147.9
2024-09-09,Sleep,454.95
2024-09-09,Spirulina Orgânica - 200 tabletes,78.15
2024-09-09,SuperCoffee,590.03
2024-09-09,Suplemento Alimentar  - Hepatofor,63.75
2024-09-09,Suplemento Alimentar - Alpha Men,116.93
2024-09-09,Suplemento Alimentar - Alpha Women,234.48
2024-09-09,Suplemento Alimentar - Geleia Real - Apireal,36.3
2024-09-09,Suplemento Alimentar - Pura Fiber,195.0
2024-09-09,Suplemento para Cabelos e Unhas- Biocolin Hair,73.02
2024-09-09,Tablete de Doce,27.13
2024-09-09,Tasty Whey 3W Gourmet,141.03
2024-09-09,Trio Magnésio 720mg,50.37
2024-09-09,True Cúrcuma,72.17
2024-09-09,Vitamina - Good Mood,59.47
2024-09-09,Vitamina B12,125.21
2024-09-09,Vitamina C3 - 1000mg,68.0
2024-09-09,Vitamina D - Vita D3,156.4
2024-09-09,Vitamina D - Vita D3 + C + Zinco,180.2
2024-09-09,Vitamina D3 + K2,59.5
2024-09-09,Vitamina D3 + K2 Gotas,52.06
2024-09-09,Vitamina D3 - 2000 Ui,61.88
2024-09-09,Vitamina D3 - Ydrosolv,61.41
2024-09-09,Vitamina K2- Menaquinona,53.17
2024-09-09,Whey,1125.76
2024-09-09,Whey - Isocrisp Pouch,75.65
2024-09-09,Whey 3W - Delicious,168.35
2024-09-09,Whey Fort 3W,331.5
2024-09-09,Whey Isolado,180.55
2024-09-09,Whey Protein Concentrado,1233.01
2024-09-09,Whey Protein Crisp - Isocrisp,41.31
2024-09-09,Whey Protein Isolado,2300.05
2024-09-09,Whey Tech 100%,763.68
2024-09-09,Zinco,43.51
2024-09-09,Óleo de Prímula - 500mg,29.33
2024-09-09,Ômega -  Mega DHA,83.0
2024-09-09,Ômega - Mega DHA,957.95
2024-09-09,Ômega 3 EPA DHA,375.34
2024-09-09,Ômega 3 Pulse,228.26
2024-09-09,Ômega 3 Super DHA,88.66
2024-09-09,Ômega 3 Super DHA - BIG N,408.28
2024-09-09,Ômega 3 Super DHA BIG,382.74
2024-09-16,100% Whey Crush Concentrada,126.65
2024-09-16,100% Whey Protein - Flavour,741.2
2024-09-16,100% Whey Pure,714.0
2024-09-16,Aminoácido - Aminovita,87.55
2024-09-16,Aminoácido - BCAA 2:1:1,21.35
2024-09-16,Aminoácido N-acetil L-cisteína (NAC),57.8
2024-09-16,Aminoácidos - Aminnu EAAs,158.02
2024-09-16,Antioxidante - Astaxantina,138.03
2024-09-16,BT 400,148.04
2024-09-16,BT Nitrato 400,318.3
2024-09-16,BT Nitrato com cafeína,100.67
2024-09-16,Barra Chocolate 70%,24.65
2024-09-16,Barrinha de Proteína,432.11
2024-09-16,Barrinha de Proteína - Protein Crisp Bar,122.46
2024-09-16,Barrinha de Proteína Choco Wheyfer,27.72
2024-09-16,Barrinha de Proteína Crunch,49.85
2024-09-16,Barrinha de Proteína Thin,91.7
2024-09-16,Beta Alanina,321.3
2024-09-16,Bio Cálcio  60 caps PURAVIDA,57.72
2024-09-16,Bio Ferro,37.54
2024-09-16,Bio Vitamina B12 em gotas,37.54
2024-09-16,Bio Zinco,25.62
2024-09-16,Biotina Plus,39.65
2024-09-16,Bom Ciclo,73.02
2024-09-16,"Boraprim - Borragem, Prímula e Gergelim",198.9
2024-09-16,Cafeína,33.2
2024-09-16,Chá - Spicy Fennel,51.02
2024-09-16,Chá Vitatea,43.35
2024-09-16,Clorella Orgânica - 200 tabletes,84.04
2024-09-16,Coenzima Q10,150.9
2024-09-16,Coenzima Q10 (200mg p/ porção),59.5
2024-09-16,Coenzima Q10 + Ômega 3 + Vitamina E,127.5
2024-09-16,Colosfort,193.8
2024-09-16,Colágeno - Colagentek,132.6
2024-09-16,Colágeno - Collagen Essential Protein,150.54
2024-09-16,Colágeno - Collagen Renew Hidrolisado,62.71
2024-09-16,Colágeno Hidrolisado - Collagen Pro 18g,144.43
2024-09-16,Creatina,201.46
2024-09-16,Creatina - Creafort (Creapure),165.0
2024-09-16,Creatina - Creapure,123.34
2024-09-16,Creatina 100%,249.72
2024-09-16,Creatina 100% Pure,107.04
2024-09-16,Creatina Monohidratada,594.93
2024-09-16,Creatina Monohidratada - Creatine,1084.32
2024-09-16,Creatina Monohidratada - Hardcore,265.32
2024-09-16,Cúrcuma Plus,181.05
2024-09-16,Energy Gel,560.02
2024-09-16,Enzima Lactase - Laczyme,49.3
2024-09-16,Ferro Quelato + Vitamina C,34.93
2024-09-16,Fibra - Fosvita,76.5
2024-09-16,Fresh Whey,680.96
2024-09-16,Glutamina,57.04
2024-09-16,Glutamina - Glutamax Refil,97.75
2024-09-16,Glutamina em Pó,50.5
2024-09-16,Grassfed Whey Protein,137.25
2024-09-16,Hipercalórico - Monsterone,92.59
2024-09-16,Isofort Plant (Life Vegan),91.8
2024-09-16,L-Taurina - 1.000mg,57.8
2024-09-16,Maca Peruana,71.58
2024-09-16,Magnésio - Bio Trimag,85.56
2024-09-16,Magnésio - Inositol Relief 3.0,159.7
2024-09-16,Magnésio Plus - 350mg,130.62
2024-09-16,Magnésio Plus 900mg,73.18
2024-09-16,Magnésio Quelato - Bio Mag,114.28
2024-09-16,Magnésio de Malato,21.34
2024-09-16,Melatonina,78.1
2024-09-16,Melatonina - Sleepfor,49.3
2024-09-16,Melatonina - Ydrosolv,65.71
2024-09-16,Morning Shot - Imunidade,87.21
2024-09-16,Omegafor Plus,1385.28
2024-09-16,Palatinose,93.26
2024-09-16,Probiótico - Simcaps,41.23
2024-09-16,Probiótico - Simfort Plus,98.6
2024-09-16,Profem - Óleo de Prímula,84.15
2024-09-16,Proteína Isolada e Hidrolisada - Body Protein,985.92
2024-09-16,Pré-Treino - V Fort Ultra,202.96
2024-09-16,Pré-treino - Energyzer & focus,285.42
2024-09-16,Pré-treino Panic Pre Workout,166.7
2024-09-16,Própolis Alcoólico,23.29
2024-09-16,Própolis Verde - Alcoólico,89.0
2024-09-16,Própolis Verde - Premium 10mg,68.61
2024-09-16,Psyllium,246.52
2024-09-16,Quercetina 300mg,63.68
2024-09-16,Refil Whey Concentrado Havanna - W100,96.49
2024-09-16,Refil Whey Protein Concentrado,332.34
2024-09-16,Resveratrol Plus - 165mg,187.0
2024-09-16,Shot Matinal,61.69
2024-09-16,Sleep,303.3
2024-09-16,Super Ômega 3,612.2
2024-09-16,SuperCoffee,462.9
2024-09-16,Suplemento - Hyaluronic Hair,66.73
2024-09-16,Suplemento Alimentar - Alpha Women,117.24
2024-09-16,"Suplemento Alimentar - Cabelo, Pele e Unha - Gomas",65.12
2024-09-16,Suplemento Alimentar - GUARDIAN®,162.27
2024-09-16,Suplemento Alimentar - True Nac,49.15
2024-09-16,Suplemento para Cabelos e Unhas- Biocolin Hair,73.02
2024-09-16,Termogênico - Lipix6,166.6
2024-09-16,Tortinha Proteica,33.92
2024-09-16,True Cúrcuma,72.17
2024-09-16,Ultracoffee - Vegano,390.34
2024-09-16,Vitamina - Good Mood,118.94
2024-09-16,Vitamina B12,131.84
2024-09-16,Vitamina C - Cristais Quali C,49.42
2024-09-16,Vitamina D - Vita D3,117.3
2024-09-16,Vitamina D - Vita D3 + C + Zinco,49.3
2024-09-16,Vitamina D3 + K2,227.59
2024-09-16,Vitamina D3 - Ydrosolv,61.41
2024-09-16,Whey,490.89
2024-09-16,Whey 3W - Delicious,77.35
2024-09-16,Whey Fort 3W,331.5
2024-09-16,Whey Isolado - Iso Triple Zero,344.98
2024-09-16,Whey Protein Concentrado,679.68
2024-09-16,Whey Protein Isolado,784.88
2024-09-16,Whey Protein Isolado - Isofort,1211.25
2024-09-16,Whey Protein Isolado Muscle Guard,89.2
2024-09-16,Whey Tech 100%,701.76
2024-09-16,Óleo de Prímula - 500mg,29.33
2024-09-16,Ômega - Mega DHA,273.7
2024-09-16,Ômega 3 - 1360mg,121.92
2024-09-16,Ômega 3 EPA DHA,807.24
2024-09-16,Ômega 3 Pulse,114.13
2024-09-16,Ômega 3 Super DHA,177.32
2024-09-16,Ômega 3 Super DHA - BIG N,306.21
2024-09-16,Ômega 3 Super EPA,161.36
2024-09-16,Ômega Ultra - 1000mg,169.84
2024-09-23,#Whey Fort 3W,165.75
2024-09-23,100% Whey Flavour,92.65
2024-09-23,100% Whey Protein - Flavour,185.3
2024-09-23,100% Whey Pure,816.0
2024-09-23,100% Whey True Protein,333.08
2024-09-23,Aminoácidos - Aminnu EAAs,158.02
2024-09-23,BT Nitrato,131.07
2024-09-23,BT Nitrato 400,224.68
2024-09-23,Barrinha de Proteína,268.6
2024-09-23,Barrinha de Proteína - Protein Crisp Bar,122.46
2024-09-23,Barrinha de Proteína Cleanpro Bar,83.39
2024-09-23,Barrinha de Proteína Protein Crisp,73.95
2024-09-23,Barrinha de Proteína Veganpro Bar,83.39
2024-09-23,Beta Alanina Pure,66.3
2024-09-23,Bio Zinco,51.24
2024-09-23,Biotina Plus,39.65
2024-09-23,Bom Ciclo,73.02
2024-09-23,"Boraprim - Borragem, Prímula e Gergelim",66.3
2024-09-23,Chlorella 530mg,77.97
2024-09-23,Coenzima  Q10 - 100mg,84.15
2024-09-23,Coenzima Q10,303.25
2024-09-23,Coenzima Q10  (200mg p/ porção),161.5
2024-09-23,Coenzima Q10 (200mg p/ porção),212.5
2024-09-23,Coenzima Q10 + Ômega 3 + Vitamina E,255.0
2024-09-23,Coenzima Q10 - 100mg,95.55
2024-09-23,Coffee - Brainstorm,85.0
2024-09-23,Colágeno - Colagentek,66.3
2024-09-23,Colágeno - Colagentek Protein - Bodybalance,134.37
2024-09-23,Colágeno - Collagen Essential Protein,451.62
2024-09-23,Colágeno - Collagen Gut,297.94
2024-09-23,Colágeno - Collagen Renew Hidrolisado,68.37
2024-09-23,Colágeno - Collagen Tipo II 40mg,220.03
2024-09-23,Colágeno Hidrolisado - Collagen Pro 18g,433.29
2024-09-23,Colágeno Skin e Body,53.77
2024-09-23,Complexo B 500mg,62.14
2024-09-23,Creatina,402.92
2024-09-23,Creatina - Creafort (Creapure),990.0
2024-09-23,Creatina - Creapure,322.24
2024-09-23,Creatina 100%,214.08
2024-09-23,Creatina Monohidratada,873.9
2024-09-23,Creatina Monohidratada - Creatine,271.08
2024-09-23,Creatina Monohidratada - Hardcore,353.76
2024-09-23,Cúrcuma Plus,60.35
2024-09-23,Energy Gel,119.18
2024-09-23,Enzima Lactase - Laczyme,49.3
2024-09-23,Ferro Quelato + Vitamina C,34.93
2024-09-23,Fresh Vegan,130.78
2024-09-23,Fresh Whey,680.96
2024-09-23,Gel Nitrato,34.95
2024-09-23,Glutamina,57.04
2024-09-23,Glutamina - Glutamax Refil,97.75
2024-09-23,Glutamina Isolada,44.74
2024-09-23,Glutamina em Pó,101.0
2024-09-23,Grassfed Whey Protein,137.25
2024-09-23,Magnésio,45.9
2024-09-23,Magnésio - Bio Trimag,256.68
2024-09-23,Magnésio - Inositol Relief 3.0,479.1
2024-09-23,Magnésio Plus - 350mg,130.62
2024-09-23,Magnésio Plus 900mg,73.18
2024-09-23,Melatonina,46.94
2024-09-23,Melatonina Duo,44.51
2024-09-23,Melatonina em Gotas,32.3
2024-09-23,Morning Shot - Imunidade,276.34
2024-09-23,Multivitaminico  - Imunomult- 1000mg,408.0
2024-09-23,Multivitamínico - Vitalift,121.98
2024-09-23,Neuro Health,153.34
2024-09-23,Omegafor Plus,1374.68
2024-09-23,Palatinose,183.48
2024-09-23,Pasta de Amendoim,160.77
2024-09-23,Probiótico - Simfort Plus,49.3
2024-09-23,Probióticos em Pó - Simfort,216.85
2024-09-23,Proteína Isolada e Hidrolisada - Body Protein,985.92
2024-09-23,Própolis Verde - Premium 10mg,137.22
2024-09-23,Psyllium,38.59
2024-09-23,Refil Whey 100% Pure,116.56
2024-09-23,Repositor Energético - D Ribose,75.65
2024-09-23,Resveratrol Plus - 165mg,93.5
2024-09-23,Spirulina 500mg,83.85
2024-09-23,Super Ômega 3,737.92
2024-09-23,SuperCoffee,231.45
2024-09-23,Suplemento Alimentar  - Hepatofor,255.0
2024-09-23,Suplemento Alimentar - Alpha Metabolicus,127.05
2024-09-23,Suplemento Alimentar - Immune +,141.58
2024-09-23,Suplemento Vitamínico - ZMA,47.61
2024-09-23,Suplemento para Imunidade - Immune Up 100%,105.03
2024-09-23,Ultracoffee - Vegano,238.48
2024-09-23,Vegan Protein - Vegano,106.05
2024-09-23,Vegan Ômega 3 DHA,112.18
2024-09-23,Vitamina B12,89.94
2024-09-23,Vitamina B12 - Vitadop,30.29
2024-09-23,Vitamina C - Bio Vit C+,66.54
2024-09-23,Vitamina D - Vita D3,156.4
2024-09-23,Vitamina D - Vita D3 + C + Zinco,130.9
2024-09-23,Vitamina D3 + K2,59.5
2024-09-23,Vitamina D3 Synergy,89.78
2024-09-23,Whey,490.89
2024-09-23,Whey - Isocrisp Pouch,75.65
2024-09-23,Whey Fort 3W,165.75
2024-09-23,Whey Isolado,180.55
2024-09-23,Whey Protein 100% - Refil,127.5
2024-09-23,Whey Protein 100% Gold,198.98
2024-09-23,Whey Protein Concentrado,339.84
2024-09-23,Whey Protein Isolado,1672.42
2024-09-23,Whey Protein Isolado - Isofort,1211.25
2024-09-23,Whey Tech 100%,935.68
2024-09-23,Whey hidrolisado e isolado,231.99
2024-09-23,Wheydop X,226.4
2024-09-23,Óleo de Krill,162.56
2024-09-23,Óleo de Krill  - Ômega 3 EPA DHA,86.7
2024-09-23,Ômega - Mega DHA,410.55
2024-09-23,Ômega 3 - 1360mg,121.92
2024-09-23,Ômega 3 - Omegafor Memory,79.9
2024-09-23,Ômega 3 EPA DHA,1079.64
2024-09-23,Ômega 3 Pulse,114.13
2024-09-23,Ômega 3 Super DHA,88.66
2024-09-23,Ômega 3 Super DHA - BIG N,408.28
2024-09-23,Ômega 3 Super DHA BIG,106.25
2024-09-30,100% Whey Crush Concentrada,379.95
2024-09-30,100% Whey Flavour,92.65
2024-09-30,100% Whey Pure,510.0
2024-09-30,100% Whey True Protein,166.54
2024-09-30,Achocolatado - Choco Family - Refil,29.75
2024-09-30,Aminoácido - BCAA Fort,102.34
2024-09-30,Aminoácido N-acetil L-cisteína (NAC),150.46
2024-09-30,Aminoácidos - Aminolift,147.26
2024-09-30,BT Nitrato 400,212.2
2024-09-30,Barrinha CHOKLERS CRISP - 12g,71.4
2024-09-30,Barrinha de Proteína,47.57
2024-09-30,Barrinha de Proteína - Protein Crisp Bar,61.23
2024-09-30,Best Whey,232.65
2024-09-30,Beta Alanina,161.5
2024-09-30,Bio Vitamina B12 em gotas,75.08
2024-09-30,"Boraprim - Borragem, Prímula e Gergelim",38.25
2024-09-30,Cappuccino Proteico,42.49
2024-09-30,Chlorella 530mg,77.97
2024-09-30,Coenzima Q10,113.9
2024-09-30,Coenzima Q10  (200mg p/ porção),161.5
2024-09-30,Coenzima Q10 (200mg p/ porção),93.5
2024-09-30,Coenzima Q10 + Ômega 3 + Vitamina E,255.0
2024-09-30,Coenzima Q10 - (100mg p/ porção),59.5
2024-09-30,Colosfort,193.8
2024-09-30,Colágeno - Colagentek,66.3
2024-09-30,Colágeno - Colagentek Protein - Bodybalance,537.48
2024-09-30,Colágeno - Collagen Essential Protein,301.08
2024-09-30,Colágeno - Collagen Gut,297.94
2024-09-30,Colágeno - Collagen Renew Hidrolisado,136.74
2024-09-30,Colágeno Hidrolisado - Collagen Pro 18g,144.43
2024-09-30,Colágeno Skin e Body,53.77
2024-09-30,Combo com 4 Sachês SuperCoffee,27.37
2024-09-30,Creatina,510.0
2024-09-30,Creatina - Creafort (Creapure),495.0
2024-09-30,Creatina 100%,511.4
2024-09-30,Creatina 100% Pure,107.04
2024-09-30,Creatina Monohidratada,1500.6
2024-09-30,Creatina Monohidratada - Creadop Serie Sport,166.64
2024-09-30,Creatina Monohidratada - Creatine,903.6
2024-09-30,Creatina Monohidratada - Hardcore,265.32
2024-09-30,Creatina Premium - Creapure,199.36
2024-09-30,Cromo Picolinato - 250mg,24.52
2024-09-30,Cúrcuma 500mg,168.64
2024-09-30,Cúrcuma Plus,145.75
2024-09-30,Feno Grego + Boro 500mg,78.67
2024-09-30,Ferro - Ydrosolv,79.6
2024-09-30,Ferro Quelato + Vitamina C,69.86
2024-09-30,Fibras - Fiberfor,69.7
2024-09-30,Fresh Whey,194.56
2024-09-30,Glutamina,114.08
2024-09-30,Glutamina em Pó,288.49
2024-09-30,Granola,35.82
2024-09-30,Maca Peruana 2000mg,66.43
2024-09-30,Magnésio - Bio Trimag,85.56
2024-09-30,Magnésio - Inositol Relief 3.0,159.7
2024-09-30,Magnésio Inositol,317.84
2024-09-30,Magnésio Plus - 350mg,130.62
2024-09-30,Magnésio Plus 900mg,73.18
2024-09-30,Melatonina Duo,44.51
2024-09-30,Melatonina Fast,46.21
2024-09-30,Morning Shot - Imunidade,87.21
2024-09-30,Multivitaminico  - Imunomult- 1000mg,102.0
2024-09-30,Omegafor Plus,1780.68
2024-09-30,Palatinose,138.37
2024-09-30,Pasta de Amendoim,27.12
2024-09-30,Pasta de Amendoim Granulado,20.22
2024-09-30,Prebiótico,124.24
2024-09-30,Probiótico - Simfort Plus,185.3
2024-09-30,Probióticos em Pó - Simfort,85.95
2024-09-30,Proteína Isolada e Hidrolisada - Body Protein,657.28
2024-09-30,Proteína Isolada e Hidrolisada - Body Protein Red,492.96
2024-09-30,Proteína Vegana - Vegan Tasty,219.48
2024-09-30,Pré-Treino - V Fort Ultra,101.48
2024-09-30,Pré-treino Exquenta,152.99
2024-09-30,Própolis Alcoólico,23.29
2024-09-30,Própolis Verde,156.49
2024-09-30,Própolis Verde - Alcoólico,44.5
2024-09-30,Própolis Verde - Premium 10mg,137.22
2024-09-30,Própolis Verde - Propomax,23.08
2024-09-30,Própolis Verde 70,31.97
2024-09-30,Psyllium,184.89
2024-09-30,Refil Whey 100% Pure,116.56
2024-09-30,Refil Whey Concentrado - W100,86.99
2024-09-30,Refil Whey Concentrado Havanna - W100,96.49
2024-09-30,Resveratrol Plus - 165mg,187.0
2024-09-30,Sleep,151.65
2024-09-30,Super Ômega 3,180.38
2024-09-30,SuperCoffee,283.96
2024-09-30,Suplemento Alimentar  - Hepatofor,127.5
2024-09-30,Suplemento Alimentar - GUARDIAN®,324.54
2024-09-30,Suplemento Alimentar - Slim Body 400mg,65.03
2024-09-30,Suplemento alimentar de Ômega 3 - DHA OX,138.72
2024-09-30,Suplemento para Cabelos e Unhas- Biocolin Hair,146.04
2024-09-30,Termogênico - Termo Plus,195.5
2024-09-30,Trio Magnésio 720mg,50.37
2024-09-30,True Cúrcuma,144.34
2024-09-30,Vitamina - Good Mood,59.47
2024-09-30,Vitamina B12,313.73
2024-09-30,Vitamina C - Bio Vit C+,33.27
2024-09-30,Vitamina D - Vita D3,273.7
2024-09-30,Vitamina D - Vita D3 + C + Zinco,81.6
2024-09-30,Vitamina D3,33.89
2024-09-30,Vitamina D3 + K2,227.59
2024-09-30,Vitamina D3 + K2 Gotas,52.06
2024-09-30,Vitamina D3 - 2000 Ui,30.94
2024-09-30,Vitamina D3 Synergy,89.78
2024-09-30,Vitamina E,26.85
2024-09-30,Whey,640.14
2024-09-30,Whey 100% - Proteína Concentrada,124.77
2024-09-30,Whey 3W - Delicious,77.35
2024-09-30,Whey Fort 3W,663.0
2024-09-30,Whey Protein Concentrado,1869.12
2024-09-30,Whey Protein Isolado,685.77
2024-09-30,Whey Protein Isolado - Isofort,242.25
2024-09-30,Whey Tech 100%,1403.52
2024-09-30,Whey hidrolisado e isolado,463.98
2024-09-30,Ômega -  Mega DHA,83.0
2024-09-30,Ômega - Mega DHA,136.85
2024-09-30,Ômega 3 - 1360mg,121.92
2024-09-30,Ômega 3 - EPA DHA - 1000mg,249.31
2024-09-30,Ômega 3 - Omegafor Memory,79.9
2024-09-30,Ômega 3 EPA DHA,1279.11
2024-09-30,Ômega 3 Pulse,228.88
2024-09-30,Ômega 3 Super DHA - BIG N,102.07
2024-10-07,100% Whey Crush Concentrada,253.3
2024-10-07,100% Whey Flavour,92.65
2024-10-07,100% Whey Pure,816.0
2024-10-07,100% Whey True Protein,166.54
2024-10-07,Aminoácido - Aminovita,120.7
2024-10-07,Aminoácido N-acetil L-cisteína (NAC),116.46
2024-10-07,BT 400,296.08
2024-10-07,BT Nitrato 400,650.47
2024-10-07,BT Nitrato com cafeína,302.01
2024-10-07,Barrinha de Proteína,921.16
2024-10-07,Barrinha de Proteína - Protein Crisp Bar,122.46
2024-10-07,Barrinha de Proteína Best Whey 49g (12g de Proteína),99.44
2024-10-07,Barrinha de Proteína Protein Crisp,145.95
2024-10-07,Barrinha de Proteína Thin,183.4
2024-10-07,Barrinha de Proteína Whey Grego - Havanna,86.4
2024-10-07,Beef Protein,163.63
2024-10-07,Beta Alanina,45.9
2024-10-07,Beta Alanina 100%,86.7
2024-10-07,Beta Alanina Pure,66.3
2024-10-07,Bio Cálcio  60 caps PURAVIDA,115.44
2024-10-07,Bio Ferro,37.54
2024-10-07,Bio Vitamina B12 em gotas,150.16
2024-10-07,Bio Zinco,76.86
2024-10-07,Cafeína,33.2
2024-10-07,Cappuccino Proteico,42.49
2024-10-07,Chlorella 400mg,77.97
2024-10-07,Clorella Orgânica - 600 tabletes,192.0
2024-10-07,Coenzima Q10,77.19
2024-10-07,Coenzima Q10 (200mg p/ porção),187.0
2024-10-07,Coenzima Q10 + Ômega 3 + Vitamina E,231.75
2024-10-07,Coenzima Q10 - (100mg p/ porção),59.5
2024-10-07,Colágeno - Colagentek,198.9
2024-10-07,Colágeno - Colagentek Protein - Bodybalance,268.74
2024-10-07,Colágeno - Collagen Essential Protein,301.08
2024-10-07,Colágeno Hidrolisado,44.34
2024-10-07,Colágeno Hidrolisado - Collagen Pro 18g,144.43
2024-10-07,Colágeno Skin e Body,53.77
2024-10-07,Colágeno Tipo II,53.97
2024-10-07,Combo com 4 Sachês SuperCoffee,27.37
2024-10-07,Complexo B 500mg,31.07
2024-10-07,Creatina,718.43
2024-10-07,Creatina - Creafort (Creapure),660.0
2024-10-07,Creatina 100%,95.2
2024-10-07,Creatina 100% Pure,107.04
2024-10-07,Creatina Monohidratada,774.72
2024-10-07,Creatina Monohidratada (Creapure),340.1
2024-10-07,Creatina Monohidratada - Creadop Serie Sport,83.32
2024-10-07,Creatina Monohidratada - Creatine,722.88
2024-10-07,Creatina Monohidratada - Hardcore,88.44
2024-10-07,Cálcio de Algas 1000mg,47.54
2024-10-07,Cúrcuma 500mg,84.32
2024-10-07,Cúrcuma Plus,241.4
2024-10-07,Energy Gel,143.57
2024-10-07,Enzima Lactase - Laczyme,49.3
2024-10-07,Ferro - Ydrosolv,159.2
2024-10-07,Fresh Whey,486.4
2024-10-07,Gel Neutro Fresh com Cafeína,27.98
2024-10-07,Gel Nitrato,25.83
2024-10-07,Glutamina,165.83
2024-10-07,Glutamina - Glutamax Refil,97.75
2024-10-07,Glutamina em Pó,324.48
2024-10-07,Granola,19.35
2024-10-07,Granola Australia - Low Carb,92.77
2024-10-07,Grassfed Whey Protein,223.95
2024-10-07,Hipercalórico - Monsterone,92.59
2024-10-07,L-Taurina - 1.000mg,28.9
2024-10-07,Maca Peruana,35.79
2024-10-07,Maca Peruana 2000mg,66.43
2024-10-07,Magnésio,41.79
2024-10-07,Magnésio - 3MAG - Pool de Magnésio,61.97
2024-10-07,Magnésio - Bio Trimag,171.12
2024-10-07,Magnésio - Inositol Relief 3.0,479.1
2024-10-07,Magnésio Plus - 350mg,130.62
2024-10-07,Magnésio Plus 900mg,73.18
2024-10-07,Melatonina Duo Harmony,85.09
2024-10-07,Morning Shot - Imunidade,261.63
2024-10-07,Multivitaminico  - Imunomult- 1000mg,102.0
2024-10-07,Omegafor Plus,2580.56
2024-10-07,Palatinose,48.15
2024-10-07,Pasta de Castanha de Caju,29.75
2024-10-07,Probiótico - Simfort Plus,173.4
2024-10-07,Probióticos em Pó - Simfort,130.9
2024-10-07,Profem - Óleo de Prímula,84.15
2024-10-07,Proteína Isolada e Hidrolisada - Body Protein,657.28
2024-10-07,Proteína Isolada e Hidrolisada - Body Protein Red,328.64
2024-10-07,Proteína Vegana - One Nutrition,139.64
2024-10-07,Pré-Treino - V Fort Ultra,101.48
2024-10-07,Pré-Treino Turbo,86.73
2024-10-07,Própolis Líquido - Gotas,62.7
2024-10-07,Própolis Verde - Alcoólico,22.25
2024-10-07,Própolis Verde - Propomax,23.08
2024-10-07,Psyllium,123.26
2024-10-07,Refil 100% Whey - Tasty Iso,328.47
2024-10-07,Refil Whey Concentrado Havanna - W100,192.98
2024-10-07,Resveratrol Plus - 165mg,187.0
2024-10-07,Shot Matinal,61.69
2024-10-07,Spirulina Orgânica - 200 tabletes,78.15
2024-10-07,Super Ômega 3,792.58
2024-10-07,SuperCoffee,567.92
2024-10-07,Suplemento Alimentar  - Hepatofor,127.5
2024-10-07,Suplemento Alimentar - GUARDIAN®,162.27
2024-10-07,Suplemento Alimentar - Moreflex,119.0
2024-10-07,Suplemento Alimentar - True Nac,49.15
2024-10-07,Tasty Whey 3W Gourmet,282.06
2024-10-07,Tortinha Proteica,51.34
2024-10-07,Trio Magnésio 720mg,106.34
2024-10-07,Ultracoffee - Vegano,151.86
2024-10-07,Vegan Ômega 3 DHA,112.18
2024-10-07,Vitamina - Good Mood,59.47
2024-10-07,Vitamina B12,95.46
2024-10-07,Vitamina B9 - Ácido Fólico,61.52
2024-10-07,Vitamina C + Zinco - Gomas,47.19
2024-10-07,Vitamina C - VIT C 4 Protect,119.0
2024-10-07,Vitamina D - Vita D3,117.3
2024-10-07,Vitamina D - Vita D3 + C + Zinco,246.5
2024-10-07,Vitamina D3,72.18
2024-10-07,Vitamina D3 + K2 Gotas,107.43
2024-10-07,Vitamina D3 - Ydrosolv,61.41
2024-10-07,Vitamina D3 Synergy,59.5
2024-10-07,Whey,712.14
2024-10-07,Whey - Isocrisp Pouch,75.65
2024-10-07,Whey 100% Gold Standard,224.25
2024-10-07,Whey 3W - Delicious,309.4
2024-10-07,Whey Fort 3W,967.5
2024-10-07,Whey Isolado - Iso Triple Zero,689.96
2024-10-07,Whey Protein 100% Gold,178.4
2024-10-07,Whey Protein Concentrado,679.68
2024-10-07,Whey Protein Isolado,914.36
2024-10-07,Whey Protein Isolado - Isofort,969.0
2024-10-07,Whey Tech 100%,1052.64
2024-10-07,Whey Vegetal - Garrafinha,18.99
2024-10-07,Whey hidrolisado e isolado,231.99
2024-10-07,Whey hidrolisado e isolado Creme Broule 837g TRUE SOURCE,231.99
2024-10-07,Ômega - Mega DHA,273.7
2024-10-07,Ômega 3 - EPA DHA - 1000mg,71.45
2024-10-07,Ômega 3 - Omegafor Memory,159.8
2024-10-07,Ômega 3 DHA,121.11
2024-10-07,Ômega 3 EPA DHA,1333.07
2024-10-07,Ômega 3 Pulse,342.39
2024-10-07,Ômega 3 Super DHA,88.66
2024-10-07,Ômega 3 Super DHA - BIG N,173.7
2024-10-14,100% Whey Pure,306.0
2024-10-14,Achocolatado - Choco Family - Refil,29.75
2024-10-14,Achocolatado - Chocoki,63.08
2024-10-14,Aminoácido - Aminovita,416.5
2024-10-14,Aminoácido N-acetil L-cisteína (NAC),174.69
2024-10-14,BT Nitrato,100.61
2024-10-14,Barra Chocolate 40%,24.65
2024-10-14,Barrinha de Proteína,562.04
2024-10-14,Barrinha de Proteína Cleanpro Bar,83.39
2024-10-14,Barrinha de Proteína Protein Crisp,155.37
2024-10-14,Barrinha de Proteína Thin,197.88
2024-10-14,Barrinha de Proteína Whey Grego - Havanna,83.44
2024-10-14,Beef Protein,805.8
2024-10-14,Beta Alanina,91.8
2024-10-14,Beta Alanina Pure,66.3
2024-10-14,Beta Glucana,74.29
2024-10-14,Bio Ferro,150.16
2024-10-14,Bio Vitamina B12 em gotas,112.62
2024-10-14,Bio Zinco,25.62
2024-10-14,Blend de Chá - Calmante,24.85
2024-10-14,Blend de Chá - Detox,21.56
2024-10-14,Bom Ciclo,146.04
2024-10-14,"Boraprim - Borragem, Prímula e Gergelim",104.55
2024-10-14,Cafeína,39.31
2024-10-14,Cappuccino Proteico,84.98
2024-10-14,Chlorella 530mg,77.97
2024-10-14,Coenzima Q10,405.12
2024-10-14,Coenzima Q10  (200mg p/ porção),323.0
2024-10-14,Coenzima Q10 (200mg p/ porção),280.5
2024-10-14,Coenzima Q10 + Ômega 3 + Vitamina E,382.5
2024-10-14,Coenzima Q10 - 200mg,129.97
2024-10-14,Coffee - Brainstorm,85.0
2024-10-14,Colágeno - Colagentek,198.9
2024-10-14,Colágeno - Colagentek Protein - Bodybalance,403.11
2024-10-14,Colágeno - Collagen Bones,147.26
2024-10-14,Colágeno - Collagen Essential Protein,150.54
2024-10-14,Colágeno - Collagen Gut,148.97
2024-10-14,Colágeno - Collagen Pro - Body Suport,163.98
2024-10-14,Colágeno - Collagen Protein Hidrolisado,273.22
2024-10-14,Colágeno - Collagen Renew Hidrolisado,199.45
2024-10-14,Colágeno - Collagen Tipo II 40mg,67.94
2024-10-14,Colágeno Hidrolisado,44.34
2024-10-14,Colágeno Hidrolisado - Collagen Pro 18g,445.71
2024-10-14,Complexo B 500mg,31.07
2024-10-14,Creatina,573.51
2024-10-14,Creatina - Creafort (Creapure),1320.0
2024-10-14,Creatina 100%,321.24
2024-10-14,Creatina 100% Pure,107.04
2024-10-14,Creatina Monohidratada,725.85
2024-10-14,Creatina Monohidratada (Creapure),323.2
2024-10-14,Creatina Monohidratada - Creadop Serie Sport,83.32
2024-10-14,Creatina Monohidratada - Creatine,861.08
2024-10-14,Creatina Monohidratada - Hardcore,88.44
2024-10-14,Creatina Premium - Creapure,398.72
2024-10-14,Cúrcuma Plus,223.75
2024-10-14,Energy Gel,285.33
2024-10-14,Extrato de Laranja Moro 400mg,84.32
2024-10-14,Feno Grego + Boro 500mg,83.04
2024-10-14,Ferro,18.18
2024-10-14,Ferro - Ydrosolv,318.4
2024-10-14,Ferro Quelato + Vitamina C,77.6
2024-10-14,Fresh Whey,194.56
2024-10-14,Glutamina,336.95
2024-10-14,Glutamina - Glutamax,72.25
2024-10-14,Glutamina - Glutamax Refil,97.75
2024-10-14,Glutamina em Pó,101.0
2024-10-14,Granola Australia - Low Carb,32.09
2024-10-14,L-Carnitina 530mg,153.0
2024-10-14,Maca Peruana 2000mg,66.43
2024-10-14,Magnésio - Bio Trimag,61.5
2024-10-14,Magnésio - Inositol Relief 3.0,159.7
2024-10-14,Magnésio Inositol,158.92
2024-10-14,Magnésio Quelato - Bio Mag,53.46
2024-10-14,Melatonina - Sleepfor,49.3
2024-10-14,Morning Shot - Imunidade,291.05
2024-10-14,Multivitaminico  - Imunomult- 1000mg,102.0
2024-10-14,Multivitaminico - Imunomult- 1000mg,143.97
2024-10-14,Omegafor Plus,855.84
2024-10-14,Palatinose,90.22
2024-10-14,Palatinose 100% - Carbolift,70.03
2024-10-14,Pasta de Amendoim Granulado,20.22
2024-10-14,Pasta de Amendoim Integral,15.99
2024-10-14,Probiótico - Simcaps,41.23
2024-10-14,Probiótico - Simfort Plus,86.7
2024-10-14,Probióticos em Pó - Simfort,85.95
2024-10-14,Proteína Isolada e Hidrolisada - Body Protein,657.28
2024-10-14,Proteína Vegana - Immuno Veggie,188.5
2024-10-14,Proteína Vegana - One Nutrition,139.64
2024-10-14,Própolis Líquido - Gotas,31.35
2024-10-14,Psyllium,61.63
2024-10-14,Refil Whey Concentrado - W100,285.83
2024-10-14,Refil Whey Concentrado Havanna - W100,108.11
2024-10-14,Resveratrol Plus - 165mg,280.5
2024-10-14,Simfort fibras,49.3
2024-10-14,Sleep,303.3
2024-10-14,Super Ômega 3,180.38
2024-10-14,SuperCoffee,515.41
2024-10-14,Suplemento - Hyaluronic Hair,133.46
2024-10-14,Suplemento Alimentar - Alpha Metabolicus,127.05
2024-10-14,"Suplemento Alimentar - Cabelo, Pele e Unha - Gomas",260.48
2024-10-14,Suplemento Alimentar - GUARDIAN®,162.27
2024-10-14,Suplemento Alimentar - Moreflex,119.0
2024-10-14,Suplemento alimentar de Ômega 3 - DHA OX,138.72
2024-10-14,Suplemento de Magnésio - Blue Calm,232.78
2024-10-14,Tablete de Doce,66.93
2024-10-14,Tasty Whey 3W Gourmet,423.09
2024-10-14,Termogênico - Termo Plus,97.75
2024-10-14,Trio Magnésio 720mg,53.17
2024-10-14,Triptofano - Triptoflex 215mg,42.08
2024-10-14,Triptofano Noite,70.69
2024-10-14,True Cúrcuma,72.17
2024-10-14,Vitamina - Good Mood,59.47
2024-10-14,Vitamina B12,92.83
2024-10-14,Vitamina D - Vita D3,156.4
2024-10-14,Vitamina D - Vita D3 + C + Zinco,49.3
2024-10-14,Vitamina D3 + K2,106.5
2024-10-14,Vitamina D3 + K2 Gotas,55.37
2024-10-14,Vitamina D3 - 2000 Ui,30.94
2024-10-14,Vitamina D3 - Ydrosolv,125.71
2024-10-14,Whey,1109.03
2024-10-14,Whey - Isocrisp Pouch,151.3
2024-10-14,Whey 100% - Proteína Concentrada,124.77
2024-10-14,Whey Fort 3W,994.5
2024-10-14,Whey Protein 100% - Refil,127.5
2024-10-14,Whey Protein Concentrado,818.43
2024-10-14,Whey Protein Concentrado Cappuccino 900g DUX,169.92
2024-10-14,Whey Protein Crisp - Isocrisp,41.31
2024-10-14,Whey Protein Isolado,2753.64
2024-10-14,Whey Protein Isolado - Isofort,969.0
2024-10-14,Whey Tech 100%,2839.52
2024-10-14,Óleo de Krill  - Ômega 3 EPA DHA,173.4
2024-10-14,Ômega 3 - EPA DHA - 1000mg,249.86
2024-10-14,Ômega 3 DHA,118.88
2024-10-14,Ômega 3 EPA DHA,987.86
2024-10-14,Ômega 3 Super DHA,88.66
2024-10-14,Ômega 3 Super DHA - BIG N,347.4
2024-10-21,100% Whey Flavour,92.65
2024-10-21,100% Whey Protein - Flavour,185.3
2024-10-21,100% Whey Pure,612.0
2024-10-21,Achocolatado - Choco Family - Refil,89.25
2024-10-21,Achocolatado - Chocoki,63.08
2024-10-21,Aminoácido - Aminovita,537.2
2024-10-21,Aminoácido N-acetil L-cisteína (NAC),34.0
2024-10-21,Aminoácidos - Aminnu EAAs,158.02
2024-10-21,BT Nitrato,704.27
2024-10-21,BT Nitrato 400,572.24
2024-10-21,Barrinha de Proteína,124.49
2024-10-21,Barrinha de Proteína - Protein Crisp Bar,122.46
2024-10-21,Barrinha de Proteína Best Whey 49g (12g de Proteína),99.44
2024-10-21,Barrinha de Proteína Best Whey 62g (15g de Proteína),132.5
2024-10-21,Barrinha de Proteína Choco Wheyfer,81.99
2024-10-21,Barrinha de Proteína Protein Crisp,147.9
2024-10-21,Barrinha de Proteína Tube,79.56
2024-10-21,Beta Alanina 100%,43.35
2024-10-21,Bio Ferro,75.08
2024-10-21,Bio Vitamina B12 em gotas,112.62
2024-10-21,Bio Zinco,25.62
2024-10-21,Body Protein Vegano,143.76
2024-10-21,"Boraprim - Borragem, Prímula e Gergelim",66.3
2024-10-21,Chlorella 530mg,77.97
2024-10-21,Chá Vitatea,216.75
2024-10-21,Coenzima  Q10 - 100mg,83.33
2024-10-21,Coenzima Q10,77.19
2024-10-21,Coenzima Q10 (200mg p/ porção),153.0
2024-10-21,Coenzima Q10 + Ômega 3 + Vitamina E,104.25
2024-10-21,Coenzima Q10 - 200mg,129.97
2024-10-21,Colágeno - Colagentek,198.9
2024-10-21,Colágeno - Colagentek Protein - Bodybalance,403.11
2024-10-21,Colágeno Tipo II,107.94
2024-10-21,Colágeno Tipo II - Chondro,107.13
2024-10-21,Complexo B 500mg,36.75
2024-10-21,Creatina,272.26
2024-10-21,Creatina - Creafort (Creapure),165.0
2024-10-21,Creatina - Creapure,161.12
2024-10-21,Creatina 100%,267.55
2024-10-21,Creatina 100% Pure,107.04
2024-10-21,Creatina Monohidratada,669.92
2024-10-21,Creatina Monohidratada -  Crealift (Creapure),245.65
2024-10-21,Creatina Monohidratada - Creadop Serie Sport,83.32
2024-10-21,Creatina Monohidratada - Creatine,813.24
2024-10-21,Creatina Monohidratada - Hardcore,176.88
2024-10-21,Cromo Picolinato - 250mg,24.52
2024-10-21,Cúrcuma 500mg,168.64
2024-10-21,Cúrcuma Plus,344.45
2024-10-21,Ferro - Ydrosolv,79.6
2024-10-21,Ferro Quelato + Vitamina C,77.6
2024-10-21,Fibras - Fiberfor,209.1
2024-10-21,Fresh Vegan,261.56
2024-10-21,Fresh Whey,1167.36
2024-10-21,Gel Neutro Fresh com Cafeína,83.94
2024-10-21,Gel Nitrato,73.41
2024-10-21,Gel Nitrato com L-Citrulinilarginina,149.88
2024-10-21,Glutamina - Glutamax,144.5
2024-10-21,Glutamina - Glutamax Refil,293.25
2024-10-21,Glutamina em Pó,73.13
2024-10-21,Granola Australia - Low Carb,91.02
2024-10-21,Magnésio - Bio Trimag,85.56
2024-10-21,Magnésio - Quelato,21.34
2024-10-21,Magnésio Inositol,158.92
2024-10-21,Magnésio Plus 900mg,154.5
2024-10-21,Melatonina,112.02
2024-10-21,Melatonina - Sleepfor,49.3
2024-10-21,Melatonina em Gotas,32.3
2024-10-21,Morning Shot - Imunidade,87.21
2024-10-21,NAC + Glycine + Taurine,138.72
2024-10-21,Omegafor Family - Ômega 3,64.3
2024-10-21,Omegafor Plus,829.84
2024-10-21,Palatinose,138.37
2024-10-21,Pasta de Amendoim Integral,15.99
2024-10-21,Prebiótico,61.24
2024-10-21,Probiótico - Simcaps,41.23
2024-10-21,Probiótico - Simfort Plus,86.7
2024-10-21,Probióticos em Pó - Simfort,171.9
2024-10-21,Proteína Isolada e Hidrolisada - Body Protein,1284.72
2024-10-21,Proteína Isolada e Hidrolisada - Body Protein Red,164.32
2024-10-21,Proteína Vegana - One Nutrition,139.64
2024-10-21,Pré-treino - Pre Workout,121.36
2024-10-21,Própolis Trio,64.95
2024-10-21,Própolis Verde - Alcoólico,22.25
2024-10-21,Própolis Verde - Premium 10mg,64.6
2024-10-21,Psyllium,138.81
2024-10-21,Refil Whey Concentrado - W100,730.7
2024-10-21,Refil Whey Concentrado Havanna - W100,432.44
2024-10-21,Resveratrol Plus - 165mg,93.5
2024-10-21,Simfort fibras,98.6
2024-10-21,Spirulina 500mg,83.85
2024-10-21,Super Ômega 3,541.14
2024-10-21,SuperCoffee,408.02
2024-10-21,Suplemento Alimentar  - Hepatofor,63.75
2024-10-21,Suplemento Alimentar - Alpha Men,116.93
2024-10-21,Suplemento Alimentar - Alpha Women,117.24
2024-10-21,"Suplemento Alimentar - Cabelo, Pele e Unha - Gomas",65.12
2024-10-21,Suplemento Alimentar - Focus Energy 500mg,61.69
2024-10-21,Suplemento Alimentar - GUARDIAN®,158.02
2024-10-21,Suplemento de Magnésio - Blue Calm,71.31
2024-10-21,Tablete de Doce,22.1
2024-10-21,Tasty Whey 3W Gourmet,423.09
2024-10-21,Termogênico - Termo Plus,195.5
2024-10-21,Trio Magnésio 720mg,106.34
2024-10-21,Ultracoffee - Vegano,151.86
2024-10-21,Vitamina - Good Mood,118.94
2024-10-21,Vitamina B12,187.12
2024-10-21,Vitamina C + Zinco - Gomas,94.38
2024-10-21,Vitamina D - Vita D3,195.5
2024-10-21,Vitamina D - Vita D3 + C + Zinco,130.9
2024-10-21,Vitamina D3,139.96
2024-10-21,Vitamina D3 + K2 Gotas,110.74
2024-10-21,Vitamina D3 - 2000 Ui,61.88
2024-10-21,Vitamina K2,53.21
2024-10-21,Vitamina K2 - Ydrosolv,140.35
2024-10-21,Whey,528.12
2024-10-21,Whey 3W - Delicious,232.05
2024-10-21,Whey Fort 3W,165.75
2024-10-21,Whey Isolado - Iso Triple Zero,172.49
2024-10-21,Whey Protein Concentrado,849.6
2024-10-21,Whey Protein Isolado,1379.13
2024-10-21,Whey Protein Isolado - Isofort,1453.5
2024-10-21,Whey Protein Isolado - Tasty Iso,337.4
2024-10-21,Whey Tech 100%,713.94
2024-10-21,Whey hidrolisado e isolado,231.99
2024-10-21,Ômega - Mega DHA,410.55
2024-10-21,Ômega 3 - 1360mg,121.92
2024-10-21,Ômega 3 - EPA DHA - 1000mg,130.92
2024-10-21,Ômega 3 - Omegafor Memory,159.8
2024-10-21,Ômega 3 - Ultra Caps 1000mg,273.06
2024-10-21,Ômega 3 DHA,118.88
2024-10-21,Ômega 3 EPA DHA,1251.71
2024-10-21,Ômega 3 Pulse,114.13
2024-10-21,Ômega 3 Super DHA - BIG N,173.7
2024-10-21,Ômegafor Vegan 400mg,128.77
2024-10-28,#Whey Fort 3W,165.75
2024-10-28,100% Whey Flavour,92.65
2024-10-28,100% Whey Protein - Flavour,185.3
2024-10-28,100% Whey Pure,714.0
2024-10-28,100% Whey True Protein,666.16
2024-10-28,Achocolatado - Choco Family - Refil,59.5
2024-10-28,Achocolatado - Chocoki,63.08
2024-10-28,Aminoácido - Aminovita,120.7
2024-10-28,Aminoácidos - Aminnu EAAs,632.08
2024-10-28,BT 400,148.04
2024-10-28,BT Nitrato,100.61
2024-10-28,BT Nitrato 400,143.06
2024-10-28,Barrinha de Proteína,115.38
2024-10-28,Barrinha de Proteína - Protein Crisp Bar,367.38
2024-10-28,Barrinha de Proteína Choco Wheyfer,23.77
2024-10-28,Best Whey,232.65
2024-10-28,Best Whey Iso,387.34
2024-10-28,Beta Alanina,183.6
2024-10-28,Bio Ferro,75.08
2024-10-28,Bio Zinco,25.62
2024-10-28,Blend de Chá - Calmante,24.85
2024-10-28,Blend de Chá - Detox,21.56
2024-10-28,Bom Ciclo,73.02
2024-10-28,"Boraprim - Borragem, Prímula e Gergelim",66.3
2024-10-28,Cafeína,66.4
2024-10-28,Chlorella 400mg,76.82
2024-10-28,Chocolate 70% Cacau,23.38
2024-10-28,Coenzima Q10,329.67
2024-10-28,Coenzima Q10 (200mg p/ porção),280.5
2024-10-28,Coenzima Q10 + Ômega 3 + Vitamina E,382.5
2024-10-28,Coenzima Q10 - (100mg p/ porção),59.5
2024-10-28,Colosfort Lactoferrin Plus,124.1
2024-10-28,Colágeno -  Collagen Gut,296.22
2024-10-28,Colágeno - Collagen Essential Protein,451.62
2024-10-28,Colágeno - Collagen Gut,148.97
2024-10-28,Colágeno - Collagen Protein Hidrolisado,125.11
2024-10-28,Colágeno - Collagen Protein Hidrolisado Berries Silvestres 450g PURAVIDA,134.48
2024-10-28,Colágeno - Collagen Renew Hidrolisado,205.11
2024-10-28,Colágeno Hidrolisado - Collagen Pro 18g,288.86
2024-10-28,Colágeno Tipo II,53.97
2024-10-28,Colágeno Verisol,78.0
2024-10-28,Creatina,417.18
2024-10-28,Creatina - Creafort (Creapure),330.0
2024-10-28,Creatina - Creapure,296.7
2024-10-28,Creatina - Gummies,83.2
2024-10-28,Creatina 100%,249.74
2024-10-28,Creatina Monohidratada,1390.85
2024-10-28,Creatina Monohidratada (Creapure),178.5
2024-10-28,Creatina Monohidratada - Creatine,542.16
2024-10-28,Creatina Monohidratada - Hardcore,176.88
2024-10-28,Cúrcuma - Curcumagic,112.56
2024-10-28,Cúrcuma Plus,301.75
2024-10-28,Energy Gel,143.57
2024-10-28,Energy Shot Gel,50.07
2024-10-28,Extrato de Laranja Moro 400mg,252.96
2024-10-28,Ferro Quelato + Vitamina C,77.6
2024-10-28,Fibras - Fiberfor,69.7
2024-10-28,Fresh Vegan,130.78
2024-10-28,Fresh Whey,706.44
2024-10-28,Gel Neutro Fresh com Cafeína,111.92
2024-10-28,Gel Nitrato,73.41
2024-10-28,Gel Nitrato c/ Cafeína,35.53
2024-10-28,Glutamina,227.31
2024-10-28,Glutamina - Glutamax,144.5
2024-10-28,Glutamina - Glutamax Refil,293.25
2024-10-28,Granola,35.82
2024-10-28,Granola Australia - Low Carb,123.11
2024-10-28,Magnésio - Bio Trimag,42.78
2024-10-28,Magnésio - Inositol Relief 3.0,159.7
2024-10-28,Magnésio Plus 900mg,154.5
2024-10-28,Magnésio Quelato - Bio Mag,53.46
2024-10-28,Melatonina - Sleepfor,49.3
2024-10-28,Melatonina - Ydrosolv,65.71
2024-10-28,Morning Shot - Imunidade,174.42
2024-10-28,Omegafor Family - Ômega 3,64.3
2024-10-28,Omegafor Plus,2362.12
2024-10-28,Palatinose,141.41
2024-10-28,Paçoquinha,22.73
2024-10-28,Prebiótico,61.24
2024-10-28,Probiótico - Simcaps,57.8
2024-10-28,Probiótico - Simfort Plus,173.4
2024-10-28,Probióticos em Pó - Simfort,121.27
2024-10-28,Proteína Isolada e Hidrolisada - Body Protein,791.76
2024-10-28,Pré-Treino,66.33
2024-10-28,Próbiotico - Purabiotics,153.0
2024-10-28,Própolis Líquido - Gotas,94.05
2024-10-28,Própolis Verde - Premium 10mg,129.2
2024-10-28,Própolis Verde 70,31.97
2024-10-28,Psyllium,77.18
2024-10-28,Quercetina 300mg,63.68
2024-10-28,Refil Whey Concentrado Havanna - W100,108.11
2024-10-28,Refil Whey Protein 100%,89.24
2024-10-28,Refil Wheydop Iso,181.67
2024-10-28,Resveratrol 500mg,67.35
2024-10-28,Resveratrol Plus - 165mg,187.0
2024-10-28,Simfort fibras,197.2
2024-10-28,Sleep,151.65
2024-10-28,Spirulina 400mg,74.25
2024-10-28,Super Ômega 3,612.2
2024-10-28,SuperCoffee,217.46
2024-10-28,Suplemento Alimentar - Alpha Inflaminus,122.81
2024-10-28,Suplemento Alimentar - GUARDIAN®,162.27
2024-10-28,Suplemento Alimentar - Slim Body 400mg,65.03
2024-10-28,Suplemento de Magnésio - Blue Calm,232.78
2024-10-28,Suplemento para Cabelos e Unhas- Biocolin Hair,73.02
2024-10-28,Suplemento para Imunidade - Immune Up 100%,105.03
2024-10-28,Tablete de Doce,44.83
2024-10-28,Tasty Whey 3W Gourmet,282.06
2024-10-28,Vitamina - Good Mood,59.47
2024-10-28,Vitamina B12,125.92
2024-10-28,Vitamina D - Vita D3,391.0
2024-10-28,Vitamina D - Vita D3 + C + Zinco,139.85
2024-10-28,Vitamina D3 + K2,62.25
2024-10-28,Vitamina D3 - 2000 Ui,30.94
2024-10-28,Vitamina D3 Synergy,119.0
2024-10-28,Vitamina K2,53.21
2024-10-28,Vitamina K2- Menaquinona,53.17
2024-10-28,"Vitaminas A, E, D e K2- RESTAURE® - Gotas",269.96
2024-10-28,Whey,1099.59
2024-10-28,Whey 100% - Proteína Concentrada,124.77
2024-10-28,Whey Fort 3W,828.75
2024-10-28,Whey Isolado - Garrafinha,37.98
2024-10-28,Whey Isolado - Iso Triple Zero,344.98
2024-10-28,Whey Protein 3W,153.17
2024-10-28,Whey Protein Concentrado,648.51
2024-10-28,Whey Protein Isolado,1617.84
2024-10-28,Whey Protein Isolado - Isofort,1211.25
2024-10-28,Whey Tech 100%,2260.81
2024-10-28,Whey Vegetal - Garrafinha,18.99
2024-10-28,Whey hidrolisado e isolado,231.99
2024-10-28,Óleo de Coco  - Spray,23.8
2024-10-28,Ômega - Mega DHA,136.85
2024-10-28,Ômega 3 - 1360mg,609.6
2024-10-28,Ômega 3 - EPA DHA - 1000mg,106.41
2024-10-28,Ômega 3 DHA,237.76
2024-10-28,Ômega 3 EPA DHA,1019.19
2024-10-28,Ômega 3 Fosfatix,150.28
2024-10-28,Ômega 3 Pulse,114.13
2024-10-28,Ômega 3 Super DHA - BIG N,86.85
2024-10-28,Ômega 3 Super DHA BIG,127.59
2024-10-28,Ômega Core,133.88
2024-10-28,Ômega Golden,133.88
2024-11-04,100% Whey Flavour,92.65
2024-11-04,100% Whey Protein - Flavour,185.3
2024-11-04,100% Whey Pure,612.0
2024-11-04,100% Whey True Protein,333.08
2024-11-04,Aminoácido - Aminovita,241.4
2024-11-04,Aminoácidos - Aminnu EAAs,158.02
2024-11-04,Antioxidante - Astaxantina,138.03
2024-11-04,Artimax,83.04
2024-11-04,BT Nitrato,100.61
2024-11-04,Barrinha CHOKLERS CRISP - 12g,71.4
2024-11-04,Barrinha CHOKLERS CRISP - 24g,141.68
2024-11-04,Barrinha de Proteína,311.93
2024-11-04,Barrinha de Proteína - Protein Crisp Bar,183.69
2024-11-04,Barrinha de Proteína Choco Wheyfer,133.09
2024-11-04,Barrinha de Proteína Protein Crisp,81.42
2024-11-04,Barrinha de Proteína Whey Grego - Havanna,86.7
2024-11-04,Beef Protein,327.26
2024-11-04,Beta Alanina,137.7
2024-11-04,Beta Alanina 100%,43.35
2024-11-04,Bio Ferro,150.16
2024-11-04,Bio Vitamina B12 em gotas,75.08
2024-11-04,Bio Zinco,51.24
2024-11-04,Bombom,33.24
2024-11-04,"Boraprim - Borragem, Prímula e Gergelim",198.9
2024-11-04,Chá,22.8
2024-11-04,Chá Sublime - Brisa,18.0
2024-11-04,Coenzima Q10,75.45
2024-11-04,Coenzima Q10  (200mg p/ porção),161.5
2024-11-04,Coenzima Q10 (200mg p/ porção),59.5
2024-11-04,Coenzima Q10 + Ômega 3 + Vitamina E,382.5
2024-11-04,Colágeno - Colagentek,198.9
2024-11-04,Colágeno - Collagen Essential Protein,602.16
2024-11-04,Colágeno - Collagen Protein Hidrolisado,136.61
2024-11-04,Colágeno - Collagen Protein Hidrolisado Berries Silvestres 450g PURAVIDA,134.48
2024-11-04,Colágeno - Collagen Renew Hidrolisado,131.08
2024-11-04,Colágeno Collagen Resilience,153.81
2024-11-04,Colágeno Hidrolisado - Collagen Pro 18g,577.72
2024-11-04,Complexo B - Bio Vit.B+,35.11
2024-11-04,Complexo B 500mg,31.07
2024-11-04,Creatina,764.84
2024-11-04,Creatina - Creafort (Creapure),432.0
2024-11-04,Creatina - Creapure,296.7
2024-11-04,Creatina - Gummies,83.2
2024-11-04,Creatina 100%,196.27
2024-11-04,Creatina Monohidratada,1671.03
2024-11-04,Creatina Monohidratada (Creapure),340.1
2024-11-04,Creatina Monohidratada -  Crealift (Creapure),245.65
2024-11-04,Creatina Monohidratada - Creadop Serie Sport,83.32
2024-11-04,Creatina Monohidratada - Creatine,882.34
2024-11-04,Creatina Monohidratada - Hardcore,353.76
2024-11-04,Creatina Monohidratada em Gummy,93.86
2024-11-04,Cúrcuma Plus,369.5
2024-11-04,Energy Gel,93.15
2024-11-04,Extrato de Laranja Moro 400mg,84.32
2024-11-04,Ferro,18.18
2024-11-04,Ferro - Ydrosolv,159.2
2024-11-04,Ferro Quelado 34mg,26.43
2024-11-04,Ferro Quelato + Vitamina C,116.4
2024-11-04,Fresh Whey,715.81
2024-11-04,Gel Nitrato,72.83
2024-11-04,Gel Nitrato com L-Citrulinilarginina,37.47
2024-11-04,Glutamina,329.8
2024-11-04,Glutamina - Glutamax,227.08
2024-11-04,Glutamina - Glutamax Refil,293.25
2024-11-04,Glutamina 100% Pure,54.71
2024-11-04,Glutamina Pure,99.3
2024-11-04,Granola Australia - Low Carb,91.02
2024-11-04,Granola Coconut,33.97
2024-11-04,Isofort Plant (Life Vegan),91.8
2024-11-04,L-Carnitina 530mg,153.0
2024-11-04,Maca Peruana,107.37
2024-11-04,Maca Peruana 2000mg,66.43
2024-11-04,Magnésio,208.95
2024-11-04,Magnésio - 3MAG - Pool de Magnésio,61.97
2024-11-04,Magnésio - Bio Trimag,85.56
2024-11-04,Magnésio - Inositol Relief 3.0,479.1
2024-11-04,Magnésio Quelato - Bio Mag,53.46
2024-11-04,Melatonina,119.91
2024-11-04,Melatonina - Sleepfor,49.3
2024-11-04,Melatonina Duo,89.02
2024-11-04,Melatonina Duo Harmony,85.09
2024-11-04,Melatonina em Gotas,64.6
2024-11-04,Morning Shot - Imunidade,378.26
2024-11-04,Omegafor Family - Ômega 3,128.6
2024-11-04,Omegafor Plus,2037.24
2024-11-04,Palatinose,93.26
2024-11-04,Palatinose 100% - Carbolift,245.44
2024-11-04,Paçoquinha,22.73
2024-11-04,Probiótico - Simcaps,57.8
2024-11-04,Probiótico - Simfort Plus,520.2
2024-11-04,Proteína - Best Vegan,85.43
2024-11-04,Proteína - Isocrisp Plant Pouch,115.6
2024-11-04,Proteína Isolada e Hidrolisada - Body Protein,197.94
2024-11-04,Proteína Isolada e Hidrolisada - Body Protein Red,197.94
2024-11-04,Proteína Vegana - One Nutrition,133.0
2024-11-04,Próbiotico - Purabiotics,76.5
2024-11-04,Própolis Verde - Alcoólico,22.25
2024-11-04,Própolis Verde - Premium 10mg,193.8
2024-11-04,Psyllium,200.44
2024-11-04,Refil Whey 100% Pure,116.56
2024-11-04,Refil Whey Concentrado - W100,108.11
2024-11-04,Refil Whey Concentrado Havanna - W100,324.33
2024-11-04,Refil Whey Protein Concentrado,166.17
2024-11-04,Resveratrol,71.1
2024-11-04,Resveratrol 500mg,67.35
2024-11-04,Resveratrol Plus - 165mg,187.0
2024-11-04,Simfort fibras,49.3
2024-11-04,Sleep,256.58
2024-11-04,Spirulina 500mg,83.85
2024-11-04,Super Ômega 3,607.02
2024-11-04,SuperCoffee,1213.74
2024-11-04,SuperCoffee Língua de gato - Kopenhagen,280.66
2024-11-04,Suplemento - Hyaluronic Hair,200.19
2024-11-04,Suplemento Alimentar - Geleia Real - Apireal,72.6
2024-11-04,Suplemento Alimentar - L-teanina - Happy Theanine,209.44
2024-11-04,Suplemento Alimentar - Pura Fiber,65.0
2024-11-04,Suplemento alimentar de Ômega 3 - DHA OX,138.72
2024-11-04,Tablete de Doce,71.96
2024-11-04,Tasty Whey 3W Gourmet,423.09
2024-11-04,Termogênico - Termo Plus,209.95
2024-11-04,Trio Magnésio 720mg,53.17
2024-11-04,Ultracoffee - Vegano,151.86
2024-11-04,Vegan Ômega 3 DHA,234.32
2024-11-04,Vitamina B12,223.31
2024-11-04,Vitamina C - Bio Vit C+,33.27
2024-11-04,Vitamina D - Vita D3,195.5
2024-11-04,Vitamina D - Vita D3 + C + Zinco,180.2
2024-11-04,Vitamina D3 + K2,167.68
2024-11-04,Vitamina D3 + K2 Gotas,55.37
2024-11-04,Vitamina D3 Synergy,59.5
2024-11-04,Whey,462.88
2024-11-04,Whey - Isocrisp Pouch,75.65
2024-11-04,Whey 3W - Delicious,77.35
2024-11-04,Whey Fort 3W,165.75
2024-11-04,Whey Protein Concentrado,1019.52
2024-11-04,Whey Protein Concentrado Cappuccino 900g DUX,169.92
2024-11-04,Whey Protein Isolado,1500.81
2024-11-04,Whey Protein Isolado - Isofort,726.75
2024-11-04,Whey Protein Isolado - Tasty Iso,168.7
2024-11-04,Whey Tech 100%,1546.87
2024-11-04,Wheydop ISO,229.46
2024-11-04,Wheydop X,226.4
2024-11-04,Óleo de Prímula - 500mg,29.33
2024-11-04,Ômega - Mega DHA,136.85
2024-11-04,Ômega 3 - 1360mg,487.68
2024-11-04,Ômega 3 - EPA DHA - 1000mg,130.92
2024-11-04,Ômega 3 - Ultra Caps 1000mg,136.53
2024-11-04,Ômega 3 EPA DHA,1234.59
2024-11-04,Ômega 3 Pulse,114.13
2024-11-04,Ômega 3 Super DHA - BIG N,86.85
2024-11-04,Ômega 3 Super DHA BIG,510.36
2024-11-11,100% Whey Crush Concentrada,253.3
2024-11-11,100% Whey Flavour,192.94
2024-11-11,100% Whey Protein - Flavour,92.65
2024-11-11,100% Whey Pure,510.0
2024-11-11,Aminoácido - Aminovita,328.95
2024-11-11,Aminoácido N-acetil L-cisteína (NAC),116.46
2024-11-11,BT Nitrato,100.61
2024-11-11,BT Nitrato 400,143.06
2024-11-11,Barrinha de Proteína,153.84
2024-11-11,Barrinha de Proteína Protein Crisp,147.9
2024-11-11,Barrinha de Proteína Veganpro Bar,83.39
2024-11-11,Beef Protein,163.63
2024-11-11,Beta Alanina Pure,66.3
2024-11-11,Bio Ferro,150.16
2024-11-11,Biotina Plus,39.65
2024-11-11,Blend de Chá - Detox,21.56
2024-11-11,Bom Ciclo,73.02
2024-11-11,"Boraprim - Borragem, Prímula e Gergelim",369.75
2024-11-11,Cafeína,33.2
2024-11-11,Coenzima  Q10 - 100mg,83.33
2024-11-11,Coenzima Q10,231.57
2024-11-11,Coenzima Q10  (200mg p/ porção),646.0
2024-11-11,Coenzima Q10 (200mg p/ porção),374.0
2024-11-11,Coenzima Q10 + Ômega 3 + Vitamina E,846.0
2024-11-11,Coenzima Q10 - (100mg p/ porção),59.5
2024-11-11,Coenzima Q10 - 200mg,129.97
2024-11-11,Colosfort,387.6
2024-11-11,Colágeno - Colagentek,66.3
2024-11-11,Colágeno - Colagentek Protein - Bodybalance,537.48
2024-11-11,Colágeno - Collagen Gut,148.97
2024-11-11,Colágeno - Collagen Protein Hidrolisado,273.22
2024-11-11,Colágeno - Collagen Protein Hidrolisado Berries Silvestres 450g PURAVIDA,134.48
2024-11-11,Colágeno - Collagen Renew Hidrolisado,62.71
2024-11-11,Colágeno - Collcreatine,168.73
2024-11-11,Colágeno Hidrolisado,44.34
2024-11-11,Colágeno Hidrolisado - Collagen Pro 18g,288.86
2024-11-11,Colágeno Skin e Body,127.8
2024-11-11,Colágeno Tipo II,161.91
2024-11-11,Complexo B - Bio Vit.B+,35.11
2024-11-11,Complexo B 500mg,31.07
2024-11-11,Cranberry - She She Comfort,61.69
2024-11-11,Creatina,399.76
2024-11-11,Creatina - Creafort (Creapure),762.0
2024-11-11,Creatina - Gummies,83.2
2024-11-11,Creatina 100%,47.6
2024-11-11,Creatina Micronizada,228.24
2024-11-11,Creatina Monohidratada,1782.39
2024-11-11,Creatina Monohidratada (Creapure),535.5
2024-11-11,Creatina Monohidratada - Creatine,451.8
2024-11-11,Creatina Monohidratada - Hardcore,170.19
2024-11-11,Creatina Premium - Creapure,199.36
2024-11-11,Cálcio de Algas 1000mg,47.54
2024-11-11,Cúrcuma Plus,284.1
2024-11-11,Doce Bocadito,54.74
2024-11-11,Energy Gel,167.96
2024-11-11,Enzima Lactase - Laczyme,49.3
2024-11-11,Enzimas Enzyfor,110.5
2024-11-11,Ferro - Ydrosolv,79.6
2024-11-11,Ferro Quelato + Vitamina C,77.6
2024-11-11,Fresh Whey,291.84
2024-11-11,Gel Nitrato c/ Cafeína,71.06
2024-11-11,Glutamina,114.08
2024-11-11,Glutamina - Glutamax,144.5
2024-11-11,Glutamina - Glutamax Refil,97.75
2024-11-11,Isofort Plant (Life Vegan),367.2
2024-11-11,Magnésio,125.37
2024-11-11,Magnésio Dimalato,90.44
2024-11-11,Magnésio Plus - 350mg,130.62
2024-11-11,Magnésio Quelato - Bio Mag,53.46
2024-11-11,Melatonina,78.1
2024-11-11,Melatonina - Sleepfor,246.5
2024-11-11,Melatonina Duo,39.27
2024-11-11,Morning Shot - Imunidade,261.63
2024-11-11,Multivitaminico  - Imunomult- 1000mg,306.0
2024-11-11,Omegafor Family - Ômega 3,64.3
2024-11-11,Omegafor Plus,1480.28
2024-11-11,Palatinose,45.11
2024-11-11,Pasta de Amendoim,42.5
2024-11-11,Pasta de Amendoim Granulado,20.22
2024-11-11,Probiótico - Simcaps,173.4
2024-11-11,Probiótico - Simfort Plus,86.7
2024-11-11,Probióticos em Pó - Simfort,252.17
2024-11-11,Proteína Isolada e Hidrolisada - Body Protein Red,191.42
2024-11-11,Proteína Vegana - Vegan Tasty,219.48
2024-11-11,Proteína Vegana - Veggie Protein,144.49
2024-11-11,Própolis Líquido - Gotas,31.35
2024-11-11,Própolis Verde - Propomax,23.08
2024-11-11,Própolis Verde 70,63.94
2024-11-11,Psyllium,138.81
2024-11-11,Refil Whey 100% Pure,116.56
2024-11-11,Refil Whey Concentrado - W100,108.11
2024-11-11,Refil Whey Concentrado Havanna - W100,108.11
2024-11-11,Refil Whey Protein 100%,253.72
2024-11-11,Resveratrol Plus - 165mg,187.0
2024-11-11,Simfort fibras,49.3
2024-11-11,Spirulina 500mg,83.85
2024-11-11,Super Ômega 3,251.44
2024-11-11,SuperCoffee,89.25
2024-11-11,SuperCoffee Língua de gato - Kopenhagen,140.33
2024-11-11,Suplemento Alimentar  - Hepatofor,127.5
2024-11-11,"Suplemento Alimentar - Cabelo, Unha e Pele - Beauty +",106.18
2024-11-11,Suplemento Alimentar - GUARDIAN®,162.27
2024-11-11,Suplemento Alimentar - Pura Fiber,65.0
2024-11-11,Suplemento Alimentar - Slim Body 400mg,65.03
2024-11-11,Suplemento para Cabelos e Unhas- Biocolin Hair,73.02
2024-11-11,Tablete de Doce,22.73
2024-11-11,Tasty Whey 3W Gourmet,282.06
2024-11-11,Termogênico - Termo Plus,112.2
2024-11-11,Trio Magnésio 720mg,53.17
2024-11-11,Vegan Protein,123.41
2024-11-11,Vinagre de Maçã - Gummies,63.79
2024-11-11,Vitamina B12,157.1
2024-11-11,Vitamina D - Vita D3,156.4
2024-11-11,Vitamina D - Vita D3 + C + Zinco,180.2
2024-11-11,Vitamina D3,86.78
2024-11-11,Vitamina D3 + K2 Gotas,55.37
2024-11-11,Vitamina D3 - 2000 Ui,30.94
2024-11-11,Vitamina D3 Synergy,59.5
2024-11-11,Whey,803.77
2024-11-11,Whey - Isocrisp Pouch,151.3
2024-11-11,Whey 3W - Delicious,154.7
2024-11-11,Whey Isolado,180.55
2024-11-11,Whey Isolado - Iso Triple Zero,344.98
2024-11-11,Whey Isolado Nectar,247.84
2024-11-11,Whey Protein 100% - Refil,255.0
2024-11-11,Whey Protein Concentrado,339.84
2024-11-11,Whey Protein Isolado,2062.71
2024-11-11,Whey Protein Isolado - Isofort,726.75
2024-11-11,Whey Protein Isolado - Tasty Iso,506.1
2024-11-11,Whey Tech 100%,1104.91
2024-11-11,Óleo de Krill  - Ômega 3 EPA DHA,86.7
2024-11-11,Ômega - Mega DHA,136.85
2024-11-11,Ômega 3 - 1360mg,365.76
2024-11-11,Ômega 3 - EPA DHA - 1000mg,308.78
2024-11-11,Ômega 3 - Omegafor Memory,79.9
2024-11-11,Ômega 3 EPA DHA,1058.39
2024-11-11,Ômega 3 Pulse,114.13
2024-11-11,Ômega 3 Super DHA BIG,127.59
2024-11-18,100% Whey Protein Zero - Clinical,166.97
2024-11-18,100% Whey Pure,408.0
2024-11-18,Aminoácido - Aminovita,120.7
2024-11-18,Aminoácido N-acetil L-cisteína (NAC),174.69
2024-11-18,Aminoácidos - Aminnu EAAs,474.06
2024-11-18,BT 400,148.04
2024-11-18,Barrinha CHOKLERS CRISP - 12g,71.4
2024-11-18,Barrinha CHOKLERS CRISP - 24g,283.36
2024-11-18,Barrinha de Proteína,47.57
2024-11-18,Barrinha de Proteína - Protein Crisp Bar,61.23
2024-11-18,Barrinha de Proteína - YoPRO,94.86
2024-11-18,Barrinha de Proteína Choco Wheyfer,47.54
2024-11-18,Barrinha de Proteína Protein Crisp,147.9
2024-11-18,Barrinha de Proteína Whey Grego - Havanna,86.7
2024-11-18,Best Whey Iso,193.67
2024-11-18,Beta Alanina,45.9
2024-11-18,Bio Ferro,75.08
2024-11-18,Blend de Chá - Calmante,24.85
2024-11-18,Blend de Chá - Detox,46.41
2024-11-18,Blend de Chá - Digestivo,21.56
2024-11-18,"Boraprim - Borragem, Prímula e Gergelim",132.6
2024-11-18,Cafeína,33.2
2024-11-18,Clorofilla Green,73.72
2024-11-18,Coenzima Q10,347.98
2024-11-18,Coenzima Q10  (200mg p/ porção),323.0
2024-11-18,Coenzima Q10 (200mg p/ porção),467.5
2024-11-18,Coenzima Q10 + Ômega 3 + Vitamina E,255.0
2024-11-18,Coenzima Q10 - (100mg p/ porção),59.5
2024-11-18,Coffee - Brainstorm,85.0
2024-11-18,Colágeno -  Collagen Gut,148.11
2024-11-18,Colágeno - Colagentek Beauty,93.5
2024-11-18,Colágeno - Colagentek II,74.8
2024-11-18,Colágeno - Colagentek Protein - Bodybalance,134.37
2024-11-18,Colágeno - Collagen Essential Protein,150.54
2024-11-18,Colágeno - Collagen Pro - Beauty Blend,163.98
2024-11-18,Colágeno - Collagen Protein Hidrolisado,386.83
2024-11-18,Colágeno - Collagen Renew Hidrolisado,267.82
2024-11-18,Colágeno - Collagen Tipo II 40mg,135.88
2024-11-18,Colágeno - Collcreatine,166.18
2024-11-18,Colágeno Collagen Skin,165.75
2024-11-18,Colágeno Hidrolisado,44.34
2024-11-18,Colágeno Hidrolisado + Ácido Hialurônico,60.31
2024-11-18,Colágeno Tipo II - Artro Aid,101.08
2024-11-18,Cranberry - She She Comfort,61.69
2024-11-18,Creatina,537.18
2024-11-18,Creatina - Creafort (Creapure),156.75
2024-11-18,Creatina - Creapure,284.46
2024-11-18,Creatina 100%,313.36
2024-11-18,Creatina Monohidratada,1370.96
2024-11-18,Creatina Monohidratada - Creadop Serie Sport,83.32
2024-11-18,Creatina Monohidratada - Creatine,590.01
2024-11-18,Creatina Monohidratada - Hardcore,258.63
2024-11-18,Creatina Monohidratada em Gummy,187.72
2024-11-18,Cúrcuma - Curcumagic,112.56
2024-11-18,Cúrcuma Plus,394.15
2024-11-18,Extrato de Laranja Moro 400mg,84.32
2024-11-18,Ferro Quelato + Vitamina C,77.6
2024-11-18,Fresh Vegan,261.56
2024-11-18,Fresh Whey,970.7
2024-11-18,Gel Nitrato,37.88
2024-11-18,Glutamina,57.04
2024-11-18,Glutamina - Glutadop,66.04
2024-11-18,Glutamina - Glutamax,227.08
2024-11-18,Glutamina - Glutamax Refil,195.5
2024-11-18,Glutamina Isolates,66.3
2024-11-18,Gold Whey Concentrado Refil,198.22
2024-11-18,Granola Australia - Low Carb,91.02
2024-11-18,Grassfed Whey Protein,274.5
2024-11-18,Isofort Plant (Life Vegan),367.2
2024-11-18,L-Carnitina 530mg,76.5
2024-11-18,Magnésio,41.79
2024-11-18,Magnésio - 3MAG - Pool de Magnésio,61.97
2024-11-18,Magnésio - Inositol Relief 3.0,468.65
2024-11-18,Magnésio Inositol,317.84
2024-11-18,Magnésio Plus - 350mg,130.62
2024-11-18,Matchá - Chá Verde em Pó,62.7
2024-11-18,Melatonina - Sleepfor,147.9
2024-11-18,Melatonina Duo,44.51
2024-11-18,Melatonina Em Gotas Premium - 210mcg,47.24
2024-11-18,Metil Sulfonil Metano - MSM,36.51
2024-11-18,Morning Shot - Imunidade,348.84
2024-11-18,Multivitaminico  - Imunomult- 1000mg,102.0
2024-11-18,Multivitamínico - Alpha Kids,83.72
2024-11-18,NAC 650mg,50.37
2024-11-18,Neuro Health,306.68
2024-11-18,Omegafor Family - Ômega 3,128.6
2024-11-18,Omegafor Plus,2316.62
2024-11-18,Omegafor Vision,85.38
2024-11-18,Pasta de Amendoim Granulado,20.22
2024-11-18,Probiótico - Simfort Plus,606.9
2024-11-18,Probióticos em Pó - Simfort,161.25
2024-11-18,Proteína Isolada e Hidrolisada - Body Protein Red,197.94
2024-11-18,Proteína Vegana - One Nutrition,139.64
2024-11-18,Proteína Vegana - Vegan Tasty,109.74
2024-11-18,Pré-Treino,66.33
2024-11-18,Pré-Treino - Beta Action,180.63
2024-11-18,Pré-Treino - Betadop,100.29
2024-11-18,Pré-Treino - V Fort Ultra,101.48
2024-11-18,Pré-treino - Warzone,146.48
2024-11-18,Pré-treino - Égide,135.96
2024-11-18,Pré-treino Panic Pre Workout,83.35
2024-11-18,Próbiotico - Purabiotics,76.5
2024-11-18,Própolis - Green Própolis,68.57
2024-11-18,Própolis Líquido - Gotas,31.35
2024-11-18,Própolis Verde - Alcoólico,22.25
2024-11-18,Própolis Verde - Premium 10mg,193.8
2024-11-18,Psyllium,246.52
2024-11-18,Refil Whey Concentrado - W100,108.11
2024-11-18,Refil Whey Concentrado Havanna - W100,432.44
2024-11-18,Refil Whey Protein 100%,82.24
2024-11-18,Refil Whey Protein Concentrado,166.17
2024-11-18,Refil Wheydop Iso,181.67
2024-11-18,Resveratrol 500mg,134.7
2024-11-18,Resveratrol Plus - 165mg,187.0
2024-11-18,Simfort fibras,197.2
2024-11-18,Sleep,303.3
2024-11-18,Super Ômega 3,918.3
2024-11-18,SuperCoffee,742.49
2024-11-18,SuperCoffee Língua de gato - Kopenhagen,140.33
2024-11-18,Suplemento - Hyaluronic Hair,66.73
2024-11-18,Suplemento Alimentar - Alpha Metabolicus,127.05
2024-11-18,Suplemento Alimentar - Alpha Women,117.24
2024-11-18,Suplemento Alimentar - GUARDIAN®,640.58
2024-11-18,Suplemento Alimentar - Pura Fiber,65.0
2024-11-18,Suplemento de Magnésio - Blue Calm,142.62
2024-11-18,Tasty Whey 3W Gourmet,423.09
2024-11-18,Termogênico - Lipix6,83.3
2024-11-18,Tortinha Proteica,102.68
2024-11-18,Vegan Protein - Vegano,106.05
2024-11-18,Vitamina B12,130.48
2024-11-18,Vitamina C - Bio Vit C+,66.54
2024-11-18,Vitamina C3 - 1000mg,39.1
2024-11-18,Vitamina D - Vita D3,151.8
2024-11-18,Vitamina D - Vita D3 + C + Zinco,32.3
2024-11-18,Vitamina D3,77.28
2024-11-18,Vitamina D3 + K2,124.56
2024-11-18,Vitamina D3 + K2 Gotas,166.11
2024-11-18,Vitamina D3 - 2000 Ui,61.88
2024-11-18,"Vitaminas A, E, D e K2- RESTAURE® - Gotas",134.98
2024-11-18,Whey - Isocrisp Pouch,75.65
2024-11-18,Whey 3W - Delicious,77.35
2024-11-18,Whey Fort 3W,967.5
2024-11-18,Whey Isolado,180.55
2024-11-18,Whey Isolado - Iso Triple Zero,344.98
2024-11-18,Whey Isolado Nectar,247.84
2024-11-18,Whey Protein Concentrado,818.43
2024-11-18,Whey Protein Isolado,1039.42
2024-11-18,Whey Protein Isolado - Isofort,1211.25
2024-11-18,Whey Protein Isolado - Tasty Iso,506.1
2024-11-18,Whey Tech 100%,757.44
2024-11-18,Óleo de Krill,325.12
2024-11-18,Ômega 3 - EPA DHA - 1000mg,236.78
2024-11-18,Ômega 3 - Omegafor Memory,319.6
2024-11-18,Ômega 3 - Ultra Caps 1000mg,273.06
2024-11-18,Ômega 3 DHA,118.88
2024-11-18,Ômega 3 EPA DHA,791.86
2024-11-18,Ômega 3 Pulse,228.26
2024-11-18,Ômega 3 Super DHA,93.75
2024-11-18,Ômega 3 Super DHA - BIG N,260.55
2024-11-18,Ômega DHA Vegan,119.19
2024-11-25,100% Whey Protein - Flavour,200.58
2024-11-25,100% Whey Pure,510.0
2024-11-25,Achocolatado - Choco Family - Refil,29.75
2024-11-25,Aminoácido - Aminovita,208.25
2024-11-25,Aminoácido N-acetil L-cisteína (NAC),232.92
2024-11-25,Aminoácidos - Aminnu EAAs,474.06
2024-11-25,Aminoácidos - Aminolift,147.26
2024-11-25,Amora Miúra - 1500mg,79.62
2024-11-25,Aveia - Flocos Grossos,14.27
2024-11-25,BT Nitrato,100.61
2024-11-25,BT Nitrato 400,286.12
2024-11-25,Barrinha de Proteína,648.24
2024-11-25,Barrinha de Proteína - Protein Crisp Bar,61.23
2024-11-25,Barrinha de Proteína Whey Grego - Havanna,86.7
2024-11-25,Beef Protein,163.63
2024-11-25,Beta Alanina,91.8
2024-11-25,Beta Alanina 100%,43.35
2024-11-25,Beta Glucana,74.29
2024-11-25,Bio Ferro,112.62
2024-11-25,Bio Vitamina B12 em gotas,37.54
2024-11-25,Biotina Plus,39.65
2024-11-25,Blend de Chá - Detox,21.56
2024-11-25,"Boraprim - Borragem, Prímula e Gergelim",187.2
2024-11-25,Cafeína,33.2
2024-11-25,Clorella,48.14
2024-11-25,Coenzima Q10,308.76
2024-11-25,Coenzima Q10  (200mg p/ porção),161.5
2024-11-25,Coenzima Q10 (200mg p/ porção),340.0
2024-11-25,Coenzima Q10 + Ômega 3 + Vitamina E,97.3
2024-11-25,Coenzima Q10 - (100mg p/ porção),119.0
2024-11-25,Coenzima Q10 - 100mg,95.55
2024-11-25,Colágeno -  Collagen Gut,148.11
2024-11-25,Colágeno - Colagentek,265.2
2024-11-25,Colágeno - Colagentek Protein - Bodybalance,537.48
2024-11-25,Colágeno - Collagen Bones,147.26
2024-11-25,Colágeno - Collagen Protein Hidrolisado,534.94
2024-11-25,Colágeno - Collagen Renew Hidrolisado,68.37
2024-11-25,Colágeno - Collagen Tipo II 40mg,135.88
2024-11-25,Colágeno - Collcreatine,161.76
2024-11-25,Colágeno Hidrolisado + Ácido Hialurônico,60.31
2024-11-25,Colágeno Hidrolisado - Collagen Pro 18g,288.86
2024-11-25,Colágeno tipo 2 - Colagentek II,66.0
2024-11-25,Colágeno tipo II - Collagen II,60.0
2024-11-25,Combo com 4 Sachês SuperCoffee,24.15
2024-11-25,Complexo B - Bio Vit.B+,35.11
2024-11-25,Creatina,441.09
2024-11-25,Creatina - Creafort (Creapure),1410.75
2024-11-25,Creatina - Creapure,284.46
2024-11-25,Creatina 100%,674.32
2024-11-25,Creatina Micronizada,228.24
2024-11-25,Creatina Monohidratada,1867.13
2024-11-25,Creatina Monohidratada (Creapure),174.8
2024-11-25,Creatina Monohidratada -  Crealift (Creapure),245.65
2024-11-25,Creatina Monohidratada - Creatine,1095.02
2024-11-25,Creatina Monohidratada - Hardcore,409.26
2024-11-25,Creatina Premium - Creapure,199.36
2024-11-25,Cúrcuma - Curcumagic,112.56
2024-11-25,Cúrcuma Plus,795.6
2024-11-25,Energy Gel,33.56
2024-11-25,Enzima - Enzyfor,55.07
2024-11-25,Enzimas Enzyfor,110.5
2024-11-25,Farinha de Aveia,12.64
2024-11-25,Ferro - Ydrosolv,79.6
2024-11-25,Ferro Quelado 34mg,52.86
2024-11-25,Fresh Whey,813.09
2024-11-25,Gel Nitrato,72.83
2024-11-25,Gel Nitrato c/ Cafeína,35.53
2024-11-25,Glutamina,114.08
2024-11-25,Glutamina - Glutamax,72.25
2024-11-25,Glutamina - Glutamax Refil,195.5
2024-11-25,Glutamina em Pó,73.13
2024-11-25,Gold Whey Concentrado Refil,198.22
2024-11-25,Granola - Zero Açúcar,19.35
2024-11-25,Granola Australia - Low Carb,32.09
2024-11-25,Grassfed Whey Protein,274.5
2024-11-25,Isofort Plant (Life Vegan),91.8
2024-11-25,L-Carnitina 530mg,76.5
2024-11-25,Maca Peruana 2000mg,66.43
2024-11-25,Magnésio - 3MAG - Pool de Magnésio,61.97
2024-11-25,Magnésio - Inositol Relief 3.0,319.4
2024-11-25,Magnésio - Quelato,21.34
2024-11-25,Magnésio Inositol,317.84
2024-11-25,Magnésio Plus - 350mg,65.31
2024-11-25,Magnésio Plus 900mg,77.25
2024-11-25,Magnésio Quelato - Bio Mag,160.38
2024-11-25,Melatonina,62.42
2024-11-25,Melatonina - Sleepfor,197.2
2024-11-25,Melatonina Duo,44.51
2024-11-25,Melatonina em Gotas,32.3
2024-11-25,Morning Shot - Imunidade,189.13
2024-11-25,Multivitaminico  - Imunomult- 1000mg,204.0
2024-11-25,Multivitaminico - Imunomult- 1000mg,134.3
2024-11-25,Multivitamínico - Alpha Kids,83.72
2024-11-25,NAC 650mg,59.25
2024-11-25,Omegafor Family - Ômega 3,64.3
2024-11-25,Omegafor Plus,2318.23
2024-11-25,Palatinose,180.44
2024-11-25,Pasta de Amendoim - VITAPOWER,31.37
2024-11-25,Pasta de Amendoim Integral,15.99
2024-11-25,Prebiótico,63.0
2024-11-25,Probiótico - Simfort Plus,148.2
2024-11-25,Profem - Óleo de Prímula,252.45
2024-11-25,Proteína Isolada e Hidrolisada - Body Protein,197.94
2024-11-25,Pré-Treino - Beta Action,180.63
2024-11-25,Pré-Treino Energy ATP®,948.12
2024-11-25,Pré-treino X7,66.75
2024-11-25,Própolis Verde - Alcoólico,44.5
2024-11-25,Própolis Verde - Premium 10mg,64.6
2024-11-25,Própolis Verde 70,31.97
2024-11-25,Psyllium,531.34
2024-11-25,Refil Whey 100% Pure,95.0
2024-11-25,Refil Whey Concentrado - W100,216.22
2024-11-25,Refil Whey Concentrado Havanna - W100,108.11
2024-11-25,Refil Whey Protein 100%,82.24
2024-11-25,Refil Wheydop Iso,181.67
2024-11-25,Resveratrol,71.1
2024-11-25,Resveratrol 500mg,74.25
2024-11-25,Simfort fibras,98.6
2024-11-25,Sleep,151.65
2024-11-25,Spirulina 400mg,74.25
2024-11-25,Super Ômega 3,1699.55
2024-11-25,SuperCoffee,812.95
2024-11-25,SuperCoffee Língua de gato - Kopenhagen,140.33
2024-11-25,Suplemento - Hyaluronic Hair,66.73
2024-11-25,Suplemento Alimentar - Slim Body 400mg,65.03
2024-11-25,Suplemento alimentar de Ômega 3 - DHA OX,236.12
2024-11-25,Suplemento de Magnésio - Blue Calm,161.47
2024-11-25,Tablete de Doce,44.2
2024-11-25,Tasty Whey 3W Gourmet,564.12
2024-11-25,Termogênico - Lipix6,83.3
2024-11-25,Trio Magnésio 720mg,165.59
2024-11-25,True Cúrcuma,72.17
2024-11-25,Ultracoffee - Vegano,86.62
2024-11-25,Vitamina B12,99.67
2024-11-25,Vitamina B9 - Ácido Fólico,61.52
2024-11-25,Vitamina C - Bio Vit C+,33.27
2024-11-25,Vitamina C3 - 1000mg,39.1
2024-11-25,Vitamina D - Vita D3,296.7
2024-11-25,Vitamina D - Vita D3 + C + Zinco,96.9
2024-11-25,Vitamina D3,337.21
2024-11-25,Vitamina D3 + K2,44.25
2024-11-25,Vitamina D3 Synergy,59.5
2024-11-25,Vitamina E,26.85
2024-11-25,Vitamina K2,45.23
2024-11-25,Whey,1289.78
2024-11-25,Whey - Immuno Golden,173.44
2024-11-25,Whey 100% - Proteína Concentrada,124.77
2024-11-25,Whey 3W - Delicious,309.4
2024-11-25,Whey Fort 3W,609.0
2024-11-25,Whey Isolado,180.55
2024-11-25,Whey Protein Concentrado,1127.1
2024-11-25,Whey Protein Crisp - Isocrisp,82.62
2024-11-25,Whey Protein Isolado,1802.97
2024-11-25,Whey Protein Isolado - Isofort,969.0
2024-11-25,Whey Tech 100%,1191.66
2024-11-25,Whey hidrolisado e isolado,927.96
2024-11-25,Wheydop 3W,220.15
2024-11-25,Zinco,43.51
2024-11-25,Ômega -  Mega DHA,83.0
2024-11-25,Ômega 3 - 1360mg,243.84
2024-11-25,Ômega 3 - EPA DHA - 1000mg,165.88
2024-11-25,Ômega 3 - Omegafor Memory,239.7
2024-11-25,Ômega 3 DHA,118.88
2024-11-25,Ômega 3 EPA DHA,1197.29
2024-11-25,Ômega 3 Pulse,114.13
2024-11-25,Ômega 3 Super DHA - BIG N,163.48
2024-11-25,Ômega 3 Super DHA BIG,404.37
2024-11-25,Ômega Core,803.28
2024-11-25,Ômega Ultra - 1000mg,84.92
2024-12-02,#Whey Fort 3W,165.75
2024-12-02,100% Whey Crush Concentrada,253.3
2024-12-02,100% Whey Protein - Flavour,200.58
2024-12-02,100% Whey Pure,102.0
2024-12-02,Achocolatado - Choco Family - Refil,29.75
2024-12-02,Aminoácido - Aminovita,87.55
2024-12-02,Aminoácido N-acetil L-cisteína (NAC),58.23
2024-12-02,BT Nitrato,201.22
2024-12-02,BT Nitrato 400,286.12
2024-12-02,Barrinha de Proteína - Protein Crisp Bar,61.23
2024-12-02,Barrinha de Proteína -Nutrata Whey Grego,65.0
2024-12-02,Barrinha de Proteína Best Whey 49g (12g de Proteína),99.44
2024-12-02,Barrinha de Proteína Best Whey 62g (15g de Proteína),265.0
2024-12-02,Barrinha de Proteína Cleanpro Bar,83.39
2024-12-02,Barrinha de Proteína Collagen Bar,101.14
2024-12-02,Barrinha de Proteína Thin,91.7
2024-12-02,Barrinha de Proteína Tube,30.57
2024-12-02,Bebida Vegetal - Golden Immunity,91.18
2024-12-02,Beef Protein,595.86
2024-12-02,Beta Alanina Pure,66.3
2024-12-02,Bio Cálcio  60 caps PURAVIDA,57.72
2024-12-02,"Boraprim - Borragem, Prímula e Gergelim",132.6
2024-12-02,Cafeína,33.2
2024-12-02,Chlorella 400mg,77.97
2024-12-02,Chlorella 530mg,77.97
2024-12-02,Coenzima  Q10 - 100mg,83.33
2024-12-02,Coenzima Q10 (200mg p/ porção),119.0
2024-12-02,Coenzima Q10 + Ômega 3 + Vitamina E,127.5
2024-12-02,Coenzima Q10 - (100mg p/ porção),59.5
2024-12-02,Coenzima Q10 - 200mg,389.91
2024-12-02,Colágeno - Colagentek,132.6
2024-12-02,Colágeno - Colagentek Protein - Bodybalance,268.74
2024-12-02,Colágeno - Collagen Essential Protein,301.08
2024-12-02,Colágeno - Collagen Protein Hidrolisado,648.55
2024-12-02,Colágeno - Collagen Protein Hidrolisado Berries Silvestres 450g PURAVIDA,403.44
2024-12-02,Colágeno - Collagen Renew Hidrolisado,68.37
2024-12-02,Colágeno Hidrolisado + Ácido Hialurônico,60.31
2024-12-02,Colágeno Hidrolisado - Collagen Pro 18g,288.86
2024-12-02,Cranberry - She She Comfort,61.69
2024-12-02,Creatina,289.68
2024-12-02,Creatina - Creafort (Creapure),1155.0
2024-12-02,Creatina - Creapure,296.7
2024-12-02,Creatina 100%,297.32
2024-12-02,Creatina 100% Pure,107.04
2024-12-02,Creatina Monohidratada,1034.52
2024-12-02,Creatina Monohidratada (Creapure),357.0
2024-12-02,Creatina Monohidratada - Creatine,531.53
2024-12-02,Creatina Monohidratada - Hardcore,88.44
2024-12-02,Cúrcuma - Curcumagic,112.56
2024-12-02,Cúrcuma Plus,60.35
2024-12-02,Enzima Lactase - Laczyme,98.6
2024-12-02,Extrato de Laranja Moro 400mg,96.75
2024-12-02,Ferro - Ydrosolv,79.6
2024-12-02,Ferro Quelato + Vitamina C,38.8
2024-12-02,Fibras Prébioticas - Prebiotic,64.96
2024-12-02,Fresh Vegan,130.78
2024-12-02,Fresh Whey,1290.12
2024-12-02,Gel - Endurance,71.4
2024-12-02,Glutamina,101.75
2024-12-02,Glutamina Isolates,66.3
2024-12-02,Gold Whey Concentrado Refil,198.22
2024-12-02,L-Carnitina 530mg,76.5
2024-12-02,Laranja Moro,67.53
2024-12-02,Magnésio,41.79
2024-12-02,Magnésio - Inositol Relief 3.0,319.4
2024-12-02,Magnésio Inositol,137.21
2024-12-02,Magnésio Plus - 350mg,65.31
2024-12-02,Melatonina - Sleepfor,49.3
2024-12-02,Melatonina Duo,44.51
2024-12-02,Morning Shot - Imunidade,87.21
2024-12-02,Multivitaminico  - Imunomult- 1000mg,102.0
2024-12-02,NAC + Glycine + Taurine,69.36
2024-12-02,Nitro 400,357.09
2024-12-02,Omegafor Family - Ômega 3,64.3
2024-12-02,Omegafor Plus,809.56
2024-12-02,Omegafor Vision,85.38
2024-12-02,Pasta de Amendoim,21.0
2024-12-02,Probiótico - Simcaps,99.03
2024-12-02,Probiótico - Simfort Plus,260.1
2024-12-02,Probióticos em Pó - Simfort,121.27
2024-12-02,Proteína Isolada e Hidrolisada - Body Protein,1354.97
2024-12-02,Proteína Vegana - One Nutrition,139.64
2024-12-02,Proteína Vegetal - Vegan Protein,102.59
2024-12-02,Psyllium,252.28
2024-12-02,Refil Whey Concentrado - W100,756.77
2024-12-02,Refil Whey Concentrado Havanna - W100,540.55
2024-12-02,Refil Whey Protein 100%,82.24
2024-12-02,Resveratrol 500mg,134.7
2024-12-02,Simfort fibras,394.4
2024-12-02,Spirulina 500mg,74.25
2024-12-02,Super Ômega 3,964.4
2024-12-02,SuperCoffee,178.72
2024-12-02,Suplemento Alimentar - Alpha Inflaminus,122.81
2024-12-02,Suplemento Alimentar - Alpha Men,116.93
2024-12-02,Suplemento Alimentar - Alpha Women,117.24
2024-12-02,"Suplemento Alimentar - Cabelo, Unha e Pele - Supreme Beauty",141.58
2024-12-02,Suplemento Alimentar - GUARDIAN®,162.27
2024-12-02,Suplemento de Magnésio - Blue Calm,161.47
2024-12-02,Tasty Whey 3W Gourmet,282.06
2024-12-02,Ultracoffee - Vegano,86.62
2024-12-02,Vegan Protein - Vegano,106.05
2024-12-02,Vita Beauty,49.3
2024-12-02,Vitamina B12,127.22
2024-12-02,Vitamina C - VIT C 4 Protect,119.0
2024-12-02,Vitamina C3 - 1000mg,39.1
2024-12-02,Vitamina D - Vita D3,312.8
2024-12-02,Vitamina D - Vita D3 + C + Zinco,197.2
2024-12-02,Vitamina D3 + K2,59.5
2024-12-02,Vitamina D3 + K2 Gotas,55.37
2024-12-02,Vitamina D3 - 2000 Ui,61.88
2024-12-02,"Vitaminas A, E, D e K2- RESTAURE® - Gotas",134.98
2024-12-02,Whey,935.51
2024-12-02,Whey 3W - Delicious,154.7
2024-12-02,Whey Fort 3W,804.75
2024-12-02,Whey Protein Concentrado,1699.2
2024-12-02,Whey Protein Isolado,484.81
2024-12-02,Whey Protein Isolado - Isofort,969.0
2024-12-02,Whey Protein Isolado - Tasty Iso,337.4
2024-12-02,Whey Tech 100%,509.96
2024-12-02,Óleo de Krill  - Ômega 3 EPA DHA,86.7
2024-12-02,Ômega - Mega DHA,273.7
2024-12-02,Ômega 3 - 1360mg,365.76
2024-12-02,Ômega 3 - Omegafor Memory,159.8
2024-12-02,Ômega 3 EPA DHA,806.49
2024-12-02,Ômega 3 Pulse,114.13
2024-12-02,Ômega 3 Super DHA - BIG N,168.59
2024-12-02,Ômega 3 Super DHA BIG,155.31
2024-12-02,Ômega 3 Vegan DHA,101.08
2024-12-09,100% Whey Concentrado,84.15
2024-12-09,100% Whey Crush Concentrada,126.65
2024-12-09,100% Whey Flavour,200.58
2024-12-09,100% Whey Protein - Flavour,100.29
2024-12-09,100% Whey Pure,819.63
2024-12-09,Achocolatado - Choco Family - Refil,59.5
2024-12-09,Aminoácido N-acetil L-cisteína (NAC),58.23
2024-12-09,Aminoácidos - Aminnu EAAs,158.02
2024-12-09,Aminoácidos - Aminnu EAAs - Sem Xilitol,474.06
2024-12-09,BT Nitrato,100.61
2024-12-09,Barrinha de Proteína,76.92
2024-12-09,Barrinha de Proteína - Protein Crisp Bar,61.23
2024-12-09,Barrinha de Proteína -Nutrata Whey Grego,65.0
2024-12-09,Barrinha de Proteína Collagen Bar,101.14
2024-12-09,Barrinha de Proteína Crunch,36.85
2024-12-09,Barrinha de Proteína Thin,98.94
2024-12-09,Barrinha de Proteína Tube,91.7
2024-12-09,Barrinha de Proteína Veganpro Bar,83.39
2024-12-09,Barrinhas de Proteína Crunch,132.6
2024-12-09,Beta Alanina,137.7
2024-12-09,Beta Alanina 100%,130.05
2024-12-09,Beta Alanina Pure,66.3
2024-12-09,Bio Ferro,187.7
2024-12-09,Bio Vitamina B12 em gotas,150.16
2024-12-09,Bio Zinco,76.86
2024-12-09,Biotina Plus,39.65
2024-12-09,Blend de Chá - Digestivo,21.56
2024-12-09,Bombom Recheado,43.1
2024-12-09,"Boraprim - Borragem, Prímula e Gergelim",104.55
2024-12-09,Cafeína,66.4
2024-12-09,Cappuccino Proteico,42.49
2024-12-09,Chlorella 530mg,74.25
2024-12-09,Chá,36.6
2024-12-09,Coenzima Q10,154.38
2024-12-09,Coenzima Q10  (200mg p/ porção),161.5
2024-12-09,Coenzima Q10 (200mg p/ porção),153.0
2024-12-09,Coenzima Q10 + Ômega 3 + Vitamina E,127.5
2024-12-09,Coenzima Q10 - (100mg p/ porção),59.5
2024-12-09,Colágeno -  Collagen Gut,148.11
2024-12-09,Colágeno - Colagentek,132.6
2024-12-09,Colágeno - Colagentek Protein - Bodybalance,268.74
2024-12-09,Colágeno - Collagen Bones,147.26
2024-12-09,Colágeno - Collagen Protein Hidrolisado,808.16
2024-12-09,Colágeno - Collagen Protein Hidrolisado Berries Silvestres 450g PURAVIDA,403.44
2024-12-09,Colágeno - Collagen Renew Hidrolisado,136.74
2024-12-09,Colágeno - Collcreatine,168.73
2024-12-09,Colágeno Hidrolisado - Collagen Pro 18g,144.43
2024-12-09,Combo com 6 Barrinhas de Proteína - Bombar,39.32
2024-12-09,Cranberry,34.88
2024-12-09,Creatina,289.52
2024-12-09,Creatina - Creafort (Creapure),879.0
2024-12-09,Creatina 100%,440.12
2024-12-09,Creatina Monohidratada,1303.09
2024-12-09,Creatina Monohidratada - Creatine,701.62
2024-12-09,Creatina Monohidratada - Hardcore,530.64
2024-12-09,Creatina Premium - Creapure,199.36
2024-12-09,Cálcio de Algas 1000mg,47.54
2024-12-09,Cúrcuma,71.53
2024-12-09,Cúrcuma Plus,301.75
2024-12-09,Enzima - Enzyfor,55.07
2024-12-09,Enzima Lactase - Laczyme,197.2
2024-12-09,Extrato de Laranja Moro 400mg,96.75
2024-12-09,Ferro Quelato + Vitamina C,116.4
2024-12-09,Fibras Prébioticas - Prebiotic,129.92
2024-12-09,Fresh Whey,892.69
2024-12-09,Gel Nitrato,25.83
2024-12-09,Glutamina,203.39
2024-12-09,Gold Whey Concentrado Refil,99.11
2024-12-09,Granola Coconut,101.91
2024-12-09,Grassfed Whey Protein,223.95
2024-12-09,Grassfed Whey Protein - Concentrado,223.96
2024-12-09,L-Carnitina 530mg,76.5
2024-12-09,Magnésio,41.79
2024-12-09,Magnésio - Inositol Relief 3.0,159.7
2024-12-09,Magnésio Plus 900mg,154.5
2024-12-09,Magnésio Quelato - Bio Mag,53.46
2024-12-09,Melatonina,46.94
2024-12-09,Melatonina - Sleepfor,49.3
2024-12-09,Morning Shot - Imunidade,101.92
2024-12-09,Omegafor Family - Ômega 3,215.3
2024-12-09,Omegafor Plus,2569.96
2024-12-09,Palatinose,47.69
2024-12-09,Pasta de Amendoim,27.12
2024-12-09,Prebiótico,63.0
2024-12-09,Probióticos em Pó - Simfort,433.7
2024-12-09,Proteína Isolada e Hidrolisada - Body Protein,330.58
2024-12-09,Proteína Isolada e Hidrolisada - Body Protein Red,330.58
2024-12-09,Pré-Treino,66.33
2024-12-09,Pré-Treino - Beta Action,180.63
2024-12-09,Pré-treino - Warzone,73.24
2024-12-09,Pré-treino Exquenta,152.99
2024-12-09,Pré-treino Panic Pre Workout,83.35
2024-12-09,Próbiotico - Purabiotics,76.5
2024-12-09,Própolis - Green Própolis,68.57
2024-12-09,Própolis Líquido - Gotas,31.35
2024-12-09,Própolis Verde - Premium 10mg,64.6
2024-12-09,Psyllium,316.71
2024-12-09,Refil 100% Whey - Tasty Iso,328.47
2024-12-09,Refil Whey Concentrado - W100,203.11
2024-12-09,Refil Whey Concentrado Havanna - W100,635.55
2024-12-09,Refil Whey Protein 100%,82.24
2024-12-09,Refil Whey Protein Concentrado,166.17
2024-12-09,Refil Wheydop Iso,363.34
2024-12-09,Repositor Energético - D Ribose,151.3
2024-12-09,Simfort fibras,49.3
2024-12-09,SuperCoffee,461.06
2024-12-09,Suplemento - Laranja Moro,72.18
2024-12-09,Suplemento - Super Sono,93.86
2024-12-09,Suplemento Alimentar - Alpha Metabolicus,127.05
2024-12-09,Suplemento Alimentar - GUARDIAN®,162.27
2024-12-09,Suplemento de Magnésio - Blue Calm,71.31
2024-12-09,Suplemento para Cabelos e Unhas- Biocolin Hair,73.02
2024-12-09,Tablete de Doce,22.73
2024-12-09,Tasty Whey 3W Gourmet,554.34
2024-12-09,Termogênico - Lipix6,83.3
2024-12-09,Ultracoffee - Vegano,173.24
2024-12-09,Vegan Protein - Vegano,106.05
2024-12-09,Vitamina - Good Mood,118.94
2024-12-09,Vitamina B12,218.76
2024-12-09,Vitamina C - Bio Vit C+,33.27
2024-12-09,Vitamina D - Vita D3,195.5
2024-12-09,Vitamina D - Vita D3 + C + Zinco,32.3
2024-12-09,Vitamina D3 + K2,131.62
2024-12-09,Vitamina D3 Synergy,59.5
2024-12-09,"Vitaminas A, E, D e K2- RESTAURE® - Gotas",134.98
2024-12-09,Whey,327.26
2024-12-09,Whey 3W,172.52
2024-12-09,Whey Fort 3W,331.5
2024-12-09,Whey Isolado,180.55
2024-12-09,Whey Isolado Nectar,247.84
2024-12-09,Whey Protein Concentrado,1493.68
2024-12-09,Whey Protein Isolado,872.37
2024-12-09,Whey Protein Isolado - Isofort,242.25
2024-12-09,Whey Protein Isolado - Tasty Iso,168.7
2024-12-09,Whey Tech 100%,637.45
2024-12-09,Whey hidrolisado e isolado,231.99
2024-12-09,Óleo de Prímula - 500mg,29.33
2024-12-09,Ômega - Mega DHA,136.85
2024-12-09,Ômega 3 - 1360mg,387.89
2024-12-09,Ômega 3 - EPA DHA - 1000mg,118.39
2024-12-09,Ômega 3 - Omegafor Memory,79.9
2024-12-09,Ômega 3 - Ultra Caps 1000mg,136.53
2024-12-09,Ômega 3 EPA DHA,707.4
2024-12-09,Ômega 3 Super DHA,177.32
2024-12-09,Ômega 3 Super DHA - BIG N,173.7
2024-12-09,Ômega Core,133.88
2024-12-09,Ômega Ultra - 1000mg,84.92
2024-12-09,Ômegafor Vegan 400mg,96.75
2024-12-16,#Whey Fort 3W,165.75
2024-12-16,100% Whey Concentrado,84.15
2024-12-16,100% Whey Crush Concentrada,253.3
2024-12-16,100% Whey Protein - Flavour,100.29
2024-12-16,100% Whey Pure,204.0
2024-12-16,Aminoácido - Aminovita,87.55
2024-12-16,Aminoácidos - Aminnu EAAs,316.04
2024-12-16,Barrinha de Proteína,209.55
2024-12-16,Barrinha de Proteína Crunch,36.85
2024-12-16,Barrinha de Proteína Whey Grego - Havanna,83.44
2024-12-16,Beef Protein,478.54
2024-12-16,Beta Alanina,45.9
2024-12-16,Beta Alanina 100%,43.35
2024-12-16,Bio Ferro,37.54
2024-12-16,Bio Vitamina B12 em gotas,37.54
2024-12-16,Biotina Plus,39.65
2024-12-16,Blend de Chá - Calmante,46.41
2024-12-16,Blend de Chá - Digestivo,21.56
2024-12-16,Bom Ciclo,73.02
2024-12-16,"Boraprim - Borragem, Prímula e Gergelim",204.8
2024-12-16,Chlorella 530mg,77.97
2024-12-16,Coenzima Q10,405.12
2024-12-16,Coenzima Q10  (200mg p/ porção),323.0
2024-12-16,Coenzima Q10 (200mg p/ porção),187.0
2024-12-16,Coenzima Q10 + Ômega 3 + Vitamina E,255.0
2024-12-16,Coenzima Q10 - (100mg p/ porção),119.0
2024-12-16,Colágeno - Colagentek,66.3
2024-12-16,Colágeno - Colagentek Beauty,93.5
2024-12-16,Colágeno - Colagentek Protein - Bodybalance,134.37
2024-12-16,Colágeno - Collagen Essential Protein,301.08
2024-12-16,Colágeno - Collagen Protein Hidrolisado,273.22
2024-12-16,Colágeno - Collagen Renew Hidrolisado,188.13
2024-12-16,Colágeno - Collagen Tipo II 40mg,135.88
2024-12-16,Colágeno Hidrolisado,177.36
2024-12-16,Colágeno Hidrolisado - Collagen Pro 18g,144.43
2024-12-16,Colágeno Tipo II,107.94
2024-12-16,Colágeno Verisol,156.0
2024-12-16,Complexo B - Bio Vit.B+,35.11
2024-12-16,Creatina,144.76
2024-12-16,Creatina - Creafort (Creapure),495.0
2024-12-16,Creatina - Creapure,161.12
2024-12-16,Creatina 100%,249.72
2024-12-16,Creatina Monohidratada,1044.12
2024-12-16,Creatina Monohidratada (Creapure),353.3
2024-12-16,Creatina Monohidratada - Alcalina Kre,221.34
2024-12-16,Creatina Monohidratada - Creatine,170.09
2024-12-16,Creatina Monohidratada - Hardcore,88.44
2024-12-16,Creatina Premium - Creapure,199.36
2024-12-16,Curcumina,79.41
2024-12-16,Cálcio de Algas 1000mg,47.54
2024-12-16,Cúrcuma - Curcumagic,112.56
2024-12-16,Cúrcuma 500mg,84.32
2024-12-16,Cúrcuma Plus,301.75
2024-12-16,Enzima - Enzyfor,55.07
2024-12-16,Enzimas Enzyfor,221.0
2024-12-16,Extrato de Laranja Moro 400mg,84.32
2024-12-16,Extrato de Própolis - Propolyz,26.12
2024-12-16,Ferro Quelato + Vitamina C,116.4
2024-12-16,Fibras Prébioticas - Prebiotic,64.96
2024-12-16,Fresh Vegan,130.78
2024-12-16,Fresh Whey,1167.36
2024-12-16,Glutamina,170.27
2024-12-16,Glutamina - Glutamax Refil,97.75
2024-12-16,Granola,19.35
2024-12-16,Granola Australia - Low Carb,94.52
2024-12-16,Magnésio,125.37
2024-12-16,Magnésio Dimalato,45.22
2024-12-16,Melatonina,85.99
2024-12-16,Melatonina em Gotas,96.9
2024-12-16,Morning Shot - Imunidade,101.92
2024-12-16,Omegafor Plus,2203.95
2024-12-16,Prebiótico,122.48
2024-12-16,Probiótico - Simcaps,115.6
2024-12-16,Probiótico - Simfort Plus,86.7
2024-12-16,Profem - Óleo de Prímula,84.15
2024-12-16,Proteína Isolada e Hidrolisada - Body Protein,330.58
2024-12-16,Proteína Vegana - Immuno Veggie,188.5
2024-12-16,Proteína Vegana - One Nutrition,133.0
2024-12-16,Pré-Treino - WarmUp Ultra,196.06
2024-12-16,Própolis - Green Própolis,68.57
2024-12-16,Própolis Alcoólico,23.29
2024-12-16,Própolis Líquido - Gotas,31.35
2024-12-16,Própolis Verde,47.59
2024-12-16,Psyllium,101.66
2024-12-16,Quercetina 300mg,63.68
2024-12-16,Refil Whey Concentrado - W100,216.22
2024-12-16,Refil Whey Concentrado Havanna - W100,108.11
2024-12-16,Refil Wheydop Iso,363.34
2024-12-16,Resveratrol Plus - 165mg,93.5
2024-12-16,Sleep,151.65
2024-12-16,Super Ômega 3,251.44
2024-12-16,SuperCoffee,88.55
2024-12-16,Suplemento Alimentar  - Hepatofor,127.5
2024-12-16,Suplemento Alimentar - Alpha Mater,105.45
2024-12-16,Suplemento Alimentar - GUARDIAN®,158.02
2024-12-16,Suplemento Alimentar - Pura Fiber,130.0
2024-12-16,Suplemento alimentar de Ômega 3 - DHA OX,256.78
2024-12-16,Suplemento para Cabelos e Unhas- Biocolin Hair,73.02
2024-12-16,Tasty Whey 3W Gourmet,282.06
2024-12-16,Termogênico - Thermo Attack,52.83
2024-12-16,Trio Magnésio 720mg,106.34
2024-12-16,Vegan Protein,123.41
2024-12-16,Vitamina B12,184.6
2024-12-16,Vitamina C - Bio Vit C+,33.27
2024-12-16,Vitamina C - Ydrosolv,78.75
2024-12-16,Vitamina D - Vita D3,312.8
2024-12-16,Vitamina D - Vita D3 + C + Zinco,98.6
2024-12-16,Vitamina D3,77.28
2024-12-16,Vitamina D3 - 2000 Ui,92.82
2024-12-16,Vitamina D3 Synergy,59.5
2024-12-16,"Vitaminas A, E, D e K2- RESTAURE® - Gotas",134.98
2024-12-16,Whey,445.07
2024-12-16,Whey 3W - Delicious,232.05
2024-12-16,Whey Fort 3W,165.75
2024-12-16,Whey Protein 3W,153.17
2024-12-16,Whey Protein Concentrado,679.68
2024-12-16,Whey Protein Isolado,924.48
2024-12-16,Whey Protein Isolado - Tasty Iso,168.7
2024-12-16,Whey Tech 100%,509.96
2024-12-16,Whey hidrolisado e isolado,231.99
2024-12-16,Zinco,43.51
2024-12-16,Óleo de Krill,162.56
2024-12-16,Óleo de Prímula - 500mg,29.33
2024-12-16,Ômega -  Mega DHA,166.0
2024-12-16,Ômega - Mega DHA,136.85
2024-12-16,Ômega 3 - 1360mg,243.84
2024-12-16,Ômega 3 - EPA DHA - 1000mg,142.9
2024-12-16,Ômega 3 - Omegafor Memory,79.9
2024-12-16,Ômega 3 EPA DHA,575.64
2024-12-16,Ômega 3 Super DHA,88.66
2024-12-16,Ômega 3 Super DHA - BIG N,173.7
2024-12-16,Ômega Core,133.88
2024-12-16,Ômega DHA,177.01
2024-12-16,Ômegafor Vegan 400mg,96.75
2024-12-23,100% Whey Pure,306.0
2024-12-23,100% Whey True Protein,166.54
2024-12-23,Aminoácido - Aminovita,87.55
2024-12-23,Aminoácido - BCAA Fort,75.65
2024-12-23,Barrinha de Proteína Veganpro Bar,83.39
2024-12-23,Beef Protein,104.97
2024-12-23,Coenzima Q10  (200mg p/ porção),161.5
2024-12-23,Coenzima Q10 + Ômega 3 + Vitamina E,127.5
2024-12-23,Coenzima Q10 - (100mg p/ porção),59.5
2024-12-23,Colágeno - Colagentek Beauty,93.5
2024-12-23,Colágeno - Colagentek Protein - Bodybalance,186.41
2024-12-23,Colágeno - Collagen Essential Protein,451.62
2024-12-23,Colágeno - Collagen Pro - Body Suport,163.98
2024-12-23,Colágeno - Collagen Protein Hidrolisado,409.83
2024-12-23,Colágeno Hidrolisado - Collagen Pro 18g,144.43
2024-12-23,Complexo B - Bio Vit.B+,35.11
2024-12-23,Creatina - Creafort (Creapure),102.0
2024-12-23,Creatina 100%,166.48
2024-12-23,Creatina Monohidratada,438.23
2024-12-23,Creatina Monohidratada - Creatine,271.08
2024-12-23,Cúrcuma Plus,181.05
2024-12-23,Fresh Vegan,130.78
2024-12-23,Fresh Whey,194.56
2024-12-23,Glutamina,114.08
2024-12-23,Glutamina - Glutamax,72.25
2024-12-23,Isofort Plant (Life Vegan),183.6
2024-12-23,Maca Peruana 2000mg,66.43
2024-12-23,Magnésio Inositol,137.21
2024-12-23,Magnésio Plus 900mg,231.75
2024-12-23,Melatonina,28.5
2024-12-23,Melatonina - Sleepfor,68.64
2024-12-23,Multivitaminico  - Imunomult- 1000mg,204.0
2024-12-23,Nootrópico - Brain Up,121.15
2024-12-23,Omegafor Plus,143.59
2024-12-23,Probiótico - Simcaps,41.23
2024-12-23,Probiótico - Simfort Plus,260.1
2024-12-23,Probióticos em Pó - Simfort,85.95
2024-12-23,Proteína - Best Vegan,85.43
2024-12-23,Proteína - Isocrisp Plant Pouch,57.8
2024-12-23,Proteína Isolada e Hidrolisada - Body Protein,165.29
2024-12-23,Pré-Treino - V Fort Ultra,101.48
2024-12-23,Própolis Verde,36.3
2024-12-23,Própolis Verde - Propomax,46.16
2024-12-23,Psyllium,140.25
2024-12-23,Refil Whey Concentrado - W100,108.11
2024-12-23,Resveratrol 500mg,74.25
2024-12-23,Simfort fibras,49.3
2024-12-23,Spirulina 500mg,83.85
2024-12-23,Super Ômega 3,247.67
2024-12-23,SuperCoffee,269.28
2024-12-23,"Suplemento Alimentar - Cabelo, Pele e Unha - Gomas",130.24
2024-12-23,Suplemento Alimentar - Immune +,141.58
2024-12-23,Suplemento de Magnésio - Blue Calm,235.79
2024-12-23,True Cúrcuma,72.17
2024-12-23,Vitamina B12,63.61
2024-12-23,Vitamina C - Bio Vit C+,48.75
2024-12-23,Vitamina D - Vita D3,39.1
2024-12-23,Vitamina D - Vita D3 + C + Zinco,98.6
2024-12-23,Vitamina D3,33.89
2024-12-23,Vitamina D3 + K2,59.5
2024-12-23,Vitamina D3 Synergy,59.5
2024-12-23,Whey Isolado,149.25
2024-12-23,Whey Isolado - Iso Triple Zero,172.49
2024-12-23,Whey Protein Concentrado,339.84
2024-12-23,Whey Protein Isolado,630.0
2024-12-23,Whey Protein Isolado - Isofort,242.25
2024-12-23,Whey Tech 100%,637.45
2024-12-23,Ômega -  Mega DHA,83.0
2024-12-23,Ômega 3 - EPA DHA - 1000mg,106.41
2024-12-23,Ômega 3 EPA DHA,457.0
2024-12-23,Ômega 3 Pulse,114.13
2024-12-30,100% Whey Protein - Flavour,200.58
2024-12-30,100% Whey Pure,306.0
2024-12-30,Aminoácido - Aminovita,241.4
2024-12-30,Aminoácido N-acetil L-cisteína (NAC),58.23
2024-12-30,Arginofor -  L-Arginina,86.7
2024-12-30,Barrinha de Proteina - Protein Crisp Bar,61.23
2024-12-30,Best Whey,465.3
2024-12-30,Best Whey Iso,193.67
2024-12-30,Beta Alanina,91.8
2024-12-30,Bio Cálcio  60 caps PURAVIDA,57.72
2024-12-30,Coenzima Q10,385.95
2024-12-30,Coenzima Q10  (200mg p/ porção),161.5
2024-12-30,Coenzima Q10 (200mg p/ porção),187.0
2024-12-30,Coenzima Q10 - (100mg p/ porção),59.5
2024-12-30,Coenzima Q10 200mg,91.12
2024-12-30,Colágeno - Colagentek,265.2
2024-12-30,Colágeno - Collagen Essential Protein,150.54
2024-12-30,Colágeno - Collagen Renew Hidrolisado,68.37
2024-12-30,Colágeno Hidrolisado - Collagen Pro 18g,288.86
2024-12-30,Creatina,63.67
2024-12-30,Creatina 100%,83.24
2024-12-30,Creatina Monohidratada,1094.36
2024-12-30,Creatina Monohidratada - Creatine,180.72
2024-12-30,Creatina Monohidratada - Hardcore,265.32
2024-12-30,Cúrcuma Plus,301.75
2024-12-30,Enzimas Enzyfor,110.5
2024-12-30,Feno Grego + Boro 500mg,83.04
2024-12-30,Fresh Whey,680.96
2024-12-30,Glutamina,171.12
2024-12-30,Intra-Treino Power Powder ,34.34
2024-12-30,Magnésio Plus - 350mg,65.31
2024-12-30,Magnésio Quelato - Bio Mag,53.46
2024-12-30,Melatonina,39.05
2024-12-30,Multivitaminico  - Imunomult- 1000mg,102.0
2024-12-30,Omegafor Plus,287.18
2024-12-30,Palatinose,93.26
2024-12-30,Proteína Isolada e Hidrolisada - Body Protein,661.16
2024-12-30,Pré-Treino - V Fort Ultra,101.48
2024-12-30,Pré-treino - Warzone,73.24
2024-12-30,Pré-treino - Égide,135.96
2024-12-30,Pré-treino Panic Pre Workout,83.35
2024-12-30,Própolis Líquido - Gotas,31.35
2024-12-30,Própolis Verde,36.3
2024-12-30,Psyllium,63.07
2024-12-30,Refil Whey Concentrado - W100,216.22
2024-12-30,Refil Wheydop Iso,181.67
2024-12-30,Resveratrol Plus - 165mg,93.5
2024-12-30,Simfort Femme,86.7
2024-12-30,Super Ômega 3,171.36
2024-12-30,SuperCoffee,358.74
2024-12-30,SuperCoffee Língua de gato - Kopenhagen,140.33
2024-12-30,Suplemento - Laranja Moro,72.18
2024-12-30,Suplemento de Magnésio - Blue Calm,71.31
2024-12-30,Suplemento para Imunidade - Immune Up 100%,105.03
2024-12-30,Termogênico - Lipix6,83.3
2024-12-30,Trio Magnésio 720mg,159.51
2024-12-30,True Cúrcuma,72.17
2024-12-30,Vitamina B12,126.27
2024-12-30,Vitamina C - Bio Vit C+,33.27
2024-12-30,Vitamina D - Vita D3,78.2
2024-12-30,Vitamina D - Vita D3 + C + Zinco,49.3
2024-12-30,Vitamina K2,45.23
2024-12-30,Whey,490.89
2024-12-30,Whey Concentrado - W100,105.48
2024-12-30,Whey Protein - Isofort Beauty,134.38
2024-12-30,Whey Protein Concentrado,169.92
2024-12-30,Whey Protein Isolado,675.99
2024-12-30,Whey Protein Isolado - Isofort,242.25
2024-12-30,Whey Tech 100%,382.47
2024-12-30,Ômega -  Mega DHA,249.0
2024-12-30,Ômega - Mega DHA,173.74
2024-12-30,Ômega 3 - EPA DHA - 1000mg,142.9
2024-12-30,Ômega 3 EPA DHA,281.86
2025-01-06,#Whey Fort 3W,165.75
2025-01-06,100% Whey Protein - Flavour,200.58
2025-01-06,100% Whey Pure,1115.0
2025-01-06,Aminoácido N-acetil L-cisteína (NAC),58.23
2025-01-06,Barrinha de Proteina - Protein Crisp Bar,61.23
2025-01-06,Barrinha de Proteína,1021.8
2025-01-06,Barrinha de Proteína - Protein Crisp Bar,61.23
2025-01-06,Barrinha de Proteína - YoPRO,94.86
2025-01-06,Barrinha de Proteína -Nutrata Whey Grego,65.0
2025-01-06,Barrinha de Proteína Choco Wheyfer,23.77
2025-01-06,Barrinha de Proteína Collagen Bar,101.14
2025-01-06,Barrinha de Proteína Thin,190.64
2025-01-06,Beef Protein,268.6
2025-01-06,Beta Alanina,91.8
2025-01-06,Beta Alanina 100%,86.7
2025-01-06,Bio Ferro,75.08
2025-01-06,Bio Zinco,25.62
2025-01-06,Body Protein Vegano,143.76
2025-01-06,BodyBalance - Muscle Synergy,202.3
2025-01-06,Bombom,33.24
2025-01-06,Bombom Recheado,43.1
2025-01-06,"Boraprim - Borragem, Prímula e Gergelim",72.2
2025-01-06,Cafeína,72.51
2025-01-06,Chá Sublime - Brisa,18.0
2025-01-06,Coenzima  Q10 - 100mg,83.33
2025-01-06,Coenzima Q10,252.48
2025-01-06,Coenzima Q10  (200mg p/ porção),323.0
2025-01-06,Coenzima Q10 (200mg p/ porção),340.0
2025-01-06,Coenzima Q10 + Ômega 3 + Vitamina E,382.5
2025-01-06,Coffee - Brainstorm,92.83
2025-01-06,Colágeno -  Collagen Gut,148.11
2025-01-06,Colágeno - Colagentek Protein - Bodybalance,372.82
2025-01-06,Colágeno - Collagen Essential Protein,602.16
2025-01-06,Colágeno - Collagen Gut,148.97
2025-01-06,Colágeno - Collagen Protein Hidrolisado,136.61
2025-01-06,Colágeno - Collagen Renew Hidrolisado,68.37
2025-01-06,Colágeno Hidrolisado,44.34
2025-01-06,Colágeno Hidrolisado - Collagen Pro 18g,144.43
2025-01-06,Creatina - Creafort (Creapure),1296.0
2025-01-06,Creatina 100%,130.84
2025-01-06,Creatina 100% Pure,107.04
2025-01-06,Creatina Monohidratada,1195.8
2025-01-06,Creatina Monohidratada (Creapure),353.3
2025-01-06,Creatina Monohidratada - Creadop Serie Sport,83.32
2025-01-06,Creatina Monohidratada - Creatine,802.61
2025-01-06,Creatina Monohidratada - Hardcore,170.19
2025-01-06,Creatina Premium - Creapure,199.36
2025-01-06,Cúrcuma,71.53
2025-01-06,Cúrcuma Plus,422.45
2025-01-06,Energy Gel,201.35
2025-01-06,Extrato de Laranja Moro 400mg,84.32
2025-01-06,Extrato de Própolis - Propolyz,26.12
2025-01-06,Ferro Quelato + Vitamina C,77.6
2025-01-06,Fresh Vegan,130.78
2025-01-06,Fresh Whey,875.52
2025-01-06,Gel Neutro Fresh com Cafeína,55.96
2025-01-06,Glutamina,112.04
2025-01-06,Glutamina em Pó,73.13
2025-01-06,Gold Whey Concentrado Refil,99.11
2025-01-06,Granola Australia - Low Carb,62.43
2025-01-06,Grassfed Whey Protein,137.25
2025-01-06,L-Taurina - 1.000mg,50.15
2025-01-06,Magnésio,83.58
2025-01-06,Magnésio - 3MAG - Pool de Magnésio,61.97
2025-01-06,Magnésio - Inositol Relief 3.0,149.25
2025-01-06,Magnésio Plus - 350mg,130.62
2025-01-06,Magnésio Plus 900mg,77.25
2025-01-06,Melatonina,46.94
2025-01-06,Melatonina - Ydrosolv,65.71
2025-01-06,Melatonina Duo,89.02
2025-01-06,Morning Shot - Imunidade,87.21
2025-01-06,NAC Acetilcisteína -  600mg,71.5
2025-01-06,Omegafor Family - Ômega 3,128.6
2025-01-06,Omegafor Plus,1624.82
2025-01-06,Palatinose,45.11
2025-01-06,Probiótico - Simfort Plus,433.5
2025-01-06,Probióticos em Pó - Simfort,87.07
2025-01-06,Proteína Isolada e Hidrolisada - Body Protein,991.74
2025-01-06,Proteína Isolada e Hidrolisada - Body Protein Red,495.87
2025-01-06,Proteína Isolada e Hidrolisada - Raptor HP,172.79
2025-01-06,Proteína Vegana - Veggie Protein,144.49
2025-01-06,Pré-treino - Warzone,146.48
2025-01-06,Pré-treino - Égide,135.96
2025-01-06,Própolis Líquido - Gotas,62.7
2025-01-06,Própolis Verde - Alcoólico,22.25
2025-01-06,Própolis Verde 70,95.91
2025-01-06,Psyllium,329.46
2025-01-06,Refil Whey Concentrado - W100,432.44
2025-01-06,Refil Whey Concentrado Havanna - W100,216.22
2025-01-06,Refil Whey Protein 100%,335.96
2025-01-06,Refil Whey Protein Concentrado,332.28
2025-01-06,Refil Wheydop Iso,181.67
2025-01-06,Resveratrol Plus - 165mg,93.5
2025-01-06,Simfort fibras,49.3
2025-01-06,Sleep,151.65
2025-01-06,Super Ômega 3,402.33
2025-01-06,SuperCoffee,231.23
2025-01-06,SuperCoffee Língua de gato - Kopenhagen,280.66
2025-01-06,Suplemento - Hyaluronic Hair,133.46
2025-01-06,Suplemento Alimentar  - Hepatofor,146.98
2025-01-06,Suplemento Alimentar - Alpha Metabolicus,127.05
2025-01-06,"Suplemento Alimentar - Cabelo, Pele e Unha - Gomas",130.24
2025-01-06,Suplemento Alimentar - GUARDIAN®,320.29
2025-01-06,Suplemento de Magnésio - Blue Calm,394.25
2025-01-06,Suplemento para Imunidade - Immune Up 100%,105.03
2025-01-06,Trio Magnésio 720mg,53.17
2025-01-06,True Cúrcuma,72.17
2025-01-06,Vegan Protein,123.41
2025-01-06,Vegan Protein - Vegano,106.05
2025-01-06,Vitamina - Good Mood,59.47
2025-01-06,Vitamina B12,184.71
2025-01-06,Vitamina C - Antioxidante,19.97
2025-01-06,Vitamina C3 - 1000mg,68.0
2025-01-06,Vitamina D - Vita D3,312.8
2025-01-06,Vitamina D - Vita D3 + C + Zinco,197.2
2025-01-06,Vitamina D3,280.62
2025-01-06,Vitamina D3 + K2,59.5
2025-01-06,Vitamina D3 + K2 Gotas,55.37
2025-01-06,Vitamina D3 Synergy,59.5
2025-01-06,Whey,757.95
2025-01-06,Whey - Isocrisp Pouch,226.95
2025-01-06,Whey 3W - Delicious,154.7
2025-01-06,Whey Fort 3W,331.5
2025-01-06,Whey Isolado - Iso Triple Zero,517.47
2025-01-06,Whey Protein - Isofort Beauty,134.38
2025-01-06,Whey Protein 100% - Refil,127.5
2025-01-06,Whey Protein Concentrado,1189.44
2025-01-06,Whey Protein Isolado,2535.89
2025-01-06,Whey Tech 100%,254.98
2025-01-06,Whey hidrolisado e isolado,231.99
2025-01-06,Ômega -  Mega DHA,249.0
2025-01-06,Ômega 3 - 1360mg,243.84
2025-01-06,Ômega 3 - EPA DHA - 1000mg,189.84
2025-01-06,Ômega 3 - Pro,45.22
2025-01-06,Ômega 3 EPA DHA,699.43
2025-01-06,Ômega 3 Super DHA - BIG N,347.4
2025-01-06,Ômega 3 Super DHA BIG,155.31
2025-01-13,100% Whey Flavour,100.29
2025-01-13,100% Whey Protein - Flavour,501.45
2025-01-13,100% Whey Pure,1530.0
2025-01-13,100% Whey True Protein,666.16
2025-01-13,Achocolatado - Choco Family - Refil,29.75
2025-01-13,Achocolatado - Chocoki,63.08
2025-01-13,Aminoácido - Aminovita,208.25
2025-01-13,Aminoácido - BCAA 3500,45.37
2025-01-13,Aminoácido - L-lysine 1000mg,30.48
2025-01-13,Amora Miúra - 1500mg,79.62
2025-01-13,Antioxidante - Astaxantina,89.25
2025-01-13,BT Nitrato 400,286.12
2025-01-13,Barrinha de Proteína,76.92
2025-01-13,Barrinha de Proteína - Protein Crisp Bar,61.23
2025-01-13,Barrinha de Proteína Best Whey 49g (12g de Proteína),99.44
2025-01-13,Barrinha de Proteína ChocoWheyfer,83.15
2025-01-13,Barrinha de Proteína Cleanpro Bar,83.39
2025-01-13,Barrinha de Proteína Crunch,36.85
2025-01-13,Barrinha de Proteína Veganpro Bar,166.78
2025-01-13,Barrinha de Proteína Whey Grego - Havanna,86.4
2025-01-13,Beef Protein,268.6
2025-01-13,Best Whey Iso,193.67
2025-01-13,Beta Alanina,199.2
2025-01-13,Beta Alanina 100%,43.35
2025-01-13,Bio Ferro,75.08
2025-01-13,Bio Zinco,25.62
2025-01-13,Blend de Chá - Afrodisíaco,21.56
2025-01-13,Blend de Chá - Detox,24.85
2025-01-13,Bombom,29.33
2025-01-13,"Boraprim - Borragem, Prímula e Gergelim",144.4
2025-01-13,Cafeína,33.2
2025-01-13,Chlorella 400mg,77.97
2025-01-13,Clorella Orgânica - 600 tabletes,192.0
2025-01-13,Coenzima Q10,327.93
2025-01-13,Coenzima Q10  (200mg p/ porção),484.5
2025-01-13,Coenzima Q10 (200mg p/ porção),340.0
2025-01-13,Coenzima Q10 + Ômega 3 + Vitamina E,355.57
2025-01-13,Colágeno - Colagentek,331.5
2025-01-13,Colágeno - Colagentek Beauty,93.5
2025-01-13,Colágeno - Colagentek Protein - Bodybalance,186.41
2025-01-13,Colágeno - Collagen Essential Protein,602.16
2025-01-13,Colágeno - Collagen Pro - Body Suport,327.96
2025-01-13,Colágeno - Collagen Renew Hidrolisado,324.87
2025-01-13,Colágeno - Collagen Tipo II 40mg,135.88
2025-01-13,Colágeno - Collcreatine,166.18
2025-01-13,Colágeno - Collpure® - 450g,138.04
2025-01-13,Colágeno Hidrolisado - Collagen Pro 18g,144.43
2025-01-13,Colágeno Tipo II,107.94
2025-01-13,Colágeno Tipo II - Chondro,107.13
2025-01-13,Complexo B 500mg,31.07
2025-01-13,Creatina,445.85
2025-01-13,Creatina - Creafort (Creapure),1422.0
2025-01-13,Creatina - Creapure,161.12
2025-01-13,Creatina 100%,249.72
2025-01-13,Creatina Micronizada,228.24
2025-01-13,Creatina Monohidratada,1324.2
2025-01-13,Creatina Monohidratada - Creadop Serie Sport,333.28
2025-01-13,Creatina Monohidratada - Creatine,180.72
2025-01-13,Creatina Monohidratada - Hardcore,442.2
2025-01-13,Creatina Monohidratada em Gummy,93.86
2025-01-13,Cúrcuma Plus,369.5
2025-01-13,Doce Bocadito,73.1
2025-01-13,Enzimas Enzyfor,110.5
2025-01-13,Extrato de Própolis - Propolyz,26.12
2025-01-13,Ferro - Ydrosolv,79.6
2025-01-13,Ferro Quelato + Vitamina C,77.6
2025-01-13,Fibras Prébioticas - Prebiotic,64.96
2025-01-13,Fresh Vegan,130.78
2025-01-13,Fresh Whey,1457.1
2025-01-13,Glutamina,445.72
2025-01-13,Glutamina em Pó,73.13
2025-01-13,Gold Whey Concentrado Refil,543.8
2025-01-13,Granola Australia - Low Carb,62.43
2025-01-13,Grassfed Whey Protein,137.25
2025-01-13,Grassfed Whey Protein - Concentrado,137.26
2025-01-13,Isofort Plant (Life Vegan),91.8
2025-01-13,L-Carnitina 530mg,76.5
2025-01-13,L-Taurina - 1.000mg,28.9
2025-01-13,Maca Peruana 2000mg,66.43
2025-01-13,Magnésio - Inositol Relief 3.0,298.5
2025-01-13,Magnésio - Quelato,21.34
2025-01-13,Magnésio Plus - 350mg,128.06
2025-01-13,Melatonina,39.05
2025-01-13,Melatonina - Sleepfor,137.28
2025-01-13,Melatonina - Ydrosolv,131.42
2025-01-13,Melatonina Duo,39.27
2025-01-13,Melatonina Duo Harmony,75.08
2025-01-13,Melatonina em Gotas,32.3
2025-01-13,Morning Shot - Imunidade,101.92
2025-01-13,Omegafor Family - Ômega 3,64.3
2025-01-13,Omegafor Plus,1172.54
2025-01-13,Palatinose,138.37
2025-01-13,Probiótico - Simcaps,57.8
2025-01-13,Probiótico - Simfort Plus,423.3
2025-01-13,Probióticos em Pó - Simfort,35.32
2025-01-13,Proteína Isolada e Hidrolisada - Body Protein,1157.03
2025-01-13,Pré-Treino - Beta Action,180.63
2025-01-13,Pré-Treino - V Fort Ultra,88.4
2025-01-13,Pré-treino - Warzone,146.48
2025-01-13,Pré-treino com Beta Alanina,383.68
2025-01-13,Própolis Líquido - Gotas,188.1
2025-01-13,Própolis Verde - Premium 10mg,64.6
2025-01-13,Própolis Verde - Propomax,23.08
2025-01-13,Psyllium,378.42
2025-01-13,Quercetina 300mg,63.68
2025-01-13,Refil Whey Concentrado - W100,108.11
2025-01-13,Refil Whey Concentrado Havanna - W100,108.11
2025-01-13,Refil Whey Protein 100%,164.48
2025-01-13,Refil Whey Protein Concentrado,166.17
2025-01-13,Resveratrol Plus - 165mg,187.0
2025-01-13,Shot Matinal,65.12
2025-01-13,Simfort fibras,147.9
2025-01-13,Sleep,202.02
2025-01-13,Spirulina 400mg,83.85
2025-01-13,Super Ômega 3,631.61
2025-01-13,SuperCoffee,372.52
2025-01-13,Suplemento - Hyaluronic Hair,66.73
2025-01-13,Suplemento Alimentar  - Hepatofor,83.23
2025-01-13,Suplemento Alimentar - Alpha Inflaminus,122.81
2025-01-13,Suplemento Alimentar - Alpha Mater,105.45
2025-01-13,Suplemento Alimentar - Alpha Men,116.93
2025-01-13,Suplemento Alimentar - Alpha Women,117.24
2025-01-13,"Suplemento Alimentar - Cabelo, Unha e Pele - Supreme Beauty",141.58
2025-01-13,Suplemento Alimentar - Green Shot,61.69
2025-01-13,Suplemento Alimentar - Pura Fiber,65.0
2025-01-13,Suplemento para Cabelos e Unhas- Biocolin Hair,85.9
2025-01-13,Tasty Whey 3W Gourmet,705.15
2025-01-13,Trio Magnésio 720mg,53.17
2025-01-13,Vitamina B12,255.18
2025-01-13,Vitamina C - Bio Vit C+,33.27
2025-01-13,Vitamina D - Vita D3,234.6
2025-01-13,Vitamina D - Vita D3 + C + Zinco,180.62
2025-01-13,Vitamina D3,43.39
2025-01-13,Vitamina D3 + K2,121.75
2025-01-13,Vitamina D3 - 2000 Ui,123.76
2025-01-13,Vitamina D3 Synergy,59.5
2025-01-13,Vitamina K2,45.23
2025-01-13,Whey,1912.7
2025-01-13,Whey Concentrado - W100,210.96
2025-01-13,Whey Concentrado - ZeroLac,240.89
2025-01-13,Whey Fort 3W,970.5
2025-01-13,Whey Isolado - Iso Triple Zero,1034.94
2025-01-13,Whey Protein - Isofort Beauty,134.38
2025-01-13,Whey Protein Concentrado,2066.56
2025-01-13,Whey Protein Isolado,1981.98
2025-01-13,Whey Protein Isolado - Isofort,1211.25
2025-01-13,Whey Protein Isolado - Purajuice,130.03
2025-01-13,Whey Tech 100%,892.43
2025-01-13,Whey hidrolisado e isolado,463.98
2025-01-13,Óleo de Prímula - 500mg,29.33
2025-01-13,Ômega - Mega DHA,168.07
2025-01-13,Ômega 3 - 1360mg,731.52
2025-01-13,Ômega 3 - EPA DHA - 1000mg,202.37
2025-01-13,Ômega 3 - Omegafor Memory,96.75
2025-01-13,Ômega 3 DHA,118.88
2025-01-13,Ômega 3 EPA DHA,844.0
2025-01-13,Ômega 3 Super DHA,96.07
2025-01-13,Ômega 3 Super DHA - BIG N,347.4
2025-01-13,Ômega 3 Super DHA BIG,465.93
2025-01-13,Ômega DHA,177.01
2025-01-13,Ômega Golden,133.88
2025-01-20,#Combo Bora Treinar,181.25
2025-01-20,#Whey Fort 3W,165.75
2025-01-20,100% Whey Flavour,200.58
2025-01-20,100% Whey Protein - Flavour,300.87
2025-01-20,100% Whey Pure,1020.0
2025-01-20,Achocolatado - Choco Family - Refil,119.0
2025-01-20,Achocolatado - Chocoki,63.08
2025-01-20,Aminoácido - Aminovita,120.7
2025-01-20,Aminoácido - BCAA 2:1:1,21.35
2025-01-20,Aminoácido - Tryptophan,41.4
2025-01-20,Aminoácido N-acetil L-cisteína (NAC),232.92
2025-01-20,Aminoácidos - Aminnu EAAs,185.9
2025-01-20,Aminoácidos - Aminnu EAAs - Sem Xilitol,557.7
2025-01-20,Barrinha de Proteina - Protein Crisp Bar,122.46
2025-01-20,Barrinha de Proteína,47.57
2025-01-20,Barrinha de Proteína - Nutrata Whey Grego,65.0
2025-01-20,Barrinha de Proteína Choco Wheyfer,27.33
2025-01-20,Barrinha de Proteína Tube,171.26
2025-01-20,Barrinha de Proteína Veganpro Bar,83.39
2025-01-20,Beef Protein,209.94
2025-01-20,Beta Alanina,137.7
2025-01-20,Bio Cálcio  60 caps PURAVIDA,57.72
2025-01-20,Bio Ferro,220.83
2025-01-20,Bio Vitamina B12 em gotas,33.13
2025-01-20,"Boraprim - Borragem, Prímula e Gergelim",288.8
2025-01-20,Cafeína,33.2
2025-01-20,Chlorella 530mg,77.97
2025-01-20,Chocolate 85% Cacau,23.38
2025-01-20,Clorella Orgânica - 200 tabletes,84.04
2025-01-20,Coenzima Q10,229.83
2025-01-20,Coenzima Q10  (200mg p/ porção),969.0
2025-01-20,Coenzima Q10 (200mg p/ porção),374.0
2025-01-20,Coenzima Q10 + Ômega 3 + Vitamina E,127.5
2025-01-20,Coenzima Q10 200mg,91.12
2025-01-20,Colágeno - Colagentek,132.6
2025-01-20,Colágeno - Colagentek Protein - Bodybalance,186.41
2025-01-20,Colágeno - Collagen Essential Protein,602.16
2025-01-20,Colágeno - Collagen Gut,148.97
2025-01-20,Colágeno - Collagen Renew Hidrolisado,262.16
2025-01-20,Colágeno - Gummies,94.6
2025-01-20,Colágeno Hidrolisado - Collagen Pro 18g,722.15
2025-01-20,Colágeno Tipo II,107.94
2025-01-20,Colágeno Tipo II - Artro Aid,303.24
2025-01-20,Combo com 4 Sachês SuperCoffee,27.37
2025-01-20,Combo com 6 Barrinhas de Proteína  - Bombar,78.64
2025-01-20,Complexo B 500mg,31.07
2025-01-20,Creatina - Creafort (Creapure),1485.0
2025-01-20,Creatina 100%,773.08
2025-01-20,Creatina Monohidratada,1146.18
2025-01-20,Creatina Monohidratada - Creadop Serie Sport,83.32
2025-01-20,Creatina Monohidratada - Creatine,621.89
2025-01-20,Creatina Monohidratada - Hardcore,176.88
2025-01-20,Cromo Picolinato - 250mg,24.52
2025-01-20,Cúrcuma 500mg,84.32
2025-01-20,Cúrcuma Plus,266.45
2025-01-20,Enzimas Enzyfor,221.0
2025-01-20,Ferro Quelato + Vitamina C,38.8
2025-01-20,Fibras Prébioticas - Prebiotic,64.96
2025-01-20,Fresh Whey,873.42
2025-01-20,Gel Nitrato,99.18
2025-01-20,Glutamina,365.09
2025-01-20,Glutamina - Glutamax,144.5
2025-01-20,Glutamina em Pó,73.13
2025-01-20,Gold Whey Concentrado Refil,217.52
2025-01-20,Grassfed Whey Protein,137.25
2025-01-20,Immuno Whey,200.86
2025-01-20,Intra-Treino Power Powder ,68.68
2025-01-20,Isofort Plant (Life Vegan),275.4
2025-01-20,Magnésio,41.79
2025-01-20,Magnésio - 3MAG - Pool de Magnésio,61.97
2025-01-20,Magnésio - Inositol Relief 3.0,149.25
2025-01-20,Magnésio Dimalato,45.22
2025-01-20,Magnésio Inositol,296.13
2025-01-20,Magnésio Plus - 350mg,128.06
2025-01-20,Magnésio Plus 900mg,154.5
2025-01-20,Magnésio Quelato - Bio Mag,53.46
2025-01-20,Melatonina,39.05
2025-01-20,Melatonina - Sleepfor,49.3
2025-01-20,Melatonina - Ydrosolv,197.13
2025-01-20,Melatonina Duo,44.51
2025-01-20,Melatonina em Gotas,32.3
2025-01-20,Melatonina em Gummy,86.63
2025-01-20,Morning Shot - Imunidade,365.59
2025-01-20,Multivitaminico  - Imunomult- 1000mg,102.0
2025-01-20,Multivitaminico - Imunomult- 1000mg,67.15
2025-01-20,NAC 650mg,118.5
2025-01-20,Nitro 400,119.03
2025-01-20,Omegafor Family - Ômega 3,64.3
2025-01-20,Omegafor Plus,1503.82
2025-01-20,Omegafor Vision,85.38
2025-01-20,Palatinose,382.16
2025-01-20,Pasta de Amendoim,230.26
2025-01-20,Pasta de Amendoim Granulado,20.22
2025-01-20,Probiótico - Simcaps,57.8
2025-01-20,Probiótico - Simfort Plus,86.7
2025-01-20,Probióticos em Pó - Simfort,35.32
2025-01-20,Profem - Óleo de Prímula,84.15
2025-01-20,Proteina Vegetal,125.22
2025-01-20,Proteína Isolada e Hidrolisada - Body Protein,826.45
2025-01-20,Proteína Isolada e Hidrolisada - Body Protein Red,330.58
2025-01-20,Proteína Vegana - Immuno Veggie,188.5
2025-01-20,Proteína Vegana - One Nutrition,133.0
2025-01-20,Proteína Vegana - Vegan Tasty,109.74
2025-01-20,Pré-Treino - Betadop,102.38
2025-01-20,Pré-Treino - V Fort Ultra,189.88
2025-01-20,Pré-treino - Warzone,73.24
2025-01-20,Própolis Verde,47.59
2025-01-20,Própolis Verde - Alcoólico,22.25
2025-01-20,Quercetina 300mg,63.68
2025-01-20,Refil Whey 100% Pure,349.68
2025-01-20,Refil Whey Concentrado - W100,324.33
2025-01-20,Refil Whey Concentrado Havanna - W100,108.11
2025-01-20,Refil Whey Protein Concentrado,332.31
2025-01-20,Refil Wheydop Iso,545.01
2025-01-20,Resveratrol Plus - 165mg,187.0
2025-01-20,Simfort fibras,197.2
2025-01-20,Spirulina 500mg,83.85
2025-01-20,Super Ômega 3,477.46
2025-01-20,SuperCoffee,319.78
2025-01-20,SuperCoffee Língua de gato - Kopenhagen,140.33
2025-01-20,Suplemento - Hyaluronic Hair,66.73
2025-01-20,Suplemento - Laranja Moro,216.54
2025-01-20,Suplemento Alimentar - Alpha Mater,210.9
2025-01-20,Suplemento Alimentar - Alpha Women,117.24
2025-01-20,"Suplemento Alimentar - Cabelo, Unha e Pele - Beauty +",106.18
2025-01-20,Suplemento de Magnésio - Blue Calm,285.24
2025-01-20,Suplemento para Imunidade - Immune Up 100%,105.03
2025-01-20,Tasty Whey 3W Gourmet,705.15
2025-01-20,Tortinha Proteica,102.68
2025-01-20,Trio Magnésio 720mg,53.17
2025-01-20,Triptofano Noite,70.69
2025-01-20,Vegan Protein - Vegano,106.05
2025-01-20,Vegan Ômega 3 DHA,117.16
2025-01-20,Vitamina - Good Mood,59.47
2025-01-20,Vitamina B12,222.89
2025-01-20,Vitamina D - Vita D3,452.88
2025-01-20,Vitamina D - Vita D3 + C + Zinco,41.01
2025-01-20,Vitamina D3 + K2 Gotas,55.37
2025-01-20,Vitamina D3 - 2000 Ui,30.94
2025-01-20,Vitamina D3 - Ydrosolv,61.41
2025-01-20,Vitamina D3 Synergy,59.5
2025-01-20,Whey,608.7
2025-01-20,Whey - Immuno Golden,173.44
2025-01-20,Whey 3W,172.52
2025-01-20,Whey 3W - Delicious,386.75
2025-01-20,Whey Concentrado - W100,105.48
2025-01-20,Whey Fort 3W,304.5
2025-01-20,Whey Isolado - Iso Triple Zero,344.98
2025-01-20,Whey Isolado - Isofort Ultra Imuno,299.2
2025-01-20,Whey Protein - 3W - The Whey,121.33
2025-01-20,Whey Protein 3W,153.17
2025-01-20,Whey Protein Concentrado,1153.84
2025-01-20,Whey Protein Crisp - Isocrisp,41.31
2025-01-20,Whey Protein ISO 100 Hydrolyzed,749.7
2025-01-20,Whey Protein Isolado,1506.86
2025-01-20,Whey Protein Isolado - Isofort,1211.25
2025-01-20,Whey Tech 100%,764.94
2025-01-20,Whey hidrolisado e isolado,695.97
2025-01-20,Zinco Quelado,30.94
2025-01-20,Óleo de Coco  - Spray,17.85
2025-01-20,Óleo de Prímula - 500mg,29.33
2025-01-20,Ômega -  Mega DHA,166.0
2025-01-20,Ômega 3 + Coenzima Q10 - Omegavie,69.45
2025-01-20,Ômega 3 - 1360mg,487.68
2025-01-20,Ômega 3 - EPA DHA - 1000mg,281.64
2025-01-20,Ômega 3 - Ultra Caps 1000mg,136.53
2025-01-20,Ômega 3 EPA DHA,223.0
2025-01-20,Ômega 3 IFOS - 660 EPA/ 440 DHA,165.84
2025-01-20,Ômega 3 Pulse,114.13
2025-01-20,Ômega 3 Super DHA - BIG N,86.85
2025-01-20,Ômega 3 Super DHA BIG,155.31
2025-01-20,Ômega Ultra - 1000mg,84.92
2025-01-20,Ômegafor Vegan 400mg,96.75
2025-01-27,#Combo Bora Treinar,181.25
2025-01-27,100% Whey Flavour,200.58
2025-01-27,100% Whey Protein - Flavour,475.41
2025-01-27,100% Whey Pure,1632.0
2025-01-27,100% Whey True Protein,666.16
2025-01-27,Achocolatado - Chocoki,176.48
2025-01-27,Aminoácido - Tryptophan,41.4
2025-01-27,Aminoácido N-acetil L-cisteína (NAC),174.69
2025-01-27,Aminoácidos - Aminnu EAAs,185.9
2025-01-27,Arginofor - L-Arginina,57.8
2025-01-27,Barrinha de Proteina - Protein Crisp Bar,61.23
2025-01-27,Barrinha de Proteína,151.98
2025-01-27,Barrinha de Proteína - Protein Crisp Bar,61.23
2025-01-27,Barrinha de Proteína Veganpro Bar,83.39
2025-01-27,Bebida Vegetal,48.25
2025-01-27,Beef Protein,314.91
2025-01-27,Best Whey,232.65
2025-01-27,Best Whey Iso,387.34
2025-01-27,Beta Alanina,91.8
2025-01-27,Bio Cálcio  60 caps PURAVIDA,115.44
2025-01-27,Bio Zinco,25.62
2025-01-27,Blend de Chá - Afrodisíaco,21.56
2025-01-27,Blend de Chá - Detox,24.85
2025-01-27,Bombom,29.33
2025-01-27,"Boraprim - Borragem, Prímula e Gergelim",72.2
2025-01-27,Cafeína,33.2
2025-01-27,Chlorella 530mg,77.97
2025-01-27,Chocolate 70% Cacau,46.76
2025-01-27,Chá,18.0
2025-01-27,Chá - Immuno Guard,51.02
2025-01-27,Coenzima  Q10 - 100mg,249.99
2025-01-27,Coenzima Q10,77.19
2025-01-27,Coenzima Q10  (200mg p/ porção),646.0
2025-01-27,Coenzima Q10 (200mg p/ porção),93.5
2025-01-27,Coenzima Q10 + Ômega 3 + Vitamina E,255.0
2025-01-27,Coenzima Q10 - (100mg p/ porção),59.5
2025-01-27,Coenzima Q10 - 100mg,95.55
2025-01-27,Coenzima Q10 - 200mg,129.97
2025-01-27,Coenzima Q10 200mg,91.12
2025-01-27,Colosfort Lactoferrin Plus,157.49
2025-01-27,Colágeno - Colagentek Protein - Bodybalance,186.41
2025-01-27,Colágeno - Collagen Essential Protein,301.08
2025-01-27,Colágeno - Collagen Gut,148.97
2025-01-27,Colágeno - Collagen Pro - Body Suport,163.98
2025-01-27,Colágeno - Collagen Protein Hidrolisado,250.22
2025-01-27,Colágeno - Collagen Renew Hidrolisado,68.37
2025-01-27,Colágeno - Collagen Tipo II 40mg,135.88
2025-01-27,Colágeno Collagen Skin,165.75
2025-01-27,Colágeno Hidrolisado - Collagen Pro 18g,577.72
2025-01-27,Colágeno Tipo II,107.94
2025-01-27,Combo Cim 3 Caixas de Chá Gourmet - TPM Relax,23.46
2025-01-27,Complexo B,166.18
2025-01-27,Creatina,335.93
2025-01-27,Creatina - Creafort (Creapure),1233.0
2025-01-27,Creatina - Gummies,110.7
2025-01-27,Creatina 100%,1284.48
2025-01-27,Creatina Micronizada,228.24
2025-01-27,Creatina Monohidratada,1683.92
2025-01-27,Creatina Monohidratada (Creapure),706.6
2025-01-27,Creatina Monohidratada -  Crealift (Creapure),245.65
2025-01-27,Creatina Monohidratada - Creadop Serie Sport,166.64
2025-01-27,Creatina Monohidratada - Creatine,1174.68
2025-01-27,Creatina Monohidratada - Hardcore,523.95
2025-01-27,Creatina Premium - Creapure,199.36
2025-01-27,Cromo Picolinato - 250mg,24.52
2025-01-27,Cálcio de Algas 1000mg,95.08
2025-01-27,Cúrcuma 500mg,168.64
2025-01-27,Cúrcuma Plus,362.1
2025-01-27,Energy Gel c/ Cafeína,37.41
2025-01-27,Enzimas Enzyfor,110.5
2025-01-27,Extrato de Laranja Moro 400mg,181.07
2025-01-27,Feno Grego + Boro 500mg,83.04
2025-01-27,Ferro - Ydrosolv,159.2
2025-01-27,Ferro Quelato + Vitamina C,116.4
2025-01-27,Fibras Prébioticas - Prebiotic,129.92
2025-01-27,Fresh Vegan,130.78
2025-01-27,Fresh Whey,618.53
2025-01-27,Gel Nitrato,25.83
2025-01-27,Glutamina,377.42
2025-01-27,Glutamina - Glutamax,152.57
2025-01-27,Glutamina em Pó,86.49
2025-01-27,Gold Whey Concentrado Refil,210.01
2025-01-27,L-Carnitina 530mg,153.0
2025-01-27,L-Taurina - 1.000mg,150.45
2025-01-27,Maca Peruana 2000mg,132.86
2025-01-27,Magnésio - 3MAG - Pool de Magnésio,123.94
2025-01-27,Magnésio - Inositol Relief 3.0,159.7
2025-01-27,Magnésio Plus - 350mg,130.62
2025-01-27,Magnésio Plus 900mg,231.75
2025-01-27,Melatonina,79.24
2025-01-27,Melatonina - Sleepfor,68.64
2025-01-27,Melatonina - Ydrosolv,65.71
2025-01-27,Melatonina Duo Harmony,170.18
2025-01-27,Melatonina Em Gotas Premium - 210mcg,23.62
2025-01-27,Morning Shot - Imunidade,363.55
2025-01-27,Omegafor Family - Ômega 3,64.3
2025-01-27,Omegafor Plus,3421.54
2025-01-27,Palatinose,189.1
2025-01-27,Pasta de Amendoim,38.94
2025-01-27,Pasta de Amendoim Granulado,20.22
2025-01-27,Probiótico - Simcaps,57.8
2025-01-27,Probiótico - Simfort Plus,249.9
2025-01-27,Proteína - Best Vegan,85.43
2025-01-27,Proteína Isolada e Hidrolisada - Body Protein,495.87
2025-01-27,Proteína Vegana - Veggie Protein,193.63
2025-01-27,Pré-Treino,66.33
2025-01-27,Pré-Treino - Beta Action,180.63
2025-01-27,Pré-Treino - V Fort Ultra,176.8
2025-01-27,Pré-treino - Taken,90.72
2025-01-27,Pré-treino - Warzone,73.24
2025-01-27,Pré-treino Exquenta,152.99
2025-01-27,Pré-treino Panic Pre Workout,83.35
2025-01-27,Própolis Líquido - Gotas,94.05
2025-01-27,Própolis Verde - Alcoólico,22.25
2025-01-27,Própolis Verde - Premium 10mg,64.6
2025-01-27,Própolis Verde - Propomax,69.24
2025-01-27,Psyllium,126.14
2025-01-27,Refil Whey Concentrado - W100,540.55
2025-01-27,Refil Whey Concentrado Havanna - W100,527.44
2025-01-27,Refil Whey Protein 100%,164.48
2025-01-27,Refil Whey Protein Concentrado,332.31
2025-01-27,Resveratrol,142.2
2025-01-27,Resveratrol Plus - 165mg,93.5
2025-01-27,Simfort fibras,49.3
2025-01-27,Spirulina Orgânica - 200 tabletes,206.14
2025-01-27,Super Ômega 3,884.97
2025-01-27,SuperCoffee,642.68
2025-01-27,SuperCoffee Língua de gato - Kopenhagen,280.66
2025-01-27,Suplemento Alimentar  - Hepatofor,191.25
2025-01-27,Suplemento Alimentar - Green Shot,123.38
2025-01-27,Suplemento Alimentar - Pura Fiber,65.0
2025-01-27,Suplemento alimentar de Ômega 3 - DHA OX,138.72
2025-01-27,Suplemento de Magnésio - Blue Calm,142.62
2025-01-27,Suplemento para Imunidade - Immune Up 100%,105.03
2025-01-27,Tasty Whey 3W Gourmet,141.03
2025-01-27,Trio Magnésio 720mg,53.17
2025-01-27,Ultracoffee - Vegano,227.79
2025-01-27,Vegan Protein - Vegano,106.05
2025-01-27,Vegan Ômega 3 DHA,117.16
2025-01-27,Vitamina B12,163.07
2025-01-27,Vitamina C - Bio Vit C+,66.54
2025-01-27,Vitamina D - Vita D3,198.9
2025-01-27,Vitamina D - Vita D3 + C + Zinco,295.8
2025-01-27,Vitamina D3 + K2,124.5
2025-01-27,Vitamina D3 + K2 Gotas,55.37
2025-01-27,Vitamina D3 - 2000 Ui,92.82
2025-01-27,Vitamina D3 Synergy,297.5
2025-01-27,Vitamina E,26.85
2025-01-27,Whey,1263.22
2025-01-27,Whey 3W - Delicious,154.7
2025-01-27,Whey Concentrado - W100,210.96
2025-01-27,Whey Fort 3W,1326.0
2025-01-27,Whey Isolado - Garrafinha,37.98
2025-01-27,Whey Isolado - Iso Triple Zero,344.98
2025-01-27,Whey Isolado e Hidrolisado - H.I Whey,327.68
2025-01-27,Whey Protein 100% - Refil,127.5
2025-01-27,Whey Protein Concentrado,1967.84
2025-01-27,Whey Protein Isolado,1323.36
2025-01-27,Whey Protein Isolado - Isofort,969.0
2025-01-27,Whey Tech 100%,1019.92
2025-01-27,Wheydop ISO,200.75
2025-01-27,Zinco Quelado,30.94
2025-01-27,Óleo de Krill  - Ômega 3 EPA DHA,173.4
2025-01-27,Ômega - Mega DHA,347.48
2025-01-27,Ômega 3 + Coenzima Q10 - Omegavie,69.45
2025-01-27,Ômega 3 - 1360mg,609.6
2025-01-27,Ômega 3 - EPA DHA - 1000mg,46.94
2025-01-27,Ômega 3 - Ultra Caps 1000mg,136.53
2025-01-27,Ômega 3 EPA DHA,1391.32
2025-01-27,Ômega 3 Pulse,215.38
2025-01-27,Ômega 3 Super DHA,108.83
2025-01-27,Ômega 3 Super DHA - BIG N,781.65
2025-02-03,100% Whey Protein - Flavour,200.58
2025-02-03,100% Whey Pure,204.0
2025-02-03,100% Whey True Protein,832.7
2025-02-03,Achocolatado - Choco Family - Refil,29.75
2025-02-03,Aminoácido - Aminovita,328.95
2025-02-03,Aminoácido - BCAA 2:1:1,21.35
2025-02-03,Aminoácidos - Aminolift,147.26
2025-02-03,Aveia - Flocos Grossos,14.27
2025-02-03,BT Nitrato,301.83
2025-02-03,Barrinha de Proteina - Protein Crisp Bar,61.23
2025-02-03,Barrinha de Proteína,1115.19
2025-02-03,Barrinha de Proteína - Protein Crisp Bar,122.46
2025-02-03,Barrinha de Proteína Choco Wheyfer,27.72
2025-02-03,Barrinha de Proteína ChocoWheyfer,83.15
2025-02-03,Barrinha de Proteína Crunch,36.85
2025-02-03,Barrinhas de Proteína Crunch,132.6
2025-02-03,Bebida Vegetal - Golden Immunity,91.18
2025-02-03,Beef Protein,314.91
2025-02-03,Beta Alanina,229.5
2025-02-03,Beta Alanina 100%,43.35
2025-02-03,Bio Cálcio  60 caps PURAVIDA,57.72
2025-02-03,Bio Ferro,33.13
2025-02-03,Bio Vitamina B12 em gotas,37.54
2025-02-03,Blend de Chá - Calmante,43.12
2025-02-03,Blend de Chá - Detox,21.56
2025-02-03,Blend de Chá - Digestivo,21.56
2025-02-03,Blend de Chá - Xô TPM,21.56
2025-02-03,Body Protein Vegano,143.76
2025-02-03,"Boraprim - Borragem, Prímula e Gergelim",72.2
2025-02-03,Cafeína,132.8
2025-02-03,Coenzima Q10,152.64
2025-02-03,Coenzima Q10  (200mg p/ porção),323.0
2025-02-03,Coenzima Q10 (200mg p/ porção),246.5
2025-02-03,Coenzima Q10 + Ômega 3 + Vitamina E,483.07
2025-02-03,Coenzima Q10 - (100mg p/ porção),178.5
2025-02-03,Coffee - Brainstorm,85.0
2025-02-03,Colágeno -  Collagen Gut,148.11
2025-02-03,Colágeno - Colagentek,265.2
2025-02-03,Colágeno - Colagentek Protein - Bodybalance,186.41
2025-02-03,Colágeno - Collagen Essential Protein,150.54
2025-02-03,Colágeno - Collagen Pro - Body Suport,163.98
2025-02-03,Colágeno - Collagen Renew Hidrolisado,199.45
2025-02-03,Colágeno - Collagen Tipo II 40mg,67.94
2025-02-03,Colágeno - Collcreatine,166.18
2025-02-03,Colágeno Hidrolisado - Collagen Pro 18g,577.72
2025-02-03,Colágeno Tipo 1 e 2 - Collagen 2 Joint,150.75
2025-02-03,Colágeno Tipo II - Chondro,107.13
2025-02-03,Complexo B,83.09
2025-02-03,Complexo B - Vitadop B,29.64
2025-02-03,Complexo B 500mg,31.07
2025-02-03,Complexo B Max,31.32
2025-02-03,Cranberry - She She Comfort,61.69
2025-02-03,Creatina,446.17
2025-02-03,Creatina - Creafort (Creapure),776.0
2025-02-03,Creatina - Creapure,322.24
2025-02-03,Creatina 100%,273.64
2025-02-03,Creatina Monohidratada,2209.78
2025-02-03,Creatina Monohidratada -  Crealift (Creapure),245.65
2025-02-03,Creatina Monohidratada - Creadop Serie Sport,249.96
2025-02-03,Creatina Monohidratada - Creatine,712.25
2025-02-03,Creatina Monohidratada - Hardcore,88.44
2025-02-03,Cromo Picolinato - 250mg,49.04
2025-02-03,Cúrcuma - Curcumagic,112.56
2025-02-03,Cúrcuma 500mg,84.32
2025-02-03,Cúrcuma Plus,103.05
2025-02-03,Doce Bocadito,27.37
2025-02-03,Energy Gel,205.37
2025-02-03,Ferro - Ydrosolv,318.4
2025-02-03,Ferro Quelado 34mg,26.43
2025-02-03,Ferro Quelato + Vitamina C,38.8
2025-02-03,Fibras Prébioticas - Prebiotic,194.88
2025-02-03,Fresh Whey,1192.84
2025-02-03,Gel Nitrato,122.14
2025-02-03,Glutamina,422.13
2025-02-03,Glutamina - Glutamax,72.25
2025-02-03,Glutamina em Pó,86.49
2025-02-03,Gold Whey Concentrado Refil,108.76
2025-02-03,Granola,35.82
2025-02-03,Immuno Whey,602.58
2025-02-03,Isofort Plant (Life Vegan),91.8
2025-02-03,L-Carnitina 530mg,76.5
2025-02-03,MCT,106.25
2025-02-03,Magnésio,83.58
2025-02-03,Magnésio - Bio Trimag,171.12
2025-02-03,Magnésio - Inositol Relief 3.0,149.25
2025-02-03,Magnésio Plus - 350mg,195.93
2025-02-03,Magnésio Plus 900mg,159.0
2025-02-03,Melatonina,142.7
2025-02-03,Melatonina - Sleepfor,137.28
2025-02-03,Melatonina - Ydrosolv,65.71
2025-02-03,Melatonina Duo Harmony,85.09
2025-02-03,Morning Shot - Imunidade,450.76
2025-02-03,Multivitaminico  - Imunomult- 1000mg,204.0
2025-02-03,Nootrópico - Brain Up,137.3
2025-02-03,Omegafor Plus,1776.0
2025-02-03,Omegafor Vision,170.76
2025-02-03,Palatinose,225.55
2025-02-03,Palatinose - Paladop,95.56
2025-02-03,Pasta de Amendoim,149.68
2025-02-03,Pasta de Amendoim Granulado,20.22
2025-02-03,Pasta de Amendoim Integral,15.99
2025-02-03,Pre-Workout - DiaboVerde,105.06
2025-02-03,Prebiótico,61.24
2025-02-03,Probiótico - Simfort Plus,173.4
2025-02-03,Probióticos em Pó - Simfort,207.22
2025-02-03,Profem - Óleo de Prímula,84.15
2025-02-03,Proteína - Isocrisp Plant Pouch,115.6
2025-02-03,Proteína Isolada e Hidrolisada - Body Protein,661.16
2025-02-03,Proteína Isolada e Hidrolisada - Body Protein Red,330.58
2025-02-03,Proteína Vegana - Immuno Veggie,188.5
2025-02-03,Pré-Treino,66.33
2025-02-03,Pré-Treino - Beta Action,180.63
2025-02-03,Pré-Treino - Betadop,204.76
2025-02-03,Pré-treino Exquenta,152.99
2025-02-03,Pré-treino Panic Pre Workout,83.35
2025-02-03,Próbiotico - Purabiotics,76.5
2025-02-03,Própolis Líquido - Gotas,31.35
2025-02-03,Própolis Verde - Premium 10mg,64.6
2025-02-03,Própolis Verde 70,63.94
2025-02-03,Psyllium,393.21
2025-02-03,Refil Whey Concentrado - W100,216.22
2025-02-03,Refil Whey Concentrado Havanna - W100,324.33
2025-02-03,Refil Whey Protein 100%,335.96
2025-02-03,Refil Whey Protein Concentrado,332.34
2025-02-03,Refil Wheydop Iso,363.34
2025-02-03,Resveratrol 500mg,67.35
2025-02-03,Shot Noturno - Melatonina,106.59
2025-02-03,Simfort fibras,197.2
2025-02-03,Sleep,151.65
2025-02-03,Super Ômega 3,622.59
2025-02-03,SuperCoffee,595.69
2025-02-03,SuperCoffee Língua de gato - Kopenhagen,561.32
2025-02-03,Suplemento - Hyaluronic Hair,66.73
2025-02-03,Suplemento Alimentar - Alpha Inflaminus,122.81
2025-02-03,Suplemento Alimentar - Alpha Mater,316.35
2025-02-03,"Suplemento Alimentar - Cabelo, Pele e Unha - Gomas",195.36
2025-02-03,Suplemento Alimentar - Moreflex,119.0
2025-02-03,Suplemento Alimentar - Pura Fiber,260.0
2025-02-03,Suplemento alimentar de Ômega 3 - DHA OX,138.72
2025-02-03,Tablete de Doce,66.93
2025-02-03,Termogênico - Thermo Attack,52.83
2025-02-03,Trio Magnésio 720mg,159.51
2025-02-03,Triptofano Noite,70.69
2025-02-03,True Cúrcuma,144.34
2025-02-03,Ultracoffee - Vegano,227.79
2025-02-03,Vitamina B12,378.91
2025-02-03,Vitamina C3 - 1000mg,107.1
2025-02-03,Vitamina D - Vita D3,332.18
2025-02-03,Vitamina D - Vita D3 + C + Zinco,98.6
2025-02-03,Vitamina D3,72.18
2025-02-03,Vitamina D3 + K2,121.75
2025-02-03,Vitamina D3 + K2 Gotas,55.37
2025-02-03,Vitamina D3 - Ydrosolv,184.23
2025-02-03,Vitamina D3 Synergy,119.0
2025-02-03,"Vitaminas A, E, D e K2- RESTAURE® - Gotas",158.8
2025-02-03,Whey,772.33
2025-02-03,Whey 3W,345.04
2025-02-03,Whey Fort 3W,497.25
2025-02-03,Whey Isolado - Garrafinha,18.99
2025-02-03,Whey Isolado - Iso Triple Zero,517.47
2025-02-03,Whey Protein 3W,306.34
2025-02-03,Whey Protein Concentrado,3600.27
2025-02-03,Whey Protein Concentrado Cappuccino 900g DUX,169.92
2025-02-03,Whey Protein Crisp - Isocrisp,41.31
2025-02-03,Whey Protein Isolado,2340.21
2025-02-03,Whey Protein Isolado - Isofort,1211.25
2025-02-03,Whey Protein Isolado - Tasty Iso,337.4
2025-02-03,Whey Tech 100%,892.43
2025-02-03,Wheydop ISO,200.75
2025-02-03,Wheydop X,226.4
2025-02-03,Óleo de Krill,119.2
2025-02-03,Ômega -  Mega DHA,166.0
2025-02-03,Ômega - Mega DHA,173.74
2025-02-03,Ômega 3 + Coenzima Q10 - Omegavie,69.45
2025-02-03,Ômega 3 - Ultra Caps 1000mg,136.53
2025-02-03,Ômega 3 DHA,118.88
2025-02-03,Ômega 3 EPA DHA,1081.26
2025-02-03,Ômega 3 Pulse,114.13
2025-02-03,Ômega 3 Super DHA - BIG N,347.4
2025-02-03,Ômega 3 Super DHA BIG,559.68
2025-02-03,Ômega Ultra - 1000mg,84.92
2025-02-10,100% Whey Flavour,300.87
2025-02-10,100% Whey Protein - Flavour,601.74
2025-02-10,100% Whey Pure,503.0
2025-02-10,100% Whey True Protein,166.54
2025-02-10,Achocolatado - Choco Family - Refil,89.25
2025-02-10,Achocolatado - Chocoki,63.08
2025-02-10,Adapto Whey 3W,149.25
2025-02-10,Aminoácido - Aminovita,691.05
2025-02-10,Aminoácido - Tryptophan,41.4
2025-02-10,Aminoácido N-acetil L-cisteína (NAC),174.69
2025-02-10,Aminoácidos - Aminnu EAAs - Sem Xilitol,185.9
2025-02-10,Antioxidante - Luteína e Zeaxantina,118.28
2025-02-10,BT Nitrato,177.96
2025-02-10,BT Nitrato 400,429.18
2025-02-10,Barra Chocolate 40%,24.65
2025-02-10,Barrinha de Proteína,228.9
2025-02-10,Barrinha de Proteína - Protein Crisp Bar,244.92
2025-02-10,Barrinha de Proteína - YOPRO,56.32
2025-02-10,Barrinha de Proteína Cleanpro Bar,83.39
2025-02-10,Barrinha de Proteína Veganpro Bar,166.78
2025-02-10,Bebida Vegetal em Pó - Vegan Delight,67.16
2025-02-10,Beef Protein,898.42
2025-02-10,Beta Alanina,183.6
2025-02-10,Beta Alanina 100%,43.35
2025-02-10,Bio Cálcio  60 caps PURAVIDA,230.88
2025-02-10,Bio Vitamina B12 em gotas,37.54
2025-02-10,Bio Zinco,25.62
2025-02-10,Biotina Plus,79.3
2025-02-10,Blend de Chá - Detox,67.97
2025-02-10,Blend de Chá - Digestivo,21.56
2025-02-10,Blend de Chá - Energia,24.85
2025-02-10,Blend de Chá - Xô TPM,21.56
2025-02-10,"Boraprim - Borragem, Prímula e Gergelim",361.0
2025-02-10,Cafeína,33.2
2025-02-10,Chlorella 530mg,230.19
2025-02-10,Chá - Spicy Fennel,51.02
2025-02-10,Coenzima  Q10 - 100mg,166.66
2025-02-10,Coenzima Q10,231.57
2025-02-10,Coenzima Q10  (200mg p/ porção),646.0
2025-02-10,Coenzima Q10 (200mg p/ porção),527.0
2025-02-10,Coenzima Q10 + Ômega 3 + Vitamina E,355.57
2025-02-10,Coffee - Brainstorm,170.0
2025-02-10,Colágeno - Colagentek,257.4
2025-02-10,Colágeno - Colagentek Beauty,93.5
2025-02-10,Colágeno - Colagentek Protein - Bodybalance,745.64
2025-02-10,Colágeno - Collagen Essential Protein,451.62
2025-02-10,Colágeno - Collagen Gut,148.97
2025-02-10,Colágeno - Collagen Pro - Beauty Blend,327.96
2025-02-10,Colágeno - Collagen Pro - Body Suport,491.94
2025-02-10,Colágeno - Collagen Protein Hidrolisado,410.97
2025-02-10,Colágeno - Collagen Protein Hidrolisado Berries Silvestres 450g PURAVIDA,134.48
2025-02-10,Colágeno - Collagen Renew Hidrolisado,80.03
2025-02-10,Colágeno - Collagen Tipo II 40mg,271.76
2025-02-10,Colágeno - Collcreatine,166.18
2025-02-10,Colágeno Collagen Skin,165.75
2025-02-10,Colágeno Hidrolisado - Collagen Pro 18g,433.29
2025-02-10,Colágeno Hidrolisado - Verisol,115.4
2025-02-10,Colágeno Tipo 1 e 2 - Collagen 2 Joint,150.75
2025-02-10,Colágeno Tipo II,269.85
2025-02-10,Complexo B,83.09
2025-02-10,Complexo B - Bio Vit.B+,35.11
2025-02-10,Creatina,422.76
2025-02-10,Creatina - Creafort (Creapure),1355.0
2025-02-10,Creatina - Creapure,644.48
2025-02-10,Creatina 100%,142.8
2025-02-10,Creatina 100% Pure,214.08
2025-02-10,Creatina Monohidratada,2527.87
2025-02-10,Creatina Monohidratada (Creapure),357.0
2025-02-10,Creatina Monohidratada - Creadop Serie Sport,416.6
2025-02-10,Creatina Monohidratada - Creatine,861.08
2025-02-10,Creatina Monohidratada - Hardcore,265.32
2025-02-10,Creatina Monohidratada em Gummy,187.72
2025-02-10,Creatina Premium - Creapure,398.72
2025-02-10,Creme Proteico de Amendoim - NUTDOP,44.38
2025-02-10,Cromo Picolinato - 250mg,24.52
2025-02-10,Cúrcuma,64.44
2025-02-10,Cúrcuma Plus,525.5
2025-02-10,Energy Gel,651.72
2025-02-10,Enzima - Enzyfor,55.07
2025-02-10,Farinha de Aveia,12.64
2025-02-10,Ferro,18.18
2025-02-10,Ferro Quelato + Vitamina C,77.6
2025-02-10,Fibras Prébioticas - Prebiotic,64.96
2025-02-10,Fresh Vegan,653.9
2025-02-10,Fresh Whey,2303.65
2025-02-10,Gel Neutro Fresh com Cafeína,27.98
2025-02-10,Gel Nitrato,25.83
2025-02-10,Gel Nitrato com L-Citrulinilarginina,37.47
2025-02-10,Gel de Carboidrato com Cafeína - Energy Gel Vo2,35.0
2025-02-10,Glutamina,465.63
2025-02-10,Glutamina - Glutamax,321.3
2025-02-10,Glutamina em Pó,159.62
2025-02-10,Gold Whey Concentrado Refil,108.76
2025-02-10,Granola - Zero Açúcar,19.35
2025-02-10,Granola Australia - Low Carb,30.34
2025-02-10,Granola Premium,43.56
2025-02-10,Immuno Whey,200.86
2025-02-10,Intra-Treino Power Powder ,31.07
2025-02-10,Isofort Plant (Life Vegan),114.07
2025-02-10,Leite de Coco em Pó - Coco Cream,105.26
2025-02-10,Magnésio,41.79
2025-02-10,Magnésio - Bio Trimag,128.34
2025-02-10,Magnésio - Inositol Relief 3.0,149.25
2025-02-10,Magnésio - Quelato,21.34
2025-02-10,Magnésio Plus - 350mg,65.31
2025-02-10,Magnésio Plus 900mg,77.25
2025-02-10,Melatonina,72.97
2025-02-10,Melatonina - Sleepfor,68.64
2025-02-10,Melatonina em Gotas,64.6
2025-02-10,Morning Shot - Imunidade,101.92
2025-02-10,Multivitaminico  - Imunomult- 1000mg,510.0
2025-02-10,Multivitamínico - Vitalift,128.68
2025-02-10,Omegafor Family - Ômega 3,257.2
2025-02-10,Omegafor Plus,1986.0
2025-02-10,Omegafor Vision,85.38
2025-02-10,Palatinose,186.52
2025-02-10,Pasta de Amendoim + Whey,20.11
2025-02-10,Prebiótico,122.48
2025-02-10,Probiótico - Simcaps,41.23
2025-02-10,Probiótico - Simfort Plus,86.7
2025-02-10,Probióticos em Pó - Simfort,85.95
2025-02-10,Proteína - Best Vegan,85.43
2025-02-10,Proteína Isolada e Hidrolisada - Body Protein,1983.48
2025-02-10,Proteína Isolada e Hidrolisada - Body Protein Red,495.87
2025-02-10,Pré-Treino,66.33
2025-02-10,Pré-Treino - Beta Action,180.63
2025-02-10,Pré-Treino - Beta Fusion Night,102.0
2025-02-10,Pré-Treino - V Fort Ultra,834.84
2025-02-10,Pré-treino - Warzone,73.24
2025-02-10,Própolis Líquido - Gotas,94.05
2025-02-10,Própolis Verde - Alcoólico,44.5
2025-02-10,Própolis Verde - Premium 10mg,193.8
2025-02-10,Psyllium,315.35
2025-02-10,Quercetina 300mg,63.68
2025-02-10,Refil Whey 100% Pure,349.68
2025-02-10,Refil Whey Concentrado - W100,540.55
2025-02-10,Refil Whey Concentrado Havanna - W100,432.44
2025-02-10,Refil Wheydop Iso,363.34
2025-02-10,Resveratrol Plus - 165mg,187.0
2025-02-10,Simfort fibras,49.3
2025-02-10,Spirulina 400mg,74.25
2025-02-10,Super Ômega 3,1609.71
2025-02-10,SuperCoffee,557.99
2025-02-10,SuperCoffee Língua de gato - Kopenhagen,280.66
2025-02-10,Suplemento Alimentar  - Hepatofor,142.05
2025-02-10,Suplemento Alimentar - Alpha Inflaminus,122.81
2025-02-10,"Suplemento Alimentar - Cabelo, Pele e Unha - Gomas",65.12
2025-02-10,Suplemento Alimentar - Green Shot,61.69
2025-02-10,Suplemento Alimentar - Pura Fiber,195.0
2025-02-10,Suplemento Alimentar - Slim Body 400mg,65.03
2025-02-10,Suplemento alimentar de Ômega 3 - DHA OX,138.72
2025-02-10,Suplemento de Magnésio - Blue Calm,213.93
2025-02-10,Suplemento para Imunidade - Immune Up 100%,105.03
2025-02-10,Termogênico - Lipix6,49.83
2025-02-10,Trio Magnésio 720mg,159.51
2025-02-10,Triptofano Noite,141.38
2025-02-10,True Cúrcuma,216.51
2025-02-10,Ultracoffee - Vegano,151.86
2025-02-10,Vegan Protein,123.41
2025-02-10,Vitamina - Good Mood,59.47
2025-02-10,Vitamina B12,191.0
2025-02-10,Vitamina C - 500mg,39.48
2025-02-10,Vitamina C3 - 1000mg,68.0
2025-02-10,Vitamina D - Vita D3,346.46
2025-02-10,Vitamina D - Vita D3 + C + Zinco,172.33
2025-02-10,Vitamina D3,207.45
2025-02-10,Vitamina D3 + K2,238.0
2025-02-10,Vitamina D3 + K2 Gotas,55.37
2025-02-10,Vitamina D3 - 2000 Ui,30.94
2025-02-10,Vitamina D3 Synergy,178.5
2025-02-10,Whey,1174.05
2025-02-10,Whey - Isocrisp Pouch,151.3
2025-02-10,Whey 3W,172.52
2025-02-10,Whey 3W - Delicious,232.05
2025-02-10,Whey Concentrado - W100,105.48
2025-02-10,Whey Concentrado - ZeroLac,240.89
2025-02-10,Whey Fort 3W,1160.25
2025-02-10,Whey Isolado - Iso Triple Zero,517.47
2025-02-10,Whey Isolado e Hidrolisado - H.I Whey,163.84
2025-02-10,Whey Protein - 3W - The Whey,242.66
2025-02-10,Whey Protein Concentrado,3149.2
2025-02-10,Whey Protein Concentrado Cappuccino 900g DUX,169.92
2025-02-10,Whey Protein Crisp - Isocrisp,82.62
2025-02-10,Whey Protein Isolado,2865.82
2025-02-10,Whey Protein Isolado - Isofort,1211.25
2025-02-10,Whey Protein Isolado - Tasty Iso,337.4
2025-02-10,Whey Tech 100%,509.96
2025-02-10,Whey hidrolisado e isolado,463.98
2025-02-10,Óleo de Krill  - Ômega 3 EPA DHA,86.7
2025-02-10,Óleo de Prímula - 500mg,29.33
2025-02-10,Ômega -  Mega DHA,249.0
2025-02-10,Ômega - Mega DHA,168.07
2025-02-10,Ômega 3 - EPA DHA - 1000mg,296.8
2025-02-10,Ômega 3 - Omegafor Memory,159.8
2025-02-10,Ômega 3 DHA,118.88
2025-02-10,Ômega 3 EPA DHA,557.43
2025-02-10,Ômega 3 Pulse,456.52
2025-02-10,Ômega 3 Super DHA - BIG N,260.55
2025-02-10,Ômega 3 Super DHA BIG,155.31
2025-02-10,Ômega Core,133.88
2025-02-17,100% Whey Flavour,100.29
2025-02-17,100% Whey Protein - Flavour,601.74
2025-02-17,100% Whey Pure,310.0
2025-02-17,100% Whey True Protein,179.25
2025-02-17,Achocolatado - Choco Family - Refil,29.75
2025-02-17,Achocolatado - Chocoki,63.08
2025-02-17,Adoçante Zero,32.31
2025-02-17,Aminoácido - Aminovita,120.7
2025-02-17,Aminoácido - BCAA - Glyco HD,93.56
2025-02-17,Aminoácido N-acetil L-cisteína (NAC),349.38
2025-02-17,Aminoácidos - Aminnu EAAs,185.9
2025-02-17,Amora Miúra - 1500mg,79.62
2025-02-17,Açaí em Pó,49.71
2025-02-17,BCAA Lift - 8:1:1,104.13
2025-02-17,BIOCOLIN® - COLLAGEN,158.02
2025-02-17,BT Nitrato 400,429.18
2025-02-17,Barrinha de Proteina - Protein Crisp Bar,61.23
2025-02-17,Barrinha de Proteína,288.06
2025-02-17,Barrinha de Proteína - Protein Crisp Bar,183.69
2025-02-17,Barrinha de Proteína - YoPRO,94.86
2025-02-17,Barrinha de Proteína Choco Wheyfer,27.72
2025-02-17,Barrinha de Proteína ChocoWheyfer,83.15
2025-02-17,Barrinha de Proteína Vegan Radiance Joy,122.4
2025-02-17,Beef Protein,210.39
2025-02-17,Best Whey,232.65
2025-02-17,Best Whey Iso,387.34
2025-02-17,Beta Alanina,142.36
2025-02-17,Beta Alanina Pure,66.3
2025-02-17,Blend de Chá - Calmante,24.85
2025-02-17,BodyBalance - Muscle Synergy,202.3
2025-02-17,Bombom,29.33
2025-02-17,"Boraprim - Borragem, Prímula e Gergelim",76.5
2025-02-17,Cafeína,43.22
2025-02-17,Cafeína - Caffeinex 200,31.5
2025-02-17,Cappuccino Proteico,84.98
2025-02-17,Chá Misto,58.8
2025-02-17,Coenzima  Q10 - 100mg,83.33
2025-02-17,Coenzima Q10,303.54
2025-02-17,Coenzima Q10  (200mg p/ porção),161.5
2025-02-17,Coenzima Q10 (200mg p/ porção),224.13
2025-02-17,Coenzima Q10 + Ômega 3 + Vitamina E,583.64
2025-02-17,Colágeno -  Collagen Gut,148.11
2025-02-17,Colágeno - Colagentek,137.7
2025-02-17,Colágeno - Colagentek Beauty,187.0
2025-02-17,Colágeno - Colagentek Protein - Bodybalance,276.32
2025-02-17,Colágeno - Collagen Essential Protein,602.16
2025-02-17,Colágeno - Collagen Pro - Beauty Blend,163.98
2025-02-17,Colágeno - Collagen Pro - Body Suport,163.98
2025-02-17,Colágeno - Collagen Protein Hidrolisado,546.44
2025-02-17,Colágeno - Collagen Protein Hidrolisado Berries Silvestres 450g PURAVIDA,268.96
2025-02-17,Colágeno - Collagen Renew Hidrolisado,136.74
2025-02-17,Colágeno Collagen Skin,257.36
2025-02-17,Colágeno Hidrolisado,44.34
2025-02-17,Colágeno Hidrolisado + Ácido Hialurônico,60.31
2025-02-17,Colágeno Hidrolisado - Collagen Pro 18g,144.43
2025-02-17,Colágeno Tipo II,161.91
2025-02-17,Complexo B 500mg,31.36
2025-02-17,Creatina,254.84
2025-02-17,Creatina - Creafort (Creapure),1040.0
2025-02-17,Creatina - Creapure,777.82
2025-02-17,Creatina 100%,95.2
2025-02-17,Creatina 100% Pure,107.04
2025-02-17,Creatina Monohidratada,3132.34
2025-02-17,Creatina Monohidratada (Creapure),353.3
2025-02-17,Creatina Monohidratada -  Crealift (Creapure),491.3
2025-02-17,Creatina Monohidratada - Creadop Serie Sport,83.32
2025-02-17,Creatina Monohidratada - Creatine,962.07
2025-02-17,Creatina Monohidratada - Hardcore,163.5
2025-02-17,Creatina- Creapure,206.87
2025-02-17,Cúrcuma 500mg,168.64
2025-02-17,Cúrcuma Plus,243.95
2025-02-17,Extrato de Laranja Moro 400mg,181.07
2025-02-17,Feno Grego - Testo + Woman,96.89
2025-02-17,Ferro - Ydrosolv,79.6
2025-02-17,Fibras - Fiberfor,189.11
2025-02-17,Fresh Vegan,261.56
2025-02-17,Fresh Whey,1093.24
2025-02-17,Gel - Endurance,71.4
2025-02-17,Gel Neutro Fresh com Cafeína,139.9
2025-02-17,Gel Nitrato,69.9
2025-02-17,Gel Nitrato com L-Citrulinilarginina,74.94
2025-02-17,Gel Shark Up Black,29.75
2025-02-17,Glutamina,408.7
2025-02-17,Glutamina - Glutamax,195.5
2025-02-17,Glutamina Pure,99.3
2025-02-17,Glutamina em Pó,73.13
2025-02-17,Granola Australia - Low Carb,62.43
2025-02-17,Granola Coconut,67.94
2025-02-17,Grassfed Whey Protein,361.2
2025-02-17,Grassfed Whey Protein - Concentrado,223.96
2025-02-17,Intra-Treino Power Powder ,31.07
2025-02-17,Isofort Plant (Life Vegan),367.2
2025-02-17,L-Carnitina 530mg,76.5
2025-02-17,L-Taurina - 1.000mg,50.15
2025-02-17,Magnésio,41.79
2025-02-17,Magnésio - Bio Trimag,85.56
2025-02-17,Magnésio - Inositol Relief 3.0,308.95
2025-02-17,Magnésio Inositol,137.21
2025-02-17,Magnésio Plus - 350mg,193.37
2025-02-17,Magnésio de Malato,21.34
2025-02-17,Melatonina,71.72
2025-02-17,Melatonina - Sleepfor,68.64
2025-02-17,Melatonina Duo Harmony,85.09
2025-02-17,Melatonina Fast,46.21
2025-02-17,Morning Shot - Imunidade,174.42
2025-02-17,Multivitaminico  - Imunomult- 1000mg,103.7
2025-02-17,Multivitaminico - Imunomult- 1000mg,76.82
2025-02-17,Multivitamínico - Vitalift,128.68
2025-02-17,Omegafor Family - Ômega 3,64.3
2025-02-17,Omegafor Plus,2080.64
2025-02-17,Omegafor Vision,170.76
2025-02-17,Palatinose,191.58
2025-02-17,Palatinose 100% - Carbolift,175.41
2025-02-17,Pasta de Amendoim,160.23
2025-02-17,Probiótico - Simcaps,198.06
2025-02-17,Probiótico - Simfort Plus,173.4
2025-02-17,Profem - Óleo de Prímula,84.15
2025-02-17,Proteina Vegetal,125.22
2025-02-17,Proteína - Best Vegan,170.86
2025-02-17,Proteína - Isocrisp Plant Pouch,57.8
2025-02-17,Proteína Isolada e Hidrolisada - Body Protein,1322.32
2025-02-17,Proteína Isolada e Hidrolisada - Body Protein Red,495.87
2025-02-17,Proteína Vegana - Vegan Tasty,109.74
2025-02-17,Proteína Vegana - Veggie Protein,193.63
2025-02-17,Pré-Treino - V Fort Ultra,88.4
2025-02-17,Pré-Treino - WarmUp Ultra,98.03
2025-02-17,Pré-treino - Energyzer & focus,95.14
2025-02-17,Pré-treino - Taken,90.72
2025-02-17,Pré-treino Panic Pre Workout,166.7
2025-02-17,Próbiotico - Purabiotics,76.5
2025-02-17,Própolis Líquido - Gotas,94.05
2025-02-17,Própolis Verde,95.18
2025-02-17,Própolis Verde 70,31.97
2025-02-17,Psyllium,571.37
2025-02-17,Refil 100% Whey - Tasty Iso,328.47
2025-02-17,Refil Whey 100% Pure,772.8
2025-02-17,Refil Whey Concentrado Havanna - W100,324.33
2025-02-17,Refil Whey Protein 100%,82.24
2025-02-17,Refil Whey Protein Concentrado,332.34
2025-02-17,Refil Wheydop Iso,181.67
2025-02-17,Resveratrol,71.1
2025-02-17,Resveratrol Plus - 165mg,93.5
2025-02-17,Simfort fibras,295.8
2025-02-17,Sleep,252.66
2025-02-17,Super Ômega 3,745.21
2025-02-17,SuperCoffee,773.68
2025-02-17,SuperCoffee Língua de gato - Kopenhagen,280.66
2025-02-17,Suplemento - Hyaluronic Hair,66.73
2025-02-17,Suplemento Alimentar  - Hepatofor,63.75
2025-02-17,Suplemento Alimentar - Alpha Inflaminus,368.43
2025-02-17,Suplemento Alimentar - Alpha Mater,113.25
2025-02-17,Suplemento Alimentar - Alpha Women,125.56
2025-02-17,"Suplemento Alimentar - Cabelo, Unha e Pele - Beauty +",91.88
2025-02-17,Suplemento Alimentar - Pura Fiber,130.0
2025-02-17,Suplemento de Magnésio - Blue Calm,378.41
2025-02-17,Tablete de Doce,44.2
2025-02-17,Termogênico - Termo Plus,112.2
2025-02-17,Trio Magnésio 720mg,106.34
2025-02-17,True Cúrcuma,72.17
2025-02-17,Ultracoffee - Vegano,75.93
2025-02-17,Vitamina - Good Mood,59.47
2025-02-17,Vitamina B12,214.3
2025-02-17,Vitamina C + Zinco - Gomas,47.19
2025-02-17,Vitamina C - Bio Vit C+,133.08
2025-02-17,Vitamina D - Vita D3,378.08
2025-02-17,Vitamina D - Vita D3 + C + Zinco,180.62
2025-02-17,Vitamina D em Gotas - Kids,36.11
2025-02-17,Vitamina D3,267.55
2025-02-17,Vitamina D3 + K2,121.75
2025-02-17,Vitamina D3 + K2 Gotas,55.37
2025-02-17,Vitamina D3 - 2000 Ui,30.94
2025-02-17,Vitamina E,80.55
2025-02-17,Vitamina K2,45.23
2025-02-17,Whey,1590.48
2025-02-17,Whey - Immuno Golden,181.95
2025-02-17,Whey - Isocrisp Pouch,378.25
2025-02-17,Whey 3W,150.95
2025-02-17,Whey 3W - Delicious,464.1
2025-02-17,Whey Concentrado - W100,105.48
2025-02-17,Whey Fort 3W,828.75
2025-02-17,Whey Isolado - Iso Triple Zero,172.49
2025-02-17,Whey Isolado e Hidrolisado - H.I Whey,327.68
2025-02-17,Whey Protein - Isofort Beauty,403.14
2025-02-17,Whey Protein 100% - Refil,127.5
2025-02-17,Whey Protein 3W,153.17
2025-02-17,Whey Protein Concentrado,3730.16
2025-02-17,Whey Protein Concentrado Cappuccino 900g DUX,169.92
2025-02-17,Whey Protein Crisp - Isocrisp,82.62
2025-02-17,Whey Protein Isolado,3516.44
2025-02-17,Whey Protein Isolado - Isofort,2015.35
2025-02-17,Whey Protein Isolado - Tasty Iso,1012.2
2025-02-17,Whey Protein Isolado Muscle Guard,89.2
2025-02-17,Whey Protein Vegetal,86.5
2025-02-17,Whey Tech 100%,1019.92
2025-02-17,Whey hidrolisado e isolado,1399.2
2025-02-17,Whey hidrolisado e isolado Creme Broule 837g TRUE SOURCE,463.98
2025-02-17,Wheydop X,226.4
2025-02-17,Zinco,43.51
2025-02-17,Ômega -  Mega DHA,83.0
2025-02-17,Ômega 3 - EPA DHA - 1000mg,300.75
2025-02-17,Ômega 3 - Omegafor Memory,239.7
2025-02-17,Ômega 3 EPA DHA,881.0
2025-02-17,Ômega 3 Pulse,557.77
2025-02-17,Ômega 3 Super DHA - BIG N,260.55
2025-02-17,Ômega 3 Super DHA BIG,465.93
2025-02-17,Ômega DHA,177.01
2025-02-17,Ômega Joint,133.88
2025-02-24,#Whey Fort 3W,331.5
2025-02-24,100% Whey Protein - Flavour,300.87
2025-02-24,100% Whey Pure,113.0
2025-02-24,Achocolatado - Chocoki,126.16
2025-02-24,Aminoácido - BCAA - Glyco HD,23.39
2025-02-24,Aminoácido - BCAA 2:1:1,21.35
2025-02-24,Aminoácido N-acetil L-cisteína (NAC),58.23
2025-02-24,BT Nitrato com cafeína,143.06
2025-02-24,Barrinha de Proteína,167.14
2025-02-24,Barrinha de Proteína - Protein Crisp Bar,122.46
2025-02-24,Barrinha de Proteína Choco Wheyfer,23.77
2025-02-24,Barrinha de Proteína Protein Crisp,155.37
2025-02-24,Barrinha de Proteína Thin,98.94
2025-02-24,Barrinha de Proteína Tube,30.57
2025-02-24,Barrinha de Proteína Vegan Radiance Joy,122.4
2025-02-24,Barrinha de Proteína Veganpro Bar,166.78
2025-02-24,Barrinha de Proteína Whey Grego - Havanna,109.24
2025-02-24,Bebida Vegetal em Pó - Vegan Delight,67.16
2025-02-24,Beef Protein,210.39
2025-02-24,Best Whey Iso,387.34
2025-02-24,Beta Alanina,148.23
2025-02-24,Bombom,33.24
2025-02-24,Cafeína,43.22
2025-02-24,Chlorella 530mg,77.97
2025-02-24,Chocolate 70% Cacau,23.38
2025-02-24,Coenzima Q10,357.0
2025-02-24,Coenzima Q10  (200mg p/ porção),484.5
2025-02-24,Coenzima Q10 (200mg p/ porção),329.26
2025-02-24,Coenzima Q10 + Ômega 3 + Vitamina E,201.14
2025-02-24,Coenzima Q10 - (100mg p/ porção),119.0
2025-02-24,Colosfort,387.6
2025-02-24,Colágeno - Colagentek,142.8
2025-02-24,Colágeno - Colagentek II,78.14
2025-02-24,Colágeno - Colagentek Protein - Bodybalance,1519.76
2025-02-24,Colágeno - Collagen Essential Protein,752.7
2025-02-24,Colágeno - Collagen Pro - Body Suport,163.98
2025-02-24,Colágeno - Collagen Protein Hidrolisado,534.94
2025-02-24,Colágeno - Collagen Protein Hidrolisado Berries Silvestres 450g PURAVIDA,403.44
2025-02-24,Colágeno - Collagen Renew Hidrolisado,205.11
2025-02-24,Colágeno - Collagen Tipo II 40mg,67.94
2025-02-24,Colágeno Hidrolisado - Collagen Pro 18g,144.43
2025-02-24,Colágeno Tipo II - Artro Aid,166.48
2025-02-24,Cranberry,37.79
2025-02-24,Creatina,191.17
2025-02-24,Creatina - Creafort (Creapure),627.0
2025-02-24,Creatina - Creapure,161.12
2025-02-24,Creatina 100% Pure,107.04
2025-02-24,Creatina Monohidratada,3124.82
2025-02-24,Creatina Monohidratada (Creapure),535.5
2025-02-24,Creatina Monohidratada -  Crealift (Creapure),245.65
2025-02-24,Creatina Monohidratada - Creatine,1031.17
2025-02-24,Cromo Picolinato - 250mg,24.52
2025-02-24,Cúrcuma 500mg,84.32
2025-02-24,Cúrcuma Plus,734.4
2025-02-24,Energy Gel c/ Cafeína,37.41
2025-02-24,Energy Shot Gel,44.18
2025-02-24,Extrato de Própolis - Propolyz,26.12
2025-02-24,Farinha de Aveia,37.92
2025-02-24,Feno Grego,75.48
2025-02-24,Feno Grego + Boro 500mg,83.04
2025-02-24,Ferro - Ydrosolv,235.62
2025-02-24,Ferro Quelado 34mg,26.43
2025-02-24,Ferro Quelato + Vitamina C,38.8
2025-02-24,Fresh Vegan,130.78
2025-02-24,Fresh Whey,1700.79
2025-02-24,Gel - Endurance,71.4
2025-02-24,Gel Nitrato,104.85
2025-02-24,Gel Nitrato c/ Cafeína,69.9
2025-02-24,Glutamina,388.71
2025-02-24,Glutamina - Glutamax,80.32
2025-02-24,Glutamina - Glutamax Refil,195.5
2025-02-24,Granola,35.82
2025-02-24,Immuno Whey,181.95
2025-02-24,Intra-Treino Power Powder ,31.07
2025-02-24,Isofort Plant (Life Vegan),91.8
2025-02-24,L-Carnitina 530mg,153.0
2025-02-24,Laranja Moro,67.53
2025-02-24,Magnésio,41.79
2025-02-24,Magnésio - 3MAG - Pool de Magnésio,61.97
2025-02-24,Magnésio - Bio Trimag,147.06
2025-02-24,Magnésio - Quelato,21.34
2025-02-24,Magnésio Inositol,575.19
2025-02-24,Magnésio Plus - 350mg,193.37
2025-02-24,Manteiga de Coco,23.72
2025-02-24,Melatonina,32.3
2025-02-24,Melatonina - Ydrosolv,131.42
2025-02-24,Morning Shot - Imunidade,191.17
2025-02-24,Multivitaminico  - Imunomult- 1000mg,103.7
2025-02-24,Multivitamínico - Vitalift,128.68
2025-02-24,Omegafor Family - Ômega 3,55.05
2025-02-24,Omegafor Plus,2412.64
2025-02-24,Palatinose,90.22
2025-02-24,Pasta de Amendoim,176.8
2025-02-24,Power Coffee,74.56
2025-02-24,Probiótico - Simcaps,156.83
2025-02-24,Probiótico - Simfort Plus,336.6
2025-02-24,Probióticos em Pó - Simfort,141.28
2025-02-24,Profem - Óleo de Prímula,84.15
2025-02-24,Proteína - Best Vegan,85.43
2025-02-24,Proteína - Isocrisp Plant Pouch,57.8
2025-02-24,Proteína Isolada e Hidrolisada - Body Protein,2148.77
2025-02-24,Proteína Isolada e Hidrolisada - Body Protein Red,661.16
2025-02-24,Proteína Vegana - Immuno Veggie,188.5
2025-02-24,Proteína Vegana - One Nutrition,133.0
2025-02-24,Proteína Vegana - Veggie Protein,338.12
2025-02-24,Proteína Vegetal em Pó - Veganpro,109.74
2025-02-24,Pré-Treino - V Fort Ultra,101.48
2025-02-24,Pré-Treino - WarmUp Ultra,196.06
2025-02-24,Pré-treino - Energyzer & focus,95.14
2025-02-24,Pré-treino - Heat Up,128.61
2025-02-24,Pré-treino Panic Pre Workout,83.35
2025-02-24,Próbiotico - Purabiotics,76.5
2025-02-24,Própolis - Green Própolis,112.94
2025-02-24,Própolis Alcoólico,26.26
2025-02-24,Própolis Verde - Premium 10mg,367.25
2025-02-24,Própolis Verde - Propomax,72.42
2025-02-24,Própolis Verde 70,63.94
2025-02-24,Psyllium,329.46
2025-02-24,Refil 100% Whey - Tasty Iso,328.47
2025-02-24,Refil Whey 100% Pure,116.56
2025-02-24,Refil Whey Concentrado - W100,432.44
2025-02-24,Refil Whey Protein 100%,246.72
2025-02-24,Resveratrol,142.2
2025-02-24,Resveratrol Plus - 165mg,283.53
2025-02-24,Simfort fibras,110.14
2025-02-24,Sleep,404.31
2025-02-24,Super Ômega 3,933.3
2025-02-24,SuperCoffee,630.11
2025-02-24,SuperCoffee Língua de gato - Kopenhagen,140.33
2025-02-24,Suplemento Alimentar  - Hepatofor,127.5
2025-02-24,Suplemento Alimentar - GUARDIAN®,324.54
2025-02-24,Suplemento Alimentar - Green Shot,62.28
2025-02-24,Suplemento Alimentar - Slim Body 400mg,65.03
2025-02-24,Suplemento de Magnésio - Blue Calm,224.86
2025-02-24,Suplemento para Imunidade - Immune Up 100%,105.03
2025-02-24,Termogênico - Lipix6,83.3
2025-02-24,Termogênico - Termo Plus,112.2
2025-02-24,Trio Magnésio 720mg,218.76
2025-02-24,True Cúrcuma,72.17
2025-02-24,Vegan Protein - Vegano,106.05
2025-02-24,Vitamina - Good Mood,59.47
2025-02-24,Vitamina B12,460.09
2025-02-24,Vitamina C - Bio Vit C+,66.54
2025-02-24,Vitamina C3 - 1000mg,68.0
2025-02-24,Vitamina D - Vita D3,438.6
2025-02-24,Vitamina D - Vita D3 + C + Zinco,98.6
2025-02-24,Vitamina D3,72.18
2025-02-24,Vitamina D3 + K2,121.75
2025-02-24,Vitamina D3 - 2000 Ui,30.94
2025-02-24,Vitamina D3 Synergy,59.5
2025-02-24,Whey,1825.02
2025-02-24,Whey - Immuno Golden,181.95
2025-02-24,Whey - Isocrisp Pouch,226.95
2025-02-24,Whey - Zero Lactose,229.42
2025-02-24,Whey 100% Gold Standard,260.96
2025-02-24,Whey 3W - Delicious,77.35
2025-02-24,Whey Concentrado - W100,339.0
2025-02-24,Whey Fort 3W,1823.25
2025-02-24,Whey Isolado - Garrafinha,18.99
2025-02-24,Whey Isolado - Iso Triple Zero,335.46
2025-02-24,Whey Protein - Isofort Beauty,134.38
2025-02-24,Whey Protein Concentrado,3667.04
2025-02-24,Whey Protein Concentrado Cappuccino 900g DUX,339.84
2025-02-24,Whey Protein Isolado,2871.01
2025-02-24,Whey Protein Isolado - Isofort,1342.73
2025-02-24,Whey Protein Isolado - Tasty Iso,506.1
2025-02-24,Whey Tech 100%,1499.69
2025-02-24,Whey hidrolisado e isolado,239.25
2025-02-24,Ômega -  Mega DHA,332.0
2025-02-24,Ômega - Mega DHA,347.48
2025-02-24,Ômega 3 - DHA Vegan 430mg,121.53
2025-02-24,Ômega 3 - EPA DHA - 1000mg,524.2
2025-02-24,Ômega 3 - Omegafor Memory,82.86
2025-02-24,Ômega 3 - Ultra Caps 1000mg,203.62
2025-02-24,Ômega 3 EPA DHA,962.0
2025-02-24,Ômega 3 Pulse,114.13
2025-02-24,Ômega 3 Super DHA - BIG N,607.95
2025-02-24,Ômega Golden,133.88
2025-03-03,100% Whey Flavour,200.58
2025-03-03,100% Whey Protein - Flavour,300.87
2025-03-03,100% Whey Pure,565.0
2025-03-03,Achocolatado - Choco Family - Refil,71.12
2025-03-03,Achocolatado - Chocoki,74.8
2025-03-03,Aminoácido - Aminovita,250.75
2025-03-03,Aminoácido - BCAA - Glyco HD,46.78
2025-03-03,Aminoácido N-acetil L-cisteína (NAC),58.23
2025-03-03,Aminoácidos - Aminnu EAAs - Sem Xilitol,371.8
2025-03-03,Antioxidante - Luteína e Zeaxantina,59.14
2025-03-03,BT 400,163.63
2025-03-03,Barra Chocolate 70%,24.65
2025-03-03,Barra Double,23.2
2025-03-03,Barrinha de Proteína,564.99
2025-03-03,Barrinha de Proteína - YOPRO,56.32
2025-03-03,Barrinha de Proteína Protein Crisp,73.95
2025-03-03,Barrinha de Proteína Thin,91.7
2025-03-03,Barrinha de Proteína Tube,186.09
2025-03-03,Barrinhas de Proteína Crunch,265.2
2025-03-03,Bebida Vegetal,48.25
2025-03-03,Best Whey,465.3
2025-03-03,Best Whey Iso,193.67
2025-03-03,Beta Alanina Pure,198.9
2025-03-03,Bio Ferro,33.13
2025-03-03,Bio Vitamina B12 em gotas,183.29
2025-03-03,Bio Zinco,25.62
2025-03-03,Blend de Chá - Detox,24.85
2025-03-03,Blend de Chá - Digestivo,24.85
2025-03-03,"Boraprim - Borragem, Prímula e Gergelim",58.5
2025-03-03,Brain Focus,333.75
2025-03-03,Cafeína - Caffeinex 200,63.0
2025-03-03,Chocolate 70% Cacau,23.38
2025-03-03,Chá,18.0
2025-03-03,Chá - Hibiscus Plus,51.02
2025-03-03,Chá Vitatea,54.01
2025-03-03,Coenzima  Q10 - 100mg,83.33
2025-03-03,Coenzima Q10,770.16
2025-03-03,Coenzima Q10  (200mg p/ porção),807.5
2025-03-03,Coenzima Q10 (200mg p/ porção),380.8
2025-03-03,Coenzima Q10 - (100mg p/ porção),59.5
2025-03-03,Coenzima Q10 200mg,182.24
2025-03-03,Colágeno -  Collagen Gut,134.17
2025-03-03,Colágeno - Colagentek,142.8
2025-03-03,Colágeno - Colagentek Beauty,93.5
2025-03-03,Colágeno - Colagentek II,78.14
2025-03-03,Colágeno - Colagentek Protein - Bodybalance,552.64
2025-03-03,Colágeno - Collagen Essential Protein,490.89
2025-03-03,Colágeno - Collagen Protein Hidrolisado,1081.38
2025-03-03,Colágeno - Collagen Protein Hidrolisado Berries Silvestres 450g PURAVIDA,134.48
2025-03-03,Colágeno - Collagen Renew Hidrolisado,199.45
2025-03-03,Colágeno Collagen Skin,434.09
2025-03-03,Colágeno Hidrolisado - Collagen Pro 18g,144.43
2025-03-03,Colágeno Tipo II,215.88
2025-03-03,Colágeno Tipo II - Artro Aid,83.24
2025-03-03,Colágeno tipo 2 - Colagentek II,380.7
2025-03-03,Combo com 4Barrinhas de Proteína Veganpro Bar,45.56
2025-03-03,Complexo B Max,31.32
2025-03-03,Creatina,161.5
2025-03-03,Creatina - Creafort (Creapure),1035.0
2025-03-03,Creatina - Creapure,420.04
2025-03-03,Creatina 100% Pure,107.04
2025-03-03,Creatina 1100mg,108.12
2025-03-03,Creatina Monohidratada,3747.56
2025-03-03,Creatina Monohidratada -  Crealift (Creapure),231.85
2025-03-03,Creatina Monohidratada - Creatine,701.62
2025-03-03,Creatina Monohidratada - Hardcore,707.52
2025-03-03,Creatina Monohidratada em Gummy,281.58
2025-03-03,Creatina- Creapure,206.87
2025-03-03,Cúrcuma - Curcumagic,225.12
2025-03-03,Cúrcuma Plus,122.4
2025-03-03,Energy Gel,294.5
2025-03-03,Extrato de Laranja Moro 400mg,84.32
2025-03-03,Ferro - Ydrosolv,78.54
2025-03-03,Ferro Quelado 34mg,26.43
2025-03-03,Ferro Quelato + Vitamina C,77.6
2025-03-03,Fresh Vegan,130.78
2025-03-03,Fresh Whey,1824.5
2025-03-03,Gel Nitrato,86.61
2025-03-03,Gel Nitrato c/ Cafeína,69.9
2025-03-03,Gel Nitrato com L-Citrulinilarginina,37.47
2025-03-03,Glutamina,285.91
2025-03-03,Glutamina - Glutamax,230.35
2025-03-03,Glutamina em Pó,159.62
2025-03-03,Granola,35.82
2025-03-03,Granola Australia - Low Carb,30.34
2025-03-03,Grassfed Whey Protein,361.2
2025-03-03,Isofort Plant (Life Vegan),550.8
2025-03-03,L-Carnitina 530mg,76.5
2025-03-03,L-Taurina - 1.000mg,50.15
2025-03-03,Maca Peruana 2000mg,66.43
2025-03-03,Magnésio,41.79
2025-03-03,Magnésio - Bio Trimag,470.58
2025-03-03,Magnésio - Inositol Relief 3.0,319.4
2025-03-03,Magnésio Plus - 350mg,74.38
2025-03-03,Magnésio Plus 900mg,231.75
2025-03-03,Matchá - Chá Verde em Pó,73.38
2025-03-03,Melatonina,133.3
2025-03-03,Melatonina Duo,89.02
2025-03-03,Melatonina Fast,46.21
2025-03-03,Morning Shot - Imunidade,276.34
2025-03-03,Multivitaminico  - Imunomult- 1000mg,102.0
2025-03-03,Omegafor Family - Ômega 3,110.1
2025-03-03,Omegafor Plus,2919.37
2025-03-03,Palatinose,138.37
2025-03-03,Pasta de Amendoim,293.23
2025-03-03,Pasta de Amendoim Granulado,15.99
2025-03-03,Pasta de Amendoim Integral,15.99
2025-03-03,Power Coffee,447.36
2025-03-03,Prebiótico,61.24
2025-03-03,Probiótico - Simcaps,57.8
2025-03-03,Probiótico - Simfort Plus,86.7
2025-03-03,Probióticos em Pó - Simfort,35.32
2025-03-03,Proteína - Best Vegan,170.86
2025-03-03,Proteína Isolada e Hidrolisada - Body Protein,1157.03
2025-03-03,Proteína Isolada e Hidrolisada - Body Protein Red,495.87
2025-03-03,Proteína Vegana - One Nutrition,133.0
2025-03-03,Proteína Vegana - Veggie Protein,288.98
2025-03-03,Pré-Treino,66.33
2025-03-03,Pré-Treino - Beta Action,163.63
2025-03-03,Pré-Treino - V Fort Ultra,176.8
2025-03-03,Pré-Treino Energy ATP®,371.8
2025-03-03,Pré-treino Panic Pre Workout,83.35
2025-03-03,Próbiotico - Purabiotics,76.5
2025-03-03,Própolis Verde,215.37
2025-03-03,Própolis Verde - Alcoólico,26.26
2025-03-03,Própolis Verde - Premium 10mg,431.85
2025-03-03,Própolis Verde - Propomax,26.26
2025-03-03,Psyllium,315.35
2025-03-03,Refil Whey 100% Pure,116.56
2025-03-03,Refil Whey Concentrado - W100,108.11
2025-03-03,Refil Whey Protein 100%,82.24
2025-03-03,Refil Whey Protein Concentrado,166.17
2025-03-03,Refil Wheydop Iso,181.67
2025-03-03,Resveratrol - Resveramax,302.22
2025-03-03,Resveratrol 500mg,204.03
2025-03-03,Resveratrol Plus - 165mg,96.53
2025-03-03,Shot Matinal,195.36
2025-03-03,Simfort fibras,153.75
2025-03-03,Sleep,151.65
2025-03-03,Spirulina 500mg,83.85
2025-03-03,Super Ômega 3,826.09
2025-03-03,SuperCoffee,927.31
2025-03-03,SuperCoffee Língua de gato - Kopenhagen,140.33
2025-03-03,Suplemento - Beauty Care,56.12
2025-03-03,Suplemento - Hyaluronic Hair,133.46
2025-03-03,Suplemento - Super Sono,93.86
2025-03-03,Suplemento Alimentar  - Hepatofor,139.88
2025-03-03,Suplemento Alimentar - Alpha Mater,339.75
2025-03-03,"Suplemento Alimentar - Cabelo, Unha e Pele - Supreme Beauty",141.58
2025-03-03,Suplemento Alimentar - GUARDIAN®,158.02
2025-03-03,Suplemento Alimentar - Pura Fiber,325.0
2025-03-03,Suplemento Vitamínico - ZMA COMPLEX,30.0
2025-03-03,Tablete de Doce,181.21
2025-03-03,Termogênico - Termo Plus,112.2
2025-03-03,Termogênico - Thermo Attack,52.83
2025-03-03,Trio Magnésio 720mg,159.51
2025-03-03,Ultracoffee - Vegano,162.55
2025-03-03,Vitamina B12,219.63
2025-03-03,Vitamina B9 - Ácido Fólico,61.52
2025-03-03,Vitamina C - Ydrosolv,78.54
2025-03-03,Vitamina D - Vita D3,562.7
2025-03-03,Vitamina D - Vita D3 + C + Zinco,443.7
2025-03-03,Vitamina D3,39.96
2025-03-03,Vitamina D3 + K2,238.0
2025-03-03,Vitamina D3 + K2 Gotas,55.37
2025-03-03,Vitamina D3 - 2000 Ui,92.82
2025-03-03,Vitamina D3 Synergy,119.0
2025-03-03,Vitamina K2,45.23
2025-03-03,Whey,1581.89
2025-03-03,Whey - Immuno Golden,181.95
2025-03-03,Whey - Zero Lactose,229.42
2025-03-03,Whey 3W,150.95
2025-03-03,Whey 3W - Delicious,77.35
2025-03-03,Whey Concentrado - Zerolac,240.89
2025-03-03,Whey Fort 3W,828.75
2025-03-03,Whey Isolado - Iso Triple Zero,1346.6
2025-03-03,Whey Isolado e Hidrolisado - H.I Whey,819.2
2025-03-03,Whey Juicedop,213.01
2025-03-03,Whey Protein 3W,153.17
2025-03-03,Whey Protein Concentrado,5492.48
2025-03-03,Whey Protein Concentrado Cappuccino 900g DUX,509.76
2025-03-03,Whey Protein Isolado,3039.31
2025-03-03,Whey Protein Isolado - Isofort,2229.68
2025-03-03,Whey Protein Isolado - Tasty Iso,506.1
2025-03-03,Whey Protein Vegetal,86.5
2025-03-03,Whey Tech 100%,382.47
2025-03-03,Whey hidrolisado e isolado,231.99
2025-03-03,Whey hidrolisado e isolado Creme Broule 837g TRUE SOURCE,231.99
2025-03-03,Wheydop ISO,442.92
2025-03-03,Ômega -  Mega DHA,249.0
2025-03-03,Ômega 3 - EPA DHA - 1000mg,151.86
2025-03-03,Ômega 3 - Omegafor Memory,82.86
2025-03-03,Ômega 3 - Ultra Caps 1000mg,305.43
2025-03-03,Ômega 3 EPA DHA,1595.06
2025-03-03,Ômega 3 Pulse,342.39
2025-03-03,Ômega 3 Super DHA - BIG N,607.95
2025-03-03,Ômega 3 Super DHA BIG,559.68
2025-03-03,Ômega Core,294.52
2025-03-03,Ômega DHA Vegan,119.19
2025-03-03,Ômega Ultra - 1000mg,84.92
2025-03-10,100% Whey Crush Concentrada,126.65
2025-03-10,100% Whey Flavour,200.58
2025-03-10,100% Whey Protein - Flavour,501.45
2025-03-10,100% Whey Pure,339.0
2025-03-10,100% Whey True Protein,179.25
2025-03-10,Achocolatado - Chocoki,74.8
2025-03-10,Aminoácido - BCAA 2:1:1,21.35
2025-03-10,Aminoácido N-acetil L-cisteína (NAC),58.23
2025-03-10,Aminoácidos - Aminnu EAAs,185.9
2025-03-10,Aminoácidos - Aminnu EAAs - Sem Xilitol,185.9
2025-03-10,Aminoácidos - Aminolift,147.26
2025-03-10,BT 400,163.63
2025-03-10,BT Nitrato,156.85
2025-03-10,BT Nitrato 400,143.06
2025-03-10,Barrinha de Proteína,281.04
2025-03-10,Barrinha de Proteína - Protein Crisp Bar,244.92
2025-03-10,Barrinha de Proteína Choco Wheyfer,54.66
2025-03-10,Barrinha de Proteína Cleanpro Bar,83.39
2025-03-10,Barrinha de Proteína Protein Crisp,451.17
2025-03-10,Barrinha de Proteína Quest Bar - 60g (20g de proteína),238.0
2025-03-10,Barrinha de Proteína Tube,26.97
2025-03-10,Best Whey Iso,774.68
2025-03-10,Beta Alanina,149.38
2025-03-10,Bio Cálcio  60 caps PURAVIDA,230.88
2025-03-10,Bio Vitamina B12 em gotas,145.75
2025-03-10,Blend de Chá - Calmante,49.7
2025-03-10,Blend de Chá - Detox,74.55
2025-03-10,Blend de Chá - Digestivo,49.7
2025-03-10,Body Protein Vegano,110.91
2025-03-10,BodyBalance - Muscle Synergy,366.52
2025-03-10,"Boraprim - Borragem, Prímula e Gergelim",387.59
2025-03-10,Cafeína,86.44
2025-03-10,Chlorella 400mg,77.97
2025-03-10,Chocolate 70% Cacau,70.14
2025-03-10,Chocolate 85% Cacau,23.38
2025-03-10,Chá Vitatea,108.02
2025-03-10,Cocada,21.02
2025-03-10,Coenzima Q10,457.92
2025-03-10,Coenzima Q10  (200mg p/ porção),646.0
2025-03-10,Coenzima Q10 (200mg p/ porção),387.6
2025-03-10,Coenzima Q10 - (100mg p/ porção),119.0
2025-03-10,Coenzima Q10 - 100mg,95.55
2025-03-10,Coenzima Q10 200mg,91.12
2025-03-10,Coffee - Brainstorm,90.1
2025-03-10,Colágeno -  Collagen Gut,134.17
2025-03-10,Colágeno - Colagentek,481.8
2025-03-10,Colágeno - Colagentek Beauty,94.46
2025-03-10,Colágeno - Colagentek II,156.28
2025-03-10,Colágeno - Colagentek Protein - Bodybalance,552.64
2025-03-10,Colágeno - Collagen Bones,150.83
2025-03-10,Colágeno - Collagen Essential Protein,477.8
2025-03-10,Colágeno - Collagen Gut,268.34
2025-03-10,Colágeno - Collagen Pro - Body Suport,327.96
2025-03-10,Colágeno - Collagen Protein Hidrolisado,546.44
2025-03-10,Colágeno - Collagen Protein Hidrolisado Berries Silvestres 450g PURAVIDA,403.44
2025-03-10,Colágeno - Collagen Renew Hidrolisado,188.13
2025-03-10,Colágeno Collagen Skin,797.17
2025-03-10,Colágeno Hidrolisado - Collagen Pro 18g,144.43
2025-03-10,Colágeno Tipo II - Artro Aid,249.72
2025-03-10,Colágeno tipo 2 - Colagentek II,304.56
2025-03-10,Creatina,94.73
2025-03-10,Creatina - Creafort (Creapure),1152.0
2025-03-10,Creatina - Creapure,161.12
2025-03-10,Creatina - Gummies,110.7
2025-03-10,Creatina Monohidratada,3209.76
2025-03-10,Creatina Monohidratada (Creapure),178.5
2025-03-10,Creatina Monohidratada - Creatine,1403.24
2025-03-10,Creatina Monohidratada - Hardcore,442.2
2025-03-10,Creatina Monohidratada em Gummy,187.72
2025-03-10,Cromo Picolinato - 250mg,24.52
2025-03-10,Cúrcuma,71.53
2025-03-10,Cúrcuma 500mg,84.32
2025-03-10,Cúrcuma Plus,121.55
2025-03-10,Energy Gel,201.35
2025-03-10,Ferro - Ydrosolv,235.62
2025-03-10,Ferro Quelato + Vitamina C,116.8
2025-03-10,Fibras - Fiberfor,82.01
2025-03-10,Fresh Vegan,392.34
2025-03-10,Fresh Whey,2123.59
2025-03-10,Gel - Endurance,71.4
2025-03-10,Gel Nitrato,34.95
2025-03-10,Gel Nitrato com L-Citrulinilarginina,37.47
2025-03-10,Glutamina,390.75
2025-03-10,Glutamina - Glutamax,98.6
2025-03-10,Glutamina - Glutamax Refil,200.6
2025-03-10,Glutamina em Pó,319.24
2025-03-10,Granola,19.35
2025-03-10,Granola - Sem Glúten,38.7
2025-03-10,Granola Coconut,33.97
2025-03-10,Grassfed Whey Protein,747.9
2025-03-10,Grassfed Whey Protein - Concentrado,223.96
2025-03-10,Immuno Whey,545.85
2025-03-10,Isofort Plant (Life Vegan),275.4
2025-03-10,Laranja Moro,202.59
2025-03-10,MCT,106.25
2025-03-10,Magnésio - 3MAG - Pool de Magnésio,61.97
2025-03-10,Magnésio - Bio Trimag,299.46
2025-03-10,Magnésio - Inositol Relief 3.0,159.7
2025-03-10,Magnésio Plus - 350mg,74.38
2025-03-10,Melatonina,33.92
2025-03-10,Melatonina - Sleepfor,117.94
2025-03-10,Melatonina - Ydrosolv,65.71
2025-03-10,Melatonina Duo,44.51
2025-03-10,Melatonina Em Gotas Premium - 210mcg,23.62
2025-03-10,Melatonina em Gotas,99.69
2025-03-10,Morning Shot - Imunidade,203.84
2025-03-10,Multivitaminico  - Imunomult- 1000mg,103.7
2025-03-10,Multivitaminico - Imunomult- 1000mg,212.82
2025-03-10,Omegafor Family - Ômega 3,275.25
2025-03-10,Omegafor Plus,2868.45
2025-03-10,Palatinose,318.81
2025-03-10,Pasta de Amendoim,54.24
2025-03-10,Pasta de Amendoim Integral,15.99
2025-03-10,Pasta de Castanha de Caju,36.13
2025-03-10,Paçoquinha,22.73
2025-03-10,Probiótico - Simfort Plus,433.5
2025-03-10,Probióticos em Pó - Simfort,171.9
2025-03-10,Proteina Vegetal,125.22
2025-03-10,Proteína - Best Vegan,85.43
2025-03-10,Proteína - Isocrisp Plant Pouch,57.8
2025-03-10,Proteína Isolada e Hidrolisada - Body Protein,1487.61
2025-03-10,Proteína Isolada e Hidrolisada - Body Protein Red,165.29
2025-03-10,Proteína Vegana - Vegan Tasty,109.74
2025-03-10,Proteína Vegetal - Vegan Protein,102.59
2025-03-10,Pré-Treino - Beta Action,163.63
2025-03-10,Pré-Treino - Betadop,100.29
2025-03-10,Pré-Treino - V Fort Ultra,202.96
2025-03-10,Pré-treino - Taken,90.72
2025-03-10,Pré-treino Panic Pre Workout,166.7
2025-03-10,Pré-treino X7,66.75
2025-03-10,Própolis Alcoólico,26.26
2025-03-10,Própolis Líquido - Gotas,62.7
2025-03-10,Própolis Verde - Alcoólico,26.26
2025-03-10,Própolis Verde - Premium 10mg,129.2
2025-03-10,Própolis Verde 70,63.94
2025-03-10,Psyllium,241.91
2025-03-10,Refil Whey 100% Pure,561.24
2025-03-10,Refil Whey Concentrado - W100,540.55
2025-03-10,Resveratrol 500mg,74.25
2025-03-10,Resveratrol Plus - 165mg,289.59
2025-03-10,Shot Matinal,130.24
2025-03-10,Sleep,151.65
2025-03-10,Super Ômega 3,464.86
2025-03-10,SuperCoffee,1118.45
2025-03-10,SuperCoffee Língua de gato - Kopenhagen,140.33
2025-03-10,Suplemento - Hyaluronic Hair,66.73
2025-03-10,Suplemento Alimentar - Alpha Mater,226.5
2025-03-10,Suplemento Alimentar - Alpha Women,125.56
2025-03-10,Suplemento Alimentar - Green Shot,124.56
2025-03-10,Suplemento de Magnésio - Blue Calm,479.64
2025-03-10,Suplemento para Cabelos e Unhas - Pillfood,56.02
2025-03-10,Tablete de Doce,71.33
2025-03-10,Tasty Whey 3W Gourmet,564.12
2025-03-10,Termogênico - Lipix6,166.6
2025-03-10,Termogênico - Termo Plus,224.4
2025-03-10,Trio Magnésio 720mg,53.17
2025-03-10,Ultracoffee - Vegano,379.65
2025-03-10,Vitamina B12,342.62
2025-03-10,Vitamina C - Bio Vit C+,99.81
2025-03-10,Vitamina D - Vita D3,564.4
2025-03-10,Vitamina D - Vita D3 + C + Zinco,98.6
2025-03-10,Vitamina D3 + K2,305.75
2025-03-10,Vitamina D3 + K2 Gotas,55.37
2025-03-10,Vitamina D3 Synergy,59.5
2025-03-10,Whey,2041.07
2025-03-10,Whey 3W,150.95
2025-03-10,Whey 3W - Delicious,464.1
2025-03-10,Whey Concentrado - W100,339.0
2025-03-10,Whey Fort 3W,304.5
2025-03-10,Whey Isolado - Iso Triple Zero,1174.11
2025-03-10,Whey Isolado e Hidrolisado - H.I Whey,163.84
2025-03-10,Whey Protein - 3W - The Whey,242.66
2025-03-10,Whey Protein - Isofort Beauty,134.38
2025-03-10,Whey Protein 3W,306.34
2025-03-10,Whey Protein Concentrado,3398.4
2025-03-10,Whey Protein Isolado,3894.69
2025-03-10,Whey Protein Isolado - Isofort,557.42
2025-03-10,Whey Protein Isolado - Tasty Iso,506.1
2025-03-10,Whey Tech 100%,1372.2
2025-03-10,Whey hidrolisado e isolado,463.98
2025-03-10,Wheydop ISO,442.89
2025-03-10,Óleo de Krill,119.2
2025-03-10,Óleo de Prímula - 500mg,29.33
2025-03-10,Ômega -  Mega DHA,166.0
2025-03-10,Ômega 3 - EPA DHA - 1000mg,390.04
2025-03-10,Ômega 3 - Ultra Caps 1000mg,610.86
2025-03-10,Ômega 3 EPA DHA,762.86
2025-03-10,Ômega 3 Super DHA,96.07
2025-03-10,Ômega 3 Super DHA - BIG N,781.65
2025-03-10,Ômega 3 Super DHA BIG,621.24
2025-03-17,100% Whey Crush Concentrada,126.65
2025-03-17,100% Whey Flavour,100.29
2025-03-17,100% Whey Protein - Flavour,200.58
2025-03-17,100% Whey Pure,660.0
2025-03-17,100% Whey True Protein,358.5
2025-03-17,Aminoácido - Aminovita,250.75
2025-03-17,Aminoácido N-acetil L-cisteína (NAC),174.69
2025-03-17,Aminoácidos - Aminnu EAAs,185.9
2025-03-17,Aminoácidos - Aminnu EAAs - Sem Xilitol,371.8
2025-03-17,Arginofor -  L-Arginina,88.46
2025-03-17,BT Nitrato 400,143.06
2025-03-17,Barrinha de Proteína,95.67
2025-03-17,Barrinha de Proteína - Protein Crisp Bar,122.46
2025-03-17,Barrinha de Proteína Cleanpro Bar,83.39
2025-03-17,Best Whey Iso,193.67
2025-03-17,Beta Alanina,149.38
2025-03-17,Bio Cálcio  60 caps PURAVIDA,115.44
2025-03-17,Bio Vitamina B12 em gotas,112.62
2025-03-17,Bio Zinco,25.62
2025-03-17,Blend de Chá - Energia,24.85
2025-03-17,Body Protein Vegano,110.91
2025-03-17,"Boraprim - Borragem, Prímula e Gergelim",136.42
2025-03-17,Cafeína,43.22
2025-03-17,Cappuccino Proteico,42.49
2025-03-17,Chocolate 70% Cacau,23.38
2025-03-17,Chá,18.0
2025-03-17,Chá - Immuno Guard,51.02
2025-03-17,Coenzima  Q10 - 100mg,166.66
2025-03-17,Coenzima Q10,150.9
2025-03-17,Coenzima Q10  (200mg p/ porção),807.5
2025-03-17,Coenzima Q10 (200mg p/ porção),287.3
2025-03-17,Coenzima Q10 + Ômega 3 + Vitamina E,228.07
2025-03-17,Coenzima Q10 - (100mg p/ porção),238.0
2025-03-17,Coenzima Q10+ 200mg,105.26
2025-03-17,Coffee - Brainstorm,90.1
2025-03-17,Colágeno -  Collagen Gut,282.28
2025-03-17,Colágeno - Colagentek,71.4
2025-03-17,Colágeno - Colagentek Beauty,187.0
2025-03-17,Colágeno - Colagentek II,78.14
2025-03-17,Colágeno - Colagentek Protein - Bodybalance,552.64
2025-03-17,Colágeno - Collagen Essential Protein,314.17
2025-03-17,Colágeno - Collagen Gut,134.17
2025-03-17,Colágeno - Collagen Protein Hidrolisado,250.22
2025-03-17,Colágeno - Collagen Protein Hidrolisado Berries Silvestres 450g PURAVIDA,134.48
2025-03-17,Colágeno - Collagen Renew Hidrolisado,131.08
2025-03-17,Colágeno - Collagen Tipo II 40mg,271.76
2025-03-17,Colágeno - Collcreatine,166.18
2025-03-17,Colágeno Collagen Skin,165.75
2025-03-17,Colágeno Hidrolisado - Collagen Pro 18g,288.86
2025-03-17,Colágeno Tipo II,107.94
2025-03-17,Colágeno Tipo II - Artro Aid,83.24
2025-03-17,Complexo B - Bio Vit.B+,35.11
2025-03-17,Complexo B 500mg,31.36
2025-03-17,Creatina,566.27
2025-03-17,Creatina - Creafort (Creapure),1050.0
2025-03-17,Creatina - Creapure,161.12
2025-03-17,Creatina 100%,178.44
2025-03-17,Creatina 100% Pure,107.04
2025-03-17,Creatina Monohidratada,2023.19
2025-03-17,Creatina Monohidratada (Creapure),535.5
2025-03-17,Creatina Monohidratada -  Crealift (Creapure),231.85
2025-03-17,Creatina Monohidratada - Creatine,611.26
2025-03-17,Creatina Monohidratada - Hardcore,347.07
2025-03-17,Creatina Monohidratada em Gummy,93.86
2025-03-17,Cúrcuma,71.53
2025-03-17,Cúrcuma - Curcumagic,112.56
2025-03-17,Cúrcuma 500mg,84.32
2025-03-17,Cúrcuma Plus,793.9
2025-03-17,Extrato de Laranja Moro 400mg,84.32
2025-03-17,Ferro - Ydrosolv,78.54
2025-03-17,Ferro Quelato + Vitamina C,77.6
2025-03-17,Fibras - Fiberfor,82.01
2025-03-17,Fresh Vegan,784.68
2025-03-17,Fresh Whey,1384.86
2025-03-17,Glutamina,246.9
2025-03-17,Glutamina - Glutamax,311.52
2025-03-17,Glutamina em Pó,146.26
2025-03-17,Gold Whey Concentrado Refil,505.2
2025-03-17,Granola Australia - Low Carb,32.09
2025-03-17,Granola Coconut,33.97
2025-03-17,Granola Premium,43.56
2025-03-17,Grassfed Whey Protein,206.05
2025-03-17,Intra-Treino Power Powder ,31.07
2025-03-17,Isofort Plant (Life Vegan),367.2
2025-03-17,L-Carnitina 530mg,76.5
2025-03-17,MCT com AGE,147.9
2025-03-17,Magnésio,125.37
2025-03-17,Magnésio - 3MAG - Pool de Magnésio,61.97
2025-03-17,Magnésio - Bio Trimag,85.56
2025-03-17,Magnésio Inositol,137.21
2025-03-17,Magnésio Plus - 350mg,199.88
2025-03-17,Melatonina,33.92
2025-03-17,Melatonina - Ydrosolv,65.71
2025-03-17,Melatonina Duo,162.32
2025-03-17,Melatonina em Gotas,33.23
2025-03-17,Morning Shot - Imunidade,87.21
2025-03-17,Multivitaminico  - Imunomult- 1000mg,622.2
2025-03-17,Multivitaminico - Imunomult- 1000mg,76.82
2025-03-17,Multivitamínico - Vitalift,128.68
2025-03-17,Nitro 400,119.03
2025-03-17,Omegafor Family - Ômega 3,440.4
2025-03-17,Omegafor Plus,3156.83
2025-03-17,Palatinose,45.11
2025-03-17,Pasta de Amendoim,259.76
2025-03-17,Pasta de Amendoim Granulado,20.22
2025-03-17,Pasta de Castanha de Caju,36.13
2025-03-17,Probiótico - Simfort Plus,86.7
2025-03-17,Probióticos em Pó - Simfort,293.17
2025-03-17,Proteína - Best Vegan,256.29
2025-03-17,Proteína Isolada e Hidrolisada - Body Protein,1157.03
2025-03-17,Proteína Isolada e Hidrolisada - Body Protein Red,165.29
2025-03-17,Pré-Treino,132.66
2025-03-17,Pré-treino - Energyzer & focus,95.14
2025-03-17,Própolis - Green Própolis,112.94
2025-03-17,Própolis Líquido - Gotas,94.05
2025-03-17,Própolis Trio,324.75
2025-03-17,Própolis Verde - Alcoólico,26.26
2025-03-17,Própolis Verde - Premium 10mg,64.6
2025-03-17,Própolis Verde 70,63.94
2025-03-17,Psyllium,227.8
2025-03-17,Refil Whey 100% Pure,466.24
2025-03-17,Refil Whey Concentrado - W100,216.22
2025-03-17,Refil Whey Protein Concentrado,166.17
2025-03-17,Refil Wheydop Iso,181.67
2025-03-17,Resveratrol - Resveramax,151.11
2025-03-17,Resveratrol 500mg,68.01
2025-03-17,Resveratrol Plus - 165mg,96.53
2025-03-17,Simfort fibras,220.28
2025-03-17,Sleep,353.67
2025-03-17,Super Ômega 3,641.77
2025-03-17,SuperCoffee,1137.06
2025-03-17,SuperCoffee Língua de gato - Kopenhagen,841.98
2025-03-17,Suplemento - Alimentar - Cálcio Citrato Malato,49.22
2025-03-17,Suplemento Alimentar  - Hepatofor,358.06
2025-03-17,Suplemento Alimentar - Alpha Mater,113.25
2025-03-17,Suplemento Alimentar - GUARDIAN®,632.08
2025-03-17,Suplemento Alimentar - Geleia Real - Apireal,36.3
2025-03-17,Suplemento Alimentar - Green Shot,62.28
2025-03-17,Suplemento Alimentar - Slim Body 400mg,195.09
2025-03-17,Suplemento de Magnésio - Blue Calm,322.06
2025-03-17,Suplemento para Imunidade - Immune Up 100%,105.03
2025-03-17,Tablete de Doce,94.69
2025-03-17,Tasty Whey 3W Gourmet,987.21
2025-03-17,Termogênico - Lipix6,83.3
2025-03-17,Termogênico - Termo Plus,224.4
2025-03-17,Tortinha Proteica,102.68
2025-03-17,True Cúrcuma,288.68
2025-03-17,Ultracoffee - Vegano,238.48
2025-03-17,Vegan Protein,123.41
2025-03-17,Vitamina - Good Mood,118.94
2025-03-17,Vitamina B12,432.86
2025-03-17,Vitamina D - Vita D3,476.0
2025-03-17,Vitamina D - Vita D3 + C + Zinco,246.5
2025-03-17,Vitamina D3,259.93
2025-03-17,Vitamina D3 + K2,217.31
2025-03-17,Vitamina D3 + K2 Gotas,166.11
2025-03-17,Vitamina D3 - Ydrosolv,64.26
2025-03-17,Vitamina D3 Synergy,59.5
2025-03-17,"Vitaminas A, E, D e K2- RESTAURE® - Gotas",158.8
2025-03-17,Whey,1307.73
2025-03-17,Whey - Immuno Golden,363.9
2025-03-17,Whey 3W,301.9
2025-03-17,Whey 3W - Delicious,232.05
2025-03-17,Whey Fort 3W,331.5
2025-03-17,Whey Isolado - Iso Triple Zero,838.65
2025-03-17,Whey Isolado - Isoflex,624.45
2025-03-17,Whey Isolado - Isofort Ultra Imuno,598.4
2025-03-17,Whey Isolado e Hidrolisado - H.I Whey,163.84
2025-03-17,Whey Protein 3W,153.17
2025-03-17,Whey Protein Concentrado,3014.88
2025-03-17,Whey Protein Isolado,3322.32
2025-03-17,Whey Protein Isolado - Isofort,1114.84
2025-03-17,Whey Protein Isolado - Tasty Iso,1349.6
2025-03-17,Whey Tech 100%,892.43
2025-03-17,Whey hidrolisado e isolado,463.98
2025-03-17,Óleo De Coco Extravirgem,26.31
2025-03-17,Ômega 3,70.0
2025-03-17,Ômega 3 - 1360mg,121.92
2025-03-17,Ômega 3 - EPA DHA - 1000mg,506.5
2025-03-17,Ômega 3 - Omegafor Memory,248.58
2025-03-17,Ômega 3 - Ultra Caps 1000mg,101.81
2025-03-17,Ômega 3 EPA DHA,880.21
2025-03-17,Ômega 3 Super DHA,96.07
2025-03-17,Ômega 3 Super DHA - BIG N,173.7
2025-03-17,Ômega 3 Super DHA BIG,404.37
2025-03-17,Ômega DHA,160.35
2025-03-17,Ômegafor Vegan 400mg,225.42
2025-03-24,100% Whey Crush Concentrada,253.3
2025-03-24,100% Whey Protein - Flavour,675.99
2025-03-24,100% Whey Pure,339.0
2025-03-24,Achocolatado - Choco Family - Refil,35.56
2025-03-24,Achocolatado - Chocoki,74.8
2025-03-24,Aminoácido - Aminovita,120.7
2025-03-24,Aminoácido - BCAA - Glyco HD,23.39
2025-03-24,Aminoácido - BCAA 2:1:1,21.35
2025-03-24,Aminoácido - Tryptophan,41.59
2025-03-24,Aminoácido N-acetil L-cisteína (NAC),127.23
2025-03-24,Aminoácidos - Aminnu EAAs - Sem Xilitol,185.9
2025-03-24,Aminoácidos - Aminolift,294.52
2025-03-24,BCAA Lift - 8:1:1,114.54
2025-03-24,BT Nitrato,100.61
2025-03-24,Barrinha de Chocolate ao Leite,32.81
2025-03-24,Barrinha de Proteína,689.51
2025-03-24,Barrinha de Proteína - Protein Crisp Bar,183.69
2025-03-24,Barrinha de Proteína Choco Wheyfer,27.33
2025-03-24,Barrinha de Proteína Protein Crisp,73.95
2025-03-24,Barrinha de Proteína Whey Grego - Havanna,109.24
2025-03-24,Barrinhas de Proteína Crunch,132.6
2025-03-24,Bcaa Fix,75.0
2025-03-24,Best Whey Iso,193.67
2025-03-24,Beta Alanina,248.09
2025-03-24,Beta Alanina 100%,43.35
2025-03-24,Beta Alanina Pure,53.32
2025-03-24,Bio Cálcio  60 caps PURAVIDA,57.72
2025-03-24,Bio Vitamina B12 em gotas,262.78
2025-03-24,Bio Zinco,25.62
2025-03-24,Biotina Plus,39.65
2025-03-24,Biscoito Proteico - Sublime,30.98
2025-03-24,BodyBalance - Muscle Synergy,183.26
2025-03-24,Bombom,33.24
2025-03-24,Cafeína,119.64
2025-03-24,Cappuccino Proteico,42.49
2025-03-24,Chocolate 85% Cacau,70.14
2025-03-24,Chá Sublime - Brisa,18.0
2025-03-24,Coenzima Q10,229.83
2025-03-24,Coenzima Q10  (200mg p/ porção),161.5
2025-03-24,Coenzima Q10 (200mg p/ porção),193.8
2025-03-24,Coenzima Q10 + Ômega 3 + Vitamina E,456.14
2025-03-24,Coenzima Q10 - (100mg p/ porção),238.0
2025-03-24,Coenzima Q10 - 200mg,129.97
2025-03-24,Coenzima Q10 200mg,91.12
2025-03-24,Colágeno -  Collagen Gut,268.34
2025-03-24,Colágeno - Colagentek,214.2
2025-03-24,Colágeno - Colagentek Beauty,376.88
2025-03-24,Colágeno - Colagentek II,78.14
2025-03-24,Colágeno - Colagentek Protein - Bodybalance,690.8
2025-03-24,Colágeno - Collagen Essential Protein,1119.23
2025-03-24,Colágeno - Collagen Gut,268.34
2025-03-24,Colágeno - Collagen Protein Hidrolisado,136.61
2025-03-24,Colágeno - Collagen Protein Hidrolisado Berries Silvestres 450g PURAVIDA,134.48
2025-03-24,Colágeno - Collagen Renew Hidrolisado,262.16
2025-03-24,Colágeno - Collagen Tipo II 40mg,135.88
2025-03-24,Colágeno Collagen Skin,299.92
2025-03-24,Colágeno Hidrolisado - Collagen Pro 18g,433.29
2025-03-24,Colágeno Tipo 1 e 2 - Collagen 2 Joint,150.75
2025-03-24,Colágeno Tipo II,53.97
2025-03-24,Colágeno tipo 2 - Colagentek II,76.14
2025-03-24,Combo com 6 Barrinhas de Proteína - Bombar,39.32
2025-03-24,Complexo B - Bio Vit.B+,35.11
2025-03-24,Creatina,585.18
2025-03-24,Creatina - Creafort (Creapure),1050.0
2025-03-24,Creatina - Creapure,123.34
2025-03-24,Creatina - Gummies,110.7
2025-03-24,Creatina 100%,987.16
2025-03-24,Creatina 100% Pure,107.04
2025-03-24,Creatina Monohidratada,3624.88
2025-03-24,Creatina Monohidratada -  Crealift (Creapure),231.85
2025-03-24,Creatina Monohidratada - Creatine,611.26
2025-03-24,Creatina Monohidratada - Hardcore,619.08
2025-03-24,Creatina Premium - Creapure,199.36
2025-03-24,Cálcio de Algas 1000mg,143.91
2025-03-24,Cúrcuma Plus,330.2
2025-03-24,Energy Gel,184.27
2025-03-24,Energy Gel - Endurance,23.8
2025-03-24,Enzimas Enzyfor,110.5
2025-03-24,Farinha de Aveia,12.64
2025-03-24,Ferro Quelado 34mg,26.43
2025-03-24,Ferro Quelato + Vitamina C,38.8
2025-03-24,Fibra - Fosvita,76.5
2025-03-24,Fibras - Fiberfor,164.02
2025-03-24,Fibras Prébioticas - Prebiotic,160.47
2025-03-24,Fresh Vegan,261.56
2025-03-24,Fresh Whey,2540.13
2025-03-24,Gel Nitrato,196.8
2025-03-24,Gel Nitrato com L-Citrulinilarginina,37.47
2025-03-24,Glutamina,205.18
2025-03-24,Glutamina - Glutamax,196.35
2025-03-24,Glutamina - Glutamax Refil,200.6
2025-03-24,Glutamina Isolates,66.3
2025-03-24,Glutamina em Pó,86.49
2025-03-24,Gold Whey Concentrado Refil,406.09
2025-03-24,Granola,55.17
2025-03-24,Granola - Zero Açúcar,19.35
2025-03-24,Granola Australia - Low Carb,153.45
2025-03-24,Granola Coconut,33.97
2025-03-24,Grassfed Whey Protein - Concentrado,223.96
2025-03-24,Immuno Whey,363.9
2025-03-24,Isofort Plant (Life Vegan),183.6
2025-03-24,Laranja Moro,67.53
2025-03-24,Leite de Coco em Pó - Coco Cream,52.63
2025-03-24,Maca Peruana 2000mg,66.43
2025-03-24,Magnésio,41.79
2025-03-24,Magnésio - Bio Trimag,275.4
2025-03-24,Magnésio - Inositol Relief 3.0,458.2
2025-03-24,Magnésio - Quelato,21.34
2025-03-24,Magnésio Dimalato,45.22
2025-03-24,Magnésio Inositol,279.06
2025-03-24,Magnésio Plus - 350mg,148.76
2025-03-24,Magnésio Plus 900mg,231.75
2025-03-24,Melatonina,46.94
2025-03-24,Melatonina - Ydrosolv,197.13
2025-03-24,Melatonina Duo,217.31
2025-03-24,Melatonina Em Gotas Premium - 210mcg,23.62
2025-03-24,Melatonina em Gotas,99.69
2025-03-24,Morning Shot - Imunidade,174.42
2025-03-24,Omegafor Family - Ômega 3,284.5
2025-03-24,Omegafor Plus,1140.09
2025-03-24,Omegafor Vitamins,106.25
2025-03-24,Palatinose,369.08
2025-03-24,Pasta de Amendoim,228.66
2025-03-24,Pasta de Amendoim Integral,47.97
2025-03-24,Pasta de Castanha de Caju,72.26
2025-03-24,Probiótico - Simcaps,115.6
2025-03-24,Probiótico - Simfort Plus,581.7
2025-03-24,Probióticos em Pó - Simfort,236.86
2025-03-24,Proteína - Best Vegan,170.86
2025-03-24,Proteína Isolada e Hidrolisada - Body Protein,991.74
2025-03-24,Proteína Isolada e Hidrolisada - Body Protein Red,826.45
2025-03-24,Pré-Treino - Over Up,60.0
2025-03-24,Pré-Treino - V Fort Ultra,379.76
2025-03-24,Pré-Treino - WarmUp Ultra,98.03
2025-03-24,Pré-Treino Energy ATP®,185.9
2025-03-24,Pré-treino - Energyzer & focus,95.14
2025-03-24,Pré-treino - Pre Workout,121.36
2025-03-24,Pré-treino - Warzone,73.24
2025-03-24,Pré-treino Panic Pre Workout,83.35
2025-03-24,Próbiotico - Purabiotics,146.93
2025-03-24,Própolis Alcoólico,52.52
2025-03-24,Própolis Líquido - Gotas,125.4
2025-03-24,Própolis Verde,47.59
2025-03-24,Própolis Verde - Alcoólico,26.26
2025-03-24,Própolis Verde - Premium 10mg,129.2
2025-03-24,Própolis Verde - Propomax,52.52
2025-03-24,Psyllium,290.87
2025-03-24,Refil Whey 100% Pure,699.36
2025-03-24,Refil Whey Concentrado - W100,216.22
2025-03-24,Refil Wheydop Iso,363.34
2025-03-24,Resveratrol Plus - 165mg,193.06
2025-03-24,Simfort fibras,220.28
2025-03-24,Sleep,341.78
2025-03-24,Spirulina 500mg,74.25
2025-03-24,Super Ômega 3,551.25
2025-03-24,SuperCoffee,1249.63
2025-03-24,SuperCoffee Língua de gato - Kopenhagen,561.32
2025-03-24,Suplemento - Hyaluronic Hair,133.46
2025-03-24,Suplemento - Laranja Moro,72.18
2025-03-24,Suplemento Alimentar  - Hepatofor,148.24
2025-03-24,Suplemento Alimentar - Alpha Inflaminus,122.81
2025-03-24,Suplemento Alimentar - Alpha Mater,113.25
2025-03-24,Suplemento Alimentar - GUARDIAN®,158.02
2025-03-24,Suplemento Alimentar - Slim Body 400mg,65.03
2025-03-24,Suplemento alimentar de Ômega 3 - DHA OX,142.8
2025-03-24,Suplemento de Magnésio - Blue Calm,490.57
2025-03-24,Tablete de Doce,27.13
2025-03-24,Tasty Whey 3W Gourmet,141.03
2025-03-24,Termogênico - Lipix6,249.9
2025-03-24,Trio Magnésio 720mg,53.17
2025-03-24,Vitamina B12,441.65
2025-03-24,Vitamina B9 - Ácido Fólico,61.52
2025-03-24,Vitamina C,152.67
2025-03-24,Vitamina C + Zinco - Gomas,47.19
2025-03-24,Vitamina C - Bio Vit C+,99.81
2025-03-24,Vitamina D - Vita D3,257.38
2025-03-24,Vitamina D - Vita D3 + C + Zinco,345.1
2025-03-24,Vitamina D3,135.74
2025-03-24,Vitamina D3 + K2,315.62
2025-03-24,Vitamina D3 - 2000 Ui,30.94
2025-03-24,Whey,1784.24
2025-03-24,Whey - Immuno Golden,181.95
2025-03-24,Whey 3W,150.95
2025-03-24,Whey 3W - Delicious,386.75
2025-03-24,Whey Concentrado - W100,113.0
2025-03-24,Whey Fort 3W,497.25
2025-03-24,Whey Isolado - Garrafinha,37.98
2025-03-24,Whey Protein - Isofort Beauty,134.38
2025-03-24,Whey Protein Concentrado,3828.88
2025-03-24,Whey Protein Isolado,1575.22
2025-03-24,Whey Protein Isolado - Isofort,557.42
2025-03-24,Whey Protein Isolado - Purajuice,130.03
2025-03-24,Whey Protein Isolado - Tasty Iso,506.1
2025-03-24,Whey Tech 100%,1019.92
2025-03-24,Wheydop ISO,182.83
2025-03-24,Wheydop X,679.2
2025-03-24,Zinco Quelato,40.49
2025-03-24,Óleo de Krill  - Ômega 3 EPA DHA,90.78
2025-03-24,Óleo de Prímula - 500mg,29.33
2025-03-24,Ômega -  Mega DHA,498.0
2025-03-24,Ômega - Mega DHA,168.07
2025-03-24,Ômega 3 - 1360mg,609.6
2025-03-24,Ômega 3 - EPA DHA - 1000mg,474.85
2025-03-24,Ômega 3 - Omegafor Memory,165.72
2025-03-24,Ômega 3 - Ultra Caps 1000mg,305.43
2025-03-24,Ômega 3 EPA DHA,562.0
2025-03-24,Ômega 3 Pulse,114.13
2025-03-24,Ômega 3 Super DHA - BIG N,260.55
2025-03-24,Ômega 3 Super DHA BIG,747.18
2025-03-24,Ômega Core,294.52
2025-03-31,#Combo 2025 com Saúde,152.7
2025-03-31,#Whey Fort 3W,165.75
2025-03-31,100% Whey Crush Concentrada,126.65
2025-03-31,100% Whey Flavour,100.29
2025-03-31,100% Whey Protein - Flavour,501.45
2025-03-31,100% Whey Pure,660.0
2025-03-31,Achocolatado - Choco Family - Refil,35.56
2025-03-31,Aminoácido - Aminovita,622.2
2025-03-31,Aminoácido - BCAA 2:1:1,21.35
2025-03-31,Aminoácido N-acetil L-cisteína (NAC),243.69
2025-03-31,Aminoácidos - Aminnu EAAs,185.9
2025-03-31,Arginofor -  L-Arginina,88.46
2025-03-31,BT Gel Nitrato,203.84
2025-03-31,BT Nitrato,100.61
2025-03-31,Barrinha de Proteína,886.7
2025-03-31,Barrinha de Proteína Choco Wheyfer,23.77
2025-03-31,Barrinha de Proteína ChocoWheyfer,83.15
2025-03-31,Barrinha de Proteína Cleanpro Bar,83.39
2025-03-31,Barrinha de Proteína Dark Bar,109.89
2025-03-31,Barrinha de Proteína Protein Crisp,147.9
2025-03-31,Barrinha de Proteína Proto Bar - Havanna,109.24
2025-03-31,Barrinha de Proteína Thin,98.94
2025-03-31,Bebida Vegetal em Pó - Vegan Delight,67.16
2025-03-31,Best Whey,697.95
2025-03-31,Best Whey Iso,387.34
2025-03-31,Beta Alanina,350.14
2025-03-31,Beta Alanina Pure,40.55
2025-03-31,Bio Cálcio  60 caps PURAVIDA,404.04
2025-03-31,Bio Ferro,37.54
2025-03-31,Bio Zinco,80.49
2025-03-31,Biotina Plus,39.65
2025-03-31,Blend de Chá - Calmante,49.7
2025-03-31,Blend de Chá - Detox,24.85
2025-03-31,Blend de Chá - Digestivo,74.55
2025-03-31,"Boraprim - Borragem, Prímula e Gergelim",153.0
2025-03-31,Chocolate com Flor de Sal,23.84
2025-03-31,Chá Misto,36.0
2025-03-31,Chá Vitatea,162.03
2025-03-31,Clorella,96.28
2025-03-31,Cocada,21.02
2025-03-31,Coenzima Q10,467.87
2025-03-31,Coenzima Q10  (200mg p/ porção),323.0
2025-03-31,Coenzima Q10 (200mg p/ porção),193.8
2025-03-31,Coenzima Q10 - (100mg p/ porção),119.0
2025-03-31,Coffee - Brainstorm,90.1
2025-03-31,Colágeno - Colagentek,571.2
2025-03-31,Colágeno - Colagentek II,312.56
2025-03-31,Colágeno - Colagentek Protein - Bodybalance,1684.99
2025-03-31,Colágeno - Collagen Essential Protein,968.69
2025-03-31,Colágeno - Collagen Gut,134.17
2025-03-31,Colágeno - Collagen Pro - Body Suport,491.94
2025-03-31,Colágeno - Collagen Protein Hidrolisado,523.44
2025-03-31,Colágeno - Collagen Protein Hidrolisado Berries Silvestres 450g PURAVIDA,134.48
2025-03-31,Colágeno - Collagen Renew Hidrolisado,262.16
2025-03-31,Colágeno - Collagen Tipo II 40mg,67.94
2025-03-31,Colágeno Collagen Skin,134.17
2025-03-31,Colágeno Hidrolisado - Collagen Pro 18g,288.86
2025-03-31,Colágeno Tipo II,107.94
2025-03-31,Colágeno tipo 2 - Colagentek II,532.98
2025-03-31,Creatina,405.45
2025-03-31,Creatina - Creafort (Creapure),1555.0
2025-03-31,Creatina 100%,440.12
2025-03-31,Creatina 100% Pure,107.04
2025-03-31,Creatina 1100mg,39.33
2025-03-31,Creatina Monohidratada,3453.92
2025-03-31,Creatina Monohidratada - Creatine,712.25
2025-03-31,Creatina Monohidratada - Hardcore,258.63
2025-03-31,Creatina Premium - Creapure,416.11
2025-03-31,Cromo Picolinato - 250mg,24.52
2025-03-31,Cálcio de Algas 1000mg,48.75
2025-03-31,Cúrcuma Plus,428.4
2025-03-31,Energy Gel,688.72
2025-03-31,Enzimas Enzyfor,110.5
2025-03-31,Ferro Quelado 34mg,26.43
2025-03-31,Ferro Quelato + Vitamina C,155.2
2025-03-31,Fibras - Fiberfor,82.01
2025-03-31,Fibras Prébioticas - Prebiotic,106.98
2025-03-31,Fresh Vegan,130.78
2025-03-31,Fresh Whey,2454.03
2025-03-31,Gel - Endurance,71.4
2025-03-31,Gel Nitrato,34.95
2025-03-31,Glutamina,205.18
2025-03-31,Glutamina - Glutamax,211.22
2025-03-31,Glutamina - Glutamax Refil,200.6
2025-03-31,Glutamina em Pó,246.11
2025-03-31,Gold Whey Concentrado Refil,594.66
2025-03-31,Granola,35.82
2025-03-31,Granola Australia - Low Carb,123.11
2025-03-31,Grassfed Whey Protein,473.4
2025-03-31,Hipercalórico - Creamass,97.93
2025-03-31,Immuno Whey,363.9
2025-03-31,Isofort Plant (Life Vegan),367.2
2025-03-31,L-Carnitina 530mg,76.5
2025-03-31,L-Taurina - 1.000mg,79.05
2025-03-31,Maca Peruana 2000mg,66.43
2025-03-31,Magnésio,165.87
2025-03-31,Magnésio - Bio Trimag,385.02
2025-03-31,Magnésio - Inositol Relief 3.0,308.95
2025-03-31,Magnésio Plus - 350mg,74.38
2025-03-31,Matchá - Chá Verde em Pó,146.76
2025-03-31,Melatonina - Sleepfor,205.92
2025-03-31,Melatonina em Gotas,66.46
2025-03-31,Morning Shot - Imunidade,436.05
2025-03-31,Multivitaminico  - Imunomult- 1000mg,103.7
2025-03-31,Multivitaminico - Imunomult- 1000mg,136.0
2025-03-31,Neuro Health,153.34
2025-03-31,Omegafor Family - Ômega 3,86.7
2025-03-31,Omegafor Plus,3748.11
2025-03-31,Omegafor Vision,179.46
2025-03-31,Palatinose,409.03
2025-03-31,Pasta de Amendoim,241.48
2025-03-31,Pasta de Amendoim Granulado,20.22
2025-03-31,Pasta de Amendoim Integral,31.98
2025-03-31,Probiótico - Simcaps,115.6
2025-03-31,Probiótico - Simfort Plus,260.1
2025-03-31,Probióticos em Pó - Simfort,392.7
2025-03-31,Profem - Óleo de Prímula,84.15
2025-03-31,Proteina Vegetal,125.22
2025-03-31,Proteína - Best Vegan,170.86
2025-03-31,Proteína - Isocrisp Plant Pouch,115.6
2025-03-31,Proteína Isolada e Hidrolisada - Body Protein,1983.48
2025-03-31,Proteína Isolada e Hidrolisada - Body Protein Red,165.29
2025-03-31,Pré-Treino - V Fort Ultra,366.68
2025-03-31,Pré-Treino Energy ATP®,371.8
2025-03-31,Pré-treino - Energyzer & focus,95.14
2025-03-31,Pré-treino - Taken,90.72
2025-03-31,Pré-treino - Warzone,73.24
2025-03-31,Pré-treino Exquenta,135.99
2025-03-31,Própolis Alcoólico,26.26
2025-03-31,Própolis Líquido - Gotas,188.1
2025-03-31,Própolis Verde,36.3
2025-03-31,Própolis Verde - Alcoólico,78.78
2025-03-31,Própolis Verde - Premium 10mg,282.3
2025-03-31,Própolis Verde - Propomax,26.26
2025-03-31,Própolis Verde 70,31.97
2025-03-31,Psyllium,368.05
2025-03-31,Refil Whey 100% Pure,364.89
2025-03-31,Refil Whey Concentrado - W100,635.55
2025-03-31,Resveratrol Plus - 165mg,187.0
2025-03-31,Simfort fibras,55.07
2025-03-31,Sleep,303.3
2025-03-31,Super Ômega 3,551.25
2025-03-31,SuperCoffee,1049.55
2025-03-31,SuperCoffee Língua de gato - Kopenhagen,561.32
2025-03-31,Suplemento - Hyaluronic Hair,133.46
2025-03-31,Suplemento - Super Sono,93.86
2025-03-31,Suplemento Alimentar  - Hepatofor,78.3
2025-03-31,Suplemento Alimentar - Alpha A até Z,42.76
2025-03-31,Suplemento Alimentar - Alpha Inflaminus,368.43
2025-03-31,Suplemento Alimentar - Geleia Real - Apireal,36.3
2025-03-31,Suplemento Alimentar - Slim Body 400mg,65.03
2025-03-31,Suplemento Vitamínico - ZMA,47.61
2025-03-31,Suplemento de Magnésio - Blue Calm,291.6
2025-03-31,Tablete de Doce,44.83
2025-03-31,Tasty Whey 3W Gourmet,282.06
2025-03-31,Termogênico - Termo Plus,112.2
2025-03-31,Thermo Caps - DiaboVerde,57.38
2025-03-31,Ultracoffee - Vegano,379.65
2025-03-31,Vegan Ômega 3 DHA,117.16
2025-03-31,Vitamina - Good Mood,59.47
2025-03-31,Vitamina B12,182.08
2025-03-31,Vitamina B9 - Metilfolato,44.52
2025-03-31,Vitamina C + Zinco - Gomas,94.38
2025-03-31,Vitamina C - Bio Vit C+,66.54
2025-03-31,Vitamina D - Vita D3,278.8
2025-03-31,Vitamina D - Vita D3 + C + Zinco,189.15
2025-03-31,Vitamina D3,39.96
2025-03-31,Vitamina D3 + K2,250.62
2025-03-31,Vitamina D3 Synergy,119.0
2025-03-31,Whey,2098.43
2025-03-31,Whey - Zero Lactose,229.42
2025-03-31,Whey 3W,150.95
2025-03-31,Whey 3W - Delicious,602.34
2025-03-31,Whey Concentrado,100.0
2025-03-31,Whey Concentrado - W100,339.0
2025-03-31,Whey Fort 3W,1160.25
2025-03-31,Whey Isolado - Iso Triple Zero,1045.64
2025-03-31,Whey Isolado Nectar,279.64
2025-03-31,Whey Protein - Isofort Beauty,134.38
2025-03-31,Whey Protein 3W,153.17
2025-03-31,Whey Protein Concentrado,5350.08
2025-03-31,Whey Protein Isolado,2470.43
2025-03-31,Whey Protein Isolado - Isofort,1357.09
2025-03-31,Whey Protein Isolado - Tasty Iso,843.5
2025-03-31,Whey Tech 100%,1657.37
2025-03-31,Whey hidrolisado e isolado Creme Broule 837g TRUE SOURCE,463.98
2025-03-31,Wheydop ISO,584.33
2025-03-31,Zinco Quelato,40.49
2025-03-31,Óleo de Krill  - Ômega 3 EPA DHA,90.78
2025-03-31,Ômega -  Mega DHA,83.0
2025-03-31,Ômega - Mega DHA,368.67
2025-03-31,Ômega 3,617.54
2025-03-31,Ômega 3 - 1360mg,121.92
2025-03-31,Ômega 3 - DHA Vegan 430mg,121.53
2025-03-31,Ômega 3 - EPA DHA - 1000mg,302.15
2025-03-31,Ômega 3 - Omegafor Memory,82.86
2025-03-31,Ômega 3 - Ultra Caps 1000mg,102.31
2025-03-31,Ômega 3 EPA DHA,205.57
2025-03-31,Ômega 3 Pulse,114.13
2025-03-31,Ômega 3 Super DHA - BIG N,521.1
2025-03-31,Ômega Golden,159.41
2025-03-31,Ômegafor Vegan 400mg,112.71
2025-04-07,100% Whey Flavour,200.58
2025-04-07,100% Whey Protein - Flavour,300.87
2025-04-07,100% Whey Pure,232.76
2025-04-07,100% Whey True Protein,336.0
2025-04-07,Achocolatado - Choco Family - Refil,106.68
2025-04-07,Achocolatado - Chocoki,81.63
2025-04-07,Aminoácido - Aminovita,482.8
2025-04-07,Aminoácido - Tryptophan,49.02
2025-04-07,Aminoácido N-acetil L-cisteína (NAC),58.23
2025-04-07,Aminoácidos - Aminnu EAAs,185.9
2025-04-07,Aminoácidos - Aminnu EAAs - Sem Xilitol,185.9
2025-04-07,Aminoácidos - Aminolift,157.78
2025-04-07,Aveia - Flocos Grossos,28.54
2025-04-07,BT Nitrato,402.44
2025-04-07,BT Nitrato 400,269.81
2025-04-07,BT Nitrato com cafeína,429.18
2025-04-07,Barrinha de Chocolate ao Leite,32.81
2025-04-07,Barrinha de Proteína,586.07
2025-04-07,Barrinha de Proteína Choco Wheyfer,82.02
2025-04-07,Barrinha de Proteína ChocoWheyfer,166.3
2025-04-07,Barrinha de Proteína Cleanpro Bar,93.86
2025-04-07,Barrinha de Proteína Collagen Bar,101.14
2025-04-07,Barrinha de Proteína Protein Crisp,73.95
2025-04-07,Barrinha de Proteína Proto Bar - Havanna,109.24
2025-04-07,Barrinha de Proteína Thin,93.15
2025-04-07,Barrinha de Proteína Tube,110.13
2025-04-07,Barrinha de Proteína Veganpro Bar,83.39
2025-04-07,Best Whey,465.3
2025-04-07,Best Whey Iso,193.67
2025-04-07,Beta Alanina,213.14
2025-04-07,Beta Alanina Pure,40.55
2025-04-07,Bio Cálcio  60 caps PURAVIDA,57.72
2025-04-07,Bio Ferro,70.67
2025-04-07,Bio Zinco,102.48
2025-04-07,Body Protein Vegano,126.43
2025-04-07,"Boraprim - Borragem, Prímula e Gergelim",153.0
2025-04-07,Brain Focus,66.75
2025-04-07,Cafeína,33.2
2025-04-07,Cafeína - Caffeinex 200,31.5
2025-04-07,Chlorella 400mg,77.97
2025-04-07,Chocolate 45% Cacau,21.6
2025-04-07,Chocolate 70% Cacau,21.6
2025-04-07,Chocolate ao Leite,26.1
2025-04-07,Coenzima Q10,152.64
2025-04-07,Coenzima Q10  (200mg p/ porção),831.02
2025-04-07,Coenzima Q10 (200mg p/ porção),93.5
2025-04-07,Coenzima Q10 + Ômega 3 + Vitamina E,100.57
2025-04-07,Coenzima Q10 200mg,91.12
2025-04-07,Coffee - Brainstorm,100.27
2025-04-07,Colágeno -  Collagen Gut,759.89
2025-04-07,Colágeno - Colagentek,285.83
2025-04-07,Colágeno - Colagentek II,173.4
2025-04-07,Colágeno - Colagentek Protein - Bodybalance,552.64
2025-04-07,Colágeno - Collagen Essential Protein,1479.51
2025-04-07,Colágeno - Collagen Pro - Body Suport,327.96
2025-04-07,Colágeno - Collagen Protein Hidrolisado,273.22
2025-04-07,Colágeno - Collagen Protein Hidrolisado Berries Silvestres 450g PURAVIDA,134.48
2025-04-07,Colágeno - Collagen Renew Hidrolisado,152.86
2025-04-07,Colágeno - Collagen Tipo II 40mg,67.94
2025-04-07,Colágeno Hidrolisado,44.34
2025-04-07,Colágeno Hidrolisado + Ácido Hialurônico,60.31
2025-04-07,Colágeno Hidrolisado - Collagen Pro 18g,288.86
2025-04-07,Colágeno Tipo II - Artro Aid,89.18
2025-04-07,Colágeno Tipo II - Chondro,107.13
2025-04-07,Complexo B Max,31.32
2025-04-07,Creatina,168.21
2025-04-07,Creatina - Creafort (Creapure),802.0
2025-04-07,Creatina - Creapure,996.17
2025-04-07,Creatina 100%,484.33
2025-04-07,Creatina 100% Pure,107.04
2025-04-07,Creatina 1100mg,39.33
2025-04-07,Creatina Monohidratada,2481.97
2025-04-07,Creatina Monohidratada (Creapure),357.0
2025-04-07,Creatina Monohidratada -  Crealift (Creapure),500.68
2025-04-07,Creatina Monohidratada - Creatine,531.53
2025-04-07,Creatina Monohidratada - Hardcore,170.19
2025-04-07,Creatina Monohidratada em Gummy,93.86
2025-04-07,Creatina Premium - Creapure,398.72
2025-04-07,Cromo Picolinato - 250mg,24.52
2025-04-07,Cálcio de Algas 1000mg,47.97
2025-04-07,Cúrcuma Plus,488.75
2025-04-07,Energy Gel,59.59
2025-04-07,Energy Shot Gel,220.9
2025-04-07,Enzimas Enzyfor,117.81
2025-04-07,Feno Grego,75.48
2025-04-07,Feno Grego + Boro 500mg,83.04
2025-04-07,Ferro Quelado 34mg,79.29
2025-04-07,Ferro Quelato + Vitamina C,77.6
2025-04-07,Fibras Prébioticas - Prebiotic,59.6
2025-04-07,Fresh Whey,3537.79
2025-04-07,Gel Nitrato,72.83
2025-04-07,Gel Nitrato com L-Citrulinilarginina,37.47
2025-04-07,Glutamina,302.27
2025-04-07,Glutamina - Glutamax,196.35
2025-04-07,Glutamina Isolada,45.77
2025-04-07,Glutamina em Pó,246.11
2025-04-07,Gold Whey Concentrado Refil,200.36
2025-04-07,Granola Coconut,33.97
2025-04-07,Grassfed Whey Protein,137.25
2025-04-07,Grassfed Whey Protein - Concentrado,223.96
2025-04-07,Hipercalórico - Creamass,195.86
2025-04-07,Isofort Plant (Life Vegan),183.6
2025-04-07,Maca Peruana 2000mg,132.86
2025-04-07,Magnésio - Bio Trimag,213.9
2025-04-07,Magnésio - Inositol Relief 3.0,788.05
2025-04-07,Magnésio Inositol,158.92
2025-04-07,Magnésio Plus 900mg,77.25
2025-04-07,Magnésio Quelato - Bio Mag,48.75
2025-04-07,Matchá - Chá Verde em Pó,73.38
2025-04-07,Melatonina,107.74
2025-04-07,Melatonina - Sleepfor,68.64
2025-04-07,Melatonina Duo,126.23
2025-04-07,Melatonina Duo Harmony,103.78
2025-04-07,Metil Sulfonil Metano - MSM,36.51
2025-04-07,Mistura para Bolo de Caneca	,39.95
2025-04-07,Mistura para Pão de Frigideira,39.95
2025-04-07,Morning Shot - Imunidade,87.21
2025-04-07,Multivitaminico - Imunomult- 1000mg,68.0
2025-04-07,NAC + Glycine + Taurine,67.32
2025-04-07,Nootrópico - Brain Up Am/Pm  60 caps TRUE SOURCE,271.55
2025-04-07,Omegafor Family - Ômega 3,232.19
2025-04-07,Omegafor Plus,2740.83
2025-04-07,Omegafor Vision,96.63
2025-04-07,Palatinose,284.38
2025-04-07,Pasta de Amendoim,180.58
2025-04-07,Pasta de Amendoim Integral,15.99
2025-04-07,Pasta de Castanha de Caju,29.25
2025-04-07,Paçoquinha,22.73
2025-04-07,Pre-Workout - DiaboVerde,78.43
2025-04-07,Probiótico - Simcaps,58.9
2025-04-07,Probiótico - Simfort Plus,373.45
2025-04-07,Probióticos em Pó - Simfort,216.85
2025-04-07,Proteina Vegetal - True Vegan,175.7
2025-04-07,Proteína - Isocrisp Plant Pouch,115.6
2025-04-07,Proteína Isolada e Hidrolisada - Body Protein,1645.69
2025-04-07,Proteína Isolada e Hidrolisada - Body Protein Red,185.05
2025-04-07,Pré-Treino,179.7
2025-04-07,Pré-Treino Energy ATP®,185.9
2025-04-07,Pré-treino,293.86
2025-04-07,Própolis Líquido - Gotas,62.7
2025-04-07,Própolis Verde - Alcoólico,78.78
2025-04-07,Própolis Verde - Premium 10mg,258.4
2025-04-07,Psyllium,494.19
2025-04-07,Refil 100% Whey - Tasty Iso,373.91
2025-04-07,Refil Whey Concentrado - W100,216.22
2025-04-07,Resveratrol - Resveramax,151.11
2025-04-07,Simfort Femme,173.4
2025-04-07,Super Café - Desincoffee,93.86
2025-04-07,Super Ômega 3,1371.56
2025-04-07,SuperCoffee,1368.06
2025-04-07,SuperCoffee Língua de gato - Kopenhagen,420.99
2025-04-07,Suplemento - Hyaluronic Hair,133.46
2025-04-07,Suplemento Alimentar  - Hepatofor,141.71
2025-04-07,Suplemento Alimentar - Alpha Mater,113.25
2025-04-07,Suplemento Alimentar - Alpha Women,125.56
2025-04-07,Suplemento Alimentar - GUARDIAN®,320.29
2025-04-07,Suplemento Alimentar - Slim Shape,229.04
2025-04-07,Suplemento Vitamínico - ZMA,47.61
2025-04-07,Suplemento de Magnésio - Blue Calm,235.79
2025-04-07,Tablete de Doce,22.1
2025-04-07,Tasty Whey 3W Gourmet,445.54
2025-04-07,Termogênico - Lipix6,338.56
2025-04-07,Tortinha Proteica,154.02
2025-04-07,Trio Magnésio 720mg,159.51
2025-04-07,True Almonds Protein,20.07
2025-04-07,Ultracoffee - Vegano,75.93
2025-04-07,Vegan Protein - Vegano,106.05
2025-04-07,Vitamina B12,159.64
2025-04-07,Vitamina D - Vita D3,223.93
2025-04-07,Vitamina D - Vita D3 + C + Zinco,190.92
2025-04-07,Vitamina D3,179.6
2025-04-07,Vitamina D3 + K2,181.25
2025-04-07,Vitamina D3 + K2 Gotas,221.48
2025-04-07,Vitamina D3 - 2000 Ui,30.94
2025-04-07,Vitamina D3 Synergy,59.5
2025-04-07,Whey,2094.98
2025-04-07,Whey - Immuno Golden,181.95
2025-04-07,Whey - Isocrisp Pouch,240.3
2025-04-07,Whey - Zero Lactose,229.42
2025-04-07,Whey Concentrado - 100% Whey,138.11
2025-04-07,Whey Fort 3W,663.0
2025-04-07,Whey Isolado - Iso Triple Zero,172.49
2025-04-07,Whey Protein 3W,459.51
2025-04-07,Whey Protein Concentrado,3283.52
2025-04-07,Whey Protein Hidrolisado,374.85
2025-04-07,Whey Protein Isolado,5024.08
2025-04-07,Whey Protein Isolado - Isofort,1393.55
2025-04-07,Whey Protein Isolado - Purajuice,130.03
2025-04-07,Whey Protein Isolado - Tasty Iso,674.8
2025-04-07,Whey Tech 100%,637.45
2025-04-07,Whey hidrolisado e isolado,231.99
2025-04-07,Whey hidrolisado e isolado Creme Broule 837g TRUE SOURCE,231.99
2025-04-07,Óleo De Coco Extravirgem,26.31
2025-04-07,Óleo de Prímula - 500mg,29.33
2025-04-07,Ômega 3,70.0
2025-04-07,Ômega 3 - 1360mg,128.78
2025-04-07,Ômega 3 - EPA DHA - 1000mg,100.45
2025-04-07,Ômega 3 DHA,356.64
2025-04-07,Ômega 3 EPA DHA,968.89
2025-04-07,Ômega 3 Super DHA - BIG N,260.55
2025-04-07,Ômega 3 Vegan DHA,91.57
2025-04-14,100% Whey Flavour,200.58
2025-04-14,100% Whey Protein - Flavour,401.16
2025-04-14,100% Whey Pure,232.76
2025-04-14,Aminoácido N-acetil L-cisteína (NAC),128.7
2025-04-14,Aminoácidos - Aminnu EAAs,185.9
2025-04-14,Aminoácidos - Aminolift,473.34
2025-04-14,BCAA com TCM,67.06
2025-04-14,BIOCOLIN® - COLLAGEN,158.02
2025-04-14,BT Nitrato,100.61
2025-04-14,BT Nitrato 400,269.81
2025-04-14,Barrinha de Chocolate 70%,32.81
2025-04-14,Barrinha de Chocolate ao Leite,32.81
2025-04-14,Barrinha de Proteína,750.72
2025-04-14,Barrinha de Proteína - Protein Crisp Bar,183.69
2025-04-14,Barrinha de Proteína Choco Wheyfer,23.77
2025-04-14,Barrinha de Proteína ChocoWheyfer,83.15
2025-04-14,Barrinha de Proteína Tube,79.56
2025-04-14,Bebida Vegetal - Golden Immunity,91.18
2025-04-14,Beef Protein,327.26
2025-04-14,Best Whey Iso,774.68
2025-04-14,Beta Alanina,102.34
2025-04-14,Beta Alanina 100%,43.35
2025-04-14,Beta Alanina Pure,53.32
2025-04-14,Bio Cálcio  60 caps PURAVIDA,115.44
2025-04-14,Bio Ferro,145.75
2025-04-14,Bio Vitamina B12 em gotas,108.21
2025-04-14,Bio Zinco,25.62
2025-04-14,Biscoito Proteico,56.1
2025-04-14,Bombom,33.24
2025-04-14,Bombom Recheado,86.2
2025-04-14,"Boraprim - Borragem, Prímula e Gergelim",114.75
2025-04-14,Cafeína,43.22
2025-04-14,Cappuccino Proteico,42.49
2025-04-14,Chocolate 40%,40.12
2025-04-14,Chocolate ao Leite,28.89
2025-04-14,Chocolate com Cranberry,23.84
2025-04-14,Chá Sublime - Inverno,18.0
2025-04-14,Chá Vitatea,58.17
2025-04-14,Coenzima Q10,118.15
2025-04-14,Coenzima Q10  (200mg p/ porção),740.08
2025-04-14,Coenzima Q10 (200mg p/ porção),358.43
2025-04-14,Coenzima Q10 200mg,455.6
2025-04-14,Coenzima Q10+ 200mg,105.26
2025-04-14,Colágeno - Body Collagen Protein,149.85
2025-04-14,Colágeno - Colagentek,76.73
2025-04-14,Colágeno - Colagentek Beauty,94.46
2025-04-14,Colágeno - Colagentek Protein - Bodybalance,276.32
2025-04-14,Colágeno - Collagen Essential Protein,930.2
2025-04-14,Colágeno - Collagen Gut,315.56
2025-04-14,Colágeno - Collagen Protein Hidrolisado,273.22
2025-04-14,Colágeno - Collagen Protein Hidrolisado Berries Silvestres 450g PURAVIDA,134.48
2025-04-14,Colágeno - Collagen Renew Hidrolisado,152.86
2025-04-14,Colágeno - Collagen Tipo II 40mg,142.19
2025-04-14,Colágeno Hidrolisado - Collagen Pro 18g,144.43
2025-04-14,Colágeno Tipo II,107.94
2025-04-14,Colágeno tipo 2 - Colagentek II,84.15
2025-04-14,Combo com 4 Sachês SuperCoffee,27.37
2025-04-14,Complexo B - Bio Vit.B+,35.11
2025-04-14,Complexo B 500mg,31.36
2025-04-14,Cranberry,34.88
2025-04-14,Creatina,399.41
2025-04-14,Creatina - Creafort (Creapure),865.0
2025-04-14,Creatina - Creapure,278.35
2025-04-14,Creatina - Gummies,99.0
2025-04-14,Creatina 100%,1107.96
2025-04-14,Creatina Monohidratada,2107.42
2025-04-14,Creatina Monohidratada - Creatine,632.52
2025-04-14,Creatina Monohidratada - Hardcore,265.32
2025-04-14,Creatina Premium - Creapure,598.08
2025-04-14,Creatina em Cápsulas,41.46
2025-04-14,Cálcio de Algas 1000mg,47.97
2025-04-14,Cúrcuma,71.53
2025-04-14,Cúrcuma - Curcumagic,112.56
2025-04-14,Cúrcuma 500mg,168.64
2025-04-14,Cúrcuma Plus,367.2
2025-04-14,Energy Gel,119.18
2025-04-14,Ferro Quelado 34mg,52.86
2025-04-14,Ferro Quelato + Vitamina C,116.4
2025-04-14,Fresh Whey,1255.66
2025-04-14,Glutamina,870.83
2025-04-14,Glutamina - Glutamax,98.6
2025-04-14,Glutamina em Pó,159.62
2025-04-14,Gold Whey Concentrado Refil,502.4
2025-04-14,Granola Australia - Low Carb,32.09
2025-04-14,Grassfed Whey Protein - Concentrado,411.78
2025-04-14,Guaraná,18.87
2025-04-14,Immuno Whey,181.95
2025-04-14,Isofort Plant (Life Vegan),550.8
2025-04-14,Maca Peruana 600mg,67.35
2025-04-14,Magnésio - Bio Trimag,85.56
2025-04-14,Magnésio Dimalato,45.22
2025-04-14,Magnésio Plus - 350mg,74.38
2025-04-14,Magnésio Plus 900mg,77.25
2025-04-14,Melatonina,133.3
2025-04-14,Melatonina Duo,182.34
2025-04-14,Melatonina Fast,92.42
2025-04-14,Melatonina em Gotas,35.89
2025-04-14,Melatonina em Gummy,86.63
2025-04-14,Morning Shot - Imunidade,452.8
2025-04-14,Multivitamínicos - Gummy,51.38
2025-04-14,NAC 650mg,50.86
2025-04-14,NAC Acetilcisteína -  600mg,83.3
2025-04-14,Omegafor Family - Ômega 3,176.37
2025-04-14,Omegafor Plus,2673.37
2025-04-14,Palatinose,194.12
2025-04-14,Palatinose 100% - Carbolift,75.03
2025-04-14,Pasta de Amendoim,96.09
2025-04-14,Pasta de Amendoim Integral,15.99
2025-04-14,Power Coffee,74.56
2025-04-14,Prebiótico,61.24
2025-04-14,Probiótico - Simfort Plus,442.22
2025-04-14,Probióticos em Pó - Simfort,143.99
2025-04-14,Proteína - Isocrisp Plant Pouch,57.8
2025-04-14,Proteína Isolada e Hidrolisada - Body Protein,2415.48
2025-04-14,Proteína Vegana - Veggie Protein,206.17
2025-04-14,Pré-Treino - V Fort Ultra,101.48
2025-04-14,Pré-treino - Energyzer & focus,95.14
2025-04-14,Próbiotico - Purabiotics,76.5
2025-04-14,Própolis Líquido - Gotas,31.35
2025-04-14,Própolis Verde 70,31.97
2025-04-14,Psyllium,228.48
2025-04-14,Refil Whey 100% Pure,95.0
2025-04-14,Refil Whey Concentrado - W100,540.55
2025-04-14,Refil Whey Concentrado Havanna - W100,216.22
2025-04-14,Refil Whey Protein Concentrado,332.31
2025-04-14,Salgadinho,50.58
2025-04-14,Simfort Femme,86.7
2025-04-14,Simfort fibras,55.07
2025-04-14,Super Ômega 3,485.26
2025-04-14,SuperCoffee,1422.63
2025-04-14,SuperCoffee Língua de gato - Kopenhagen,701.65
2025-04-14,Suplemento - Beauty Care,56.12
2025-04-14,Suplemento Alimentar  - Hepatofor,71.77
2025-04-14,Suplemento Alimentar - Alpha Mater,113.25
2025-04-14,Suplemento Alimentar - GUARDIAN®,640.58
2025-04-14,Suplemento Alimentar - Slim Body 400mg,65.03
2025-04-14,Suplemento de Magnésio - Blue Calm,97.2
2025-04-14,Suplemento para Cabelos e Unhas - Pillfood,56.02
2025-04-14,Tasty Whey 3W Gourmet,163.48
2025-04-14,Termogênico - Lipix6,177.32
2025-04-14,Termogênico - Termo Plus,435.6
2025-04-14,Tortinha Proteica,56.23
2025-04-14,Triptofano Noite,70.69
2025-04-14,Vitamina B12,379.04
2025-04-14,Vitamina C,50.89
2025-04-14,Vitamina C3 - 1000mg,68.0
2025-04-14,Vitamina D - Vita D3,219.05
2025-04-14,Vitamina D - Vita D3 + C + Zinco,108.9
2025-04-14,Vitamina D3,215.31
2025-04-14,Vitamina D3 + K2,240.75
2025-04-14,Vitamina D3 + K2 Gotas,110.74
2025-04-14,Vitamina D3 - 2000 Ui,30.94
2025-04-14,Vitamina D3 - Ydrosolv,64.26
2025-04-14,Whey,1796.9
2025-04-14,Whey - Immuno Golden,201.96
2025-04-14,Whey - Isocrisp Pouch,89.0
2025-04-14,Whey 100% - Proteína Concentrada,249.54
2025-04-14,Whey Concentrado - 100% Whey,138.11
2025-04-14,Whey Concentrado - W100,339.0
2025-04-14,Whey Fort 3W,1160.25
2025-04-14,Whey Isolado - Iso Triple Zero,359.85
2025-04-14,Whey Protein - Isofort Beauty,288.28
2025-04-14,Whey Protein Concentrado,2461.44
2025-04-14,Whey Protein Concentrado Cappuccino 900g DUX,169.92
2025-04-14,Whey Protein Hidrolisado,749.7
2025-04-14,Whey Protein Isolado,3937.45
2025-04-14,Whey Protein Isolado - Isofort,1078.38
2025-04-14,Whey Tech 100%,1274.9
2025-04-14,Wheydop ISO,182.83
2025-04-14,Zinco Quelado,30.94
2025-04-14,Óleo de Prímula - 500mg,29.33
2025-04-14,Ômega -  Mega DHA,258.03
2025-04-14,Ômega - Mega DHA,401.2
2025-04-14,Ômega 3,299.18
2025-04-14,Ômega 3  - 1360mg,379.86
2025-04-14,Ômega 3 - 1360mg,386.34
2025-04-14,Ômega 3 - EPA DHA - 1000mg,52.13
2025-04-14,Ômega 3 - Omegafor Memory,91.58
2025-04-14,Ômega 3 - Pro,45.22
2025-04-14,Ômega 3 EPA DHA,445.35
2025-04-14,Ômega 3 Pulse,114.13
2025-04-14,Ômega 3 Super DHA,288.21
2025-04-14,Ômega 3 Super DHA - BIG N,521.1
2025-04-14,Ômega 3 Super DHA BIG,465.93
2025-04-14,Ômega Golden,347.82
2025-04-21,100% Whey Flavour,100.29
2025-04-21,100% Whey Protein - Flavour,601.74
2025-04-21,100% Whey Pure,105.63
2025-04-21,Achocolatado - Choco Family - Refil,71.12
2025-04-21,Achocolatado - Chocoki,195.03
2025-04-21,Aminoácido - Tryptophan,49.02
2025-04-21,Aminoácido N-acetil L-cisteína (NAC),257.4
2025-04-21,Arginofor -  L-Arginina,94.01
2025-04-21,BT Gel Nitrato com Cafeína,101.92
2025-04-21,BT Nitrato 400,269.81
2025-04-21,Barra Chocolate 40%,49.3
2025-04-21,Barra Chocolate 70%,49.3
2025-04-21,Barrinha de Chocolate 70%,32.81
2025-04-21,Barrinha de Chocolate ao Leite,32.81
2025-04-21,Barrinha de Proteína,813.52
2025-04-21,Barrinha de Proteína - Best Whey Bar,52.8
2025-04-21,Barrinha de Proteína - Protein Crisp Bar,61.23
2025-04-21,Barrinha de Proteína Crunch,36.85
2025-04-21,Barrinha de Proteína Protein Crisp,303.27
2025-04-21,Barrinha de Proteínaa Quest Bar - 60g (20g de proteína),238.0
2025-04-21,Bebida Vegetal,48.25
2025-04-21,Bebida Vegetal - Golden Immunity,91.18
2025-04-21,Best Whey Iso,193.67
2025-04-21,Beta Alanina,155.89
2025-04-21,Beta Alanina 100%,167.35
2025-04-21,Beta Alanina Pure,121.65
2025-04-21,Bio Cálcio  60 caps PURAVIDA,57.72
2025-04-21,Bio Ferro,103.8
2025-04-21,Bio Vitamina B12 em gotas,75.08
2025-04-21,Bio Zinco,58.5
2025-04-21,Biotina Plus,79.3
2025-04-21,Biscoito Proteico,84.15
2025-04-21,Biscoito Proteico - Sublime,30.98
2025-04-21,Bombom,33.24
2025-04-21,Brain Focus,69.28
2025-04-21,Cafeína,43.22
2025-04-21,Chlorella,77.97
2025-04-21,Chocolate 66% Cacau,89.08
2025-04-21,Chá - Deep Mint,51.02
2025-04-21,Chá - Spicy Fennel,102.04
2025-04-21,Coenzima Q10,406.59
2025-04-21,Coenzima Q10  (200mg p/ porção),185.02
2025-04-21,Coenzima Q10 (200mg p/ porção),649.13
2025-04-21,Coenzima Q10 + Ômega 3 + Vitamina E,136.12
2025-04-21,Coenzima Q10 - (100mg p/ porção),357.0
2025-04-21,Coenzima Q10+ 200mg,105.26
2025-04-21,Colosfort,207.06
2025-04-21,Colágeno - Body Collagen Protein,180.0
2025-04-21,Colágeno - Colagentek,669.71
2025-04-21,Colágeno - Colagentek II,84.15
2025-04-21,Colágeno - Colagentek Protein - Bodybalance,552.64
2025-04-21,Colágeno - Collagen Essential Protein,578.52
2025-04-21,Colágeno - Collagen Gut,157.78
2025-04-21,Colágeno - Collagen Pro - Body Suport,491.94
2025-04-21,Colágeno - Collagen Protein Hidrolisado,785.16
2025-04-21,Colágeno - Collagen Protein Hidrolisado Berries Silvestres 450g PURAVIDA,537.92
2025-04-21,Colágeno - Collagen Renew Hidrolisado,76.43
2025-04-21,Colágeno Collagen Skin,361.76
2025-04-21,Colágeno Hidrolisado - Collagen Pro 18g,144.43
2025-04-21,Colágeno Tipo 1 e 2 - Collagen 2 Joint,150.75
2025-04-21,Colágeno Tipo II - Chondro,107.13
2025-04-21,Combo com 4 Sachês SuperCoffee,27.37
2025-04-21,Combo com 6 Barrinhas de Proteína - Bombar,39.32
2025-04-21,Complexo B,80.64
2025-04-21,Complexo B 500mg,31.36
2025-04-21,Creatina,483.29
2025-04-21,Creatina - Creafort (Creapure),782.0
2025-04-21,Creatina - Creapure,395.58
2025-04-21,Creatina 100%,437.32
2025-04-21,Creatina Monohidratada,2043.08
2025-04-21,Creatina Monohidratada (Creapure),178.5
2025-04-21,Creatina Monohidratada - Creatine,271.08
2025-04-21,Creatina Monohidratada - Hardcore,347.07
2025-04-21,Creatina Monohidratada em Gummy,110.41
2025-04-21,Creme de Avelã,51.17
2025-04-21,Creme de Pistache,68.0
2025-04-21,Cálcio de Algas 1000mg,95.94
2025-04-21,Cúrcuma - Curcumagic,112.56
2025-04-21,Cúrcuma Plus,306.0
2025-04-21,Energy Gel,302.03
2025-04-21,Feno Grego,150.96
2025-04-21,Ferro Quelado 34mg,26.43
2025-04-21,Ferro Quelato + Vitamina C,233.2
2025-04-21,Fibras Prébioticas - Prebiotic,119.2
2025-04-21,Fresh Whey,1155.69
2025-04-21,Gel Nitrato,25.83
2025-04-21,Gel Nitrato c/ Cafeína,34.95
2025-04-21,Gel Nitrato com L-Citrulinilarginina,37.47
2025-04-21,Glutamina,678.34
2025-04-21,Glutamina - Glutamax,65.45
2025-04-21,Glutamina em Pó,305.88
2025-04-21,Gold Whey Concentrado Refil,784.19
2025-04-21,Granola - Zero Açúcar,19.35
2025-04-21,Granola Australia - Low Carb,151.7
2025-04-21,Grassfed Whey Protein - Concentrado,137.26
2025-04-21,Immuno Whey,181.95
2025-04-21,Isofort Plant (Life Vegan),550.8
2025-04-21,L-Carnitina 530mg,85.68
2025-04-21,L-Taurina - 1.000mg,32.13
2025-04-21,Leite de Coco em Pó - Coco Cream,105.26
2025-04-21,Maca Peruana,86.42
2025-04-21,Magnésio,41.79
2025-04-21,Magnésio - Bio Trimag,213.9
2025-04-21,Magnésio - Inositol Relief 3.0,149.25
2025-04-21,Magnésio Plus - 350mg,74.38
2025-04-21,Magnésio Quelato - Bio Mag,53.46
2025-04-21,Melatonina,32.3
2025-04-21,Melatonina - Sleepfor,68.64
2025-04-21,Melatonina Duo,47.69
2025-04-21,Morning Shot - Imunidade,363.55
2025-04-21,Multivitaminico  - Imunomult- 1000mg,113.86
2025-04-21,Nitro 400,238.06
2025-04-21,Nootrópico - Brain Up,137.3
2025-04-21,Omegafor Family - Ômega 3,235.16
2025-04-21,Omegafor Plus,2146.09
2025-04-21,Palatinose,192.8
2025-04-21,Pasta de Amendoim,51.75
2025-04-21,Pasta de Amendoim Granulado,20.22
2025-04-21,Pasta de Castanha de Caju,29.75
2025-04-21,Paçoquinha,22.73
2025-04-21,Pre-Workout - DiaboVerde,78.43
2025-04-21,Prebiótico,61.24
2025-04-21,Probiótico - Simfort Plus,272.04
2025-04-21,Probióticos em Pó - Simfort,211.92
2025-04-21,Proteína - Isocrisp Plant Pouch,173.4
2025-04-21,Proteína Isolada e Hidrolisada - Body Protein,1101.31
2025-04-21,Proteína Isolada e Hidrolisada - Body Protein Red,185.05
2025-04-21,Pré-Treino,335.88
2025-04-21,Pré-Treino - Beta Action,350.62
2025-04-21,Pré-Treino - V Fort Ultra,202.96
2025-04-21,Pré-treino - Energy Kick Caffeine,112.35
2025-04-21,Pré-treino - Energyzer & focus,95.14
2025-04-21,Pré-treino - Pre Workout,121.36
2025-04-21,Próbiotico - Purabiotics,76.5
2025-04-21,Própolis - Green Própolis,60.49
2025-04-21,Própolis Líquido - Gotas,31.35
2025-04-21,Própolis Trio,129.9
2025-04-21,Própolis Verde - Premium 10mg,129.2
2025-04-21,Própolis Verde 70,31.97
2025-04-21,Psyllium,241.91
2025-04-21,Quercetina,67.77
2025-04-21,Refil 100% Whey Protein - Flavour,102.21
2025-04-21,Refil Whey 100% Pure,395.31
2025-04-21,Refil Whey Concentrado - W100,432.44
2025-04-21,Refil Whey Concentrado Havanna - W100,743.66
2025-04-21,Refil Whey Protein Concentrado,332.34
2025-04-21,Resveratrol,71.1
2025-04-21,Salgadinho,53.29
2025-04-21,Shot Matinal,65.12
2025-04-21,Simfort Ultra,70.0
2025-04-21,Simfort fibras,440.56
2025-04-21,Sleep,555.96
2025-04-21,Super Ômega 3,599.14
2025-04-21,SuperCoffee,1539.0
2025-04-21,SuperCoffee Língua de gato - Kopenhagen,140.33
2025-04-21,Suplemento - Beauty Care,56.12
2025-04-21,Suplemento - Laranja Moro,72.18
2025-04-21,Suplemento - Super Sono,93.86
2025-04-21,Suplemento Alimentar  - Hepatofor,221.84
2025-04-21,Suplemento Alimentar -  Brain Sports,78.63
2025-04-21,Suplemento Alimentar - Alpha Mater,226.5
2025-04-21,Suplemento Alimentar - GUARDIAN®,158.02
2025-04-21,Suplemento Alimentar - Moreflex,119.0
2025-04-21,Suplemento Alimentar - Pura Fiber,65.0
2025-04-21,Suplemento de Magnésio - Blue Calm,71.31
2025-04-21,Tablete de Doce,147.69
2025-04-21,Tasty Whey 3W Gourmet,379.8
2025-04-21,Termogênico - Lipix6,141.61
2025-04-21,Trio Magnésio 720mg,159.51
2025-04-21,Ultracoffee - Vegano,75.93
2025-04-21,Vegan Ômega 3 DHA,117.16
2025-04-21,Vitamina - Good Mood,59.47
2025-04-21,Vitamina B12,62.59
2025-04-21,Vitamina C,50.89
2025-04-21,Vitamina C3 - 1000mg,110.25
2025-04-21,Vitamina D - Vita D3,172.65
2025-04-21,Vitamina D - Vita D3 + C + Zinco,272.25
2025-04-21,Vitamina D3,127.24
2025-04-21,Vitamina D3 + K2,123.18
2025-04-21,Vitamina D3 - 2000 Ui,30.94
2025-04-21,Vitamina D3 Synergy,59.5
2025-04-21,Whey,1430.08
2025-04-21,Whey 3W,301.9
2025-04-21,Whey Concentrado - 100% Whey,138.11
2025-04-21,Whey Concentrado - W100,113.0
2025-04-21,Whey Fort 3W,473.25
2025-04-21,Whey Isolado - Iso Triple Zero,187.36
2025-04-21,Whey Protein - CLEANPRO,132.93
2025-04-21,Whey Protein - Isofort Beauty,422.6
2025-04-21,Whey Protein Concentrado,2951.76
2025-04-21,Whey Protein Concentrado Cappuccino 900g DUX,169.92
2025-04-21,Whey Protein Isolado,2569.45
2025-04-21,Whey Protein Isolado - Isofort,1114.84
2025-04-21,Whey Protein Isolado - Purajuice,130.03
2025-04-21,Whey Tech 100%,764.94
2025-04-21,Zinco,54.0
2025-04-21,Óleo de Krill,119.2
2025-04-21,Ômega -  Mega DHA,172.02
2025-04-21,Ômega - Mega DHA,200.6
2025-04-21,Ômega 3,70.0
2025-04-21,Ômega 3 - 1360mg,128.78
2025-04-21,Ômega 3 - EPA DHA - 1000mg,295.28
2025-04-21,Ômega 3 - Omegafor Memory,91.58
2025-04-21,Ômega 3 - Ultra Caps 1000mg,119.71
2025-04-21,Ômega 3 DHA,237.76
2025-04-21,Ômega 3 EPA DHA,713.62
2025-04-21,Ômega 3 Pulse,228.26
2025-04-21,Ômega 3 Super DHA - BIG N,86.85
2025-04-21,Ômega DHA,160.35
2025-04-21,Ômega Golden,347.82
2025-04-28,100% Whey Protein - Flavour,401.16
2025-04-28,100% Whey Pure,551.04
2025-04-28,Achocolatado - Chocoki,81.63
2025-04-28,Aminoácido - Aminovita,120.7
2025-04-28,Aminoácido - BCAA - Glyco HD,46.78
2025-04-28,Aminoácido N-acetil L-cisteína (NAC),64.35
2025-04-28,Antioxidante - Luteína e Zeaxantina,59.14
2025-04-28,Arginofor -  L-Arginina,94.01
2025-04-28,BT Nitrato,201.22
2025-04-28,BT Nitrato 400,456.56
2025-04-28,Barrinha - Body Protein,160.0
2025-04-28,Barrinha de Proteína,137.7
2025-04-28,Barrinha de Proteína - Protein Crisp Bar,244.92
2025-04-28,Barrinha de Proteína Best Whey 49g (12g de Proteína),99.44
2025-04-28,Barrinha de Proteína Cleanpro Bar,93.86
2025-04-28,Barrinha de Proteína Protein Crisp,73.95
2025-04-28,Barrinhas de Proteína Crunch,132.6
2025-04-28,Bebida Vegetal em Pó - Vegan Delight,67.16
2025-04-28,Beef Protein,775.66
2025-04-28,Best Whey,680.4
2025-04-28,Beta Alanina,104.72
2025-04-28,Bio Cálcio  60 caps PURAVIDA,115.44
2025-04-28,Bio Ferro,75.08
2025-04-28,Bio Vitamina B12 em gotas,187.7
2025-04-28,Bio Zinco,159.82
2025-04-28,Biotina Plus,39.65
2025-04-28,Body Protein Vegano,126.43
2025-04-28,BodyBalance - Muscle Synergy,196.35
2025-04-28,Bombom,33.24
2025-04-28,"Boraprim - Borragem, Prímula e Gergelim",215.17
2025-04-28,Cafeína - Caffeinex 200,31.5
2025-04-28,Coenzima Q10,229.83
2025-04-28,Coenzima Q10  (200mg p/ porção),370.04
2025-04-28,Coenzima Q10 (200mg p/ porção),581.4
2025-04-28,Coenzima Q10 + Ômega 3 + Vitamina E,250.19
2025-04-28,Coenzima Q10 - (100mg p/ porção),201.88
2025-04-28,Coenzima Q10 200mg,182.24
2025-04-28,Coffee - Brainstorm,100.27
2025-04-28,Colágeno - Body Collagen Protein,479.7
2025-04-28,Colágeno - Colagentek,230.19
2025-04-28,Colágeno - Colagentek Protein - Bodybalance,859.82
2025-04-28,Colágeno - Collagen Bones,150.83
2025-04-28,Colágeno - Collagen Essential Protein,754.36
2025-04-28,Colágeno - Collagen Gut,148.97
2025-04-28,Colágeno - Collagen Protein Hidrolisado,547.58
2025-04-28,Colágeno - Collagen Protein Hidrolisado Berries Silvestres 450g PURAVIDA,134.48
2025-04-28,Colágeno - Collagen Renew Hidrolisado,305.72
2025-04-28,Colágeno - Collagen Tipo II 40mg,135.88
2025-04-28,Colágeno - Multi Collagen,139.35
2025-04-28,Colágeno Hidrolisado - Collagen Pro 18g,144.43
2025-04-28,Colágeno Tipo II,269.85
2025-04-28,Complexo B,80.64
2025-04-28,Complexo B 500mg,31.36
2025-04-28,Creatina,241.53
2025-04-28,Creatina - Creafort (Creapure),802.0
2025-04-28,Creatina - Creapure,322.24
2025-04-28,Creatina - Gummy,305.82
2025-04-28,Creatina 100%,251.49
2025-04-28,Creatina Micronizada,228.24
2025-04-28,Creatina Monohidratada,2595.79
2025-04-28,Creatina Monohidratada (Creapure),548.92
2025-04-28,Creatina Monohidratada - Creatine,180.72
2025-04-28,Creatina Monohidratada - Hardcore,170.19
2025-04-28,Creatina Premium - Creapure,199.36
2025-04-28,Cúrcuma,71.53
2025-04-28,Cúrcuma 500mg,252.96
2025-04-28,Cúrcuma Plus,269.0
2025-04-28,Enzima - Enzyfor,68.0
2025-04-28,Enzima Lactase - Laczyme,66.83
2025-04-28,Enzimas Enzyfor,117.81
2025-04-28,Extrato de Laranja Moro 400mg,96.75
2025-04-28,Ferro - Ydrosolv,78.54
2025-04-28,Ferro Quelado 34mg,26.43
2025-04-28,Ferro Quelato + Vitamina C,38.8
2025-04-28,Fibras Prébioticas - Prebiotic,119.2
2025-04-28,Fresh Whey,1118.52
2025-04-28,Glutamina,353.28
2025-04-28,Glutamina - Glutamax,65.45
2025-04-28,Glutamina em Pó,73.13
2025-04-28,Gold Whey Concentrado Refil,156.19
2025-04-28,Granola - Zero Açúcar,19.35
2025-04-28,Immuno Whey,181.95
2025-04-28,Isofort Plant (Life Vegan),183.6
2025-04-28,Laranja Moro - Moroskinny,100.5
2025-04-28,MCT com AGE,49.3
2025-04-28,Maca Peruana,43.21
2025-04-28,Magnésio - 3MAG - Pool de Magnésio,61.97
2025-04-28,Magnésio - Bio Trimag,556.14
2025-04-28,Magnésio - Inositol Relief 3.0,149.25
2025-04-28,Magnésio - Mag 5 Complex,240.4
2025-04-28,Magnésio Inositol,279.06
2025-04-28,Magnésio Plus - 350mg,148.76
2025-04-28,Magnésio Plus 900mg,77.25
2025-04-28,Magnésio Quelato - Bio Mag,53.46
2025-04-28,Melatonina,73.34
2025-04-28,Melatonina - Sleepfor,68.64
2025-04-28,Morning Shot - Imunidade,176.46
2025-04-28,Nitro 400,119.03
2025-04-28,Omegafor Family - Ômega 3,104.13
2025-04-28,Omegafor Plus,2160.18
2025-04-28,Omegafor Vision,96.63
2025-04-28,Palatinose,298.02
2025-04-28,Palatinose - Paladop,47.78
2025-04-28,Pasta de Amendoim,73.06
2025-04-28,Pasta de Amendoim Integral,47.97
2025-04-28,Pasta de Castanha de Caju,29.25
2025-04-28,Pre-Workout - DiaboVerde,78.43
2025-04-28,Probiótico - Simfort Plus,200.05
2025-04-28,Profem - Óleo de Prímula,84.15
2025-04-28,Proteína Isolada e Hidrolisada - Body Protein,1480.4
2025-04-28,Proteína Isolada e Hidrolisada - Body Protein Red,752.94
2025-04-28,Proteína Vegana - Vegan Tasty,109.74
2025-04-28,Proteína Vegetal - Vegan Tasty,110.77
2025-04-28,Pré-Treino,312.36
2025-04-28,Pré-Treino - Beta Action,525.93
2025-04-28,Pré-Treino - V Fort Ultra,101.48
2025-04-28,Pré-Treino Energy ATP®,185.9
2025-04-28,Pré-treino,146.93
2025-04-28,Pré-treino - Energyzer & focus,95.14
2025-04-28,Própolis - Green Própolis,60.49
2025-04-28,Própolis Líquido - Gotas,62.7
2025-04-28,Própolis Verde - Premium 10mg,193.8
2025-04-28,Própolis Verde - Propomax,52.52
2025-04-28,Psyllium,227.8
2025-04-28,Refil 100% Whey - Tasty Iso,373.91
2025-04-28,Refil Whey 100% Pure,263.54
2025-04-28,Refil Whey Concentrado - W100,825.55
2025-04-28,Refil Whey Concentrado Havanna - W100,216.22
2025-04-28,Refil Whey Protein - 3W,465.56
2025-04-28,Resveratrol - Resveramax,151.11
2025-04-28,Resveratrol Plus - 165mg,289.59
2025-04-28,Salgadinho,25.29
2025-04-28,Simfort Femme,86.7
2025-04-28,Simfort Ultra,140.0
2025-04-28,Sleep,415.8
2025-04-28,Spirulina 400mg,83.85
2025-04-28,Super Café - Desincoffee,93.86
2025-04-28,Super Ômega 3,1112.44
2025-04-28,SuperCoffee,912.06
2025-04-28,SuperCoffee Língua de gato - Kopenhagen,280.66
2025-04-28,Suplemento - Super Sono,93.86
2025-04-28,Suplemento Alimentar - Alpha Mater,339.75
2025-04-28,Suplemento Alimentar - Alpha Women,125.56
2025-04-28,"Suplemento Alimentar - Cabelo, Unha e Pele - Beauty +",98.29
2025-04-28,Suplemento Alimentar - GUARDIAN®,158.02
2025-04-28,Suplemento Alimentar - L-teanina - Happy Theanine,104.72
2025-04-28,Suplemento Alimentar - Moreflex,119.0
2025-04-28,Suplemento Alimentar - Pura Fiber,130.0
2025-04-28,Suplemento de Magnésio - Blue Calm,161.47
2025-04-28,Tablete de Doce,22.1
2025-04-28,Tasty Whey 3W Gourmet,653.92
2025-04-28,Termogênico - Lipix6,255.26
2025-04-28,Termogênico - Termo Plus,108.9
2025-04-28,Triptofano Noite,70.69
2025-04-28,Ultracoffee - Vegano,151.86
2025-04-28,Vitamina B12,126.35
2025-04-28,Vitamina C - Bio Vit C+,33.27
2025-04-28,Vitamina D - Vita D3,354.55
2025-04-28,Vitamina D - Vita D3 + C + Zinco,321.55
2025-04-28,Vitamina D em Gotas - Kids,35.83
2025-04-28,Vitamina D3 + K2,123.18
2025-04-28,Vitamina D3 + K2 Gotas,110.74
2025-04-28,Vitamina D3 Synergy,119.0
2025-04-28,Whey,718.76
2025-04-28,Whey 3W,150.95
2025-04-28,Whey Fort 3W,497.25
2025-04-28,Whey Isolado - Garrafinha,18.99
2025-04-28,Whey Isolado - Iso Triple Zero,187.36
2025-04-28,Whey Protein - 3W - The Whey,121.33
2025-04-28,Whey Protein - CLEANPRO,398.79
2025-04-28,Whey Protein - Isofort Beauty,422.66
2025-04-28,Whey Protein 3W,306.34
2025-04-28,Whey Protein Concentrado,4081.42
2025-04-28,Whey Protein Concentrado Cappuccino 900g DUX,169.92
2025-04-28,Whey Protein Isolado,4550.33
2025-04-28,Whey Protein Isolado - Isofort,862.66
2025-04-28,Whey Protein Isolado - Tasty Iso,241.34
2025-04-28,Whey Tech 100%,614.21
2025-04-28,Ômega 3,210.0
2025-04-28,Ômega 3 - 1360mg,257.56
2025-04-28,Ômega 3 - EPA DHA - 1000mg,469.55
2025-04-28,Ômega 3 - Omegafor Memory,100.57
2025-04-28,Ômega 3 - Ultra Caps 1000mg,239.42
2025-04-28,Ômega 3 - Vision Care,61.2
2025-04-28,Ômega 3 DHA,118.88
2025-04-28,Ômega 3 EPA DHA,738.09
2025-04-28,Ômega 3 Pulse,456.52
2025-04-28,Ômega 3 Super DHA - BIG N,260.55
2025-04-28,Ômega Beauty,62.82
2025-04-28,Ômega Golden,333.32
2025-05-05,#Whey Fort 3W,165.75
2025-05-05,100% Whey Protein - Flavour,702.03
2025-05-05,100% Whey Pure,413.28
2025-05-05,Achocolatado - Choco Family - Refil,35.56
2025-05-05,Achocolatado - Chocoki,81.63
2025-05-05,Aminoácido - Aminovita,241.4
2025-05-05,Aminoácido N-acetil L-cisteína (NAC),243.91
2025-05-05,Aminoácidos - Aminnu EAAs,185.9
2025-05-05,BT Nitrato,100.61
2025-05-05,BT Nitrato 400,299.81
2025-05-05,Barrinha - Body Protein,80.0
2025-05-05,Barrinha de Chocolate Branco,32.81
2025-05-05,Barrinha de Proteína,736.98
2025-05-05,Barrinha de Proteína - Protein Crisp Bar,183.69
2025-05-05,Barrinha de Proteína - YoPRO,94.86
2025-05-05,Barrinha de Proteína Choco Wheyfer,27.72
2025-05-05,Barrinha de Proteína Collagen Bar,202.28
2025-05-05,Barrinha de Proteína Protein Crisp,72.0
2025-05-05,Barrinha de Proteína Whey Grego - Havanna,109.24
2025-05-05,Bebida Vegetal,48.25
2025-05-05,Bebida Vegetal em Pó - Vegan Delight,67.16
2025-05-05,Best Whey Iso,387.34
2025-05-05,Beta Alanina,51.17
2025-05-05,Beta Alanina 100%,86.7
2025-05-05,Beta Alanina Pure,81.1
2025-05-05,Bio Ferro,112.62
2025-05-05,Bio Vitamina B12 em gotas,75.08
2025-05-05,Bio Zinco,25.62
2025-05-05,Blend de Chá - Digestivo,24.85
2025-05-05,BodyBalance - Muscle Synergy,196.35
2025-05-05,Bombom,33.24
2025-05-05,"Boraprim - Borragem, Prímula e Gergelim",391.26
2025-05-05,Cafeína,86.44
2025-05-05,Chlorella,77.97
2025-05-05,Chocolate 70% Cacau,23.38
2025-05-05,Chocolate 85% Cacau,23.38
2025-05-05,Chocolate ao Leite - Marshmallow,29.49
2025-05-05,Chá Sublime - Brisa,18.0
2025-05-05,Chá Vitatea,58.17
2025-05-05,Coenzima  Q10 - 100mg,166.66
2025-05-05,Coenzima Q10,305.28
2025-05-05,Coenzima Q10  (200mg p/ porção),346.52
2025-05-05,Coenzima Q10 (200mg p/ porção),96.9
2025-05-05,Coenzima Q10 + Ômega 3 + Vitamina E,772.62
2025-05-05,Coenzima Q10 - (100mg p/ porção),119.0
2025-05-05,Coffee - Brainstorm,100.27
2025-05-05,Colágeno -  Collagen Gut,157.78
2025-05-05,Colágeno - Colagentek,306.92
2025-05-05,Colágeno - Colagentek Beauty,94.46
2025-05-05,Colágeno - Colagentek II,504.9
2025-05-05,Colágeno - Colagentek Protein - Bodybalance,1305.16
2025-05-05,Colágeno - Collagen Essential Protein,192.84
2025-05-05,Colágeno - Collagen Gut,315.56
2025-05-05,Colágeno - Collagen Pro - Body Suport,163.98
2025-05-05,Colágeno - Collagen Protein Hidrolisado,273.22
2025-05-05,Colágeno - Collagen Renew Hidrolisado,152.86
2025-05-05,Colágeno - Multi Collagen,139.35
2025-05-05,Colágeno Hidrolisado - Collagen Pro 18g,722.15
2025-05-05,Colágeno Tipo II,107.94
2025-05-05,Colágeno Tipo II - Artro Aid,178.36
2025-05-05,Colágeno tipo 2 - Colagentek II,84.15
2025-05-05,Complexo B 500mg,31.36
2025-05-05,Cranberry,34.88
2025-05-05,Creatina,672.89
2025-05-05,Creatina - Creafort (Creapure),1385.0
2025-05-05,Creatina - Creapure,161.12
2025-05-05,Creatina - Gummies,99.0
2025-05-05,Creatina 100%,772.64
2025-05-05,Creatina 100% Pure,107.04
2025-05-05,Creatina Monohidratada,1676.53
2025-05-05,Creatina Monohidratada (Creapure),562.34
2025-05-05,Creatina Monohidratada - Creatine,809.95
2025-05-05,Creatina Monohidratada - Hardcore,347.07
2025-05-05,Creatina Premium - Creapure,416.11
2025-05-05,Creatina- Creapure,207.4
2025-05-05,Cromo Picolinato - 250mg,98.08
2025-05-05,Cálcio de Algas 1000mg,47.97
2025-05-05,Cúrcuma,71.53
2025-05-05,Cúrcuma 500mg,84.32
2025-05-05,Cúrcuma Plus,452.6
2025-05-05,Energy Gel,143.57
2025-05-05,Enzima Lactase - Laczyme,66.83
2025-05-05,Enzimas Enzyfor,471.24
2025-05-05,Extrato de Laranja Moro 400mg,84.32
2025-05-05,Farinha de Aveia,25.28
2025-05-05,Feno Grego,75.48
2025-05-05,Ferro - Ydrosolv,157.08
2025-05-05,Ferro Quelato + Vitamina C,38.8
2025-05-05,Fibras - Fiberlift,111.65
2025-05-05,Fibras Prébioticas - Prebiotic,59.6
2025-05-05,Fresh Vegan,145.22
2025-05-05,Fresh Whey,1865.91
2025-05-05,Gel Nitrato,129.15
2025-05-05,Gel Nitrato com L-Citrulinilarginina,112.41
2025-05-05,Glutamina,119.6
2025-05-05,Glutamina - Glutamax Refil,105.91
2025-05-05,Glutamina Isolates,54.12
2025-05-05,Glutamina em Pó,172.98
2025-05-05,Gold Whey Concentrado Refil,658.59
2025-05-05,Granola - Sem Glúten,19.35
2025-05-05,Granola Australia - Low Carb,30.34
2025-05-05,Granola Coconut,33.97
2025-05-05,Grassfed Whey Protein,223.95
2025-05-05,Hipercalórico - Creamass,97.93
2025-05-05,Hipercalórico - Monsterone,92.59
2025-05-05,Immuno Whey,181.95
2025-05-05,Isofort Plant (Life Vegan),275.4
2025-05-05,L-Carnitina 530mg,171.36
2025-05-05,L-Taurina - 1.000mg,100.3
2025-05-05,Leite de Coco em Pó - Coco Cream,52.63
2025-05-05,Maca Peruana,100.21
2025-05-05,Maca Peruana 2000mg,132.86
2025-05-05,Magnésio,125.37
2025-05-05,Magnésio - Inositol Relief 3.0,149.25
2025-05-05,Magnésio Dimalato,90.44
2025-05-05,Magnésio Inositol,425.9
2025-05-05,Magnésio Plus - 350mg,74.38
2025-05-05,Magnésio Plus 900mg,81.75
2025-05-05,Magnésio Quelato - Bio Mag,53.46
2025-05-05,Massa Alimentícia de Fibra,24.3
2025-05-05,Matchá - Chá Verde em Pó,73.38
2025-05-05,Melatonina,39.42
2025-05-05,Melatonina Duo,95.38
2025-05-05,Melatonina Duo Harmony,103.78
2025-05-05,Melatonina em Gotas,35.89
2025-05-05,Morning Shot - Imunidade,203.84
2025-05-05,Multivitaminico  - Imunomult- 1000mg,569.3
2025-05-05,Multivitamínico - Vitalift,143.75
2025-05-05,Nitro 400,193.03
2025-05-05,Omegafor Family - Ômega 3,312.39
2025-05-05,Omegafor Plus,2112.18
2025-05-05,Omegafor Vision,96.63
2025-05-05,Palatinose,361.72
2025-05-05,Pasta de Amendoim,106.1
2025-05-05,Pasta de Amendoim Granulado,20.22
2025-05-05,Pasta de Amendoim Integral,15.99
2025-05-05,Picolinato de Cromo - 250mg,23.0
2025-05-05,Power Coffee,74.56
2025-05-05,Pre-Workout - DiaboVerde,78.43
2025-05-05,Prebiótico,61.24
2025-05-05,Probiótico - Simfort Plus,306.84
2025-05-05,Probióticos em Pó - Simfort,257.85
2025-05-05,Profem - Óleo de Prímula,189.78
2025-05-05,Proteina Vegetal,133.06
2025-05-05,Proteina Vegetal - True Vegan,175.7
2025-05-05,Proteína Isolada e Hidrolisada - Body Protein,2415.48
2025-05-05,Proteína Isolada e Hidrolisada - Body Protein Red,370.1
2025-05-05,Proteína Vegana - Immuno Veggie,188.5
2025-05-05,Proteína Vegana - Veggie Protein,193.63
2025-05-05,Proteína Vegetal - Vegan Protein,102.59
2025-05-05,Pré-Treino,156.18
2025-05-05,Pré-Treino - Punk Pump,80.0
2025-05-05,Pré-Treino - WarmUp Ultra,98.03
2025-05-05,Pré-treino,146.93
2025-05-05,Pré-treino - Energy Kick,112.35
2025-05-05,Pré-treino - Energy Kick Caffeine,112.35
2025-05-05,Pré-treino - Taken,90.72
2025-05-05,Pré-treino - Égide,115.15
2025-05-05,Pré-treino Exquenta,152.99
2025-05-05,Próbiotico - Purabiotics,76.5
2025-05-05,Própolis - Green Própolis,120.98
2025-05-05,Própolis Alcoólico,26.26
2025-05-05,Própolis Líquido - Gotas,94.05
2025-05-05,Própolis Verde,47.59
2025-05-05,Própolis Verde - Propomax,105.04
2025-05-05,Psyllium,669.29
2025-05-05,Refil 100% Whey Protein - Flavour,102.21
2025-05-05,Refil Whey 100% Pure,511.77
2025-05-05,Refil Whey Concentrado - W100,216.22
2025-05-05,Refil Whey Concentrado Havanna - W100,216.22
2025-05-05,Refil Whey Protein - 3W,352.16
2025-05-05,Refil Whey Protein Concentrado,166.17
2025-05-05,Repositor Energético - Glyco Fuel,81.76
2025-05-05,Resveratrol Plus - 165mg,129.28
2025-05-05,Salgadinho,75.87
2025-05-05,Shot Matinal,65.12
2025-05-05,Sleep,555.96
2025-05-05,Super Ômega 3,1279.62
2025-05-05,SuperCoffee,1189.78
2025-05-05,SuperCoffee Língua de gato - Kopenhagen,701.65
2025-05-05,Suplemento - Hyaluronic Hair,66.73
2025-05-05,Suplemento - Laranja Moro,72.18
2025-05-05,Suplemento Alimentar  - Hepatofor,71.77
2025-05-05,Suplemento Alimentar - Alpha Inflaminus,122.81
2025-05-05,Suplemento Alimentar - Alpha Men,233.86
2025-05-05,"Suplemento Alimentar - Cabelo, Unha e Pele - Supreme Beauty",141.58
2025-05-05,Suplemento Alimentar - GUARDIAN®,482.56
2025-05-05,Suplemento Alimentar - L-teanina - Happy Theanine,104.72
2025-05-05,Suplemento Alimentar - Slim Body 400mg,130.06
2025-05-05,Suplemento Alimentar - True Nac,98.3
2025-05-05,Suplemento de Magnésio - Blue Calm,615.22
2025-05-05,Tablete de Doce,22.1
2025-05-05,Tasty Whey 3W Gourmet,653.92
2025-05-05,Termogênico - Termo Plus,326.7
2025-05-05,Thermo Caps - DiaboVerde,39.38
2025-05-05,Trio Magnésio 720mg,53.17
2025-05-05,Triptofano Noite,212.07
2025-05-05,Ultracoffee - Vegano,238.48
2025-05-05,Vegan Protein - Vegano,212.1
2025-05-05,Vinagre de Maçã Orgânico,31.87
2025-05-05,Vitamina - Good Mood,59.47
2025-05-05,Vitamina B12,312.79
2025-05-05,Vitamina B9 - Ácido Fólico,61.52
2025-05-05,Vitamina C - Bio Vit C+,99.81
2025-05-05,Vitamina C - VIT C 4 Protect,121.97
2025-05-05,Vitamina C3 - 1000mg,42.25
2025-05-05,Vitamina D - Vita D3,393.55
2025-05-05,Vitamina D - Vita D3 + C + Zinco,258.81
2025-05-05,Vitamina D3,95.43
2025-05-05,Vitamina D3 + K2,135.23
2025-05-05,Vitamina D3 + K2 Gotas,55.37
2025-05-05,Vitamina D3 - Ydrosolv,64.26
2025-05-05,Vitamina D3 Synergy,119.0
2025-05-05,"Vitaminas A, E, D e K2- RESTAURE® - Gotas",158.8
2025-05-05,Whey,533.29
2025-05-05,Whey - Immuno Golden,605.88
2025-05-05,Whey - Isocrisp Pouch,178.0
2025-05-05,Whey 3W,301.9
2025-05-05,Whey 3W - Delicious,138.24
2025-05-05,Whey Fort 3W,2486.25
2025-05-05,Whey Isolado - Iso Triple Zero,187.36
2025-05-05,Whey Isolado e Hidrolisado - H.I Whey,403.92
2025-05-05,Whey Protein 3W,153.17
2025-05-05,Whey Protein Concentrado,6149.16
2025-05-05,Whey Protein Crisp - Isocrisp,38.37
2025-05-05,Whey Protein Isolado,2257.69
2025-05-05,Whey Protein Isolado - Isofort,278.71
2025-05-05,Whey Protein Isolado - Tasty Iso,509.72
2025-05-05,Whey Tech 100%,509.96
2025-05-05,Whey hidrolisado e isolado,463.98
2025-05-05,Wheydop ISO,365.66
2025-05-05,Zinco,43.51
2025-05-05,Óleo de Krill,162.56
2025-05-05,Óleo de Krill  - Ômega 3 EPA DHA,195.54
2025-05-05,Óleo de coco,23.38
2025-05-05,Ômega -  Mega DHA,172.02
2025-05-05,Ômega 3,141.59
2025-05-05,Ômega 3  - 1360mg,189.93
2025-05-05,Ômega 3 - 1360mg,128.78
2025-05-05,Ômega 3 - EPA DHA - 1000mg,125.95
2025-05-05,Ômega 3 - Ultra Caps 1000mg,239.42
2025-05-05,Ômega 3 DHA,118.88
2025-05-05,Ômega 3 EPA DHA,889.79
2025-05-05,Ômega 3 Kids,179.79
2025-05-05,Ômega 3 Pulse,293.13
2025-05-05,Ômega 3 Super DHA - BIG N,347.4
2025-05-05,Ômega 3 Super DHA BIG,155.31
2025-05-05,Ômega Golden,159.41
2025-05-05,Ômega Ultra - 1000mg,169.84
2025-05-12,#Whey Fort 3W,165.75
2025-05-12,100% Whey Flavour,100.29
2025-05-12,100% Whey Protein - Flavour,802.32
2025-05-12,100% Whey Pure,551.04
2025-05-12,100% Whey True Protein,156.75
2025-05-12,Adapto Whey 3W,149.25
2025-05-12,Aminoácido - Amino Greens,157.78
2025-05-12,Aminoácido N-acetil L-cisteína (NAC),193.05
2025-05-12,Aminoácidos - Aminnu EAAs - Sem Xilitol,371.8
2025-05-12,Arginofor -  L-Arginina,94.01
2025-05-12,BT Nitrato,379.18
2025-05-12,Barrinha de Proteína,401.26
2025-05-12,Barrinha de Proteína - Protein Crisp Bar,61.23
2025-05-12,Barrinha de Proteína ChocoWheyfer,83.15
2025-05-12,Barrinha de Proteína Cleanpro Bar,83.39
2025-05-12,Barrinha de Proteína Tube,30.57
2025-05-12,Bebida Vegetal,48.25
2025-05-12,Beef Protein,327.26
2025-05-12,Beta Alanina,204.68
2025-05-12,Beta Alanina Pure,81.1
2025-05-12,Bio Cálcio  60 caps PURAVIDA,115.44
2025-05-12,Bio Ferro,187.7
2025-05-12,Bio Vitamina B12 em gotas,187.7
2025-05-12,Biscoito Proteico,140.25
2025-05-12,Body Protein Vegano,126.43
2025-05-12,"Boraprim - Borragem, Prímula e Gergelim",289.42
2025-05-12,Cafeína,43.22
2025-05-12,Chocolate 70% Cacau,23.38
2025-05-12,Chocolate ao Leite - Marshmallow,29.49
2025-05-12,Chá Vitatea,58.17
2025-05-12,Coenzima Q10,482.04
2025-05-12,Coenzima Q10  (200mg p/ porção),185.02
2025-05-12,Coenzima Q10 (200mg p/ porção),290.7
2025-05-12,Coenzima Q10 + Ômega 3 + Vitamina E,136.12
2025-05-12,Coenzima Q10 - 200mg,129.97
2025-05-12,Coenzima Q10+ 200mg,105.26
2025-05-12,Colágeno -  Collagen Gut,157.78
2025-05-12,Colágeno - Colagentek,153.46
2025-05-12,Colágeno - Colagentek Beauty,223.74
2025-05-12,Colágeno - Colagentek II,252.45
2025-05-12,Colágeno - Colagentek Protein - Bodybalance,690.8
2025-05-12,Colágeno - Collagen Essential Protein,192.84
2025-05-12,Colágeno - Collagen Gut,157.78
2025-05-12,Colágeno - Collagen Pro - Body Suport,163.98
2025-05-12,Colágeno - Collagen Protein Hidrolisado,273.22
2025-05-12,Colágeno - Collagen Renew Hidrolisado,152.86
2025-05-12,Colágeno - Collagen Tipo II 40mg,67.94
2025-05-12,Colágeno Collagen Skin,180.88
2025-05-12,Colágeno Hidrolisado,44.34
2025-05-12,Colágeno Hidrolisado + Ácido Hialurônico,60.31
2025-05-12,Colágeno Hidrolisado - Collagen Pro 18g,288.86
2025-05-12,Colágeno Tipo II - Chondro,107.13
2025-05-12,Colágeno tipo II - Collagen II,60.0
2025-05-12,Complexo B,80.64
2025-05-12,Complexo B Max,31.32
2025-05-12,Coq10 + Vitamina E,114.59
2025-05-12,Creatina,568.52
2025-05-12,Creatina - Creafort (Creapure),729.0
2025-05-12,Creatina - Creapure,780.06
2025-05-12,Creatina 100%,488.32
2025-05-12,Creatina 1100mg,39.33
2025-05-12,Creatina Micronizada,228.24
2025-05-12,Creatina Monohidratada,2809.7
2025-05-12,Creatina Monohidratada (Creapure),370.42
2025-05-12,Creatina Monohidratada -  Crealift (Creapure),500.68
2025-05-12,Creatina Monohidratada - Creatine,542.16
2025-05-12,Creatina Monohidratada - Hardcore,353.76
2025-05-12,Cálcio de Algas 1000mg,47.97
2025-05-12,Cúrcuma 500mg,168.64
2025-05-12,Cúrcuma Plus,330.2
2025-05-12,Energy Gel,83.98
2025-05-12,Enzima Lactase - Laczyme,66.83
2025-05-12,Feno Grego + Boro 500mg,83.04
2025-05-12,Ferro - Ydrosolv,314.16
2025-05-12,Ferro Quelado 34mg,26.43
2025-05-12,Ferro Quelato + Vitamina C,232.8
2025-05-12,Fibras Prébioticas - Prebiotic,119.2
2025-05-12,Fresh Vegan,290.44
2025-05-12,Fresh Whey,2000.14
2025-05-12,Gel - Endurance,71.4
2025-05-12,Gel Neutro Fresh com Cafeína,139.9
2025-05-12,Gel Nitrato,417.21
2025-05-12,Glutamina,503.01
2025-05-12,Glutamina - Glutamax,98.6
2025-05-12,Glutamina Isolates,108.24
2025-05-12,Glutamina em Pó,159.62
2025-05-12,Gold Whey Concentrado Refil,628.0
2025-05-12,Granola - Zero Açúcar,19.35
2025-05-12,Grassfed Whey Protein,206.05
2025-05-12,Hipercalórico - Creamass,391.72
2025-05-12,Immuno Whey,181.95
2025-05-12,Isofort Plant (Life Vegan),183.6
2025-05-12,Laranja Moro,67.53
2025-05-12,Maca Peruana 2000mg,132.86
2025-05-12,Magnésio,83.58
2025-05-12,Magnésio - Bio Trimag,68.85
2025-05-12,Magnésio - Inositol Relief 3.0,159.7
2025-05-12,Magnésio Plus - 350mg,141.2
2025-05-12,Magnésio Plus 900mg,77.25
2025-05-12,Melatonina,64.6
2025-05-12,Melatonina - Sleepfor,68.64
2025-05-12,Melatonina - Ydrosolv,65.71
2025-05-12,Melatonina Duo,102.6
2025-05-12,Melatonina Em Gotas Premium - 210mcg,23.62
2025-05-12,Mocaccino Proteico,115.37
2025-05-12,Morning Shot - Imunidade,450.76
2025-05-12,Multivitaminico  - Imunomult- 1000mg,341.58
2025-05-12,N-Acetil Cisteína (NAC),51.87
2025-05-12,Nitro 400,119.03
2025-05-12,Omegafor Family - Ômega 3,325.84
2025-05-12,Omegafor Plus,2064.78
2025-05-12,Palatinose,149.01
2025-05-12,Pasta de Amendoim Granulado,76.65
2025-05-12,Pasta de Amendoim Integral,31.98
2025-05-12,Prebiótico,122.48
2025-05-12,Probiótico - Simcaps,100.13
2025-05-12,Probiótico - Simfort Plus,297.82
2025-05-12,Probióticos em Pó - Simfort,35.32
2025-05-12,Profem - Óleo de Prímula,168.3
2025-05-12,Proteína Isolada e Hidrolisada - Body Protein,1110.3
2025-05-12,Proteína Isolada e Hidrolisada - Body Protein Red,555.15
2025-05-12,Proteína Vegana - Vegan Tasty,127.42
2025-05-12,Proteína Vegana - Veggie Protein,206.17
2025-05-12,Proteína Vegetal - Vegan Tasty,110.77
2025-05-12,Pré-Treino - V Fort Ultra,202.96
2025-05-12,Pré-treino,440.79
2025-05-12,Pré-treino - Energy Kick,112.35
2025-05-12,Pré-treino - Égide,115.15
2025-05-12,Própolis - Green Própolis,60.49
2025-05-12,Própolis Trio,64.95
2025-05-12,Própolis Verde,95.18
2025-05-12,Própolis Verde 70,31.97
2025-05-12,Psyllium,368.05
2025-05-12,Quercetina 300mg,127.36
2025-05-12,Refil Whey 100% Pure,358.54
2025-05-12,Refil Whey Concentrado - W100,540.55
2025-05-12,Refil Whey Concentrado Havanna - W100,216.22
2025-05-12,Refil Whey Protein - 3W,289.48
2025-05-12,Refil Whey Protein Concentrado - 100% Whey,119.63
2025-05-12,Salgadinho,25.29
2025-05-12,Simfort Femme,86.7
2025-05-12,Simfort Ultra,210.0
2025-05-12,Sleep,656.97
2025-05-12,Super Ômega 3,731.53
2025-05-12,SuperCoffee,2425.07
2025-05-12,SuperCoffee Língua de gato - Kopenhagen,1122.64
2025-05-12,Suplemento - Beauty Care,56.12
2025-05-12,Suplemento - Hyaluronic Hair,66.73
2025-05-12,Suplemento Alimentar - Alpha Inflaminus,122.81
2025-05-12,Suplemento Alimentar - Alpha Mater,226.5
2025-05-12,Suplemento Alimentar - Focus Energy 500mg,185.07
2025-05-12,Suplemento Alimentar - GUARDIAN®,636.33
2025-05-12,Suplemento Alimentar - Green Shot,124.56
2025-05-12,Suplemento Alimentar - L-teanina - Happy Theanine,104.72
2025-05-12,Suplemento Alimentar - Moreflex,357.0
2025-05-12,Suplemento Alimentar - Pura Fiber,65.0
2025-05-12,Suplemento alimentar de Ômega 3 - DHA OX,285.6
2025-05-12,Suplemento de Magnésio - Blue Calm,219.13
2025-05-12,Suplemento para Imunidade - Immune Up 100%,111.49
2025-05-12,Tasty Whey 3W Gourmet,817.4
2025-05-12,Termogênico - Lipix6,255.59
2025-05-12,Termogênico - Termo Plus,354.74
2025-05-12,Trio Magnésio 720mg,212.68
2025-05-12,Vinagre de Maçã Orgânico,31.87
2025-05-12,Vitamina - Good Mood,59.47
2025-05-12,Vitamina B12,295.18
2025-05-12,Vitamina D - Vita D3,443.65
2025-05-12,Vitamina D - Vita D3 + C + Zinco,54.45
2025-05-12,Vitamina D3,238.97
2025-05-12,Vitamina D3 + K2,384.34
2025-05-12,Vitamina D3 + K2 Gotas,166.11
2025-05-12,"Vitaminas A, E, D e K2- RESTAURE® - Gotas",317.6
2025-05-12,Whey,561.34
2025-05-12,Whey - Isocrisp Pouch,89.0
2025-05-12,Whey - Zero Lactose,229.42
2025-05-12,Whey 3W - Delicious,138.24
2025-05-12,Whey Concentrado - W100,113.0
2025-05-12,Whey Fort 3W,828.75
2025-05-12,Whey Isolado - Iso Triple Zero,562.08
2025-05-12,Whey Isolado - Isofort Ultra Imuno,304.1
2025-05-12,Whey Isolado e Hidrolisado - H.I Whey,403.92
2025-05-12,Whey Protein - CLEANPRO,132.93
2025-05-12,Whey Protein - Isofort Beauty,288.28
2025-05-12,Whey Protein Concentrado,5106.59
2025-05-12,Whey Protein Crisp - Isocrisp,44.25
2025-05-12,Whey Protein Isolado,4017.56
2025-05-12,Whey Protein Isolado - Isofort,1114.84
2025-05-12,Whey Protein Isolado - Purajuice,130.03
2025-05-12,Whey Protein Isolado - Tasty Iso,482.68
2025-05-12,Whey Tech 100%,892.43
2025-05-12,Whey hidrolisado e isolado,231.99
2025-05-12,Whey hidrolisado e isolado Creme Broule 837g TRUE SOURCE,463.98
2025-05-12,Zinco,43.51
2025-05-12,Ômega -  Mega DHA,341.03
2025-05-12,Ômega 3  - 1360mg,189.93
2025-05-12,Ômega 3 - 1360mg,515.12
2025-05-12,Ômega 3 - EPA DHA - 1000mg,253.03
2025-05-12,Ômega 3 - Omegafor Memory,91.58
2025-05-12,Ômega 3 - Ultra Caps 1000mg,119.71
2025-05-12,Ômega 3 EPA DHA,1032.59
2025-05-12,Ômega 3 Pulse,228.26
2025-05-12,Ômega 3 Super DHA,96.07
2025-05-12,Ômega 3 Super DHA - BIG N,173.7
2025-05-12,Ômega Core,173.91
2025-05-19,100% Whey Flavour,100.29
2025-05-19,100% Whey Protein - Flavour,300.87
2025-05-19,100% Whey Pure,275.52
2025-05-19,Achocolatado - Choco Family - Refil,268.06
2025-05-19,Aminoácido N-acetil L-cisteína (NAC),257.4
2025-05-19,Aminoácidos - Aminnu EAAs - Sem Xilitol,185.9
2025-05-19,BCAA com TCM,67.06
2025-05-19,BT Gel Nitrato com Cafeína,101.92
2025-05-19,BT Nitrato,301.83
2025-05-19,Barra Double,25.35
2025-05-19,Barrinha - Body Protein,80.0
2025-05-19,Barrinha de Proteína,151.98
2025-05-19,Barrinha de Proteína - Protein Crisp Bar,122.46
2025-05-19,Barrinha de Proteína Choco Wheyfer,24.46
2025-05-19,Barrinha de Proteína Protein Crisp,73.95
2025-05-19,Barrinha de Proteína Quest Bar - 60g (20g de proteína),476.0
2025-05-19,Beef Protein,327.26
2025-05-19,Best Whey,298.5
2025-05-19,Beta Alanina,255.85
2025-05-19,Beta Alanina 100%,216.75
2025-05-19,Beta Alanina Pure,81.1
2025-05-19,Bio Cálcio  60 caps PURAVIDA,57.72
2025-05-19,Bio Ferro,189.99
2025-05-19,Bio Vitamina B12 em gotas,112.62
2025-05-19,Bio Zinco,51.24
2025-05-19,Biscoito Proteico,56.1
2025-05-19,Blend de Chá - Xô TPM,24.85
2025-05-19,Bombom,33.24
2025-05-19,"Boraprim - Borragem, Prímula e Gergelim",174.67
2025-05-19,Chá,18.6
2025-05-19,Chá Misto,18.0
2025-05-19,Coenzima  Q10 - 100mg,83.33
2025-05-19,Coenzima Q10,1109.44
2025-05-19,Coenzima Q10  (200mg p/ porção),531.54
2025-05-19,Coenzima Q10 (200mg p/ porção),506.6
2025-05-19,Coenzima Q10 - (100mg p/ porção),119.0
2025-05-19,Coenzima Q10 - 100mg,95.55
2025-05-19,Coenzima Q10 200mg,91.12
2025-05-19,Colágeno - Colagentek,537.11
2025-05-19,Colágeno - Colagentek Beauty,94.46
2025-05-19,Colágeno - Colagentek II,168.3
2025-05-19,Colágeno - Colagentek Protein - Bodybalance,414.48
2025-05-19,Colágeno - Collagen Bones,150.83
2025-05-19,Colágeno - Collagen Essential Protein,1131.0
2025-05-19,Colágeno - Collagen Protein Hidrolisado,261.72
2025-05-19,Colágeno - Collagen Protein Hidrolisado Berries Silvestres 450g PURAVIDA,403.44
2025-05-19,Colágeno - Collagen Renew Hidrolisado,458.58
2025-05-19,Colágeno - Collagen Tipo II 40mg,203.82
2025-05-19,Colágeno - Collpure®,145.69
2025-05-19,Colágeno Collagen Skin,154.57
2025-05-19,Colágeno Hidrolisado - Collagen Pro 18g,577.72
2025-05-19,Colágeno Tipo II,53.97
2025-05-19,Colágeno Tipo II - Artro Aid,89.18
2025-05-19,Colágeno tipo 2 - Colagentek II,244.05
2025-05-19,Combo com 3 Chás - Laranja Moro,51.0
2025-05-19,Combo com 4 Sachês SuperCoffee,27.37
2025-05-19,Combo com 4Barrinhas de Proteína Veganpro Bar,45.56
2025-05-19,Combo com 6 Barrinhas de Proteína - Bombar,39.32
2025-05-19,Complexo B,161.28
2025-05-19,Complexo B - Bio Vit.B+,70.22
2025-05-19,Complexo B - Vitadop B,59.28
2025-05-19,Complexo B Max,62.64
2025-05-19,Cranberry,69.76
2025-05-19,Creatina,691.83
2025-05-19,Creatina - Creafort (Creapure),525.0
2025-05-19,Creatina - Creapure,161.12
2025-05-19,Creatina - Gummies,99.0
2025-05-19,Creatina - Gummy,305.82
2025-05-19,Creatina 100%,688.81
2025-05-19,Creatina Micronizada,134.25
2025-05-19,Creatina Monohidratada,3082.48
2025-05-19,Creatina Monohidratada (Creapure),370.42
2025-05-19,Creatina Monohidratada -  Crealift (Creapure),500.68
2025-05-19,Creatina Monohidratada - Creatine,271.08
2025-05-19,Creatina Monohidratada - Hardcore,81.75
2025-05-19,Creatina Premium - Creapure,632.86
2025-05-19,Cromo Picolinato - 250mg,24.52
2025-05-19,Cúrcuma 500mg,84.32
2025-05-19,Cúrcuma Plus,901.16
2025-05-19,Energy Gel,27.69
2025-05-19,Energy Gel c/ Cafeína,74.82
2025-05-19,Enzima Lactase - Laczyme,66.83
2025-05-19,Ferro - Ydrosolv,235.62
2025-05-19,Ferro Quelato + Vitamina C,38.8
2025-05-19,Fibra - Fosvita,76.5
2025-05-19,Fibras - Fiberfor,82.01
2025-05-19,Fibras Prébioticas - Prebiotic,119.2
2025-05-19,Fresh Vegan,290.44
2025-05-19,Fresh Whey,2685.55
2025-05-19,Gel Neutro Fresh com Cafeína,55.96
2025-05-19,Gel Nitrato,34.95
2025-05-19,Gel Nitrato com L-Citrulinilarginina,37.47
2025-05-19,Glutamina,304.19
2025-05-19,Glutamina - Glutamax,65.45
2025-05-19,Glutamina - Glutamax Refil,211.82
2025-05-19,Glutamina em Pó,246.11
2025-05-19,Gold Whey Concentrado Refil,628.0
2025-05-19,Granola,71.64
2025-05-19,Granola Australia - Low Carb,30.34
2025-05-19,Grassfed Whey Protein,206.05
2025-05-19,Grassfed Whey Protein - Concentrado,223.96
2025-05-19,Isofort Plant (Life Vegan),221.08
2025-05-19,Maca Peruana,102.93
2025-05-19,Maca Peruana 600mg,67.35
2025-05-19,Magnésio,83.58
2025-05-19,Magnésio - 3MAG - Pool de Magnésio,61.97
2025-05-19,Magnésio - Inositol Relief 3.0,319.4
2025-05-19,Magnésio - Quelato,21.34
2025-05-19,Magnésio Dimalato,90.44
2025-05-19,Magnésio Inositol,137.21
2025-05-19,Magnésio Plus - 350mg,141.2
2025-05-19,Magnésio Plus 900mg,154.5
2025-05-19,Magnésio Quelato - Bio Mag,267.3
2025-05-19,Matchá - Chá Verde em Pó,78.63
2025-05-19,Melatonina,118.26
2025-05-19,Melatonina - Sleepfor,49.3
2025-05-19,Melatonina - Ydrosolv,131.42
2025-05-19,Melatonina Duo,47.69
2025-05-19,Melatonina Em Gotas Premium - 210mcg,23.62
2025-05-19,Melatonina Fast,46.21
2025-05-19,Morning Shot - Imunidade,87.21
2025-05-19,Multivitaminico  - Imunomult- 1000mg,141.53
2025-05-19,Multivitaminico - Imunomult- 1000mg,148.52
2025-05-19,Multivitamínico - Alpha Kids,95.74
2025-05-19,Multivitamínico - Vitalift,143.75
2025-05-19,N-Acetil Cisteína (NAC),51.87
2025-05-19,NAC + Glycine + Taurine,94.0
2025-05-19,NAC 650mg,101.72
2025-05-19,Nitro 400,119.03
2025-05-19,Omegafor Family - Ômega 3,176.37
2025-05-19,Omegafor Plus,3867.57
2025-05-19,Omegafor Vitamins,115.09
2025-05-19,Palatinose,538.89
2025-05-19,Pasta de Amendoim,107.83
2025-05-19,Pasta de Amendoim Integral,15.99
2025-05-19,Prebiótico,183.72
2025-05-19,Probiótico - Simcaps,41.23
2025-05-19,Probiótico - Simfort Plus,359.32
2025-05-19,Proteina Vegetal,250.44
2025-05-19,Proteína - Isocrisp Plant Pouch,173.4
2025-05-19,Proteína Isolada e Hidrolisada - Body Protein,2600.53
2025-05-19,Proteína Isolada e Hidrolisada - Body Protein Red,555.15
2025-05-19,Pré-Treino,89.85
2025-05-19,Pré-Treino - Beta Action,192.5
2025-05-19,Pré-Treino - V Fort Ultra,101.48
2025-05-19,Pré-treino,146.93
2025-05-19,Pré-treino - Energy Kick,112.35
2025-05-19,Pré-treino - Energy Kick Caffeine,112.35
2025-05-19,Pré-treino - Energyzer & focus,95.14
2025-05-19,Próbiotico - Purabiotics,153.0
2025-05-19,Própolis - Green Própolis,60.49
2025-05-19,Própolis Alcoólico,52.52
2025-05-19,Própolis Líquido - Gotas,62.7
2025-05-19,Própolis Trio,64.95
2025-05-19,Própolis Verde - Alcoólico,52.52
2025-05-19,Própolis Verde - Propomax,26.26
2025-05-19,Própolis Verde 70,31.97
2025-05-19,Psyllium,503.12
2025-05-19,Refil 100% Whey Protein - Flavour,102.21
2025-05-19,Refil Whey 100% Pure,453.54
2025-05-19,Refil Whey Concentrado - W100,95.0
2025-05-19,Refil Whey Concentrado Havanna - W100,216.22
2025-05-19,Refil Whey Protein - 3W,402.88
2025-05-19,Refil Whey Protein Concentrado,166.14
2025-05-19,Repositor Energético - D Ribose,75.65
2025-05-19,Shot Matinal,130.24
2025-05-19,Simfort Femme,260.1
2025-05-19,Simfort Ultra,210.0
2025-05-19,Simfort fibras,110.14
2025-05-19,Sleep,404.31
2025-05-19,Spirulina Orgânica - 200 tabletes,116.62
2025-05-19,Super Ômega 3,1465.31
2025-05-19,SuperCoffee,1433.7
2025-05-19,SuperCoffee Língua de gato - Kopenhagen,561.32
2025-05-19,Suplemento - Beauty Care,56.12
2025-05-19,Suplemento - Hyaluronic Hair,137.16
2025-05-19,Suplemento Alimentar  - Hepatofor,150.07
2025-05-19,Suplemento Alimentar - Alpha Mater,113.25
2025-05-19,"Suplemento Alimentar - Cabelo, Unha e Pele - Beauty +",98.29
2025-05-19,Suplemento Alimentar - GUARDIAN®,158.02
2025-05-19,Suplemento Alimentar - Pura Fiber,130.0
2025-05-19,Suplemento de Magnésio - Blue Calm,599.58
2025-05-19,Tablete de Doce,22.1
2025-05-19,Tasty Whey 3W Gourmet,490.44
2025-05-19,Termogênico - Lipix6,283.22
2025-05-19,Termogênico - Termo Plus,217.8
2025-05-19,Trio Magnésio 720mg,537.78
2025-05-19,Ultracoffee - Vegano,227.79
2025-05-19,Vegan Protein - Vegano,106.05
2025-05-19,Vitamina - Good Mood,178.41
2025-05-19,Vitamina A - 8000 Ui,27.75
2025-05-19,Vitamina B12,261.89
2025-05-19,Vitamina C - Vitadop Ácido Ascórbico,30.29
2025-05-19,Vitamina D - Vita D3,304.45
2025-05-19,Vitamina D - Vita D3 + C + Zinco,54.45
2025-05-19,Vitamina D3,258.77
2025-05-19,Vitamina D3 + K2 Gotas,241.71
2025-05-19,Vitamina D3 Synergy,238.0
2025-05-19,Whey,2132.48
2025-05-19,Whey - Isocrisp Pouch,178.0
2025-05-19,Whey 3W - Delicious,276.48
2025-05-19,Whey Concentrado - 100% Whey,414.33
2025-05-19,Whey Fort 3W,1326.0
2025-05-19,Whey Isolado - Iso Triple Zero,364.68
2025-05-19,Whey Isolado - Isofort Ultra Imuno,599.76
2025-05-19,Whey Isolado Nectar,239.49
2025-05-19,Whey Isolado e Hidrolisado - H.I Whey,201.96
2025-05-19,Whey Protein - Isofort Beauty,432.42
2025-05-19,Whey Protein 3W,306.34
2025-05-19,Whey Protein Concentrado,3423.78
2025-05-19,Whey Protein Concentrado Cappuccino 900g DUX,339.84
2025-05-19,Whey Protein Isolado,4313.39
2025-05-19,Whey Protein Isolado - Isofort,1672.26
2025-05-19,Whey Protein Isolado - Tasty Iso,241.34
2025-05-19,Whey Protein Vegetal,269.8
2025-05-19,Whey Tech 100%,1147.41
2025-05-19,Whey hidrolisado e isolado,463.98
2025-05-19,Whey hidrolisado e isolado Creme Broule 837g TRUE SOURCE,246.26
2025-05-19,Óleo de Coco  - Spray,23.8
2025-05-19,Ômega -  Mega DHA,255.02
2025-05-19,Ômega - Mega DHA,200.6
2025-05-19,Ômega 3,78.19
2025-05-19,Ômega 3 - 1360mg,386.34
2025-05-19,Ômega 3 - EPA DHA - 1000mg,474.49
2025-05-19,Ômega 3 - Omegafor Memory,91.58
2025-05-19,Ômega 3 - Ultra Caps 1000mg,359.13
2025-05-19,Ômega 3 DHA,832.16
2025-05-19,Ômega 3 EPA DHA,1408.21
2025-05-19,Ômega 3 IFOS - 660 EPA/ 440 DHA,165.84
2025-05-19,Ômega 3 Pulse,228.26
2025-05-19,Ômega 3 Super DHA,192.14
2025-05-19,Ômega 3 Super DHA - BIG N,781.65
2025-05-19,Ômega 3 Super DHA BIG,310.62
2025-05-19,Ômega Core,325.79
2025-05-26,100% Whey Flavour,100.29
2025-05-26,100% Whey Protein - Flavour,621.39
2025-05-26,100% Whey Pure,137.76
2025-05-26,100% Whey True Protein,333.08
2025-05-26,Achocolatado - Choco Family - Refil,71.12
2025-05-26,Achocolatado - Chocoki,138.33
2025-05-26,Achocolatado Multivitaminado - Choco Nutrients,109.56
2025-05-26,Aminoácido - Aminovita,250.75
2025-05-26,Aminoácido - BCAA - Glyco HD,70.17
2025-05-26,Aminoácido - BCAA Fort,80.92
2025-05-26,Aminoácido - Tryptophan,49.02
2025-05-26,Aminoácido N-acetil L-cisteína (NAC),128.7
2025-05-26,Aminoácidos - Aminnu EAAs,185.9
2025-05-26,Aminoácidos - Aminolift,157.78
2025-05-26,Arginofor -  L-Arginina,94.01
2025-05-26,BT Nitrato 400,143.06
2025-05-26,Barrinha de Proteína,258.46
2025-05-26,Barrinha de Proteína - Protein Crisp Bar,122.46
2025-05-26,Barrinha de Proteína Choco Wheyfer,24.46
2025-05-26,Barrinha de Proteína Cleanpro Bar,83.39
2025-05-26,Barrinha de Proteína Protein Crisp,301.32
2025-05-26,Barrinha de Proteína Tube,171.26
2025-05-26,Best Whey,248.11
2025-05-26,Beta Alanina 100%,43.35
2025-05-26,Beta Alanina Pure,81.1
2025-05-26,Bio Cálcio  60 caps PURAVIDA,115.44
2025-05-26,Bio Ferro,112.62
2025-05-26,Bio Vitamina B12 em gotas,112.62
2025-05-26,Bio Zinco,25.62
2025-05-26,Biscoito Proteico,56.1
2025-05-26,Blend de Chá - Calmante,24.85
2025-05-26,Blend de Chá - Xô TPM,24.85
2025-05-26,BodyBalance - Muscle Synergy,196.35
2025-05-26,"Boraprim - Borragem, Prímula e Gergelim",136.42
2025-05-26,Brain Focus,152.56
2025-05-26,Cacau Premium,67.59
2025-05-26,Chá Misto,19.8
2025-05-26,Coenzima  Q10 - 100mg,166.66
2025-05-26,Coenzima Q10,276.84
2025-05-26,Coenzima Q10 (200mg p/ porção),96.9
2025-05-26,Coenzima Q10 + Ômega 3 + Vitamina E,816.72
2025-05-26,Coenzima Q10 - (100mg p/ porção),59.5
2025-05-26,Coenzima Q10 - Bio Q10,241.52
2025-05-26,Coenzima Q10 100 Mg,111.21
2025-05-26,Coffee - Brainstorm,100.27
2025-05-26,Colosfort,414.12
2025-05-26,Colágeno -  Collagen Gut,315.56
2025-05-26,Colágeno - Colagentek,537.11
2025-05-26,Colágeno - Colagentek II,173.4
2025-05-26,Colágeno - Colagentek Protein - Bodybalance,1243.44
2025-05-26,Colágeno - Collagen Bones,150.83
2025-05-26,Colágeno - Collagen Essential Protein,737.36
2025-05-26,Colágeno - Collagen Gut,315.56
2025-05-26,Colágeno - Collagen Protein Hidrolisado,250.22
2025-05-26,Colágeno - Collagen Protein Hidrolisado Berries Silvestres 450g PURAVIDA,268.96
2025-05-26,Colágeno - Collagen Renew Hidrolisado,76.43
2025-05-26,Colágeno - Collcreatine,166.18
2025-05-26,Colágeno - Multi Collagen,278.7
2025-05-26,Colágeno Hidrolisado - Collagen Pro 18g,577.72
2025-05-26,Colágeno Tipo II - Artro Aid,89.18
2025-05-26,Colágeno Verisol,74.26
2025-05-26,Colágeno tipo 2 - Colagentek II,84.15
2025-05-26,Combo com 3 Chás - Laranja Moro,51.0
2025-05-26,Combo com 6 Barrinhas de Proteína  - Bombar,39.32
2025-05-26,Combo com 6 Barrinhas de Proteína - Bombar,39.32
2025-05-26,Complexo B,161.28
2025-05-26,Complexo B - Bio Vit.B+,70.22
2025-05-26,Complexo B 500mg,31.36
2025-05-26,Cranberry,34.88
2025-05-26,Creatina,939.18
2025-05-26,Creatina - Creafort (Creapure),1225.0
2025-05-26,Creatina - Creapure,915.47
2025-05-26,Creatina - Gummies,99.0
2025-05-26,Creatina 100%,553.98
2025-05-26,Creatina 100% Pure,107.04
2025-05-26,Creatina Micronizada,228.24
2025-05-26,Creatina Monohidratada,2637.8
2025-05-26,Creatina Monohidratada (Creapure),562.34
2025-05-26,Creatina Monohidratada - Creatine,809.95
2025-05-26,Creatina Monohidratada - Hardcore,88.44
2025-05-26,Cromo Picolinato - 250mg,49.04
2025-05-26,Cálcio de Algas 1000mg,50.93
2025-05-26,Cúrcuma 500mg,174.52
2025-05-26,Cúrcuma Plus,306.0
2025-05-26,Feno Grego,150.96
2025-05-26,Feno Grego + Boro 500mg,83.04
2025-05-26,Ferro - Ydrosolv,157.08
2025-05-26,Ferro Quelado 34mg,105.72
2025-05-26,Ferro Quelato + Vitamina C,40.16
2025-05-26,Fresh Vegan,145.22
2025-05-26,Fresh Whey,1501.16
2025-05-26,Gel Neutro Fresh com Cafeína,55.96
2025-05-26,Gel Nitrato,69.9
2025-05-26,Gel Nitrato com L-Citrulinilarginina,74.94
2025-05-26,Glutamina,168.08
2025-05-26,Glutamina - Glutamax,158.41
2025-05-26,Glutamina - Glutamax Refil,105.91
2025-05-26,Glutamina Isolada,45.77
2025-05-26,Glutamina Isolates,54.12
2025-05-26,Glutamina em Pó,232.75
2025-05-26,Gold Whey Concentrado Refil,502.4
2025-05-26,Granola,35.82
2025-05-26,Granola Australia - Low Carb,91.02
2025-05-26,Granola Coconut,135.88
2025-05-26,Grassfed Whey Protein,137.25
2025-05-26,Hipercalórico - Monsterone,92.59
2025-05-26,Isofort Plant (Life Vegan),550.8
2025-05-26,L-Taurina - 1.000mg,150.45
2025-05-26,Laranja Moro,67.53
2025-05-26,Leite de Coco em Pó - Coco Cream,52.63
2025-05-26,Maca Peruana Preta - Macapure,522.69
2025-05-26,Magnésio,167.16
2025-05-26,Magnésio - Inositol Relief 3.0,479.1
2025-05-26,Magnésio Plus - 350mg,74.38
2025-05-26,Magnésio Plus 900mg,77.25
2025-05-26,Melatonina,39.42
2025-05-26,Melatonina Duo,98.99
2025-05-26,Morning Shot - Imunidade,743.85
2025-05-26,Omegafor Family - Ômega 3,221.71
2025-05-26,Omegafor Plus,2160.87
2025-05-26,Palatinose,150.33
2025-05-26,Pasta de Amendoim,261.89
2025-05-26,Pasta de Amendoim Integral,31.98
2025-05-26,Probiótico - Simfort Plus,348.96
2025-05-26,Probióticos em Pó - Simfort,143.99
2025-05-26,Profem - Óleo de Prímula,84.15
2025-05-26,Proteina Vegetal,125.22
2025-05-26,Proteína - Isocrisp Plant Pouch,57.8
2025-05-26,Proteína Isolada e Hidrolisada - Body Protein,1870.16
2025-05-26,Proteína Isolada e Hidrolisada - Body Protein Red,925.25
2025-05-26,Proteína Vegana - Immuno Veggie,377.0
2025-05-26,Proteína Vegana - Vegan Tasty,127.42
2025-05-26,Pré-Treino,296.17
2025-05-26,Pré-Treino - Beta Fusion,99.0
2025-05-26,Pré-treino Panic Pre Workout,83.35
2025-05-26,Próbiotico - Purabiotics,76.5
2025-05-26,Própolis Líquido - Gotas,62.7
2025-05-26,Própolis Verde - Alcoólico,78.78
2025-05-26,Própolis Verde - Propomax,52.52
2025-05-26,Própolis Verde 70,31.97
2025-05-26,Psyllium,251.9
2025-05-26,Refil 100% Whey Protein - Flavour,102.21
2025-05-26,Refil Whey 100% Pure,131.77
2025-05-26,Refil Whey Concentrado - W100,419.33
2025-05-26,Refil Whey Concentrado Havanna - W100,108.11
2025-05-26,Refil Whey Protein - 3W,641.64
2025-05-26,Refil Whey Protein Concentrado,166.17
2025-05-26,Refil Whey Protein Concentrado - 100% Whey,239.26
2025-05-26,Resveratrol,71.1
2025-05-26,Resveratrol 500mg,136.02
2025-05-26,Resveratrol Plus - 165mg,96.53
2025-05-26,Shot Matinal,265.86
2025-05-26,Simfort Femme,346.8
2025-05-26,Simfort Ultra,70.0
2025-05-26,Simfort fibras,55.07
2025-05-26,Sleep,392.42
2025-05-26,Super Ômega 3,584.27
2025-05-26,SuperCoffee,679.92
2025-05-26,SuperCoffee Língua de gato - Kopenhagen,982.31
2025-05-26,Suplemento - Hyaluronic Hair,200.19
2025-05-26,Suplemento - Laranja Moro,72.18
2025-05-26,Suplemento Alimentar  - Hepatofor,150.07
2025-05-26,Suplemento Alimentar - Alpha Inflaminus,122.81
2025-05-26,Suplemento Alimentar - Alpha Mater,453.0
2025-05-26,"Suplemento Alimentar - Cabelo, Unha e Pele - Beauty +",98.29
2025-05-26,Suplemento Alimentar - GUARDIAN®,478.31
2025-05-26,Suplemento Alimentar - L-teanina - Happy Theanine,104.72
2025-05-26,Suplemento Alimentar - Resveratrol,129.6
2025-05-26,Suplemento Alimentar - Slim Body 400mg,65.03
2025-05-26,Suplemento de Magnésio - Blue Calm,641.11
2025-05-26,Tablete de Doce,120.13
2025-05-26,Tasty Whey 3W Gourmet,870.24
2025-05-26,Termogênico - Lipix6,113.98
2025-05-26,Termogênico - Termo Plus,108.9
2025-05-26,True Cúrcuma,144.34
2025-05-26,Ultracoffee - Vegano,379.65
2025-05-26,Vinagre de Maçã Orgânico,31.87
2025-05-26,Vitamina B12,290.58
2025-05-26,Vitamina D - Vita D3,217.2
2025-05-26,Vitamina D - Vita D3 + C + Zinco,408.72
2025-05-26,Vitamina D3,242.47
2025-05-26,Vitamina D3 + K2,59.5
2025-05-26,Vitamina D3 + K2 Gotas,130.97
2025-05-26,Vitamina D3 - Ydrosolv,64.26
2025-05-26,Vitamina D3 Synergy,238.0
2025-05-26,"Vitaminas A, E, D e K2- RESTAURE® - Gotas",317.6
2025-05-26,Whey,1340.03
2025-05-26,Whey - Immuno Golden,807.84
2025-05-26,Whey - Isocrisp Pouch,178.0
2025-05-26,Whey - Zero Lactose,229.42
2025-05-26,Whey 3W,452.85
2025-05-26,Whey Concentrado - 100% Whey,138.11
2025-05-26,Whey Fort 3W,331.5
2025-05-26,Whey Isolado - Garrafinha,18.99
2025-05-26,Whey Isolado - Iso Triple Zero,187.36
2025-05-26,Whey Isolado - Isofort Ultra Imuno,299.88
2025-05-26,Whey Juicedop,213.01
2025-05-26,Whey Protein Concentrado,4097.43
2025-05-26,Whey Protein Concentrado Cappuccino 900g DUX,169.92
2025-05-26,Whey Protein Crisp - Isocrisp,153.48
2025-05-26,Whey Protein Isolado,2859.8
2025-05-26,Whey Protein Isolado - Isofort,557.42
2025-05-26,Whey Protein Isolado - Tasty Iso,241.34
2025-05-26,Whey Tech 100%,1483.4
2025-05-26,Whey hidrolisado e isolado,492.52
2025-05-26,Whey hidrolisado e isolado Creme Broule 837g TRUE SOURCE,246.26
2025-05-26,Zinco - Ydrosolv,78.54
2025-05-26,Zinco Quelado,30.94
2025-05-26,Óleo de Krill  - Ômega 3 EPA DHA,97.77
2025-05-26,Ômega -  Mega DHA,86.01
2025-05-26,Ômega - Mega DHA,401.2
2025-05-26,Ômega 3,341.1
2025-05-26,Ômega 3  - 1360mg,189.93
2025-05-26,Ômega 3 - 1360mg,386.34
2025-05-26,Ômega 3 - DHA Vegan 430mg,121.53
2025-05-26,Ômega 3 - EPA DHA - 1000mg,866.41
2025-05-26,Ômega 3 - Omegafor Memory,91.58
2025-05-26,Ômega 3 - Ultra Caps 1000mg,239.42
2025-05-26,Ômega 3 DHA,118.88
2025-05-26,Ômega 3 EPA DHA,622.64
2025-05-26,Ômega 3 Pulse,342.39
2025-05-26,Ômega 3 Super DHA - BIG N,521.1
2025-05-26,Ômega Core,173.91
2025-06-02,100% Whey Protein - Flavour,320.52
2025-06-02,100% Whey Pure,656.67
2025-06-02,Achocolatado - Chocoki,81.63
2025-06-02,Achocolatado Multivitaminado - Choco Nutrients,109.56
2025-06-02,Aminoácido - Amino Greens,315.56
2025-06-02,Aminoácido - Aminovita,120.7
2025-06-02,Aminoácido - BCAA - Glyco HD,70.17
2025-06-02,Aminoácido N-acetil L-cisteína (NAC),204.75
2025-06-02,Aminoácidos - Aminnu EAAs,185.9
2025-06-02,Aminoácidos - Aminolift,631.12
2025-06-02,BT Nitrato,271.66
2025-06-02,Barra Chocolate 70%,73.95
2025-06-02,Barrinha - Body Protein,40.0
2025-06-02,Barrinha de Proteína,433.79
2025-06-02,Barrinha de Proteína - Protein Crisp Bar,183.69
2025-06-02,Barrinha de Proteína Cleanpro Bar,83.39
2025-06-02,Barrinha de Proteína Crunch,36.85
2025-06-02,Barrinha de Proteína Thin,190.64
2025-06-02,Barrinha de Proteína Tube,79.56
2025-06-02,Best Whey,518.35
2025-06-02,Beta Alanina,153.51
2025-06-02,Beta Alanina 100%,43.35
2025-06-02,Bio Cálcio  60 caps PURAVIDA,115.44
2025-06-02,Bio Vitamina B12 em gotas,150.16
2025-06-02,Biscoito Proteico,84.15
2025-06-02,Blend de Chá - Calmante,99.4
2025-06-02,Blend de Chá - Detox,24.85
2025-06-02,Blend de Chá - Digestivo,24.85
2025-06-02,Blend de Chá - Energia,49.7
2025-06-02,BodyBalance - Muscle Synergy,404.6
2025-06-02,Booster Energético - Upgrade Energy - TCM,125.64
2025-06-02,"Boraprim - Borragem, Prímula e Gergelim",174.67
2025-06-02,Cafeína - Caffeinex 200,30.12
2025-06-02,Chlorella,77.97
2025-06-02,Chá,36.0
2025-06-02,Coenzima Q10,421.08
2025-06-02,Coenzima Q10  (200mg p/ porção),370.04
2025-06-02,Coenzima Q10 (200mg p/ porção),327.68
2025-06-02,Coenzima Q10 + Ômega 3 + Vitamina E,136.12
2025-06-02,Coenzima Q10 - (100mg p/ porção),357.0
2025-06-02,Coffee - Brainstorm,100.27
2025-06-02,Colosfort,207.06
2025-06-02,Colágeno -  Collagen Gut,356.78
2025-06-02,Colágeno - Colagentek,383.65
2025-06-02,Colágeno - Colagentek Beauty,93.5
2025-06-02,Colágeno - Colagentek II,252.45
2025-06-02,Colágeno - Colagentek Protein - Bodybalance,1243.44
2025-06-02,Colágeno - Collagen Essential Protein,1323.84
2025-06-02,Colágeno - Collagen Flex + Beauty,143.27
2025-06-02,Colágeno - Collagen Gut,157.78
2025-06-02,Colágeno - Collagen Protein Hidrolisado,660.05
2025-06-02,Colágeno - Collagen Protein Hidrolisado Berries Silvestres 450g PURAVIDA,268.96
2025-06-02,Colágeno - Collagen Renew Hidrolisado,152.86
2025-06-02,Colágeno - Collagen Tipo II 40mg,135.88
2025-06-02,Colágeno - Multi Collagen,252.9
2025-06-02,Colágeno Collagen Skin,180.88
2025-06-02,Colágeno Hidrolisado - Collagen Pro 18g,722.15
2025-06-02,Colágeno Tipo 1 e 2 - Collagen 2 Joint,150.75
2025-06-02,Colágeno Tipo II,107.94
2025-06-02,Colágeno Tipo II - Artro Aid,267.54
2025-06-02,Combo Cim 3 Caixas de Chá Gourmet - TPM Relax,23.46
2025-06-02,Complexo B 500mg,62.72
2025-06-02,Complexo B Max,62.64
2025-06-02,Cranberry,37.79
2025-06-02,Creatina,509.98
2025-06-02,Creatina - Creafort (Creapure),1531.0
2025-06-02,Creatina - Creapure,447.36
2025-06-02,Creatina 100%,422.66
2025-06-02,Creatina 100% Pure,321.12
2025-06-02,Creatina 1100mg,78.66
2025-06-02,Creatina Micronizada,228.24
2025-06-02,Creatina Monohidratada,2549.56
2025-06-02,Creatina Monohidratada (Creapure),1303.18
2025-06-02,Creatina Monohidratada - Creatine,542.16
2025-06-02,Creatina Monohidratada em Gummy,110.41
2025-06-02,Creatina Premium - Creapure,199.36
2025-06-02,Cálcio de Algas 1000mg,101.86
2025-06-02,Cúrcuma Plus,1025.58
2025-06-02,Enzima - Enzyfor,68.0
2025-06-02,Enzimas Enzyfor,235.62
2025-06-02,Ferro,18.18
2025-06-02,Ferro - Ydrosolv,275.4
2025-06-02,Ferro Quelado 34mg,52.86
2025-06-02,Ferro Quelato + Vitamina C,120.48
2025-06-02,Fibras - Fiberlift,111.65
2025-06-02,Fibras Prébioticas - Prebiotic,59.6
2025-06-02,Fresh Vegan,157.84
2025-06-02,Fresh Whey,1779.04
2025-06-02,Gel Neutro Fresh com Cafeína,55.96
2025-06-02,Gel Nitrato,25.83
2025-06-02,Glutamina,432.66
2025-06-02,Glutamina - Glutamax,43.32
2025-06-02,Glutamina Isolates,54.12
2025-06-02,Glutamina em Pó,86.49
2025-06-02,Gold Whey Concentrado Refil,251.2
2025-06-02,Granola - Zero Açúcar,19.35
2025-06-02,Granola Coconut,101.91
2025-06-02,Grassfed Whey Protein,223.95
2025-06-02,Hipercalórico - Creamass,97.93
2025-06-02,Hipercalórico - Hiper Mass Gainer,121.69
2025-06-02,Hipercalórico - Monsterone,92.59
2025-06-02,Isofort Plant (Life Vegan),91.8
2025-06-02,L-Taurina - 1.000mg,32.13
2025-06-02,Laranja Moro - Moroskinny,100.5
2025-06-02,Maca Peruana,134.7
2025-06-02,Maca Peruana 2000mg,66.43
2025-06-02,Magnésio,41.79
2025-06-02,Magnésio - 3MAG - Pool de Magnésio,123.94
2025-06-02,Magnésio - Inositol Relief 3.0,798.5
2025-06-02,Magnésio Dimalato,90.44
2025-06-02,Magnésio Inositol,747.06
2025-06-02,Magnésio Plus 900mg,154.5
2025-06-02,Melatonina,215.56
2025-06-02,Melatonina - Ydrosolv,76.5
2025-06-02,Melatonina Duo,146.68
2025-06-02,Melatonina Duo Harmony,103.78
2025-06-02,Melatonina Fast,61.0
2025-06-02,Morning Shot - Imunidade,276.34
2025-06-02,Multivitaminico  - Imunomult- 1000mg,113.86
2025-06-02,Multivitaminico - Imunomult- 1000mg,74.26
2025-06-02,Omegafor Family - Ômega 3,489.96
2025-06-02,Omegafor Plus,2279.19
2025-06-02,Omegafor Vision,193.26
2025-06-02,Palatinose,355.56
2025-06-02,Pasta de Amendoim,107.83
2025-06-02,Pasta de Amendoim Integral,31.98
2025-06-02,Pasta de Castanha de Caju,59.5
2025-06-02,Prebiótico - Fiber Liv,75.01
2025-06-02,Probiótico - Simcaps,57.8
2025-06-02,Probiótico - Simfort Plus,293.31
2025-06-02,Profem - Óleo de Prímula,84.15
2025-06-02,Proteina Vegetal,258.28
2025-06-02,Proteína - Isocrisp Plant Pouch,231.2
2025-06-02,Proteína Isolada e Hidrolisada - Body Protein,735.06
2025-06-02,Proteína Isolada e Hidrolisada - Body Protein Red,388.88
2025-06-02,Proteína Vegetal - Vegan Tasty,110.77
2025-06-02,Pré-Treino,89.85
2025-06-02,Pré-Treino - Beta Action,192.5
2025-06-02,Pré-treino - Energy Kick Caffeine,243.74
2025-06-02,Pré-treino - Heat Up,128.61
2025-06-02,Pré-treino - Taken,90.72
2025-06-02,Pré-treino Panic Pre Workout,166.7
2025-06-02,Própolis - Green Própolis,120.98
2025-06-02,Própolis Líquido - Gotas,125.4
2025-06-02,Própolis Trio,194.85
2025-06-02,Própolis Verde,47.59
2025-06-02,Própolis Verde - Alcoólico,52.52
2025-06-02,Própolis Verde - Propomax,52.52
2025-06-02,Própolis Verde 70,63.94
2025-06-02,Psyllium,554.85
2025-06-02,Refil 100% Whey - Tasty Iso,373.91
2025-06-02,Refil Whey 100% Pure,416.77
2025-06-02,Refil Whey Concentrado - W100,432.44
2025-06-02,Refil Whey Concentrado Havanna - W100,540.55
2025-06-02,Refil Whey Protein - 3W,528.24
2025-06-02,Refil Whey Protein Concentrado - 100% Whey,119.63
2025-06-02,Resveratrol,71.1
2025-06-02,Resveratrol 500mg,74.25
2025-06-02,Resveratrol Plus - 165mg,96.53
2025-06-02,Shot Matinal,62.28
2025-06-02,Simfort Femme,173.4
2025-06-02,Simfort Ultra,70.0
2025-06-02,Simfort fibras,330.42
2025-06-02,Sleep,101.01
2025-06-02,Spirulina 400mg,74.25
2025-06-02,Super Café - Desincoffee,93.86
2025-06-02,Super Ômega 3,1253.26
2025-06-02,SuperCoffee,1596.76
2025-06-02,SuperCoffee Língua de gato - Kopenhagen,701.65
2025-06-02,Suplemento Alimentar - Alpha Mater,226.5
2025-06-02,"Suplemento Alimentar - Cabelo, Pele e Unha - Gomas",71.14
2025-06-02,Suplemento Alimentar - GUARDIAN®,969.37
2025-06-02,Suplemento Alimentar - Green Shot,66.73
2025-06-02,Suplemento Alimentar - L-teanina - Happy Theanine,104.72
2025-06-02,Suplemento Alimentar - True Nac,104.3
2025-06-02,Suplemento de Magnésio - Blue Calm,424.46
2025-06-02,Suplemento para Cabelos e Unhas - Pillfood,56.02
2025-06-02,Suplemento para Imunidade - Immune Up 100%,111.49
2025-06-02,Suplemento para Imunidade - Immunity Guard,83.04
2025-06-02,Tablete de Doce,22.1
2025-06-02,Tasty Whey 3W Gourmet,916.42
2025-06-02,Termogênico - Lipix6,141.61
2025-06-02,Trio Magnésio 720mg,156.07
2025-06-02,True Cúrcuma,72.17
2025-06-02,True Cúrcuma com Ômega,114.69
2025-06-02,Ultracoffee - Vegano,75.93
2025-06-02,Vitamina - Good Mood,118.94
2025-06-02,Vitamina B12,157.79
2025-06-02,Vitamina C,171.93
2025-06-02,Vitamina C - Bio Vit C+,99.81
2025-06-02,Vitamina C3 - 1000mg,68.0
2025-06-02,Vitamina D - Vita D3,535.88
2025-06-02,Vitamina D - Vita D3 + C + Zinco,245.37
2025-06-02,Vitamina D em Gotas - Kids,35.83
2025-06-02,Vitamina D3,103.58
2025-06-02,Vitamina D3 + K2,182.68
2025-06-02,Vitamina D3 + K2 Gotas,110.74
2025-06-02,"Vitaminas A, E, D e K2- RESTAURE® - Gotas",158.8
2025-06-02,Whey,755.13
2025-06-02,Whey - Immuno Golden,201.96
2025-06-02,Whey - Isocrisp Pouch,178.0
2025-06-02,Whey - Sense,104.46
2025-06-02,Whey 3W,150.95
2025-06-02,Whey Concentrado - W100,113.0
2025-06-02,Whey Fort 3W,828.75
2025-06-02,Whey Isolado - Iso Triple Zero,374.72
2025-06-02,Whey Isolado Nectar Sweets,282.2
2025-06-02,Whey Protein - 3W - The Whey,225.0
2025-06-02,Whey Protein - CLEANPRO,132.93
2025-06-02,Whey Protein - Isofort Beauty,288.28
2025-06-02,Whey Protein 3W,153.17
2025-06-02,Whey Protein Concentrado,5003.78
2025-06-02,Whey Protein Concentrado Cappuccino 900g DUX,661.2
2025-06-02,Whey Protein Crisp - Isocrisp,76.74
2025-06-02,Whey Protein Hidrolisado,374.85
2025-06-02,Whey Protein ISO 100 Hydrolyzed,722.03
2025-06-02,Whey Protein Isolado,1149.2
2025-06-02,Whey Protein Isolado - Isofort,1420.08
2025-06-02,Whey Protein Isolado - Tasty Iso,482.68
2025-06-02,Whey Tech 100%,1291.94
2025-06-02,Whey hidrolisado e isolado,1231.3
2025-06-02,Whey hidrolisado e isolado Creme Broule 837g TRUE SOURCE,246.26
2025-06-02,Óleo de Prímula - 500mg,58.66
2025-06-02,Ômega -  Mega DHA,258.03
2025-06-02,Ômega 3,170.55
2025-06-02,Ômega 3 - 1360mg,515.12
2025-06-02,Ômega 3 - EPA DHA - 1000mg,648.39
2025-06-02,Ômega 3 - Ultra Caps 1000mg,125.77
2025-06-02,Ômega 3 DHA,228.84
2025-06-02,Ômega 3 EPA DHA,1116.21
2025-06-02,Ômega 3 Pulse,342.39
2025-06-02,Ômega 3 Super DHA,96.07
2025-06-02,Ômega 3 Super DHA - BIG N,521.1
2025-06-02,Ômega 3 Super DHA BIG,310.62
2025-06-02,Ômega Core,173.91
2025-06-02,Ômega Golden,159.41
2025-06-09,100% Whey Protein - Flavour,320.52
2025-06-09,100% Whey True Protein,179.25
2025-06-09,Achocolatado - Choco Family - Refil,71.12
2025-06-09,Achocolatado Multivitaminado - Choco Nutrients,36.52
2025-06-09,Aminoácido - Aminovita,120.7
2025-06-09,BT 400,175.31
2025-06-09,BT Nitrato,229.62
2025-06-09,BT Nitrato 400,269.81
2025-06-09,Barra Chocolate 70%,24.65
2025-06-09,Barrinha de Proteína,710.94
2025-06-09,Barrinha de Proteína - Protein Crisp Bar,244.92
2025-06-09,Barrinha de Proteína Protein Crisp,73.95
2025-06-09,Barrinha de Proteína Proto Bar - Havanna,109.24
2025-06-09,Barrinha de Proteína Thin,98.94
2025-06-09,Barrinha de Proteína Tube,79.56
2025-06-09,Barrinha de Proteína Veganpro Bar,83.39
2025-06-09,Barrinha de Proteína Whey Grego - Havanna,109.24
2025-06-09,Bebida Vegetal,48.25
2025-06-09,Beta Alanina,171.31
2025-06-09,Beta Glucana,74.29
2025-06-09,Bio Cálcio  60 caps PURAVIDA,57.72
2025-06-09,Bio Melatonina,59.5
2025-06-09,Bio Vitamina B12 em gotas,150.16
2025-06-09,Biscoito Proteico - Sublime,30.98
2025-06-09,Blend de Chá - Afrodisíaco,24.85
2025-06-09,Blend de Chá - Calmante,24.85
2025-06-09,Body Protein Vegano,132.83
2025-06-09,BodyBalance - Muscle Synergy,196.35
2025-06-09,Bombom,33.24
2025-06-09,"Boraprim - Borragem, Prímula e Gergelim",350.17
2025-06-09,Cafeína,43.22
2025-06-09,Chocolate 70% Cacau,46.76
2025-06-09,Chocolate 85% Cacau,23.38
2025-06-09,"Chocolate 99,9% Cacau",22.27
2025-06-09,Chocolate com Nibs,23.84
2025-06-09,Chá Sublime - Inverno,18.0
2025-06-09,Coenzima Q10  (200mg p/ porção),346.52
2025-06-09,Coenzima Q10 (200mg p/ porção),455.33
2025-06-09,Coenzima Q10 + Ômega 3 + Vitamina E,272.24
2025-06-09,Coenzima Q10 - (100mg p/ porção),178.5
2025-06-09,Coenzima Q10 - 200mg,129.97
2025-06-09,Coffee - Brainstorm,100.27
2025-06-09,Colágeno -  Collagen Gut,157.78
2025-06-09,Colágeno - Colagentek,76.73
2025-06-09,Colágeno - Colagentek Beauty,188.92
2025-06-09,Colágeno - Colagentek II,168.3
2025-06-09,Colágeno - Colagentek Protein - Bodybalance,1995.96
2025-06-09,Colágeno - Collagen Essential Protein,578.52
2025-06-09,Colágeno - Collagen Gut,631.12
2025-06-09,Colágeno - Collagen Protein Hidrolisado,660.05
2025-06-09,Colágeno - Collagen Protein Hidrolisado Berries Silvestres 450g PURAVIDA,403.44
2025-06-09,Colágeno - Collagen Renew Hidrolisado,152.86
2025-06-09,Colágeno - Collagen Tipo II 40mg,203.82
2025-06-09,Colágeno Collagen Skin,1058.97
2025-06-09,Colágeno Hidrolisado - Collagen Pro 18g,433.29
2025-06-09,Colágeno Tipo 1 e 2 - Collagen 2 Joint,150.75
2025-06-09,Colágeno Tipo II,53.97
2025-06-09,Colágeno Tipo II - Chondro,107.13
2025-06-09,Colágeno tipo 2 - Colagentek II,75.75
2025-06-09,Complexo B 500mg,62.72
2025-06-09,Creatina,365.61
2025-06-09,Creatina - Creafort (Creapure),627.0
2025-06-09,Creatina - Creapure,509.13
2025-06-09,Creatina - Gummies,209.7
2025-06-09,Creatina - Gummy,152.91
2025-06-09,Creatina 100%,553.98
2025-06-09,Creatina 1100mg,39.33
2025-06-09,Creatina Monohidratada,2779.77
2025-06-09,Creatina Monohidratada (Creapure),370.42
2025-06-09,Creatina Monohidratada - Creatine,719.59
2025-06-09,Creatina Monohidratada - Hardcore,176.88
2025-06-09,Cúrcuma 500mg,87.26
2025-06-09,Cúrcuma Plus,654.7
2025-06-09,Farinha de Aveia,37.92
2025-06-09,Ferro - Ydrosolv,91.8
2025-06-09,Ferro Quelato + Vitamina C,40.16
2025-06-09,Fibras Prébioticas - Prebiotic,178.8
2025-06-09,Fresh Vegan,157.84
2025-06-09,Fresh Whey,3020.24
2025-06-09,Gel - Endurance,71.4
2025-06-09,Gel Nitrato,86.61
2025-06-09,Gel Nitrato com L-Citrulinilarginina,74.94
2025-06-09,Glutamina,437.03
2025-06-09,Glutamina - Glutamax,402.17
2025-06-09,Glutamina em Pó,219.39
2025-06-09,Glutationa,135.55
2025-06-09,Gold Whey Concentrado Refil,125.6
2025-06-09,Granola,35.82
2025-06-09,Granola - Zero Açúcar,19.35
2025-06-09,Intratreino - Intra Workout,139.35
2025-06-09,Isofort Plant (Life Vegan),183.6
2025-06-09,L-Carnitina 530mg,85.68
2025-06-09,Maca Peruana 2000mg,199.29
2025-06-09,Magnésio,41.79
2025-06-09,Magnésio - Inositol Relief 3.0,319.4
2025-06-09,Magnésio Plus - 350mg,223.14
2025-06-09,Magnésio Plus 900mg,81.75
2025-06-09,Massa Alimentícia de Fibra,24.3
2025-06-09,Matchá - Chá Verde em Pó,78.63
2025-06-09,Melatonina,126.18
2025-06-09,Melatonina - Sleepfor,49.3
2025-06-09,Melatonina Duo Harmony,103.78
2025-06-09,Melatonina Fast,40.44
2025-06-09,Morning Shot - Imunidade,930.94
2025-06-09,Multivitaminico  - Imunomult- 1000mg,341.58
2025-06-09,NAC + Glycine + Taurine,67.32
2025-06-09,NAC Acetilcisteína -  600mg,69.84
2025-06-09,Omegafor Plus,2460.18
2025-06-09,Palatinose,155.31
2025-06-09,Pasta de Amendoim,107.83
2025-06-09,Pasta de Amendoim Granulado,20.22
2025-06-09,Power Coffee,74.56
2025-06-09,Prebiótico,63.0
2025-06-09,Probiótico - Simcaps,100.13
2025-06-09,Probiótico - Simfort Plus,400.1
2025-06-09,Probióticos em Pó - Simfort,171.9
2025-06-09,Proteina Vegetal - True Vegan,195.69
2025-06-09,Proteína - Isocrisp Plant Pouch,57.8
2025-06-09,Proteína Isolada e Hidrolisada - Body Protein,561.97
2025-06-09,Proteína Vegana - Vegan Tasty,331.28
2025-06-09,Pré-Treino,216.7
2025-06-09,Pré-treino Exquenta,135.99
2025-06-09,Próbiotico - Purabiotics,153.0
2025-06-09,Própolis Líquido - Gotas,31.35
2025-06-09,Própolis Verde,36.3
2025-06-09,Psyllium,110.97
2025-06-09,Refil 100% Whey - Tasty Iso,373.91
2025-06-09,Refil 100% Whey Protein - Flavour,102.21
2025-06-09,Refil Whey 100% Pure,190.0
2025-06-09,Refil Whey Concentrado - W100,540.75
2025-06-09,Refil Whey Concentrado Havanna - W100,432.44
2025-06-09,Refil Whey Protein - 3W,352.16
2025-06-09,Refil Whey Protein Concentrado - 100% Whey,119.63
2025-06-09,Resveratrol Plus - 165mg,96.53
2025-06-09,Sleep,859.26
2025-06-09,Spirulina 500mg,74.25
2025-06-09,Super Ômega 3,993.51
2025-06-09,SuperCoffee,3088.77
2025-06-09,SuperCoffee Língua de gato - Kopenhagen,420.99
2025-06-09,Suplemento - Hyaluronic Hair,66.73
2025-06-09,Suplemento Alimentar - Alpha Inflaminus,368.43
2025-06-09,Suplemento Alimentar - Alpha Mater,226.5
2025-06-09,Suplemento Alimentar - GUARDIAN®,649.08
2025-06-09,Suplemento Alimentar - Green Shot,133.46
2025-06-09,Suplemento Alimentar - L-teanina - Happy Theanine,209.44
2025-06-09,Suplemento Alimentar - Pura Fiber,130.0
2025-06-09,Suplemento de Magnésio - Blue Calm,82.24
2025-06-09,Suplemento para Cabelos e Unhas - Pillfood,112.04
2025-06-09,Tasty Whey 3W Gourmet,653.92
2025-06-09,Termogênico - Lipix6,227.96
2025-06-09,Termogênico - Termo Plus,245.84
2025-06-09,Trio Magnésio 720mg,154.35
2025-06-09,Vinagre de Maçã - Gummies,63.79
2025-06-09,Vitamina - Good Mood,118.94
2025-06-09,Vitamina B12,130.31
2025-06-09,Vitamina B12 - Bio B12,80.96
2025-06-09,Vitamina B9 - Metilfolato,47.7
2025-06-09,Vitamina B9 - Ácido Fólico,61.52
2025-06-09,Vitamina C,114.62
2025-06-09,Vitamina C - Bio Vit C+,99.81
2025-06-09,Vitamina D - Ativa D3,188.24
2025-06-09,Vitamina D - Vita D3,422.01
2025-06-09,Vitamina D - Vita D3 + C + Zinco,108.9
2025-06-09,Vitamina D3,103.58
2025-06-09,Vitamina D3 + K2,119.0
2025-06-09,Vitamina D3 Synergy,178.5
2025-06-09,"Vitaminas A, E, D e K2- RESTAURE® - Gotas",158.8
2025-06-09,Whey,1519.04
2025-06-09,Whey 3W,301.9
2025-06-09,Whey Fort 3W,828.75
2025-06-09,Whey Isolado - Iso Triple Zero,374.72
2025-06-09,Whey Protein 3W,306.34
2025-06-09,Whey Protein Concentrado,7813.88
2025-06-09,Whey Protein Concentrado Cappuccino 900g DUX,330.6
2025-06-09,Whey Protein Crisp - Isocrisp,38.37
2025-06-09,Whey Protein ISO 100 Hydrolyzed,722.03
2025-06-09,Whey Protein Isolado,2695.97
2025-06-09,Whey Protein Isolado - Isofort,862.66
2025-06-09,Whey Tech 100%,1712.75
2025-06-09,Whey hidrolisado e isolado,246.26
2025-06-09,Whey hidrolisado e isolado Creme Broule 837g TRUE SOURCE,246.26
2025-06-09,Ômega -  Mega DHA,344.04
2025-06-09,Ômega - Mega DHA,168.07
2025-06-09,Ômega 3,170.55
2025-06-09,Ômega 3 - 1360mg,128.78
2025-06-09,Ômega 3 - EPA DHA - 1000mg,215.08
2025-06-09,Ômega 3 - Omegafor Memory,91.58
2025-06-09,Ômega 3 - Ultra Caps 1000mg,251.54
2025-06-09,Ômega 3 EPA DHA,578.18
2025-06-09,Ômega 3 Pulse,114.13
2025-06-09,Ômega 3 Super DHA - BIG N,347.4
2025-06-09,Ômega 3 Super DHA BIG,310.62
2025-06-09,Ômega Core,151.88
2025-06-16,#Whey Fort 3W,165.75
2025-06-16,#Whey Protein Concentrado,111.94
2025-06-16,100% Whey Protein - Flavour,501.61
2025-06-16,100% Whey Pure,413.28
2025-06-16,Achocolatado - Choco Family - Refil,45.13
2025-06-16,Achocolatado - Chocoki,113.4
2025-06-16,Aminoácido - Aminovita,362.1
2025-06-16,Aminoácido - BCAA - Glyco HD,23.39
2025-06-16,Aminoácido N-acetil L-cisteína (NAC),198.9
2025-06-16,Aminoácidos - Aminnu EAAs,185.9
2025-06-16,Aminoácidos - Aminolift,157.78
2025-06-16,BT 400,175.31
2025-06-16,BT Nitrato,407.58
2025-06-16,BT Nitrato 400,126.75
2025-06-16,Barrinha de Proteína,294.68
2025-06-16,Barrinha de Proteína - PROTO WAFER,37.5
2025-06-16,Barrinha de Proteína Choco Wheyfer,82.02
2025-06-16,Barrinha de Proteína Crunch,36.85
2025-06-16,Barrinha de Proteína Protein Crisp,73.95
2025-06-16,Beta Alanina,273.65
2025-06-16,Bio Cálcio  60 caps PURAVIDA,115.44
2025-06-16,Bio Ferro,112.62
2025-06-16,Bio Vitamina B12 em gotas,79.39
2025-06-16,Bio Zinco,51.24
2025-06-16,Biotina Plus,118.95
2025-06-16,Biscoito Proteico,112.2
2025-06-16,"Boraprim - Borragem, Prímula e Gergelim",467.76
2025-06-16,Cafeína - Caffeinex 200,64.54
2025-06-16,Chocolate 85% Cacau,23.38
2025-06-16,Chocolate com Cranberry,23.84
2025-06-16,Chá Vitatea,58.17
2025-06-16,Coenzima  Q10 - 100mg,83.33
2025-06-16,Coenzima Q10,77.19
2025-06-16,Coenzima Q10  (200mg p/ porção),716.56
2025-06-16,Coenzima Q10 (200mg p/ porção),700.4
2025-06-16,Coenzima Q10 + Ômega 3 + Vitamina E,544.48
2025-06-16,Coenzima Q10 - (100mg p/ porção),59.5
2025-06-16,Coenzima Q10 - 200mg,129.97
2025-06-16,Coffee - Brainstorm,100.27
2025-06-16,Colágeno -  Collagen Gut,157.78
2025-06-16,Colágeno - Colagentek,230.19
2025-06-16,Colágeno - Colagentek Beauty,94.46
2025-06-16,Colágeno - Colagentek II,302.29
2025-06-16,Colágeno - Colagentek Protein - Bodybalance,828.96
2025-06-16,Colágeno - Collagen Bones,150.83
2025-06-16,Colágeno - Collagen Essential Protein,1524.8
2025-06-16,Colágeno - Collagen Protein Hidrolisado,398.33
2025-06-16,Colágeno - Collagen Renew Hidrolisado,152.86
2025-06-16,Colágeno - Collagen Tipo II 40mg,135.88
2025-06-16,Colágeno Collagen Flex Beauty,161.47
2025-06-16,Colágeno Collagen Skin,180.88
2025-06-16,Colágeno Hidrolisado - Collagen Pro 18g,1011.01
2025-06-16,Complexo B,80.64
2025-06-16,Complexo B - Bio Vit.B+,70.22
2025-06-16,Coq10 + Vitamina E,139.0
2025-06-16,Creatina,399.41
2025-06-16,Creatina - Creafort (Creapure),875.0
2025-06-16,Creatina - Creapure,157.44
2025-06-16,Creatina 100%,470.15
2025-06-16,Creatina 100% Pure,107.04
2025-06-16,Creatina Monohidratada,1817.64
2025-06-16,Creatina Monohidratada -  Crealift (Creapure),250.34
2025-06-16,Creatina Monohidratada - Creatine,177.43
2025-06-16,Creatina Monohidratada - Hardcore,88.44
2025-06-16,Creatina Premium - Creapure,199.36
2025-06-16,Cúrcuma Plus,580.7
2025-06-16,Energy Gel,201.35
2025-06-16,Energy Gel - Endurance,47.6
2025-06-16,Enzima Lactase - Laczyme,66.83
2025-06-16,Enzimas Enzyfor,117.81
2025-06-16,Farinha de Aveia,12.64
2025-06-16,Feno Grego,75.48
2025-06-16,Ferro,18.18
2025-06-16,Ferro Quelado 34mg,26.43
2025-06-16,Ferro Quelato + Vitamina C,40.16
2025-06-16,Fresh Vegan,157.84
2025-06-16,Fresh Whey,1135.91
2025-06-16,Gel Neutro Fresh com Cafeína,111.92
2025-06-16,Gel Nitrato,34.95
2025-06-16,Glutamina,325.13
2025-06-16,Glutamina - Glutamax,71.77
2025-06-16,Glutamina Isolada,45.77
2025-06-16,Glutamina Isolates,54.12
2025-06-16,Glutamina Micronizada - 100% Pure,83.8
2025-06-16,Glutamina em Pó,159.62
2025-06-16,Gold Whey Concentrado Refil,502.4
2025-06-16,Grassfed Whey Protein,223.95
2025-06-16,Grassfed Whey Protein - Concentrado,223.96
2025-06-16,Isofort Plant (Life Vegan),367.2
2025-06-16,Leite de Coco em Pó - Coco Cream,52.63
2025-06-16,Magnésio Plus - 350mg,282.4
2025-06-16,Magnésio Plus 900mg,156.21
2025-06-16,Magnésio Quelato - Bio Mag,160.38
2025-06-16,Massa Alimentícia de Fibra,48.6
2025-06-16,Melatonina,39.42
2025-06-16,Melatonina Duo,51.3
2025-06-16,Multivitaminico  - Imunomult- 1000mg,227.72
2025-06-16,Multivitaminico - Imunomult- 1000mg,74.26
2025-06-16,Multivitamínico - Vitalift,287.5
2025-06-16,NAC + Glycine + Taurine,67.32
2025-06-16,Nitro 400,238.06
2025-06-16,Omegafor Family - Ômega 3,117.58
2025-06-16,Omegafor Plus,1824.27
2025-06-16,Pasta de Amendoim,131.27
2025-06-16,Pasta de Castanha de Caju,36.13
2025-06-16,Power Coffee,74.56
2025-06-16,Prebiótico - Fiber Liv,75.01
2025-06-16,Probiótico - Simcaps,176.7
2025-06-16,Probiótico - Simfort Plus,295.84
2025-06-16,Probióticos em Pó - Simfort,431.97
2025-06-16,Proteina Vegetal,246.5
2025-06-16,Proteína Isolada e Hidrolisada - Body Protein,2125.03
2025-06-16,Proteína Isolada e Hidrolisada - Body Protein Red,583.32
2025-06-16,Proteína Vegana - Vegan Tasty,109.74
2025-06-16,Proteína Vegana - Veggie Protein,193.63
2025-06-16,Pré-Treino,67.32
2025-06-16,Pré-Treino - V Fort Ultra,202.96
2025-06-16,Pré-treino,146.93
2025-06-16,Pré-treino - Energyzer & focus,190.28
2025-06-16,Próbiotico - Purabiotics,76.5
2025-06-16,Própolis - Green Própolis,60.49
2025-06-16,Própolis Alcoólico,26.26
2025-06-16,Própolis Verde - Propomax,52.52
2025-06-16,Própolis Verde 70,31.97
2025-06-16,Psyllium,72.38
2025-06-16,Refil BT 400 Nitrato,254.32
2025-06-16,Refil Creatina,439.38
2025-06-16,Refil Whey 100% Pure,453.54
2025-06-16,Refil Whey Concentrado - W100,324.53
2025-06-16,Refil Whey Concentrado Havanna - W100,108.11
2025-06-16,Refil Whey Protein Concentrado,142.0
2025-06-16,Refil Whey Protein Concentrado - 100% Whey,239.26
2025-06-16,Resveratrol - Resveramax,151.11
2025-06-16,Shot Matinal,62.28
2025-06-16,Simfort Ultra,140.0
2025-06-16,Simfort fibras,220.28
2025-06-16,Sleep,151.65
2025-06-16,Super Ômega 3,868.42
2025-06-16,SuperCoffee,409.73
2025-06-16,SuperCoffee Língua de gato - Kopenhagen,485.51
2025-06-16,Suplemento - Beauty Care,56.12
2025-06-16,Suplemento - Hyaluronic Hair,66.73
2025-06-16,Suplemento Alimentar  - Hepatofor,143.54
2025-06-16,Suplemento Alimentar - Alpha Inflaminus,122.81
2025-06-16,Suplemento Alimentar - GUARDIAN®,320.29
2025-06-16,Suplemento Alimentar - Green Shot,66.73
2025-06-16,Suplemento de Magnésio - Blue Calm,71.31
2025-06-16,Tasty Whey 3W Gourmet,163.48
2025-06-16,Termogênico - Lipix6,255.59
2025-06-16,Termogênico - Termo Plus,217.8
2025-06-16,Trio Magnésio 720mg,257.25
2025-06-16,True Cúrcuma,144.34
2025-06-16,True Cúrcuma com Ômega,139.0
2025-06-16,Ultracoffee - Vegano,75.93
2025-06-16,Vinagre de Maçã - Gummies,63.79
2025-06-16,Vitamina - Good Mood,59.47
2025-06-16,Vitamina A - 8000 Ui,55.5
2025-06-16,Vitamina B12,432.39
2025-06-16,Vitamina B9 - Ácido Fólico,61.52
2025-06-16,Vitamina D - Vita D3,397.25
2025-06-16,Vitamina D - Vita D3 + C + Zinco,191.4
2025-06-16,Vitamina D3,210.66
2025-06-16,Vitamina D3 + K2,59.5
2025-06-16,Vitamina D3 + K2 Gotas,130.97
2025-06-16,Vitamina D3 - 2000 Ui,61.88
2025-06-16,Vitamina D3 - Ydrosolv,76.5
2025-06-16,Vitamina D3 Synergy,238.0
2025-06-16,Whey,536.09
2025-06-16,Whey - Immuno Golden,403.92
2025-06-16,Whey Concentrado - 100% Whey,138.11
2025-06-16,Whey Fort 3W,994.5
2025-06-16,Whey Isolado - Iso Triple Zero,749.44
2025-06-16,Whey Protein - 3W - The Whey,112.5
2025-06-16,Whey Protein Concentrado,2157.75
2025-06-16,Whey Protein Concentrado Cappuccino 900g DUX,495.9
2025-06-16,Whey Protein Crisp - Isocrisp,76.74
2025-06-16,Whey Protein Isolado,2334.8
2025-06-16,Whey Protein Isolado - Isofort,278.71
2025-06-16,Whey Protein Vegetal,134.9
2025-06-16,Whey Tech 100%,259.24
2025-06-16,Zinco Quelato,40.49
2025-06-16,Ômega 3 - 1360mg,643.9
2025-06-16,Ômega 3 - DHA Vegan 430mg,121.53
2025-06-16,Ômega 3 - EPA DHA - 1000mg,310.2
2025-06-16,Ômega 3 - Omegafor Memory,91.58
2025-06-16,Ômega 3 - Ultra Caps 1000mg,125.77
2025-06-16,Ômega 3 EPA DHA,1659.33
2025-06-16,Ômega 3 Super DHA - BIG N,607.95
2025-06-16,Ômega Core,151.88
2025-06-16,Ômega Golden,159.41
2025-06-23,100% Whey Protein - Flavour,534.2
2025-06-23,100% Whey Pure,964.32
2025-06-23,Achocolatado - Choco Family - Refil,71.12
2025-06-23,Aminoácido - BCAA - Glyco HD,23.39
2025-06-23,Aminoácido - BCAA 2:1:1,25.28
2025-06-23,Aminoácido - Tryptophan,49.02
2025-06-23,Aminoácido N-acetil L-cisteína (NAC),128.7
2025-06-23,Aminoácidos - Aminnu EAAs,185.9
2025-06-23,Aminoácidos - Aminolift,157.78
2025-06-23,Arginofor - L-Arginina,57.8
2025-06-23,Aveia - Flocos Grossos,14.27
2025-06-23,BT Nitrato 400,286.12
2025-06-23,BT Nitrato com cafeína,143.06
2025-06-23,Barra Chocolate 70%,24.65
2025-06-23,Barrinha de Proteína,562.42
2025-06-23,Barrinha de Proteína - Best Whey Bar,52.8
2025-06-23,Barrinha de Proteína Crunch,56.1
2025-06-23,Barrinha de Proteína Dark Bar,109.89
2025-06-23,Barrinha de Proteína Protein Crisp,73.95
2025-06-23,Barrinha de Proteína Vegan Radiance Joy,122.4
2025-06-23,Barrinha de Proteína Veganpro Bar,83.39
2025-06-23,Barrinha de Proteína Whey Grego - Havanna,86.4
2025-06-23,Beef Protein,589.47
2025-06-23,Beta Alanina,204.68
2025-06-23,Beta Alanina Pure,53.32
2025-06-23,Bio Cálcio  60 caps PURAVIDA,173.16
2025-06-23,Bio Ferro,187.7
2025-06-23,Bio Vitamina B12 em gotas,154.47
2025-06-23,Bio Zinco,25.62
2025-06-23,Biotina Plus,79.3
2025-06-23,Biscoito Proteico,28.05
2025-06-23,Blend de Chá - Energia,24.85
2025-06-23,Body Protein Vegano,132.83
2025-06-23,Bombom,33.24
2025-06-23,Booster Energético - Upgrade Energy - TCM,125.64
2025-06-23,"Boraprim - Borragem, Prímula e Gergelim",267.75
2025-06-23,Chá - Deep Mint,102.04
2025-06-23,Chá - Fresh Chamomile,102.04
2025-06-23,Coenzima Q10,305.28
2025-06-23,Coenzima Q10 (200mg p/ porção),484.5
2025-06-23,Coenzima Q10 + Ômega 3 + Vitamina E,544.48
2025-06-23,Coenzima Q10 - (100mg p/ porção),178.5
2025-06-23,Coenzima Q10+ 200mg,210.52
2025-06-23,Colágeno - Colagentek,76.73
2025-06-23,Colágeno - Colagentek II,218.55
2025-06-23,Colágeno - Colagentek Protein - Bodybalance,552.64
2025-06-23,Colágeno - Collagen Essential Protein,754.36
2025-06-23,Colágeno - Collagen Gut,157.78
2025-06-23,Colágeno - Collagen Pro - Body Suport,655.92
2025-06-23,Colágeno - Collagen Protein Hidrolisado,409.83
2025-06-23,Colágeno - Collagen Protein Hidrolisado Berries Silvestres 450g PURAVIDA,268.96
2025-06-23,Colágeno - Collagen Renew Hidrolisado,229.29
2025-06-23,Colágeno - Collagen Tipo II 40mg,67.94
2025-06-23,Colágeno Hidrolisado - Collagen Pro 18g,144.43
2025-06-23,Colágeno Tipo II,107.94
2025-06-23,Colágeno Tipo II - Artro Aid,178.36
2025-06-23,Complexo B - Bio Vit.B+,70.22
2025-06-23,Coq10 + Vitamina E,122.77
2025-06-23,Creatina,237.12
2025-06-23,Creatina - Creafort (Creapure),1400.0
2025-06-23,Creatina - Creapure,254.08
2025-06-23,Creatina 100%,251.49
2025-06-23,Creatina 1100mg,39.33
2025-06-23,Creatina Monohidratada,1973.8
2025-06-23,Creatina Monohidratada (Creapure),370.42
2025-06-23,Creatina Monohidratada - Creatine,625.94
2025-06-23,Creatina Monohidratada - Hardcore,176.88
2025-06-23,Creatina Premium - Creapure,199.36
2025-06-23,Creatina em Cápsulas,45.79
2025-06-23,Cromo Picolinato - 250mg,24.52
2025-06-23,Cúrcuma 500mg,87.26
2025-06-23,Cúrcuma Plus,715.9
2025-06-23,Feno Grego + Boro 500mg,79.43
2025-06-23,Ferro - Ydrosolv,275.4
2025-06-23,Ferro Quelato + Vitamina C,40.16
2025-06-23,Fibras Prébioticas - Prebiotic,238.4
2025-06-23,Fresh Whey,2320.53
2025-06-23,Gel - Endurance,71.4
2025-06-23,Glutamina,470.04
2025-06-23,Glutamina Isolates,162.36
2025-06-23,Glutamina em Pó,232.75
2025-06-23,Gold Whey Concentrado Refil,689.18
2025-06-23,Granola - Sem Glúten,19.35
2025-06-23,Granola - Zero Açúcar,38.7
2025-06-23,Grassfed Whey Protein - Concentrado,137.26
2025-06-23,Hipercalórico - Creamass,97.93
2025-06-23,Hipercalórico - Monsterone,92.59
2025-06-23,Immuno Whey,181.95
2025-06-23,Isofort Plant (Life Vegan),275.4
2025-06-23,L-Carnitina 530mg,147.98
2025-06-23,Laranja Moro - Moroskinny,100.5
2025-06-23,Magnésio,41.79
2025-06-23,Magnésio - Bio Trimag,85.56
2025-06-23,Magnésio - Inositol Relief 3.0,319.4
2025-06-23,Magnésio Dimalato,45.22
2025-06-23,Magnésio Inositol,150.31
2025-06-23,Magnésio Plus - 350mg,148.76
2025-06-23,Magnésio Plus 900mg,74.46
2025-06-23,Magnésio Quelato - Bio Mag,106.92
2025-06-23,Melatonina,46.94
2025-06-23,Melatonina - Sleepfor,137.28
2025-06-23,Melatonina Duo,95.38
2025-06-23,Melatonina Fast,20.22
2025-06-23,Morning Shot - Imunidade,438.09
2025-06-23,Multivitaminico  - Imunomult- 1000mg,141.53
2025-06-23,Multivitaminico - Imunomult- 1000mg,148.52
2025-06-23,Multivitamínicos - Gummy,165.15
2025-06-23,N-Acetil Cisteína (NAC),51.87
2025-06-23,Nootrópico - Brain Up Am/Pm  60 caps TRUE SOURCE,137.3
2025-06-23,Omegafor Family - Ômega 3,325.84
2025-06-23,Omegafor Plus,1656.27
2025-06-23,Omegafor Vision,96.63
2025-06-23,Palatinose,105.73
2025-06-23,Pasta de Amendoim,133.76
2025-06-23,Pasta de Amendoim Granulado,15.99
2025-06-23,Pre-Workout - DiaboVerde,78.43
2025-06-23,Probiótico - Simcaps,117.8
2025-06-23,Probiótico - Simfort Plus,744.74
2025-06-23,Proteina Vegetal,123.25
2025-06-23,Proteina Vegetal - True Vegan,391.38
2025-06-23,Proteína - Best Vegan,194.22
2025-06-23,Proteína - Isocrisp Plant Pouch,173.4
2025-06-23,Proteína Isolada e Hidrolisada - Body Protein,1081.24
2025-06-23,Proteína da  Carne - Carnibol,135.0
2025-06-23,Pré-treino,146.93
2025-06-23,Pré-treino - Energy Kick,121.87
2025-06-23,Própolis - Green Própolis,60.49
2025-06-23,Própolis Líquido - Gotas,31.35
2025-06-23,Própolis Verde - Alcoólico,52.52
2025-06-23,Própolis Verde - Propomax,26.26
2025-06-23,Própolis Verde 70,63.94
2025-06-23,Psyllium,38.59
2025-06-23,Refil Creatina,146.46
2025-06-23,Refil Whey 100% Pure,321.77
2025-06-23,Refil Whey Concentrado - W100,108.11
2025-06-23,Refil Whey Concentrado Havanna - W100,324.33
2025-06-23,Refil Whey Protein - 3W,176.08
2025-06-23,Refil Whey Protein Concentrado,806.65
2025-06-23,Refil Whey Protein Concentrado - 100% Whey,119.63
2025-06-23,Resveratrol 500mg,142.26
2025-06-23,Resveratrol Plus - 165mg,96.53
2025-06-23,Simfort fibras,55.07
2025-06-23,Sleep,539.75
2025-06-23,Spirulina Orgânica - 200 tabletes,103.07
2025-06-23,Super Ômega 3,970.52
2025-06-23,SuperCoffee,3520.11
2025-06-23,SuperCoffee Língua de gato - Kopenhagen,280.66
2025-06-23,Suplemento - Alimentar - Cálcio Citrato Malato,49.22
2025-06-23,Suplemento - Hyaluronic Hair,133.46
2025-06-23,Suplemento Alimentar - Alpha Mater,226.5
2025-06-23,"Suplemento Alimentar - Cabelo, Pele e Unha - Gomas",71.14
2025-06-23,Suplemento Alimentar - GUARDIAN®,649.08
2025-06-23,Suplemento Alimentar - Immune +,141.58
2025-06-23,Suplemento Alimentar - Slim Body 400mg,65.03
2025-06-23,Suplemento Alimentar - True Nac,52.15
2025-06-23,Suplemento Vitamínico - ZMA COMPLEX,30.0
2025-06-23,Suplemento de Magnésio - Blue Calm,342.22
2025-06-23,Tasty Whey 3W Gourmet,163.48
2025-06-23,Termogênico - Lipix6,177.32
2025-06-23,Triptofano Noite,68.0
2025-06-23,True Cúrcuma com Ômega,229.38
2025-06-23,Vegan Protein,123.41
2025-06-23,Vegan Protein - Vegano,106.05
2025-06-23,Vegan Ômega 3 DHA,117.16
2025-06-23,Vitamina B12,269.42
2025-06-23,Vitamina C + Zinco - Gomas,48.76
2025-06-23,Vitamina D - Vita D3,176.35
2025-06-23,Vitamina D - Vita D3 + C + Zinco,408.72
2025-06-23,Vitamina D3,79.92
2025-06-23,Vitamina D3 + K2,105.25
2025-06-23,Vitamina D3 + K2 Gotas,166.11
2025-06-23,Vitamina D3 - 2000 Ui,61.88
2025-06-23,Vitamina D3 Synergy,59.5
2025-06-23,Whey,1138.07
2025-06-23,Whey - Isocrisp Pouch,89.0
2025-06-23,Whey - Sense,208.92
2025-06-23,Whey Fort 3W,663.0
2025-06-23,Whey Isolado - Iso Triple Zero,562.08
2025-06-23,Whey Isolado - Isoflex,269.16
2025-06-23,Whey Isolado - Isofort Ultra Imuno,299.88
2025-06-23,Whey Protein - CLEANPRO,132.93
2025-06-23,Whey Protein - Isofort Beauty,432.42
2025-06-23,Whey Protein Concentrado,3039.97
2025-06-23,Whey Protein Concentrado Cappuccino 900g DUX,495.9
2025-06-23,Whey Protein Isolado,2776.56
2025-06-23,Whey Protein Isolado - Isofort,1672.26
2025-06-23,Whey Protein Isolado - Tasty Iso,965.36
2025-06-23,Whey Tech 100%,781.98
2025-06-23,Whey hidrolisado e isolado,492.52
2025-06-23,Óleo de Coco  - Spray,23.8
2025-06-23,Ômega -  Mega DHA,516.06
2025-06-23,Ômega - Mega DHA,200.6
2025-06-23,Ômega 3 - 1360mg,257.56
2025-06-23,Ômega 3 - EPA DHA - 1000mg,160.31
2025-06-23,Ômega 3 DHA,219.92
2025-06-23,Ômega 3 EPA DHA,931.3
2025-06-23,Ômega 3 Super DHA - BIG N,260.55
2025-06-23,Ômega 3 Super DHA BIG,155.31
2025-06-23,Ômega Golden,507.23
2025-06-23,Ômega Ultra - 1000mg,84.92
2025-06-30,#Whey Fort 3W,331.5
2025-06-30,100% Whey Protein - Flavour,608.45
2025-06-30,100% Whey Pure,327.76
2025-06-30,Achocolatado - Choco Family - Refil,161.38
2025-06-30,Achocolatado - Chocoki,81.63
2025-06-30,Achocolatado Multivitaminado - Choco Nutrients,146.08
2025-06-30,Aminoácido - Aminovita,120.7
2025-06-30,Aminoácido - BCAA Fort,80.92
2025-06-30,Aminoácido N-acetil L-cisteína (NAC),134.55
2025-06-30,Aminoácidos - Aminnu EAAs,371.8
2025-06-30,Aminoácidos - Aminolift,557.58
2025-06-30,Antioxidante - Luteína e Zeaxantina,59.14
2025-06-30,Arginofor - L-Arginina,106.73
2025-06-30,BT 400,175.31
2025-06-30,BT Nitrato com cafeína,572.24
2025-06-30,Barra Double,25.35
2025-06-30,Barrinha - Body Protein,80.0
2025-06-30,Barrinha de Proteina - Protein Crisp Bar,79.9
2025-06-30,Barrinha de Proteína,731.4
2025-06-30,Barrinha de Proteína - Caramel Protein,85.0
2025-06-30,Barrinha de Proteína - Protein Crisp Bar,141.13
2025-06-30,Barrinha de Proteína Quest Bar - 60g (20g de proteína),238.0
2025-06-30,Barrinha de Proteína Thin,283.79
2025-06-30,Best Whey,149.25
2025-06-30,Beta Alanina,51.17
2025-06-30,Beta Alanina 100%,86.7
2025-06-30,Bio Ferro,117.2
2025-06-30,Bio Q10 100mg,107.87
2025-06-30,Bio Vitamina B12 em gotas,112.62
2025-06-30,Biscoito Proteico,196.35
2025-06-30,Blend de Chá - Calmante,24.85
2025-06-30,Body Protein Vegano,398.49
2025-06-30,BodyBalance - Muscle Synergy,196.35
2025-06-30,Bombom,33.24
2025-06-30,Booster Energético - Upgrade Energy - TCM,125.64
2025-06-30,"Boraprim - Borragem, Prímula e Gergelim",38.25
2025-06-30,Chocolate com Cranberry,23.84
2025-06-30,Chocolate com Nibs,23.84
2025-06-30,Coenzima  Q10 - 100mg,166.66
2025-06-30,Coenzima Q10,75.45
2025-06-30,Coenzima Q10  (200mg p/ porção),161.5
2025-06-30,Coenzima Q10 (200mg p/ porção),447.1
2025-06-30,Coenzima Q10 + Ômega 3 + Vitamina E,680.6
2025-06-30,Coenzima Q10 - (100mg p/ porção),298.18
2025-06-30,Coenzima Q10 200mg,94.9
2025-06-30,Coffee - Brainstorm,100.27
2025-06-30,Colágeno -  Collagen Gut,157.78
2025-06-30,Colágeno - Colagentek,238.36
2025-06-30,Colágeno - Colagentek Beauty,93.5
2025-06-30,Colágeno - Colagentek II,268.8
2025-06-30,Colágeno - Colagentek Protein - Bodybalance,1128.56
2025-06-30,Colágeno - Collagen Essential Protein,368.68
2025-06-30,Colágeno - Collagen Gut,315.56
2025-06-30,Colágeno - Collagen Protein Hidrolisado,285.86
2025-06-30,Colágeno - Collagen Protein Hidrolisado Berries Silvestres 450g PURAVIDA,179.9
2025-06-30,Colágeno - Collagen Renew Hidrolisado,459.05
2025-06-30,Colágeno - Collagen Tipo II 40mg,67.94
2025-06-30,Colágeno - Multi Collagen,252.9
2025-06-30,Colágeno Collagen Skin,154.57
2025-06-30,Colágeno Hidrolisado - Collagen Pro 18g,748.11
2025-06-30,Colágeno Tipo II,179.7
2025-06-30,Colágeno Tipo II - Artro Aid,89.18
2025-06-30,Complexo B - Bio Vit.B+,35.11
2025-06-30,Coq10 + Vitamina E,122.77
2025-06-30,Creatina,674.86
2025-06-30,Creatina - Creafort (Creapure),408.1
2025-06-30,Creatina - Creapure,515.62
2025-06-30,Creatina - Gummy,305.82
2025-06-30,Creatina 100%,735.43
2025-06-30,Creatina 100% Pure,214.08
2025-06-30,Creatina Micronizada,228.24
2025-06-30,Creatina Monohidratada,2238.71
2025-06-30,Creatina Monohidratada (Creapure),773.64
2025-06-30,Creatina Monohidratada - Creatine,631.73
2025-06-30,Creatina Monohidratada - Hardcore,265.32
2025-06-30,Creme de Avelã,51.17
2025-06-30,Cromo Picolinato - 250mg,24.52
2025-06-30,Cúrcuma - Curcumagic,225.12
2025-06-30,Cúrcuma 500mg,264.42
2025-06-30,Cúrcuma Plus,477.98
2025-06-30,Dado de creatina,127.35
2025-06-30,Energy Gel - Endurance,23.8
2025-06-30,Energy Gel c/ Cafeína,37.41
2025-06-30,Enzimas Enzyfor,117.81
2025-06-30,Extrato de Laranja Moro 400mg,171.22
2025-06-30,Ferro Quelado 34mg,26.43
2025-06-30,Ferro Quelato + Vitamina C,43.9
2025-06-30,Fibras Prébioticas - Prebiotic,125.5
2025-06-30,Fresh Vegan,139.9
2025-06-30,Fresh Whey,1409.56
2025-06-30,Gel Nitrato,34.95
2025-06-30,Glutamina,547.73
2025-06-30,Glutamina - Glutamax,301.95
2025-06-30,Glutamina - Glutamax Refil,211.82
2025-06-30,Glutamina Isolada,45.77
2025-06-30,Gold Whey Concentrado Refil,391.1
2025-06-30,Granola,19.35
2025-06-30,Granola - Zero Açúcar,38.7
2025-06-30,Granola Australia - Low Carb,60.68
2025-06-30,Granola Coconut,67.94
2025-06-30,Hipercalórico - Monsterone,92.59
2025-06-30,Immuno Whey,181.95
2025-06-30,Isofort Plant (Life Vegan),243.35
2025-06-30,L-Taurina - 1.000mg,100.3
2025-06-30,Laranja Moro,135.06
2025-06-30,MCT com AGE,49.3
2025-06-30,Maca Peruana,67.35
2025-06-30,Maca Peruana 2000mg,199.29
2025-06-30,Magnésio + Inositol Relief 1.0,149.92
2025-06-30,Magnésio - Bio Trimag,299.46
2025-06-30,Magnésio - Inositol Relief 3.0,458.2
2025-06-30,Magnésio Inositol,129.77
2025-06-30,Magnésio Plus - 350mg,575.44
2025-06-30,Magnésio Plus 900mg,74.46
2025-06-30,Melatonina,64.6
2025-06-30,Melatonina - Sleepfor,68.64
2025-06-30,Melatonina Duo,95.38
2025-06-30,Melatonina em Gotas,35.89
2025-06-30,Mistura para Panqueca Proteica,39.95
2025-06-30,Morning Shot - Imunidade,187.11
2025-06-30,N-Acetil Cisteína (NAC),51.87
2025-06-30,Nitro 400,119.03
2025-06-30,Omegafor Family - Ômega 3,312.39
2025-06-30,Omegafor Plus,1892.88
2025-06-30,Palatinose,221.61
2025-06-30,Palatinose 100% - Carbolift,205.7
2025-06-30,Pasta de Amendoim,133.22
2025-06-30,Pasta de Amendoim Integral,63.96
2025-06-30,Pasta de Castanha de Caju,72.26
2025-06-30,Prebiótico - Fiber Liv,75.01
2025-06-30,Probiótico - Simcaps,159.03
2025-06-30,Probiótico - Simfort Plus,100.34
2025-06-30,Probióticos em Pó - Simfort,373.93
2025-06-30,Proteína - Best Vegan,108.79
2025-06-30,Proteína - Isocrisp Plant Pouch,173.4
2025-06-30,Proteína Isolada e Hidrolisada - Body Protein,1339.73
2025-06-30,Proteína Isolada e Hidrolisada - Body Protein Red,580.3
2025-06-30,Proteína Vegana - Vegan Tasty,219.48
2025-06-30,Proteína Vegana - Veggie Protein,206.17
2025-06-30,Proteína da  Carne - Carnibol,135.0
2025-06-30,Pré-Treino,108.35
2025-06-30,Pré-Treino  - Stim Free,248.7
2025-06-30,Pré-Treino - V Fort Ultra,202.96
2025-06-30,Pré-Treino Turbo,86.73
2025-06-30,Pré-treino Panic Pre Workout,166.7
2025-06-30,Própolis Líquido - Gotas,219.45
2025-06-30,Própolis Trio,64.95
2025-06-30,Própolis Verde - Propomax,26.26
2025-06-30,Psyllium,332.91
2025-06-30,Refil Creatina,146.46
2025-06-30,Refil Whey 100% Pure,95.0
2025-06-30,Refil Whey Concentrado - W100,649.06
2025-06-30,Refil Whey Concentrado Havanna - W100,838.66
2025-06-30,Refil Whey Protein - 3W,176.08
2025-06-30,Resveratrol Plus - 165mg,289.59
2025-06-30,Shot Matinal,249.12
2025-06-30,Simfort Femme,173.4
2025-06-30,Simfort fibras,175.04
2025-06-30,Sleep,103.8
2025-06-30,Spirulina 500mg,74.25
2025-06-30,Super Café - Desincoffee,187.72
2025-06-30,Super Ômega 3,957.25
2025-06-30,SuperCoffee,2099.91
2025-06-30,SuperCoffee Língua de gato - Kopenhagen,839.86
2025-06-30,Suplemento Alimentar - GUARDIAN®,324.54
2025-06-30,Suplemento Alimentar - Pura Fiber,65.0
2025-06-30,Suplemento Alimentar - Slim Body 400mg,65.03
2025-06-30,Suplemento para Imunidade - Immune Up 100%,111.49
2025-06-30,Tablete de Doce,22.1
2025-06-30,Tasty Whey 3W Gourmet,670.34
2025-06-30,Termogênico - Lipix6,166.93
2025-06-30,Termogênico - Termo Plus,217.8
2025-06-30,Tortinha Proteica,112.46
2025-06-30,Trio Magnésio 720mg,51.45
2025-06-30,Triptofano Noite,136.0
2025-06-30,True Cúrcuma,72.17
2025-06-30,True Cúrcuma com Ômega,229.38
2025-06-30,Ultracoffee - Vegano,489.55
2025-06-30,Vitamina B12,281.36
2025-06-30,Vitamina B9 - Metilfolato,47.7
2025-06-30,Vitamina B9 - Ácido Fólico,61.52
2025-06-30,Vitamina D - Vita D3,182.85
2025-06-30,Vitamina D - Vita D3 + C + Zinco,168.8
2025-06-30,Vitamina D3,164.07
2025-06-30,Vitamina D3 + K2,155.4
2025-06-30,Vitamina D3 + K2 Gotas,180.64
2025-06-30,Vitamina D3 - 2000 Ui,30.94
2025-06-30,Vitamina D3 Synergy,119.8
2025-06-30,Vitamina E - Ydrosolv,130.69
2025-06-30,"Vitaminas A, E, D e K2- RESTAURE® - Gotas",476.4
2025-06-30,Whey,1203.72
2025-06-30,Whey - Isocrisp Pouch,178.0
2025-06-30,Whey - Zero Lactose,229.42
2025-06-30,Whey 100% Gold Double Rich,260.96
2025-06-30,Whey Concentrado - W100,113.0
2025-06-30,Whey Fort 3W,828.75
2025-06-30,Whey Isolado - Iso Triple Zero,784.48
2025-06-30,Whey Protein - CLEANPRO,265.86
2025-06-30,Whey Protein - Isofort Beauty,278.46
2025-06-30,Whey Protein Concentrado,7741.8
2025-06-30,Whey Protein Concentrado Cappuccino 900g DUX,826.5
2025-06-30,Whey Protein Crisp - Isocrisp,38.37
2025-06-30,Whey Protein Hidrolisado,744.75
2025-06-30,Whey Protein Isolado,3820.07
2025-06-30,Whey Protein Isolado - Isofort,1441.27
2025-06-30,Whey Protein Isolado - Tasty Iso,1223.82
2025-06-30,Whey Tech 100%,770.05
2025-06-30,Whey hidrolisado e isolado,246.26
2025-06-30,Zinco Quelado,30.94
2025-06-30,Óleo de Coco  - Spray,47.6
2025-06-30,Óleo de Krill  - Ômega 3 EPA DHA,97.77
2025-06-30,Óleo de Prímula - E,80.75
2025-06-30,Ômega - Mega DHA,200.6
2025-06-30,Ômega 3,70.0
2025-06-30,Ômega 3  - 1360mg,179.9
2025-06-30,Ômega 3 - 1360mg,662.34
2025-06-30,Ômega 3 - EPA DHA - 1000mg,256.64
2025-06-30,Ômega 3 - Fish Oil,112.65
2025-06-30,Ômega 3 - Omegafor Memory,183.16
2025-06-30,Ômega 3 - Ultra Caps 1000mg,401.44
2025-06-30,Ômega 3 EPA DHA,1493.69
2025-06-30,Ômega 3 Pulse,407.26
2025-06-30,Ômega 3 Super DHA,192.14
2025-06-30,Ômega 3 Super DHA - BIG N,434.25
2025-06-30,Ômega 3 Super DHA BIG,189.9
2025-07-07,100% Whey Pure,805.13
2025-07-07,Achocolatado - Chocoki,159.8
2025-07-07,Amora Miúra - 1500mg,39.81
2025-07-07,Arginofor -  L-Arginina,167.64
2025-07-07,BT Nitrato 400,139.9
2025-07-07,Barrinha - Body Protein,40.0
2025-07-07,Barrinha de Proteína,699.5
2025-07-07,Barrinha de Proteína - Best Whey Bar,52.8
2025-07-07,Barrinha de Proteína - YOPRO,56.32
2025-07-07,Barrinha de Proteína Best Whey 49g (12g de Proteína),99.44
2025-07-07,Barrinha de Proteína Choco Wheyfer,23.77
2025-07-07,Barrinha de Proteína Cleanpro Bar,83.39
2025-07-07,Barrinha de Proteína Crunch,110.55
2025-07-07,Barrinha de Proteína Tube,30.57
2025-07-07,Barrinha de Proteína Whey Grego - Havanna,86.4
2025-07-07,Beef Protein,623.43
2025-07-07,Best Whey,184.55
2025-07-07,Beta Alanina,119.8
2025-07-07,Beta Alanina 100%,43.35
2025-07-07,Bio Cálcio  60 caps PURAVIDA,149.8
2025-07-07,Bio Ferro,128.7
2025-07-07,Bio Vitamina B12 em gotas,134.7
2025-07-07,Biotina Plus,79.3
2025-07-07,Biscoito Proteico,140.25
2025-07-07,Biscoito Proteico - Sublime,30.98
2025-07-07,Bom Ciclo,73.02
2025-07-07,"Boraprim - Borragem, Prímula e Gergelim",254.7
2025-07-07,Cafeína,86.44
2025-07-07,Chocolate - Chocolift,20.4
2025-07-07,Chá Vitatea,232.68
2025-07-07,Coenzima Q10,462.4
2025-07-07,Coenzima Q10  (200mg p/ porção),581.3
2025-07-07,Coenzima Q10 (200mg p/ porção),201.61
2025-07-07,Coenzima Q10 + Ômega 3 + Vitamina E,533.77
2025-07-07,Coenzima Q10 - (100mg p/ porção),155.8
2025-07-07,Coenzima Q10 - 100mg,95.55
2025-07-07,Coenzima Q10 100 Mg,202.22
2025-07-07,Colágeno - Colagentek,169.8
2025-07-07,Colágeno - Colagentek II,134.4
2025-07-07,Colágeno - Colagentek Protein - Bodybalance,169.02
2025-07-07,Colágeno - Collagen Derm,149.92
2025-07-07,Colágeno - Collagen Essential Protein,418.22
2025-07-07,Colágeno - Collagen Flex + Beauty,143.27
2025-07-07,Colágeno - Collagen Protein Hidrolisado,359.8
2025-07-07,Colágeno - Collagen Renew Hidrolisado,230.7
2025-07-07,Colágeno - Collagen Tipo II 40mg,74.9
2025-07-07,Colágeno - Gummies,94.6
2025-07-07,Colágeno Hidrolisado - Collagen Pro 18g,149.9
2025-07-07,Colágeno Tipo II,59.9
2025-07-07,Colágeno Tipo II - Artro Aid,189.8
2025-07-07,Complexo B 500mg,31.36
2025-07-07,Cranberry,115.92
2025-07-07,Creatina,94.9
2025-07-07,Creatina - Creafort (Creapure),899.5
2025-07-07,Creatina - Creapure,354.4
2025-07-07,Creatina - Gummies,110.7
2025-07-07,Creatina 100%,564.3
2025-07-07,Creatina Monohidratada,1605.16
2025-07-07,Creatina Monohidratada (Creapure),589.7
2025-07-07,Creatina Monohidratada - Creatine,363.94
2025-07-07,Creatina Monohidratada - Hardcore,254.7
2025-07-07,Creatina Premium - Creapure,216.75
2025-07-07,Cromo Picolinato - 250mg,24.52
2025-07-07,Cúrcuma Plus,532.78
2025-07-07,Ferro - Ydrosolv,199.8
2025-07-07,Ferro Quelado 34mg,26.43
2025-07-07,Ferro Quelato + Vitamina C,131.7
2025-07-07,Fibras - Fiberfor,82.01
2025-07-07,Fibras Prébioticas - Prebiotic,65.9
2025-07-07,Fresh Whey,1239.3
2025-07-07,Gel Nitrato,103.32
2025-07-07,Gel Nitrato com L-Citrulinilarginina,74.94
2025-07-07,Gluatamina em Sachê - Glutamax,93.18
2025-07-07,Glutamina,373.49
2025-07-07,Glutamina - Glutamax,123.22
2025-07-07,Glutamina - Glutamax Refil,239.8
2025-07-07,Glutamina em Pó,99.9
2025-07-07,Gold Whey Concentrado Refil,279.8
2025-07-07,Granola Coconut,33.97
2025-07-07,Granola Premium,33.09
2025-07-07,Grassfed Whey Protein,274.5
2025-07-07,Hipercalórico - Creamass,97.93
2025-07-07,Isofort Plant (Life Vegan),549.5
2025-07-07,L-Taurina - 1.000mg,56.1
2025-07-07,Maca Peruana,57.0
2025-07-07,Magnésio,44.9
2025-07-07,Magnésio + Inositol Relief 2.0,339.8
2025-07-07,Magnésio - Bio Trimag,139.8
2025-07-07,Magnésio Dimalato,90.44
2025-07-07,Magnésio Inositol,301.46
2025-07-07,Magnésio Plus - 350mg,69.9
2025-07-07,Magnésio Plus 900mg,79.9
2025-07-07,Magnésio Quelato - Bio Mag,53.46
2025-07-07,Melatonina,128.72
2025-07-07,Melatonina - Sleepfor,117.94
2025-07-07,Melatonina Duo,121.2
2025-07-07,Melatonina Em Gotas Premium - 210mcg,23.62
2025-07-07,Metilfolato,46.2
2025-07-07,Morning Shot - Imunidade,299.7
2025-07-07,Multivitaminico  - Imunomult- 1000mg,124.9
2025-07-07,Multivitaminico - Imunomult- 1000mg,148.52
2025-07-07,Multivitamínico Kids,60.67
2025-07-07,NAC + Glycine + Taurine,67.32
2025-07-07,NAC 650mg,54.49
2025-07-07,Nootrópico - Brain Up Am/Pm  60 caps TRUE SOURCE,134.25
2025-07-07,Omegafor Family - Ômega 3,69.9
2025-07-07,Omegafor Plus,1755.1
2025-07-07,Omegafor Vision,96.63
2025-07-07,Omegafor Vitamins,123.0
2025-07-07,Palatinose,477.78
2025-07-07,Pasta de Amendoim,235.47
2025-07-07,Probiótico - Simcaps,41.23
2025-07-07,Probiótico - Simfort Plus,329.7
2025-07-07,Probióticos em Pó - Simfort,254.8
2025-07-07,Proteína - Best Vegan,108.79
2025-07-07,Proteína - Isocrisp Plant - Pote,114.66
2025-07-07,Proteína Isolada e Hidrolisada - Body Coffee Protein,159.41
2025-07-07,Proteína Isolada e Hidrolisada - Body Protein,419.8
2025-07-07,Proteína Isolada e Hidrolisada - Body Protein Red,191.42
2025-07-07,Proteína Vegetal - Vegan Tasty,110.77
2025-07-07,Pré Treino,125.2
2025-07-07,Pré-Treino,209.8
2025-07-07,Pré-Treino  - Stim Free,124.35
2025-07-07,Pré-Treino - V Fort Ultra,114.9
2025-07-07,Pré-treino - Égide,115.15
2025-07-07,Pré-treino Panic Pre Workout,166.7
2025-07-07,Própolis Alcoólico,26.26
2025-07-07,Própolis Trio,64.95
2025-07-07,Própolis Verde - Alcoólico,52.52
2025-07-07,Própolis Verde 70,95.91
2025-07-07,Psyllium,103.65
2025-07-07,Pós-treino - Recharge 4:1,130.09
2025-07-07,Refil 100% Whey Protein - Flavour,204.42
2025-07-07,Refil Creatina,585.84
2025-07-07,Refil Whey 100% Pure,255.8
2025-07-07,Refil Whey Concentrado - W100,259.8
2025-07-07,Refil Whey Concentrado Havanna - W100,129.9
2025-07-07,Refil Whey Protein - 3W,199.9
2025-07-07,Refil Whey Protein Concentrado,695.7
2025-07-07,Resveratrol 500mg,68.01
2025-07-07,Shot Matinal,70.5
2025-07-07,Simfort Ultra,144.14
2025-07-07,Simfort fibras,129.8
2025-07-07,Sleep,179.9
2025-07-07,Super Ômega 3,1424.54
2025-07-07,SuperCoffee,1813.04
2025-07-07,SuperCoffee Língua de gato - Kopenhagen,824.5
2025-07-07,Suplemento - Hyaluronic Hair,74.9
2025-07-07,Suplemento Alimentar  - Hepatofor,78.3
2025-07-07,Suplemento Alimentar - Alpha Mater,869.4
2025-07-07,Suplemento Alimentar - GUARDIAN®,599.7
2025-07-07,Suplemento Alimentar - Immune +,141.58
2025-07-07,Suplemento Alimentar - L-teanina - Happy Theanine,104.72
2025-07-07,Suplemento Alimentar - True Nac,52.15
2025-07-07,Suplemento de Magnésio - Blue Calm,82.24
2025-07-07,Tasty Whey 3W Gourmet,719.6
2025-07-07,Termogênico - Lipix6,52.95
2025-07-07,True Cúrcuma com Ômega,344.07
2025-07-07,Vegan Protein,123.41
2025-07-07,Vitamina - Good Mood,59.47
2025-07-07,Vitamina B12,229.25
2025-07-07,Vitamina C - Antioxidante,19.97
2025-07-07,Vitamina D - Vita D3,433.2
2025-07-07,Vitamina D - Vita D3 + C + Zinco,59.9
2025-07-07,Vitamina D3,416.94
2025-07-07,Vitamina D3 + K2,392.53
2025-07-07,Vitamina D3 + K2 Gotas,139.8
2025-07-07,Vitamina D3 - 2000 Ui,30.94
2025-07-07,"Vitaminas A, E, D e K2- RESTAURE® - Gotas",317.8
2025-07-07,Whey,1039.7
2025-07-07,Whey - Isocrisp Pouch,169.8
2025-07-07,Whey Concentrado - W100,129.9
2025-07-07,Whey Fort 3W,783.46
2025-07-07,Whey Isolado e Hidrolisado - H.I Whey,221.09
2025-07-07,Whey Protein - 3W - The Whey,112.5
2025-07-07,Whey Protein - CLEANPRO,132.93
2025-07-07,Whey Protein - Isofort Beauty,149.9
2025-07-07,Whey Protein Concentrado,5420.4
2025-07-07,Whey Protein Concentrado Cappuccino 900g DUX,174.9
2025-07-07,Whey Protein Crisp - Isocrisp,38.37
2025-07-07,Whey Protein Isolado,2318.75
2025-07-07,Whey Protein Isolado - Isofort,599.8
2025-07-07,Whey Tech 100%,749.4
2025-07-07,Whey hidrolisado e isolado,529.15
2025-07-07,Whey hidrolisado e isolado Creme Broule 837g TRUE SOURCE,579.8
2025-07-07,Zinco,87.02
2025-07-07,Óleo de Krill  - Ômega 3 EPA DHA,97.77
2025-07-07,Óleo de Krill - Ômega 3 EPA DHA,56.07
2025-07-07,Ômega -  Mega DHA,260.9
2025-07-07,Ômega - Mega DHA,339.8
2025-07-07,Ômega 3  - 1360mg,179.9
2025-07-07,Ômega 3 - 1360mg,419.7
2025-07-07,Ômega 3 - EPA DHA - 1000mg,389.4
2025-07-07,Ômega 3 - Pro,45.22
2025-07-07,Ômega 3 - Ultra Caps 1000mg,449.7
2025-07-07,Ômega 3 DHA,359.7
2025-07-07,Ômega 3 EPA DHA,1314.57
2025-07-07,Ômega 3 Super DHA - BIG N,734.3
2025-07-07,Ômega 3 Super DHA BIG,189.9
2025-07-07,Ômega 3 Vegan DHA,98.11
2025-07-07,Ômega Core,151.88
2025-07-07,Ômega Ultra - 1000mg,84.92
2025-07-14,#Combo Sono e Relaxamento,134.67
2025-07-14,#Whey Fort 3W,165.75
2025-07-14,100% Whey Protein - Flavour,124.9
2025-07-14,Achocolatado - Choco Family - Refil,106.68
2025-07-14,Aminoácido - BCAA - Glyco HD,46.78
2025-07-14,Aminoácido - Tryptophan,49.02
2025-07-14,Aminoácido N-acetil L-cisteína (NAC),130.76
2025-07-14,Aminoácidos - Aminnu EAAs,199.9
2025-07-14,Aminoácidos - Aminolift,188.86
2025-07-14,BCAA com TCM,67.06
2025-07-14,BT 400,175.31
2025-07-14,BT Nitrato 400,266.65
2025-07-14,Barra Chocolate 70%,49.3
2025-07-14,Barrinha de Chocolate ao Leite,65.62
2025-07-14,Barrinha de Proteína,537.8
2025-07-14,Barrinha de Proteína Best Whey 49g (12g de Proteína),99.44
2025-07-14,Barrinha de Proteína Proto Bar - Havanna,109.24
2025-07-14,Barrinha de Proteína Tube,79.56
2025-07-14,Barrinhas de Proteína Crunch,139.9
2025-07-14,Beta Alanina,179.87
2025-07-14,Bio Ferro,125.63
2025-07-14,Bio Vitamina B12 em gotas,44.9
2025-07-14,Biotina Plus,39.65
2025-07-14,Biscoito Proteico,56.1
2025-07-14,Blend de Chá - Calmante,24.85
2025-07-14,Blend de Chá - Detox,24.85
2025-07-14,Body Protein Vegano,265.66
2025-07-14,BodyBalance - Muscle Synergy,239.9
2025-07-14,"Boraprim - Borragem, Prímula e Gergelim",169.8
2025-07-14,Cafeína,43.22
2025-07-14,Cafeína - Caffeinex 200,30.12
2025-07-14,Chocolate ao Leite - Marshmallow,29.49
2025-07-14,Chá - Hibiscus Plus,51.02
2025-07-14,Coenzima  Q10 - 100mg,83.33
2025-07-14,Coenzima Q10,79.9
2025-07-14,Coenzima Q10  (200mg p/ porção),209.9
2025-07-14,Coenzima Q10 (200mg p/ porção),365.26
2025-07-14,Coenzima Q10 - (100mg p/ porção),233.7
2025-07-14,Coenzima Q10 200mg,94.9
2025-07-14,Coffee - Brainstorm,200.54
2025-07-14,Colosfort,207.06
2025-07-14,Colágeno - Colagentek,84.9
2025-07-14,Colágeno - Colagentek Beauty,116.9
2025-07-14,Colágeno - Colagentek II,229.3
2025-07-14,Colágeno - Colagentek Protein - Bodybalance,164.9
2025-07-14,Colágeno - Collagen Essential Protein,1119.5
2025-07-14,Colágeno - Collagen Protein Hidrolisado,179.9
2025-07-14,Colágeno - Collagen Protein Hidrolisado Berries Silvestres 450g PURAVIDA,179.9
2025-07-14,Colágeno - Collagen Renew Hidrolisado,230.7
2025-07-14,Colágeno - Collagen Tipo II 40mg,74.9
2025-07-14,Colágeno Collagen Resilience,389.8
2025-07-14,Colágeno Collagen Skin,389.8
2025-07-14,Colágeno Hidrolisado - Collagen Pro 18g,149.9
2025-07-14,Colágeno Tipo II - Artro Aid,94.9
2025-07-14,Complexo B,83.09
2025-07-14,Complexo B - Bio Vit.B+,35.11
2025-07-14,Complexo B 500mg,31.36
2025-07-14,Creatina,429.26
2025-07-14,Creatina - Creafort (Creapure),179.9
2025-07-14,Creatina - Creapure,426.44
2025-07-14,Creatina - Gummies,99.0
2025-07-14,Creatina - Gummy,152.91
2025-07-14,Creatina 100%,109.8
2025-07-14,Creatina 1100mg,39.33
2025-07-14,Creatina Monohidratada,1331.85
2025-07-14,Creatina Monohidratada (Creapure),399.8
2025-07-14,Creatina Monohidratada - Creatine,846.27
2025-07-14,Creatina Monohidratada - Hardcore,84.9
2025-07-14,Creatina Monohidratada em Gummy,110.42
2025-07-14,Creatina Premium - Creapure,209.9
2025-07-14,Cromo Picolinato - 250mg,24.52
2025-07-14,Curcumina,152.86
2025-07-14,Cúrcuma 500mg,89.9
2025-07-14,Cúrcuma Plus,342.3
2025-07-14,Feno Grego + Boro 500mg,79.43
2025-07-14,Ferro Quelado 34mg,26.43
2025-07-14,Ferro Quelato + Vitamina C,87.8
2025-07-14,Fibras Prébioticas - Prebiotic,131.8
2025-07-14,Fresh Whey,1928.9
2025-07-14,Gel Nitrato,34.95
2025-07-14,Gel Nitrato com L-Citrulinilarginina,112.41
2025-07-14,Glutamina,183.7
2025-07-14,Glutamina - Glutamax,166.96
2025-07-14,Glutamina - Glutamax Refil,119.9
2025-07-14,Glutamina Micronizada - 100% Pure,48.04
2025-07-14,Glutamina em Pó,99.9
2025-07-14,Gold Whey Concentrado Refil,559.6
2025-07-14,Granola - Zero Açúcar,19.35
2025-07-14,Granola Australia - Low Carb,30.34
2025-07-14,Grassfed Whey Protein,137.25
2025-07-14,Immuno Whey,719.7
2025-07-14,Isofort Plant (Life Vegan),219.8
2025-07-14,Maca Peruana,191.7
2025-07-14,Magnésio,89.8
2025-07-14,Magnésio + Inositol Relief 1.0,339.8
2025-07-14,Magnésio + Inositol Relief 2.0,169.9
2025-07-14,Magnésio - Bio Trimag,209.7
2025-07-14,Magnésio - Inositol Relief 3.0,169.9
2025-07-14,Magnésio - Mag 5 Complex,120.2
2025-07-14,Magnésio Inositol,868.22
2025-07-14,Magnésio Plus - 350mg,69.9
2025-07-14,Matchá - Chá Verde em Pó,78.63
2025-07-14,Melatonina,39.42
2025-07-14,Melatonina - Sleepfor,205.92
2025-07-14,Melatonina Duo Harmony,103.78
2025-07-14,Melatonina Fast,80.88
2025-07-14,Morning Shot - Imunidade,299.7
2025-07-14,Multivitaminico  - Imunomult- 1000mg,124.9
2025-07-14,Nootrópico - Brain Up,137.3
2025-07-14,Omegafor Family - Ômega 3,309.7
2025-07-14,Omegafor Plus,2107.6
2025-07-14,Palatinose,276.08
2025-07-14,Pasta de Amendoim,51.86
2025-07-14,Pasta de Amendoim Granulado,20.22
2025-07-14,Pasta de Amendoim Integral,47.97
2025-07-14,Pasta de Castanha de Caju,33.92
2025-07-14,Pre-Workout - DiaboVerde,78.43
2025-07-14,Prebiótico - Fiber Liv,150.02
2025-07-14,Probiótico - Simcaps,100.13
2025-07-14,Probiótico - Simfort Plus,439.6
2025-07-14,Probióticos em Pó - Simfort,164.9
2025-07-14,Proteína - Isocrisp Plant - Pote,25.08
2025-07-14,Proteína Isolada e Hidrolisada - Body Protein,1679.2
2025-07-14,Proteína Isolada e Hidrolisada - Body Protein Red,419.8
2025-07-14,Proteína Vegetal - Vegan Tasty,110.77
2025-07-14,Pré-Treino,104.9
2025-07-14,Pré-Treino - Beta Action,209.9
2025-07-14,Pré-Treino Energy ATP®,199.9
2025-07-14,Pré-treino - Energyzer & focus,285.42
2025-07-14,Própolis - Green Própolis,60.49
2025-07-14,Própolis Alcoólico,52.52
2025-07-14,Própolis Líquido - Gotas,44.9
2025-07-14,Própolis Trio,324.75
2025-07-14,Própolis Verde,47.59
2025-07-14,Própolis Verde - Alcoólico,105.04
2025-07-14,Própolis Verde - Propomax,105.04
2025-07-14,Psyllium,138.65
2025-07-14,Pós-treino - Recharge 4:1,130.09
2025-07-14,Refil 100% Whey Protein - Flavour,102.21
2025-07-14,Refil Whey 100% Pure,255.8
2025-07-14,Refil Whey Concentrado - W100,484.7
2025-07-14,Refil Whey Concentrado Havanna - W100,579.7
2025-07-14,Refil Whey Protein - 3W,113.4
2025-07-14,Refil Whey Protein Concentrado - 100% Whey,239.26
2025-07-14,Resveratrol Plus - 165mg,374.7
2025-07-14,Simfort Femme,179.8
2025-07-14,Simfort fibras,64.9
2025-07-14,Sleep,119.9
2025-07-14,Spirulina 400mg,83.85
2025-07-14,Super Ômega 3,689.7
2025-07-14,SuperCoffee,1464.0
2025-07-14,SuperCoffee Língua de gato - Kopenhagen,989.4
2025-07-14,Suplemento - Hyaluronic Hair,74.9
2025-07-14,Suplemento Alimentar - Alpha Mater,144.9
2025-07-14,Suplemento Alimentar - Alpha Men,116.93
2025-07-14,Suplemento Alimentar - GUARDIAN®,599.7
2025-07-14,Suplemento Alimentar - L-teanina - Happy Theanine,104.72
2025-07-14,Suplemento Alimentar - Moreflex,238.0
2025-07-14,Suplemento Alimentar - True Nac,52.15
2025-07-14,Suplemento alimentar de Ômega 3 - DHA OX,168.3
2025-07-14,Suplemento de Magnésio - Blue Calm,507.52
2025-07-14,Suplemento para Imunidade - Immunity Guard,166.08
2025-07-14,Tablete de Doce,22.73
2025-07-14,Tasty Whey 3W Gourmet,850.85
2025-07-14,Termogênico - Lipix6,213.8
2025-07-14,Trio Magnésio 720mg,169.05
2025-07-14,True Cúrcuma,216.51
2025-07-14,Vegan Protein - Vegano,106.05
2025-07-14,Vitamina B12,446.22
2025-07-14,Vitamina C - Bio Vit C+,99.81
2025-07-14,Vitamina C3 - 1000mg,80.32
2025-07-14,Vitamina D - Vita D3,264.5
2025-07-14,Vitamina D - Vita D3 + C + Zinco,179.7
2025-07-14,Vitamina D3,490.33
2025-07-14,Vitamina D3 + K2,213.18
2025-07-14,Vitamina D3 + K2 Gotas,139.8
2025-07-14,Vitamina D3 - 2000 Ui,30.94
2025-07-14,Vitamina D3 - Ydrosolv,459.0
2025-07-14,Vitamina D3 Synergy,179.7
2025-07-14,Whey,239.9
2025-07-14,Whey - Isocrisp Pouch,169.8
2025-07-14,Whey Concentrado - W100,129.9
2025-07-14,Whey Concentrado - Zerolac,240.89
2025-07-14,Whey Fort 3W,379.8
2025-07-14,Whey Isolado - Iso Triple Zero,177.32
2025-07-14,Whey Isolado Nectar,487.33
2025-07-14,Whey Isolado e Hidrolisado - H.I Whey,239.9
2025-07-14,Whey Protein - CLEANPRO,132.93
2025-07-14,Whey Protein - Isofort Beauty,149.9
2025-07-14,Whey Protein 3W,174.9
2025-07-14,Whey Protein Concentrado,3146.7
2025-07-14,Whey Protein Crisp - Isocrisp,76.74
2025-07-14,Whey Protein Isolado,4178.61
2025-07-14,Whey Protein Isolado - All Natural,363.15
2025-07-14,Whey Protein Isolado - Tasty Iso,249.9
2025-07-14,Whey Tech 100%,624.5
2025-07-14,Óleo de Krill  - Ômega 3 EPA DHA,97.77
2025-07-14,Ômega - Mega DHA,169.9
2025-07-14,Ômega 3,169.9
2025-07-14,Ômega 3  - 1360mg,179.9
2025-07-14,Ômega 3 - 1360mg,279.8
2025-07-14,Ômega 3 - EPA DHA - 1000mg,743.9
2025-07-14,Ômega 3 - Omegafor Memory,104.9
2025-07-14,Ômega 3 DHA,119.9
2025-07-14,Ômega 3 EPA DHA,813.3
2025-07-14,Ômega 3 Pulse,129.9
2025-07-14,Ômega 3 Super DHA,213.65
2025-07-14,Ômega 3 Super DHA BIG,569.7
2025-07-14,Ômega Beauty,62.82
2025-07-14,Ômega Core,599.7
2025-07-21,#Refil Whey 100% Pure,95.0
2025-07-21,100% Whey Pure,279.8
2025-07-21,Aminoácido - Aminovita,144.9
2025-07-21,Aminoácido - BCAA - Glyco HD,23.39
2025-07-21,Astaxantina,83.13
2025-07-21,BT Nitrato 400,319.8
2025-07-21,Barra Chocolate 70%,24.65
2025-07-21,Barrinha de Proteína,437.43
2025-07-21,Barrinha de Proteína - Protein Crisp Bar,159.8
2025-07-21,Barrinha de Proteína Choco Wheyfer,24.46
2025-07-21,Barrinha de Proteína Proto Bar - Havanna,109.24
2025-07-21,Barrinha de Proteína Tube,140.7
2025-07-21,Beta Alanina,59.9
2025-07-21,Beta Alanina 100%,43.35
2025-07-21,Bio Cálcio  60 caps PURAVIDA,149.8
2025-07-21,Bio Ferro,257.4
2025-07-21,Bio Vitamina B12 em gotas,44.9
2025-07-21,Bio Zinco,25.62
2025-07-21,Biscoito Proteico,56.1
2025-07-21,Blend de Chá - Calmante,24.85
2025-07-21,Blend de Chá - Digestivo,24.85
2025-07-21,Booster Energético - Upgrade Energy - TCM,125.64
2025-07-21,"Boraprim - Borragem, Prímula e Gergelim",45.9
2025-07-21,CarbPro 4:1 - Endurance & Recovery,134.17
2025-07-21,Chlorella,77.97
2025-07-21,Chá Misto,19.8
2025-07-21,Chá Sublime - Brisa,18.0
2025-07-21,Coenzima  Q10 - 100mg,83.33
2025-07-21,Coenzima Q10,159.8
2025-07-21,Coenzima Q10  (200mg p/ porção),581.3
2025-07-21,Coenzima Q10 (200mg p/ porção),344.7
2025-07-21,Coenzima Q10 + Ômega 3 + Vitamina E,139.9
2025-07-21,Coenzima Q10 - (100mg p/ porção),77.9
2025-07-21,Coenzima Q10 100 Mg,101.11
2025-07-21,Coenzima Q10+ 200mg,210.52
2025-07-21,Colágeno -  Collagen Gut,194.9
2025-07-21,Colágeno - Colagentek,84.9
2025-07-21,Colágeno - Colagentek II,94.9
2025-07-21,Colágeno - Colagentek Protein - Bodybalance,499.7
2025-07-21,Colágeno - Collagen Bones,194.9
2025-07-21,Colágeno - Collagen Renew Hidrolisado,76.9
2025-07-21,Colágeno - Multi Collagen,252.9
2025-07-21,Colágeno Collagen Skin,194.9
2025-07-21,Colágeno Hidrolisado - Collagen Pro 18g,449.7
2025-07-21,Creatina - Creafort (Creapure),729.6
2025-07-21,Creatina - Creapure,289.92
2025-07-21,Creatina 100%,159.8
2025-07-21,Creatina Monohidratada,2000.72
2025-07-21,Creatina Monohidratada (Creapure),389.8
2025-07-21,Creatina Monohidratada - Creatine,379.6
2025-07-21,Creatina Monohidratada - Hardcore,84.9
2025-07-21,Creatina em Cápsulas,45.79
2025-07-21,Creme de Pistache,68.0
2025-07-21,Cromo Picolinato - 250mg,24.52
2025-07-21,Cúrcuma,71.53
2025-07-21,Cúrcuma - Curcumagic,336.06
2025-07-21,Cúrcuma 500mg,89.9
2025-07-21,Cúrcuma Plus,310.1
2025-07-21,Enzimas Enzyfor,139.9
2025-07-21,Ferro - Ydrosolv,99.9
2025-07-21,Ferro Quelado 34mg,79.29
2025-07-21,Ferro Quelato + Vitamina C,131.7
2025-07-21,Fibras Prébioticas - Prebiotic,65.9
2025-07-21,Fresh Vegan,139.9
2025-07-21,Fresh Whey,1099.4
2025-07-21,Gel Nitrato,159.44
2025-07-21,Gel Nitrato com L-Citrulinilarginina,74.94
2025-07-21,Gluatamina em Sachê - Glutamax,93.18
2025-07-21,Glutamina,68.9
2025-07-21,Glutamina - Glutamax,123.22
2025-07-21,Glutamina Isolates,54.12
2025-07-21,Gold Whey Concentrado Refil,279.8
2025-07-21,Granola,71.64
2025-07-21,Grassfed Whey Protein,229.9
2025-07-21,Guaraná,18.87
2025-07-21,Isofort Plant (Life Vegan),109.9
2025-07-21,L-Carnitina 530mg,62.3
2025-07-21,L-Taurina - 1.000mg,78.2
2025-07-21,Leite de Coco em Pó - Coco Cream,52.63
2025-07-21,Maca Peruana,67.35
2025-07-21,Magnésio - Bio Trimag,349.5
2025-07-21,Magnésio - Mag 5 Complex,60.1
2025-07-21,Magnésio Inositol,300.62
2025-07-21,Magnésio Plus - 350mg,69.9
2025-07-21,Magnésio Plus 900mg,79.9
2025-07-21,Magnésio Quelato - Bio Mag,53.46
2025-07-21,Melatonina - Ydrosolv,229.5
2025-07-21,Melatonina Duo Harmony,103.78
2025-07-21,Melatonina Fast,40.78
2025-07-21,Melatonina em Gotas,35.89
2025-07-21,Morning Shot - Imunidade,299.7
2025-07-21,Multivitaminico  - Imunomult- 1000mg,374.7
2025-07-21,Multivitaminico - Imunomult- 1000mg,225.34
2025-07-21,NAC 650mg,54.49
2025-07-21,NAC Acetilcisteína -  600mg,69.84
2025-07-21,NAC PRO,59.1
2025-07-21,Omegafor Family - Ômega 3,69.9
2025-07-21,Omegafor Plus,1662.9
2025-07-21,Palatinose,112.59
2025-07-21,Palatinose 100% - Carbolift,75.03
2025-07-21,Pasta de Amendoim,53.59
2025-07-21,Pasta de Castanha de Caju,29.25
2025-07-21,Probiótico - Simcaps,58.9
2025-07-21,Probiótico - Simfort Plus,439.6
2025-07-21,Probióticos em Pó - Simfort,455.02
2025-07-21,Profem - Óleo de Prímula,84.15
2025-07-21,Proteína Isolada e Hidrolisada - Body Protein,839.6
2025-07-21,Proteína Vegana - Vegan Tasty,129.28
2025-07-21,Proteína Vegetal - Vegan Protein,102.59
2025-07-21,Pré-Treino  - Stim Free,124.35
2025-07-21,Pré-treino - Energy Kick,121.87
2025-07-21,Pré-treino - Energyzer & focus,285.42
2025-07-21,Pré-treino - Pre Workout,121.36
2025-07-21,Pré-treino - Taken,90.72
2025-07-21,Próbiotico - Purabiotics,76.5
2025-07-21,Própolis - Green Própolis,120.98
2025-07-21,Própolis Alcoólico,26.26
2025-07-21,Própolis Líquido - Gotas,44.9
2025-07-21,Própolis Verde - Alcoólico,52.52
2025-07-21,Própolis Verde - Premium 10mg,259.6
2025-07-21,Própolis Verde 70,31.97
2025-07-21,Psyllium,74.9
2025-07-21,Refil Creatina,146.46
2025-07-21,Refil Whey 100% Pure,368.3
2025-07-21,Refil Whey Concentrado - W100,389.7
2025-07-21,Refil Whey Concentrado Havanna - W100,129.9
2025-07-21,Refil Whey Protein Concentrado,166.17
2025-07-21,Repositor Energético - D Ribose,75.65
2025-07-21,Resveratrol,71.1
2025-07-21,Resveratrol 500mg,74.25
2025-07-21,Simfort Ultra,150.0
2025-07-21,Simfort fibras,129.8
2025-07-21,Sleep,119.9
2025-07-21,Super Ômega 3,702.51
2025-07-21,SuperCoffee,1038.48
2025-07-21,SuperCoffee Língua de gato - Kopenhagen,659.6
2025-07-21,Suplemento - Hyaluronic Hair,149.8
2025-07-21,Suplemento Alimentar - Alpha Inflaminus,289.8
2025-07-21,Suplemento Alimentar - Alpha Women,125.56
2025-07-21,"Suplemento Alimentar - Cabelo, Pele e Unha - Gomas",355.7
2025-07-21,Suplemento Alimentar - GUARDIAN®,399.8
2025-07-21,Suplemento Alimentar - Immune +,141.58
2025-07-21,Tasty Whey 3W Gourmet,719.6
2025-07-21,Trio Magnésio 720mg,164.7
2025-07-21,True Cúrcuma,72.17
2025-07-21,True Cúrcuma com Ômega,114.69
2025-07-21,Ultracoffee - Vegano,109.9
2025-07-21,Vinagre de Maçã - Gummies,63.79
2025-07-21,Vitamina A - 8000 Ui,27.75
2025-07-21,Vitamina B12,241.63
2025-07-21,Vitamina B9 - Ácido Fólico,61.52
2025-07-21,Vitamina C Plus,41.94
2025-07-21,Vitamina D - Vita D3,211.6
2025-07-21,Vitamina D - Vita D3 + C + Zinco,239.6
2025-07-21,Vitamina D3,233.4
2025-07-21,Vitamina D3 + K2,88.5
2025-07-21,Vitamina D3 - 2000 Ui,30.94
2025-07-21,Vitamina D3 - Ydrosolv,76.5
2025-07-21,Vitamina D3 Synergy,119.8
2025-07-21,Whey,1599.4
2025-07-21,Whey - Zero Lactose,229.42
2025-07-21,Whey Isolado - Iso Triple Zero,629.7
2025-07-21,Whey Isolado - Isofort Ultra Imuno,299.9
2025-07-21,Whey Protein - CLEANPRO,132.93
2025-07-21,Whey Protein 3W,174.9
2025-07-21,Whey Protein Concentrado,3847.8
2025-07-21,Whey Protein Concentrado Cappuccino 900g DUX,174.15
2025-07-21,Whey Protein Crisp - Isocrisp,115.11
2025-07-21,Whey Protein ISO 100 Hydrolyzed,722.03
2025-07-21,Whey Protein Isolado,1239.6
2025-07-21,Whey Protein Isolado - Isofort,1499.5
2025-07-21,Whey Tech 100%,249.8
2025-07-21,Whey hidrolisado e isolado,579.8
2025-07-21,Óleo de Coco  - Spray,17.85
2025-07-21,Óleo de Prímula - 500mg,29.33
2025-07-21,Ômega -  Mega DHA,94.9
2025-07-21,Ômega 3  - 1360mg,179.9
2025-07-21,Ômega 3 - 1360mg,139.9
2025-07-21,Ômega 3 - EPA DHA - 1000mg,464.3
2025-07-21,Ômega 3 DHA,119.9
2025-07-21,Ômega 3 EPA DHA,1126.8
2025-07-21,Ômega 3 Super DHA,239.8
2025-07-21,Ômega 3 Super DHA - BIG N,209.8
2025-07-21,Ômega Core,199.9
2025-07-28,100% Whey Protein - Flavour,124.9
2025-07-28,100% Whey Pure,559.6
2025-07-28,Achocolatado - Choco Family - Refil,35.56
2025-07-28,Aminoácido - Aminovita,144.9
2025-07-28,Aminoácidos - Aminnu EAAs,199.9
2025-07-28,Aminoácidos - Aminolift,199.9
2025-07-28,BT 400,175.31
2025-07-28,Barrinha de Proteína,1528.0
2025-07-28,Barrinha de Proteína - Protein Crisp Bar,79.9
2025-07-28,Barrinha de Proteína Best Whey 49g (12g de Proteína),99.44
2025-07-28,Barrinha de Proteína Protein Crisp,159.8
2025-07-28,Beef Protein,514.67
2025-07-28,Best Whey,518.35
2025-07-28,Beta Alanina,179.7
2025-07-28,Beta Alanina 100%,43.35
2025-07-28,Beta Glucana,74.29
2025-07-28,Bio Cálcio  60 caps PURAVIDA,74.9
2025-07-28,Bio Ferro,128.7
2025-07-28,Bio Vitamina B12 em gotas,44.9
2025-07-28,Bio Zinco,25.62
2025-07-28,Biotina Plus,118.95
2025-07-28,Blend de Chá - Afrodisíaco,24.85
2025-07-28,Blend de Chá - Calmante,24.85
2025-07-28,Blend de Chá - Detox,24.85
2025-07-28,Blend de Chá - Digestivo,24.85
2025-07-28,Booster Energético - Upgrade Energy - TCM,125.64
2025-07-28,"Boraprim - Borragem, Prímula e Gergelim",169.8
2025-07-28,Brain Focus,138.56
2025-07-28,Coenzima  Q10 - 100mg,83.33
2025-07-28,Coenzima Q10,351.05
2025-07-28,Coenzima Q10  (200mg p/ porção),839.6
2025-07-28,Coenzima Q10 (200mg p/ porção),344.7
2025-07-28,Coenzima Q10 - 200mg,129.97
2025-07-28,Coenzima Q10 - Bio Q10,120.76
2025-07-28,Coffee - Brainstorm,200.54
2025-07-28,Colágeno -  Collagen Gut,199.9
2025-07-28,Colágeno - Colagentek,84.9
2025-07-28,Colágeno - Colagentek Beauty,119.9
2025-07-28,Colágeno - Colagentek II,514.0
2025-07-28,Colágeno - Colagentek Protein - Bodybalance,164.9
2025-07-28,Colágeno - Collagen Derm,149.92
2025-07-28,Colágeno - Collagen Essential Protein,878.02
2025-07-28,Colágeno - Collagen Gut,194.9
2025-07-28,Colágeno - Collagen Protein Hidrolisado,359.8
2025-07-28,Colágeno - Collagen Protein Hidrolisado Berries Silvestres 450g PURAVIDA,359.8
2025-07-28,Colágeno - Collagen Renew Hidrolisado,618.33
2025-07-28,Colágeno - Collagen Tipo II 40mg,74.9
2025-07-28,Colágeno Hidrolisado - Collagen Pro 18g,1049.3
2025-07-28,Colágeno Tipo 1 e 2 - Collagen 2 Joint,150.75
2025-07-28,Colágeno Tipo II - Artro Aid,94.9
2025-07-28,Coq10 + Vitamina E,122.77
2025-07-28,Creatina,94.9
2025-07-28,Creatina - Creafort (Creapure),1808.9
2025-07-28,Creatina - Creapure,164.9
2025-07-28,Creatina - Gummies,209.7
2025-07-28,Creatina 100%,509.4
2025-07-28,Creatina 100% Pure,109.9
2025-07-28,Creatina Monohidratada,1898.66
2025-07-28,Creatina Monohidratada (Creapure),779.6
2025-07-28,Creatina Monohidratada - Creatine,854.1
2025-07-28,Creatina Monohidratada - Hardcore,254.7
2025-07-28,Creatina Premium - Creapure,209.9
2025-07-28,Creatina em Cápsulas,45.79
2025-07-28,Cromo Picolinato - 250mg,49.04
2025-07-28,Cúrcuma Plus,641.9
2025-07-28,Energy Gel,93.15
2025-07-28,Farinha de Aveia,25.28
2025-07-28,Ferro - Ydrosolv,99.9
2025-07-28,Ferro Quelado 34mg,52.86
2025-07-28,Ferro Quelato + Vitamina C,43.9
2025-07-28,Fibras Prébioticas - Prebiotic,395.4
2025-07-28,Fresh Vegan,139.9
2025-07-28,Fresh Whey,1099.4
2025-07-28,Glutamina,246.79
2025-07-28,Glutamina - Glutamax,383.14
2025-07-28,Glutamina - Glutamax Refil,239.8
2025-07-28,Glutamina em Pó,369.6
2025-07-28,Gold Whey Concentrado Refil,419.7
2025-07-28,Granola - Zero Açúcar,58.05
2025-07-28,Grassfed Whey Protein,137.25
2025-07-28,Grassfed Whey Protein - Concentrado,367.16
2025-07-28,Hipercalórico - Monsterone,185.18
2025-07-28,Immuno Whey,719.7
2025-07-28,Isofort Plant (Life Vegan),109.9
2025-07-28,L-Carnitina 530mg,147.98
2025-07-28,MCT com AGE,197.2
2025-07-28,Maca Peruana,67.35
2025-07-28,Magnésio,134.7
2025-07-28,Magnésio - Bio Trimag,279.6
2025-07-28,Magnésio - Inositol Relief 3.0,849.5
2025-07-28,Magnésio Inositol,150.31
2025-07-28,Magnésio Plus - 350mg,349.5
2025-07-28,Magnésio Plus 900mg,79.9
2025-07-28,Magnésio Quelato - Bio Mag,106.92
2025-07-28,Melatonina,104.02
2025-07-28,Melatonina Duo,69.9
2025-07-28,Melatonina Fast,60.66
2025-07-28,Mistura para Panqueca Proteica,39.95
2025-07-28,Morning Shot - Imunidade,499.5
2025-07-28,Multivitaminico  - Imunomult- 1000mg,124.9
2025-07-28,Multivitamínico - Alpha Kids,95.74
2025-07-28,N-Acetil Cisteína (NAC),103.74
2025-07-28,NAC PRO,59.1
2025-07-28,Nootrópico - Brain Up Am/Pm  60 caps TRUE SOURCE,137.3
2025-07-28,Omegafor Plus,2374.7
2025-07-28,Omegafor Vision,96.63
2025-07-28,Palatinose,129.8
2025-07-28,Pasta de Amendoim,213.82
2025-07-28,Pasta de Amendoim Integral,15.99
2025-07-28,Pasta de Castanha de Caju,29.25
2025-07-28,Prebiótico,61.66
2025-07-28,Prebiótico - Fiber Liv,75.01
2025-07-28,Probiótico - Simfort Plus,879.2
2025-07-28,Probióticos em Pó - Simfort,200.22
2025-07-28,Proteina Vegetal,246.5
2025-07-28,Proteina Vegetal - True Vegan,195.69
2025-07-28,Proteína - Isocrisp Plant - Pote,57.33
2025-07-28,Proteína Isolada e Hidrolisada - Body Protein,1240.92
2025-07-28,Proteína Isolada e Hidrolisada - Body Protein Red,1049.5
2025-07-28,Proteína Vegana - Vegan Tasty,110.77
2025-07-28,Proteína Vegetal - Vegan Protein,102.59
2025-07-28,Proteína Vegetal - Vegan Tasty,110.77
2025-07-28,Pré-Treino - Punk Pump,80.0
2025-07-28,Pré-Treino - V Fort Ultra,114.9
2025-07-28,Pré-treino - Energyzer & focus,95.14
2025-07-28,Próbiotico - Purabiotics,306.0
2025-07-28,Própolis Trio,64.95
2025-07-28,Própolis Verde - Alcoólico,26.26
2025-07-28,Própolis Verde - Premium 10mg,259.6
2025-07-28,Própolis Verde - Propomax,52.52
2025-07-28,Psyllium,489.3
2025-07-28,Pós-treino - Recharge 4:1,130.09
2025-07-28,Refil 100% Whey Protein - Flavour,102.21
2025-07-28,Refil Whey 100% Pure,222.9
2025-07-28,Refil Whey Concentrado - W100,129.9
2025-07-28,Refil Whey Concentrado Havanna - W100,129.9
2025-07-28,Refil Whey Protein - 3W,199.9
2025-07-28,Refil Whey Protein Concentrado,142.0
2025-07-28,Resveratrol Plus - 165mg,124.9
2025-07-28,Shot Matinal,149.8
2025-07-28,Simfort Femme,89.9
2025-07-28,Simfort fibras,129.8
2025-07-28,Sleep,299.8
2025-07-28,Super Ômega 3,809.6
2025-07-28,SuperCoffee,2019.44
2025-07-28,SuperCoffee Língua de gato - Kopenhagen,1164.3
2025-07-28,Suplemento - Alimentar - Cálcio Citrato Malato,49.22
2025-07-28,Suplemento Alimentar  - Hepatofor,84.9
2025-07-28,Suplemento Alimentar - Alpha Mater,144.9
2025-07-28,Suplemento Alimentar - Alpha Women,125.56
2025-07-28,Suplemento Alimentar - Geleia Real - Apireal,36.3
2025-07-28,Suplemento Alimentar - Green Shot,70.5
2025-07-28,Suplemento Alimentar - L-teanina - Happy Theanine,104.72
2025-07-28,Suplemento Alimentar - Pura Fiber,149.8
2025-07-28,Suplemento Para o Cabelo - Hair Gro,92.0
2025-07-28,Suplemento de Magnésio - Blue Calm,99.9
2025-07-28,Suplemento para Imunidade - Immune Up 100%,111.49
2025-07-28,Tablete de Doce,22.1
2025-07-28,Tasty Whey 3W Gourmet,899.5
2025-07-28,Termogênico - Lipix6,162.85
2025-07-28,Termogênico - Termo Plus,239.8
2025-07-28,Trio Magnésio 720mg,109.8
2025-07-28,True Cúrcuma,72.17
2025-07-28,Vegan Protein,246.82
2025-07-28,Vegan Protein - Vegano,106.05
2025-07-28,Vinagre de Maçã Orgânico,31.87
2025-07-28,Vitamina - Good Mood,118.94
2025-07-28,Vitamina B12,224.5
2025-07-28,Vitamina B9 - Metilfolato,47.7
2025-07-28,Vitamina D - Vita D3,162.7
2025-07-28,Vitamina D - Vita D3 + C + Zinco,280.61
2025-07-28,Vitamina D3,194.5
2025-07-28,Vitamina D3 + K2,122.0
2025-07-28,Vitamina D3 + K2 Gotas,209.7
2025-07-28,Vitamina D3 - 2000 Ui,30.94
2025-07-28,Vitamina D3 - Ydrosolv,76.5
2025-07-28,Vitamina D3 Synergy,239.6
2025-07-28,"Vitaminas A, E, D e K2- RESTAURE® - Gotas",158.9
2025-07-28,Whey,479.8
2025-07-28,Whey - Immuno Golden,239.9
2025-07-28,Whey - Isocrisp Pouch,84.9
2025-07-28,Whey Concentrado - 100% Whey,138.11
2025-07-28,Whey Concentrado - W100,129.9
2025-07-28,Whey Fort 3W,971.43
2025-07-28,Whey Isolado - Iso Triple Zero,419.8
2025-07-28,Whey Protein - CLEANPRO,531.72
2025-07-28,Whey Protein - Isofort Beauty,299.8
2025-07-28,Whey Protein 3W,349.8
2025-07-28,Whey Protein Concentrado,4197.6
2025-07-28,Whey Protein Concentrado Cappuccino 900g DUX,174.9
2025-07-28,Whey Protein Crisp - Isocrisp,115.11
2025-07-28,Whey Protein Isolado,3558.81
2025-07-28,Whey Protein Isolado - Isofort,299.9
2025-07-28,Whey Protein Isolado - Tasty Iso,249.9
2025-07-28,Whey Protein Vegetal,404.7
2025-07-28,Whey Tech 100%,749.4
2025-07-28,Whey hidrolisado e isolado,289.9
2025-07-28,Óleo de Krill  - Ômega 3 EPA DHA,97.77
2025-07-28,Ômega -  Mega DHA,94.9
2025-07-28,Ômega - Mega DHA,509.7
2025-07-28,Ômega 3,75.0
2025-07-28,Ômega 3  - 1360mg,359.8
2025-07-28,Ômega 3 - 1360mg,699.5
2025-07-28,Ômega 3 - EPA DHA - 1000mg,464.3
2025-07-28,Ômega 3 - Ultra Caps 1000mg,449.7
2025-07-28,Ômega 3 EPA DHA,1122.3
2025-07-28,Ômega 3 Fosfatix,111.75
2025-07-28,Ômega 3 IFOS - 660 EPA/ 440 DHA,165.84
2025-07-28,Ômega 3 Pulse,129.9
2025-07-28,Ômega 3 Super DHA,239.8
2025-07-28,Ômega 3 Super DHA - BIG N,734.3
2025-07-28,Ômega 3 Super DHA BIG,189.9
2025-07-28,Ômega Core,199.9
2025-08-04,100% Whey Protein - Flavour,499.6
2025-08-04,100% Whey Pure,139.9
2025-08-04,Achocolatado - Chocoki,79.9
2025-08-04,Adoçante Stévia,71.7
2025-08-04,Aminoácido - Aminovita,144.9
2025-08-04,Aminoácido - BCAA Fort,80.92
2025-08-04,Aminoácido - Tryptophan,49.02
2025-08-04,Aminoácido N-acetil L-cisteína (NAC),79.9
2025-08-04,Aminoácidos - Aminnu EAAs - Sem Xilitol,199.9
2025-08-04,Antioxidante - Luteína e Zeaxantina,68.9
2025-08-04,Arginofor -  L-Arginina,94.01
2025-08-04,BIOCOLIN® - COLLAGEN,199.9
2025-08-04,BT Nitrato 400,279.8
2025-08-04,Barrinha de Chocolate 41%,34.2
2025-08-04,Barrinha de Chocolate 70%,34.9
2025-08-04,Barrinha de Proteina - Protein Crisp Bar,79.9
2025-08-04,Barrinha de Proteína,204.4
2025-08-04,Barrinha de Proteína Choco Wheyfer,139.6
2025-08-04,Barrinha de Proteína Collagen Bar,193.8
2025-08-04,Barrinha de Proteína Dark Bar,129.9
2025-08-04,Barrinha de Proteína Protein Crisp,151.9
2025-08-04,Barrinha de Proteína Thin,399.6
2025-08-04,Barrinhas de Proteína Crunch,139.9
2025-08-04,Best Whey,149.25
2025-08-04,Beta Alanina,248.6
2025-08-04,Beta Alanina 100%,131.6
2025-08-04,Bio Ferro,128.7
2025-08-04,Bio Vitamina B12 em gotas,89.8
2025-08-04,Biotina Plus,46.9
2025-08-04,Biscoito Proteico,294.2
2025-08-04,Blend de Chá - Digestivo,24.85
2025-08-04,Bom Ciclo,73.02
2025-08-04,"Boraprim - Borragem, Prímula e Gergelim",123.15
2025-08-04,Chá Vitatea,65.9
2025-08-04,Coenzima  Q10 - 100mg,266.7
2025-08-04,Coenzima Q10,159.8
2025-08-04,Coenzima Q10  (200mg p/ porção),161.5
2025-08-04,Coenzima Q10 (200mg p/ porção),459.6
2025-08-04,Coenzima Q10 + Ômega 3 + Vitamina E,139.9
2025-08-04,Coenzima Q10 - (100mg p/ porção),77.9
2025-08-04,Coenzima Q10 - 200mg,139.9
2025-08-04,Coenzima Q10 200mg,94.9
2025-08-04,Coenzima Q10+ 200mg,779.76
2025-08-04,Colágeno -  Collagen Gut,194.9
2025-08-04,Colágeno - Colagentek,84.9
2025-08-04,Colágeno - Colagentek II,229.3
2025-08-04,Colágeno - Colagentek Protein - Bodybalance,834.5
2025-08-04,Colágeno - Collagen Essential Protein,459.8
2025-08-04,Colágeno - Collagen Pro - Body Suport,379.8
2025-08-04,Colágeno - Collagen Protein Hidrolisado,179.9
2025-08-04,Colágeno - Collagen Protein Hidrolisado Berries Silvestres 450g PURAVIDA,359.8
2025-08-04,Colágeno - Collagen Renew Hidrolisado,615.2
2025-08-04,Colágeno - Collagen Tipo II 40mg,74.9
2025-08-04,Colágeno - Gummies,94.6
2025-08-04,Colágeno Hidrolisado - Collagen Pro 18g,599.6
2025-08-04,Colágeno Hidrolisado - Verisol,115.4
2025-08-04,Colágeno Tipo II,59.9
2025-08-04,Complexo B,104.9
2025-08-04,Complexo B Max,78.22
2025-08-04,Cranberry - She She Comfort,133.14
2025-08-04,Creatina,215.23
2025-08-04,Creatina - Creafort (Creapure),814.5
2025-08-04,Creatina - Creapure,426.44
2025-08-04,Creatina - Gummies,99.0
2025-08-04,Creatina 100%,354.6
2025-08-04,Creatina Micronizada,199.9
2025-08-04,Creatina Monohidratada,2218.94
2025-08-04,Creatina Monohidratada (Creapure),628.8
2025-08-04,Creatina Monohidratada - Creatine,759.2
2025-08-04,Creatina Monohidratada - Hardcore,169.8
2025-08-04,Creatina Monohidratada em Gummy,119.9
2025-08-04,Creatina Premium - Creapure,419.8
2025-08-04,Creatina em Cápsulas,45.79
2025-08-04,Cromo Picolinato - 250mg,24.52
2025-08-04,Cálcio de Algas 1000mg,103.65
2025-08-04,Cúrcuma - Curcumagic,112.56
2025-08-04,Cúrcuma 500mg,89.9
2025-08-04,Cúrcuma Plus,279.6
2025-08-04,Dado de creatina,254.7
2025-08-04,Enzimas Enzyfor,139.9
2025-08-04,Feno Grego,139.8
2025-08-04,Feno Grego + Boro 500mg,96.9
2025-08-04,Ferro Quelato + Vitamina C,87.8
2025-08-04,Fibra - Fosvita,54.4
2025-08-04,Fibras Prébioticas - Prebiotic,263.6
2025-08-04,Fresh Vegan,587.23
2025-08-04,Fresh Whey,2483.6
2025-08-04,Gel Neutro Fresh com Cafeína,119.7
2025-08-04,Glutamina,165.81
2025-08-04,Glutamina - Glutamax,204.7
2025-08-04,Glutamina - Glutamax Refil,119.9
2025-08-04,Glutamina Isolada,45.77
2025-08-04,Glutamina Isolates,64.9
2025-08-04,Granola,85.15
2025-08-04,Granola - Sem Glúten,28.9
2025-08-04,Granola Coconut,39.9
2025-08-04,Grassfed Whey Protein - Concentrado,229.9
2025-08-04,Hipercalórico - Creamass,97.93
2025-08-04,Isofort Plant (Life Vegan),329.7
2025-08-04,Laranja Moro,64.9
2025-08-04,MCT - Oil Powder,298.0
2025-08-04,Magnésio,134.7
2025-08-04,Magnésio - Bio Trimag,559.2
2025-08-04,Magnésio - Inositol Relief 3.0,679.6
2025-08-04,Magnésio Dimalato,46.9
2025-08-04,Magnésio Inositol,521.91
2025-08-04,Magnésio Plus - 350mg,69.9
2025-08-04,Magnésio Plus 900mg,319.6
2025-08-04,Melatonina,138.57
2025-08-04,Melatonina Duo,69.9
2025-08-04,Melatonina Fast,20.22
2025-08-04,Melatonina em Gotas,39.9
2025-08-04,Metilfolato,46.2
2025-08-04,Mistura para Panqueca Proteica,39.9
2025-08-04,Morning Shot - Imunidade,499.5
2025-08-04,Multivitamínico - Vitalift,189.9
2025-08-04,NAC 650mg,119.15
2025-08-04,NAC Acetilcisteína -  600mg,86.9
2025-08-04,Nootrópico - Brain Up,274.6
2025-08-04,Omegafor Plus,2876.1
2025-08-04,Palatinose,358.4
2025-08-04,Pasta de Amendoim,280.38
2025-08-04,Power Coffee,74.56
2025-08-04,Probiótico - Simcaps,100.13
2025-08-04,Probiótico - Simfort Plus,549.5
2025-08-04,Probióticos em Pó - Simfort,254.8
2025-08-04,Profem - Óleo de Prímula,62.0
2025-08-04,Proteína - Isocrisp Plant - Pote,57.33
2025-08-04,Proteína - Isocrisp Plant Pouch,62.9
2025-08-04,Proteína Isolada e Hidrolisada - Body Protein,1679.2
2025-08-04,Proteína Isolada e Hidrolisada - Body Protein Red,629.7
2025-08-04,Pré Treino,125.2
2025-08-04,Pré-Treino - Beta Action,209.9
2025-08-04,Pré-treino - Energy Kick Caffeine,371.67
2025-08-04,Pré-treino - Pre Workout,134.9
2025-08-04,Pré-treino Exquenta,149.9
2025-08-04,Própolis Líquido - Gotas,89.8
2025-08-04,Própolis Verde - Alcoólico,26.26
2025-08-04,Própolis Verde - Premium 10mg,389.4
2025-08-04,Própolis Verde 70,38.9
2025-08-04,Psyllium,224.7
2025-08-04,Refil 100% Whey Protein - Flavour,119.9
2025-08-04,Refil Whey Concentrado - W100,856.12
2025-08-04,Refil Whey Concentrado Havanna - W100,519.6
2025-08-04,Refil Whey Protein 100%,299.7
2025-08-04,Refil Whey Protein Concentrado,169.9
2025-08-04,Resveratrol 500mg,129.8
2025-08-04,Resveratrol Plus - 165mg,124.9
2025-08-04,Shot Matinal,74.9
2025-08-04,Simfort Femme,89.9
2025-08-04,Sleep,359.8
2025-08-04,Super Café - Desincoffee,109.9
2025-08-04,Super Ômega 3,1362.28
2025-08-04,SuperCoffee,1328.02
2025-08-04,SuperCoffee Língua de gato - Kopenhagen,824.5
2025-08-04,Suplemento - Alimentar - Cálcio Citrato Malato,49.9
2025-08-04,Suplemento - Super Sono,187.72
2025-08-04,Suplemento Alimentar - Alpha Inflaminus,434.7
2025-08-04,Suplemento Alimentar - Alpha Mater,144.9
2025-08-04,Suplemento Alimentar - Alpha Men,159.9
2025-08-04,Suplemento Alimentar - GUARDIAN®,799.6
2025-08-04,Suplemento Alimentar - Green Shot,66.73
2025-08-04,Suplemento Alimentar - L-teanina - Happy Theanine,104.72
2025-08-04,Suplemento Alimentar - Pura Fiber,74.9
2025-08-04,Suplemento Vitamínico - ZMA,50.63
2025-08-04,Suplemento de Magnésio - Blue Calm,512.5
2025-08-04,Tablete de Doce,53.8
2025-08-04,Tasty Whey 3W Gourmet,899.5
2025-08-04,Termogênico - Lipix6,488.4
2025-08-04,Termogênico - Termo Plus,119.9
2025-08-04,Thermo Caps - DiaboVerde,52.9
2025-08-04,Trio Magnésio 720mg,219.6
2025-08-04,Triptofano Noite,79.9
2025-08-04,Ultracoffee - Vegano,109.9
2025-08-04,Vegan Protein,123.41
2025-08-04,Vitamina B12,296.57
2025-08-04,Vitamina D - Kids,95.4
2025-08-04,Vitamina D - Vita D3,378.3
2025-08-04,Vitamina D - Vita D3 + C + Zinco,359.4
2025-08-04,Vitamina D3,155.6
2025-08-04,Vitamina D3 + K2,61.0
2025-08-04,Vitamina D3 + K2 Gotas,69.9
2025-08-04,Vitamina D3 Synergy,184.82
2025-08-04,"Vitaminas A, E, D e K2- RESTAURE® - Gotas",317.8
2025-08-04,Whey,1119.6
2025-08-04,Whey - Sense,104.46
2025-08-04,Whey - Zero Lactose,239.9
2025-08-04,Whey 3W,154.9
2025-08-04,Whey Fort 3W,199.9
2025-08-04,Whey Isolado - Iso Triple Zero,419.8
2025-08-04,Whey Protein - CLEANPRO,279.8
2025-08-04,Whey Protein - Isofort Beauty,299.8
2025-08-04,Whey Protein Concentrado,7520.7
2025-08-04,Whey Protein Crisp - Isocrisp,123.64
2025-08-04,Whey Protein Hidrolisado,369.9
2025-08-04,Whey Protein ISO 100 Hydrolyzed,722.03
2025-08-04,Whey Protein Isolado,3698.7
2025-08-04,Whey Protein Isolado - Tasty Iso,759.7
2025-08-04,Whey Tech 100%,1124.1
2025-08-04,Whey hidrolisado e isolado,1108.95
2025-08-04,Zinco,34.9
2025-08-04,Óleo de Prímula - 500mg,98.7
2025-08-04,Ômega - Mega DHA,169.9
2025-08-04,Ômega 3,340.45
2025-08-04,Ômega 3  - 1360mg,179.9
2025-08-04,Ômega 3 - 1360mg,139.9
2025-08-04,Ômega 3 - EPA DHA - 1000mg,564.2
2025-08-04,Ômega 3 - Omegafor Memory,314.7
2025-08-04,Ômega 3 - Ultra Caps 1000mg,299.8
2025-08-04,Ômega 3 DHA,239.8
2025-08-04,Ômega 3 EPA DHA,2305.4
2025-08-04,Ômega 3 Fosfatix,450.84
2025-08-04,Ômega 3 Pulse,259.8
2025-08-04,Ômega 3 Super DHA - BIG N,1049.0
2025-08-11,100% Whey Protein - Flavour,624.5
2025-08-11,100% Whey Pure,419.7
2025-08-11,100% Whey True Protein,199.9
2025-08-11,Adoçante Stévia,99.4
2025-08-11,Aminoácido - Tryptophan,49.9
2025-08-11,Aminoácidos - Aminnu EAAs,199.9
2025-08-11,Aminoácidos - Aminolift,399.8
2025-08-11,Arginofor -  L-Arginina,283.43
2025-08-11,BT Nitrato,179.9
2025-08-11,BT Nitrato 400,319.8
2025-08-11,Barrinha de Chocolate ao Leite,69.8
2025-08-11,Barrinha de Proteína,697.3
2025-08-11,Barrinha de Proteína Cleanpro Bar,96.9
2025-08-11,Barrinha de Proteína Dark Bar,129.9
2025-08-11,Barrinha de Proteína Protein Crisp,79.9
2025-08-11,Barrinha de Proteína Thin,199.8
2025-08-11,Beef Protein,229.9
2025-08-11,Beta Alanina,179.7
2025-08-11,Beta Alanina 100%,134.7
2025-08-11,Beta Alanina Pure,49.9
2025-08-11,Bio Ferro,85.8
2025-08-11,Bio Vitamina B12 em gotas,44.9
2025-08-11,Bio Zinco,36.9
2025-08-11,Biotina Plus,93.8
2025-08-11,Biscoito Proteico,244.3
2025-08-11,Body Protein Vegano,156.9
2025-08-11,Bom Ciclo,146.04
2025-08-11,"Boraprim - Borragem, Prímula e Gergelim",261.6
2025-08-11,Cafeína,52.9
2025-08-11,Coenzima  Q10 - 100mg,177.8
2025-08-11,Coenzima Q10,179.8
2025-08-11,Coenzima Q10  (200mg p/ porção),419.8
2025-08-11,Coenzima Q10 (200mg p/ porção),114.9
2025-08-11,Coenzima Q10 + Ômega 3 + Vitamina E,139.9
2025-08-11,Coenzima Q10 - (100mg p/ porção),77.9
2025-08-11,Coenzima Q10 100 Mg,119.9
2025-08-11,Coenzima Q10+ 200mg,269.8
2025-08-11,Coffee - Brainstorm,119.9
2025-08-11,Colágeno -  Collagen Gut,194.9
2025-08-11,Colágeno - Colagentek,84.9
2025-08-11,Colágeno - Colagentek Beauty,116.9
2025-08-11,Colágeno - Colagentek Protein - Bodybalance,164.9
2025-08-11,Colágeno - Collagen Essential Protein,1089.5
2025-08-11,Colágeno - Collagen Gut,194.9
2025-08-11,Colágeno - Collagen Pro - Body Suport,189.9
2025-08-11,Colágeno - Collagen Protein Hidrolisado,539.7
2025-08-11,Colágeno - Collagen Renew Hidrolisado,230.7
2025-08-11,Colágeno - Collagen Tipo II 40mg,74.9
2025-08-11,Colágeno - Multi Collagen,399.8
2025-08-11,Colágeno Collagen Flex Beauty,161.47
2025-08-11,Colágeno Collagen Skin,194.9
2025-08-11,Colágeno Hidrolisado - Collagen Pro 18g,149.9
2025-08-11,Colágeno Tipo II,59.9
2025-08-11,Colágeno Tipo II - Artro Aid,94.9
2025-08-11,Combo com 4 unidades de Eletrólitos - Hydra Energy,39.84
2025-08-11,Complexo B - Bio Vit.B+,42.9
2025-08-11,Coq10 + Vitamina E,263.9
2025-08-11,Creatina,294.8
2025-08-11,Creatina - Creafort (Creapure),634.6
2025-08-11,Creatina - Creapure,479.6
2025-08-11,Creatina - Gummy,299.8
2025-08-11,Creatina 100%,454.5
2025-08-11,Creatina Monohidratada,2111.5
2025-08-11,Creatina Monohidratada (Creapure),579.7
2025-08-11,Creatina Monohidratada -  Crealift (Creapure),299.9
2025-08-11,Creatina Monohidratada - Creatine,854.1
2025-08-11,Creatina Monohidratada - Hardcore,169.8
2025-08-11,Curcumina,152.86
2025-08-11,Cálcio de Algas 1000mg,56.9
2025-08-11,Cúrcuma - Curcumagic,111.75
2025-08-11,Cúrcuma Plus,504.3
2025-08-11,Dado de creatina,127.35
2025-08-11,Energy Gel - Endurance,53.7
2025-08-11,Enzimas Enzyfor,139.9
2025-08-11,Ferro Quelato + Vitamina C,43.9
2025-08-11,Fibras Prébioticas - Prebiotic,395.4
2025-08-11,Fresh Vegan,139.9
2025-08-11,Fresh Whey,1938.8
2025-08-11,Gel Nitrato,39.9
2025-08-11,Glutamina,206.7
2025-08-11,Glutamina - Glutamax,294.5
2025-08-11,Glutamina em Pó,389.6
2025-08-11,Gold Whey Concentrado Refil,279.8
2025-08-11,Granola Australia - Low Carb,39.9
2025-08-11,Grassfed Whey Protein,229.9
2025-08-11,Hipercalórico - Hiper Mass Gainer,121.69
2025-08-11,Hipercalórico - Monsterone,92.59
2025-08-11,Immuno Whey,434.85
2025-08-11,Isofort Plant (Life Vegan),439.6
2025-08-11,L-Taurina - 1.000mg,109.8
2025-08-11,Leite de Coco em Pó - Coco Cream,59.9
2025-08-11,Magnésio - 3MAG - Pool de Magnésio,69.9
2025-08-11,Magnésio - Bio Trimag,419.4
2025-08-11,Magnésio - Inositol Relief 3.0,849.5
2025-08-11,Magnésio Inositol,124.9
2025-08-11,Magnésio Plus - 350mg,139.8
2025-08-11,Magnésio Plus 900mg,79.9
2025-08-11,Massa Alimentícia de Fibra,24.3
2025-08-11,Melatonina,54.9
2025-08-11,Melatonina - Sleepfor,139.8
2025-08-11,Melatonina - Ydrosolv,79.9
2025-08-11,Melatonina Duo,139.8
2025-08-11,Melatonina Duo Harmony,124.9
2025-08-11,Melatonina Fast,39.9
2025-08-11,Melatonina em Gotas,39.9
2025-08-11,Metilfolato,46.2
2025-08-11,Morning Shot - Imunidade,299.7
2025-08-11,Multivitaminico  - Imunomult- 1000mg,124.9
2025-08-11,Multivitaminico - Imunomult- 1000mg,89.9
2025-08-11,Multivitaminino - Multi All,71.17
2025-08-11,N-Acetil Cisteína (NAC),74.9
2025-08-11,NAC + Glycine + Taurine,179.8
2025-08-11,NAC 650mg,59.9
2025-08-11,NAC Acetilcisteína -  600mg,86.9
2025-08-11,Nootrópico - Brain Up,121.15
2025-08-11,Omegafor Family - Ômega 3,69.9
2025-08-11,Omegafor Plus,2380.6
2025-08-11,Omegafor Vision,239.8
2025-08-11,Omegafor Vitamins,129.9
2025-08-11,Palatinose,177.74
2025-08-11,Pasta de Amendoim,218.1
2025-08-11,Pasta de Amendoim Granulado,26.9
2025-08-11,Prebiótico - Fiber Liv,75.01
2025-08-11,Probiótico - Simcaps,48.0
2025-08-11,Probiótico - Simfort Plus,659.4
2025-08-11,Probióticos em Pó - Simfort,89.9
2025-08-11,Proteína - Best Vegan,99.9
2025-08-11,Proteína - Isocrisp Plant - Pote,57.33
2025-08-11,Proteína - Isocrisp Plant Pouch,188.7
2025-08-11,Proteína Isolada e Hidrolisada - Body Protein,419.8
2025-08-11,Proteína Vegana - Immuno Veggie,209.9
2025-08-11,Proteína Vegana - Vegan Tasty,624.5
2025-08-11,Pré-Treino  - Stim Free,124.35
2025-08-11,Pré-Treino - V Fort,114.9
2025-08-11,Pré-Treino - V Fort Ultra,229.8
2025-08-11,Pré-treino,199.9
2025-08-11,Pré-treino - Energy Kick Caffeine,124.9
2025-08-11,Pré-treino - Energyzer & focus,119.9
2025-08-11,Pré-treino Panic Pre Workout,99.9
2025-08-11,Próbiotico - Purabiotics,89.9
2025-08-11,Própolis - Green Própolis,251.6
2025-08-11,Própolis Líquido - Gotas,44.9
2025-08-11,Própolis Verde - Alcoólico,28.9
2025-08-11,Própolis Verde - Premium 10mg,64.9
2025-08-11,Própolis Verde 70,38.9
2025-08-11,Psyllium,74.9
2025-08-11,Pós-treino - Recharge 4:1,130.09
2025-08-11,Refil 100% Whey Protein - Flavour,119.9
2025-08-11,Refil Whey 100% Pure,255.8
2025-08-11,Refil Whey Concentrado - W100,216.62
2025-08-11,Resveratrol 500mg,74.25
2025-08-11,Resveratrol Plus - 165mg,249.8
2025-08-11,Shot Matinal,74.9
2025-08-11,Simfort Ultra,94.9
2025-08-11,Simfort fibras,129.8
2025-08-11,Super Ômega 3,866.86
2025-08-11,SuperCoffee,1980.45
2025-08-11,SuperCoffee Língua de gato - Kopenhagen,669.6
2025-08-11,Suplemento - Hyaluronic Hair,74.9
2025-08-11,Suplemento Alimentar - Alpha Inflaminus,324.36
2025-08-11,Suplemento Alimentar - Alpha Mater,144.9
2025-08-11,Suplemento Alimentar - GUARDIAN®,199.9
2025-08-11,Suplemento Alimentar - Green Shot,74.9
2025-08-11,Suplemento Alimentar - Pura Fiber,299.6
2025-08-11,Suplemento de Magnésio - Blue Calm,259.8
2025-08-11,Tasty Whey 3W Gourmet,1079.4
2025-08-11,Termogênico - Lipix6,109.9
2025-08-11,Termogênico - Termo Plus,239.8
2025-08-11,Trio Magnésio 720mg,109.8
2025-08-11,Vegan Ômega 3 DHA,124.9
2025-08-11,Vitamina B12,235.4
2025-08-11,Vitamina D - Vita D3,541.0
2025-08-11,Vitamina D - Vita D3 + C + Zinco,119.8
2025-08-11,Vitamina D3,38.9
2025-08-11,Vitamina D3 + K2,66.9
2025-08-11,Vitamina D3 + K2 Gotas,69.9
2025-08-11,Vitamina D3 - 2000 Ui,36.9
2025-08-11,Vitamina D3 - Ydrosolv,84.9
2025-08-11,Vitamina D3 Synergy,59.9
2025-08-11,Vitamina K2- Menaquinona,53.17
2025-08-11,"Vitaminas A, E, D e K2- RESTAURE® - Gotas",158.9
2025-08-11,Whey,719.7
2025-08-11,Whey Concentrado - W100,129.9
2025-08-11,Whey Fort 3W,769.7
2025-08-11,Whey Isolado - Iso Triple Zero,629.7
2025-08-11,Whey Isolado e Hidrolisado - H.I Whey,442.18
2025-08-11,Whey Protein - 3W - The Whey,154.9
2025-08-11,Whey Protein - CLEANPRO,139.9
2025-08-11,Whey Protein 3W,174.9
2025-08-11,Whey Protein Concentrado,4372.5
2025-08-11,Whey Protein Concentrado Cappuccino 900g DUX,1049.4
2025-08-11,Whey Protein ISO 100 Hydrolyzed,722.03
2025-08-11,Whey Protein Isolado,4008.6
2025-08-11,Whey Protein Isolado - Isofort,899.7
2025-08-11,Whey Protein Isolado - Tasty Iso,509.8
2025-08-11,Whey Tech 100%,874.3
2025-08-11,Whey hidrolisado e isolado,579.8
2025-08-11,Whey hidrolisado e isolado Creme Broule 837g TRUE SOURCE,579.8
2025-08-11,Zinco,69.8
2025-08-11,Ômega - Mega DHA,339.8
2025-08-11,Ômega 3,169.9
2025-08-11,Ômega 3  - 1360mg,179.9
2025-08-11,Ômega 3 - 1360mg,559.6
2025-08-11,Ômega 3 - EPA DHA - 1000mg,344.5
2025-08-11,Ômega 3 - Omegafor Memory,419.6
2025-08-11,Ômega 3 - Ultra Caps 1000mg,299.8
2025-08-11,Ômega 3 DHA,119.9
2025-08-11,Ômega 3 EPA DHA,1338.3
2025-08-11,Ômega 3 Pulse,259.8
2025-08-11,Ômega 3 Super DHA - BIG N,314.7
2025-08-11,Ômega 3 Super DHA BIG,189.9
2025-08-11,Ômega Core,399.8
2025-08-11,Ômega DHA,209.9
2025-08-11,Ômega Golden,199.9
2025-08-11,Ômega Ultra - 1000mg,179.8
2025-08-18,100% Whey Protein - Flavour,249.8
2025-08-18,100% Whey Pure,419.7
2025-08-18,Achocolatado - Choco Family - Refil,46.9
2025-08-18,Adoçante Zero,39.9
2025-08-18,Aminoácido - Aminovita,708.5
2025-08-18,Aminoácido - BCAA FIX 4500,84.25
2025-08-18,Aminoácido N-acetil L-cisteína (NAC),79.9
2025-08-18,Aminoácidos - Aminnu EAAs,252.45
2025-08-18,BT Nitrato 400,179.9
2025-08-18,Barrinha de Chocolate 41%,34.2
2025-08-18,Barrinha de Proteína,574.3
2025-08-18,Barrinha de Proteína - YoPRO,114.9
2025-08-18,Barrinha de Proteína Cleanpro Bar,96.9
2025-08-18,Barrinha de Proteína Quest Bar - 60g (20g de proteína),259.9
2025-08-18,Barrinha de Proteína Thin,199.8
2025-08-18,Barrinha de Proteína Veganpro Bar,96.9
2025-08-18,Beef Protein,919.6
2025-08-18,Beta Alanina,377.4
2025-08-18,Bio Ferro,85.8
2025-08-18,Bio Vitamina B12 em gotas,89.8
2025-08-18,Biscoito Proteico,244.3
2025-08-18,Blend de Chá - Detox,29.9
2025-08-18,Blend de Chá - Energia,29.9
2025-08-18,Body Protein Vegano,156.9
2025-08-18,Booster Energético - Upgrade Energy - TCM,125.64
2025-08-18,"Boraprim - Borragem, Prímula e Gergelim",84.9
2025-08-18,Cafeína,52.9
2025-08-18,Chlorella,89.9
2025-08-18,Coenzima Q10,319.6
2025-08-18,Coenzima Q10  (200mg p/ porção),1001.1
2025-08-18,Coenzima Q10 (200mg p/ porção),613.4
2025-08-18,Coenzima Q10 + Ômega 3 + Vitamina E,139.9
2025-08-18,Coenzima Q10 - (100mg p/ porção),313.6
2025-08-18,Coffee - Brainstorm,212.73
2025-08-18,Colágeno -  Collagen Gut,199.9
2025-08-18,Colágeno - Body Collagen Protein,359.8
2025-08-18,Colágeno - Colagentek,169.8
2025-08-18,Colágeno - Colagentek Beauty,116.9
2025-08-18,Colágeno - Colagentek Protein - Bodybalance,329.8
2025-08-18,Colágeno - Collagen Essential Protein,1149.5
2025-08-18,Colágeno - Collagen Gut,194.9
2025-08-18,Colágeno - Collagen Pro - Beauty Blend,144.05
2025-08-18,Colágeno - Collagen Protein Hidrolisado,1079.4
2025-08-18,Colágeno - Collagen Protein Hidrolisado Berries Silvestres 450g PURAVIDA,359.8
2025-08-18,Colágeno - Collagen Renew Hidrolisado,387.63
2025-08-18,Colágeno - Collagen Tipo II 40mg,374.5
2025-08-18,Colágeno - Collpure®,162.9
2025-08-18,Colágeno Collagen Skin,194.9
2025-08-18,Colágeno Hidrolisado - Collagen Pro 18g,449.7
2025-08-18,Colágeno Tipo II,59.9
2025-08-18,Combo Com 3 Caixas de Chá Gourmet - Mãmachá,29.9
2025-08-18,Coq10 + Vitamina E,124.9
2025-08-18,Cranberry,49.9
2025-08-18,Creatina,144.9
2025-08-18,Creatina - Creafort (Creapure),929.4
2025-08-18,Creatina - Creapure,164.9
2025-08-18,Creatina - Gummy,149.9
2025-08-18,Creatina 100%,209.7
2025-08-18,Creatina 100% Pure,109.9
2025-08-18,Creatina Monohidratada,1367.4
2025-08-18,Creatina Monohidratada (Creapure),1028.6
2025-08-18,Creatina Monohidratada - Creatine,569.4
2025-08-18,Creatina Monohidratada - Hardcore,509.4
2025-08-18,Creatina Premium - Creapure,419.8
2025-08-18,Cálcio de Algas 1000mg,170.7
2025-08-18,Cúrcuma 500mg,96.75
2025-08-18,Cúrcuma Plus,299.6
2025-08-18,Energy Gel,201.35
2025-08-18,Enzimas Enzyfor,559.6
2025-08-18,Farinha de Aveia,15.9
2025-08-18,Ferro Quelato + Vitamina C,131.7
2025-08-18,Fresh Vegan,139.9
2025-08-18,Fresh Whey,2488.5
2025-08-18,Gel Nitrato,61.8
2025-08-18,Glutamina,362.4
2025-08-18,Glutamina - Glutamax,79.9
2025-08-18,Glutamina - Glutamax Refil,479.6
2025-08-18,Gold Whey Concentrado Refil,699.5
2025-08-18,Granola - Zero Açúcar,57.8
2025-08-18,Granola Australia - Low Carb,39.9
2025-08-18,Granola Coconut,39.9
2025-08-18,Grassfed Whey Protein,229.9
2025-08-18,Grassfed Whey Protein - Concentrado,229.9
2025-08-18,Hipercalórico - Hiper Mass Gainer,121.69
2025-08-18,Immuno Whey,395.81
2025-08-18,Isofort Plant (Life Vegan),439.6
2025-08-18,L-Carnitina 530mg,62.3
2025-08-18,MCT - Oil Powder,124.12
2025-08-18,MCT LIFT,149.0
2025-08-18,Maca Peruana,42.9
2025-08-18,Magnésio,44.9
2025-08-18,Magnésio - Bio Trimag,419.4
2025-08-18,Magnésio - Inositol Relief 3.0,339.8
2025-08-18,Magnésio - Mag 5 Complex,218.7
2025-08-18,Magnésio Inositol,319.8
2025-08-18,Magnésio Plus - 350mg,279.6
2025-08-18,Magnésio Plus 900mg,399.5
2025-08-18,Magnésio Quelato - Bio Mag,69.9
2025-08-18,Melatonina,54.9
2025-08-18,Melatonina - Sleepfor,119.2
2025-08-18,Melatonina - Ydrosolv,159.8
2025-08-18,Melatonina Duo Harmony,124.9
2025-08-18,Melatonina Em Gotas Premium - 210mcg,34.9
2025-08-18,Mistura para Bolo de Caneca	,39.9
2025-08-18,Morning Shot - Imunidade,599.4
2025-08-18,Multivitaminico  - Imunomult- 1000mg,499.6
2025-08-18,NAC + Glycine + Taurine,89.9
2025-08-18,NAC Acetilcisteína -  600mg,70.43
2025-08-18,Nitro 400,357.93
2025-08-18,Omegafor Family - Ômega 3,119.9
2025-08-18,Omegafor Plus,2653.2
2025-08-18,Palatinose,119.84
2025-08-18,Pasta de Amendoim,351.2
2025-08-18,Pasta de Amendoim Granulado,46.8
2025-08-18,Pasta de Castanha de Caju,38.9
2025-08-18,Power Coffee,74.56
2025-08-18,Probiótico - Simcaps,149.8
2025-08-18,Probiótico - Simfort Plus,549.5
2025-08-18,Proteina Vegetal - True Vegan,184.9
2025-08-18,Proteína - Best Vegan,99.9
2025-08-18,Proteína - Isocrisp Plant - Pote,57.33
2025-08-18,Proteína - Isocrisp Plant Pouch,62.9
2025-08-18,Proteína Isolada e Hidrolisada - Body Protein,839.6
2025-08-18,Proteína Isolada e Hidrolisada - Body Protein Red,209.9
2025-08-18,Pré-Treino,104.9
2025-08-18,Pré-Treino - V Fort Ultra,114.9
2025-08-18,Pré-Treino Turbo,86.73
2025-08-18,Pré-treino - Energy Kick,124.9
2025-08-18,Pré-treino - Taken,89.9
2025-08-18,Pré-treino Évora PW,84.15
2025-08-18,Própolis Alcoólico,28.9
2025-08-18,Própolis Verde - Alcoólico,57.8
2025-08-18,Própolis Verde - Premium 10mg,324.5
2025-08-18,Própolis Verde - Propomax,28.9
2025-08-18,Própolis Verde 70,77.8
2025-08-18,Psyllium,264.6
2025-08-18,Refil Whey 100% Pure,606.6
2025-08-18,Refil Whey Concentrado - W100,259.8
2025-08-18,Refil Whey Concentrado Havanna - W100,259.8
2025-08-18,Refil Whey Protein 100%,199.8
2025-08-18,Refil Whey Protein Concentrado,169.9
2025-08-18,Resveratrol,68.9
2025-08-18,Resveratrol - Resveramax,167.73
2025-08-18,Resveratrol 500mg,74.25
2025-08-18,Resveratrol Plus - 165mg,124.9
2025-08-18,Salgadinho,24.9
2025-08-18,Shot Matinal,74.9
2025-08-18,Simfort Femme,269.7
2025-08-18,Simfort Ultra,144.14
2025-08-18,Simfort fibras,129.8
2025-08-18,Sleep,359.7
2025-08-18,Spirulina 400mg,85.9
2025-08-18,Spirulina 500mg,148.5
2025-08-18,Super Ômega 3,804.6
2025-08-18,SuperCoffee,1933.7
2025-08-18,SuperCoffee Língua de gato - Kopenhagen,834.5
2025-08-18,Suplemento - Hyaluronic Hair,74.9
2025-08-18,Suplemento Alimentar  - Hepatofor,169.8
2025-08-18,Suplemento Alimentar - Alpha A até Z,54.9
2025-08-18,Suplemento Alimentar - Alpha Mater,144.9
2025-08-18,Suplemento Vitamínico - ZMA,54.9
2025-08-18,Suplemento de Magnésio - Blue Calm,419.7
2025-08-18,Tasty Whey 3W Gourmet,491.05
2025-08-18,Termogênico - Lipix6,325.6
2025-08-18,Trio Magnésio 720mg,384.3
2025-08-18,True Cúrcuma,89.9
2025-08-18,True Cúrcuma com Ômega,114.69
2025-08-18,Ultracoffee - Vegano,109.9
2025-08-18,Vegan Protein - Vegano,159.9
2025-08-18,Vitamina - Good Mood,119.8
2025-08-18,Vitamina B12,346.3
2025-08-18,Vitamina B9 - Metilfolato,54.9
2025-08-18,Vitamina C - Bio Vit C+,49.9
2025-08-18,Vitamina C3 - 1000mg,54.9
2025-08-18,Vitamina D - Vita D3,484.1
2025-08-18,Vitamina D - Vita D3 + C + Zinco,359.4
2025-08-18,Vitamina D em Gotas - Kids,49.9
2025-08-18,Vitamina D3,244.4
2025-08-18,Vitamina D3 + K2,303.8
2025-08-18,Vitamina D3 + K2 Gotas,279.6
2025-08-18,Vitamina D3 - 2000 Ui,36.9
2025-08-18,Vitamina D3 - Ydrosolv,84.9
2025-08-18,Vitamina D3 Synergy,119.8
2025-08-18,"Vitaminas A, E, D e K2- RESTAURE® - Gotas",158.9
2025-08-18,Whey,959.6
2025-08-18,Whey - Immuno Golden,239.9
2025-08-18,Whey - Zero Lactose,239.9
2025-08-18,Whey Concentrado - 100% Whey,259.8
2025-08-18,Whey Concentrado - W100,129.9
2025-08-18,Whey Fort 3W,569.7
2025-08-18,Whey Isolado - Iso Triple Zero,209.9
2025-08-18,Whey Protein - CLEANPRO,279.8
2025-08-18,Whey Protein - Isofort Beauty,149.9
2025-08-18,Whey Protein Concentrado,4197.6
2025-08-18,Whey Protein Crisp - Isocrisp,46.9
2025-08-18,Whey Protein ISO 100 Hydrolyzed,331.81
2025-08-18,Whey Protein Isolado,2169.3
2025-08-18,Whey Protein Isolado - Isofort,899.7
2025-08-18,Whey Protein Isolado - Tasty Iso,249.9
2025-08-18,Whey Tech 100%,499.6
2025-08-18,Óleo de Coco  - Spray,32.9
2025-08-18,Óleo de Krill  - Ômega 3 EPA DHA,99.9
2025-08-18,Ômega -  Mega DHA,94.9
2025-08-18,Ômega - Mega DHA,339.8
2025-08-18,Ômega 3,339.8
2025-08-18,Ômega 3  - 1360mg,179.9
2025-08-18,Ômega 3 - 1360mg,419.7
2025-08-18,Ômega 3 - EPA DHA - 1000mg,409.3
2025-08-18,Ômega 3 - Omegafor Memory,104.9
2025-08-18,Ômega 3 - Ultra Caps 1000mg,299.8
2025-08-18,Ômega 3 DHA,239.8
2025-08-18,Ômega 3 EPA DHA,1963.8
2025-08-18,Ômega 3 Kids,69.9
2025-08-18,Ômega 3 Pulse,519.6
2025-08-18,Ômega 3 Super DHA,119.9
2025-08-18,Ômega 3 Super DHA - BIG N,524.5
2025-08-18,Ômega 3 Super DHA BIG,189.9
2025-08-18,Ômega Golden,199.9
2025-08-25,#Whey Fort 3W,379.8
2025-08-25,100% Whey Protein - Flavour,124.9
2025-08-25,100% Whey Pure,139.9
2025-08-25,Achocolatado - Choco Family - Refil,230.96
2025-08-25,Achocolatado Multivitaminado - Choco Nutrients,46.9
2025-08-25,Adoçante Stévia,149.1
2025-08-25,Aminoácido - BCAA - Glyco HD,29.9
2025-08-25,Aminoácido N-acetil L-cisteína (NAC),239.7
2025-08-25,Aminoácidos - Aminnu EAAs,199.9
2025-08-25,Aminoácidos - Aminolift,199.9
2025-08-25,BT Nitrato,139.9
2025-08-25,BT Nitrato 400,459.7
2025-08-25,BT Nitrato com cafeína,359.8
2025-08-25,Barrinha de Proteina - Protein Crisp Bar,79.9
2025-08-25,Barrinha de Proteína,139.9
2025-08-25,Barrinha de Proteína - YOPRO,139.8
2025-08-25,Barrinha de Proteína Choco Wheyfer,124.8
2025-08-25,Barrinha de Proteína Collagen Bar,96.9
2025-08-25,Barrinha de Proteína Protein Crisp,79.9
2025-08-25,Barrinha de Proteína Veganpro Bar,96.9
2025-08-25,Bebida Vegetal,58.9
2025-08-25,Best Whey,539.05
2025-08-25,Beta Alanina,179.7
2025-08-25,Beta Alanina 100%,44.9
2025-08-25,Bio Cálcio  60 caps PURAVIDA,149.8
2025-08-25,Bio Ferro,42.9
2025-08-25,Bio Vitamina B12 em gotas,89.8
2025-08-25,Bio Zinco,110.7
2025-08-25,Blend de Chá - Detox,29.9
2025-08-25,Bom Ciclo,73.02
2025-08-25,Bombom,36.9
2025-08-25,"Boraprim - Borragem, Prímula e Gergelim",45.9
2025-08-25,Cafeína,52.9
2025-08-25,Coenzima Q10,79.9
2025-08-25,Coenzima Q10  (200mg p/ porção),742.8
2025-08-25,Coenzima Q10 (200mg p/ porção),809.3
2025-08-25,Coenzima Q10 + Ômega 3 + Vitamina E,139.9
2025-08-25,Coenzima Q10 - (100mg p/ porção),311.6
2025-08-25,Coenzima Q10 100 Mg,119.9
2025-08-25,Coenzima Q10 200mg,94.9
2025-08-25,Colágeno - Body Collagen Protein,179.9
2025-08-25,Colágeno - Colagentek,509.4
2025-08-25,Colágeno - Colagentek Protein - Bodybalance,494.7
2025-08-25,Colágeno - Collagen Essential Protein,818.02
2025-08-25,Colágeno - Collagen Gut,194.9
2025-08-25,Colágeno - Collagen Pro - Body Suport,379.8
2025-08-25,Colágeno - Collagen Protein,96.89
2025-08-25,Colágeno - Collagen Protein Hidrolisado,719.6
2025-08-25,Colágeno - Collagen Protein Hidrolisado Berries Silvestres 450g PURAVIDA,359.8
2025-08-25,Colágeno - Collagen Renew Hidrolisado,76.9
2025-08-25,Colágeno - Collagen Tipo II 40mg,224.7
2025-08-25,Colágeno Collagen Skin,389.8
2025-08-25,Colágeno Hidrolisado - Collagen Pro 18g,449.7
2025-08-25,Colágeno Tipo II,59.9
2025-08-25,Colágeno Tipo II - Artro Aid,94.9
2025-08-25,Complexo B,104.9
2025-08-25,Complexo B - Bio Vit.B+,42.9
2025-08-25,Complexo B 500mg,79.8
2025-08-25,Creatina,284.7
2025-08-25,Creatina - Creafort (Creapure),719.6
2025-08-25,Creatina - Creapure,404.7
2025-08-25,Creatina - Gummies,119.9
2025-08-25,Creatina - Gummy,149.9
2025-08-25,Creatina 100%,409.5
2025-08-25,Creatina Monohidratada,2497.0
2025-08-25,Creatina Monohidratada (Creapure),769.6
2025-08-25,Creatina Monohidratada -  Crealift (Creapure),599.8
2025-08-25,Creatina Monohidratada - Creatine,569.4
2025-08-25,Creatina Monohidratada - Hardcore,169.8
2025-08-25,Creatina Monohidratada em Gummy,359.7
2025-08-25,Creatina Premium - Creapure,424.8
2025-08-25,Creatina em Cápsulas,39.9
2025-08-25,Creatina- Creapure,199.9
2025-08-25,Cromo Picolinato - 250mg,26.9
2025-08-25,Cúrcuma,139.8
2025-08-25,Cúrcuma - Curcumagic,144.9
2025-08-25,Cúrcuma Plus,492.0
2025-08-25,Dado de creatina,127.35
2025-08-25,Enzima Lactase - Laczyme,84.9
2025-08-25,Enzimas Enzyfor,292.13
2025-08-25,Extrato de Laranja Moro 400mg,276.55
2025-08-25,Feno Grego + Boro 500mg,96.9
2025-08-25,Feno Grego - Testo + Man,96.89
2025-08-25,Ferro - Ydrosolv,199.8
2025-08-25,Ferro Quelado 34mg,89.7
2025-08-25,Ferro Quelato + Vitamina C,43.9
2025-08-25,Fibras Prébioticas - Prebiotic,65.9
2025-08-25,Fresh Vegan,419.7
2025-08-25,Fresh Whey,969.4
2025-08-25,Gel - Endurance,69.9
2025-08-25,Gel Nitrato,39.9
2025-08-25,Glutamina,377.4
2025-08-25,Glutamina - Glutamax,159.8
2025-08-25,Glutamina Pure,99.3
2025-08-25,Glutamina em Pó,99.9
2025-08-25,Gold Whey Concentrado Refil,699.5
2025-08-25,Granola,94.7
2025-08-25,Granola - Sem Glúten,28.9
2025-08-25,Granola Coconut,39.9
2025-08-25,Granola Premium,33.09
2025-08-25,Grassfed Whey Protein,619.7
2025-08-25,Isofort Plant (Life Vegan),219.8
2025-08-25,L-Carnitina 530mg,94.9
2025-08-25,MCT LIFT,252.39
2025-08-25,MCT com AGE,69.9
2025-08-25,Magnésio,134.7
2025-08-25,Magnésio - Bio Trimag,279.6
2025-08-25,Magnésio - Inositol Relief 3.0,169.9
2025-08-25,Magnésio - Mag 5 Complex,72.9
2025-08-25,Magnésio Dimalato,46.9
2025-08-25,Magnésio Inositol,424.05
2025-08-25,Magnésio Plus - 350mg,209.7
2025-08-25,Magnésio Plus 900mg,79.9
2025-08-25,Magnésio Quelato - Bio Mag,69.9
2025-08-25,Melatonina,28.5
2025-08-25,Melatonina - Sleepfor,119.2
2025-08-25,Melatonina - Ydrosolv,159.8
2025-08-25,Melatonina Duo,69.9
2025-08-25,Melatonina Duo Harmony,249.8
2025-08-25,Melatonina em Gotas,239.4
2025-08-25,Melatonina em Gummy,109.9
2025-08-25,Morning Shot - Imunidade,499.5
2025-08-25,Multivitaminico - Imunomult- 1000mg,89.9
2025-08-25,Multivitaminino - Multi All,71.17
2025-08-25,NAC + Glycine + Taurine,89.9
2025-08-25,NAC 650mg,59.9
2025-08-25,NAC PRO,59.1
2025-08-25,Omegafor Family - Ômega 3,259.7
2025-08-25,Omegafor Plus,2476.5
2025-08-25,Palatinose,374.44
2025-08-25,Pasta de Amendoim,460.8
2025-08-25,Pasta de Amendoim Integral,39.8
2025-08-25,Prebiótico - Fiber Liv,75.01
2025-08-25,Probiótico - Simfort Plus,319.6
2025-08-25,Proteina Vegetal - True Vegan,369.8
2025-08-25,Proteína - Isocrisp Plant - Pote,25.08
2025-08-25,Proteína Isolada e Hidrolisada - Body Protein,2099.0
2025-08-25,Proteína Isolada e Hidrolisada - Body Protein Red,419.8
2025-08-25,Proteína Vegana - Vegan Tasty,124.9
2025-08-25,Proteína Vegetal - Vegan Tasty,124.9
2025-08-25,Pré-treino - Energy Kick,124.9
2025-08-25,Pré-treino - Energy Kick Caffeine,124.9
2025-08-25,Pré-treino - Égide,116.9
2025-08-25,Pré-treino Panic Pre Workout,199.8
2025-08-25,Própolis Alcoólico,28.9
2025-08-25,Própolis Líquido - Gotas,89.8
2025-08-25,Própolis Verde,44.9
2025-08-25,Própolis Verde - Alcoólico,144.5
2025-08-25,Própolis Verde - Premium 10mg,64.9
2025-08-25,Própolis Verde - Propomax,28.9
2025-08-25,Psyllium,304.5
2025-08-25,Refil Whey 100% Pure,255.8
2025-08-25,Refil Whey Concentrado - W100,129.9
2025-08-25,Refil Whey Concentrado Havanna - W100,129.9
2025-08-25,Refil Whey Protein - 3W,199.9
2025-08-25,Resveratrol,68.9
2025-08-25,Resveratrol Plus - 165mg,379.7
2025-08-25,Simfort Femme,179.8
2025-08-25,Simfort fibras,64.9
2025-08-25,Sleep,358.63
2025-08-25,Spirulina 500mg,161.15
2025-08-25,Super Ômega 3,838.23
2025-08-25,SuperCoffee,2813.1
2025-08-25,SuperCoffee Língua de gato - Kopenhagen,659.6
2025-08-25,Suplemento Alimentar  - Hepatofor,84.9
2025-08-25,Suplemento Alimentar - Alpha Inflaminus,434.7
2025-08-25,Suplemento Alimentar - Alpha Mater,144.9
2025-08-25,Suplemento Alimentar - Pura Fiber,74.9
2025-08-25,Suplemento Vitamínico - ZMA,54.9
2025-08-25,Suplemento de Magnésio - Blue Calm,159.9
2025-08-25,Suplemento para Imunidade - Immune Up 100%,109.09
2025-08-25,Tasty Whey 3W Gourmet,899.5
2025-08-25,Termogênico - Termo Plus,239.8
2025-08-25,Trio Magnésio 720mg,54.9
2025-08-25,Vinagre de maçã em Gummy,101.91
2025-08-25,Vitamina - Good Mood,59.9
2025-08-25,Vitamina B12,228.4
2025-08-25,Vitamina B9 - Ácido Fólico,89.9
2025-08-25,Vitamina C + Zinco - Gomas,58.9
2025-08-25,Vitamina C - 500mg,39.48
2025-08-25,Vitamina C - Bio Vit C+,49.9
2025-08-25,Vitamina D - Vita D3,541.0
2025-08-25,Vitamina D - Vita D3 + C + Zinco,582.0
2025-08-25,Vitamina D3,355.2
2025-08-25,Vitamina D3 + K2,564.45
2025-08-25,Vitamina D3 + K2 Gotas,349.5
2025-08-25,Vitamina D3 - 2000 Ui,36.9
2025-08-25,Vitamina D3 Synergy,239.6
2025-08-25,"Vitaminas A, E, D e K2- RESTAURE® - Gotas",317.8
2025-08-25,Whey,1489.08
2025-08-25,Whey - Isocrisp Pouch,84.9
2025-08-25,Whey - Sense,104.46
2025-08-25,Whey 3W,154.9
2025-08-25,Whey Concentrado - 100% Whey,129.9
2025-08-25,Whey Fort 3W,569.7
2025-08-25,Whey Isolado Nectar,369.0
2025-08-25,Whey Protein - 3W - The Whey,154.9
2025-08-25,Whey Protein - Isofort Beauty,134.32
2025-08-25,Whey Protein 3W,349.8
2025-08-25,Whey Protein Concentrado,4897.2
2025-08-25,Whey Protein Concentrado Cappuccino 900g DUX,524.7
2025-08-25,Whey Protein Crisp - Isocrisp,46.9
2025-08-25,Whey Protein ISO 100 Hydrolyzed,722.03
2025-08-25,Whey Protein Isolado,4008.6
2025-08-25,Whey Protein Isolado - Isofort,899.7
2025-08-25,Whey Protein Vegetal,139.9
2025-08-25,Whey Tech 100%,374.7
2025-08-25,Whey hidrolisado e isolado,579.8
2025-08-25,Óleo de Coco Extravirgem - Spray,32.9
2025-08-25,Ômega - Mega DHA,339.8
2025-08-25,Ômega 3,84.9
2025-08-25,Ômega 3  - 1360mg,179.9
2025-08-25,Ômega 3 - 1360mg,279.8
2025-08-25,Ômega 3 - EPA DHA - 1000mg,314.5
2025-08-25,Ômega 3 - Omegafor Memory,209.8
2025-08-25,Ômega 3 - Ultra Caps 1000mg,599.6
2025-08-25,Ômega 3 EPA DHA,1178.4
2025-08-25,Ômega 3 Fosfatix,262.03
2025-08-25,Ômega 3 Pulse,129.9
2025-08-25,Ômega 3 Super DHA,119.9
2025-08-25,Ômega 3 Super DHA - BIG N,209.8
2025-08-25,Ômega 3 Super DHA BIG,189.9
2025-08-25,Ômega Core,199.9
2025-08-25,Ômega Ultra - 1000mg,269.7
2025-09-01,100% Whey Protein - Flavour,124.9
2025-09-01,Achocolatado - Chocoki,79.9
2025-09-01,Adoçante Stévia,22.0
2025-09-01,Aminoácido - Amino Greens,199.9
2025-09-01,Aminoácido N-acetil L-cisteína (NAC),159.8
2025-09-01,Aminoácidos - Aminnu EAAs,199.9
2025-09-01,Antioxidante - Luteína e Zeaxantina,137.8
2025-09-01,BCAA Lift - 8:1:1,149.9
2025-09-01,BT Nitrato 400,139.9
2025-09-01,Barrinha de Proteína,699.5
2025-09-01,Barrinha de Proteína Crunch,13.39
2025-09-01,Barrinha de Proteína Protein Crisp,79.9
2025-09-01,Barrinha de Proteína Proto Bar - Havanna,109.9
2025-09-01,Barrinha de Proteína Thin,99.9
2025-09-01,Barrinha de Proteína Whey Grego - Havanna,206.8
2025-09-01,Beef Protein,459.8
2025-09-01,Best Whey,389.8
2025-09-01,Beta Alanina,68.9
2025-09-01,Beta Alanina 100%,89.8
2025-09-01,Bio Ferro,85.8
2025-09-01,Bio Vitamina B12 em gotas,89.8
2025-09-01,Bio Zinco,36.9
2025-09-01,Booster Energético - Upgrade Energy - TCM,125.64
2025-09-01,"Boraprim - Borragem, Prímula e Gergelim",254.7
2025-09-01,Cafeína,52.9
2025-09-01,Chocolate 70% Cacau,29.9
2025-09-01,"Chocolate 99,9% Cacau",36.9
2025-09-01,Chocolate com Cranberry,29.9
2025-09-01,Chá Vitatea,131.8
2025-09-01,Coenzima  Q10 - 100mg,88.9
2025-09-01,Coenzima Q10,474.5
2025-09-01,Coenzima Q10  (200mg p/ porção),209.9
2025-09-01,Coenzima Q10 (200mg p/ porção),191.8
2025-09-01,Coenzima Q10 - (100mg p/ porção),157.8
2025-09-01,Coenzima Q10 100 Mg,239.8
2025-09-01,Coenzima Q10 200mg,94.9
2025-09-01,Coenzima Q10+ 200mg,134.9
2025-09-01,Colosfort,216.9
2025-09-01,Colágeno - Colagentek,424.5
2025-09-01,Colágeno - Colagentek Beauty,119.9
2025-09-01,Colágeno - Colagentek II,229.3
2025-09-01,Colágeno - Colagentek Protein - Bodybalance,1823.9
2025-09-01,Colágeno - Collagen Essential Protein,459.8
2025-09-01,Colágeno - Collagen Gut,194.9
2025-09-01,Colágeno - Collagen Pro - Body Suport,569.7
2025-09-01,Colágeno - Collagen Protein Hidrolisado,359.8
2025-09-01,Colágeno - Collagen Protein Hidrolisado Berries Silvestres 450g PURAVIDA,179.9
2025-09-01,Colágeno - Collagen Renew Hidrolisado,76.9
2025-09-01,Colágeno - Collagen Tipo II 40mg,74.9
2025-09-01,Colágeno - Multi Collagen,199.9
2025-09-01,Colágeno Hidrolisado - Collagen Pro 18g,899.4
2025-09-01,Colágeno Tipo 1 e 2 - Collagen 2 Joint,199.9
2025-09-01,Colágeno Tipo II,119.8
2025-09-01,Colágeno Tipo II - Artro Aid,94.9
2025-09-01,Complexo B - Bio Vit.B+,42.9
2025-09-01,Complexo B - Vit B Complex,119.85
2025-09-01,Cranberry - She She Comfort,62.64
2025-09-01,Creatina,494.7
2025-09-01,Creatina - Creafort (Creapure),2168.8
2025-09-01,Creatina - Gummy,302.05
2025-09-01,Creatina 100%,499.5
2025-09-01,Creatina Monohidratada,2198.3
2025-09-01,Creatina Monohidratada (Creapure),1516.6
2025-09-01,Creatina Monohidratada -  Crealift (Creapure),299.9
2025-09-01,Creatina Monohidratada - Creatine,569.4
2025-09-01,Creatina Monohidratada - Hardcore,254.7
2025-09-01,Creatina Premium - Creapure,209.9
2025-09-01,Cromo Picolinato - 250mg,80.7
2025-09-01,Cúrcuma 500mg,193.5
2025-09-01,Cúrcuma Plus,392.2
2025-09-01,Farinha de Aveia,15.9
2025-09-01,Ferro - Ydrosolv,99.9
2025-09-01,Ferro Quelato + Vitamina C,43.9
2025-09-01,Fibras Prébioticas - Prebiotic,65.9
2025-09-01,Fresh Vegan,279.8
2025-09-01,Fresh Whey,2488.5
2025-09-01,Gel Nitrato,63.65
2025-09-01,Glutamina,137.8
2025-09-01,Glutamina - Glutamax,204.7
2025-09-01,Glutamina - Glutamax Refil,119.9
2025-09-01,Glutamina Isolates,64.9
2025-09-01,Glutamina em Pó,289.7
2025-09-01,Gold Whey Concentrado Refil,419.7
2025-09-01,Granola,131.6
2025-09-01,Granola - Zero Açúcar,57.8
2025-09-01,Grassfed Whey Protein,479.7
2025-09-01,Isofort Plant (Life Vegan),109.9
2025-09-01,L-Carnitina 530mg,94.9
2025-09-01,MCT com AGE,69.9
2025-09-01,Magnésio,89.8
2025-09-01,Magnésio - 3MAG - Pool de Magnésio,69.9
2025-09-01,Magnésio - Bio Trimag,489.3
2025-09-01,Magnésio - Inositol Relief 3.0,679.6
2025-09-01,Magnésio Inositol,1019.4
2025-09-01,Magnésio Plus - 350mg,139.8
2025-09-01,Magnésio Plus 900mg,159.8
2025-09-01,Matchá - Chá Verde em Pó,76.9
2025-09-01,Melatonina,79.8
2025-09-01,Melatonina - Sleepfor,209.7
2025-09-01,Melatonina Duo Harmony,249.8
2025-09-01,Melatonina em Gotas,79.8
2025-09-01,Metilfolato,92.4
2025-09-01,Morning Shot - Imunidade,399.6
2025-09-01,Multivitaminico  - Imunomult- 1000mg,379.7
2025-09-01,NAC 650mg,59.9
2025-09-01,NAC Acetilcisteína -  600mg,86.9
2025-09-01,NAC PRO,59.1
2025-09-01,Neuro Health,168.9
2025-09-01,Nootrópico - Brain Up Am/Pm  60 caps TRUE SOURCE,144.9
2025-09-01,Omegafor Plus,1982.8
2025-09-01,Palatinose,173.7
2025-09-01,Pasta de Amendoim,393.7
2025-09-01,Pasta de Amendoim Granulado,26.9
2025-09-01,Pasta de Amendoim Integral,39.8
2025-09-01,Pasta de Castanha de Caju,77.8
2025-09-01,Prebiótico - Fiber Liv,150.02
2025-09-01,Probiótico - Simfort Plus,749.1
2025-09-01,Probióticos em Pó - Simfort,419.7
2025-09-01,Proteína - Isocrisp Plant Pouch,62.9
2025-09-01,Proteína Isolada e Hidrolisada - Body Protein,2728.7
2025-09-01,Proteína Isolada e Hidrolisada - Body Protein Red,419.8
2025-09-01,Pré-Treino,104.9
2025-09-01,Pré-Treino - Beta Action,419.8
2025-09-01,Pré-Treino - V Fort,114.9
2025-09-01,Pré-Treino - V Fort Ultra,114.9
2025-09-01,Pré-Treino Turbo,86.73
2025-09-01,Pré-treino - Energy Kick,124.9
2025-09-01,Pré-treino - Pre Workout,269.8
2025-09-01,Pré-treino Panic Pre Workout,99.9
2025-09-01,Própolis Líquido - Gotas,89.8
2025-09-01,Própolis Verde - Propomax,57.8
2025-09-01,Psyllium,224.7
2025-09-01,Refil 100% Whey Protein - Flavour,119.9
2025-09-01,Refil Whey 100% Pure,127.9
2025-09-01,Refil Whey Concentrado - W100,259.8
2025-09-01,Refil Whey Protein - 3W,199.9
2025-09-01,Refil Whey Protein 100%,299.7
2025-09-01,Refil Whey Protein Concentrado,311.9
2025-09-01,Resveratrol 500mg,74.25
2025-09-01,Shot Matinal,74.9
2025-09-01,Simfort Femme,89.9
2025-09-01,Simfort fibras,129.8
2025-09-01,Sleep,1019.3
2025-09-01,Super Ômega 3,1146.83
2025-09-01,SuperCoffee,1349.1
2025-09-01,SuperCoffee Língua de gato - Kopenhagen,494.7
2025-09-01,Suplemento Alimentar  - Hepatofor,169.8
2025-09-01,Suplemento Alimentar - Alpha Mater,144.9
2025-09-01,"Suplemento Alimentar - Cabelo, Pele e Unha - Gomas",140.14
2025-09-01,Suplemento Alimentar - GUARDIAN®,799.6
2025-09-01,Suplemento Alimentar - Geleia Real - Apireal,128.7
2025-09-01,Suplemento Alimentar - Pura Fiber,149.8
2025-09-01,Suplemento Alimentar - Slim Shape,209.7
2025-09-01,Suplemento Vitamínico - ZMA,53.61
2025-09-01,Suplemento de Magnésio - Blue Calm,325.7
2025-09-01,Suplemento para Imunidade - Immune Up 100%,109.09
2025-09-01,Tasty Whey 3W Gourmet,1439.2
2025-09-01,True Cúrcuma,89.9
2025-09-01,True Cúrcuma com Ômega,114.69
2025-09-01,Vitamina - Good Mood,59.9
2025-09-01,Vitamina B12,297.2
2025-09-01,Vitamina C - Bio Vit C+,49.9
2025-09-01,Vitamina D - Vita D3,376.3
2025-09-01,Vitamina D - Vita D3 + C + Zinco,119.8
2025-09-01,Vitamina D3,116.7
2025-09-01,Vitamina D3 + K2,186.7
2025-09-01,Vitamina D3 + K2 Gotas,69.9
2025-09-01,Vitamina D3 - 2000 Ui,110.7
2025-09-01,Vitamina D3 - Ydrosolv,84.9
2025-09-01,Whey,1359.5
2025-09-01,Whey - Isocrisp Pouch,169.8
2025-09-01,Whey Concentrado - W100,129.9
2025-09-01,Whey Fort 3W,759.6
2025-09-01,Whey Isolado e Hidrolisado - H.I Whey,239.9
2025-09-01,Whey Protein - 3W,153.65
2025-09-01,Whey Protein - CLEANPRO,139.9
2025-09-01,Whey Protein - Isofort Beauty,134.32
2025-09-01,Whey Protein Concentrado,7870.5
2025-09-01,Whey Protein Concentrado Cappuccino 900g DUX,349.8
2025-09-01,Whey Protein Crisp - Isocrisp,93.8
2025-09-01,Whey Protein Hidrolisado,739.8
2025-09-01,Whey Protein ISO 100 Hydrolyzed,1053.84
2025-09-01,Whey Protein Isolado,2789.1
2025-09-01,Whey Protein Isolado - Isofort,1199.6
2025-09-01,Whey Protein Isolado - Tasty Iso,519.8
2025-09-01,Whey Tech 100%,874.3
2025-09-01,Whey hidrolisado e isolado,1159.6
2025-09-01,Óleo de Prímula - 500mg,32.9
2025-09-01,Ômega -  Mega DHA,94.9
2025-09-01,Ômega 3,170.55
2025-09-01,Ômega 3  - 1360mg,359.8
2025-09-01,Ômega 3 - EPA DHA - 1000mg,529.2
2025-09-01,Ômega 3 - Ultra Caps 1000mg,149.9
2025-09-01,Ômega 3 DHA,119.9
2025-09-01,Ômega 3 EPA DHA,1394.2
2025-09-01,Ômega 3 Super DHA,239.8
2025-09-01,Ômega 3 Super DHA - BIG N,629.4
2025-09-01,Ômega 3 Vegan DHA,89.9
2025-09-01,Ômega Golden,199.9
2025-09-08,100% Whey Protein - Flavour,225.19
2025-09-08,100% Whey Pure,139.9
2025-09-08,Achocolatado - Choco Family - Refil,46.9
2025-09-08,Achocolatado Multivitaminado - Choco Nutrients,93.8
2025-09-08,Adoçante Stévia,49.7
2025-09-08,Aminoácido - Aminovita,273.8
2025-09-08,Aminoácido - Tryptophan,57.47
2025-09-08,Aminoácido N-acetil L-cisteína (NAC),159.8
2025-09-08,Arginofor -  L-Arginina,104.9
2025-09-08,Astaxantina,83.13
2025-09-08,Aveia - Flocos Grossos,16.9
2025-09-08,BT Gel Nitrato,119.9
2025-09-08,BT Nitrato,319.8
2025-09-08,BT Nitrato 400,499.7
2025-09-08,Barrinha de Proteina - Protein Crisp Bar,79.9
2025-09-08,Barrinha de Proteína,151.24
2025-09-08,Barrinha de Proteína ChocoWheyfer,89.9
2025-09-08,Barrinha de Proteína Crunch,53.56
2025-09-08,Barrinha de Proteína Protein Crisp,79.9
2025-09-08,Barrinha de Proteína Thin,199.8
2025-09-08,Barrinha de Proteína Tube,99.9
2025-09-08,Barrinha de Proteína Whey Grego - Havanna,109.9
2025-09-08,Bebida Vegetal em Pó - Vegan Delight,179.8
2025-09-08,Beef Protein,1149.5
2025-09-08,Best Whey,194.9
2025-09-08,Beta Alanina,59.9
2025-09-08,Beta Alanina 100%,134.7
2025-09-08,Bio Ferro,171.6
2025-09-08,Bio Vitamina B12 em gotas,179.6
2025-09-08,Blend de Chá - Calmante,29.9
2025-09-08,Blend de Chá - Energia,29.9
2025-09-08,Bombom,46.9
2025-09-08,"Boraprim - Borragem, Prímula e Gergelim",130.8
2025-09-08,Cafeína,52.78
2025-09-08,Chlorella,89.0
2025-09-08,Chocolate - Chocolift,40.8
2025-09-08,Cocada,4.2
2025-09-08,Coenzima Q10,319.6
2025-09-08,Coenzima Q10  (200mg p/ porção),419.8
2025-09-08,Coenzima Q10 (200mg p/ porção),344.7
2025-09-08,Coenzima Q10 + Ômega 3 + Vitamina E,559.6
2025-09-08,Coenzima Q10 - (100mg p/ porção),77.9
2025-09-08,Coenzima Q10 - 100mg,119.9
2025-09-08,Coenzima Q10 - 200mg,139.9
2025-09-08,Colágeno - Body Collagen Protein,179.9
2025-09-08,Colágeno - Colagentek,84.9
2025-09-08,Colágeno - Colagentek Beauty,116.9
2025-09-08,Colágeno - Colagentek II,687.9
2025-09-08,Colágeno - Colagentek Protein - Bodybalance,829.5
2025-09-08,Colágeno - Collagen Derm,170.1
2025-09-08,Colágeno - Collagen Essential Protein,1756.04
2025-09-08,Colágeno - Collagen Gut,389.8
2025-09-08,Colágeno - Collagen Pro - Body Suport,189.9
2025-09-08,Colágeno - Collagen Protein Hidrolisado,359.8
2025-09-08,Colágeno - Collagen Protein Hidrolisado Berries Silvestres 450g PURAVIDA,329.15
2025-09-08,Colágeno - Collagen Renew Hidrolisado,461.4
2025-09-08,Colágeno - Collagen Tipo II 40mg,74.9
2025-09-08,Colágeno - Multi Collagen,199.9
2025-09-08,Colágeno Collagen Flex Beauty,161.47
2025-09-08,Colágeno Hidrolisado - Collagen Pro 18g,299.8
2025-09-08,Colágeno Tipo 1 e 2 - Collagen 2 Joint,199.9
2025-09-08,Colágeno Tipo II,59.9
2025-09-08,Colágeno Tipo II - Artro Aid,189.8
2025-09-08,Complexo B,104.9
2025-09-08,Complexo B 500mg,39.9
2025-09-08,Coq10 + Vitamina E,124.9
2025-09-08,Cranberry - She She Comfort,62.64
2025-09-08,Creatina,355.23
2025-09-08,Creatina - Creafort (Creapure),1089.4
2025-09-08,Creatina - Creapure,164.9
2025-09-08,Creatina 100%,354.6
2025-09-08,Creatina 100% Pure,109.9
2025-09-08,Creatina Monohidratada,2944.5
2025-09-08,Creatina Monohidratada (Creapure),579.7
2025-09-08,Creatina Monohidratada -  Crealift (Creapure),299.9
2025-09-08,Creatina Monohidratada - Creatine,94.9
2025-09-08,Creatina Monohidratada - Hardcore,254.7
2025-09-08,Creatina Monohidratada em Gummy,119.9
2025-09-08,Creatina Premium - Creapure,209.9
2025-09-08,Creatina- Creapure,399.8
2025-09-08,Cromo Picolinato - 250mg,134.5
2025-09-08,Cálcio de Algas 1000mg,56.9
2025-09-08,Cúrcuma 500mg,179.8
2025-09-08,Cúrcuma Plus,753.9
2025-09-08,Enzimas Enzyfor,139.9
2025-09-08,Extrato de Laranja Moro 400mg,96.75
2025-09-08,Farinha de Aveia,15.9
2025-09-08,Ferro - Ydrosolv,399.6
2025-09-08,Fibras Prébioticas - Prebiotic,65.9
2025-09-08,Fresh Vegan,419.7
2025-09-08,Fresh Whey,2363.5
2025-09-08,Gel - Endurance,139.8
2025-09-08,Gel Nitrato,12.73
2025-09-08,Gluatamina em Sachê - Glutamax,93.18
2025-09-08,Glutamina,356.51
2025-09-08,Glutamina - Glutamax,444.4
2025-09-08,Glutamina - Glutamax Refil,337.55
2025-09-08,Glutamina em Pó,679.3
2025-09-08,Gold Whey Concentrado Refil,279.8
2025-09-08,Granola,32.9
2025-09-08,Grassfed Whey Protein,229.9
2025-09-08,Hipercalórico - Creamass,99.9
2025-09-08,L-Carnitina 530mg,124.6
2025-09-08,L-Taurina - 1.000mg,109.8
2025-09-08,Laranja Moro,64.9
2025-09-08,Magnésio,89.8
2025-09-08,Magnésio - Bio Trimag,279.6
2025-09-08,Magnésio - Inositol Relief 3.0,1529.1
2025-09-08,Magnésio Inositol,613.95
2025-09-08,Magnésio Plus - 350mg,209.7
2025-09-08,Magnésio Plus 900mg,159.8
2025-09-08,Massa Alimentícia de Fibra,48.6
2025-09-08,Melatonina,99.8
2025-09-08,Melatonina - Sleepfor,139.8
2025-09-08,Melatonina - Ydrosolv,79.9
2025-09-08,Melatonina Duo,69.9
2025-09-08,Melatonina Duo Harmony,124.9
2025-09-08,Melatonina Fast,39.9
2025-09-08,Morning Shot - Imunidade,99.9
2025-09-08,Multivitaminico  - Imunomult- 1000mg,124.9
2025-09-08,Multivitamínico - Vitalift,189.9
2025-09-08,NAC + Glycine + Taurine,89.9
2025-09-08,NAC 650mg,59.9
2025-09-08,Omegafor Family - Ômega 3,189.8
2025-09-08,Omegafor Plus,3340.0
2025-09-08,Palatinose,324.5
2025-09-08,Palatinose 100% - Carbolift,99.9
2025-09-08,Pasta de Amendoim,395.0
2025-09-08,Pasta de Amendoim Granulado,53.8
2025-09-08,Pasta de Amendoim Integral,19.9
2025-09-08,Pasta de Castanha de Caju,38.9
2025-09-08,Power Coffee,149.12
2025-09-08,Prebiótico,78.9
2025-09-08,Prebiótico - Fiber Liv,75.01
2025-09-08,Probiótico - Simfort Plus,1008.9
2025-09-08,Probióticos em Pó - Simfort,164.9
2025-09-08,Profem - Óleo de Prímula,124.0
2025-09-08,Proteína - Isocrisp Plant Pouch,314.5
2025-09-08,Proteína Isolada e Hidrolisada - Body Protein,2518.8
2025-09-08,Proteína Isolada e Hidrolisada - Body Protein Red,419.8
2025-09-08,Proteína Vegana - Immuno Veggie,209.9
2025-09-08,Proteína Vegana - Vegan Tasty,249.8
2025-09-08,Proteína da  Carne - Carnibol,270.0
2025-09-08,Pré-Treino,184.8
2025-09-08,Pré-Treino - Beta Action,209.9
2025-09-08,Pré-treino Panic Pre Workout,99.9
2025-09-08,Próbiotico - Purabiotics,179.8
2025-09-08,Própolis Líquido - Gotas,44.9
2025-09-08,Própolis Verde - Premium 10mg,194.7
2025-09-08,Própolis Verde 70,233.4
2025-09-08,Psyllium,189.7
2025-09-08,Refil Creatina,292.92
2025-09-08,Refil Whey 100% Pure,639.5
2025-09-08,Refil Whey Concentrado - W100,259.8
2025-09-08,Refil Whey Concentrado Havanna - W100,389.7
2025-09-08,Refil Whey Protein - 3W,134.9
2025-09-08,Refil Whey Protein Isolado,1239.3
2025-09-08,Resveratrol - Resveramax,503.19
2025-09-08,Resveratrol Plus - 165mg,249.8
2025-09-08,Simfort Femme,179.8
2025-09-08,Simfort fibras,64.9
2025-09-08,Sleep,359.8
2025-09-08,Super Café - Desincoffee,109.9
2025-09-08,Super Ômega 3,1082.31
2025-09-08,SuperCoffee,2103.6
2025-09-08,SuperCoffee Língua de gato - Kopenhagen,2143.7
2025-09-08,Suplemento Alimentar - Alpha Mater,144.9
2025-09-08,Suplemento Alimentar - Alpha Men,159.9
2025-09-08,Suplemento Alimentar - Alpha Women,149.9
2025-09-08,"Suplemento Alimentar - Cabelo, Pele e Unha - Gomas",71.14
2025-09-08,Suplemento Alimentar - GUARDIAN®,1199.4
2025-09-08,Suplemento Alimentar - L-teanina - Happy Theanine,149.9
2025-09-08,Suplemento de Magnésio - Blue Calm,525.5
2025-09-08,Tasty Whey 3W Gourmet,2241.4
2025-09-08,Termogênico - Lipix6,54.9
2025-09-08,Termogênico - Termo Plus,239.8
2025-09-08,Tortinha Proteica,15.87
2025-09-08,Trio Magnésio 720mg,164.7
2025-09-08,True Cúrcuma,89.9
2025-09-08,True Cúrcuma com Ômega,114.69
2025-09-08,Ultracoffee - Vegano,109.9
2025-09-08,Vitamina - Good Mood,119.8
2025-09-08,Vitamina B12,249.9
2025-09-08,Vitamina C - Bio Vit C+,49.9
2025-09-08,Vitamina D - Vita D3,809.5
2025-09-08,Vitamina D - Vita D3 + C + Zinco,101.15
2025-09-08,Vitamina D3,272.3
2025-09-08,Vitamina D3 + K2,230.95
2025-09-08,Vitamina D3 + K2 Gotas,139.8
2025-09-08,Vitamina D3 Synergy,119.8
2025-09-08,Whey,639.8
2025-09-08,Whey - Isocrisp Pouch,169.8
2025-09-08,Whey - Zero Lactose,239.9
2025-09-08,Whey 3W,154.9
2025-09-08,Whey Concentrado - 100% Whey,129.9
2025-09-08,Whey Fort 3W,379.8
2025-09-08,Whey Isolado - Iso Triple Zero,419.8
2025-09-08,Whey Isolado - Isofort Ultra Imuno,599.8
2025-09-08,Whey Isolado e Hidrolisado - H.I Whey,239.9
2025-09-08,Whey Protein - 3W - The Whey,154.9
2025-09-08,Whey Protein - CLEANPRO,139.9
2025-09-08,Whey Protein - Isofort Beauty,149.9
2025-09-08,Whey Protein Concentrado,9794.4
2025-09-08,Whey Protein Concentrado Cappuccino 900g DUX,524.7
2025-09-08,Whey Protein Isolado,4298.4
2025-09-08,Whey Protein Isolado - Isofort,599.8
2025-09-08,Whey Protein Isolado - Tasty Iso,759.7
2025-09-08,Whey Tech 100%,1249.0
2025-09-08,Whey hidrolisado e isolado,1739.4
2025-09-08,Zinco Quelato,77.8
2025-09-08,Ômega -  Mega DHA,94.9
2025-09-08,Ômega - Mega DHA,169.9
2025-09-08,Ômega 3,324.8
2025-09-08,Ômega 3  - 1360mg,179.9
2025-09-08,Ômega 3 - 1360mg,1399.0
2025-09-08,Ômega 3 - EPA DHA - 1000mg,649.0
2025-09-08,Ômega 3 - Omegafor Memory,104.9
2025-09-08,Ômega 3 - Ultra Caps 1000mg,449.7
2025-09-08,Ômega 3 EPA DHA,1995.3
2025-09-08,Ômega 3 Kids,69.9
2025-09-08,Ômega 3 Pulse,389.7
2025-09-08,Ômega 3 Super DHA,119.9
2025-09-08,Ômega 3 Super DHA - BIG N,1049.0
2025-09-08,Ômega 3 Vegan DHA,89.9
2025-09-08,Ômega Core,599.7
2025-09-08,Ômega Golden,399.8
2025-09-15,100% Whey Protein - Flavour,249.8
2025-09-15,100% Whey Pure,419.7
2025-09-15,Achocolatado - Choco Family - Refil,46.9
2025-09-15,Achocolatado - Chocoki,79.9
2025-09-15,Adoçante Stévia,49.7
2025-09-15,Aminoácido - Tryptophan,49.9
2025-09-15,Aminoácido N-acetil L-cisteína (NAC),239.7
2025-09-15,Aminoácidos - Aminnu EAAs,399.8
2025-09-15,Aminoácidos - Aminolift,199.9
2025-09-15,Amora Miúra - 1500mg,39.81
2025-09-15,BT 400,210.9
2025-09-15,Barra Chocolate 70%,15.54
2025-09-15,Barrinha - Body Protein,120.0
2025-09-15,Barrinha de Proteína,154.92
2025-09-15,Barrinha de Proteína Choco Wheyfer,106.68
2025-09-15,Barrinha de Proteína Crunch,11.22
2025-09-15,Barrinha de Proteína Protein Crisp,319.6
2025-09-15,Barrinha de Proteína Thin,99.9
2025-09-15,Best Whey,344.15
2025-09-15,Beta Alanina,119.8
2025-09-15,Beta Alanina 100%,89.8
2025-09-15,Bio Ferro,42.9
2025-09-15,Bio Vitamina B12 em gotas,44.9
2025-09-15,Bio Zinco,36.9
2025-09-15,Biscoito Proteico,33.66
2025-09-15,Biscoito Proteico - Sublime,12.38
2025-09-15,Blend de Chá - Detox,29.9
2025-09-15,"Boraprim - Borragem, Prímula e Gergelim",45.9
2025-09-15,Cacau Premium,74.9
2025-09-15,CarbPro 4:1 - Endurance & Recovery,134.17
2025-09-15,Chá,7.2
2025-09-15,Coenzima Q10,79.9
2025-09-15,Coenzima Q10  (200mg p/ porção),629.7
2025-09-15,Coenzima Q10 (200mg p/ porção),996.1
2025-09-15,Coenzima Q10 + Ômega 3 + Vitamina E,979.3
2025-09-15,Coenzima Q10 - (100mg p/ porção),77.9
2025-09-15,Coenzima Q10+ 200mg,134.9
2025-09-15,Coffee - Brainstorm,119.9
2025-09-15,Colágeno - Body Collagen Protein,179.9
2025-09-15,Colágeno - Colagentek,169.8
2025-09-15,Colágeno - Colagentek Beauty,353.7
2025-09-15,Colágeno - Colagentek II,189.8
2025-09-15,Colágeno - Colagentek Protein - Bodybalance,999.4
2025-09-15,Colágeno - Collagen Essential Protein,229.9
2025-09-15,Colágeno - Collagen Flex + Beauty,143.27
2025-09-15,Colágeno - Collagen Gut,389.8
2025-09-15,Colágeno - Collagen Protein Hidrolisado,1439.2
2025-09-15,Colágeno - Collagen Protein Hidrolisado Berries Silvestres 450g PURAVIDA,359.8
2025-09-15,Colágeno - Collagen Renew Hidrolisado,849.03
2025-09-15,Colágeno - Collagen Tipo II 40mg,74.9
2025-09-15,Colágeno - Collpure®,162.9
2025-09-15,Colágeno Collagen Skin,349.47
2025-09-15,Colágeno Hidrolisado - Collagen Pro 18g,749.5
2025-09-15,Colágeno Tipo II - Artro Aid,189.8
2025-09-15,Colágeno tipo 2 - Colagentek II,94.9
2025-09-15,Complexo B - Bio Vit.B+,128.7
2025-09-15,Complexo B 500mg,39.9
2025-09-15,Creatina,154.8
2025-09-15,Creatina - Creafort (Creapure),1259.3
2025-09-15,Creatina - Creapure,779.5
2025-09-15,Creatina - Gummy,149.9
2025-09-15,Creatina 100%,99.9
2025-09-15,Creatina 100% Pure,109.9
2025-09-15,Creatina Monohidratada,2537.0
2025-09-15,Creatina Monohidratada (Creapure),389.8
2025-09-15,Creatina Monohidratada - Creatine,949.0
2025-09-15,Creatina Monohidratada - Hardcore,339.6
2025-09-15,Creatina Monohidratada em Gummy,119.9
2025-09-15,Creatina em Cápsulas,39.9
2025-09-15,Cromo Picolinato - 250mg,161.4
2025-09-15,Cúrcuma - Curcumagic,144.9
2025-09-15,Cúrcuma 500mg,89.9
2025-09-15,Cúrcuma Plus,392.2
2025-09-15,Dado de creatina,127.35
2025-09-15,Energy Gel c/ Cafeína,35.2
2025-09-15,Enzima Lactase - Laczyme,84.9
2025-09-15,Extrato de Laranja Moro 400mg,89.9
2025-09-15,Ferro - Ydrosolv,199.8
2025-09-15,Ferro Quelado 34mg,29.9
2025-09-15,Fibras Prébioticas - Prebiotic,131.8
2025-09-15,Fresh Vegan,139.9
2025-09-15,Fresh Whey,1239.3
2025-09-15,Gel - Endurance,69.9
2025-09-15,Gel Nitrato,25.46
2025-09-15,Glutamina,427.41
2025-09-15,Glutamina - Glutamax,204.7
2025-09-15,Glutamina em Pó,89.9
2025-09-15,Gold Whey Concentrado Refil,419.7
2025-09-15,Granola,61.8
2025-09-15,Granola Australia - Low Carb,39.9
2025-09-15,Grassfed Whey Protein,319.8
2025-09-15,Grassfed Whey Protein - Concentrado,459.8
2025-09-15,Hipercalórico - Monsterone,124.9
2025-09-15,Isofort Plant (Life Vegan),439.6
2025-09-15,L-Taurina - 1.000mg,109.8
2025-09-15,Laranja Moro,64.9
2025-09-15,Leite de Coco em Pó - Coco Cream,59.9
2025-09-15,MCT,129.9
2025-09-15,MCT LIFT,149.0
2025-09-15,Magnésio,134.7
2025-09-15,Magnésio - Bio Trimag,419.4
2025-09-15,Magnésio - Inositol Relief 3.0,1359.2
2025-09-15,Magnésio Inositol,504.7
2025-09-15,Magnésio Plus - 350mg,209.7
2025-09-15,Magnésio Plus 900mg,559.3
2025-09-15,Melatonina,109.8
2025-09-15,Melatonina - Sleepfor,139.8
2025-09-15,Melatonina - Ydrosolv,79.9
2025-09-15,Melatonina Duo,279.6
2025-09-15,Melatonina em Gotas,79.8
2025-09-15,Metilfolato,92.4
2025-09-15,Morning Shot - Imunidade,299.7
2025-09-15,Multivitaminico  - Imunomult- 1000mg,499.6
2025-09-15,N-Acetil Cisteína (NAC),74.9
2025-09-15,NAC + Glycine + Taurine,89.9
2025-09-15,NAC 650mg,119.8
2025-09-15,Nitro 400,164.9
2025-09-15,Nootrópico - Brain Up Am/Pm  60 caps TRUE SOURCE,144.9
2025-09-15,Omegafor Plus,3155.1
2025-09-15,Palatinose,122.8
2025-09-15,Pasta de Amendoim,471.9
2025-09-15,Pasta de Amendoim Integral,19.9
2025-09-15,Pasta de Castanha de Caju,68.15
2025-09-15,Probiótico - Simfort Plus,829.1
2025-09-15,Probióticos em Pó - Simfort,39.9
2025-09-15,Proteína - Isocrisp Plant Pouch,125.8
2025-09-15,Proteína Isolada e Hidrolisada - Body Coffee Protein,209.9
2025-09-15,Proteína Isolada e Hidrolisada - Body Protein,2518.8
2025-09-15,Proteína Isolada e Hidrolisada - Body Protein Red,1259.4
2025-09-15,Proteína Vegana,68.35
2025-09-15,Pré-Treino - V Fort Ultra,119.9
2025-09-15,Pré-treino,199.9
2025-09-15,Pré-treino - Energyzer & focus,119.9
2025-09-15,Pré-treino - Pre Workout,134.9
2025-09-15,Pré-treino - Égide,116.9
2025-09-15,Pré-treino Exquenta,299.8
2025-09-15,Pré-treino X7,66.75
2025-09-15,Próbiotico - Purabiotics,70.43
2025-09-15,Própolis - Green Própolis,62.9
2025-09-15,Própolis Líquido - Gotas,89.8
2025-09-15,Própolis Verde - Alcoólico,57.8
2025-09-15,Própolis Verde - Premium 10mg,64.9
2025-09-15,Própolis Verde - Propomax,28.9
2025-09-15,Psyllium,309.4
2025-09-15,Refil Whey 100% Pure,127.9
2025-09-15,Refil Whey Concentrado - W100,363.11
2025-09-15,Refil Whey Concentrado Havanna - W100,129.9
2025-09-15,Refil Whey Protein - 3W,199.9
2025-09-15,Repositor Energético - D Ribose,99.9
2025-09-15,Resveratrol - Resveramax,167.73
2025-09-15,Resveratrol Plus - 165mg,249.8
2025-09-15,Salgadinho,6.7
2025-09-15,Shot Matinal,74.9
2025-09-15,Simfort Ultra,478.08
2025-09-15,Simfort fibras,64.9
2025-09-15,Sleep,599.6
2025-09-15,Super Ômega 3,660.42
2025-09-15,SuperCoffee,2320.35
2025-09-15,SuperCoffee Língua de gato - Kopenhagen,329.8
2025-09-15,Suplemento - Super Night Control Blend,72.18
2025-09-15,Suplemento Alimentar  - Hepatofor,84.9
2025-09-15,Suplemento Alimentar - Alpha Inflaminus,289.8
2025-09-15,Suplemento Alimentar - GUARDIAN®,199.9
2025-09-15,Suplemento Alimentar - Pura Fiber,149.8
2025-09-15,Suplemento de Magnésio - Blue Calm,299.7
2025-09-15,Suplemento para Imunidade - Immune Up 100%,109.09
2025-09-15,Tasty Whey 3W Gourmet,622.3
2025-09-15,Termogênico - Lipix6,270.7
2025-09-15,Trio Magnésio 720mg,109.8
2025-09-15,Vegan Protein - Vegano,159.9
2025-09-15,Vitamina - Good Mood,119.8
2025-09-15,Vitamina B12,143.56
2025-09-15,Vitamina B9 - Metilfolato,54.9
2025-09-15,Vitamina C3 - 1000mg,89.9
2025-09-15,Vitamina D - Vita D3,105.8
2025-09-15,Vitamina D - Vita D3 + C + Zinco,119.8
2025-09-15,Vitamina D3,166.6
2025-09-15,Vitamina D3 + K2,427.65
2025-09-15,Vitamina D3 + K2 Gotas,209.7
2025-09-15,Vitamina D3 - Ydrosolv,84.9
2025-09-15,Vitamina D3 Synergy,359.4
2025-09-15,Vitamina D3+K2,75.06
2025-09-15,"Vitaminas A, E, D e K2- RESTAURE® - Gotas",476.7
2025-09-15,Whey,1359.5
2025-09-15,Whey - Immuno Golden,239.9
2025-09-15,Whey - Zero Lactose,479.8
2025-09-15,Whey 100% - Proteína Concentrada,159.9
2025-09-15,Whey 3W,619.6
2025-09-15,Whey Concentrado - 100% Whey,129.9
2025-09-15,Whey Fort 3W,1302.93
2025-09-15,Whey Isolado - Iso Triple Zero,839.6
2025-09-15,Whey Isolado - Isofort Ultra Imuno,299.9
2025-09-15,Whey Protein - Isofort Beauty,149.9
2025-09-15,Whey Protein Concentrado,6470.55
2025-09-15,Whey Protein Concentrado Cappuccino 900g DUX,524.7
2025-09-15,Whey Protein Isolado,4338.6
2025-09-15,Whey Protein Isolado - Isofort,599.8
2025-09-15,Whey Protein Isolado - Tasty Iso,249.9
2025-09-15,Whey Protein Vegetal,139.9
2025-09-15,Whey Tech 100%,749.4
2025-09-15,Whey hidrolisado e isolado Creme Broule 837g TRUE SOURCE,289.9
2025-09-15,Ômega -  Mega DHA,94.9
2025-09-15,Ômega - Mega DHA,509.7
2025-09-15,Ômega 3,169.9
2025-09-15,Ômega 3 - 1360mg,559.6
2025-09-15,Ômega 3 - EPA DHA - 1000mg,673.9
2025-09-15,Ômega 3 - Fish Oil,112.65
2025-09-15,Ômega 3 - Omegafor Memory,104.9
2025-09-15,Ômega 3 - Ultra Caps 1000mg,599.6
2025-09-15,Ômega 3 EPA DHA,1627.9
2025-09-15,Ômega 3 Pulse,129.9
2025-09-15,Ômega 3 Super DHA - BIG N,104.9
2025-09-15,Ômega 3 Super DHA BIG,189.9
2025-09-15,Ômega 3 Vegan DHA,89.9
2025-09-15,Ômega Beauty,69.9
2025-09-15,Ômega Core,599.7
2025-09-22,100% Whey Protein - Flavour,249.8
2025-09-22,100% Whey Pure,139.9
2025-09-22,Achocolatado - Choco Family - Refil,46.9
2025-09-22,Achocolatado - Chocoki,79.9
2025-09-22,Adoçante Stévia,49.7
2025-09-22,Aminoácido - Aminovita,563.6
2025-09-22,Aminoácido - BCAA - Glyco HD,29.9
2025-09-22,Aminoácidos - Aminolift,199.9
2025-09-22,Arginofor - L-Arginina,62.48
2025-09-22,BT Nitrato,139.9
2025-09-22,BT Nitrato 400,139.9
2025-09-22,Barrinha de Proteina - Protein Crisp Bar,159.8
2025-09-22,Barrinha de Proteína,168.68
2025-09-22,Barrinha de Proteína - PROTO WAFER,8.4
2025-09-22,Barrinha de Proteína Best Whey 49g (12g de Proteína),208.18
2025-09-22,Barrinha de Proteína Cleanpro Bar,96.9
2025-09-22,Barrinha de Proteína Crunch,11.22
2025-09-22,Barrinha de Proteína Protein Crisp,319.6
2025-09-22,Barrinha de Proteína Sensah!,109.9
2025-09-22,Barrinha de Proteína Thin,499.5
2025-09-22,Barrinha de Proteína Tube,9.54
2025-09-22,Barrinhas de Proteína Crunch,139.9
2025-09-22,Beta Alanina,119.97
2025-09-22,Bio Cálcio  60 caps PURAVIDA,74.9
2025-09-22,Bio Ferro,171.6
2025-09-22,Bio Vitamina B12 em gotas,179.6
2025-09-22,Bio Zinco,36.9
2025-09-22,Blend de Chá - Calmante,119.6
2025-09-22,Bombom,9.38
2025-09-22,Booster Energético - Upgrade Energy - TCM,125.64
2025-09-22,Cafeína - Caffeinex 200,68.84
2025-09-22,Chocolate - Chocolift,40.8
2025-09-22,Chá,7.2
2025-09-22,Coenzima  Q10 - 100mg,177.8
2025-09-22,Coenzima Q10,374.6
2025-09-22,Coenzima Q10  (200mg p/ porção),419.8
2025-09-22,Coenzima Q10 (200mg p/ porção),498.5
2025-09-22,Coenzima Q10 - (100mg p/ porção),77.9
2025-09-22,Coenzima Q10 200mg,94.9
2025-09-22,Coffee - Brainstorm,119.9
2025-09-22,Colágeno - Colagentek,84.9
2025-09-22,Colágeno - Colagentek Protein - Bodybalance,1319.2
2025-09-22,Colágeno - Collagen Essential Protein,399.8
2025-09-22,Colágeno - Collagen Flex + Beauty,143.27
2025-09-22,Colágeno - Collagen Gut,194.9
2025-09-22,Colágeno - Collagen Pro - Body Suport,189.9
2025-09-22,Colágeno - Collagen Protein Hidrolisado,539.7
2025-09-22,Colágeno - Collagen Renew Hidrolisado,153.8
2025-09-22,Colágeno - Collagen Tipo II 40mg,224.7
2025-09-22,Colágeno Collagen Skin,194.9
2025-09-22,Colágeno Hidrolisado - Collagen Pro 18g,449.7
2025-09-22,Colágeno Hidrolisado - Verisol,115.4
2025-09-22,Colágeno Tipo 1 e 2 - Collagen 2 Joint,199.9
2025-09-22,Colágeno Tipo II - Artro Aid,94.9
2025-09-22,Colágeno tipo 2 - Colagentek II,189.8
2025-09-22,Complexo B,83.09
2025-09-22,Complexo B - Bio Vit.B+,42.9
2025-09-22,Coq10 + Vitamina E,263.9
2025-09-22,Cranberry,49.9
2025-09-22,Creatina,59.9
2025-09-22,Creatina - Creafort (Creapure),1634.0
2025-09-22,Creatina - Creapure,119.9
2025-09-22,Creatina - Gummies,239.8
2025-09-22,Creatina - Gummy,149.9
2025-09-22,Creatina 100%,174.7
2025-09-22,Creatina 100% Pure,109.9
2025-09-22,Creatina Monohidratada,1959.7
2025-09-22,Creatina Monohidratada (Creapure),574.7
2025-09-22,Creatina Monohidratada - Creatine,459.5
2025-09-22,Creatina Monohidratada - Hardcore,174.8
2025-09-22,Creatina Premium - Creapure,229.9
2025-09-22,Creme de Pistache,69.9
2025-09-22,Cromo Picolinato - 250mg,26.9
2025-09-22,Cálcio de Algas 1000mg,56.9
2025-09-22,Cúrcuma Plus,249.6
2025-09-22,Extrato de Laranja Moro 400mg,193.5
2025-09-22,Ferro - Ydrosolv,99.9
2025-09-22,Ferro Quelado 34mg,59.8
2025-09-22,Ferro Quelato + Vitamina C,87.8
2025-09-22,Fibras - Fiberfor,189.8
2025-09-22,Fibras - Fiberlift,134.9
2025-09-22,Fibras Prébioticas - Prebiotic,197.7
2025-09-22,Fresh Vegan,839.4
2025-09-22,Fresh Whey,2058.9
2025-09-22,Gel Neutro Fresh com Cafeína,12.73
2025-09-22,Glutamina,465.52
2025-09-22,Glutamina - Glutamax,204.7
2025-09-22,Glutamina - Glutamax Refil,119.9
2025-09-22,Glutamina Pure,99.3
2025-09-22,Glutamina em Pó,179.8
2025-09-22,Granola,32.9
2025-09-22,Granola Australia - Low Carb,39.9
2025-09-22,Grassfed Whey Protein,689.7
2025-09-22,Grassfed Whey Protein - Concentrado,159.9
2025-09-22,Hipercalórico - Creamass,99.9
2025-09-22,Isofort Plant (Life Vegan),109.9
2025-09-22,Maca Peruana,57.0
2025-09-22,Magnésio,134.7
2025-09-22,Magnésio - 3MAG - Pool de Magnésio,139.8
2025-09-22,Magnésio - Bio Trimag,279.6
2025-09-22,Magnésio - Inositol Relief 3.0,1019.4
2025-09-22,Magnésio - Mag 5 Complex,145.8
2025-09-22,Magnésio Inositol,419.05
2025-09-22,Magnésio Plus 900mg,79.9
2025-09-22,Magnésio Quelato - Bio Mag,139.8
2025-09-22,Melatonina,54.9
2025-09-22,Melatonina - Sleepfor,139.8
2025-09-22,Melatonina Duo,69.9
2025-09-22,Melatonina em Gotas,160.2
2025-09-22,Mistura para Bolo de Caneca	,11.98
2025-09-22,Mistura para Pão de Frigideira Proteico,11.98
2025-09-22,Morning Shot - Imunidade,499.5
2025-09-22,Multivitaminico  - Imunomult- 1000mg,254.8
2025-09-22,Omegafor Plus,2878.0
2025-09-22,Palatinose,317.5
2025-09-22,Palatinose 100% - Carbolift,205.7
2025-09-22,Pasta de Amendoim,54.9
2025-09-22,Pasta de Amendoim Integral,19.9
2025-09-22,Pasta de Castanha de Caju,38.9
2025-09-22,Paçoquinha,21.0
2025-09-22,Polivitamínico - Berryki,53.55
2025-09-22,Prebiótico - Fiber Liv,75.01
2025-09-22,Probiótico - Simcaps,74.9
2025-09-22,Probiótico - Simfort Plus,859.0
2025-09-22,Probióticos em Pó - Simfort,89.9
2025-09-22,Profem - Óleo de Prímula,62.0
2025-09-22,Proteína Isolada e Hidrolisada - Body Protein,1679.2
2025-09-22,Proteína Isolada e Hidrolisada - Body Protein Red,629.7
2025-09-22,Proteína Vegana - Vegan Tasty,249.8
2025-09-22,Proteína Vegetal - Vegan Tasty,499.6
2025-09-22,Pré-Treino - V Fort Ultra,229.8
2025-09-22,Pré-treino - Energy Kick,374.7
2025-09-22,Pré-treino - Energyzer & focus,119.9
2025-09-22,Própolis - Green Própolis,62.9
2025-09-22,Própolis Verde - Premium 10mg,194.7
2025-09-22,Própolis Verde 70,194.5
2025-09-22,Psyllium,414.4
2025-09-22,Refil Creatina,159.9
2025-09-22,Refil Whey 100% Pure,383.7
2025-09-22,Refil Whey Concentrado - W100,627.91
2025-09-22,Refil Whey Protein - 3W,199.9
2025-09-22,Shot Matinal,149.8
2025-09-22,Simfort Ultra,94.9
2025-09-22,Simfort fibras,194.7
2025-09-22,Sleep,179.9
2025-09-22,Super Ômega 3,557.51
2025-09-22,SuperCoffee,1853.7
2025-09-22,SuperCoffee Língua de gato - Kopenhagen,1329.2
2025-09-22,Suplemento - Hyaluronic Hair,74.9
2025-09-22,Suplemento Alimentar  - Hepatofor,84.9
2025-09-22,Suplemento Alimentar - Alpha Inflaminus,289.8
2025-09-22,Suplemento Alimentar - Alpha Mater,144.9
2025-09-22,Suplemento Alimentar - Alpha Men,159.9
2025-09-22,Suplemento Alimentar - GUARDIAN®,999.5
2025-09-22,Suplemento Alimentar - Geleia Real - Apireal,42.9
2025-09-22,Suplemento Alimentar - Immune +,141.58
2025-09-22,Suplemento Alimentar - True Nac,68.9
2025-09-22,Suplemento de Magnésio - Blue Calm,259.8
2025-09-22,Suplemento para Imunidade - Immune Up 100%,109.09
2025-09-22,Tablete de Doce,33.6
2025-09-22,Tasty Whey 3W Gourmet,539.7
2025-09-22,Termogênico - Termo Plus,119.9
2025-09-22,Tortinha Proteica,31.74
2025-09-22,Trio Magnésio 720mg,109.8
2025-09-22,Triptofano - Triptoflex 215mg,42.08
2025-09-22,True Cúrcuma com Ômega,114.69
2025-09-22,Vegan Protein - Vegano,159.9
2025-09-22,Vitamina - Good Mood,119.8
2025-09-22,Vitamina B12,487.5
2025-09-22,Vitamina C - Bio Vit C+,147.4
2025-09-22,Vitamina C - VIT C 4 Protect,129.9
2025-09-22,Vitamina C - Ydrosolv,89.9
2025-09-22,Vitamina D - Vita D3,274.5
2025-09-22,Vitamina D - Vita D3 + C + Zinco,59.9
2025-09-22,Vitamina D3,38.9
2025-09-22,Vitamina D3 + K2,410.65
2025-09-22,Vitamina D3 + K2 Gotas,209.7
2025-09-22,Vitamina D3 - 2000 Ui,73.8
2025-09-22,Vitamina D3 Synergy,119.8
2025-09-22,Whey,1919.4
2025-09-22,Whey - Isocrisp Pouch,169.8
2025-09-22,Whey - Zero Lactose,239.9
2025-09-22,Whey 3W,154.9
2025-09-22,Whey Isolado,234.85
2025-09-22,Whey Isolado - Iso Triple Zero,629.7
2025-09-22,Whey Isolado e Hidrolisado - H.I Whey,442.18
2025-09-22,Whey Protein - Isofort Beauty,449.7
2025-09-22,Whey Protein 3W,174.9
2025-09-22,Whey Protein Concentrado,6296.4
2025-09-22,Whey Protein Concentrado Cappuccino 900g DUX,349.8
2025-09-22,Whey Protein Crisp - Isocrisp,46.9
2025-09-22,Whey Protein Hidrolisado,369.9
2025-09-22,Whey Protein ISO 100 Hydrolyzed,722.03
2025-09-22,Whey Protein Isolado,4338.6
2025-09-22,Whey Protein Isolado - Isofort,899.7
2025-09-22,Whey Protein Isolado - Tasty Iso,509.8
2025-09-22,Whey Tech 100%,749.4
2025-09-22,Whey hidrolisado e isolado,1159.6
2025-09-22,Ômega -  Mega DHA,189.8
2025-09-22,Ômega 3  - 1360mg,179.9
2025-09-22,Ômega 3 - 1360mg,279.8
2025-09-22,Ômega 3 - EPA DHA - 1000mg,189.7
2025-09-22,Ômega 3 - Omegafor Memory,104.9
2025-09-22,Ômega 3 - Ultra Caps 1000mg,299.8
2025-09-22,Ômega 3 DHA,239.8
2025-09-22,Ômega 3 EPA DHA,1509.9
2025-09-22,Ômega 3 Fosfatix,150.28
2025-09-22,Ômega 3 Pulse,129.9
2025-09-22,Ômega 3 Super DHA - BIG N,419.6
2025-09-22,Ômega 3 Super DHA BIG,189.9
2025-09-22,Ômega Joint,599.7
2025-09-29,100% Whey Protein - Flavour,124.9
2025-09-29,100% Whey Pure,279.8
2025-09-29,Achocolatado - Chocoki,159.8
2025-09-29,Aminoácido - Amino Builder,154.35
2025-09-29,Aminoácido - Aminovita,144.9
2025-09-29,Aminoácido N-acetil L-cisteína (NAC),239.7
2025-09-29,Aminoácidos - Aminnu EAAs,799.6
2025-09-29,Aminoácidos - Aminnu EAAs - Sem Xilitol,599.7
2025-09-29,BT 400,421.8
2025-09-29,BT Gel Nitrato,119.9
2025-09-29,BT Nitrato,459.7
2025-09-29,BT Nitrato 400,319.8
2025-09-29,Barra Chocolate 40%,15.54
2025-09-29,Barra Chocolate 70%,15.54
2025-09-29,Barrinha de Chocolate 70%,39.36
2025-09-29,Barrinha de Proteína,339.6
2025-09-29,Barrinha de Proteína - YOPRO,26.5
2025-09-29,Barrinha de Proteína Crunch,11.22
2025-09-29,Barrinha de Proteína Protein Crisp,151.9
2025-09-29,Barrinha de Proteína Sensah!,109.9
2025-09-29,Barrinha de Proteína Tube,99.9
2025-09-29,Barrinha de Proteína Whey Grego - Havanna,109.9
2025-09-29,Bebida Vegetal em Pó - Vegan Delight,89.9
2025-09-29,Beef Protein,459.8
2025-09-29,Best Whey,584.7
2025-09-29,Beta Alanina,428.47
2025-09-29,Beta Alanina 100%,44.9
2025-09-29,Bio Cálcio  60 caps PURAVIDA,224.7
2025-09-29,Bio Ferro,128.7
2025-09-29,Bio Vitamina B12 em gotas,314.3
2025-09-29,Bio Zinco,147.6
2025-09-29,Biotina Plus,93.8
2025-09-29,Biscoito Proteico,78.54
2025-09-29,Blend de Chá - Detox,59.8
2025-09-29,Blend de Chá - Energia,59.8
2025-09-29,Bom Ciclo,73.02
2025-09-29,"Boraprim - Borragem, Prímula e Gergelim",254.7
2025-09-29,Cafeína - Caffeinex 200,77.8
2025-09-29,Chocolate com Cranberry,29.9
2025-09-29,Coenzima  Q10 - 100mg,88.9
2025-09-29,Coenzima Q10,159.8
2025-09-29,Coenzima Q10  (200mg p/ porção),532.9
2025-09-29,Coenzima Q10 (200mg p/ porção),306.7
2025-09-29,Coenzima Q10 + Ômega 3 + Vitamina E,559.6
2025-09-29,Coenzima Q10 200mg,189.8
2025-09-29,Coffee - Brainstorm,119.9
2025-09-29,Colágeno - Colagentek,169.8
2025-09-29,Colágeno - Colagentek Protein - Bodybalance,824.5
2025-09-29,Colágeno - Collagen Bones,194.9
2025-09-29,Colágeno - Collagen Derm,149.92
2025-09-29,Colágeno - Collagen Essential Protein,459.8
2025-09-29,Colágeno - Collagen Gut,584.7
2025-09-29,Colágeno - Collagen Pro - Beauty Blend,163.98
2025-09-29,Colágeno - Collagen Protein Hidrolisado,359.8
2025-09-29,Colágeno - Collagen Protein Hidrolisado Berries Silvestres 450g PURAVIDA,359.8
2025-09-29,Colágeno - Collagen Renew Hidrolisado,384.5
2025-09-29,Colágeno - Collagen Tipo II 40mg,74.9
2025-09-29,Colágeno Collagen Skin,389.8
2025-09-29,Colágeno Hidrolisado - Collagen Pro 18g,890.57
2025-09-29,Colágeno Tipo II,119.8
2025-09-29,Colágeno Tipo II - Artro Aid,284.7
2025-09-29,Complexo B - Bio Vit.B+,42.9
2025-09-29,Creatina - Creafort (Creapure),1898.9
2025-09-29,Creatina - Creapure,179.9
2025-09-29,Creatina - Gummy,289.8
2025-09-29,Creatina 100%,59.9
2025-09-29,Creatina Monohidratada,3765.3
2025-09-29,Creatina Monohidratada (Creapure),959.5
2025-09-29,Creatina Monohidratada - Crea Pepto,75.22
2025-09-29,Creatina Monohidratada - Creatine,1168.7
2025-09-29,Creatina Monohidratada - Hardcore,179.8
2025-09-29,Creatina Monohidratada em Gummy,109.9
2025-09-29,Creatina Premium - Creapure,459.8
2025-09-29,Cromo Picolinato - 250mg,53.8
2025-09-29,Cálcio de Algas 1000mg,113.8
2025-09-29,Cúrcuma,69.9
2025-09-29,Cúrcuma - Curcumagic,368.4
2025-09-29,Cúrcuma Plus,489.8
2025-09-29,Enzima Lactase - Laczyme,84.9
2025-09-29,Ferro Quelato + Vitamina C,175.6
2025-09-29,Fibras Prébioticas - Prebiotic,263.6
2025-09-29,Focus Energy,79.2
2025-09-29,Fresh Vegan,139.9
2025-09-29,Fresh Whey,2768.3
2025-09-29,Gel - Endurance,69.9
2025-09-29,Glutamina,117.8
2025-09-29,Glutamina - Glutamax,79.9
2025-09-29,Glutamina - Glutamax Refil,119.9
2025-09-29,Glutamina Isolates,64.9
2025-09-29,Glutamina em Pó,489.5
2025-09-29,Gold Whey Concentrado Refil,279.8
2025-09-29,Granola,90.7
2025-09-29,Grassfed Whey Protein,689.7
2025-09-29,Hipercalórico - Monsterone,504.6
2025-09-29,Immuno Whey,479.8
2025-09-29,Isofort Plant (Life Vegan),439.6
2025-09-29,Laranja Moro - Moroskinny,112.9
2025-09-29,Leite de Coco em Pó - Coco Cream,59.9
2025-09-29,MCT LIFT,149.0
2025-09-29,Maca Peruana,42.9
2025-09-29,Magnésio,179.6
2025-09-29,Magnésio + Inositol Relief 2.0,169.9
2025-09-29,Magnésio - Bio Trimag,419.4
2025-09-29,Magnésio - Inositol Relief 3.0,339.8
2025-09-29,Magnésio - Mag 5 Complex,72.9
2025-09-29,Magnésio Inositol,803.85
2025-09-29,Magnésio Plus - 350mg,139.8
2025-09-29,Magnésio Plus 900mg,159.8
2025-09-29,Magnésio Quelato - Bio Mag,209.7
2025-09-29,Matchá - Chá Verde em Pó,76.9
2025-09-29,Melatonina Duo,139.8
2025-09-29,Melatonina Fast,39.9
2025-09-29,Melatonina em Gotas,199.5
2025-09-29,Morning Shot - Imunidade,299.7
2025-09-29,Multivitaminico  - Imunomult- 1000mg,124.9
2025-09-29,NAC + Glycine + Taurine,89.9
2025-09-29,NAC PRO,59.1
2025-09-29,Nitro 400,164.9
2025-09-29,Nootrópico - Brain Up,144.9
2025-09-29,Omegafor Family - Ômega 3,189.8
2025-09-29,Omegafor Plus,3217.0
2025-09-29,Palatinose,245.6
2025-09-29,Palatinose 100% - Carbolift,305.6
2025-09-29,Pasta de Amendoim,311.33
2025-09-29,Pasta de Amendoim Granulado,19.9
2025-09-29,Pasta de Amendoim Integral,19.9
2025-09-29,Pasta de Castanha de Caju,116.7
2025-09-29,Probiótico - Simcaps,57.8
2025-09-29,Probiótico - Simfort Plus,1070.4
2025-09-29,Profem - Óleo de Prímula,62.0
2025-09-29,Proteína - Isocrisp Plant - Pote,25.08
2025-09-29,Proteína - Isocrisp Plant Pouch,62.9
2025-09-29,Proteína Isolada e Hidrolisada - Body Protein,1889.1
2025-09-29,Proteína Isolada e Hidrolisada - Body Protein Red,629.7
2025-09-29,Pré-Treino,104.9
2025-09-29,Pré-Treino - Beta Action,209.9
2025-09-29,Pré-Treino - V Fort Ultra,459.6
2025-09-29,Pré-treino - Energy Kick,124.9
2025-09-29,Pré-treino - Energyzer & focus,119.9
2025-09-29,Pré-treino - Pre Workout,134.9
2025-09-29,Pré-treino - Égide,233.8
2025-09-29,Própolis Alcoólico,28.9
2025-09-29,Própolis Líquido - Gotas,89.8
2025-09-29,Própolis Trio,69.9
2025-09-29,Própolis Verde - Alcoólico,57.8
2025-09-29,Própolis Verde - Premium 10mg,194.7
2025-09-29,Própolis Verde - Propomax,28.9
2025-09-29,Própolis Verde 70,38.9
2025-09-29,Psyllium,419.3
2025-09-29,Refil 100% Whey Protein - Flavour,119.9
2025-09-29,Refil Whey 100% Pure,478.7
2025-09-29,Refil Whey Concentrado - W100,368.11
2025-09-29,Refil Whey Concentrado Havanna - W100,259.8
2025-09-29,Refil Whey Protein - 3W,199.9
2025-09-29,Refil Whey Protein 100%,199.8
2025-09-29,Refil Whey Protein Concentrado,311.9
2025-09-29,Resveratrol Plus - 165mg,254.8
2025-09-29,Sachê de Óleo De Coco,3.9
2025-09-29,Salgadinho,25.4
2025-09-29,Simfort Femme,269.7
2025-09-29,Sleep,539.7
2025-09-29,Spirulina 400mg,85.9
2025-09-29,Spirulina Orgânica - 200 tabletes,129.9
2025-09-29,Super Ômega 3,1010.94
2025-09-29,SuperCoffee,1509.0
2025-09-29,SuperCoffee Língua de gato - Kopenhagen,1659.0
2025-09-29,Suplemento - Hyaluronic Hair,299.6
2025-09-29,Suplemento Alimentar - Alpha Mater,144.9
2025-09-29,Suplemento Alimentar - Alpha Men,159.9
2025-09-29,Suplemento Alimentar - GUARDIAN®,599.7
2025-09-29,Suplemento Alimentar - L-teanina - Happy Theanine,149.9
2025-09-29,Suplemento de Magnésio - Blue Calm,399.6
2025-09-29,Tasty Whey 3W Gourmet,1930.25
2025-09-29,Termogênico - Lipix6,107.9
2025-09-29,Termogênico - Termo Plus,239.8
2025-09-29,Trio Magnésio 720mg,109.8
2025-09-29,True Cúrcuma com Ômega,114.69
2025-09-29,Vitamina - Good Mood,179.27
2025-09-29,Vitamina B12,454.76
2025-09-29,Vitamina B9 - Ácido Fólico,89.9
2025-09-29,Vitamina C,68.9
2025-09-29,Vitamina C - Bio Vit C+,199.6
2025-09-29,Vitamina C3 - 1000mg,54.9
2025-09-29,Vitamina D - Vita D3,164.7
2025-09-29,Vitamina D - Vita D3 + C + Zinco,325.4
2025-09-29,Vitamina D3,77.8
2025-09-29,Vitamina D3 + K2,335.1
2025-09-29,Vitamina D3 + K2 Gotas,139.8
2025-09-29,Vitamina D3 Synergy,119.8
2025-09-29,Vitamina D3+K2,75.06
2025-09-29,Vitamina K2- Menaquinona,53.17
2025-09-29,Whey,959.6
2025-09-29,Whey - Isocrisp Pouch,169.8
2025-09-29,Whey - Zero Lactose,239.9
2025-09-29,Whey 3W,309.8
2025-09-29,Whey Concentrado - 100% Whey,129.9
2025-09-29,Whey Concentrado - W100,129.9
2025-09-29,Whey Fort 3W,1519.2
2025-09-29,Whey Isolado,384.1
2025-09-29,Whey Isolado - Iso Triple Zero,419.8
2025-09-29,Whey Isolado e Hidrolisado - H.I Whey,239.9
2025-09-29,Whey Protein - CLEANPRO,279.8
2025-09-29,Whey Protein - Isofort Beauty,299.8
2025-09-29,Whey Protein 3W,174.9
2025-09-29,Whey Protein Concentrado,7520.7
2025-09-29,Whey Protein Concentrado Cappuccino 900g DUX,699.6
2025-09-29,Whey Protein Crisp - Isocrisp,187.6
2025-09-29,Whey Protein Isolado,3863.7
2025-09-29,Whey Protein Isolado - Isofort,1799.4
2025-09-29,Whey Protein Isolado - Tasty Iso,1539.4
2025-09-29,Whey Tech 100%,874.3
2025-09-29,Whey hidrolisado e isolado,579.8
2025-09-29,Zinco,34.9
2025-09-29,Óleo De Coco Extravirgem,29.9
2025-09-29,Óleo de Coco  - Spray,32.9
2025-09-29,Ômega 3,245.8
2025-09-29,Ômega 3  - 1360mg,539.7
2025-09-29,Ômega 3 - 1360mg,419.7
2025-09-29,Ômega 3 - EPA DHA - 1000mg,179.7
2025-09-29,Ômega 3 - Fish Oil,337.95
2025-09-29,Ômega 3 - Omegafor Memory,209.8
2025-09-29,Ômega 3 - Pro,48.9
2025-09-29,Ômega 3 - Ultra Caps 1000mg,299.8
2025-09-29,Ômega 3 DHA,119.9
2025-09-29,Ômega 3 EPA DHA,1872.1
2025-09-29,Ômega 3 Fosfatix,150.28
2025-09-29,Ômega 3 Kids,69.9
2025-09-29,Ômega 3 Pulse,129.9
2025-09-29,Ômega 3 Super DHA - BIG N,419.6
2025-09-29,Ômega 3 Super DHA BIG,379.8
2025-09-29,Ômega Core,199.9
2025-09-29,Ômega Ultra - 1000mg,269.7
2025-10-06,#Whey Protein Concentrado,111.94
2025-10-06,100% Whey Pure,839.4
2025-10-06,Achocolatado - Chocoki,79.9
2025-10-06,Adoçante Stévia,49.7
2025-10-06,Aminoácido - BCAA - Glyco HD,29.9
2025-10-06,Aminoácido N-acetil L-cisteína (NAC),399.5
2025-10-06,Aminoácidos - Aminnu EAAs,199.9
2025-10-06,Amêndoas com Chocolate - Chocolift,21.6
2025-10-06,Antioxidante - Licopeno de Tomate,47.18
2025-10-06,BT Nitrato 400,319.8
2025-10-06,Barra Chocolate 70%,62.16
2025-10-06,Barrinha - Body Protein,24.0
2025-10-06,Barrinha de Chocolate ao Leite,9.84
2025-10-06,Barrinha de Proteina - Protein Crisp Bar,79.9
2025-10-06,Barrinha de Proteína,1188.18
2025-10-06,Barrinha de Proteína - Best Whey Bar,21.12
2025-10-06,Barrinha de Proteína - Protein Crisp Bar,239.7
2025-10-06,Barrinha de Proteína Choco Wheyfer,16.78
2025-10-06,Barrinha de Proteína Crunch,38.0
2025-10-06,Barrinha de Proteína Protein Crisp,72.0
2025-10-06,Barrinha de Proteínaa Quest Bar - 60g (20g de proteína),225.0
2025-10-06,Beef Protein,229.9
2025-10-06,Best Whey,194.9
2025-10-06,Beta Alanina,299.5
2025-10-06,Bio Cálcio  60 caps PURAVIDA,74.9
2025-10-06,Bio Ferro,171.6
2025-10-06,Bio Zinco,68.62
2025-10-06,Biotina Plus,93.8
2025-10-06,Biscoito Proteico,78.54
2025-10-06,Blend de Chá - Detox,59.8
2025-10-06,Body Protein Vegano,156.9
2025-10-06,BodyBalance - Muscle Synergy,239.9
2025-10-06,Booster Energético - Upgrade Energy - TCM,125.64
2025-10-06,"Boraprim - Borragem, Prímula e Gergelim",169.8
2025-10-06,Cocada,4.2
2025-10-06,Coenzima  Q10 - 100mg,88.9
2025-10-06,Coenzima Q10,79.9
2025-10-06,Coenzima Q10  (200mg p/ porção),371.4
2025-10-06,Coenzima Q10 (200mg p/ porção),699.4
2025-10-06,Coenzima Q10 + Ômega 3 + Vitamina E,839.4
2025-10-06,Coenzima Q10 - 200mg,139.9
2025-10-06,Coenzima Q10 100 Mg,239.8
2025-10-06,Coenzima Q10 200mg,94.9
2025-10-06,Coffee - Brainstorm,119.9
2025-10-06,Colágeno - Body Collagen Protein,179.9
2025-10-06,Colágeno - Colagentek,429.5
2025-10-06,Colágeno - Colagentek II,229.3
2025-10-06,Colágeno - Colagentek Protein - Bodybalance,1983.8
2025-10-06,Colágeno - Collagen Derm,170.1
2025-10-06,Colágeno - Collagen Essential Protein,878.02
2025-10-06,Colágeno - Collagen Gut,194.9
2025-10-06,Colágeno - Collagen Pro - Beauty Blend,163.98
2025-10-06,Colágeno - Collagen Pro - Body Suport,569.7
2025-10-06,Colágeno - Collagen Protein Hidrolisado,359.8
2025-10-06,Colágeno - Collagen Protein Hidrolisado Berries Silvestres 450g PURAVIDA,359.8
2025-10-06,Colágeno - Collagen Renew Hidrolisado,290.54
2025-10-06,Colágeno Hidrolisado - Collagen Pro 18g,1631.24
2025-10-06,Colágeno Tipo II,119.8
2025-10-06,Colágeno Tipo II - Artro Aid,94.9
2025-10-06,Colágeno tipo 2 - Colagentek II,94.9
2025-10-06,Complexo B,209.8
2025-10-06,Creatina,144.8
2025-10-06,Creatina - Creafort (Creapure),719.6
2025-10-06,Creatina - Creapure,129.9
2025-10-06,Creatina 100%,119.8
2025-10-06,Creatina 100% Pure,109.9
2025-10-06,Creatina Monohidratada,2097.3
2025-10-06,Creatina Monohidratada (Creapure),959.5
2025-10-06,Creatina Monohidratada -  Crealift (Creapure),899.7
2025-10-06,Creatina Monohidratada - Creatine,1078.8
2025-10-06,Creatina Monohidratada - Hardcore,269.7
2025-10-06,Creatina Monohidratada em Gummy,219.8
2025-10-06,Creatina Premium - Creapure,229.9
2025-10-06,Cromo Picolinato - 250mg,26.9
2025-10-06,Cúrcuma - Curcumagic,144.9
2025-10-06,Cúrcuma Plus,654.1
2025-10-06,Energy Gel,71.28
2025-10-06,Enzimas Enzyfor,419.7
2025-10-06,Feno Grego,139.8
2025-10-06,Ferro - Ydrosolv,99.9
2025-10-06,Ferro Quelado 34mg,59.8
2025-10-06,Ferro Quelato + Vitamina C,131.7
2025-10-06,Fresh Vegan,139.9
2025-10-06,Fresh Whey,2358.6
2025-10-06,Gel - Endurance,69.9
2025-10-06,Gel Nitrato,12.73
2025-10-06,Glutamina,458.4
2025-10-06,Glutamina - Glutamax,409.4
2025-10-06,Glutamina - Glutamax Refil,119.9
2025-10-06,Glutamina Isolates,64.9
2025-10-06,Glutamina Micronizada - 100% Pure,59.9
2025-10-06,Glutamina em Pó,89.9
2025-10-06,Granola - Zero Açúcar,28.9
2025-10-06,Granola Australia - Low Carb,39.9
2025-10-06,Granola Coconut,39.9
2025-10-06,Hipercalórico - Hiper Mass Gainer,121.69
2025-10-06,Isofort Plant (Life Vegan),109.9
2025-10-06,Laranja Moro - Moroskinny,112.9
2025-10-06,MCT LIFT,149.0
2025-10-06,Maca Peruana,57.0
2025-10-06,Magnésio,44.9
2025-10-06,Magnésio + Inositol Relief 2.0,169.9
2025-10-06,Magnésio - 3MAG - Pool de Magnésio,69.9
2025-10-06,Magnésio - Bio Trimag,629.1
2025-10-06,Magnésio - Inositol Relief 3.0,509.7
2025-10-06,Magnésio - Mag 5 Complex,72.9
2025-10-06,Magnésio Dimalato,46.9
2025-10-06,Magnésio Inositol,1159.2
2025-10-06,Magnésio Plus - 350mg,279.6
2025-10-06,Magnésio Plus 900mg,239.7
2025-10-06,Melatonina - Sleepfor,139.8
2025-10-06,Melatonina Duo,139.8
2025-10-06,Melatonina Duo Harmony,124.9
2025-10-06,Melatonina Fast,39.9
2025-10-06,Melatonina em Gotas,39.9
2025-10-06,Morning Shot - Imunidade,999.0
2025-10-06,Multivitaminico  - Imunomult- 1000mg,129.9
2025-10-06,Multivitaminico - Imunomult- 1000mg,179.8
2025-10-06,Multivitamínico - Vitalift,189.9
2025-10-06,N-Acetil Cisteína (NAC),74.9
2025-10-06,NAC + Glycine + Taurine,89.9
2025-10-06,NAC 650mg,59.25
2025-10-06,NAC Acetilcisteína -  600mg,86.9
2025-10-06,Nitro 400,494.7
2025-10-06,Omegafor Family - Ômega 3,119.9
2025-10-06,Omegafor Plus,3623.8
2025-10-06,Palatinose,59.9
2025-10-06,Pasta de Amendoim,285.4
2025-10-06,Pasta de Amendoim Integral,19.9
2025-10-06,Pasta de Castanha de Caju,38.9
2025-10-06,Prebiótico - Fiber Liv,150.02
2025-10-06,Probiótico - Simcaps,74.9
2025-10-06,Probiótico - Simfort Plus,529.3
2025-10-06,Probióticos em Pó - Simfort,39.9
2025-10-06,Proteina Vegetal - True Vegan,184.9
2025-10-06,Proteína - Best Vegan,99.9
2025-10-06,Proteína - Isocrisp Plant Pouch,62.9
2025-10-06,Proteína Isolada e Hidrolisada - Body Protein,1679.2
2025-10-06,Proteína Isolada e Hidrolisada - Body Protein Red,629.7
2025-10-06,Proteína Vegetal - Vegan Tasty,124.9
2025-10-06,Pré-Treino,369.6
2025-10-06,Pré-Treino - V Fort Ultra,344.7
2025-10-06,Pré-treino,199.9
2025-10-06,Pré-treino - Energy Kick,249.8
2025-10-06,Pré-treino Exquenta,149.9
2025-10-06,Própolis - Green Própolis,125.8
2025-10-06,Própolis Líquido - Gotas,89.8
2025-10-06,Própolis Verde - Premium 10mg,194.7
2025-10-06,Própolis Verde - Propomax,57.8
2025-10-06,Psyllium,189.7
2025-10-06,Refil 100% Whey Protein - Flavour,119.9
2025-10-06,Refil Creatina,319.8
2025-10-06,Refil Whey 100% Pure,255.8
2025-10-06,Refil Whey Concentrado - W100,622.91
2025-10-06,Refil Whey Concentrado Havanna - W100,129.9
2025-10-06,Refil Whey Protein - 3W,199.9
2025-10-06,Refil Whey Protein Concentrado,169.9
2025-10-06,Refil Whey Protein Isolado,619.65
2025-10-06,Resveratrol 500mg,129.8
2025-10-06,Sachê de Óleo De Coco,3.9
2025-10-06,Shot Matinal,74.9
2025-10-06,Simfort Femme,89.9
2025-10-06,Sleep,659.6
2025-10-06,Spirulina Orgânica - 200 tabletes,129.9
2025-10-06,Super Ômega 3,2099.82
2025-10-06,SuperCoffee,1878.8
2025-10-06,SuperCoffee Língua de gato - Kopenhagen,1988.8
2025-10-06,Suplemento - Hyaluronic Hair,149.8
2025-10-06,Suplemento - Laranja Moro,89.9
2025-10-06,Suplemento Alimentar - Alpha A até Z,54.9
2025-10-06,Suplemento Alimentar - Alpha Mater,144.9
2025-10-06,Suplemento Alimentar - Alpha Men,159.9
2025-10-06,"Suplemento Alimentar - Cabelo, Pele e Unha - Gomas",71.14
2025-10-06,Suplemento Alimentar - GUARDIAN®,199.9
2025-10-06,Suplemento Alimentar - L-teanina - Happy Theanine,149.9
2025-10-06,Suplemento Alimentar - Pura Fiber,74.9
2025-10-06,Suplemento Alimentar - Slim Shape,139.8
2025-10-06,Suplemento Vitamínico - Alpha Harmony,117.24
2025-10-06,Suplemento de Magnésio - Blue Calm,1199.1
2025-10-06,Suplemento para Imunidade - Immunity Guard,83.04
2025-10-06,Tablete de Doce,4.2
2025-10-06,Tasty Whey 3W Gourmet,1799.0
2025-10-06,Termogênico - Lipix6,433.6
2025-10-06,Trio Magnésio 720mg,274.5
2025-10-06,True Cúrcuma com Ômega,114.69
2025-10-06,Ultracoffee - Vegano,219.8
2025-10-06,Vitamina B12,297.2
2025-10-06,Vitamina C - Ydrosolv,89.9
2025-10-06,Vitamina D - Kids,47.7
2025-10-06,Vitamina D - Vita D3,638.8
2025-10-06,Vitamina D - Vita D3 + C + Zinco,239.6
2025-10-06,Vitamina D3,311.2
2025-10-06,Vitamina D3 + K2,69.9
2025-10-06,Vitamina D3 Synergy,119.8
2025-10-06,Whey,639.8
2025-10-06,Whey 3W,464.7
2025-10-06,Whey Fort 3W,579.7
2025-10-06,Whey Isolado - Iso Triple Zero,839.6
2025-10-06,Whey Isolado e Hidrolisado - H.I Whey,239.9
2025-10-06,Whey Protein - 3W - The Whey,154.9
2025-10-06,Whey Protein - Isofort Beauty,149.9
2025-10-06,Whey Protein 3W,349.8
2025-10-06,Whey Protein Concentrado,8045.4
2025-10-06,Whey Protein Concentrado Cappuccino 900g DUX,1047.9
2025-10-06,Whey Protein ISO 100 Hydrolyzed,722.03
2025-10-06,Whey Protein Isolado,3588.8
2025-10-06,Whey Protein Isolado - Isofort,299.9
2025-10-06,Whey Protein Vegetal,139.9
2025-10-06,Whey Tech 100%,1373.9
2025-10-06,Whey hidrolisado e isolado,1348.2
2025-10-06,Zinco,34.9
2025-10-06,Óleo de Prímula - 500mg,131.6
2025-10-06,Ômega -  Mega DHA,94.9
2025-10-06,Ômega - Mega DHA,509.7
2025-10-06,Ômega 3  - 1360mg,359.8
2025-10-06,Ômega 3 - EPA DHA - 1000mg,584.2
2025-10-06,Ômega 3 - Fish Oil,112.65
2025-10-06,Ômega 3 - Omegafor Memory,104.9
2025-10-06,Ômega 3 - Pro,48.9
2025-10-06,Ômega 3 - Ultra Caps 1000mg,449.7
2025-10-06,Ômega 3 EPA DHA,1755.7
2025-10-06,Ômega 3 Fosfatix,223.5
2025-10-06,Ômega 3 Kids,69.9
2025-10-06,Ômega 3 Pulse,259.8
2025-10-06,Ômega 3 Super DHA - BIG N,419.6
2025-10-06,Ômegafor Vegan 400mg,119.9
2025-10-13,100% Whey Protein - Flavour,374.7
2025-10-13,100% Whey Pure,419.7
2025-10-13,100% Whey True Protein,199.9
2025-10-13,Achocolatado - Chocoki,239.7
2025-10-13,Aminoácido - Aminovita,273.8
2025-10-13,Aminoácido - Tryptophan,107.37
2025-10-13,Aminoácido N-acetil L-cisteína (NAC),319.6
2025-10-13,Aminoácidos - Aminnu EAAs,399.8
2025-10-13,Aminoácidos - Aminolift,199.9
2025-10-13,BT Nitrato,139.9
2025-10-13,Barrinha - Body Protein,12.0
2025-10-13,Barrinha de Proteína,349.86
2025-10-13,Barrinha de Proteína - Best Whey Bar,10.56
2025-10-13,Barrinha de Proteína - Protein Crisp Bar,159.8
2025-10-13,Barrinha de Proteína Choco Wheyfer,8.39
2025-10-13,Barrinha de Proteína Collagen Bar,193.8
2025-10-13,Barrinha de Proteína Crunch,69.49
2025-10-13,Barrinha de Proteína Protein Crisp,239.7
2025-10-13,Barrinha de Proteína Tube,79.56
2025-10-13,Barrinha de Proteína Veganpro Bar,96.9
2025-10-13,Barrinha de Proteína Whey Grego - Havanna,109.9
2025-10-13,Barrinhas de Proteína Crunch,139.9
2025-10-13,Bebida Vegetal em Pó - Vegan Delight,89.9
2025-10-13,Beef Protein,1259.5
2025-10-13,Beta Alanina,128.8
2025-10-13,Beta Alanina 100%,134.7
2025-10-13,Bio Cálcio  60 caps PURAVIDA,149.8
2025-10-13,Bio Ferro,85.8
2025-10-13,Bio Vitamina B12 em gotas,89.8
2025-10-13,Bio Zinco,36.9
2025-10-13,Biscoito Proteico,22.44
2025-10-13,Blend de Chá - Detox,29.9
2025-10-13,Blend de Chá - Digestivo,59.8
2025-10-13,BodyBalance - Muscle Synergy,719.7
2025-10-13,"Boraprim - Borragem, Prímula e Gergelim",555.3
2025-10-13,Brain Focus,228.84
2025-10-13,Chlorella,89.0
2025-10-13,Chocolate - Chocolift,20.4
2025-10-13,Chocolate 85% Cacau,29.9
2025-10-13,Chocolate com Cranberry,29.9
2025-10-13,Chá,7.2
2025-10-13,Chá Misto,7.2
2025-10-13,Chá Sublime - Harmonia,7.2
2025-10-13,Coenzima  Q10 - 100mg,88.9
2025-10-13,Coenzima Q10,79.9
2025-10-13,Coenzima Q10  (200mg p/ porção),209.9
2025-10-13,Coenzima Q10 (200mg p/ porção),536.5
2025-10-13,Coenzima Q10 + Ômega 3 + Vitamina E,279.8
2025-10-13,Coenzima Q10 - (100mg p/ porção),77.9
2025-10-13,Coenzima Q10 - 200mg,139.9
2025-10-13,Coenzima Q10 100 Mg,119.9
2025-10-13,Coenzima Q10+ 200mg,134.9
2025-10-13,Coffee - Brainstorm,119.9
2025-10-13,Colágeno - Colagentek,254.7
2025-10-13,Colágeno - Colagentek Protein - Bodybalance,1319.2
2025-10-13,Colágeno - Collagen Bones,194.9
2025-10-13,Colágeno - Collagen Essential Protein,1609.3
2025-10-13,Colágeno - Collagen Pro - Beauty Blend,163.98
2025-10-13,Colágeno - Collagen Pro - Body Suport,189.9
2025-10-13,Colágeno - Collagen Protein Hidrolisado,539.7
2025-10-13,Colágeno - Collagen Protein Hidrolisado Berries Silvestres 450g PURAVIDA,719.6
2025-10-13,Colágeno - Collagen Renew Hidrolisado,299.07
2025-10-13,Colágeno - Collpure®,162.9
2025-10-13,Colágeno - Multi Collagen,199.9
2025-10-13,Colágeno Collagen Skin,349.47
2025-10-13,Colágeno Hidrolisado - Collagen Pro 18g,899.4
2025-10-13,Colágeno Tipo II,59.9
2025-10-13,Colágeno Tipo II - Artro Aid,94.9
2025-10-13,Complexo B,314.7
2025-10-13,Complexo B - Bio Vit.B+,42.9
2025-10-13,Complexo B 500mg,79.8
2025-10-13,Creatina,249.9
2025-10-13,Creatina - Creafort (Creapure),539.7
2025-10-13,Creatina - Creapure,489.7
2025-10-13,Creatina - Gummy,144.9
2025-10-13,Creatina 100%,284.7
2025-10-13,Creatina Monohidratada,2631.7
2025-10-13,Creatina Monohidratada (Creapure),1924.0
2025-10-13,Creatina Monohidratada - Creatine,449.5
2025-10-13,Creatina Monohidratada - Hardcore,179.8
2025-10-13,Creatina Monohidratada em Gummy,439.6
2025-10-13,Creatina Premium - Creapure,229.9
2025-10-13,Cromo Picolinato - 250mg,134.5
2025-10-13,Cúrcuma Plus,392.2
2025-10-13,Enzimas Enzyfor,432.03
2025-10-13,Extrato de Laranja Moro 400mg,179.8
2025-10-13,Ferro Quelato + Vitamina C,87.8
2025-10-13,Fibras Prébioticas - Prebiotic,65.9
2025-10-13,Fresh Vegan,449.7
2025-10-13,Fresh Whey,2358.7
2025-10-13,Gel Nitrato,63.65
2025-10-13,Glutamina,422.4
2025-10-13,Glutamina - Glutamax,348.05
2025-10-13,Glutamina - Glutamax Refil,359.7
2025-10-13,Gold Whey Concentrado Refil,759.5
2025-10-13,Granola,65.8
2025-10-13,Intratreino - Intra Workout,139.35
2025-10-13,Leite de Coco em Pó - Coco Cream,58.72
2025-10-13,Magnésio - Bio Trimag,419.4
2025-10-13,Magnésio - Inositol Relief 3.0,1019.4
2025-10-13,Magnésio - Mag 5 Complex,145.8
2025-10-13,Magnésio Inositol,1209.3
2025-10-13,Magnésio Plus - 350mg,279.6
2025-10-13,Magnésio Plus 900mg,79.9
2025-10-13,Magnésio Quelato - Bio Mag,69.9
2025-10-13,Matchá - Chá Verde em Pó,76.9
2025-10-13,Melatonina - Sleepfor,119.2
2025-10-13,Melatonina - Ydrosolv,159.8
2025-10-13,Melatonina Duo,209.7
2025-10-13,Morning Shot - Imunidade,299.7
2025-10-13,Multivitaminico  - Imunomult- 1000mg,124.9
2025-10-13,Multivitaminico - Imunomult- 1000mg,269.7
2025-10-13,NAC + Glycine + Taurine,269.7
2025-10-13,NAC 650mg,59.9
2025-10-13,Nootrópico - Brain Up,144.9
2025-10-13,Omegafor Family - Ômega 3,139.8
2025-10-13,Omegafor Plus,2647.3
2025-10-13,Palatinose,252.6
2025-10-13,Pasta de Amendoim,185.7
2025-10-13,Pasta de Amendoim Granulado,26.9
2025-10-13,Pasta de Amendoim Integral,79.6
2025-10-13,Prebiótico,157.8
2025-10-13,Probiótico - Simfort Plus,399.6
2025-10-13,Probióticos em Pó - Simfort,294.7
2025-10-13,Profem - Óleo de Prímula,62.0
2025-10-13,Proteína - Isocrisp Plant - Pote,69.9
2025-10-13,Proteína - Isocrisp Plant Pouch,194.7
2025-10-13,Proteína Isolada e Hidrolisada - Body Protein,2139.0
2025-10-13,Proteína Isolada e Hidrolisada - Body Protein Red,849.6
2025-10-13,Pré Treino,125.2
2025-10-13,Pré-Treino,79.9
2025-10-13,Pré-treino - Energy Kick Caffeine,124.9
2025-10-13,Pré-treino - Energyzer & focus,119.9
2025-10-13,Pré-treino - Exquenta,106.84
2025-10-13,Própolis - Green Própolis,62.9
2025-10-13,Própolis Verde,89.8
2025-10-13,Própolis Verde - Alcoólico,115.6
2025-10-13,Própolis Verde - Premium 10mg,129.8
2025-10-13,Própolis Verde - Propomax,28.9
2025-10-13,Psyllium,149.8
2025-10-13,Pós-treino - Recharge 4:1,130.09
2025-10-13,Refil Creatina,159.9
2025-10-13,Refil Whey 100% Pure,547.6
2025-10-13,Refil Whey Concentrado - W100,129.9
2025-10-13,Refil Whey Concentrado Havanna - W100,669.5
2025-10-13,Refil Whey Protein - 3W,199.9
2025-10-13,Resveratrol - Resveramax,169.9
2025-10-13,Resveratrol Plus - 165mg,504.6
2025-10-13,Sachê de Óleo De Coco Extravirgem,3.9
2025-10-13,Simfort Femme,86.7
2025-10-13,Simfort Ultra,239.04
2025-10-13,Simfort fibras,64.9
2025-10-13,Sleep,419.7
2025-10-13,Spirulina Orgânica - 200 tabletes,129.9
2025-10-13,Super Ômega 3,794.7
2025-10-13,SuperCoffee,1544.0
2025-10-13,SuperCoffee Língua de gato - Kopenhagen,339.8
2025-10-13,Suplemento - Hyaluronic Hair,74.9
2025-10-13,Suplemento Alimentar - Alpha Inflaminus,144.9
2025-10-13,Suplemento Alimentar - Alpha Mater,289.8
2025-10-13,"Suplemento Alimentar - Cabelo, Pele e Unha - Gomas",71.14
2025-10-13,Suplemento Alimentar - Green Shot,74.9
2025-10-13,Suplemento Alimentar - L-teanina - Happy Theanine,149.9
2025-10-13,Suplemento Alimentar - Pura Fiber,149.8
2025-10-13,Suplemento Alimentar - Resveratrol,279.8
2025-10-13,Suplemento de Magnésio - Blue Calm,212.8
2025-10-13,Suplemento para Imunidade - Immune Up 100%,109.09
2025-10-13,Tasty Whey 3W Gourmet,1844.0
2025-10-13,Termogênico - Lipix6,107.9
2025-10-13,Termogênico - Termo Plus,239.8
2025-10-13,Tortinha Proteica,15.87
2025-10-13,Trio Magnésio 720mg,164.7
2025-10-13,Triptofano - Triptoflex 215mg,42.08
2025-10-13,True Cúrcuma,72.17
2025-10-13,Ultracoffee - Vegano,109.9
2025-10-13,Vitamina - Good Mood,59.9
2025-10-13,Vitamina B12,179.46
2025-10-13,Vitamina B9 - Ácido Fólico,89.9
2025-10-13,Vitamina C - 500mg,39.48
2025-10-13,Vitamina C - Bio Vit C+,98.65
2025-10-13,Vitamina C - Ydrosolv,89.9
2025-10-13,Vitamina C3 - 1000mg,89.9
2025-10-13,Vitamina D - Vita D3,537.0
2025-10-13,Vitamina D - Vita D3 + C + Zinco,359.4
2025-10-13,Vitamina D3,122.69
2025-10-13,Vitamina D3 + K2,340.5
2025-10-13,Vitamina D3 + K2 Gotas,69.9
2025-10-13,Vitamina D3 - 2000 Ui,110.7
2025-10-13,Vitamina D3 - Ydrosolv,84.9
2025-10-13,Vitamina D3 Synergy,124.92
2025-10-13,Whey,479.8
2025-10-13,Whey - Immuno Golden,249.9
2025-10-13,Whey - Isocrisp Pouch,169.8
2025-10-13,Whey - Zero Lactose,239.9
2025-10-13,Whey 3W,154.9
2025-10-13,Whey Concentrado - 100% Whey,259.8
2025-10-13,Whey Fort 3W,589.7
2025-10-13,Whey Isolado - Iso Triple Zero,429.8
2025-10-13,Whey Isolado - Isoflex,1259.8
2025-10-13,Whey Isolado e Hidrolisado - H.I Whey,442.18
2025-10-13,Whey Protein - Isofort Beauty,299.8
2025-10-13,Whey Protein Concentrado,9254.8
2025-10-13,Whey Protein Concentrado Cappuccino 900g DUX,534.7
2025-10-13,Whey Protein Crisp - Isocrisp,49.9
2025-10-13,Whey Protein Isolado,3918.7
2025-10-13,Whey Protein Isolado - Isofort,639.8
2025-10-13,Whey Protein Isolado - Tasty Iso,439.15
2025-10-13,Whey Tech 100%,934.3
2025-10-13,Whey hidrolisado e isolado,1219.6
2025-10-13,Zinco - Ydrosolv,99.9
2025-10-13,Zinco Quelato,38.9
2025-10-13,Óleo de Krill  - Ômega 3 EPA DHA,199.8
2025-10-13,Ômega 3,75.9
2025-10-13,Ômega 3  - 1360mg,179.9
2025-10-13,Ômega 3 - 1360mg,699.5
2025-10-13,Ômega 3 - EPA DHA - 1000mg,773.9
2025-10-13,Ômega 3 - Ultra Caps 1000mg,149.9
2025-10-13,Ômega 3 DHA,119.9
2025-10-13,Ômega 3 EPA DHA,2124.9
2025-10-13,Ômega 3 Fosfatix,150.28
2025-10-13,Ômega 3 Pulse,259.8
2025-10-13,Ômega 3 Super DHA,119.9
2025-10-13,Ômega 3 Super DHA - BIG N,314.7
2025-10-13,Ômega 3 Super DHA BIG,189.9
2025-10-13,Ômega Vision,204.6
2025-10-20,100% Whey Protein - Flavour,259.8
2025-10-20,100% Whey Pure,289.8
2025-10-20,Achocolatado - Choco Family - Refil,140.7
2025-10-20,Achocolatado - Chocoki,159.8
2025-10-20,Achocolatado Multivitaminado - Choco Nutrients,187.6
2025-10-20,Aminoácido - Aminovita,128.9
2025-10-20,Aminoácido N-acetil L-cisteína (NAC),79.9
2025-10-20,Amora Miúra - 1500mg,39.81
2025-10-20,BT Gel Nitrato,119.9
2025-10-20,BT Nitrato,179.9
2025-10-20,Barrinha - Body Protein,84.0
2025-10-20,Barrinha de Proteína,1102.66
2025-10-20,Barrinha de Proteína - Best Whey Bar,10.56
2025-10-20,Barrinha de Proteína - Protein Crisp Bar,229.8
2025-10-20,Barrinha de Proteína Protein Crisp,159.8
2025-10-20,Barrinha de Proteína Whey Grego - Havanna,109.9
2025-10-20,Beef Protein,1119.6
2025-10-20,Beta Alanina,119.8
2025-10-20,Beta Alanina 100%,44.9
2025-10-20,Bio Ferro,42.9
2025-10-20,Bio Q10 100mg,107.87
2025-10-20,Bio Vitamina B12 em gotas,44.9
2025-10-20,BodyBalance - Muscle Synergy,239.9
2025-10-20,"Boraprim - Borragem, Prímula e Gergelim",176.7
2025-10-20,Coenzima Q10,209.9
2025-10-20,Coenzima Q10 (200mg p/ porção),268.7
2025-10-20,Coenzima Q10 - (100mg p/ porção),311.6
2025-10-20,Coffee - Brainstorm,119.9
2025-10-20,Colágeno - Body Collagen Protein,179.9
2025-10-20,Colágeno - Colagentek,174.8
2025-10-20,Colágeno - Colagentek Beauty,116.9
2025-10-20,Colágeno - Colagentek II,498.1
2025-10-20,Colágeno - Colagentek Protein - Bodybalance,824.5
2025-10-20,Colágeno - Collagen Essential Protein,689.7
2025-10-20,Colágeno - Collagen Flex + Beauty,143.27
2025-10-20,Colágeno - Collagen Gut,194.9
2025-10-20,Colágeno - Collagen Pro - Body Suport,189.9
2025-10-20,Colágeno - Collagen Protein Hidrolisado,899.5
2025-10-20,Colágeno - Collagen Protein Hidrolisado Berries Silvestres 450g PURAVIDA,447.75
2025-10-20,Colágeno - Collagen Renew Hidrolisado,384.5
2025-10-20,Colágeno - Collagen Tipo II 40mg,224.7
2025-10-20,Colágeno Collagen Resilience,194.9
2025-10-20,Colágeno Collagen Skin,389.8
2025-10-20,Colágeno Hidrolisado - Collagen Pro 18g,749.5
2025-10-20,Colágeno Tipo II,119.8
2025-10-20,Colágeno Tipo II - Artro Aid,94.9
2025-10-20,Complexo B,104.9
2025-10-20,Cranberry,99.8
2025-10-20,Creatina,99.9
2025-10-20,Creatina - Creafort (Creapure),1978.9
2025-10-20,Creatina 100%,154.8
2025-10-20,Creatina Monohidratada,2392.1
2025-10-20,Creatina Monohidratada (Creapure),969.5
2025-10-20,Creatina Monohidratada -  Crealift (Creapure),299.9
2025-10-20,Creatina Monohidratada - Creatine,449.5
2025-10-20,Creatina Monohidratada - Hardcore,89.9
2025-10-20,Creatina Monohidratada em Gummy,109.9
2025-10-20,Cúrcuma 500mg,179.8
2025-10-20,Cúrcuma Plus,599.1
2025-10-20,Energy Gel - Endurance,8.4
2025-10-20,Extrato de Laranja Moro 400mg,186.65
2025-10-20,Fibras Prébioticas - Prebiotic,65.9
2025-10-20,Fresh Vegan,339.8
2025-10-20,Fresh Whey,1199.2
2025-10-20,Gel - Endurance,69.9
2025-10-20,Glutamina,259.45
2025-10-20,Glutamina - Glutamax,329.5
2025-10-20,Granola - Zero Açúcar,28.9
2025-10-20,Granola Coconut,39.9
2025-10-20,Grassfed Whey Protein,679.7
2025-10-20,Hipercalórico - Hiper Mass Gainer,121.69
2025-10-20,Immuno Whey,249.9
2025-10-20,Isofort Plant (Life Vegan),479.6
2025-10-20,L-Carnitina 530mg,62.3
2025-10-20,Laranja Moro - Moroskinny,112.9
2025-10-20,Leite de Coco em Pó - Coco Cream,119.8
2025-10-20,Magnésio,179.6
2025-10-20,Magnésio - Bio Trimag,139.8
2025-10-20,Magnésio - Inositol Relief 3.0,339.8
2025-10-20,Magnésio Inositol,574.6
2025-10-20,Magnésio Plus - 350mg,349.5
2025-10-20,Magnésio Plus 900mg,79.9
2025-10-20,Magnésio Quelato - Bio Mag,139.8
2025-10-20,Matchá - Chá Verde em Pó,76.9
2025-10-20,Melatonina - Sleepfor,69.9
2025-10-20,Melatonina Duo,139.8
2025-10-20,Melatonina em Gotas,39.9
2025-10-20,Metilfolato,92.4
2025-10-20,Mistura para Bolo de Caneca	,23.96
2025-10-20,Morning Shot - Imunidade,99.9
2025-10-20,Multivitaminico  - Imunomult- 1000mg,124.9
2025-10-20,Multivitaminico - Imunomult- 1000mg,89.9
2025-10-20,NAC 650mg,119.8
2025-10-20,Nitro 400,164.9
2025-10-20,Omegafor Plus,3100.1
2025-10-20,Palatinose,440.3
2025-10-20,Palatinose 100% - Carbolift,205.7
2025-10-20,Pasta de Amendoim,54.9
2025-10-20,Pasta de Amendoim Granulado,59.7
2025-10-20,Prebiótico - Fiber Liv,75.01
2025-10-20,Probiótico - Simcaps,149.8
2025-10-20,Probiótico - Simfort Plus,1019.0
2025-10-20,Probióticos em Pó - Simfort,164.9
2025-10-20,Profem - Óleo de Prímula,62.0
2025-10-20,Proteina Vegetal,309.8
2025-10-20,Proteina Vegetal - True Vegan,194.9
2025-10-20,Proteína Isolada e Hidrolisada - Body Protein,1099.5
2025-10-20,Proteína Vegana - Vegan Tasty,129.9
2025-10-20,Proteína Vegetal em Pó - Veganpro,319.8
2025-10-20,Pré-Treino,104.9
2025-10-20,Pré-Treino - Beta Action,209.9
2025-10-20,Pré-treino - Energyzer & focus,239.8
2025-10-20,Própolis Verde - Alcoólico,28.9
2025-10-20,Própolis Verde - Premium 10mg,129.8
2025-10-20,Psyllium,489.3
2025-10-20,Refil Whey 100% Pure,139.9
2025-10-20,Refil Whey Concentrado - W100,129.9
2025-10-20,Refil Whey Protein Concentrado,319.8
2025-10-20,Resveratrol 500mg,64.9
2025-10-20,Sachê de Óleo De Coco Extravirgem,7.8
2025-10-20,Simfort Femme,449.5
2025-10-20,Simfort Ultra,239.04
2025-10-20,Simfort fibras,129.8
2025-10-20,Sleep,239.8
2025-10-20,Super Ômega 3,804.6
2025-10-20,SuperCoffee,2998.0
2025-10-20,SuperCoffee Língua de gato - Kopenhagen,1174.3
2025-10-20,Suplemento Alimentar  - Hepatofor,84.9
2025-10-20,Suplemento Alimentar - Alpha Mater,289.8
2025-10-20,Suplemento Alimentar - GUARDIAN®,199.9
2025-10-20,Suplemento Alimentar - Immune +,141.58
2025-10-20,Suplemento Alimentar - Pura Fiber,224.7
2025-10-20,Suplemento Alimentar - Slim Body 400mg,84.9
2025-10-20,Suplemento de Magnésio - Blue Calm,419.7
2025-10-20,Termogênico - Lipix6,54.9
2025-10-20,Termogênico - Termo Plus,239.8
2025-10-20,Trio Magnésio 720mg,164.7
2025-10-20,Vitamina B12,182.1
2025-10-20,Vitamina C - 500mg,39.48
2025-10-20,Vitamina C3 - 1000mg,54.9
2025-10-20,Vitamina D - Vita D3,583.9
2025-10-20,Vitamina D - Vita D3 + C + Zinco,340.75
2025-10-20,Vitamina D3,194.5
2025-10-20,Vitamina D3 + K2,383.4
2025-10-20,Vitamina D3 + K2 Gotas,139.8
2025-10-20,Vitamina D3 Synergy,59.9
2025-10-20,Whey,1449.5
2025-10-20,Whey - Isocrisp Pouch,189.8
2025-10-20,Whey - Zero Lactose,219.9
2025-10-20,Whey 3W,164.9
2025-10-20,Whey Fort 3W,1219.5
2025-10-20,Whey Isolado - Iso Triple Zero,439.8
2025-10-20,Whey Protein - Isofort Beauty,149.9
2025-10-20,Whey Protein Concentrado,7580.9
2025-10-20,Whey Protein Concentrado Cappuccino 900g DUX,554.7
2025-10-20,Whey Protein Isolado,4158.7
2025-10-20,Whey Protein Isolado - Isofort,639.8
2025-10-20,Whey Protein Isolado - Tasty Iso,289.9
2025-10-20,Whey Tech 100%,419.7
2025-10-20,Whey hidrolisado e isolado,309.9
2025-10-20,Zinco,34.9
2025-10-20,Zinco Quelato,38.9
2025-10-20,Óleo De Coco Extravirgem,47.77
2025-10-20,Óleo de Krill  - Ômega 3 EPA DHA,99.9
2025-10-20,Óleo de Prímula - 500mg,32.9
2025-10-20,Ômega - Mega DHA,339.8
2025-10-20,Ômega 3,169.9
2025-10-20,Ômega 3  - 1360mg,179.9
2025-10-20,Ômega 3 - 1360mg,979.3
2025-10-20,Ômega 3 - EPA DHA - 1000mg,484.2
2025-10-20,Ômega 3 - Fish Oil,112.65
2025-10-20,Ômega 3 - Omegafor Memory,209.8
2025-10-20,Ômega 3 - Ultra Caps 1000mg,599.6
2025-10-20,Ômega 3 EPA DHA,1086.4
2025-10-20,Ômega 3 Kids,69.9
2025-10-20,Ômega 3 Pulse,129.9
2025-10-20,Ômega 3 Super DHA,119.9
2025-10-20,Ômega 3 Super DHA - BIG N,1153.9
2025-10-20,Ômega Core,399.8
2025-10-27,#Whey Fort 3W,179.9
2025-10-27,#Whey Protein Concentrado,219.8
2025-10-27,100% Whey Protein - Flavour,129.9
2025-10-27,100% Whey Pure,579.6
2025-10-27,100% Whey True Protein,209.9
2025-10-27,Achocolatado - Choco Family - Refil,187.6
2025-10-27,Achocolatado - Chocoki,79.9
2025-10-27,Aminoácido N-acetil L-cisteína (NAC),79.9
2025-10-27,Amora Miúra - 1500mg,39.81
2025-10-27,Aveia - Flocos Grossos,33.8
2025-10-27,Barra Chocolate 40%,31.08
2025-10-27,Barra Chocolate 70%,31.08
2025-10-27,Barra Double,5.96
2025-10-27,Barrinha de Proteína,804.22
2025-10-27,Barrinha de Proteína Choco Wheyfer,50.34
2025-10-27,Barrinha de Proteína Crunch,13.39
2025-10-27,Barrinha de Proteína Protein Crisp,319.6
2025-10-27,Barrinha de Proteína Quest Bar - 60g (20g de proteína),259.9
2025-10-27,Barrinhas de Proteína Crunch,419.7
2025-10-27,Beef Protein,499.8
2025-10-27,Best Whey,199.9
2025-10-27,Beta Alanina,179.7
2025-10-27,Beta Alanina 100%,44.9
2025-10-27,Bio Ferro,128.7
2025-10-27,Bio Vitamina B12 em gotas,44.9
2025-10-27,Biotina Plus,93.8
2025-10-27,Blend de Chá - Calmante,29.9
2025-10-27,Blend de Chá - Detox,59.8
2025-10-27,Bom Ciclo,73.02
2025-10-27,Bombom,9.38
2025-10-27,"Boraprim - Borragem, Prímula e Gergelim",215.7
2025-10-27,Chocolate - Chocolift,20.4
2025-10-27,Chocolate Branco,29.9
2025-10-27,Chocolate ao Leite - Marshmallow,17.64
2025-10-27,Coenzima Q10,239.7
2025-10-27,Coenzima Q10 (200mg p/ porção),421.6
2025-10-27,Coenzima Q10 + Ômega 3 + Vitamina E,419.7
2025-10-27,Coenzima Q10 - (100mg p/ porção),77.9
2025-10-27,Coenzima Q10 - 100mg,119.9
2025-10-27,Colágeno -  Collagen Gut,584.7
2025-10-27,Colágeno - Colagentek,339.6
2025-10-27,Colágeno - Colagentek II,363.7
2025-10-27,Colágeno - Colagentek Protein - Bodybalance,664.6
2025-10-27,Colágeno - Collagen Bones,194.9
2025-10-27,Colágeno - Collagen Essential Protein,689.7
2025-10-27,Colágeno - Collagen Flex + Beauty,143.27
2025-10-27,Colágeno - Collagen Gut,194.9
2025-10-27,Colágeno - Collagen Renew Hidrolisado,307.6
2025-10-27,Colágeno - Collagen Tipo II 40mg,299.6
2025-10-27,Colágeno Collagen Flex Beauty,161.47
2025-10-27,Colágeno Hidrolisado - Collagen Pro 18g,749.5
2025-10-27,Colágeno Tipo II,179.7
2025-10-27,Complexo B - Bio Vit.B+,85.8
2025-10-27,Complexo B - Vit B Complex,119.85
2025-10-27,Creatina,249.6
2025-10-27,Creatina - Creafort (Creapure),1439.2
2025-10-27,Creatina - Creapure,129.9
2025-10-27,Creatina - Gummies,129.9
2025-10-27,Creatina 100%,559.3
2025-10-27,Creatina Monohidratada,2237.1
2025-10-27,Creatina Monohidratada (Creapure),384.8
2025-10-27,Creatina Monohidratada -  Crealift (Creapure),299.9
2025-10-27,Creatina Monohidratada - Creatine,899.0
2025-10-27,Creatina Monohidratada - Hardcore,269.7
2025-10-27,Creatina Monohidratada em Gummy,329.7
2025-10-27,Creatina Premium - Creapure,459.8
2025-10-27,Creatine Action - Gummy,119.9
2025-10-27,Cromo Picolinato - 250mg,107.6
2025-10-27,Cúrcuma,69.9
2025-10-27,Cúrcuma 500mg,539.4
2025-10-27,Cúrcuma Plus,274.6
2025-10-27,Extrato de Laranja Moro 400mg,269.7
2025-10-27,Fe - Complex,69.9
2025-10-27,Ferro - Ydrosolv,99.9
2025-10-27,Ferro Plus,29.9
2025-10-27,Ferro Quelado 34mg,29.9
2025-10-27,Ferro Quelato + Vitamina C,175.6
2025-10-27,Fibras - Fiberlift,269.8
2025-10-27,Fibras Prébioticas - Prebiotic,329.5
2025-10-27,Fresh Vegan,339.8
2025-10-27,Fresh Whey,2798.6
2025-10-27,Gel Neutro Fresh com Cafeína,50.92
2025-10-27,Gel Nitrato,101.84
2025-10-27,Glutamina,547.3
2025-10-27,Glutamina - Glutamax,159.8
2025-10-27,Glutamina - Glutamax Refil,97.75
2025-10-27,Glutamina em Pó,89.9
2025-10-27,Gold Whey Concentrado Refil,159.9
2025-10-27,Granola,32.9
2025-10-27,Granola - Zero Açúcar,28.9
2025-10-27,Granola Australia - Low Carb,39.9
2025-10-27,Grassfed Whey Protein - Concentrado,249.9
2025-10-27,Hipercalórico - Creamass,99.9
2025-10-27,Hipercalórico - Monsterone,124.9
2025-10-27,Isofort Plant (Life Vegan),359.7
2025-10-27,Laranja Moro - Moroskinny,338.7
2025-10-27,Magnésio,44.9
2025-10-27,Magnésio - Inositol Relief 3.0,509.7
2025-10-27,Magnésio - Mag 5 Complex,145.8
2025-10-27,Magnésio Dimalato,93.8
2025-10-27,Magnésio Inositol,639.5
2025-10-27,Magnésio Plus - 350mg,139.8
2025-10-27,Magnésio Plus 900mg,239.7
2025-10-27,Magnésio Quelato - Bio Mag,139.8
2025-10-27,Matchá - Chá Verde em Pó,76.9
2025-10-27,Melatonina,84.8
2025-10-27,Melatonina - Gummy,51.37
2025-10-27,Melatonina - Ydrosolv,79.9
2025-10-27,Melatonina Duo,209.7
2025-10-27,Melatonina Em Gotas Premium - 210mcg,69.8
2025-10-27,Morning Shot - Imunidade,599.4
2025-10-27,Multivitaminico  - Imunomult- 1000mg,124.9
2025-10-27,Multivitaminico - Imunomult- 1000mg,89.9
2025-10-27,NAC 650mg,179.7
2025-10-27,NAC PRO,59.1
2025-10-27,Nootrópico - Brain Up Am/Pm  60 caps TRUE SOURCE,144.9
2025-10-27,Omegafor Plus,2835.2
2025-10-27,Omegafor Vitamins,129.9
2025-10-27,Palatinose,64.9
2025-10-27,Pasta de Amendoim,219.6
2025-10-27,Pasta de Amendoim Integral,59.7
2025-10-27,Probiótico - Simcaps,149.8
2025-10-27,Probiótico - Simfort Plus,359.6
2025-10-27,Probióticos em Pó - Simfort,164.9
2025-10-27,Profem - Óleo de Prímula,105.63
2025-10-27,Proteina Vegetal,159.9
2025-10-27,Proteina Vegetal - True Vegan,389.8
2025-10-27,Proteína - Isocrisp Plant Pouch,69.9
2025-10-27,Proteína Isolada e Hidrolisada - Body Protein,1979.1
2025-10-27,Proteína Isolada e Hidrolisada - Body Protein Red,879.6
2025-10-27,Proteína Vegana - Immuno Veggie,254.9
2025-10-27,Proteína Vegana - Vegan Tasty,129.9
2025-10-27,Pré-Treino,104.9
2025-10-27,Pré-Treino - Beta Action,209.9
2025-10-27,Pré-Treino - V Fort Ultra,229.8
2025-10-27,Pré-treino - Energy Kick,124.9
2025-10-27,Pré-treino - Energy Kick Caffeine,124.9
2025-10-27,Pré-treino - Energyzer & focus,239.8
2025-10-27,Pré-treino - Heat Up,128.61
2025-10-27,Pré-treino - Égide,116.9
2025-10-27,Pré-treino Panic Pre Workout,99.9
2025-10-27,Própolis Verde,87.8
2025-10-27,Própolis Verde - Alcoólico,28.9
2025-10-27,Própolis Verde - Premium 10mg,64.9
2025-10-27,Própolis Verde - Propomax,28.9
2025-10-27,Própolis Verde 70,38.9
2025-10-27,Psyllium,304.5
2025-10-27,Refil 100% Whey Protein - Flavour,119.9
2025-10-27,Refil Whey 100% Pure,139.9
2025-10-27,Refil Whey Concentrado - W100,259.8
2025-10-27,Resveratrol Plus - 165mg,124.9
2025-10-27,Simfort fibras,259.6
2025-10-27,Sleep,119.9
2025-10-27,Spirulina Orgânica - 600 tabletes,211.2
2025-10-27,Super Ômega 3,1224.3
2025-10-27,SuperCoffee,1848.7
2025-10-27,SuperCoffee Língua de gato - Kopenhagen,834.5
2025-10-27,Suplemento - Laranja Moro,89.9
2025-10-27,Suplemento Alimentar - GUARDIAN®,1199.4
2025-10-27,Suplemento Alimentar - Pura Fiber,74.9
2025-10-27,Suplemento Alimentar - Slim Shape,139.8
2025-10-27,Suplemento alimentar de Ômega 3 - DHA OX,179.9
2025-10-27,Suplemento de Magnésio - Blue Calm,419.7
2025-10-27,Tasty Whey 3W Gourmet,1154.4
2025-10-27,Termogênico - Termo Plus,119.9
2025-10-27,Trio Magnésio 720mg,109.8
2025-10-27,Vegan Protein,139.9
2025-10-27,Vegan Protein - Vegano,419.7
2025-10-27,Vegan Ômega 3 DHA,124.9
2025-10-27,Vitamina A - 8000 Ui,26.9
2025-10-27,Vitamina B12,340.06
2025-10-27,Vitamina B9 - Metilfolato,54.9
2025-10-27,Vitamina C + Zinco - Gomas,58.9
2025-10-27,Vitamina C3 - 1000mg,89.9
2025-10-27,Vitamina D - Vita D3,431.2
2025-10-27,Vitamina D - Vita D3 + C + Zinco,419.3
2025-10-27,Vitamina D3,194.5
2025-10-27,Vitamina D3 + K2,126.8
2025-10-27,Vitamina D3 + K2 Gotas,69.9
2025-10-27,Vitamina D3 - Ydrosolv,169.8
2025-10-27,Vitamina D3 Synergy,124.92
2025-10-27,Vitamina D3+K2,75.06
2025-10-27,"Vitaminas A, E, D e K2- RESTAURE® - Gotas",476.7
2025-10-27,Whey,1499.4
2025-10-27,Whey - Isocrisp Pouch,79.9
2025-10-27,Whey - Zero Lactose,219.9
2025-10-27,Whey Fort 3W,1459.2
2025-10-27,Whey Isolado - Iso Triple Zero,439.8
2025-10-27,Whey Isolado e Hidrolisado - H.I Whey,499.8
2025-10-27,Whey Protein - 3W - The Whey,119.9
2025-10-27,Whey Protein - CLEANPRO,149.9
2025-10-27,Whey Protein - Isofort Beauty,279.8
2025-10-27,Whey Protein Concentrado,7815.7
2025-10-27,Whey Protein Crisp - Isocrisp,99.8
2025-10-27,Whey Protein ISO 100 Hydrolyzed,899.9
2025-10-27,Whey Protein Isolado,3858.7
2025-10-27,Whey Protein Isolado - Isofort,929.7
2025-10-27,Whey Protein Isolado - Tasty Iso,869.7
2025-10-27,Whey Protein Vegetal,299.8
2025-10-27,Whey Tech 100%,699.5
2025-10-27,Whey hidrolisado e isolado,1239.6
2025-10-27,Ômega -  Mega DHA,94.9
2025-10-27,Ômega - DHA 1000,129.98
2025-10-27,Ômega 3  - 1360mg,719.6
2025-10-27,Ômega 3 - 1360mg,419.7
2025-10-27,Ômega 3 - EPA DHA - 1000mg,374.4
2025-10-27,Ômega 3 - Fish Oil,112.65
2025-10-27,Ômega 3 - Omegafor Memory,209.8
2025-10-27,Ômega 3 - POLIÔMEGA AZ,60.7
2025-10-27,Ômega 3 - Ultra Caps 1000mg,149.9
2025-10-27,Ômega 3 EPA DHA,1246.1
2025-10-27,Ômega 3 Fosfatix,300.56
2025-10-27,Ômega 3 Super DHA - BIG N,209.8
2025-10-27,Ômega 3 Super DHA BIG,189.9
2025-10-27,Ômega Core,199.9
2025-10-27,Ômega Golden,199.9
2025-11-03,100% Whey Protein - Flavour,129.9
2025-11-03,100% Whey Pure,434.7
2025-11-03,Achocolatado - Choco Family - Refil,46.9
2025-11-03,Achocolatado - Chocoki,79.9
2025-11-03,Adoçante Stévia,49.7
2025-11-03,Aminoácido - Aminovita,128.9
2025-11-03,BT Gel Nitrato com Cafeína,119.9
2025-11-03,BT Nitrato,139.9
2025-11-03,BT Nitrato 400,279.8
2025-11-03,Barra Chocolate 70%,93.24
2025-11-03,Barrinha - Body Protein,48.0
2025-11-03,Barrinha de Chocolate 70%,19.68
2025-11-03,Barrinha de Proteína,493.54
2025-11-03,Barrinha de Proteína - Protein Crisp Bar,79.9
2025-11-03,Barrinha de Proteína Choco Wheyfer,8.39
2025-11-03,Barrinha de Proteína Cleanpro Bar,96.9
2025-11-03,Barrinha de Proteína Crunch,13.39
2025-11-03,Barrinha de Proteína Protein Crisp,79.9
2025-11-03,Barrinha de Proteína Tube,199.8
2025-11-03,Barrinha de Proteína Veganpro Bar,96.9
2025-11-03,Bebida Vegetal em Pó - Vegan Delight,67.16
2025-11-03,Beef Protein,279.9
2025-11-03,Best Whey,194.9
2025-11-03,Beta Alanina,248.6
2025-11-03,Beta Alanina 100%,86.7
2025-11-03,Bio Cálcio  60 caps PURAVIDA,76.95
2025-11-03,Bio Ferro,171.6
2025-11-03,Bio Vitamina B12 em gotas,44.9
2025-11-03,Bio Zinco,36.9
2025-11-03,Blend de Chá - Detox,149.5
2025-11-03,Blend de Chá - Energia,29.9
2025-11-03,Body Protein Vegano,319.8
2025-11-03,Chocolate 70% Cacau - Marshmallow,17.64
2025-11-03,Chá,7.2
2025-11-03,Chá Misto,7.2
2025-11-03,Chá Vitatea,65.9
2025-11-03,Coenzima Q10,238.55
2025-11-03,Coenzima Q10  (200mg p/ porção),371.4
2025-11-03,Coenzima Q10 (200mg p/ porção),481.1
2025-11-03,Coenzima Q10 + Ômega 3 + Vitamina E,839.4
2025-11-03,Coenzima Q10 - (100mg p/ porção),77.9
2025-11-03,Coenzima Q10 100 Mg,119.9
2025-11-03,Colágeno - Body Collagen Protein,179.9
2025-11-03,Colágeno - Colagentek,424.5
2025-11-03,Colágeno - Colagentek II,284.7
2025-11-03,Colágeno - Colagentek Protein - Bodybalance,494.7
2025-11-03,Colágeno - Collagen Essential Protein,429.8
2025-11-03,Colágeno - Collagen Pro - Beauty Blend,163.98
2025-11-03,Colágeno - Collagen Protein Hidrolisado,539.7
2025-11-03,Colágeno - Collagen Renew Hidrolisado,307.6
2025-11-03,Colágeno - Multi Collagen,199.9
2025-11-03,Colágeno Hidrolisado,79.8
2025-11-03,Colágeno Hidrolisado - Collagen Pro 18g,899.4
2025-11-03,Colágeno Tipo II,179.7
2025-11-03,Complexo B,104.9
2025-11-03,Complexo B - Bio Vit.B+,42.9
2025-11-03,Complexo B 500mg,79.8
2025-11-03,Creatina,99.9
2025-11-03,Creatina - Creafort (Creapure),1799.0
2025-11-03,Creatina - Creapure,669.6
2025-11-03,Creatina - Gummy,144.9
2025-11-03,Creatina 100%,344.6
2025-11-03,Creatina Monohidratada,2072.4
2025-11-03,Creatina Monohidratada (Creapure),384.8
2025-11-03,Creatina Monohidratada - Creatine,539.4
2025-11-03,Creatina Monohidratada - Hardcore,269.7
2025-11-03,Creatina Monohidratada em Gummy,219.8
2025-11-03,Creatina Premium - Creapure,229.9
2025-11-03,Creatine Action - Gummy,119.9
2025-11-03,Cromo Picolinato - 250mg,26.9
2025-11-03,Cúrcuma 500mg,179.8
2025-11-03,Cúrcuma Plus,254.6
2025-11-03,Extrato de Laranja Moro 400mg,269.7
2025-11-03,Ferro - Ydrosolv,199.8
2025-11-03,Ferro Plus,59.8
2025-11-03,Ferro Quelato + Vitamina C,87.8
2025-11-03,Fibras Prébioticas - Prebiotic,65.9
2025-11-03,Fresh Vegan,169.9
2025-11-03,Fresh Whey,2898.1
2025-11-03,Gel Nitrato,50.92
2025-11-03,Glutamina,325.5
2025-11-03,Glutamina - Glutamax,294.5
2025-11-03,Glutamina - Glutamax Refil,119.9
2025-11-03,Glutamina Pure,99.3
2025-11-03,Glutamina em Pó,89.9
2025-11-03,Gold Whey Concentrado Refil,639.6
2025-11-03,Granola,32.9
2025-11-03,Grassfed Whey Protein,539.7
2025-11-03,Grassfed Whey Protein - Concentrado,249.9
2025-11-03,Hipercalórico - Monsterone,124.9
2025-11-03,L-Taurina - 1.000mg,39.9
2025-11-03,Laranja Moro,64.9
2025-11-03,Livestrong,299.9
2025-11-03,Magnésio,134.7
2025-11-03,Magnésio + Inositol Relief 1.0,339.8
2025-11-03,Magnésio - Inositol Relief 3.0,679.6
2025-11-03,Magnésio - Mag 5 Complex,364.5
2025-11-03,Magnésio Inositol,259.8
2025-11-03,Magnésio Plus - 350mg,419.4
2025-11-03,Magnésio Plus 900mg,239.7
2025-11-03,Magnésio Quelato - Bio Mag,118.65
2025-11-03,Melatonina,49.9
2025-11-03,Melatonina Duo,139.8
2025-11-03,Melatonina Em Gotas Premium - 210mcg,34.9
2025-11-03,Melatonina Fast,39.9
2025-11-03,Melatonina em Gotas,39.9
2025-11-03,Morning Shot - Imunidade,399.6
2025-11-03,Multivitaminico  - Imunomult- 1000mg,254.8
2025-11-03,Multivitaminico - Imunomult- 1000mg,179.8
2025-11-03,NAC 650mg,239.6
2025-11-03,Neuro Health,168.9
2025-11-03,Nitro 400,357.93
2025-11-03,Omegafor Plus,2506.5
2025-11-03,Omegafor Vitamins,129.9
2025-11-03,Palatinose,494.44
2025-11-03,Pasta de Amendoim,219.6
2025-11-03,Probiótico - Simcaps,124.8
2025-11-03,Probiótico - Simfort Plus,869.1
2025-11-03,Probióticos em Pó - Simfort,169.7
2025-11-03,Proteína Isolada e Hidrolisada - Body Protein,1759.2
2025-11-03,Proteína Isolada e Hidrolisada - Body Protein Red,659.7
2025-11-03,Proteína Vegana - Vegan Tasty,129.9
2025-11-03,Pré-Treino,264.7
2025-11-03,Pré-Treino - Beta Action,419.8
2025-11-03,Pré-Treino - V Fort,114.9
2025-11-03,Pré-Treino - V Fort Ultra,349.7
2025-11-03,Pré-treino - Energy Kick Caffeine,124.9
2025-11-03,Pré-treino Panic Pre Workout,99.9
2025-11-03,Própolis Líquido - Gotas,89.8
2025-11-03,Própolis Verde - Alcoólico,28.9
2025-11-03,Própolis Verde - Propomax,115.6
2025-11-03,Psyllium,114.8
2025-11-03,Refil Whey 100% Pure,318.2
2025-11-03,Refil Whey Protein - 3W,699.6
2025-11-03,Resveratrol 500mg,194.7
2025-11-03,Resveratrol Plus - 165mg,124.9
2025-11-03,Simfort Femme,269.7
2025-11-03,Simfort Ultra,94.9
2025-11-03,Simfort fibras,199.7
2025-11-03,Spirulina 500mg,86.9
2025-11-03,Super Ômega 3,895.32
2025-11-03,SuperCoffee,3852.49
2025-11-03,SuperCoffee Língua de gato - Kopenhagen,494.7
2025-11-03,Suplemento - Hyaluronic Hair,74.9
2025-11-03,Suplemento - Laranja Moro,89.9
2025-11-03,Suplemento Alimentar  - Hepatofor,84.9
2025-11-03,Suplemento Alimentar - GUARDIAN®,399.8
2025-11-03,Suplemento Alimentar - Immune +,283.16
2025-11-03,Suplemento Alimentar - Pura Fiber,224.7
2025-11-03,Suplemento de Magnésio - Blue Calm,359.7
2025-11-03,Tasty Whey 3W Gourmet,1739.1
2025-11-03,Termogênico - Lipix6,107.9
2025-11-03,Termogênico - Termo Plus,119.9
2025-11-03,Thermo Caps - DiaboVerde,52.9
2025-11-03,Trio Magnésio 720mg,164.7
2025-11-03,True Cúrcuma com Ômega,114.69
2025-11-03,Vitamina B12,76.8
2025-11-03,Vitamina B9 - Metilfolato,54.9
2025-11-03,Vitamina C3 - 1000mg,54.9
2025-11-03,Vitamina D - Vita D3,585.9
2025-11-03,Vitamina D - Vita D3 + C + Zinco,222.6
2025-11-03,Vitamina D3,127.7
2025-11-03,Vitamina D3 + K2,171.05
2025-11-03,Vitamina D3 + K2 Gotas,279.6
2025-11-03,Vitamina D3 Synergy,119.8
2025-11-03,"Vitaminas A, E, D e K2- RESTAURE® - Gotas",317.8
2025-11-03,Whey,499.8
2025-11-03,Whey - Immuno Golden,249.9
2025-11-03,Whey - Isocrisp Pouch,94.9
2025-11-03,Whey 3W,164.9
2025-11-03,Whey Fort 3W,759.6
2025-11-03,Whey Isolado - Iso Triple Zero,439.8
2025-11-03,Whey Isolado - Isofort Ultra Imuno,329.9
2025-11-03,Whey Protein - CLEANPRO,149.9
2025-11-03,Whey Protein - Isofort Beauty,139.9
2025-11-03,Whey Protein Concentrado,9000.0
2025-11-03,Whey Protein Concentrado Cappuccino 900g DUX,899.5
2025-11-03,Whey Protein Isolado,3808.7
2025-11-03,Whey Protein Isolado - Isofort,1869.4
2025-11-03,Whey Tech 100%,279.8
2025-11-03,Whey hidrolisado e isolado,309.9
2025-11-03,Óleo de Coco Extravirgem - Spray,65.8
2025-11-03,Óleo de Krill  - Ômega 3 EPA DHA,99.9
2025-11-03,Ômega -  Mega DHA,284.7
2025-11-03,Ômega - Mega DHA,169.9
2025-11-03,Ômega 3,169.9
2025-11-03,Ômega 3 - 1360mg,699.5
2025-11-03,Ômega 3 - EPA DHA - 1000mg,833.7
2025-11-03,Ômega 3 - Omegafor Memory,104.9
2025-11-03,Ômega 3 - Ultra Caps 1000mg,149.9
2025-11-03,Ômega 3 EPA DHA,927.1
2025-11-03,Ômega 3 Kids,69.9
2025-11-03,Ômega 3 Pulse,129.9
2025-11-03,Ômega 3 Super DHA,93.75
2025-11-03,Ômega 3 Super DHA - BIG N,419.6
2025-11-03,Ômega Ultra - 1000mg,179.8
2025-11-10,#Whey Fort 3W,179.9
2025-11-10,100% Whey Protein - Flavour,129.9
2025-11-10,100% Whey Pure,144.9
2025-11-10,100% Whey True Protein,209.9
2025-11-10,Achocolatado - Choco Family - Refil,37.9
2025-11-10,Achocolatado - Chocoki,79.9
2025-11-10,Aminoácido - Amino Builder,154.35
2025-11-10,Aminoácido - Aminovita,289.8
2025-11-10,Aminoácidos - Aminnu EAAs,199.9
2025-11-10,Arginofor -  L-Arginina,104.9
2025-11-10,Aveia - Flocos Grossos,16.9
2025-11-10,BT Nitrato 400,319.8
2025-11-10,Barra Chocolate 70%,15.54
2025-11-10,Barra Double,5.96
2025-11-10,Barrinha - Body Protein,72.0
2025-11-10,Barrinha de Chocolate 70%,9.84
2025-11-10,Barrinha de Proteína,508.56
2025-11-10,Barrinha de Proteína - Best Whey Bar,10.56
2025-11-10,Barrinha de Proteína - Protein Crisp Bar,159.8
2025-11-10,Barrinha de Proteína - YOPRO,13.25
2025-11-10,Barrinha de Proteína Best Whey 49g (12g de Proteína),208.18
2025-11-10,Barrinha de Proteína Collagen Bar,96.9
2025-11-10,Barrinha de Proteína Crunch,11.22
2025-11-10,Barrinha de Proteína Mukebar,158.0
2025-11-10,Barrinha de Proteína Proto Bar - Havanna,109.9
2025-11-10,Barrinha de Proteína Veganpro Bar,96.9
2025-11-10,Beef Protein,749.7
2025-11-10,Best Whey,299.8
2025-11-10,Beta Alanina,319.4
2025-11-10,Beta Alanina Pure,49.9
2025-11-10,Bio Ferro,171.6
2025-11-10,Bio Vitamina B12 em gotas,89.8
2025-11-10,Biscoito Proteico - Sublime,12.38
2025-11-10,BodyBalance - Muscle Synergy,479.8
2025-11-10,"Boraprim - Borragem, Prímula e Gergelim",91.8
2025-11-10,Cafeína,36.99
2025-11-10,Coenzima  Q10 - 100mg,178.8
2025-11-10,Coenzima Q10,784.2
2025-11-10,Coenzima Q10 (200mg p/ porção),614.5
2025-11-10,Coenzima Q10 + Ômega 3 + Vitamina E,579.6
2025-11-10,Coenzima Q10 - (100mg p/ porção),84.9
2025-11-10,Coenzima Q10 - 100mg,109.9
2025-11-10,Coenzima Q10 - 200mg,144.9
2025-11-10,Coenzima Q10 100 Mg,119.9
2025-11-10,Coenzima Q10 200mg,189.8
2025-11-10,Coenzima Q10+ 200mg,134.9
2025-11-10,Coffee - Brainstorm,119.9
2025-11-10,Colágeno -  Collagen Gut,359.8
2025-11-10,Colágeno - Colagentek,254.18
2025-11-10,Colágeno - Colagentek II,553.5
2025-11-10,Colágeno - Colagentek Protein - Bodybalance,1529.0
2025-11-10,Colágeno - Collagen Essential Protein,689.7
2025-11-10,Colágeno - Collagen Gut,194.9
2025-11-10,Colágeno - Collagen Pro - Body Suport,379.8
2025-11-10,Colágeno - Collagen Protein Hidrolisado,719.6
2025-11-10,Colágeno - Collagen Renew Hidrolisado,230.7
2025-11-10,Colágeno - Multi Collagen,199.9
2025-11-10,Colágeno Hidrolisado - Collagen Pro 18g,1499.0
2025-11-10,Colágeno Tipo II,119.8
2025-11-10,Creatina,244.7
2025-11-10,Creatina - Creafort (Creapure),459.7
2025-11-10,Creatina - Creapure,179.9
2025-11-10,Creatina - Gummies,119.9
2025-11-10,Creatina 100%,392.5
2025-11-10,Creatina Monohidratada,2417.5
2025-11-10,Creatina Monohidratada (Creapure),574.7
2025-11-10,Creatina Monohidratada -  Crealift (Creapure),299.9
2025-11-10,Creatina Monohidratada - Creatine,539.4
2025-11-10,Creatina Monohidratada - Hardcore,269.7
2025-11-10,Creatina Premium - Creapure,459.8
2025-11-10,Creatine Action - Gummy,119.9
2025-11-10,Cromo Picolinato - 250mg,54.8
2025-11-10,Cúrcuma - Curcumagic,154.9
2025-11-10,Cúrcuma Plus,714.0
2025-11-10,Energy Gel c/ Cafeína,105.6
2025-11-10,Enzimas Enzyfor,559.6
2025-11-10,Farinha de Aveia,15.9
2025-11-10,Ferro - Ydrosolv,99.9
2025-11-10,Ferro Plus,29.9
2025-11-10,Ferro Quelado 34mg,59.8
2025-11-10,Ferro Quelato + Vitamina C,90.8
2025-11-10,Fibras - Fiberfor,94.9
2025-11-10,Fibras Prébioticas - Prebiotic,360.4
2025-11-10,Fresh Vegan,169.9
2025-11-10,Fresh Whey,2938.5
2025-11-10,Gel - Endurance,139.8
2025-11-10,Gel Nitrato,38.19
2025-11-10,Gel Nitrato com L-Citrulinilarginina,25.46
2025-11-10,Glutamina,190.7
2025-11-10,Glutamina - Glutamax,169.7
2025-11-10,Gold Whey Concentrado Refil,319.8
2025-11-10,Granola - Zero Açúcar,57.8
2025-11-10,Grassfed Whey Protein - Concentrado,179.9
2025-11-10,Hipercalórico - Creamass,199.8
2025-11-10,Hipercalórico - Monsterone,124.9
2025-11-10,Isofort Plant (Life Vegan),119.9
2025-11-10,Laranja Moro - Moroskinny,112.9
2025-11-10,Livestrong,299.9
2025-11-10,Luteína + Zeaxantina,59.59
2025-11-10,MCT LIFT,103.39
2025-11-10,Maca Peruana,42.9
2025-11-10,Magnésio,89.8
2025-11-10,Magnésio + Inositol Relief 2.0,169.9
2025-11-10,Magnésio - Inositol Relief 3.0,349.8
2025-11-10,Magnésio - Mag 5 Complex,72.9
2025-11-10,Magnésio Dimalato,46.9
2025-11-10,Magnésio Inositol,129.9
2025-11-10,Magnésio Plus - 350mg,144.8
2025-11-10,Magnésio Plus 900mg,349.6
2025-11-10,Matchá - Chá Verde em Pó,76.9
2025-11-10,Melatonina - Sleepfor,159.8
2025-11-10,Melatonina Duo,64.9
2025-11-10,Melatonina Duo Harmony,254.8
2025-11-10,Morning Shot - Imunidade,614.4
2025-11-10,Multivitaminico  - Imunomult- 1000mg,134.9
2025-11-10,Multivitaminico - Imunomult- 1000mg,99.9
2025-11-10,NAC 650mg,64.9
2025-11-10,NAC Acetilcisteína -  600mg,86.9
2025-11-10,Nootrópico - Brain Up,144.9
2025-11-10,Omegafor Plus,2128.9
2025-11-10,Palatinose,305.5
2025-11-10,Palatinose 100% - Carbolift,617.1
2025-11-10,Pasta de Amendoim,164.7
2025-11-10,Pasta de Amendoim Integral,79.6
2025-11-10,Pasta de Castanha de Caju,58.5
2025-11-10,Probiótico - Simcaps,74.9
2025-11-10,Probiótico - Simfort Plus,459.4
2025-11-10,Proteína - Isocrisp Plant Pouch,69.9
2025-11-10,Proteína Isolada e Hidrolisada - Body Protein,1539.3
2025-11-10,Proteína Isolada e Hidrolisada - Body Protein Red,439.8
2025-11-10,Proteína Vegana - Immuno Veggie,254.9
2025-11-10,Pré-Treino,104.9
2025-11-10,Pré-Treino - V Fort Ultra,229.8
2025-11-10,Pré-treino - Exquenta,106.84
2025-11-10,Própolis - Green Própolis,62.9
2025-11-10,Própolis Líquido - Gotas,89.8
2025-11-10,Própolis Trio,139.8
2025-11-10,Própolis Verde - Alcoólico,28.9
2025-11-10,Própolis Verde - Premium 10mg,194.7
2025-11-10,Própolis Verde - Propomax,28.9
2025-11-10,Psyllium,264.6
2025-11-10,Refil 100% Whey Protein - Flavour,95.0
2025-11-10,Refil Whey Concentrado Havanna - W100,139.9
2025-11-10,Refil Whey Protein - 3W,904.4
2025-11-10,Refil Whey Protein Concentrado,179.9
2025-11-10,Repositor Energético - D Ribose,99.9
2025-11-10,Resveratrol 500mg,79.9
2025-11-10,Resveratrol Plus - 165mg,109.9
2025-11-10,Sachê de Óleo De Coco Extravirgem,3.9
2025-11-10,Shot Matinal,79.9
2025-11-10,Simfort Ultra,94.9
2025-11-10,Sleep,469.7
2025-11-10,Super Ômega 3,1357.11
2025-11-10,SuperCoffee,2001.52
2025-11-10,SuperCoffee Língua de gato - Kopenhagen,989.4
2025-11-10,Suplemento -  Super Active Boost,72.18
2025-11-10,Suplemento Alimentar - Alpha Inflaminus,289.8
2025-11-10,Suplemento Alimentar - Alpha Men,159.9
2025-11-10,Suplemento Alimentar - GUARDIAN®,399.8
2025-11-10,Suplemento Alimentar - Green Shot,149.8
2025-11-10,Suplemento Alimentar - Pura Fiber,74.9
2025-11-10,Suplemento Vitamínico - ZMA,59.9
2025-11-10,Suplemento de Magnésio - Blue Calm,99.9
2025-11-10,Tablete de Doce,16.8
2025-11-10,Tasty Whey 3W Gourmet,194.9
2025-11-10,Termogênico - Termo Plus,359.7
2025-11-10,Trio Magnésio 720mg,119.8
2025-11-10,Vegan Protein,279.8
2025-11-10,Vitamina - Good Mood,119.8
2025-11-10,Vitamina B12,299.2
2025-11-10,Vitamina B9 - Ácido Fólico,179.8
2025-11-10,Vitamina C - Bio Vit C+,149.7
2025-11-10,Vitamina D - Vita D3,431.2
2025-11-10,Vitamina D - Vita D3 + C + Zinco,239.6
2025-11-10,Vitamina D3,183.7
2025-11-10,Vitamina D3 + K2,384.4
2025-11-10,Vitamina D3 + K2 Gotas,139.8
2025-11-10,Vitamina D3 Synergy,59.9
2025-11-10,Vitamina D3+K2,75.06
2025-11-10,"Vitaminas A, E, D e K2- RESTAURE® - Gotas",476.7
2025-11-10,Whey,1806.3
2025-11-10,Whey - Immuno Golden,249.9
2025-11-10,Whey - Isocrisp Pouch,159.8
2025-11-10,Whey - Zero Lactose,219.9
2025-11-10,Whey 3W,494.7
2025-11-10,Whey Fort 3W,1313.2
2025-11-10,Whey Isolado - Iso Triple Zero,659.7
2025-11-10,Whey Protein - Isofort Beauty,279.8
2025-11-10,Whey Protein Concentrado,6671.3
2025-11-10,Whey Protein Concentrado Cappuccino 900g DUX,539.7
2025-11-10,Whey Protein Hidrolisado,369.9
2025-11-10,Whey Protein Isolado,4058.7
2025-11-10,Whey Protein Isolado - Isofort,1239.6
2025-11-10,Whey Protein Isolado - Tasty Iso,579.8
2025-11-10,Whey Tech 100%,898.3
2025-11-10,Whey hidrolisado e isolado,1239.6
2025-11-10,Zinco,94.7
2025-11-10,Zinco Quelato,42.9
2025-11-10,Óleo de Prímula - 500mg,39.9
2025-11-10,Ômega 3 - 1360mg,699.5
2025-11-10,Ômega 3 - EPA DHA - 1000mg,469.3
2025-11-10,Ômega 3 - Pro,49.9
2025-11-10,Ômega 3 - Ultra Caps 1000mg,309.8
2025-11-10,Ômega 3 DHA,139.9
2025-11-10,Ômega 3 EPA DHA,1496.2
2025-11-10,Ômega 3 Fosfatix,339.8
2025-11-10,Ômega 3 Super DHA,109.9
2025-11-10,Ômega 3 Super DHA - BIG N,449.6
2025-11-10,Ômega 3 Super DHA BIG,189.9
2025-11-17,100% Whey Pure,1014.3
2025-11-17,Achocolatado - Choco Family - Refil,303.2
2025-11-17,Aminoácido - Amino Builder,154.35
2025-11-17,Aminoácido - Aminovita,128.9
2025-11-17,Aminoácido - Tryptophan,49.9
2025-11-17,Aminoácidos - Aminolift,199.9
2025-11-17,Amora Miúra - 1500mg,44.9
2025-11-17,Arginofor -  L-Arginina,283.43
2025-11-17,BT Gel Nitrato,89.9
2025-11-17,Barra Double,23.84
2025-11-17,Barrinha - Body Protein,24.0
2025-11-17,Barrinha de Chocolate ao Leite,9.84
2025-11-17,Barrinha de Proteína,513.35
2025-11-17,Barrinha de Proteína - FITZEI,60.0
2025-11-17,Barrinha de Proteína - PROTO WAFER,16.8
2025-11-17,Barrinha de Proteína Choco Wheyfer,63.8
2025-11-17,Barrinha de Proteína Crunch,56.75
2025-11-17,Barrinha de Proteína Mukebar,158.0
2025-11-17,Barrinha de Proteína Protein Crisp,239.7
2025-11-17,Barrinha de Proteína Tube,99.44
2025-11-17,Barrinhas de Proteína Crunch,139.9
2025-11-17,Bebida Vegetal em Pó - Vegan Delight,89.9
2025-11-17,Best Whey,399.8
2025-11-17,Beta Alanina,169.7
2025-11-17,Beta Alanina 100%,39.99
2025-11-17,Bio Cálcio  60 caps PURAVIDA,79.9
2025-11-17,Bio Ferro,85.8
2025-11-17,Bio Vitamina B12 em gotas,89.8
2025-11-17,Bio Zinco,36.9
2025-11-17,Cafeína,73.98
2025-11-17,Chocolate 40%,22.9
2025-11-17,Chocolate com Nibs,29.9
2025-11-17,Coenzima  Q10 - 100mg,179.8
2025-11-17,Coenzima Q10,119.9
2025-11-17,Coenzima Q10 (200mg p/ porção),89.9
2025-11-17,Coenzima Q10 + Ômega 3 + Vitamina E,270.8
2025-11-17,Coenzima Q10 - (100mg p/ porção),339.6
2025-11-17,Coenzima Q10 200mg,89.9
2025-11-17,Colágeno - Body Collagen Protein,179.9
2025-11-17,Colágeno - Colagentek,84.9
2025-11-17,Colágeno - Colagentek Beauty,353.7
2025-11-17,Colágeno - Colagentek II,94.9
2025-11-17,Colágeno - Colagentek Protein - Bodybalance,458.7
2025-11-17,Colágeno - Collagen Bones,194.9
2025-11-17,Colágeno - Collagen Essential Protein,229.9
2025-11-17,Colágeno - Collagen Renew Hidrolisado,230.7
2025-11-17,Colágeno - Collcreatine,189.9
2025-11-17,Colágeno - Multi Collagen,399.8
2025-11-17,Colágeno Collagen Skin,849.95
2025-11-17,Colágeno Hidrolisado - Collagen Pro 18g,149.9
2025-11-17,Colágeno Tipo II - Artro Aid,189.8
2025-11-17,Complexo B 500mg,44.9
2025-11-17,Cranberry - She She Comfort,139.8
2025-11-17,Creatina,99.9
2025-11-17,Creatina - Creafort (Creapure),809.5
2025-11-17,Creatina - Creapure,179.9
2025-11-17,Creatina 100%,297.6
2025-11-17,Creatina Monohidratada,1898.2
2025-11-17,Creatina Monohidratada (Creapure),769.6
2025-11-17,Creatina Monohidratada -  Crealift (Creapure),299.9
2025-11-17,Creatina Monohidratada - Creatine,952.7
2025-11-17,Creatina Premium - Creapure,229.9
2025-11-17,Creatine Action - Gummy,359.7
2025-11-17,Cromo Picolinato - 250mg,27.9
2025-11-17,Curcumina,99.9
2025-11-17,Cúrcuma Plus,544.2
2025-11-17,Enzima - Enzyfor,74.9
2025-11-17,Extrato de Laranja Moro 400mg,99.9
2025-11-17,Ferro - Ydrosolv,99.9
2025-11-17,Ferro Plus,29.9
2025-11-17,Ferro Quelato + Vitamina C,46.9
2025-11-17,Fibras Prébioticas - Prebiotic,235.6
2025-11-17,Fresh Vegan,169.9
2025-11-17,Fresh Whey,979.3
2025-11-17,Gel Neutro Fresh com Cafeína,37.95
2025-11-17,Gel Nitrato,25.46
2025-11-17,Glutamina,138.8
2025-11-17,Glutamina - Glutamax,79.9
2025-11-17,Glutamina - Glutamax Refil,217.65
2025-11-17,Glutamina Isolada,54.9
2025-11-17,Glutamina em Pó,99.9
2025-11-17,Gold Whey Concentrado Refil,479.7
2025-11-17,Granola Australia - Low Carb,159.6
2025-11-17,Grassfed Whey Protein,139.99
2025-11-17,Immuno Whey,681.9
2025-11-17,Isofort Plant (Life Vegan),239.8
2025-11-17,Livestrong,299.9
2025-11-17,MCT,129.9
2025-11-17,Maca Peruana,77.8
2025-11-17,Magnésio,44.9
2025-11-17,Magnésio - Inositol Relief 3.0,699.6
2025-11-17,Magnésio Inositol,324.8
2025-11-17,Magnésio Plus - 350mg,224.7
2025-11-17,Magnésio Plus 900mg,854.1
2025-11-17,Magnésio Quelato - Bio Mag,149.8
2025-11-17,Matchá - Chá Verde em Pó,76.9
2025-11-17,Melatonina - Sleepfor,79.9
2025-11-17,Melatonina - Ydrosolv,169.8
2025-11-17,Melatonina Duo,64.9
2025-11-17,Melatonina Fast,20.9
2025-11-17,Metilfolato,48.9
2025-11-17,Mistura para Panqueca Proteica,11.98
2025-11-17,Mistura para Pão de Frigideira Proteico,11.98
2025-11-17,Morning Shot - Imunidade,209.8
2025-11-17,Multivitaminico  - Imunomult- 1000mg,134.9
2025-11-17,Multivitaminico - Imunomult- 1000mg,99.9
2025-11-17,Multivitaminino - Multi All,79.9
2025-11-17,NAC 650mg,64.9
2025-11-17,Nootrópico - Brain Up,154.9
2025-11-17,Omegafor Plus,1943.62
2025-11-17,Omegafor Vision,119.9
2025-11-17,Palatinose,312.54
2025-11-17,Pasta de Amendoim,42.9
2025-11-17,Pasta de Amendoim Granulado,26.9
2025-11-17,Pasta de Amendoim Integral,19.9
2025-11-17,Probiótico - Simfort Plus,289.7
2025-11-17,Probióticos em Pó - Simfort,164.9
2025-11-17,Proteina Vegetal - True Vegan,194.9
2025-11-17,Proteína - Isocrisp Plant Pouch,139.8
2025-11-17,Proteína Isolada e Hidrolisada - Body Protein,879.6
2025-11-17,Proteína Isolada e Hidrolisada - Body Protein Red,439.8
2025-11-17,Pré-Treino - Beta Action,209.9
2025-11-17,Pré-Treino - V Fort Ultra,114.9
2025-11-17,Pré-treino - Energy Kick Caffeine,124.9
2025-11-17,Pré-treino Panic Pre Workout,99.9
2025-11-17,Própolis Líquido - Gotas,89.8
2025-11-17,Própolis Verde,42.9
2025-11-17,Própolis Verde - Alcoólico,28.9
2025-11-17,Própolis Verde - Premium 10mg,64.9
2025-11-17,Própolis Verde - Propomax,86.7
2025-11-17,Psyllium,339.5
2025-11-17,Refil Pure Blend Protein,539.4
2025-11-17,Refil Whey 100% Pure,279.8
2025-11-17,Refil Whey Concentrado - W100,519.6
2025-11-17,Refil Whey Concentrado Havanna - W100,139.9
2025-11-17,Refil Whey Protein - 3W,627.6
2025-11-17,Resveratrol Plus - 165mg,109.9
2025-11-17,Simfort fibras,64.9
2025-11-17,Sleep,114.9
2025-11-17,Spirulina,68.17
2025-11-17,Super Ômega 3,862.5
2025-11-17,SuperCoffee,1274.1
2025-11-17,SuperCoffee Língua de gato - Kopenhagen,824.5
2025-11-17,Suplemento Alimentar - Alpha Inflaminus,144.9
2025-11-17,Suplemento Alimentar - GUARDIAN®,199.9
2025-11-17,Suplemento Alimentar - Immune +,329.8
2025-11-17,Suplemento Alimentar - Pura Fiber,224.7
2025-11-17,Suplemento Alimentar - Slim Body 400mg,89.9
2025-11-17,Suplemento Alimentar - Slim Shape,69.9
2025-11-17,Suplemento de Magnésio - Blue Calm,369.7
2025-11-17,Suplemento para Imunidade - Immune Up 100%,119.9
2025-11-17,Tasty Whey 3W Gourmet,584.7
2025-11-17,Termogênico - Termo Plus,119.9
2025-11-17,Trio Magnésio 720mg,64.9
2025-11-17,Triptofano - Triptoflex 215mg,84.16
2025-11-17,Triptofano Noite,89.9
2025-11-17,Vitamina B12,219.4
2025-11-17,Vitamina B9 - Metilfolato,59.9
2025-11-17,Vitamina C Plus,44.9
2025-11-17,Vitamina D - Vita D3,264.5
2025-11-17,Vitamina D - Vita D3 + C + Zinco,299.5
2025-11-17,Vitamina D3,89.8
2025-11-17,Vitamina D3 + K2,199.7
2025-11-17,Vitamina D3 - 2000 Ui,110.7
2025-11-17,Vitamina D3 Synergy,59.9
2025-11-17,"Vitaminas A, E, D e K2- RESTAURE® - Gotas",309.8
2025-11-17,Whey,2898.1
2025-11-17,Whey - Immuno Golden,249.9
2025-11-17,Whey - Isocrisp Pouch,79.9
2025-11-17,Whey - Zero Lactose,659.7
2025-11-17,Whey Fort 3W,1457.1
2025-11-17,Whey Isolado - Iso Triple Zero,219.9
2025-11-17,Whey Isolado e Hidrolisado - H.I Whey,249.9
2025-11-17,Whey Protein - 3W - The Whey,119.9
2025-11-17,Whey Protein - Isofort Beauty,139.9
2025-11-17,Whey Protein Concentrado,7775.7
2025-11-17,Whey Protein Concentrado Cappuccino 900g DUX,179.9
2025-11-17,Whey Protein Hidrolisado,369.9
2025-11-17,Whey Protein Isolado,5108.2
2025-11-17,Whey Protein Isolado - Isofort,619.8
2025-11-17,Whey Tech 100%,478.6
2025-11-17,Whey hidrolisado e isolado,309.9
2025-11-17,Óleo de Borragem - Gamalift,144.37
2025-11-17,Ômega - Mega DHA,179.9
2025-11-17,Ômega 3,79.9
2025-11-17,Ômega 3 - 1360mg,279.8
2025-11-17,Ômega 3 - EPA DHA - 1000mg,330.5
2025-11-17,Ômega 3 - Omegafor Memory,104.9
2025-11-17,Ômega 3 EPA DHA,1663.53
2025-11-17,Ômega 3 Fosfatix,169.9
2025-11-17,Ômega 3 Super DHA,109.9
2025-11-17,Ômega 3 Super DHA - BIG N,479.6
2025-11-17,Ômega 3 Super DHA BIG,189.9
2025-11-24,#Refil Whey 100% Pure,95.0
2025-11-24,100% Whey Pure,289.8
2025-11-24,Achocolatado - Choco Family - Refil,37.9
2025-11-24,Aminoácido - BCAA - Glyco HD,29.9
2025-11-24,Aminoácido - BCAA Fort,94.9
2025-11-24,Aminoácido N-acetil L-cisteína (NAC),132.8
2025-11-24,Aminoácidos - Aminnu EAAs,209.9
2025-11-24,Aminoácidos - Aminolift,199.9
2025-11-24,Antioxidante - Luteína e Zeaxantina,69.9
2025-11-24,Arginofor -  L-Arginina,119.9
2025-11-24,BT Nitrato 400,139.9
2025-11-24,Barra Double,5.96
2025-11-24,Barrinha de Chocolate 41%,20.52
2025-11-24,Barrinha de Chocolate 70%,9.84
2025-11-24,Barrinha de Proteína,570.98
2025-11-24,Barrinha de Proteína - Protein Crisp Bar,239.7
2025-11-24,Barrinha de Proteína Choco Wheyfer,155.67
2025-11-24,Barrinha de Proteína Crunch,229.77
2025-11-24,Barrinha de Proteína Thin,99.9
2025-11-24,Barrinha de Proteína Tube,369.14
2025-11-24,Barrinhas de Proteína Crunch,114.99
2025-11-24,Beef Protein,1259.93
2025-11-24,Best Whey,149.9
2025-11-24,Beta Alanina,99.8
2025-11-24,Bio Ferro,85.8
2025-11-24,Blend de Chá - Calmante,29.9
2025-11-24,Blend de Chá - Detox,59.8
2025-11-24,Blend de Chá - Digestivo,29.9
2025-11-24,Bom Ciclo,79.9
2025-11-24,"Boraprim - Borragem, Prímula e Gergelim",199.7
2025-11-24,Cacau Premium,149.8
2025-11-24,Cafeína,73.98
2025-11-24,Chocolate 70% Cacau,29.9
2025-11-24,Chocolate 77% Cacau,36.9
2025-11-24,Chocolate 85% Cacau,29.9
2025-11-24,Chocolate com Flor de Sal,29.9
2025-11-24,Chá,14.4
2025-11-24,Chá Misto,7.2
2025-11-24,Coenzima  Q10 - 100mg,269.7
2025-11-24,Coenzima Q10,139.9
2025-11-24,Coenzima Q10  (200mg p/ porção),659.7
2025-11-24,Coenzima Q10 (200mg p/ porção),624.5
2025-11-24,Coenzima Q10 + Ômega 3 + Vitamina E,377.7
2025-11-24,Coenzima Q10 - (100mg p/ porção),169.8
2025-11-24,Coenzima Q10 - Bio Q10,134.9
2025-11-24,Coenzima Q10 100 Mg,124.9
2025-11-24,Coffee - Brainstorm,119.9
2025-11-24,Colágeno -  Collagen Gut,1019.94
2025-11-24,Colágeno - Body Collagen Protein,179.9
2025-11-24,Colágeno - Colagentek,169.8
2025-11-24,Colágeno - Colagentek II,279.7
2025-11-24,Colágeno - Colagentek Protein - Bodybalance,1118.3
2025-11-24,Colágeno - Collagen Essential Protein,1149.5
2025-11-24,Colágeno - Collagen Gut,339.98
2025-11-24,Colágeno - Collagen Protein Hidrolisado,179.9
2025-11-24,Colágeno - Collagen Renew Hidrolisado,615.2
2025-11-24,Colágeno - Collagen Tipo II 40mg,224.7
2025-11-24,Colágeno - Collpure® - 450g,138.04
2025-11-24,Colágeno - Multi Collagen,199.9
2025-11-24,Colágeno Collagen Skin,169.99
2025-11-24,Colágeno Hidrolisado - Collagen Pro 18g,749.5
2025-11-24,Colágeno Tipo II,59.9
2025-11-24,Colágeno Tipo II - Artro Aid,189.8
2025-11-24,Complexo B,89.0
2025-11-24,Complexo B - Bio Vit.B+,44.9
2025-11-24,Coq10,229.9
2025-11-24,Cranberry,49.9
2025-11-24,Cranberry - She She Comfort,69.9
2025-11-24,Creatina,99.9
2025-11-24,Creatina - Creafort (Creapure),2304.5
2025-11-24,Creatina - Creapure,179.9
2025-11-24,Creatina 100%,215.6
2025-11-24,Creatina Monohidratada,1852.4
2025-11-24,Creatina Monohidratada (Creapure),189.9
2025-11-24,Creatina Monohidratada - Creatine,1438.0
2025-11-24,Creatina Monohidratada - Hardcore,179.8
2025-11-24,Cromo Picolinato - 250mg,27.9
2025-11-24,Cúrcuma - Curcumagic,309.8
2025-11-24,Cúrcuma 500mg,94.9
2025-11-24,Cúrcuma Plus,349.5
2025-11-24,D-Ribose,149.66
2025-11-24,Eletrólitos,581.25
2025-11-24,Enzima Lactase - Laczyme,84.9
2025-11-24,Enzimas Enzyfor,279.8
2025-11-24,Extrato de Laranja Moro 400mg,99.9
2025-11-24,Farinha de Aveia,31.8
2025-11-24,Fe - Complex,139.8
2025-11-24,Feno Grego,146.7
2025-11-24,Ferro - Ydrosolv,99.9
2025-11-24,Ferro Quelato + Vitamina C,93.8
2025-11-24,Fibras Prébioticas - Prebiotic,353.4
2025-11-24,Fresh Vegan,169.9
2025-11-24,Fresh Whey,839.4
2025-11-24,Gel Nitrato,101.84
2025-11-24,Glutamina,68.9
2025-11-24,Glutamina - Glutamax,79.9
2025-11-24,Glutamina - Glutamax Refil,379.7
2025-11-24,Glutamina Isolates,64.9
2025-11-24,Glutamina Pure,119.9
2025-11-24,Glutamina em Pó,99.9
2025-11-24,Gold Whey Concentrado Refil,319.8
2025-11-24,Granola - Zero Açúcar,28.9
2025-11-24,Hipercalórico - Hiper Mass Gainer,121.69
2025-11-24,Hipercalórico - Monsterone,124.9
2025-11-24,Immuno Whey,465.9
2025-11-24,Livestrong,899.7
2025-11-24,Maca Peruana,77.8
2025-11-24,Magnésio,269.4
2025-11-24,Magnésio - Inositol Relief 3.0,1049.4
2025-11-24,Magnésio Inositol,184.9
2025-11-24,Magnésio Plus - 350mg,449.4
2025-11-24,Magnésio Plus 900mg,284.7
2025-11-24,Magnésio Quelato - Bio Mag,149.8
2025-11-24,Matchá - Chá Verde em Pó,76.9
2025-11-24,Melatonina - Gummy,51.37
2025-11-24,Melatonina - Sleepfor,159.8
2025-11-24,Melatonina Duo Harmony,129.9
2025-11-24,Melatonina Fast,41.8
2025-11-24,Melatonina em Gotas,79.8
2025-11-24,Mistura para Bolo de Caneca	,11.98
2025-11-24,Morning Shot - Imunidade,314.7
2025-11-24,Multivitaminico  - Imunomult- 1000mg,134.9
2025-11-24,NAC + Glycine + Taurine,75.9
2025-11-24,NAC 650mg,129.8
2025-11-24,Omegafor Plus,3782.48
2025-11-24,Palatinose,573.76
2025-11-24,Palatinose 100% - Carbolift,205.7
2025-11-24,Pasta de Amendoim Integral,19.9
2025-11-24,Probiótico - Simfort Plus,569.3
2025-11-24,Probióticos em Pó - Simfort,164.9
2025-11-24,Proteina Vegetal - True Vegan,194.9
2025-11-24,Proteína - Isocrisp Plant Pouch,69.9
2025-11-24,Proteína Isolada e Hidrolisada - Body Protein,879.6
2025-11-24,Proteína Isolada e Hidrolisada - Body Protein Red,219.9
2025-11-24,Pré-Treino,104.9
2025-11-24,Pré-Treino - Beta Action,209.9
2025-11-24,Pré-Treino - V Fort Ultra,244.8
2025-11-24,Pré-treino - Energy Kick Caffeine,124.9
2025-11-24,Pré-treino - Égide,129.9
2025-11-24,Pré-treino Panic Pre Workout,99.9
2025-11-24,Própolis - Green Própolis,62.9
2025-11-24,Própolis Verde - Alcoólico,202.3
2025-11-24,Própolis Verde - Premium 10mg,64.9
2025-11-24,Própolis Verde - Propomax,28.9
2025-11-24,Própolis Verde 70,38.9
2025-11-24,Psyllium,419.3
2025-11-24,Refil 100% Whey Protein - Flavour,285.0
2025-11-24,Refil Pure Blend Protein,809.1
2025-11-24,Refil Whey 100% Pure,139.9
2025-11-24,Refil Whey Concentrado - W100,129.9
2025-11-24,Refil Whey Concentrado Havanna - W100,279.8
2025-11-24,Refil Whey Protein Concentrado,179.9
2025-11-24,Resveratrol Plus - 165mg,219.8
2025-11-24,Sachê de Óleo De Coco,3.9
2025-11-24,Shot Matinal,79.9
2025-11-24,Simfort fibras,64.9
2025-11-24,Sleep,174.9
2025-11-24,Super Ômega 3,1013.5
2025-11-24,SuperCoffee,999.3
2025-11-24,SuperCoffee Língua de gato - Kopenhagen,174.9
2025-11-24,"Suplemento Alimentar - Cabelo, Pele e Unha - Gomas",84.9
2025-11-24,Suplemento Alimentar - GUARDIAN®,819.6
2025-11-24,Suplemento Alimentar - Pura Fiber,224.7
2025-11-24,Suplemento Alimentar - Resveratrol,144.9
2025-11-24,Suplemento Alimentar - Slim Shape,69.9
2025-11-24,Suplemento Alimentar - True Nac,69.9
2025-11-24,Suplemento de Magnésio - Blue Calm,199.8
2025-11-24,Tablete de Doce,42.0
2025-11-24,Termogênico - Lipix6,162.8
2025-11-24,Termogênico - Termo Plus,119.9
2025-11-24,Trio Magnésio 720mg,324.5
2025-11-24,True Cúrcuma,74.9
2025-11-24,V-Coffee Energy Boost,95.9
2025-11-24,Vegan Protein - Vegano,139.9
2025-11-24,Vitamina - Good Mood,119.8
2025-11-24,Vitamina B12,398.9
2025-11-24,Vitamina B9 - Ácido Fólico,79.9
2025-11-24,Vitamina C + Zinco - Gomas,64.9
2025-11-24,Vitamina C - 500mg,29.9
2025-11-24,Vitamina C3 - 1000mg,89.9
2025-11-24,Vitamina D - Vita D3,270.5
2025-11-24,Vitamina D - Vita D3 + C + Zinco,222.6
2025-11-24,Vitamina D3,44.9
2025-11-24,Vitamina D3 + K2,199.7
2025-11-24,Vitamina D3 + K2 Gotas,69.9
2025-11-24,Vitamina D3 - 2000 Ui,36.9
2025-11-24,Vitamina D3 - Ydrosolv - Spray,76.5
2025-11-24,"Vitaminas A, E, D e K2- RESTAURE® - Gotas",464.7
2025-11-24,Whey,858.7
2025-11-24,Whey - Isocrisp Pouch,159.8
2025-11-24,Whey 3W,164.9
2025-11-24,Whey Fort 3W,1133.3
2025-11-24,Whey Isolado - Iso Triple Zero,219.9
2025-11-24,Whey Isolado e Hidrolisado - H.I Whey,499.8
2025-11-24,Whey Protein - 3W - The Whey,119.9
2025-11-24,Whey Protein - Isofort Beauty,139.9
2025-11-24,Whey Protein Concentrado,5217.1
2025-11-24,Whey Protein Concentrado Cappuccino 900g DUX,179.9
2025-11-24,Whey Protein Isolado,2579.1
2025-11-24,Whey Protein Isolado - Isofort,1549.5
2025-11-24,Whey Protein Isolado - Tasty Iso,579.8
2025-11-24,Whey Protein Vegetal,149.9
2025-11-24,Whey Tech 100%,505.6
2025-11-24,Whey hidrolisado e isolado,619.8
2025-11-24,Óleo De Coco Extravirgem,44.25
2025-11-24,Ômega -  Mega DHA,199.8
2025-11-24,Ômega - Mega DHA,179.9
2025-11-24,Ômega 3  - 1360mg,569.7
2025-11-24,Ômega 3 - EPA DHA - 1000mg,461.4
2025-11-24,Ômega 3 - Fish Oil,99.99
2025-11-24,Ômega 3 - Omegafor Memory,209.8
2025-11-24,Ômega 3 DHA,139.9
2025-11-24,Ômega 3 EPA DHA,2078.21
2025-11-24,Ômega 3 Super DHA - BIG N,359.7
2025-11-24,Ômega Core,219.9
2025-11-24,Ômega Golden,219.9
2025-12-01,100% Whey Protein - Flavour,129.9
2025-12-01,100% Whey Pure,869.4
2025-12-01,Aminoácido - Aminovita,149.9
2025-12-01,Aminoácidos - Aminnu EAAs - Sem Xilitol,419.8
2025-12-01,Aminoácidos - Aminolift,209.9
2025-12-01,Barrinha de Proteína,169.66
2025-12-01,Barrinha de Proteína Best Whey 49g (12g de Proteína),104.09
2025-12-01,Barrinha de Proteína Tube,99.9
2025-12-01,Beef Protein,689.79
2025-12-01,Beta Alanina,179.7
2025-12-01,Bio Cálcio  60 caps PURAVIDA,79.9
2025-12-01,Bio Ferro,214.5
2025-12-01,Bio Vitamina B12 em gotas,134.7
2025-12-01,Bio Zinco,36.9
2025-12-01,Blend de Chá - Detox,29.9
2025-12-01,Blend de Chá - Digestivo,59.8
2025-12-01,Blend de Chá - Xô TPM,29.9
2025-12-01,BodyBalance - Muscle Synergy,239.9
2025-12-01,Bom Ciclo,79.9
2025-12-01,Booster Energético - Upgrade Energy - TCM,139.9
2025-12-01,"Boraprim - Borragem, Prímula e Gergelim",449.5
2025-12-01,Chá Vitatea,65.9
2025-12-01,Coenzima  Q10 - 100mg,89.9
2025-12-01,Coenzima Q10  (200mg p/ porção),219.9
2025-12-01,Coenzima Q10+ 200mg,139.9
2025-12-01,Colágeno - Body Collagen Protein,179.9
2025-12-01,Colágeno - Colagentek,169.8
2025-12-01,Colágeno - Colagentek Beauty,119.9
2025-12-01,Colágeno - Colagentek II,229.3
2025-12-01,Colágeno - Colagentek Protein - Bodybalance,834.5
2025-12-01,Colágeno - Collagen Gut,194.9
2025-12-01,Colágeno - Collagen Protein Hidrolisado,719.6
2025-12-01,Colágeno - Collagen Renew Hidrolisado,153.8
2025-12-01,Colágeno - Collagen Tipo II 40mg,74.9
2025-12-01,Colágeno - Collcreatine,379.8
2025-12-01,Colágeno - Collpure® - 450g,138.04
2025-12-01,Colágeno Tipo II,119.8
2025-12-01,Colágeno Tipo II - Artro Aid,189.8
2025-12-01,Complexo B Max,44.9
2025-12-01,Creatina,199.8
2025-12-01,Creatina - Creafort (Creapure),1341.2
2025-12-01,Creatina 100%,239.6
2025-12-01,Creatina 100% Pure,109.9
2025-12-01,Creatina Monohidratada,1283.4
2025-12-01,Creatina Monohidratada (Creapure),964.5
2025-12-01,Creatina Monohidratada - Creatine,629.3
2025-12-01,Creatina Monohidratada - Hardcore,89.9
2025-12-01,Cromo Picolinato - 250mg,55.8
2025-12-01,Cúrcuma 500mg,94.9
2025-12-01,Cúrcuma Plus,404.4
2025-12-01,D-Ribose,149.66
2025-12-01,Eletrólitos,374.4
2025-12-01,Fe - Complex,69.9
2025-12-01,Ferro Quelado 34mg,29.9
2025-12-01,Fibras Prébioticas - Prebiotic,263.6
2025-12-01,Fresh Whey,1509.1
2025-12-01,FreshWhey - Sachê,15.9
2025-12-01,Glutamina,149.8
2025-12-01,Glutamina - Glutamax,89.9
2025-12-01,Glutamina - Glutamax Refil,259.8
2025-12-01,Granola,32.9
2025-12-01,Granola Australia - Low Carb,39.9
2025-12-01,Grassfed Whey Protein,179.9
2025-12-01,L-Taurina - 1.000mg,41.9
2025-12-01,Laranja Moro,129.8
2025-12-01,Livestrong,599.8
2025-12-01,Maca Peruana,42.9
2025-12-01,Magnésio,224.5
2025-12-01,Magnésio + Inositol Relief 1.0,159.9
2025-12-01,Magnésio - Bio Trimag,74.9
2025-12-01,Magnésio - Inositol Relief 3.0,349.8
2025-12-01,Magnésio Inositol,184.9
2025-12-01,Magnésio Plus - 350mg,449.4
2025-12-01,Magnésio Plus 900mg,284.7
2025-12-01,Matchá - Chá Verde em Pó,153.8
2025-12-01,Melatonina - Sleepfor,79.9
2025-12-01,Melatonina em Gotas,119.7
2025-12-01,Multivitaminico  - Imunomult- 1000mg,269.8
2025-12-01,Multivitaminino - Multi All,79.9
2025-12-01,NAC + Glycine + Taurine,179.8
2025-12-01,NAC 650mg,64.9
2025-12-01,NAC Acetilcisteína -  600mg,79.9
2025-12-01,Nitro 400,279.8
2025-12-01,Omegafor Family - Ômega 3,569.4
2025-12-01,Omegafor Plus,3082.39
2025-12-01,Omegafor Vitamins,139.9
2025-12-01,Palatinose,69.9
2025-12-01,Palatinose 100% - Carbolift,84.9
2025-12-01,Pasta de Amendoim,106.65
2025-12-01,Pasta de Amendoim Integral,39.8
2025-12-01,Prebiótico,63.0
2025-12-01,Prebiótico - Fiber Liv,150.02
2025-12-01,Probiótico - Simcaps,74.9
2025-12-01,Probiótico - Simfort Plus,649.3
2025-12-01,Probióticos em Pó - Simfort,254.8
2025-12-01,Propolis + Quercetin + Vitamin C,109.9
2025-12-01,Proteína Isolada e Hidrolisada - Body Protein,659.7
2025-12-01,Pré-treino - Energy Kick,129.9
2025-12-01,Pré-treino - Energyzer & focus,249.8
2025-12-01,Própolis - Green Própolis,62.9
2025-12-01,Própolis Alcoólico,57.8
2025-12-01,Própolis Líquido - Gotas,44.9
2025-12-01,Própolis Trio,69.9
2025-12-01,Própolis Verde - Alcoólico,28.9
2025-12-01,Própolis Verde - Premium 10mg,129.8
2025-12-01,Própolis Verde - Propomax,28.9
2025-12-01,Psyllium,149.8
2025-12-01,Refil Creatina,319.8
2025-12-01,Refil Whey Protein - 3W,349.8
2025-12-01,Resveratrol 500mg,79.9
2025-12-01,Simfort Femme,269.7
2025-12-01,Simfort Ultra,149.9
2025-12-01,Super Ômega 3,299.8
2025-12-01,SuperCoffee,1234.2
2025-12-01,SuperCoffee Língua de gato - Kopenhagen,349.8
2025-12-01,Suplemento Alimentar  - Hepatofor,99.9
2025-12-01,Suplemento Alimentar - Alpha Inflaminus,144.9
2025-12-01,Suplemento Alimentar - GUARDIAN®,629.7
2025-12-01,Suplemento Alimentar - Green Shot,149.8
2025-12-01,Suplemento Alimentar - Pura Fiber,69.14
2025-12-01,Suplemento Alimentar - Slim Body 400mg,89.9
2025-12-01,Suplemento Alimentar - Slim Shape,69.9
2025-12-01,Suplemento Alimentar - True Nac,69.9
2025-12-01,Suplemento Vitamínico - Alpha Harmony,117.24
2025-12-01,Suplemento de Magnésio - Blue Calm,469.6
2025-12-01,Tablete de Doce,12.6
2025-12-01,Tasty Whey 3W Gourmet,779.6
2025-12-01,Termogênico - Lipix6,217.7
2025-12-01,Tortinha Proteica,15.87
2025-12-01,Trio Magnésio 720mg,324.5
2025-12-01,True Cúrcuma com Ômega,124.9
2025-12-01,Vinagre de Maçã Orgânico,24.01
2025-12-01,Vitamina B12,271.4
2025-12-01,Vitamina C + Zinco - Gomas,64.9
2025-12-01,Vitamina C - 500mg,39.48
2025-12-01,Vitamina C - Bio Vit C+,109.8
2025-12-01,Vitamina D - Ativa D3,99.9
2025-12-01,Vitamina D - Vita D3,372.3
2025-12-01,Vitamina D - Vita D3 + C + Zinco,239.6
2025-12-01,Vitamina D3 + K2 Gotas,139.8
2025-12-01,Vitamina D3 Synergy,179.7
2025-12-01,"Vitaminas A, E, D e K2- RESTAURE® - Gotas",309.8
2025-12-01,W100 Whey Concentrado Havanna - Sachê,12.9
2025-12-01,Whey,749.7
2025-12-01,Whey - Isocrisp Pouch,79.9
2025-12-01,Whey - Zero Lactose,439.8
2025-12-01,Whey 3W -  Sachê,10.9
2025-12-01,Whey Fort 3W,899.5
2025-12-01,Whey Isolado - Iso Triple Zero,659.7
2025-12-01,Whey Isolado e Hidrolisado - H.I Whey,499.8
2025-12-01,Whey Protein - 3W - The Whey,119.9
2025-12-01,Whey Protein - Isofort Beauty,419.7
2025-12-01,Whey Protein Concentrado,8125.5
2025-12-01,Whey Protein Concentrado - Sachê,64.5
2025-12-01,Whey Protein Concentrado Cappuccino 900g DUX,359.8
2025-12-01,Whey Protein Isolado,4058.7
2025-12-01,Whey Protein Isolado - Isofort,309.9
2025-12-01,Whey Protein Isolado - Sachê,135.2
2025-12-01,Whey Tech 100%,559.6
2025-12-01,Whey hidrolisado e isolado,619.8
2025-12-01,Whey hidrolisado e isolado Creme Broule 837g TRUE SOURCE,309.9
2025-12-01,Zinco,34.9
2025-12-01,Ômega - Mega DHA,539.7
2025-12-01,Ômega 3,179.9
2025-12-01,Ômega 3 - 1360mg,139.9
2025-12-01,Ômega 3 - EPA DHA - 1000mg,454.3
2025-12-01,Ômega 3 - Omegafor Memory,104.9
2025-12-01,Ômega 3 EPA DHA,1885.9
2025-12-01,Ômega 3 Super DHA - BIG N,359.7
2025-12-01,Ômega 3 Super DHA BIG,189.9
2025-12-01,Ômega Ultra - 1000mg,94.9
2025-12-08,100% Whey Protein - Flavour,259.8
2025-12-08,100% Whey True Protein,209.9
2025-12-08,Achocolatado - Choco Family - Refil,93.8
2025-12-08,Aminoácido - Aminovita,149.9
2025-12-08,Aminoácidos - Aminnu EAAs,209.9
2025-12-08,BT Nitrato,174.9
2025-12-08,Barrinha de Proteína,407.2
2025-12-08,Barrinha de Proteína - YOPRO,26.5
2025-12-08,Barrinha de Proteína Choco Wheyfer,33.56
2025-12-08,Barrinha de Proteína ChocoWheyfer,89.9
2025-12-08,Barrinha de Proteína Protein Crisp,79.9
2025-12-08,Barrinha de Proteína Whey Grego - Havanna,193.8
2025-12-08,Beef Protein,229.9
2025-12-08,Bio Cálcio  60 caps PURAVIDA,79.9
2025-12-08,Bio Ferro,42.9
2025-12-08,Bio Vitamina B12 em gotas,44.9
2025-12-08,Biotina Plus,93.8
2025-12-08,BodyBalance - Muscle Synergy,489.8
2025-12-08,Booster Energético - Upgrade Energy - TCM,279.8
2025-12-08,"Boraprim - Borragem, Prímula e Gergelim",359.6
2025-12-08,Cacao Whey - Sachê,21.9
2025-12-08,Coenzima  Q10 - 100mg,179.8
2025-12-08,Coenzima Q10,319.8
2025-12-08,Coenzima Q10  (200mg p/ porção),1099.5
2025-12-08,Coenzima Q10 (200mg p/ porção),339.7
2025-12-08,Coenzima Q10 - (100mg p/ porção),169.8
2025-12-08,Collagen Protein,239.9
2025-12-08,Colágeno - Colagentek,279.7
2025-12-08,Colágeno - Colagentek II,304.7
2025-12-08,Colágeno - Colagentek Protein - Bodybalance,884.5
2025-12-08,Colágeno - Collagen Essential Protein,239.9
2025-12-08,Colágeno - Collagen Gut,194.9
2025-12-08,Colágeno - Collagen Protein Hidrolisado,359.8
2025-12-08,Colágeno - Collagen Renew Hidrolisado,89.9
2025-12-08,Colágeno - Collagen Tipo II 40mg,164.8
2025-12-08,Colágeno Hidrolisado - Collagen Pro 18g,149.9
2025-12-08,Complexo B,104.9
2025-12-08,Coq10,459.8
2025-12-08,Cranberry - She She Comfort,69.9
2025-12-08,Creatina,509.6
2025-12-08,Creatina - Creafort (Creapure),1039.2
2025-12-08,Creatina - Creapure,179.9
2025-12-08,Creatina 100%,119.8
2025-12-08,Creatina 100% Pure,109.9
2025-12-08,Creatina Monohidratada,1642.9
2025-12-08,Creatina Monohidratada (Creapure),959.5
2025-12-08,Creatina Monohidratada -  Crealift (Creapure),53.98
2025-12-08,Creatina Monohidratada - Creatine,629.3
2025-12-08,Creatina Monohidratada em Gummy,109.9
2025-12-08,Creatine Action - Gummy,119.9
2025-12-08,Cromo Picolinato - 250mg,27.9
2025-12-08,Cálcio de Algas 1000mg,64.9
2025-12-08,Cúrcuma - Curcumagic,154.9
2025-12-08,Cúrcuma Plus,529.2
2025-12-08,Eletrólitos,94.9
2025-12-08,Energy Gel,269.89
2025-12-08,Enzimas Enzyfor,279.8
2025-12-08,Extrato de Laranja Moro 400mg,99.9
2025-12-08,Feno Grego + Boro 500mg,99.9
2025-12-08,Ferro Plus,59.8
2025-12-08,Fresh Vegan,509.7
2025-12-08,Fresh Whey,1639.0
2025-12-08,FreshWhey - Sachê,238.5
2025-12-08,Gluatamina em Sachê - Glutamax,99.9
2025-12-08,Glutamina,359.5
2025-12-08,Glutamina - Glutamax,139.8
2025-12-08,Glutamina Isolates,64.9
2025-12-08,Glutamina em Pó,229.8
2025-12-08,Gold Whey Concentrado Refil,639.6
2025-12-08,Granola - Zero Açúcar,28.9
2025-12-08,Isofort Plant (Life Vegan),479.6
2025-12-08,Laranja Moro - Moroskinny,104.9
2025-12-08,MCT - Oil Powder,124.12
2025-12-08,MCT LIFT,149.0
2025-12-08,Maca Peruana,85.8
2025-12-08,Magnésio,134.7
2025-12-08,Magnésio - Inositol Relief 3.0,349.8
2025-12-08,Magnésio Inositol,184.9
2025-12-08,Magnésio Plus - 350mg,224.7
2025-12-08,Magnésio Plus 900mg,94.9
2025-12-08,Melatonina - Sleepfor,79.9
2025-12-08,Melatonina - Ydrosolv,84.9
2025-12-08,Melatonina Duo,139.8
2025-12-08,Melatonina Fast,34.9
2025-12-08,Melatonina em Gotas,39.9
2025-12-08,Morning Shot - Imunidade,419.6
2025-12-08,Multivitaminico  - Imunomult- 1000mg,404.7
2025-12-08,Multivitamínico - Vitalift,189.9
2025-12-08,N-Acetil Cisteína (NAC),89.9
2025-12-08,NAC 650mg,129.8
2025-12-08,Omegafor Plus,2684.5
2025-12-08,Palatinose,69.9
2025-12-08,Pasta de Amendoim,258.95
2025-12-08,Pasta de Amendoim Integral,19.9
2025-12-08,Probiótico - Simcaps,149.8
2025-12-08,Probiótico - Simfort Plus,989.0
2025-12-08,Probióticos em Pó - Simfort,94.9
2025-12-08,Proteína - Isocrisp Plant Pouch,69.9
2025-12-08,Proteína Isolada e Hidrolisada - Body Protein,879.6
2025-12-08,Proteína Isolada e Hidrolisada - Body Protein Red,219.9
2025-12-08,Pré-Treino - Beta Action,219.9
2025-12-08,Pré-Treino - V Fort Ultra,129.9
2025-12-08,Pré-Treino Energy ATP®,209.9
2025-12-08,Pré-treino - Energy Kick,129.9
2025-12-08,Próbiotico - Purabiotics,89.9
2025-12-08,Própolis Líquido - Gotas,44.9
2025-12-08,Própolis Verde,108.8
2025-12-08,Própolis Verde - Alcoólico,86.7
2025-12-08,Própolis Verde - Premium 10mg,129.8
2025-12-08,Própolis Verde - Propomax,144.5
2025-12-08,Psyllium,74.9
2025-12-08,Refil Whey Concentrado - W100,259.8
2025-12-08,Refil Whey Concentrado Havanna - W100,279.8
2025-12-08,Refil Whey Protein Concentrado,679.7
2025-12-08,Resveratrol 500mg,159.8
2025-12-08,Resveratrol Plus - 165mg,219.8
2025-12-08,Shot Matinal,79.9
2025-12-08,Simfort Femme,199.8
2025-12-08,Simfort Ultra,179.8
2025-12-08,Sleep,289.8
2025-12-08,Super Ômega 3,916.54
2025-12-08,SuperCoffee,1304.1
2025-12-08,SuperCoffee Língua de gato - Kopenhagen,699.6
2025-12-08,Suplemento - Super Sono,119.9
2025-12-08,Suplemento Alimentar  - Hepatofor,199.8
2025-12-08,Suplemento Alimentar - GUARDIAN®,419.8
2025-12-08,Suplemento Alimentar - Green Shot,74.9
2025-12-08,Suplemento Alimentar - L-teanina - Happy Theanine,149.9
2025-12-08,Suplemento Alimentar - Slim Body 400mg,89.9
2025-12-08,Suplemento de Magnésio - Blue Calm,219.8
2025-12-08,Tasty Whey 3W Gourmet,389.8
2025-12-08,Termogênico - Termo Plus,129.9
2025-12-08,Trio Magnésio 720mg,129.8
2025-12-08,Triptofano Noite,89.9
2025-12-08,True Almonds Protein,19.9
2025-12-08,True Cúrcuma com Ômega,124.9
2025-12-08,Vegan Protein - Vegano,139.9
2025-12-08,Vinagre de maçã em Gummy,101.91
2025-12-08,Vitamina A - 8000 Ui,29.9
2025-12-08,Vitamina B12,418.9
2025-12-08,Vitamina C3 - 1000mg,54.9
2025-12-08,Vitamina D - Vita D3,539.0
2025-12-08,Vitamina D - Vita D3 + C + Zinco,222.6
2025-12-08,Vitamina D3,44.9
2025-12-08,Vitamina D3 + K2,194.7
2025-12-08,Vitamina D3 + K2 Gotas,69.9
2025-12-08,Vitamina D3 Synergy,59.9
2025-12-08,"Vitaminas A, E, D e K2- RESTAURE® - Gotas",464.7
2025-12-08,W100 Whey Concentrado - Sachê,35.7
2025-12-08,W100 Whey Concentrado Havanna - Sachê,12.9
2025-12-08,Whey,954.67
2025-12-08,Whey - Zero Lactose,439.8
2025-12-08,Whey 3W -  Sachê,76.3
2025-12-08,Whey Concentrado - 100% Whey,129.9
2025-12-08,Whey Fort 3W,359.8
2025-12-08,Whey Isolado - Iso Triple Zero,1099.5
2025-12-08,Whey Protein - 3W - The Whey,239.8
2025-12-08,Whey Protein - Isofort Beauty,279.8
2025-12-08,Whey Protein Concentrado,4702.4
2025-12-08,Whey Protein Concentrado - Sachê,175.5
2025-12-08,Whey Protein Concentrado Cappuccino 900g DUX,539.7
2025-12-08,Whey Protein Crisp - Isocrisp,49.9
2025-12-08,Whey Protein Isolado,3588.8
2025-12-08,Whey Protein Isolado - Isofort,309.9
2025-12-08,Whey Protein Isolado - Sachê,84.5
2025-12-08,Whey Protein Isolado - Tasty Iso,289.9
2025-12-08,Whey Protein Vegetal,149.9
2025-12-08,Whey Tech 100%,1538.9
2025-12-08,Whey hidrolisado e isolado,929.7
2025-12-08,Whey hidrolisado e isolado Creme Broule 837g TRUE SOURCE,309.9
2025-12-08,Zinco - Ydrosolv,89.9
2025-12-08,Zinco Quelato,42.9
2025-12-08,Óleo de Prímula - 500mg,39.9
2025-12-08,Ômega - Mega DHA,179.9
2025-12-08,Ômega 3,359.8
2025-12-08,Ômega 3 - 1360mg,139.9
2025-12-08,Ômega 3 - EPA DHA - 1000mg,135.8
2025-12-08,Ômega 3 - Fish Oil,112.65
2025-12-08,Ômega 3 - Omegafor Memory,314.7
2025-12-08,Ômega 3 - Ultra Caps 1000mg,319.8
2025-12-08,Ômega 3 DHA,139.9
2025-12-08,Ômega 3 EPA DHA,1841.6
2025-12-08,Ômega 3 Super DHA,219.8
2025-12-08,Ômega 3 Super DHA - BIG N,359.7
2025-12-08,Ômega 3 Super DHA BIG,189.9
2025-12-15,100% Whey Pure,434.7
2025-12-15,Achocolatado - Choco Family - Refil,49.9
2025-12-15,Achocolatado - Chocoki,89.9
2025-12-15,Aminoácido - Tryptophan,54.9
2025-12-15,Aminoácidos - Aminnu EAAs - Sem Xilitol,209.9
2025-12-15,BT Nitrato,149.9
2025-12-15,BT Nitrato 400,149.9
2025-12-15,Barrinha de Chocolate ao Leite,9.9
2025-12-15,Barrinha de Proteína,388.8
2025-12-15,Barrinha de Proteína - Protein Crisp Bar,15.8
2025-12-15,Barrinha de Proteína ChocoWheyfer,94.9
2025-12-15,Barrinha de Proteína Collagen Bar,219.8
2025-12-15,Barrinha de Proteína Crunch,13.9
2025-12-15,Bio Ferro,171.6
2025-12-15,Bio Vitamina B12 em gotas,44.9
2025-12-15,Bombom Recheado,20.28
2025-12-15,"Boraprim - Borragem, Prímula e Gergelim",54.9
2025-12-15,Cacao Whey - Sachê,39.8
2025-12-15,Chá Misto,6.9
2025-12-15,Coenzima  Q10 - 100mg,269.7
2025-12-15,Coenzima Q10,199.9
2025-12-15,Coenzima Q10  (200mg p/ porção),219.9
2025-12-15,Coenzima Q10 (200mg p/ porção),304.7
2025-12-15,Coenzima Q10 - (100mg p/ porção),254.7
2025-12-15,Coenzima Q10 - 100mg,109.9
2025-12-15,Coenzima Q10 - 200mg,144.9
2025-12-15,Coenzima Q10 100 Mg,124.9
2025-12-15,Colágeno - Colagentek,189.8
2025-12-15,Colágeno - Colagentek Protein - Bodybalance,539.7
2025-12-15,Colágeno - Collagen Bones,199.9
2025-12-15,Colágeno - Collagen Gut,389.8
2025-12-15,Colágeno - Collagen Protein Hidrolisado,899.5
2025-12-15,Colágeno - Collagen Renew Hidrolisado,449.5
2025-12-15,Colágeno - Collpure® - 450g,149.9
2025-12-15,Colágeno Hidrolisado - Collagen Pro 18g,149.9
2025-12-15,Colágeno Tipo II,69.9
2025-12-15,Cranberry,49.9
2025-12-15,Creatina,99.9
2025-12-15,Creatina - Creafort (Creapure),2078.8
2025-12-15,Creatina - Gummy,289.8
2025-12-15,Creatina 100%,249.7
2025-12-15,Creatina 100% Pure,109.9
2025-12-15,Creatina Monohidratada,1293.4
2025-12-15,Creatina Monohidratada (Creapure),384.8
2025-12-15,Creatina Monohidratada - Creatine,359.6
2025-12-15,Creatina Monohidratada em Gummy,109.9
2025-12-15,Creatina Premium - Creapure,229.9
2025-12-15,Cúrcuma - Curcumagic,464.7
2025-12-15,Cúrcuma Plus,69.9
2025-12-15,Eletrólitos,189.8
2025-12-15,Enzima - Enzyfor,79.9
2025-12-15,Enzimas Enzyfor,149.9
2025-12-15,Extrato de Laranja Moro 400mg,199.8
2025-12-15,Feno Grego + Boro 500mg,99.9
2025-12-15,Ferro Quelado 34mg,29.9
2025-12-15,Ferro Quelato + Vitamina C,46.9
2025-12-15,Fibras Prébioticas - Prebiotic,349.5
2025-12-15,Fresh Whey,259.9
2025-12-15,FreshWhey - Sachê,47.7
2025-12-15,Gel Nitrato com L-Citrulinilarginina,10.9
2025-12-15,Glutamina,284.6
2025-12-15,Glutamina - Glutamax,139.8
2025-12-15,Glutamina - Glutamax Refil,259.8
2025-12-15,Glutamina Isolates,64.9
2025-12-15,Glutamina em Pó,114.9
2025-12-15,Gold Whey Concentrado Refil,159.9
2025-12-15,Granola,32.9
2025-12-15,Hipercalórico - Monsterone,124.9
2025-12-15,Hydrolift,197.8
2025-12-15,Magnésio,89.8
2025-12-15,Magnésio + Inositol Relief 1.0,159.9
2025-12-15,Magnésio - Inositol Relief 3.0,524.7
2025-12-15,Magnésio Inositol,324.8
2025-12-15,Magnésio Plus - 350mg,224.7
2025-12-15,Magnésio Quelato - Bio Mag,149.8
2025-12-15,Melatonina,199.7
2025-12-15,Melatonina Duo,209.7
2025-12-15,Melatonina Em Gotas Premium - 210mcg,69.8
2025-12-15,Melatonina em Gotas,39.9
2025-12-15,Morning Shot - Imunidade,104.9
2025-12-15,Multivitaminico - Imunomult- 1000mg,199.8
2025-12-15,Multivitaminino - Multi All,79.9
2025-12-15,NAC + Glycine + Taurine,89.9
2025-12-15,NAC Acetilcisteína -  600mg,79.9
2025-12-15,Nitro 400,139.9
2025-12-15,Omegafor Plus,2056.7
2025-12-15,Palatinose,209.7
2025-12-15,Pasta de Amendoim,119.8
2025-12-15,Probiótico - Simfort Plus,499.5
2025-12-15,Proteina Vegetal,159.9
2025-12-15,Proteína - Isocrisp Plant - Pote,29.9
2025-12-15,Proteína - Isocrisp Plant Pouch,139.8
2025-12-15,Proteína Isolada e Hidrolisada - Body Protein,2199.0
2025-12-15,Proteína Isolada e Hidrolisada - Body Protein Red,659.7
2025-12-15,Pré-treino - Égide,129.9
2025-12-15,Própolis Verde - Premium 10mg,199.7
2025-12-15,Própolis Verde - Propomax,58.8
2025-12-15,Psyllium,199.6
2025-12-15,Refil Whey Concentrado - W100,129.9
2025-12-15,Refil Whey Protein - 3W,119.9
2025-12-15,Resveratrol 500mg,159.8
2025-12-15,Shot Matinal,79.9
2025-12-15,Simfort Ultra,399.7
2025-12-15,Simfort fibras,64.9
2025-12-15,Super Ômega 3,779.5
2025-12-15,SuperCoffee,824.5
2025-12-15,SuperCoffee Língua de gato - Kopenhagen,524.7
2025-12-15,Suplemento Alimentar  - Hepatofor,99.9
2025-12-15,Suplemento Alimentar - Alpha Men,169.9
2025-12-15,"Suplemento Alimentar - Cabelo, Pele e Unha - Gomas",84.9
2025-12-15,Suplemento Alimentar - GUARDIAN®,419.8
2025-12-15,Suplemento Alimentar - L-teanina - Happy Theanine,149.9
2025-12-15,Suplemento Alimentar - True Nac,69.9
2025-12-15,Suplemento de Magnésio - Blue Calm,99.9
2025-12-15,Tasty Whey 3W Gourmet,389.8
2025-12-15,Tortinha Proteica,15.87
2025-12-15,Trio Magnésio 720mg,194.7
2025-12-15,True Almonds Protein,19.9
2025-12-15,True Cúrcuma com Ômega,124.9
2025-12-15,Vitamina B12,109.7
2025-12-15,Vitamina C + Zinco - Gomas,64.9
2025-12-15,Vitamina D - Vita D3,264.5
2025-12-15,Vitamina D - Vita D3 + C + Zinco,179.7
2025-12-15,Vitamina D3,109.9
2025-12-15,Vitamina D3 + K2,69.9
2025-12-15,Vitamina D3 - 2000 Ui,73.8
2025-12-15,Vitamina D3 Synergy,59.9
2025-12-15,"Vitaminas A, E, D e K2- RESTAURE® - Gotas",309.8
2025-12-15,W100 Whey Concentrado Havanna - Sachê,12.9
2025-12-15,Whey,1199.6
2025-12-15,Whey - Isocrisp Pouch,159.8
2025-12-15,Whey 3W,329.8
2025-12-15,Whey 3W -  Sachê,109.0
2025-12-15,Whey Fort 3W,1119.5
2025-12-15,Whey Isolado - Iso Triple Zero,439.8
2025-12-15,Whey Isolado - Isofort Ultra Imuno,1319.6
2025-12-15,Whey Protein - 3W - The Whey,119.9
2025-12-15,Whey Protein - Isofort Beauty,139.9
2025-12-15,Whey Protein Concentrado,5222.1
2025-12-15,Whey Protein Concentrado - Sachê,75.4
2025-12-15,Whey Protein ISO 100 Hydrolyzed,899.9
2025-12-15,Whey Protein Isolado,3858.7
2025-12-15,Whey Protein Isolado - Isofort,1239.6
2025-12-15,Whey Protein Isolado - Sachê,304.2
2025-12-15,Whey Tech 100%,839.4
2025-12-15,Whey hidrolisado e isolado,309.9
2025-12-15,Ômega 3,79.9
2025-12-15,Ômega 3 - 1360mg,279.8
2025-12-15,Ômega 3 - EPA DHA - 1000mg,117.8
2025-12-15,Ômega 3 - Omegafor Memory,209.8
2025-12-15,Ômega 3 - Ultra Caps 1000mg,159.9
2025-12-15,Ômega 3 EPA DHA,1010.6
2025-12-15,Ômega 3 Super DHA - BIG N,119.9
2025-12-22,Aminoácido - Amino Builder,154.35
2025-12-22,Aminoácido - Aminovita,149.9
2025-12-22,Aminoácido N-acetil L-cisteína (NAC),105.8
2025-12-22,Aminoácidos - Aminnu EAAs - Sem Xilitol,209.9
2025-12-22,Aminoácidos - Aminolift,209.9
2025-12-22,Barrinha de Proteína,13.9
2025-12-22,Barrinha de Proteína Whey Grego - Havanna,96.9
2025-12-22,Beta Alanina 100%,47.9
2025-12-22,Bio Cálcio  60 caps PURAVIDA,79.9
2025-12-22,Bio Ferro,85.8
2025-12-22,Bio Vitamina B12 em gotas,89.8
2025-12-22,Bio Zinco,36.9
2025-12-22,Coenzima  Q10 - 100mg,89.9
2025-12-22,Coenzima Q10  (200mg p/ porção),659.7
2025-12-22,Coenzima Q10 (200mg p/ porção),339.7
2025-12-22,Coenzima Q10 - (100mg p/ porção),169.8
2025-12-22,Colágeno - Colagentek,284.7
2025-12-22,Colágeno - Colagentek II,299.8
2025-12-22,Colágeno - Colagentek Protein - Bodybalance,179.9
2025-12-22,Colágeno - Collagen Gut,194.9
2025-12-22,Colágeno - Collagen Pro - Body Suport,209.9
2025-12-22,Colágeno - Collagen Protein Hidrolisado,179.9
2025-12-22,Colágeno Hidrolisado - Collagen Pro 18g,149.9
2025-12-22,Complexo B - Bio Vit.B+,44.9
2025-12-22,Coq10,229.9
2025-12-22,Creatina,259.7
2025-12-22,Creatina - Creafort (Creapure),999.4
2025-12-22,Creatina 100%,154.8
2025-12-22,Creatina 100% Pure,109.9
2025-12-22,Creatina Monohidratada,619.2
2025-12-22,Creatina Monohidratada (Creapure),379.8
2025-12-22,Creatina Monohidratada -  Crealift (Creapure),269.9
2025-12-22,Creatina Premium - Creapure,229.9
2025-12-22,Cúrcuma,139.9
2025-12-22,Cúrcuma Plus,194.7
2025-12-22,Eletrólitos,55.2
2025-12-22,Enzima - Enzyfor,79.9
2025-12-22,Extrato de Laranja Moro 400mg,199.8
2025-12-22,Feno Grego + Boro 500mg,99.9
2025-12-22,Ferro Quelato + Vitamina C,46.9
2025-12-22,Fresh Whey,849.4
2025-12-22,FreshWhey - Sachê,31.8
2025-12-22,Glutamina,74.9
2025-12-22,Glutamina - Glutamax,139.8
2025-12-22,Gold Whey Concentrado Refil,159.9
2025-12-22,Isofort Plant (Life Vegan),119.9
2025-12-22,Livestrong,635.8
2025-12-22,MCT,134.9
2025-12-22,Magnésio,44.9
2025-12-22,Magnésio Inositol,139.9
2025-12-22,Magnésio Plus - 350mg,149.8
2025-12-22,Melatonina,59.9
2025-12-22,Mistura para Panqueca Proteica,25.8
2025-12-22,Mistura para Pão de Frigideira,25.8
2025-12-22,Mistura para Pão de Frigideira Proteico,23.96
2025-12-22,Morning Shot - Imunidade,419.6
2025-12-22,Multivitaminico - Imunomult- 1000mg,99.9
2025-12-22,Multivitaminino - Multi All,159.8
2025-12-22,Omegafor Plus,1703.9
2025-12-22,Palatinose 100% - Carbolift,99.9
2025-12-22,Pasta de Amendoim Integral,18.89
2025-12-22,Probiótico - Simfort Plus,139.8
2025-12-22,Propolis + Quercetin + Vitamin C,109.9
2025-12-22,Proteína Isolada e Hidrolisada - Body Protein,219.9
2025-12-22,Proteína Isolada e Hidrolisada - Body Protein Red,439.8
2025-12-22,Pré-Treino,124.9
2025-12-22,Pré-Treino - Beta Action,219.9
2025-12-22,Pré-treino - Energy Kick,129.9
2025-12-22,Própolis Verde - Propomax,29.9
2025-12-22,Psyllium,39.9
2025-12-22,Refil 100% Whey Protein - Flavour,119.9
2025-12-22,Refil Whey Protein - 3W,174.9
2025-12-22,Repositor Energético - D Ribose,99.9
2025-12-22,Resveratrol 500mg,79.9
2025-12-22,Simfort fibras,64.9
2025-12-22,Sleep,289.8
2025-12-22,Super Ômega 3,219.9
2025-12-22,SuperCoffee,724.5
2025-12-22,SuperCoffee Língua de gato - Kopenhagen,174.9
2025-12-22,Suplemento - Laranja Moro,109.9
2025-12-22,Suplemento Alimentar - Alpha Inflaminus,144.9
2025-12-22,Suplemento Alimentar - Green Shot,84.9
2025-12-22,Suplemento Alimentar - Slim Body 400mg,89.9
2025-12-22,Suplemento de Magnésio - Blue Calm,219.8
2025-12-22,Termogênico - Termo Plus,129.9
2025-12-22,Vanilla Whey - Sachê,19.9
2025-12-22,Vitamina B12,39.9
2025-12-22,Vitamina B9 - Ácido Fólico,79.9
2025-12-22,Vitamina C - Bio Vit C+,54.9
2025-12-22,Vitamina C - Ydrosolv,94.9
2025-12-22,Vitamina C3 - 1000mg,54.9
2025-12-22,Vitamina D - Vita D3,160.7
2025-12-22,Vitamina D - Vita D3 + C + Zinco,282.5
2025-12-22,Vitamina D3 + K2,64.9
2025-12-22,Vitamina D3 + K2 Gotas,69.9
2025-12-22,Vitamina E - Ydrosolv,149.9
2025-12-22,Vitamina K2,49.9
2025-12-22,Whey,949.7
2025-12-22,Whey Concentrado - W100,139.9
2025-12-22,Whey Fort 3W,419.9
2025-12-22,Whey Protein - Isofort Beauty,139.9
2025-12-22,Whey Protein Concentrado,3063.3
2025-12-22,Whey Protein Concentrado - Sachê,58.5
2025-12-22,Whey Protein Isolado,2298.4
2025-12-22,Whey Protein Isolado - Sachê,84.5
2025-12-22,Whey Tech 100%,839.4
2025-12-22,Zinco - Ydrosolv,89.9
2025-12-22,Ômega - Mega DHA,179.9
2025-12-22,Ômega 3 - 1360mg,139.9
2025-12-22,Ômega 3 - EPA DHA - 1000mg,76.9
2025-12-22,Ômega 3 - Omegafor Memory,524.5
2025-12-22,Ômega 3 EPA DHA,941.1
2025-12-22,Ômega 3 Super DHA,109.9
2025-12-22,Ômega 3 Super DHA - BIG N,599.5
2025-12-22,Ômega 3 Super DHA BIG,379.8
2025-12-29,100% Whey Protein - Flavour,129.9
2025-12-29,Aminoácido - Aminovita,149.9
2025-12-29,Aminoácidos - Aminnu EAAs,209.9
2025-12-29,Barrinha - Body Protein,21.8
2025-12-29,Barrinha de Proteína,341.5
2025-12-29,Barrinha de Proteína - Protein Crisp Bar,108.7
2025-12-29,Barrinha de Proteína - YoPRO,114.9
2025-12-29,Barrinha de Proteína Collagen Bar,109.9
2025-12-29,Barrinha de Proteína Tube,132.6
2025-12-29,Beef Protein,229.9
2025-12-29,Best Whey,199.9
2025-12-29,Beta Alanina,188.7
2025-12-29,Beta Alanina 100%,47.9
2025-12-29,Bio Ferro,85.8
2025-12-29,Bio Vitamina B12 em gotas,134.7
2025-12-29,"Boraprim - Borragem, Prímula e Gergelim",179.8
2025-12-29,Chocolate ao Leite - Marshmallow,9.9
2025-12-29,Coenzima Q10,84.9
2025-12-29,Coenzima Q10 (200mg p/ porção),624.5
2025-12-29,Coenzima Q10 + Ômega 3 + Vitamina E,699.5
2025-12-29,Coenzima Q10 - 200mg,144.9
2025-12-29,Colágeno - Colagentek,284.7
2025-12-29,Colágeno - Colagentek Protein - Bodybalance,539.7
2025-12-29,Colágeno - Collagen Gut,194.9
2025-12-29,Colágeno - Collagen Pro - Body Suport,209.9
2025-12-29,Colágeno - Collagen Protein Hidrolisado Berries Silvestres 450g PURAVIDA,359.8
2025-12-29,Colágeno - Collagen Renew Hidrolisado,179.8
2025-12-29,Colágeno Hidrolisado - Collagen Pro 18g,599.6
2025-12-29,Complexo B,104.9
2025-12-29,Complexo B 500mg,89.8
2025-12-29,Creatina,249.9
2025-12-29,Creatina - Creafort (Creapure),899.5
2025-12-29,Creatina - Gummy,144.9
2025-12-29,Creatina 100%,94.9
2025-12-29,Creatina Monohidratada,1543.1
2025-12-29,Creatina Monohidratada (Creapure),189.9
2025-12-29,Creatina Monohidratada - Creatine,179.8
2025-12-29,Cromo Picolinato - 250mg,27.9
2025-12-29,Cúrcuma Plus,69.9
2025-12-29,Eletrólitos,117.3
2025-12-29,Energy Gel - Endurance,13.8
2025-12-29,Extrato de Laranja Moro 400mg,99.9
2025-12-29,Ferro - Ydrosolv,199.8
2025-12-29,Ferro Quelato + Vitamina C,93.8
2025-12-29,Fresh Whey,679.6
2025-12-29,Gel Nitrato,21.8
2025-12-29,Gel Nitrato c/ Cafeína,10.9
2025-12-29,Glutamina,74.9
2025-12-29,Glutamina - Glutamax,239.6
2025-12-29,Gold Whey Concentrado Refil,159.9
2025-12-29,Granola,32.9
2025-12-29,Granola - Zero Açúcar,32.9
2025-12-29,L-Carnitina 530mg,99.9
2025-12-29,L-Taurina - 1.000mg,139.8
2025-12-29,Livestrong,299.9
2025-12-29,Magnésio - Inositol Relief 3.0,349.8
2025-12-29,Magnésio Dimalato,46.9
2025-12-29,Magnésio Inositol,184.9
2025-12-29,Magnésio Plus - 350mg,299.6
2025-12-29,Magnésio Plus 900mg,284.7
2025-12-29,Melatonina Duo,69.9
2025-12-29,Melatonina Fast,34.9
2025-12-29,Melatonina em Gotas,39.9
2025-12-29,Metilfolato,48.9
2025-12-29,Mistura para Pão de Frigideira Proteico,23.96
2025-12-29,Morning Shot - Imunidade,314.7
2025-12-29,Multivitamínico - Alpha Kids,139.9
2025-12-29,NAC + Glycine + Taurine,179.8
2025-12-29,NAC PRO,69.9
2025-12-29,Nitro 400,279.8
2025-12-29,Omegafor Plus,1861.0
2025-12-29,Palatinose,64.9
2025-12-29,Pasta de Amendoim,59.9
2025-12-29,Probiótico - Simfort Plus,379.6
2025-12-29,Proteina Vegetal - True Vegan,584.7
2025-12-29,Proteína - Isocrisp Plant - Pote,74.9
2025-12-29,Proteína - Isocrisp Plant Pouch,139.8
2025-12-29,Proteína Isolada e Hidrolisada - Body Protein,1099.5
2025-12-29,Proteína Isolada e Hidrolisada - Body Protein Red,659.7
2025-12-29,Proteína Vegana - Veggie Protein,254.9
2025-12-29,Proteína Vegetal - Vegan Tasty,129.9
2025-12-29,Pré treino - NERVOUS,106.14
2025-12-29,Pré-treino - Energy Kick Caffeine,124.9
2025-12-29,Pré-treino Panic Pre Workout,119.9
2025-12-29,Próbiotico - Purabiotics,89.9
2025-12-29,Própolis Líquido - Gotas,49.9
2025-12-29,Própolis Verde - Premium 10mg,69.9
2025-12-29,Psyllium,79.9
2025-12-29,Refil Whey Protein - 3W,349.8
2025-12-29,Resveratrol 500mg,79.9
2025-12-29,Resveratrol Plus - 165mg,549.5
2025-12-29,Shot Matinal,79.9
2025-12-29,Simfort Femme,199.8
2025-12-29,Spirulina 500mg,179.8
2025-12-29,Super Café - Desincoffee,199.8
2025-12-29,Super Ômega 3,799.6
2025-12-29,SuperCoffee,1109.3
2025-12-29,SuperCoffee Língua de gato - Kopenhagen,349.8
2025-12-29,Suplemento - Beauty Care,69.9
2025-12-29,Suplemento Alimentar - GUARDIAN®,629.7
2025-12-29,Suplemento de Magnésio - Blue Calm,159.9
2025-12-29,Tablete de Doce,14.7
2025-12-29,Termogênico - Termo Plus,129.9
2025-12-29,Tortinha Proteica,11.9
2025-12-29,Trio Magnésio 720mg,129.8
2025-12-29,Vitamina B12,194.7
2025-12-29,Vitamina C,64.9
2025-12-29,Vitamina D - Vita D3,268.5
2025-12-29,Vitamina D - Vita D3 + C + Zinco,42.9
2025-12-29,Vitamina D3,549.5
2025-12-29,Vitamina D3 + K2,199.7
2025-12-29,Vitamina D3 + K2 Gotas,69.9
2025-12-29,Vitamina D3 - Ydrosolv - Spray,76.5
2025-12-29,Vitamina D3 Synergy,59.9
2025-12-29,W100 Whey Concentrado Havanna - Sachê,12.9
2025-12-29,Whey,699.8
2025-12-29,Whey 3W,164.9
2025-12-29,Whey Fort 3W,1479.3
2025-12-29,Whey Isolado - Iso Triple Zero,659.7
2025-12-29,Whey Protein 3W,479.8
2025-12-29,Whey Protein Concentrado,4687.4
2025-12-29,Whey Protein Concentrado - Sachê,25.8
2025-12-29,Whey Protein Crisp - Isocrisp,49.9
2025-12-29,Whey Protein ISO 100 Hydrolyzed,739.8
2025-12-29,Whey Protein Isolado,3318.9
2025-12-29,Whey Protein Isolado - Isofort,619.8
2025-12-29,Whey Protein Isolado - Tasty Iso,289.9
2025-12-29,Whey Tech 100%,839.4
2025-12-29,Ômega - Mega DHA,179.9
2025-12-29,Ômega 3  - 1360mg,379.8
2025-12-29,Ômega 3 - 1360mg,419.7
2025-12-29,Ômega 3 - EPA DHA - 1000mg,277.6
2025-12-29,Ômega 3 - Fish Oil,112.65
2025-12-29,Ômega 3 - Omegafor Memory,104.9
2025-12-29,Ômega 3 - Ultra Caps 1000mg,159.9
2025-12-29,Ômega 3 EPA DHA,713.1
2025-12-29,Ômega 3 Pulse,129.9
2025-12-29,Ômega 3 Super DHA,109.9
2025-12-29,Ômega 3 Super DHA BIG,189.9
2025-12-29,Ômega Golden,219.9
2026-01-05,Achocolatado - Choco Family - Refil,49.9
2026-01-05,Aminoácido - Amino Builder,154.35
2026-01-05,Aminoácido - BCAA Fort,94.9
2026-01-05,Aminoácidos - Aminnu EAAs,209.9
2026-01-05,BT Gel Nitrato,119.9
2026-01-05,Barra Double,29.5
2026-01-05,Barrinha de Chocolate 70%,9.9
2026-01-05,Barrinha de Proteína,41.7
2026-01-05,Barrinha de Proteína - Protein Crisp Bar,100.8
2026-01-05,Barrinha de Proteína Best Whey 49g (12g de Proteína),114.9
2026-01-05,Barrinha de Proteína Protein Crisp,79.9
2026-01-05,Barrinha de Proteína Veganpro Bar,96.9
2026-01-05,Bebida Vegetal,59.9
2026-01-05,Best Whey,199.9
2026-01-05,Beta Alanina,251.6
2026-01-05,Beta Alanina 100%,95.8
2026-01-05,Bio Ferro,128.7
2026-01-05,Bio Vitamina B12 em gotas,44.9
2026-01-05,Blend de Chá - Detox,29.9
2026-01-05,BodyBalance - Muscle Synergy,489.8
2026-01-05,"Boraprim - Borragem, Prímula e Gergelim",269.7
2026-01-05,Cacao Whey - Sachê,19.9
2026-01-05,CarbPro 4:1 - Endurance & Recovery,211.9
2026-01-05,Chá,6.9
2026-01-05,Coenzima  Q10 - 100mg,269.7
2026-01-05,Coenzima Q10,84.9
2026-01-05,Coenzima Q10  (200mg p/ porção),659.7
2026-01-05,Coenzima Q10 (200mg p/ porção),374.7
2026-01-05,Coenzima Q10 + Ômega 3 + Vitamina E,279.8
2026-01-05,Coenzima Q10 - (100mg p/ porção),509.4
2026-01-05,Coenzima Q10 - 100mg,109.9
2026-01-05,Coenzima Q10 - 200mg,144.9
2026-01-05,Coenzima Q10 - Bio Q10,134.9
2026-01-05,Colágeno - Body Collagen Protein,179.9
2026-01-05,Colágeno - Colagentek,94.9
2026-01-05,Colágeno - Colagentek Beauty,124.9
2026-01-05,Colágeno - Colagentek II,314.7
2026-01-05,Colágeno - Colagentek Protein - Bodybalance,719.6
2026-01-05,Colágeno - Collagen Bones,199.9
2026-01-05,Colágeno - Collagen Pro - Body Suport,209.9
2026-01-05,Colágeno - Collagen Protein Hidrolisado,539.7
2026-01-05,Colágeno - Collagen Protein Hidrolisado Berries Silvestres 450g PURAVIDA,179.9
2026-01-05,Colágeno - Collagen Renew Hidrolisado,629.3
2026-01-05,Colágeno - Collagen Tipo II 40mg,269.7
2026-01-05,Colágeno - Collpure®,162.9
2026-01-05,Colágeno Collagen Skin,389.8
2026-01-05,Colágeno Hidrolisado - Collagen Pro 18g,599.6
2026-01-05,Colágeno Tipo II,209.7
2026-01-05,Colágeno Tipo II - Artro Aid,99.9
2026-01-05,Complexo B,104.9
2026-01-05,Complexo B - Bio Vit.B+,224.5
2026-01-05,Creatina,449.7
2026-01-05,Creatina - Creafort (Creapure),819.5
2026-01-05,Creatina 100%,404.5
2026-01-05,Creatina Monohidratada,1962.5
2026-01-05,Creatina Monohidratada (Creapure),574.7
2026-01-05,Creatina Monohidratada - Creatine,1528.3
2026-01-05,Creatina Monohidratada em Gummy,109.9
2026-01-05,Creatine Action - Gummy,119.9
2026-01-05,Cromo Picolinato - 250mg,55.8
2026-01-05,Cúrcuma - Curcumagic,309.8
2026-01-05,Cúrcuma Plus,1118.4
2026-01-05,Eletrólitos,177.7
2026-01-05,Energy Gel - Endurance,6.9
2026-01-05,Extrato de Laranja Moro 400mg,99.9
2026-01-05,Ferro Plus,179.4
2026-01-05,Ferro Quelato + Vitamina C,93.8
2026-01-05,Fiber Biome,172.9
2026-01-05,Fresh Vegan,509.7
2026-01-05,Fresh Whey,2458.5
2026-01-05,FreshWhey - Sachê,127.2
2026-01-05,Gel - Endurance,69.9
2026-01-05,Gel Nitrato,21.8
2026-01-05,Glutamina - Glutamax,139.8
2026-01-05,Gold Whey Concentrado Refil,159.9
2026-01-05,Hipercalórico - Monsterone,249.8
2026-01-05,L-Carnitina 530mg,69.9
2026-01-05,L-Taurina - 1.000mg,41.9
2026-01-05,Laranja Moro,64.9
2026-01-05,Laranja Moro - Moroskinny,104.9
2026-01-05,Livestrong,917.7
2026-01-05,Magnésio,179.6
2026-01-05,Magnésio - Inositol Relief 3.0,1049.4
2026-01-05,Magnésio Inositol,139.9
2026-01-05,Magnésio Plus - 350mg,149.8
2026-01-05,Magnésio Plus 900mg,569.4
2026-01-05,Magnésio Quelato - Bio Mag,224.7
2026-01-05,Melatonina,59.9
2026-01-05,Melatonina - Sleepfor,79.9
2026-01-05,Melatonina em Gotas,159.6
2026-01-05,Metilfolato,48.9
2026-01-05,Morning Shot - Imunidade,104.9
2026-01-05,Multivitaminico  - Imunomult- 1000mg,404.7
2026-01-05,Multivitaminico - Imunomult- 1000mg,399.6
2026-01-05,Multivitaminino - Multi All,239.7
2026-01-05,Multivitamínicos - Gummy,64.9
2026-01-05,NAC + Glycine + Taurine,89.9
2026-01-05,NAC 650mg,64.9
2026-01-05,NAC PRO,209.7
2026-01-05,Nitro 400,419.7
2026-01-05,Omegafor Family - Ômega 3,139.8
2026-01-05,Omegafor Plus,3300.0
2026-01-05,Palatinose,279.6
2026-01-05,Pasta de Amendoim Granulado,78.69
2026-01-05,Pasta de Amendoim Integral,18.89
2026-01-05,Prebiótico - Fiber Liv,159.8
2026-01-05,Probiótico - Simfort Plus,329.6
2026-01-05,Probióticos em Pó - Simfort,94.9
2026-01-05,Proteina Vegetal,159.9
2026-01-05,Proteina Vegetal - True Vegan,194.9
2026-01-05,Proteína - Best Vegan,129.9
2026-01-05,Proteína - Isocrisp Plant - Pote,74.9
2026-01-05,Proteína - Isocrisp Plant Pouch,69.9
2026-01-05,Proteína Isolada e Hidrolisada - Body Protein,439.8
2026-01-05,Pré-Treino,208.8
2026-01-05,Pré-Treino - V Fort Ultra,649.5
2026-01-05,Pré-treino Évora PW,84.15
2026-01-05,Próbiotico - Purabiotics,89.9
2026-01-05,Própolis Trio,69.9
2026-01-05,Própolis Verde - Alcoólico,149.5
2026-01-05,Própolis Verde - Premium 10mg,69.9
2026-01-05,Própolis Verde - Propomax,89.7
2026-01-05,Própolis Verde 70,119.7
2026-01-05,Psyllium,239.7
2026-01-05,Refil Whey 100% Pure,139.9
2026-01-05,Refil Whey Concentrado - W100,129.9
2026-01-05,Refil Whey Protein Concentrado,319.8
2026-01-05,Resveratrol 500mg,159.8
2026-01-05,Resveratrol Plus - 165mg,329.7
2026-01-05,Shot Matinal,79.9
2026-01-05,Simfort Femme,99.9
2026-01-05,Simfort Ultra,244.8
2026-01-05,Simfort fibras,324.5
2026-01-05,Sleep,174.9
2026-01-05,Super Ômega 3,2158.9
2026-01-05,SuperCoffee,619.6
2026-01-05,SuperCoffee Língua de gato - Kopenhagen,349.8
2026-01-05,Suplemento - Hyaluronic Hair,224.7
2026-01-05,Suplemento Alimentar  - Hepatofor,99.9
2026-01-05,Suplemento Alimentar - Alpha Mater,309.8
2026-01-05,"Suplemento Alimentar - Cabelo, Pele e Unha - Gomas",84.9
2026-01-05,Suplemento Alimentar - Green Shot,84.9
2026-01-05,Suplemento Alimentar - Immune +,164.9
2026-01-05,Tablete de Doce,24.5
2026-01-05,Tasty Whey 3W Gourmet,779.6
2026-01-05,Termogênico - Lipix6,254.7
2026-01-05,Termogênico - Termo Plus,129.9
2026-01-05,Tortinha Proteica,23.8
2026-01-05,Trio Magnésio 720mg,129.8
2026-01-05,True Almonds Protein,19.9
2026-01-05,Vegan Ômega 3 DHA,124.9
2026-01-05,Vitamina B12,229.5
2026-01-05,Vitamina C + Zinco - Gomas,64.9
2026-01-05,Vitamina C - Ydrosolv,94.9
2026-01-05,Vitamina C3 - 1000mg,54.9
2026-01-05,Vitamina D - Vita D3,374.3
2026-01-05,Vitamina D - Vita D3 + C + Zinco,239.6
2026-01-05,Vitamina D3,107.8
2026-01-05,Vitamina D3 + K2,199.7
2026-01-05,Vitamina D3 + K2 Gotas,209.7
2026-01-05,Vitamina D3 Synergy,119.8
2026-01-05,Whey,1089.6
2026-01-05,Whey 3W,164.9
2026-01-05,Whey 3W -  Sachê,54.5
2026-01-05,Whey Concentrado - W100,139.9
2026-01-05,Whey Fort 3W,539.7
2026-01-05,Whey Isolado - Iso Triple Zero,219.9
2026-01-05,Whey Protein - Isofort Beauty,279.8
2026-01-05,Whey Protein Concentrado,6306.5
2026-01-05,Whey Protein Concentrado - Sachê,73.4
2026-01-05,Whey Protein Crisp - Isocrisp,99.8
2026-01-05,Whey Protein Isolado,5138.3
2026-01-05,Whey Protein Isolado - Isofort,1549.5
2026-01-05,Whey Protein Isolado - Sachê,304.2
2026-01-05,Whey Protein Smoothie Energy,199.9
2026-01-05,Whey Tech 100%,1818.7
2026-01-05,Whey hidrolisado e isolado,309.9
2026-01-05,Ômega -  Mega DHA,99.9
2026-01-05,Ômega - Mega DHA,179.9
2026-01-05,Ômega 3  - 1360mg,379.8
2026-01-05,Ômega 3 - 1360mg,419.7
2026-01-05,Ômega 3 - EPA DHA - 1000mg,603.2
2026-01-05,Ômega 3 - Omegafor Memory,314.7
2026-01-05,Ômega 3 - Ultra Caps 1000mg,319.8
2026-01-05,Ômega 3 DHA,139.9
2026-01-05,Ômega 3 EPA DHA,1043.3
2026-01-05,Ômega 3 Super DHA - BIG N,719.4
2026-01-05,Ômega 3 Super DHA BIG,189.9
2026-01-05,Ômega Ultra - 1000mg,94.9
2026-01-12,Achocolatado - Chocoki,89.9
2026-01-12,Aminoácido - Aminovita,299.8
2026-01-12,Aminoácido - BCAA - Glyco HD,29.9
2026-01-12,Aminoácido - Tryptophan,54.9
2026-01-12,Aminoácidos - Aminolift,209.9
2026-01-12,Antioxidante - Luteína e Zeaxantina,69.9
2026-01-12,Arginofor -  L-Arginina,119.9
2026-01-12,BT Gel Nitrato com Cafeína,219.8
2026-01-12,BT Nitrato 400,174.9
2026-01-12,Barra Chocolate 40%,18.89
2026-01-12,Barra Double,11.86
2026-01-12,Barrinha - Body Protein,43.6
2026-01-12,Barrinha de Chocolate 70%,29.7
2026-01-12,Barrinha de Chocolate ao Leite,9.9
2026-01-12,Barrinha de Proteína,275.0
2026-01-12,Barrinha de Proteína Choco Wheyfer,118.5
2026-01-12,Barrinha de Proteína Collagen Bar,219.8
2026-01-12,Barrinha de Proteína Crunch,13.9
2026-01-12,Barrinha de Proteína Dark Bar,259.8
2026-01-12,Barrinha de Proteína Protein Crisp,159.8
2026-01-12,Barrinha de Proteína Tube,199.8
2026-01-12,Beef Protein,459.8
2026-01-12,Beta Alanina,251.6
2026-01-12,Beta Alanina 100%,95.8
2026-01-12,Bio Ferro,85.8
2026-01-12,Bio Vitamina B12 em gotas,89.8
2026-01-12,Bio Zinco,73.8
2026-01-12,Biscoito Proteico - Sublime,38.7
2026-01-12,Blend de Chá - Detox,59.8
2026-01-12,Blend de Chá - Digestivo,27.9
2026-01-12,Body Protein Vegano,159.9
2026-01-12,"Boraprim - Borragem, Prímula e Gergelim",144.8
2026-01-12,Cacao Whey - Sachê,59.7
2026-01-12,Cafeína,52.9
2026-01-12,Chocolate - Chocolift,42.3
2026-01-12,Chocolate 40%,18.89
2026-01-12,Chocolate 66% Cacau,27.9
2026-01-12,Chocolate 70% Cacau,29.9
2026-01-12,Chocolate 77% Cacau,36.9
2026-01-12,Chá,13.8
2026-01-12,Chá - Hibiscus Plus,64.9
2026-01-12,Chá - Immuno Guard,64.9
2026-01-12,Cocada,4.9
2026-01-12,Coenzima  Q10 - 100mg,269.7
2026-01-12,Coenzima Q10,199.9
2026-01-12,Coenzima Q10  (200mg p/ porção),219.9
2026-01-12,Coenzima Q10 (200mg p/ porção),589.5
2026-01-12,Coenzima Q10 + Ômega 3 + Vitamina E,279.8
2026-01-12,Coenzima Q10 - (100mg p/ porção),339.6
2026-01-12,Coenzima Q10 - 100mg,219.8
2026-01-12,Coenzima Q10 100 Mg,124.9
2026-01-12,Coenzima Q10+ 200mg,419.7
2026-01-12,Coffee - Brainstorm,124.9
2026-01-12,Colágeno - Body Collagen Protein,179.9
2026-01-12,Colágeno - Colagentek,379.6
2026-01-12,Colágeno - Colagentek II,359.7
2026-01-12,Colágeno - Colagentek Protein - Bodybalance,359.8
2026-01-12,Colágeno - Collagen Essential Protein,239.9
2026-01-12,Colágeno - Collagen Gut,194.9
2026-01-12,Colágeno - Collagen Pro - Beauty Blend,209.9
2026-01-12,Colágeno - Collagen Protein Hidrolisado,899.5
2026-01-12,Colágeno - Collagen Protein Hidrolisado Berries Silvestres 450g PURAVIDA,179.9
2026-01-12,Colágeno - Collagen Renew Hidrolisado,269.7
2026-01-12,Colágeno - Collagen Tipo II 40mg,179.8
2026-01-12,Colágeno Hidrolisado - Collagen Pro 18g,149.9
2026-01-12,Colágeno Tipo II,209.7
2026-01-12,Complexo B - Bio Vit.B+,44.9
2026-01-12,Complexo B 500mg,44.9
2026-01-12,Cranberry - She She Comfort,69.9
2026-01-12,Creatina - Creafort (Creapure),1439.2
2026-01-12,Creatina - Gummy,144.9
2026-01-12,Creatina 100%,474.5
2026-01-12,Creatina Monohidratada,1962.6
2026-01-12,Creatina Monohidratada (Creapure),954.5
2026-01-12,Creatina Monohidratada -  Crealift (Creapure),539.8
2026-01-12,Creatina Monohidratada - Creatine,719.2
2026-01-12,Creatine Action - Gummy,119.9
2026-01-12,Cúrcuma - Curcumagic,154.9
2026-01-12,Cúrcuma Plus,629.1
2026-01-12,Eletrólitos,189.8
2026-01-12,Enzimas Enzyfor,149.9
2026-01-12,Feno Grego + Boro 500mg,99.9
2026-01-12,Ferro - Ydrosolv,199.8
2026-01-12,Fresh Vegan - Sachê,13.9
2026-01-12,Fresh Whey,1479.2
2026-01-12,FreshWhey - Sachê,95.4
2026-01-12,Gel Neutro Fresh com Cafeína,63.65
2026-01-12,Gel Nitrato,98.1
2026-01-12,Gel Nitrato c/ Cafeína,54.5
2026-01-12,Gluatamina em Sachê - Glutamax,99.9
2026-01-12,Glutamina,284.6
2026-01-12,Glutamina - Glutamax,89.9
2026-01-12,Glutamina - Glutamax Refil,129.9
2026-01-12,Glutamina em Pó,99.9
2026-01-12,Gold Whey Concentrado Refil,479.7
2026-01-12,Granola - Zero Açúcar,65.8
2026-01-12,Hipercalórico - Monsterone,624.5
2026-01-12,L-Carnitina 530mg,69.9
2026-01-12,L-Taurina - 1.000mg,139.8
2026-01-12,Laranja Moro,64.9
2026-01-12,Levedura - Nutri Yeas Flakes,92.17
2026-01-12,Livestrong,617.8
2026-01-12,MCT,134.9
2026-01-12,Maca Peruana,42.9
2026-01-12,Magnésio,44.9
2026-01-12,Magnésio + Inositol Relief 1.0,159.9
2026-01-12,Magnésio - Inositol Relief 3.0,1399.2
2026-01-12,Magnésio Inositol,139.9
2026-01-12,Magnésio Plus - 350mg,299.6
2026-01-12,Magnésio Plus 900mg,379.6
2026-01-12,Magnésio Quelato - Bio Mag,299.6
2026-01-12,Matchá - Chá Verde em Pó,89.9
2026-01-12,Melatonina,59.9
2026-01-12,Melatonina - Ydrosolv,84.9
2026-01-12,Melatonina em Gotas,39.9
2026-01-12,Mg Complex,96.9
2026-01-12,Morning Shot - Imunidade,629.4
2026-01-12,Multivitaminico - Imunomult- 1000mg,299.7
2026-01-12,Multivitaminino - Multi All,159.8
2026-01-12,Multivitamínico - Vitalift,189.9
2026-01-12,N-Acetil Cisteína (NAC),89.9
2026-01-12,NAC Acetilcisteína -  600mg,159.8
2026-01-12,NAC PRO,69.9
2026-01-12,Nitro 400,279.8
2026-01-12,Omegafor Plus,5102.2
2026-01-12,Palatinose,139.8
2026-01-12,Palatinose 100% - Carbolift,99.9
2026-01-12,Pasta de Amendoim,59.9
2026-01-12,Pasta de Amendoim Integral,18.89
2026-01-12,Polivitamínico - Berryki,107.1
2026-01-12,Probiótico - Simcaps,49.9
2026-01-12,Probiótico - Simfort Plus,259.7
2026-01-12,Probióticos em Pó - Simfort,94.9
2026-01-12,Profem - Óleo de Prímula,64.9
2026-01-12,Propolis + Quercetin + Vitamin C,219.8
2026-01-12,Proteína Isolada e Hidrolisada - Body Protein,1759.2
2026-01-12,Proteína Vegana - Immuno Veggie,254.9
2026-01-12,Proteína Vegana - One Nutrition,199.9
2026-01-12,Proteína Vegana - Vegan Tasty,129.9
2026-01-12,Pré-Treino,124.9
2026-01-12,Pré-Treino - Beta Action,879.6
2026-01-12,Pré-Treino - V Fort Ultra,519.6
2026-01-12,Pré-Treino Energy ATP®,419.8
2026-01-12,Pré-treino - Energy Kick Caffeine,124.9
2026-01-12,Própolis Verde - Alcoólico,59.8
2026-01-12,Própolis Verde - Premium 10mg,139.8
2026-01-12,Própolis Verde - Propomax,89.7
2026-01-12,Psyllium,359.5
2026-01-12,Quercetina,79.9
2026-01-12,Refil 100% Whey Protein - Flavour,119.9
2026-01-12,Refil BT 400 Nitrato,284.89
2026-01-12,Refil Pure Blend Protein,158.0
2026-01-12,Refil Whey 100% Pure,279.8
2026-01-12,Refil Whey Concentrado - W100,129.9
2026-01-12,Refil Whey Concentrado Havanna - W100,279.8
2026-01-12,Refil Whey Protein - 3W,294.8
2026-01-12,Refil Whey Protein Concentrado,869.6
2026-01-12,Resveratrol 500mg,79.9
2026-01-12,Resveratrol Plus - 165mg,439.6
2026-01-12,Simfort Ultra,154.9
2026-01-12,Sleep,519.6
2026-01-12,Spirulina Orgânica - 600 tabletes,211.2
2026-01-12,Super Café - Desincoffee,99.9
2026-01-12,Super Ômega 3,1499.1
2026-01-12,SuperCoffee,1883.7
2026-01-12,SuperCoffee Língua de gato - Kopenhagen,2273.7
2026-01-12,Suplemento - Beauty Care,69.9
2026-01-12,Suplemento Alimentar  - Hepatofor,99.9
2026-01-12,Suplemento Alimentar - Alpha Inflaminus,144.9
2026-01-12,Suplemento Alimentar - GUARDIAN®,629.7
2026-01-12,Suplemento Alimentar - L-teanina - Happy Theanine,149.9
2026-01-12,Suplemento Alimentar - True Nac,139.8
2026-01-12,Suplemento de Magnésio - Blue Calm,269.8
2026-01-12,Tablete de Doce,29.4
2026-01-12,Tasty Whey 3W Gourmet,1934.0
2026-01-12,Termogênico - Lipix6,114.9
2026-01-12,Termogênico - Termo Plus,129.9
2026-01-12,Trio Magnésio 720mg,194.7
2026-01-12,True Cúrcuma,74.9
2026-01-12,Veggie Protein - Sachê,19.9
2026-01-12,Vitamina B12,294.3
2026-01-12,Vitamina B9 - Metilfolato,59.9
2026-01-12,Vitamina B9 - Ácido Fólico,79.9
2026-01-12,Vitamina C - Ydrosolv,94.9
2026-01-12,Vitamina C3 - 1000mg,54.9
2026-01-12,Vitamina D - Vita D3,321.4
2026-01-12,Vitamina D - Vita D3 + C + Zinco,299.5
2026-01-12,Vitamina D3,109.9
2026-01-12,Vitamina D3 + K2,259.6
2026-01-12,Vitamina D3 + K2 Gotas,279.6
2026-01-12,Whey,1449.5
2026-01-12,Whey - Zero Lactose,659.7
2026-01-12,Whey 3W -  Sachê,10.9
2026-01-12,Whey Concentrado - 100% Whey,129.9
2026-01-12,Whey Fort 3W,1079.4
2026-01-12,Whey Isolado - Iso Triple Zero,1319.4
2026-01-12,Whey Isolado - Isofort Ultra Imuno,659.8
2026-01-12,Whey Isolado e Hidrolisado - H.I Whey,249.9
2026-01-12,Whey Protein - 3W - The Whey,119.9
2026-01-12,Whey Protein - Isofort Beauty,559.6
2026-01-12,Whey Protein Concentrado,9729.6
2026-01-12,Whey Protein Concentrado - Sachê,110.1
2026-01-12,Whey Protein Isolado,4968.4
2026-01-12,Whey Protein Isolado - All Natural,319.9
2026-01-12,Whey Protein Isolado - Isofort,1549.5
2026-01-12,Whey Protein Isolado - Sachê,253.5
2026-01-12,Whey Protein Smoothie,399.8
2026-01-12,Whey Protein Vegetal,149.9
2026-01-12,Whey Tech 100%,1678.8
2026-01-12,Whey hidrolisado e isolado,2169.3
2026-01-12,Whey hidrolisado e isolado Creme Broule 837g TRUE SOURCE,309.9
2026-01-12,Zinco - Ydrosolv,89.9
2026-01-12,Ômega - Mega DHA,719.6
2026-01-12,Ômega 3  - 1360mg,189.9
2026-01-12,Ômega 3 - 1360mg,559.6
2026-01-12,Ômega 3 - EPA DHA - 1000mg,478.3
2026-01-12,Ômega 3 - Ultra Caps 1000mg,159.9
2026-01-12,Ômega 3 EPA DHA,1252.4
2026-01-12,Ômega 3 Fosfatix,339.8
2026-01-12,Ômega 3 Pulse,649.5
2026-01-12,Ômega 3 Super DHA,109.9
2026-01-12,Ômega 3 Super DHA BIG,189.9
2026-01-19,#Whey Protein Concentrado,219.8
2026-01-19,Achocolatado - Chocoki,89.9
2026-01-19,Aminoácido - Amino Greens,209.9
2026-01-19,Aminoácido - Aminovita,149.9
2026-01-19,Aminoácido N-acetil L-cisteína (NAC),105.8
2026-01-19,Aminoácidos - Aminnu EAAs - Sem Xilitol,209.9
2026-01-19,Aminoácidos - Aminolift,209.9
2026-01-19,BT Nitrato,149.9
2026-01-19,BT Nitrato 400,149.9
2026-01-19,Barra Chocolate 70%,18.89
2026-01-19,Barrinha de Chocolate 70%,9.9
2026-01-19,Barrinha de Chocolate ao Leite,9.9
2026-01-19,Barrinha de Proteina - Protein Crisp Bar,92.9
2026-01-19,Barrinha de Proteína,729.48
2026-01-19,Barrinha de Proteína - Best Whey Bar,10.56
2026-01-19,Barrinha de Proteína - Protein Crisp Bar,286.6
2026-01-19,Barrinha de Proteína - YOPRO,25.8
2026-01-19,Barrinha de Proteína Thin,109.9
2026-01-19,Barrinha de Proteína Vegan Radiance Joy,122.4
2026-01-19,Bebida Vegetal,59.9
2026-01-19,Best Whey,199.9
2026-01-19,Beta Alanina,222.7
2026-01-19,Beta Alanina 100%,95.8
2026-01-19,Bio Cálcio  60 caps PURAVIDA,159.8
2026-01-19,Bio Ferro,128.7
2026-01-19,Bio Vitamina B12 em gotas,44.9
2026-01-19,Bio Zinco,73.8
2026-01-19,Biotina Plus,46.9
2026-01-19,Blend de Chá - Afrodisíaco,27.9
2026-01-19,Blend de Chá - Detox,29.9
2026-01-19,Blend de Chá - Energia,29.9
2026-01-19,Bombom,27.66
2026-01-19,Booster Energético - Upgrade Energy - TCM,139.9
2026-01-19,"Boraprim - Borragem, Prímula e Gergelim",89.9
2026-01-19,Cacao Whey - Sachê,19.9
2026-01-19,Cafeína - Caffeinex 200,38.9
2026-01-19,Chá Vitatea,74.9
2026-01-19,Cocada,4.9
2026-01-19,Coenzima  Q10 - 100mg,179.8
2026-01-19,Coenzima Q10,339.6
2026-01-19,Coenzima Q10  (200mg p/ porção),219.9
2026-01-19,Coenzima Q10 (200mg p/ porção),554.5
2026-01-19,Coenzima Q10 + Ômega 3 + Vitamina E,979.3
2026-01-19,Coenzima Q10 - (100mg p/ porção),254.7
2026-01-19,Coenzima Q10 - 200mg,144.9
2026-01-19,Coenzima Q10 100 Mg,124.9
2026-01-19,Coenzima Q10 200mg,89.9
2026-01-19,Coenzima Q10+ 200mg,139.9
2026-01-19,Colágeno - Colagentek,189.8
2026-01-19,Colágeno - Colagentek II,104.9
2026-01-19,Colágeno - Colagentek Protein - Bodybalance,359.8
2026-01-19,Colágeno - Collagen Essential Protein,479.8
2026-01-19,Colágeno - Collagen Flex + Beauty,179.9
2026-01-19,Colágeno - Collagen Gut,389.8
2026-01-19,Colágeno - Collagen Joint,197.9
2026-01-19,Colágeno - Collagen Protein Hidrolisado,179.9
2026-01-19,Colágeno - Collagen Protein Hidrolisado Berries Silvestres 450g PURAVIDA,359.8
2026-01-19,Colágeno - Collagen Renew Hidrolisado,359.6
2026-01-19,Colágeno - Collagen Tipo II 40mg,269.7
2026-01-19,Colágeno - Collcreatine,189.9
2026-01-19,Colágeno - Multi Collagen,459.8
2026-01-19,Colágeno Collagen Skin,194.9
2026-01-19,Colágeno Hidrolisado - Collagen Pro 18g,899.4
2026-01-19,Colágeno Tipo 1 e 2 - Collagen 2 Joint,194.9
2026-01-19,Cranberry - She She Comfort,69.9
2026-01-19,Creatina - Creafort (Creapure),1079.4
2026-01-19,Creatina - Gummy,144.9
2026-01-19,Creatina 100%,249.7
2026-01-19,Creatina 100% Pure,109.9
2026-01-19,Creatina Monohidratada,2007.4
2026-01-19,Creatina Monohidratada (Creapure),759.6
2026-01-19,Creatina Monohidratada -  Crealift (Creapure),269.9
2026-01-19,Creatina Monohidratada - Creatine,359.6
2026-01-19,Creatina Monohidratada em Gummy,219.8
2026-01-19,Creatina Premium - Creapure,229.9
2026-01-19,Creatine Action - Gummy,239.8
2026-01-19,Cromo Picolinato - 250mg,27.9
2026-01-19,Cúrcuma Plus,559.2
2026-01-19,Dado de creatina,259.8
2026-01-19,Eletrólitos,6.9
2026-01-19,Energy Gel - Endurance,13.8
2026-01-19,Enzimas Enzyfor,149.9
2026-01-19,Expresso Whey - Sachê,19.9
2026-01-19,Extrato de Laranja Moro 400mg,99.9
2026-01-19,Fe - Complex,139.8
2026-01-19,Feno Grego,209.7
2026-01-19,Ferro - Ydrosolv,399.6
2026-01-19,Ferro Plus,59.8
2026-01-19,Ferro Quelado 34mg,29.9
2026-01-19,Ferro Quelato + Vitamina C,93.8
2026-01-19,Fibras - Fiberfor,99.9
2026-01-19,Fresh Whey,2418.7
2026-01-19,FreshWhey - Sachê,79.5
2026-01-19,Gel Neutro Fresh com Cafeína,12.73
2026-01-19,Gel Nitrato,21.8
2026-01-19,Gel Nitrato c/ Cafeína,10.9
2026-01-19,Glutamina,336.5
2026-01-19,Glutamina - Glutamax,99.8
2026-01-19,Glutamina - Glutamax Refil,129.9
2026-01-19,Gold Whey Concentrado Refil,319.8
2026-01-19,Granola,65.8
2026-01-19,Granola - Zero Açúcar,32.9
2026-01-19,Grassfed Whey Protein,179.9
2026-01-19,Isofort Plant (Life Vegan),119.9
2026-01-19,Livestrong,299.9
2026-01-19,Magnésio,224.5
2026-01-19,Magnésio + Inositol Relief 1.0,159.9
2026-01-19,Magnésio - Inositol Relief 3.0,1923.9
2026-01-19,Magnésio Inositol Relax,273.78
2026-01-19,Magnésio Plus - 350mg,149.8
2026-01-19,Magnésio Plus 900mg,284.7
2026-01-19,Magnésio Quelato - Bio Mag,374.5
2026-01-19,Melatonina - Gummy,51.37
2026-01-19,Melatonina - Sleepfor,239.7
2026-01-19,Melatonina - Ydrosolv,169.8
2026-01-19,Melatonina Duo,139.8
2026-01-19,Melatonina Duo Harmony,129.9
2026-01-19,Metilfolato,48.9
2026-01-19,Morning Shot - Imunidade,314.7
2026-01-19,Multivitaminico  - Imunomult- 1000mg,404.7
2026-01-19,Multivitaminico - Imunomult- 1000mg,199.8
2026-01-19,Multivitamínico - Vitalift,189.9
2026-01-19,Multivitamínicos - Gummy,64.9
2026-01-19,NAC,53.81
2026-01-19,NAC + Glycine + Taurine,269.7
2026-01-19,Omegafor Family - Ômega 3,239.8
2026-01-19,Omegafor Plus,1636.9
2026-01-19,Palatinose,204.7
2026-01-19,Palatinose 100% - Carbolift,449.7
2026-01-19,Poteína Vegetal,113.56
2026-01-19,Prebiótico - Fiber Liv,79.9
2026-01-19,Probiótico - Simfort Plus,879.1
2026-01-19,Probióticos em Pó - Simfort,284.7
2026-01-19,Proteina Vegetal - True Vegan,194.9
2026-01-19,Proteína - Isocrisp Plant Pouch,139.8
2026-01-19,Proteína Isolada e Hidrolisada - Body Protein,879.6
2026-01-19,Proteína Isolada e Hidrolisada - Body Protein Red,659.7
2026-01-19,Proteína Vegana - Veggie Protein,419.8
2026-01-19,Pré-treino - Energyzer & focus,124.9
2026-01-19,Própolis Líquido - Gotas,49.9
2026-01-19,Própolis Verde - Alcoólico,29.9
2026-01-19,Própolis Verde - Propomax,59.8
2026-01-19,Psyllium,119.8
2026-01-19,Puro Açaí,166.9
2026-01-19,Refil 100% Whey - Tasty Iso,499.9
2026-01-19,Refil Whey 100% Pure,139.9
2026-01-19,Refil Whey Concentrado - W100,389.7
2026-01-19,Refil Whey Protein - 3W,699.6
2026-01-19,Refil Whey Protein Concentrado,539.8
2026-01-19,Resveratrol Plus - 165mg,219.8
2026-01-19,Simfort fibras,129.8
2026-01-19,Snack Proteico,43.16
2026-01-19,Super Ômega 3,1359.3
2026-01-19,SuperCoffee,1439.1
2026-01-19,SuperCoffee Língua de gato - Kopenhagen,1399.2
2026-01-19,Suplemento - Hyaluronic Hair,149.8
2026-01-19,Suplemento Alimentar  - Hepatofor,99.9
2026-01-19,"Suplemento Alimentar - Cabelo, Pele e Unha - Gomas",169.8
2026-01-19,"Suplemento Alimentar - Cabelo, Unha e Pele - Supreme Beauty",149.9
2026-01-19,Suplemento Alimentar - GUARDIAN®,209.9
2026-01-19,Suplemento Alimentar - L-teanina - Happy Theanine,299.8
2026-01-19,Suplemento de Magnésio - Blue Calm,109.9
2026-01-19,Tablete de Doce,14.7
2026-01-19,Tasty Whey 3W Gourmet,389.8
2026-01-19,True Almonds Protein,19.9
2026-01-19,True Cúrcuma com Ômega,124.9
2026-01-19,Vanilla Whey - Sachê,39.8
2026-01-19,Vinagre de maçã em Gummy,94.9
2026-01-19,Vitamina - Good Mood,119.8
2026-01-19,Vitamina B12,341.2
2026-01-19,Vitamina C,64.9
2026-01-19,Vitamina C - Bio Vit C+,219.6
2026-01-19,Vitamina D - Vita D3,585.9
2026-01-19,Vitamina D - Vita D3 + C + Zinco,179.7
2026-01-19,Vitamina D3,53.9
2026-01-19,Vitamina D3 + K2,269.6
2026-01-19,Vitamina D3 + K2 Gotas,69.9
2026-01-19,Vitamina D3 - Ydrosolv,79.9
2026-01-19,Vitamina D3 Synergy,59.9
2026-01-19,"Vitaminas A, E, D e K2- RESTAURE® - Gotas",464.7
2026-01-19,W100 Whey Concentrado Havanna - Sachê,25.8
2026-01-19,Whey,2749.1
2026-01-19,Whey 3W -  Sachê,32.7
2026-01-19,Whey Concentrado - 100% Whey,129.9
2026-01-19,Whey Fort 3W,539.7
2026-01-19,Whey Isolado - Iso Triple Zero,219.9
2026-01-19,Whey Isolado e Hidrolisado - H.I Whey,249.9
2026-01-19,Whey Protein - Isofort Beauty,699.5
2026-01-19,Whey Protein 3W,239.9
2026-01-19,Whey Protein Concentrado,4517.5
2026-01-19,Whey Protein Concentrado - Sachê,82.3
2026-01-19,Whey Protein Crisp - Isocrisp,49.9
2026-01-19,Whey Protein ISO 100 Hydrolyzed,899.9
2026-01-19,Whey Protein Isolado,3368.9
2026-01-19,Whey Protein Isolado - Isofort,1239.6
2026-01-19,Whey Protein Isolado - Sachê,236.6
2026-01-19,Whey Protein Isolado - Tasty Iso,289.9
2026-01-19,Whey Protein Vegetal,149.9
2026-01-19,Whey Tech 100%,1538.9
2026-01-19,Whey hidrolisado e isolado,929.7
2026-01-19,Ômega -  Mega DHA,299.7
2026-01-19,Ômega - DHA 1000,129.98
2026-01-19,Ômega 3,79.9
2026-01-19,Ômega 3  - 1360mg,189.9
2026-01-19,Ômega 3 - 1360mg,559.6
2026-01-19,Ômega 3 - EPA DHA - 1000mg,719.9
2026-01-19,Ômega 3 - Fish Oil,112.65
2026-01-19,Ômega 3 - Omegafor Memory,104.9
2026-01-19,Ômega 3 - Ultra Caps 1000mg,159.9
2026-01-19,Ômega 3 DHA,139.9
2026-01-19,Ômega 3 EPA DHA,1312.6
2026-01-19,Ômega 3 Fosfatix,169.9
2026-01-19,Ômega 3 IFOS - 660 EPA/ 440 DHA,179.9
2026-01-19,Ômega 3 Pulse,519.6
2026-01-19,Ômega 3 Super DHA,329.7
2026-01-19,Ômega Core,439.8
2026-01-26,100% Whey True Protein,209.9
2026-01-26,Achocolatado - Chocoki,89.9
2026-01-26,Aminoácido - Aminovita,149.9
2026-01-26,Aminoácidos - Aminnu EAAs - Sem Xilitol,209.9
2026-01-26,Aminoácidos - Aminolift,419.8
2026-01-26,BT Nitrato 400,299.8
2026-01-26,Barra Double,11.86
2026-01-26,Barrinha - Body Protein,43.6
2026-01-26,Barrinha de Proteína,247.2
2026-01-26,Barrinha de Proteína - Protein Crisp Bar,15.8
2026-01-26,Barrinha de Proteína - YOPRO,12.9
2026-01-26,Barrinha de Proteína ChocoWheyfer,94.9
2026-01-26,Barrinha de Proteína Whey Grego - Havanna,96.9
2026-01-26,Bebida Vegetal em Pó - Vegan Delight,99.9
2026-01-26,Beef Protein,689.7
2026-01-26,Best Whey,199.9
2026-01-26,Beta Alanina,251.6
2026-01-26,Beta Alanina 100%,47.9
2026-01-26,Bio Ferro,171.6
2026-01-26,Bio Vitamina B12 em gotas,89.8
2026-01-26,Bio Zinco,73.8
2026-01-26,Biotina Plus,46.9
2026-01-26,Blend de Chá - Digestivo,55.8
2026-01-26,Bombom,18.28
2026-01-26,Booster Energético - Upgrade Energy - TCM,139.9
2026-01-26,"Boraprim - Borragem, Prímula e Gergelim",179.8
2026-01-26,Cacao Whey - Sachê,79.6
2026-01-26,Chocolate ao Leite - Marshmallow,19.8
2026-01-26,Cocada,9.8
2026-01-26,Coenzima Q10,84.9
2026-01-26,Coenzima Q10  (200mg p/ porção),439.8
2026-01-26,Coenzima Q10 (200mg p/ porção),499.6
2026-01-26,Coenzima Q10 + Ômega 3 + Vitamina E,139.9
2026-01-26,Coenzima Q10 - 100mg,109.9
2026-01-26,Coenzima Q10 - 200mg,144.9
2026-01-26,Coenzima Q10 200mg,89.9
2026-01-26,Coffee - Brainstorm,124.9
2026-01-26,Collagen Protein,239.9
2026-01-26,Collagen Protein BodyBalance,166.9
2026-01-26,Colágeno - Colagentek,284.7
2026-01-26,Colágeno - Colagentek II,614.5
2026-01-26,Colágeno - Colagentek Protein - Bodybalance,1259.3
2026-01-26,Colágeno - Collagen Derm,170.1
2026-01-26,Colágeno - Collagen Essential Protein,239.9
2026-01-26,Colágeno - Collagen Gut,584.7
2026-01-26,Colágeno - Collagen Joint,197.9
2026-01-26,Colágeno - Collagen Pro - Body Suport,629.7
2026-01-26,Colágeno - Collagen Renew Hidrolisado,269.7
2026-01-26,Colágeno - Collagen Tipo II 40mg,269.7
2026-01-26,Colágeno - Multi Collagen,229.9
2026-01-26,Colágeno Collagen Flex Beauty,174.9
2026-01-26,Colágeno Hidrolisado - Collagen Pro 18g,1199.2
2026-01-26,Colágeno Tipo II,69.9
2026-01-26,Colágeno Tipo II - Artro Aid,199.8
2026-01-26,Complexo B - Bio Vit.B+,44.9
2026-01-26,Complexo B - Vit B Complex,119.85
2026-01-26,Complexo B 500mg,44.9
2026-01-26,Creatina,44.9
2026-01-26,Creatina - Creafort (Creapure),2258.7
2026-01-26,Creatina - Gummy,434.7
2026-01-26,Creatina 100%,94.9
2026-01-26,Creatina 100% Pure,219.8
2026-01-26,Creatina Monohidratada,3156.1
2026-01-26,Creatina Monohidratada (Creapure),1339.3
2026-01-26,Creatina Monohidratada - Creatine,809.1
2026-01-26,Cúrcuma,79.9
2026-01-26,Cúrcuma 500mg,284.7
2026-01-26,Cúrcuma Plus,419.4
2026-01-26,D-Ribose,149.66
2026-01-26,Eletrólitos,543.5
2026-01-26,Energy Gel - Endurance,48.3
2026-01-26,Energy Kick - Sachê,8.9
2026-01-26,Energy Kick com Cafeína - Sachê,17.8
2026-01-26,Expresso Whey - Sachê,59.7
2026-01-26,Extrato de Laranja Moro 400mg,99.9
2026-01-26,Fe - Complex,69.9
2026-01-26,Feno Grego,209.7
2026-01-26,Ferro Quelato + Vitamina C,234.5
2026-01-26,Fresh Vegan,339.8
2026-01-26,Fresh Whey,1859.1
2026-01-26,FreshWhey - Sachê,47.7
2026-01-26,Gel Nitrato,54.5
2026-01-26,Glutamina,403.4
2026-01-26,Glutamina - Glutamax,319.6
2026-01-26,Glutamina em Pó,214.8
2026-01-26,Gold Whey Concentrado Refil,1279.2
2026-01-26,Grassfed Whey Protein - Concentrado,249.9
2026-01-26,Hipercalórico - Creamass,99.9
2026-01-26,Isofort Plant (Life Vegan),359.7
2026-01-26,Livestrong,617.8
2026-01-26,Maca Peruana,128.7
2026-01-26,Magnésio,179.6
2026-01-26,Magnésio - Inositol Relief 3.0,1049.4
2026-01-26,Magnésio Inositol,509.7
2026-01-26,Magnésio Inositol Relax,273.9
2026-01-26,Magnésio Plus 900mg,284.7
2026-01-26,Melatonina - Sleepfor,159.8
2026-01-26,Melatonina Duo,139.8
2026-01-26,Melatonina Fast,69.8
2026-01-26,Morning Shot - Imunidade,734.3
2026-01-26,Multivitaminico  - Imunomult- 1000mg,539.6
2026-01-26,Multivitamínicos - Gummy,64.9
2026-01-26,NAC,161.43
2026-01-26,NAC PRO,69.9
2026-01-26,Omegafor Plus,4278.4
2026-01-26,Palatinose,134.8
2026-01-26,Palatinose 100% - Carbolift,99.9
2026-01-26,Paçoquinha,9.8
2026-01-26,Pre-Workout - DiaboVerde,94.9
2026-01-26,Prebiótico,84.9
2026-01-26,Probiótico - Simcaps,149.8
2026-01-26,Probiótico - Simfort Plus,1079.1
2026-01-26,Proteina Vegetal,159.9
2026-01-26,Proteina Vegetal - True Vegan,389.8
2026-01-26,Proteína Isolada e Hidrolisada - Body Protein,879.6
2026-01-26,Proteína Isolada e Hidrolisada - Body Protein Red,439.8
2026-01-26,Proteína Vegana - Immuno Veggie,254.9
2026-01-26,Pré-Treino,458.6
2026-01-26,Pré-Treino - V Fort Ultra,129.9
2026-01-26,Pré-treino,199.9
2026-01-26,Pré-treino - Energyzer & focus,249.8
2026-01-26,Própolis Líquido - Gotas,49.9
2026-01-26,Própolis Verde,45.9
2026-01-26,Própolis Verde - Premium 10mg,139.8
2026-01-26,Própolis Verde - Propomax,59.8
2026-01-26,Psyllium,359.3
2026-01-26,Pós-treino - Recharge 4:1,130.09
2026-01-26,Refil 100% Whey Protein - Flavour,119.9
2026-01-26,Refil Whey 100% Pure,139.9
2026-01-26,Refil Whey Concentrado - W100,259.8
2026-01-26,Refil Whey Concentrado Havanna - W100,139.9
2026-01-26,Refil Whey Protein - 3W,239.8
2026-01-26,Resveratrol - Resveramax,179.9
2026-01-26,Resveratrol Plus - 165mg,109.9
2026-01-26,Shot Matinal,239.7
2026-01-26,Shot Noturno - Melatonina,106.59
2026-01-26,Simfort Ultra,154.9
2026-01-26,Simfort fibras,129.8
2026-01-26,Sleep,814.5
2026-01-26,Sleepfor,55.98
2026-01-26,Snack Proteico,76.3
2026-01-26,Super Café - Desincoffee,209.8
2026-01-26,Super Ômega 3,2188.8
2026-01-26,SuperCoffee,2708.1
2026-01-26,SuperCoffee Língua de gato - Kopenhagen,1574.1
2026-01-26,Suplemento - Hyaluronic Hair,149.8
2026-01-26,Suplemento Alimentar - Alpha Inflaminus,724.5
2026-01-26,Suplemento Alimentar - Alpha Men,169.9
2026-01-26,"Suplemento Alimentar - Cabelo, Pele e Unha - Gomas",84.9
2026-01-26,Suplemento Alimentar - GUARDIAN®,419.8
2026-01-26,Suplemento Alimentar - Green Shot,84.9
2026-01-26,Suplemento Alimentar - Slim Body 400mg,89.9
2026-01-26,Suplemento Alimentar - Slim Shape,139.8
2026-01-26,Suplemento Alimentar - True Nac,69.9
2026-01-26,Suplemento Vitamínico - ZMA,59.9
2026-01-26,Suplemento de Magnésio - Blue Calm,269.8
2026-01-26,Suplemento para Imunidade - Immune Up 100%,119.9
2026-01-26,Suplemento para Imunidade - Immunity Guard,99.9
2026-01-26,Tablete de Doce,24.5
2026-01-26,Tasty Whey 3W Gourmet,1544.2
2026-01-26,Termogênico - Lipix6,114.9
2026-01-26,Termogênico - Termo Plus,389.7
2026-01-26,Tortinha Proteica,23.8
2026-01-26,Ultracoffee - Vegano,109.9
2026-01-26,Vanilla Whey - Sachê,39.8
2026-01-26,Vinagre de Maçã Orgânico,24.01
2026-01-26,Vitamina B12,148.6
2026-01-26,Vitamina C3 - 1000mg,54.9
2026-01-26,Vitamina D - Vita D3,268.5
2026-01-26,Vitamina D - Vita D3 + C + Zinco,179.7
2026-01-26,Vitamina D3,53.9
2026-01-26,Vitamina D3 + K2,274.6
2026-01-26,Vitamina D3 + K2 Gotas,139.8
2026-01-26,Vitamina D3 - 2000 Ui,110.7
2026-01-26,Vitamina D3 Synergy,179.7
2026-01-26,W100 Whey Concentrado Havanna - Sachê,12.9
2026-01-26,Whey,2749.1
2026-01-26,Whey - Immuno Golden,249.9
2026-01-26,Whey 3W,164.9
2026-01-26,Whey 3W -  Sachê,76.3
2026-01-26,Whey Concentrado - 100% Whey,129.9
2026-01-26,Whey Fort 3W,899.5
2026-01-26,Whey Isolado - Iso Triple Zero,879.6
2026-01-26,Whey Isolado - Isofort Ultra Imuno,659.8
2026-01-26,Whey Protein Concentrado,7216.0
2026-01-26,Whey Protein Concentrado - Sachê,54.5
2026-01-26,Whey Protein Concentrado Cappuccino 900g DUX,539.7
2026-01-26,Whey Protein Isolado,4977.5
2026-01-26,Whey Protein Isolado - Isofort,1239.6
2026-01-26,Whey Protein Isolado - Sachê,253.5
2026-01-26,Whey Protein Isolado - Tasty Iso,579.8
2026-01-26,Whey Protein Smoothie Energy,199.9
2026-01-26,Whey Tech 100%,1818.7
2026-01-26,Whey hidrolisado e isolado,929.7
2026-01-26,Ômega -  Mega DHA,99.9
2026-01-26,Ômega 3,159.8
2026-01-26,Ômega 3  - 1360mg,949.5
2026-01-26,Ômega 3 - 1360mg,699.5
2026-01-26,Ômega 3 - EPA DHA - 1000mg,135.8
2026-01-26,Ômega 3 - Omegafor Memory,314.7
2026-01-26,Ômega 3 - Ultra Caps 1000mg,479.7
2026-01-26,Ômega 3 EPA DHA,1544.3
2026-01-26,Ômega 3 Pulse,1169.1
2026-01-26,Ômega 3 Super DHA,109.9
2026-02-02,#Whey Fort 3W,359.8
2026-02-02,100% Whey Pure,144.9
2026-02-02,Achocolatado - Chocoki,179.8
2026-02-02,Aminoácido - Amino Greens,419.8
2026-02-02,Aminoácido - Aminovita,724.5
2026-02-02,Aminoácido - BCAA - Glyco HD,29.9
2026-02-02,Aminoácidos - Aminnu EAAs - Sem Xilitol,209.9
2026-02-02,Barrinha de Proteína,83.4
2026-02-02,Barrinha de Proteína - Protein Crisp Bar,23.7
2026-02-02,Barrinha de Proteína Choco Wheyfer,84.9
2026-02-02,Barrinha de Proteína Thin,109.9
2026-02-02,Barrinha de Proteína Vegan Radiance Joy,139.9
2026-02-02,Bebida Proteica - Natural Whey 100% Whey - 15g,10.49
2026-02-02,Bebida Proteica - Natural Whey 100% Whey -15g,10.49
2026-02-02,Bebida Proteica - Natural Whey 14g,76.9
2026-02-02,Beef Protein,229.9
2026-02-02,Best Whey,399.8
2026-02-02,Beta Alanina,125.8
2026-02-02,Bio Cálcio  60 caps PURAVIDA,79.9
2026-02-02,Bio Ferro,171.6
2026-02-02,Bio Vitamina B12 em gotas,44.9
2026-02-02,Bio Zinco,36.9
2026-02-02,Biotina Plus,46.9
2026-02-02,Biscoito Proteico - Sublime,63.46
2026-02-02,Blend de Chá - Afrodisíaco,27.9
2026-02-02,Blend de Chá - Digestivo,27.9
2026-02-02,Blend de Chá - Xô TPM,27.9
2026-02-02,BodyBalance - Muscle Synergy,244.9
2026-02-02,"Boraprim - Borragem, Prímula e Gergelim",269.7
2026-02-02,Cacao Whey - Sachê,19.9
2026-02-02,Cappuccino Whey - Sachê,39.8
2026-02-02,Chocolate 66% Cacau,27.9
2026-02-02,Chá Sublime - Brisa,6.9
2026-02-02,Coenzima Q10  (200mg p/ porção),439.8
2026-02-02,Coenzima Q10 (200mg p/ porção),464.6
2026-02-02,Coenzima Q10 + Ômega 3 + Vitamina E,279.8
2026-02-02,Colágeno - Colagentek,94.9
2026-02-02,Colágeno - Colagentek Beauty,124.9
2026-02-02,Colágeno - Colagentek II,464.6
2026-02-02,Colágeno - Colagentek Protein - Bodybalance,1259.3
2026-02-02,Colágeno - Collagen Bones,199.9
2026-02-02,Colágeno - Collagen Gut,194.9
2026-02-02,Colágeno - Collagen Protein Hidrolisado,179.9
2026-02-02,Colágeno - Collagen Protein Hidrolisado Berries Silvestres 450g PURAVIDA,359.8
2026-02-02,Colágeno - Collagen Renew Hidrolisado,269.7
2026-02-02,Colágeno - Collagen Tipo II 40mg,89.9
2026-02-02,Colágeno - Collpure®,325.8
2026-02-02,Colágeno Collagen Flex Beauty,174.9
2026-02-02,Colágeno Collagen Resilience,209.9
2026-02-02,Colágeno Hidrolisado - Collagen Pro 18g,899.4
2026-02-02,Colágeno tipo 2 - Colagentek II,209.8
2026-02-02,Creatina,59.9
2026-02-02,Creatina - Creafort (Creapure),1439.2
2026-02-02,Creatina - Gummy,289.8
2026-02-02,Creatina 100%,394.4
2026-02-02,Creatina Monohidratada,2496.9
2026-02-02,Creatina Monohidratada (Creapure),194.9
2026-02-02,Creatina Monohidratada -  Crealift (Creapure),539.8
2026-02-02,Creatina Monohidratada - Creatine,539.4
2026-02-02,Creatina Premium - Creapure,229.9
2026-02-02,Cálcio de Algas 1000mg,129.8
2026-02-02,Cúrcuma 500mg,94.9
2026-02-02,Cúrcuma Plus,279.6
2026-02-02,Eletrólitos,441.7
2026-02-02,Expresso Whey - Sachê,19.9
2026-02-02,Extrato de Laranja Moro 400mg,199.8
2026-02-02,Ferro - Ydrosolv,99.9
2026-02-02,Ferro Plus,59.8
2026-02-02,Ferro Quelato + Vitamina C,46.9
2026-02-02,Fibras - Fiberlift,139.9
2026-02-02,Fresh Vegan,169.9
2026-02-02,Fresh Vegan - Sachê,97.3
2026-02-02,Fresh Whey,1969.0
2026-02-02,FreshWhey - Sachê,84.5
2026-02-02,Glutamina,149.8
2026-02-02,Glutamina - Glutamax,139.8
2026-02-02,Gold Whey Concentrado Refil,159.9
2026-02-02,Granola - Zero Açúcar,98.7
2026-02-02,Immuno Whey,239.9
2026-02-02,Isofort Plant (Life Vegan),239.8
2026-02-02,Laranja Moro - Moroskinny,104.9
2026-02-02,Livestrong,617.8
2026-02-02,Luteína + Zeaxantina,59.59
2026-02-02,MCT LIFT,239.8
2026-02-02,Maca Peruana Preta - Macapure,179.9
2026-02-02,Magnésio,134.7
2026-02-02,Magnésio - Inositol Relief 3.0,699.6
2026-02-02,Magnésio Inositol,649.6
2026-02-02,Magnésio Inositol Relax,273.9
2026-02-02,Magnésio Plus 900mg,664.3
2026-02-02,Magnésio Quelato - Bio Mag,74.9
2026-02-02,Melatonina - Sleepfor,79.9
2026-02-02,Melatonina - Ydrosolv,84.9
2026-02-02,Melatonina em Gummy,119.9
2026-02-02,Morning Shot - Imunidade,524.5
2026-02-02,Multivitaminico  - Imunomult- 1000mg,134.9
2026-02-02,Multivitamínico - Vitalift,189.9
2026-02-02,Multivitamínicos - Gummy,129.8
2026-02-02,N-Acetil Cisteína (NAC),89.9
2026-02-02,NAC,53.9
2026-02-02,NAC + Glycine + Taurine,269.7
2026-02-02,Omegafor Plus,4074.5
2026-02-02,Prebiótico,169.8
2026-02-02,Prebiótico - Fiber Liv,239.7
2026-02-02,Probiótico - Simcaps,124.8
2026-02-02,Probiótico - Simfort Plus,689.3
2026-02-02,Probióticos,66.9
2026-02-02,Probióticos em Pó - Simfort,274.8
2026-02-02,Proteína - Isocrisp Plant Pouch,69.9
2026-02-02,Proteína Isolada e Hidrolisada - Body Protein,439.8
2026-02-02,Proteína Isolada e Hidrolisada - Body Protein Red,659.7
2026-02-02,Proteína Vegana - Veggie Protein,254.9
2026-02-02,Pré-Treino,473.6
2026-02-02,Pré-Treino - V Fort Ultra,129.9
2026-02-02,Pré-treino - Energy Kick,129.9
2026-02-02,Próbiotico - Purabiotics,269.7
2026-02-02,Própolis Alcoólico,29.9
2026-02-02,Própolis Verde - Premium 10mg,69.9
2026-02-02,Psyllium,319.4
2026-02-02,Pós-treino - Recharge 4:1,289.8
2026-02-02,Refil Whey 100% Pure,279.8
2026-02-02,Refil Whey Concentrado - W100,389.7
2026-02-02,Refil Whey Protein Concentrado,299.8
2026-02-02,Resveratrol 500mg,159.8
2026-02-02,Sachê de Óleo De Coco,3.9
2026-02-02,Simfort Femme,99.9
2026-02-02,Simfort Ultra,154.9
2026-02-02,Simfort fibras,129.8
2026-02-02,Sleep,174.9
2026-02-02,Snack Proteico,65.4
2026-02-02,Super Ômega 3,2308.8
2026-02-02,SuperCoffee,1848.8
2026-02-02,SuperCoffee Língua de gato - Kopenhagen,1224.3
2026-02-02,Suplemento Alimentar - Alpha Men,169.9
2026-02-02,Suplemento Alimentar - Geleia Real - Apireal,42.9
2026-02-02,Suplemento Alimentar - Green Shot,84.9
2026-02-02,Suplemento Alimentar - LEVSENSI,184.03
2026-02-02,Suplemento de Magnésio - Blue Calm,329.7
2026-02-02,Tasty Whey 3W Gourmet,809.6
2026-02-02,Trio Magnésio 720mg,454.3
2026-02-02,V-Coffee Energy Boost,95.9
2026-02-02,Veggie Protein - Sachê,19.9
2026-02-02,Vitamina - Good Mood,59.9
2026-02-02,Vitamina B12,256.3
2026-02-02,Vitamina C,17.85
2026-02-02,Vitamina C + Zinco - Gomas,64.9
2026-02-02,Vitamina C - Bio Vit C+,54.9
2026-02-02,Vitamina D - Vita D3,268.5
2026-02-02,Vitamina D - Vita D3 + C + Zinco,145.7
2026-02-02,Vitamina D3 + K2,344.5
2026-02-02,Vitamina D3 + K2 Gotas,209.7
2026-02-02,Vitamina D3 - Ydrosolv - Spray,76.5
2026-02-02,Vitamina D3 Synergy,59.9
2026-02-02,"Vitaminas A, E, D e K2- RESTAURE® - Gotas",619.6
2026-02-02,W100 Whey Concentrado Havanna - Sachê,12.9
2026-02-02,Whey,1799.4
2026-02-02,Whey - Zero Lactose,879.6
2026-02-02,Whey Fort 3W,1499.3
2026-02-02,Whey Isolado - Isofort Ultra Imuno,679.8
2026-02-02,Whey Protein - 3W - The Whey,119.9
2026-02-02,Whey Protein - Isofort Beauty,139.9
2026-02-02,Whey Protein Concentrado,7256.1
2026-02-02,Whey Protein Concentrado - Sachê,128.7
2026-02-02,Whey Protein Concentrado Cappuccino 900g DUX,359.8
2026-02-02,Whey Protein Crisp - Isocrisp,99.8
2026-02-02,Whey Protein Hidrolisado,369.9
2026-02-02,Whey Protein ISO 100 Hydrolyzed,369.9
2026-02-02,Whey Protein Isolado,4058.7
2026-02-02,Whey Protein Isolado - Isofort,1559.5
2026-02-02,Whey Protein Isolado - Sachê,101.4
2026-02-02,Whey Protein Isolado - Tasty Iso,579.8
2026-02-02,Whey Protein Smoothie Energy,199.9
2026-02-02,Whey Tech 100%,1958.6
2026-02-02,Whey hidrolisado e isolado,309.9
2026-02-02,Zinco - Ydrosolv,89.9
2026-02-02,Ômega -  Mega DHA,99.9
2026-02-02,Ômega - Mega DHA,359.8
2026-02-02,Ômega 3,439.7
2026-02-02,Ômega 3  - 1360mg,759.6
2026-02-02,Ômega 3 - EPA DHA - 1000mg,472.3
2026-02-02,Ômega 3 - Fish Oil,112.65
2026-02-02,Ômega 3 - Omegafor Memory,104.9
2026-02-02,Ômega 3 EPA DHA,1178.8
2026-02-02,Ômega 3 Fosfatix,849.5
2026-02-02,Ômega 3 Pulse,389.7
2026-02-02,Ômega 3 Super DHA,109.9
2026-02-02,Ômega 3 Super DHA BIG,189.9
2026-02-09,100% Whey Pure,144.9
2026-02-09,Aminoácido - Amino Greens,209.9
2026-02-09,Arginofor -  L-Arginina,119.9
2026-02-09,BT Nitrato 400,324.8
2026-02-09,Barra Double,11.92
2026-02-09,Barrinha de Proteína,42.7
2026-02-09,Barrinha de Proteína - YOPRO,25.8
2026-02-09,Barrinha de Proteína Crunch,55.6
2026-02-09,Barrinha de Proteína Vegan Radiance Joy,122.4
2026-02-09,Bebida Proteica - Natural Whey 100% Whey - 15g,10.49
2026-02-09,Bebida Proteica - Natural Whey 14g,69.21
2026-02-09,Beef Protein,229.9
2026-02-09,Beta Alanina,251.6
2026-02-09,Beta Alanina 100%,47.9
2026-02-09,Bio Ferro,42.9
2026-02-09,Bio Vitamina B12 em gotas,224.5
2026-02-09,Bio Zinco,36.9
2026-02-09,Blend de Chá - Detox,29.9
2026-02-09,Bom Ciclo,79.9
2026-02-09,"Boraprim - Borragem, Prímula e Gergelim",359.6
2026-02-09,Cacao Whey - Sachê,21.9
2026-02-09,Cafeína - Caffeinex 200,38.9
2026-02-09,Chocolate ao Leite,29.9
2026-02-09,Chá,28.2
2026-02-09,Chá Misto,13.8
2026-02-09,Cocada,4.9
2026-02-09,Coenzima  Q10 - 100mg,89.9
2026-02-09,Coenzima Q10,84.9
2026-02-09,Coenzima Q10  (200mg p/ porção),219.9
2026-02-09,Coenzima Q10 (200mg p/ porção),589.5
2026-02-09,Coenzima Q10 + Ômega 3 + Vitamina E,1119.2
2026-02-09,Coenzima Q10 - (100mg p/ porção),84.9
2026-02-09,Coenzima Q10 200mg,89.9
2026-02-09,Collagen Protein BodyBalance,166.9
2026-02-09,Colágeno - Colagentek II,359.7
2026-02-09,Colágeno - Colagentek Protein - Bodybalance,179.9
2026-02-09,Colágeno - Collagen Bones,199.9
2026-02-09,Colágeno - Collagen Essential Protein,479.8
2026-02-09,Colágeno - Collagen Gut,194.9
2026-02-09,Colágeno - Collagen Protein Hidrolisado Berries Silvestres 450g PURAVIDA,179.9
2026-02-09,Colágeno - Collagen Renew Hidrolisado,179.8
2026-02-09,Colágeno Collagen Flex Beauty,174.9
2026-02-09,Colágeno Hidrolisado - Collagen Pro 18g,449.7
2026-02-09,Colágeno Tipo II,247.78
2026-02-09,Complexo B - Bio Vit.B+,44.9
2026-02-09,Complexo B 500mg,44.9
2026-02-09,Creatina,199.8
2026-02-09,Creatina - Creafort (Creapure),999.4
2026-02-09,Creatina Monohidratada,2272.53
2026-02-09,Creatina Monohidratada (Creapure),389.8
2026-02-09,Creatina Monohidratada -  Crealift (Creapure),269.9
2026-02-09,Creatina Monohidratada - Creatine,299.7
2026-02-09,Cúrcuma - Curcumagic,309.8
2026-02-09,Cúrcuma Plus,349.5
2026-02-09,Eletrólitos,224.3
2026-02-09,Enzimas Enzyfor,149.9
2026-02-09,Ferro - Ydrosolv,99.9
2026-02-09,Ferro Quelado 34mg,29.9
2026-02-09,Ferro Quelato + Vitamina C,93.8
2026-02-09,Fiber Biome,172.9
2026-02-09,Fresh Whey,1309.3
2026-02-09,Gel Nitrato,65.4
2026-02-09,Glutamina,456.4
2026-02-09,Glutamina - Glutamax,89.9
2026-02-09,Gold Whey Concentrado Refil,179.9
2026-02-09,Granola - Sem Glúten,29.9
2026-02-09,Granola Australia - Low Carb,44.9
2026-02-09,Grassfed Whey Protein - Concentrado,249.9
2026-02-09,L-Taurina - 1.000mg,279.4
2026-02-09,Livestrong,299.9
2026-02-09,Luteína + Zeaxantina,59.59
2026-02-09,Maca Peruana Preta - Macapure,179.9
2026-02-09,Magnésio,134.7
2026-02-09,Magnésio - Inositol Relief 3.0,699.6
2026-02-09,Magnésio Inositol,139.9
2026-02-09,Magnésio Plus - 350mg,74.9
2026-02-09,Magnésio Plus 900mg,189.8
2026-02-09,Melatonina - Sleepfor,79.9
2026-02-09,Melatonina em Gotas,39.9
2026-02-09,Morning Shot - Imunidade,104.9
2026-02-09,N-Acetil Cisteína (NAC),269.7
2026-02-09,NAC,53.9
2026-02-09,NAC PRO,69.9
2026-02-09,Nitro 400,139.9
2026-02-09,Omegafor Plus,4270.2
2026-02-09,Palatinose,269.6
2026-02-09,Paçoquinha,4.9
2026-02-09,Probiótico - Simfort Plus,329.6
2026-02-09,Probióticos em Pó - Simfort,94.9
2026-02-09,Profem - Óleo de Prímula,64.9
2026-02-09,Proteina Vegetal,399.96
2026-02-09,Proteína Isolada e Hidrolisada - Body Protein,879.6
2026-02-09,Pré-Treino - V Fort Ultra,129.9
2026-02-09,Pré-Treino Energy ATP®,209.9
2026-02-09,Próbiotico - Purabiotics,179.8
2026-02-09,Própolis Alcoólico,29.9
2026-02-09,Própolis Líquido - Gotas,49.9
2026-02-09,Própolis Trio,69.9
2026-02-09,Própolis Verde - Alcoólico,29.9
2026-02-09,Própolis Verde - Premium 10mg,344.85
2026-02-09,Própolis Verde - Propomax,89.7
2026-02-09,Psyllium,159.8
2026-02-09,Pós-treino - Recharge 4:1,144.9
2026-02-09,Quercetina,79.9
2026-02-09,Refil 100% Whey Protein - Flavour,109.99
2026-02-09,Refil Creatina,159.9
2026-02-09,Refil Pure Blend Protein,158.0
2026-02-09,Refil Whey Concentrado - W100,259.8
2026-02-09,Refil Whey Concentrado Havanna - W100,139.9
2026-02-09,Refil Whey Protein - 3W,524.7
2026-02-09,Refil Whey Protein Concentrado,799.78
2026-02-09,Resveratrol 500mg,79.9
2026-02-09,Sachê de Óleo De Coco,3.9
2026-02-09,Salgadinho,11.8
2026-02-09,Shot Matinal,159.8
2026-02-09,Simfort fibras,194.7
2026-02-09,Sleep,419.7
2026-02-09,Snack Proteico,10.9
2026-02-09,Super Ômega 3,1099.5
2026-02-09,SuperCoffee,2143.7
2026-02-09,SuperCoffee Língua de gato - Kopenhagen,699.6
2026-02-09,Suplemento - Hyaluronic Hair,149.8
2026-02-09,Suplemento Alimentar - Alpha A até Z,59.9
2026-02-09,Suplemento Alimentar - Alpha Inflaminus,144.9
2026-02-09,Suplemento Alimentar - Alpha Mater,309.8
2026-02-09,Suplemento Alimentar - GUARDIAN®,629.7
2026-02-09,Suplemento Alimentar - Green Shot,169.8
2026-02-09,Suplemento Alimentar - Slim Body 400mg,179.8
2026-02-09,Suplemento Alimentar - Slim Shape,69.9
2026-02-09,Suplemento de Magnésio - Blue Calm,109.9
2026-02-09,Tablete de Doce,19.6
2026-02-09,Tasty Whey 3W Gourmet,674.7
2026-02-09,Termogênico - Lipix6,114.9
2026-02-09,Trio Magnésio 720mg,389.4
2026-02-09,True Cúrcuma com Ômega,124.9
2026-02-09,Vanilla Whey - Sachê,19.9
2026-02-09,Vegan Ômega 3 DHA,124.9
2026-02-09,Vitamina - Good Mood,59.9
2026-02-09,Vitamina B12,184.5
2026-02-09,Vitamina D - Vita D3,317.4
2026-02-09,Vitamina D - Vita D3 + C + Zinco,162.7
2026-02-09,Vitamina D3 + K2,134.8
2026-02-09,Vitamina D3 + K2 Gotas,139.8
2026-02-09,Vitamina D3 - 2000 Ui,36.9
2026-02-09,Vitamina D3 Synergy,119.8
2026-02-09,"Vitaminas A, E, D e K2- RESTAURE® - Gotas",154.9
2026-02-09,Whey,1979.4
2026-02-09,Whey 3W,164.9
2026-02-09,Whey 3W -  Sachê,65.4
2026-02-09,Whey Concentrado - W100,139.9
2026-02-09,Whey Fort 3W,899.5
2026-02-09,Whey Isolado - Iso Triple Zero,219.9
2026-02-09,Whey Isolado e Hidrolisado - H.I Whey,499.8
2026-02-09,Whey Protein - Isofort Beauty,279.8
2026-02-09,Whey Protein Concentrado,5667.3
2026-02-09,Whey Protein Concentrado - Sachê,34.39
2026-02-09,Whey Protein Concentrado Cappuccino 900g DUX,209.9
2026-02-09,Whey Protein Concentrado Party,599.79
2026-02-09,Whey Protein Hidrolisado,369.9
2026-02-09,Whey Protein ISO 100 Hydrolyzed,369.9
2026-02-09,Whey Protein Isolado,4578.59
2026-02-09,Whey Protein Isolado - Isofort,929.7
2026-02-09,Whey Protein Isolado - Sachê,118.3
2026-02-09,Whey Protein Isolado - Tasty Iso,289.9
2026-02-09,Whey Protein Smoothie,199.9
2026-02-09,Whey Tech 100%,1538.9
2026-02-09,Whey hidrolisado e isolado,309.9
2026-02-09,Ômega - Mega DHA,179.9
2026-02-09,Ômega 3,159.8
2026-02-09,Ômega 3  - 1360mg,189.9
2026-02-09,Ômega 3 - EPA DHA - 1000mg,869.33
2026-02-09,Ômega 3 - Fish Oil,783.05
2026-02-09,Ômega 3 - Omegafor Memory,209.8
2026-02-09,Ômega 3 - Ultra Caps 1000mg,319.8
2026-02-09,Ômega 3 DHA,139.9
2026-02-09,Ômega 3 EPA DHA,1110.7
2026-02-09,Ômega 3 IFOS - 660 EPA/ 440 DHA,179.9
2026-02-09,Ômega 3 Pulse,259.8
2026-02-09,Ômega 3 Super DHA,119.9
2026-02-09,Ômegafor Vegan 400mg,99.9
2026-02-16,#Whey Fort 3W,179.9
2026-02-16,100% Whey Pure,434.7
2026-02-16,Achocolatado - Chocoki,89.9
2026-02-16,Aminoácido - BCAA - Glyco HD,29.9
2026-02-16,Aminoácido - BCAA Fort,94.9
2026-02-16,Aminoácido - Tryptophan,109.8
2026-02-16,BT Nitrato,474.7
2026-02-16,BT Nitrato 400,174.9
2026-02-16,Barra Chocolate 70%,18.89
2026-02-16,Barrinha de Proteína,149.9
2026-02-16,Barrinha de Proteína - Protein Crisp Bar,15.8
2026-02-16,Barrinha de Proteína Choco Wheyfer,23.7
2026-02-16,Barrinha de Proteína Tube,99.9
2026-02-16,Bebida Proteica - Natural Whey 14g,23.07
2026-02-16,Beef Protein,229.9
2026-02-16,Beta Alanina,79.9
2026-02-16,Beta Alanina 100%,95.8
2026-02-16,Blend de Chá - Digestivo,27.9
2026-02-16,"Boraprim - Borragem, Prímula e Gergelim",234.7
2026-02-16,Chá Sublime - Inverno,13.8
2026-02-16,Coenzima  Q10 - 100mg,89.9
2026-02-16,Coenzima Q10,199.9
2026-02-16,Coenzima Q10  (200mg p/ porção),439.8
2026-02-16,Coenzima Q10 (200mg p/ porção),464.6
2026-02-16,Coenzima Q10 + Ômega 3 + Vitamina E,139.9
2026-02-16,Coenzima Q10 - (100mg p/ porção),169.8
2026-02-16,Coenzima Q10+ 200mg,139.9
2026-02-16,Collagen Protein BodyBalance,166.9
2026-02-16,Colágeno -  Collagen Gut,199.9
2026-02-16,Colágeno - Colagentek,189.8
2026-02-16,Colágeno - Colagentek Protein - Bodybalance,719.6
2026-02-16,Colágeno - Collagen Essential Protein,239.9
2026-02-16,Colágeno - Collagen Gut,194.9
2026-02-16,Colágeno - Collagen Pro - Beauty Blend,209.9
2026-02-16,Colágeno - Collagen Protein Hidrolisado,179.9
2026-02-16,Colágeno - Collagen Tipo II 40mg,269.7
2026-02-16,Colágeno Hidrolisado - Collagen Pro 18g,899.4
2026-02-16,Coq10,229.9
2026-02-16,Coq10 + Vitamina E,134.9
2026-02-16,Creatina,359.6
2026-02-16,Creatina - Creafort (Creapure),279.8
2026-02-16,Creatina - Gummy,144.9
2026-02-16,Creatina 100%,119.8
2026-02-16,Creatina Monohidratada,2043.71
2026-02-16,Creatina Monohidratada (Creapure),389.8
2026-02-16,Creatina Monohidratada -  Crealift (Creapure),299.9
2026-02-16,Creatina Monohidratada - Creatine,399.6
2026-02-16,Creatina Monohidratada - Hardcore,89.9
2026-02-16,Creatine Action - Gummy,359.7
2026-02-16,Curcumina,99.9
2026-02-16,Cúrcuma Plus,684.0
2026-02-16,D-Ribose,74.83
2026-02-16,Dado de creatina,129.9
2026-02-16,Eletrólitos,217.4
2026-02-16,Energy Gel - Endurance,27.6
2026-02-16,Ferro Quelado 34mg,59.8
2026-02-16,Ferro Quelato + Vitamina C,46.9
2026-02-16,Fibras - Fiberlift,139.9
2026-02-16,Fresh Vegan,339.8
2026-02-16,Fresh Whey,2348.9
2026-02-16,Glutamina,420.4
2026-02-16,Glutamina - Glutamax,179.8
2026-02-16,Glutamina em Pó,99.9
2026-02-16,Granola,32.9
2026-02-16,Hipercalórico - Creamass,199.8
2026-02-16,Hydrolift,98.9
2026-02-16,L-Carnitina 530mg,199.8
2026-02-16,L-Taurina - 1.000mg,41.9
2026-02-16,Leite de Coco em Pó - Coco Cream,64.9
2026-02-16,Livestrong,599.8
2026-02-16,MCT - Oil Powder,134.9
2026-02-16,MCT LIFT,119.9
2026-02-16,Magnésio,134.7
2026-02-16,Magnésio - Inositol Relief 3.0,1224.3
2026-02-16,Magnésio Inositol,324.8
2026-02-16,Magnésio Plus - 350mg,224.7
2026-02-16,Magnésio Plus 900mg,284.7
2026-02-16,Magnésio Quelato - Bio Mag,224.7
2026-02-16,Melatonina,59.9
2026-02-16,Melatonina - Gummy,102.74
2026-02-16,Melatonina - Sleepfor,139.98
2026-02-16,Melatonina Duo,209.7
2026-02-16,Morning Shot - Imunidade,209.8
2026-02-16,Multivitaminico - Imunomult- 1000mg,199.8
2026-02-16,Multivitamínicos - Gummy,209.7
2026-02-16,NAC + Glycine + Taurine,89.9
2026-02-16,NAC PRO,69.9
2026-02-16,Nitro 400,279.8
2026-02-16,Omegafor Family - Ômega 3,69.9
2026-02-16,Omegafor Plus,2211.6
2026-02-16,Palatinose,269.6
2026-02-16,Probiótico - Simfort Plus,69.9
2026-02-16,Probióticos em Pó - Simfort,189.8
2026-02-16,Propolis + Quercetin + Vitamin C,109.9
2026-02-16,Proteina Vegetal,199.98
2026-02-16,Proteina Vegetal - True Vegan,194.9
2026-02-16,Proteína Isolada e Hidrolisada - Body Protein,659.7
2026-02-16,Proteína Isolada e Hidrolisada - Body Protein Red,219.9
2026-02-16,Pré-Treino - Beta Action,219.9
2026-02-16,Pré-Treino - V Fort Ultra,129.9
2026-02-16,Pré-treino - Energy Kick,129.9
2026-02-16,Pré-treino - Pre Workout,129.9
2026-02-16,Pré-treino - Égide,129.9
2026-02-16,Própolis - Green Própolis,139.8
2026-02-16,Própolis Verde - Premium 10mg,109.98
2026-02-16,Própolis Verde - Propomax,89.7
2026-02-16,Psyllium,119.8
2026-02-16,Refil 100% Whey Protein - Flavour,769.93
2026-02-16,Refil Whey Protein - 3W,699.6
2026-02-16,Refil Whey Protein Concentrado,139.99
2026-02-16,Resveratrol Plus - 165mg,219.8
2026-02-16,Sachê de Óleo De Coco Extravirgem,3.9
2026-02-16,Salgadinho,5.9
2026-02-16,Simfort fibras,64.9
2026-02-16,Sleep,419.7
2026-02-16,Super Ômega 3,669.6
2026-02-16,SuperCoffee,1663.9
2026-02-16,SuperCoffee Língua de gato - Kopenhagen,349.8
2026-02-16,Suplemento Alimentar  - Hepatofor,99.9
2026-02-16,"Suplemento Alimentar - Cabelo, Pele e Unha - Gomas",169.8
2026-02-16,Suplemento Alimentar - GUARDIAN®,209.9
2026-02-16,Suplemento Alimentar - L-teanina - Happy Theanine,299.8
2026-02-16,Suplemento Alimentar - Slim Body 400mg,139.98
2026-02-16,Suplemento Alimentar - Slim Shape,69.9
2026-02-16,Suplemento Alimentar - True Nac,69.9
2026-02-16,Suplemento para Imunidade - Immune Up 100%,119.9
2026-02-16,Termogênico - Lipix6,114.9
2026-02-16,Trio Magnésio 720mg,259.6
2026-02-16,Ultracoffee - Vegano,109.9
2026-02-16,Vitamina - Good Mood,59.9
2026-02-16,Vitamina B12,148.6
2026-02-16,Vitamina C + Zinco - Gomas,64.9
2026-02-16,Vitamina C - 500mg,39.48
2026-02-16,Vitamina C - Bio Vit C+,54.9
2026-02-16,Vitamina C3 - 1000mg,54.9
2026-02-16,Vitamina D - Vita D3,264.5
2026-02-16,Vitamina D - Vita D3 + C + Zinco,239.6
2026-02-16,Vitamina D3 + K2,64.9
2026-02-16,Vitamina D3 + K2 Gotas,69.9
2026-02-16,Vitamina D3 - 2000 Ui,36.9
2026-02-16,Vitamina D3 Synergy,119.8
2026-02-16,Whey,679.8
2026-02-16,Whey - Zero Lactose,439.8
2026-02-16,Whey Concentrado - 100% Whey,129.9
2026-02-16,Whey Fort 3W,1079.4
2026-02-16,Whey Protein - Isofort Beauty,279.8
2026-02-16,Whey Protein 3W,479.8
2026-02-16,Whey Protein Concentrado,3778.2
2026-02-16,Whey Protein Concentrado - Sachê,77.09
2026-02-16,Whey Protein Concentrado Cappuccino 900g DUX,419.8
2026-02-16,Whey Protein Concentrado Party,1259.93
2026-02-16,Whey Protein Crisp - Isocrisp,99.8
2026-02-16,Whey Protein Isolado,4267.79
2026-02-16,Whey Protein Isolado - Isofort,1549.5
2026-02-16,Whey Protein Isolado - Sachê,33.8
2026-02-16,Whey Protein Isolado - Tasty Iso,289.9
2026-02-16,Whey Protein Vegetal,299.8
2026-02-16,Whey Tech 100%,839.4
2026-02-16,Whey hidrolisado e isolado,929.7
2026-02-16,Zinco Quelato,42.9
2026-02-16,Ômega -  Mega DHA,99.9
2026-02-16,Ômega - Mega DHA,179.9
2026-02-16,Ômega 3  - 1360mg,189.9
2026-02-16,Ômega 3 - EPA DHA - 1000mg,237.78
2026-02-16,Ômega 3 - Omegafor Memory,209.8
2026-02-16,Ômega 3 - Ultra Caps 1000mg,159.9
2026-02-16,Ômega 3 EPA DHA,399.6
2026-02-16,Ômega 3 Pulse,519.6
2026-02-16,Ômega Golden,439.8
2026-02-23,#Whey Fort 3W,179.9
2026-02-23,#Whey Protein Concentrado,219.8
2026-02-23,100% Whey Pure,289.8
2026-02-23,Achocolatado - Choco Family - Refil,49.9
2026-02-23,Aminoácido - Aminovita,374.7
2026-02-23,Aminoácidos - Aminnu EAAs,419.8
2026-02-23,Aminoácidos - Aminolift,209.9
2026-02-23,BT Gel Nitrato com Cafeína,109.9
2026-02-23,Barrinha de Chocolate 41%,19.89
2026-02-23,Barrinha de Proteína,470.6
2026-02-23,Barrinha de Proteína - Protein Crisp Bar,256.9
2026-02-23,Barrinha de Proteína - YOPRO,12.9
2026-02-23,Barrinha de Proteína Choco Wheyfer,124.4
2026-02-23,Barrinha de Proteína Crunch,55.6
2026-02-23,Bebida Proteica - Natural Whey 100% Whey - 15g,10.49
2026-02-23,Bebida Proteica - Natural Whey 100% Whey -15g,10.49
2026-02-23,Bebida Proteica - Natural Whey 14g,99.97
2026-02-23,Beef Protein,459.8
2026-02-23,Best Whey,1189.4
2026-02-23,Beta Alanina,79.9
2026-02-23,Beta Alanina 100%,191.6
2026-02-23,Bio Cálcio  60 caps PURAVIDA,79.9
2026-02-23,Bio Ferro,257.4
2026-02-23,Bio Q10 100mg,139.9
2026-02-23,Bio Zinco,110.7
2026-02-23,Biotina Plus,46.9
2026-02-23,Biscoito Proteico - Sublime,38.18
2026-02-23,Body Protein Vegano,159.9
2026-02-23,"Boraprim - Borragem, Prímula e Gergelim",324.6
2026-02-23,Cacao Whey - Sachê,43.8
2026-02-23,Cappuccino Whey - Sachê,21.9
2026-02-23,Chá - Hibiscus Plus,64.9
2026-02-23,Chá Misto,6.9
2026-02-23,Coenzima  Q10 - 100mg,179.8
2026-02-23,Coenzima Q10,545.44
2026-02-23,Coenzima Q10  (200mg p/ porção),219.9
2026-02-23,Coenzima Q10 (200mg p/ porção),374.7
2026-02-23,Coenzima Q10 + Ômega 3 + Vitamina E,279.8
2026-02-23,Coenzima Q10 - (100mg p/ porção),84.9
2026-02-23,Coenzima Q10+ 200mg,139.9
2026-02-23,Coffee - Brainstorm,124.9
2026-02-23,Colosfort,224.9
2026-02-23,Colágeno -  Collagen Gut,199.9
2026-02-23,Colágeno - Colagentek,284.7
2026-02-23,Colágeno - Colagentek Beauty,124.9
2026-02-23,Colágeno - Colagentek II,314.7
2026-02-23,Colágeno - Colagentek Protein - Bodybalance,1079.4
2026-02-23,Colágeno - Collagen Derm,299.82
2026-02-23,Colágeno - Collagen Essential Protein,1199.5
2026-02-23,Colágeno - Collagen Gut,194.9
2026-02-23,Colágeno - Collagen Pro - Body Suport,209.9
2026-02-23,Colágeno - Collagen Renew Hidrolisado,179.8
2026-02-23,Colágeno - Collagen Tipo II 40mg,89.9
2026-02-23,Colágeno - Collpure® - 450g,149.9
2026-02-23,Colágeno - Multi Collagen,229.9
2026-02-23,Colágeno Collagen Skin,194.9
2026-02-23,Colágeno Hidrolisado - Collagen Pro 18g,149.9
2026-02-23,Colágeno Tipo II,107.98
2026-02-23,Colágeno Tipo II - Artro Aid,299.7
2026-02-23,Complexo B Max,44.9
2026-02-23,Coq10 + Vitamina E,134.9
2026-02-23,Cranberry - She She Comfort,69.9
2026-02-23,Creatina,200.21
2026-02-23,Creatina - Creafort (Creapure),1719.0
2026-02-23,Creatina - Gummy,144.9
2026-02-23,Creatina 100%,59.9
2026-02-23,Creatina 100% Pure,219.8
2026-02-23,Creatina Monohidratada,3239.34
2026-02-23,Creatina Monohidratada (Creapure),584.7
2026-02-23,Creatina Monohidratada -  Crealift (Creapure),899.7
2026-02-23,Creatina Monohidratada - Creatine,599.4
2026-02-23,Creatina Monohidratada - Hardcore,89.9
2026-02-23,Cromo Picolinato - 250mg,111.6
2026-02-23,Curcumina,99.9
2026-02-23,Cúrcuma Plus,599.1
2026-02-23,Eletrólitos,291.6
2026-02-23,Enzima Lactase - Laczyme,84.9
2026-02-23,Enzimas Enzyfor,149.9
2026-02-23,Expresso Whey - Sachê,43.8
2026-02-23,Extrato de Laranja Moro 400mg,89.91
2026-02-23,Farinha de Aveia,31.8
2026-02-23,Feno Grego,69.9
2026-02-23,Ferro - Ydrosolv,99.9
2026-02-23,Ferro Plus,59.8
2026-02-23,Ferro Quelado 34mg,29.9
2026-02-23,Ferro Quelato + Vitamina C,140.7
2026-02-23,Fiber Biome,345.8
2026-02-23,Fresh Vegan,169.9
2026-02-23,Fresh Vegan - Sachê,27.8
2026-02-23,Fresh Whey,2278.8
2026-02-23,FreshWhey - Sachê,67.6
2026-02-23,Glutamina,319.6
2026-02-23,Glutamina - Glutamax,89.9
2026-02-23,Glutamina Isolates,64.9
2026-02-23,Glutamina em Pó,114.9
2026-02-23,Gold Whey Concentrado Refil,539.7
2026-02-23,Granola Australia - Low Carb,44.9
2026-02-23,Hipercalórico - Monsterone,124.9
2026-02-23,Immuno Whey,239.9
2026-02-23,Isofort Plant (Life Vegan),129.9
2026-02-23,L-Carnitina 530mg,99.9
2026-02-23,L-Taurina - 1.000mg,69.9
2026-02-23,Livestrong,635.8
2026-02-23,MCT,269.8
2026-02-23,Magnésio,314.3
2026-02-23,Magnésio - Inositol Relief 3.0,699.6
2026-02-23,Magnésio Plus 900mg,284.7
2026-02-23,Magnésio Quelato - Bio Mag,224.7
2026-02-23,Melatonina - Sleepfor,209.97
2026-02-23,Melatonina Duo,139.8
2026-02-23,Melatonina Em Gotas Premium - 210mcg,34.9
2026-02-23,Melatonina em Gotas,79.8
2026-02-23,Morning Shot - Imunidade,524.5
2026-02-23,Multivitaminino - Multi All,69.99
2026-02-23,NAC,350.35
2026-02-23,Nitro 400,139.9
2026-02-23,Omegafor Family - Ômega 3,139.8
2026-02-23,Omegafor Plus,3636.4
2026-02-23,Omegafor Vision,119.9
2026-02-23,Omegafor Vitamins,139.9
2026-02-23,Palatinose,516.02
2026-02-23,Pasta de Amendoim,54.9
2026-02-23,Pasta de Amendoim Integral,18.89
2026-02-23,Prebiótico - Fiber Liv,79.9
2026-02-23,Probiótico - Simfort Plus,899.0
2026-02-23,Probióticos em Pó - Simfort,94.9
2026-02-23,Proteina Vegetal,299.97
2026-02-23,Proteina Vegetal - True Vegan,389.8
2026-02-23,Proteína Isolada e Hidrolisada - Body Protein,1319.4
2026-02-23,Proteína Vegana - Immuno Veggie,254.9
2026-02-23,Proteína Vegana - Veggie Protein,254.9
2026-02-23,Pré-Treino,75.51
2026-02-23,Pré-Treino - V Fort Ultra,389.7
2026-02-23,Pré-treino - Energy Kick Caffeine,129.9
2026-02-23,Próbiotico - Purabiotics,179.8
2026-02-23,Própolis Líquido - Gotas,99.8
2026-02-23,Própolis Verde - Alcoólico,59.8
2026-02-23,Própolis Verde - Propomax,89.7
2026-02-23,Psyllium,471.36
2026-02-23,Pós-treino - Recharge 4:1,144.9
2026-02-23,Quercetina,79.9
2026-02-23,Refil 100% Whey Protein - Flavour,329.97
2026-02-23,Refil Whey 100% Pure,699.5
2026-02-23,Refil Whey Concentrado - W100,519.6
2026-02-23,Refil Whey Concentrado Havanna - W100,139.9
2026-02-23,Refil Whey Protein - 3W,524.7
2026-02-23,Refil Whey Protein Concentrado,1619.46
2026-02-23,Resveratrol - Resveramax,179.9
2026-02-23,Resveratrol Plus - 165mg,109.9
2026-02-23,Sachê de Óleo De Coco,3.9
2026-02-23,Salgadinho,23.6
2026-02-23,Simfort Femme,199.8
2026-02-23,Simfort Ultra,179.8
2026-02-23,Simfort fibras,64.9
2026-02-23,Sleep,229.8
2026-02-23,Snack Proteico,10.9
2026-02-23,Spirulina 500mg,179.8
2026-02-23,Super Café - Desincoffee,99.9
2026-02-23,Super Ômega 3,739.5
2026-02-23,SuperCoffee,3692.6
2026-02-23,SuperCoffee Língua de gato - Kopenhagen,1049.4
2026-02-23,Suplemento Alimentar  - Hepatofor,99.9
2026-02-23,Suplemento Alimentar - Alpha Men,169.9
2026-02-23,Suplemento Alimentar - Alpha Women,149.9
2026-02-23,"Suplemento Alimentar - Cabelo, Unha e Pele - Beauty +",129.9
2026-02-23,Suplemento Alimentar - GUARDIAN®,839.6
2026-02-23,Suplemento Alimentar - Green Shot,76.41
2026-02-23,Suplemento Alimentar - LEVSENSI,184.03
2026-02-23,Suplemento Alimentar - Slim Body 400mg,69.99
2026-02-23,Suplemento Alimentar - Synergy Control,191.51
2026-02-23,Suplemento Alimentar - True Nac,139.8
2026-02-23,Suplemento de Magnésio - Blue Calm,109.9
2026-02-23,Tablete de Doce,24.5
2026-02-23,Tasty Whey 3W Gourmet,899.6
2026-02-23,Termogênico - Lipix6,184.8
2026-02-23,Termogênico - Termo Plus,259.8
2026-02-23,Tortinha Proteica,23.8
2026-02-23,Trio Magnésio 720mg,305.03
2026-02-23,Triptofano - Triptoflex 215mg,42.08
2026-02-23,Triptofano Noite,179.8
2026-02-23,Vanilla Whey - Sachê,21.9
2026-02-23,Vitamina - Good Mood,179.7
2026-02-23,Vitamina B12,372.12
2026-02-23,Vitamina B9 - Ácido Fólico,79.9
2026-02-23,Vitamina C - 500mg,78.96
2026-02-23,Vitamina C - Bio Vit C+,164.7
2026-02-23,Vitamina C3 - 1000mg,54.9
2026-02-23,Vitamina D - Vita D3,517.27
2026-02-23,Vitamina D - Vita D3 + C + Zinco,282.5
2026-02-23,Vitamina D3,109.9
2026-02-23,Vitamina D3 + K2,503.24
2026-02-23,Vitamina D3 - 2000 Ui,73.8
2026-02-23,Vitamina D3 Synergy,239.6
2026-02-23,"Vitaminas A, E, D e K2- RESTAURE® - Gotas",309.8
2026-02-23,Whey,2289.3
2026-02-23,Whey - Zero Lactose,219.9
2026-02-23,Whey 3W -  Sachê,109.0
2026-02-23,Whey Concentrado - 100% Whey,649.5
2026-02-23,Whey Fort 3W,1439.2
2026-02-23,Whey Protein - 3W - The Whey,239.8
2026-02-23,Whey Protein - Isofort Beauty,419.7
2026-02-23,Whey Protein Concentrado,7668.34
2026-02-23,Whey Protein Concentrado - Sachê,239.69
2026-02-23,Whey Protein Concentrado Cappuccino 900g DUX,419.8
2026-02-23,Whey Protein Concentrado Party,1439.92
2026-02-23,Whey Protein Crisp - Isocrisp,49.9
2026-02-23,Whey Protein ISO 100 Hydrolyzed,899.9
2026-02-23,Whey Protein Isolado,6728.06
2026-02-23,Whey Protein Isolado - All Natural,319.9
2026-02-23,Whey Protein Isolado - Sachê,33.8
2026-02-23,Whey Protein Isolado - Tasty Iso,289.9
2026-02-23,Whey Protein Smoothie,399.8
2026-02-23,Whey Protein Smoothie Energy,199.9
2026-02-23,Whey Tech 100%,2378.3
2026-02-23,Whey hidrolisado e isolado,1549.5
2026-02-23,Ômega -  Mega DHA,199.8
2026-02-23,Ômega 3,79.9
2026-02-23,Ômega 3  - 1360mg,189.9
2026-02-23,Ômega 3 - EPA DHA - 1000mg,212.7
2026-02-23,Ômega 3 - Omegafor Memory,314.7
2026-02-23,Ômega 3 - Vision Care,89.9
2026-02-23,Ômega 3 EPA DHA,439.6
2026-02-23,Ômega 3 Pulse,1039.2
2026-02-23,Ômega 3 Super DHA,239.8
2026-02-23,Ômega 3 Super DHA BIG,189.9
2026-02-23,Ômega Core,219.9
2026-02-23,Ômega DHA,229.9
2026-03-02,#Whey Protein Concentrado,219.8
2026-03-02,100% Whey Pure,144.9
2026-03-02,Amora Miúra - 1500mg,40.41
2026-03-02,Aveia - Flocos Grossos,15.9
2026-03-02,BT Nitrato 400,149.9
2026-03-02,Barra Chocolate 70%,18.89
2026-03-02,Barrinha de Chocolate ao Leite,9.9
2026-03-02,Barrinha de Proteína,914.3
2026-03-02,Barrinha de Proteína - Protein Crisp Bar,108.7
2026-03-02,Barrinha de Proteína Best Whey 62g (15g de Proteína),139.9
2026-03-02,Barrinha de Proteína Choco Wheyfer,7.9
2026-03-02,Barrinha de Proteína Collagen Bar,109.9
2026-03-02,Barrinha de Proteína Thin,109.9
2026-03-02,Barrinha de Proteína Whey Grego - Havanna,96.9
2026-03-02,Barrinhas de Proteína Crunch,159.9
2026-03-02,Beef Protein,459.8
2026-03-02,Best Whey,799.6
2026-03-02,Beta Alanina,205.7
2026-03-02,Beta Alanina 100%,143.7
2026-03-02,Bio Cálcio  60 caps PURAVIDA,239.7
2026-03-02,Bio Ferro,128.7
2026-03-02,Bio Zinco,147.6
2026-03-02,Blend de Chá - Digestivo,83.7
2026-03-02,Body Protein Vegano,159.9
2026-03-02,"Boraprim - Borragem, Prímula e Gergelim",80.91
2026-03-02,Cafeína,49.9
2026-03-02,Cappuccino Proteico,54.9
2026-03-02,Chocolate 70% Cacau,29.9
2026-03-02,Chá,7.2
2026-03-02,Coenzima  Q10 - 100mg,179.8
2026-03-02,Coenzima Q10,152.82
2026-03-02,Coenzima Q10  (200mg p/ porção),659.7
2026-03-02,Coenzima Q10 (200mg p/ porção),714.4
2026-03-02,Coenzima Q10 + Ômega 3 + Vitamina E,699.5
2026-03-02,Coenzima Q10 - (100mg p/ porção),84.9
2026-03-02,Coenzima Q10 - 200mg,144.9
2026-03-02,Coenzima Q10+ 200mg,139.9
2026-03-02,Coffee - Brainstorm,249.8
2026-03-02,Collagen Protein,239.9
2026-03-02,Colosfort Lactoferrin Plus,372.3
2026-03-02,Colágeno -  Collagen Gut,399.8
2026-03-02,Colágeno - Colagentek,189.8
2026-03-02,Colágeno - Colagentek II,314.7
2026-03-02,Colágeno - Colagentek Protein - Bodybalance,2338.7
2026-03-02,Colágeno - Collagen Derm,320.0
2026-03-02,Colágeno - Collagen Essential Protein,1199.5
2026-03-02,Colágeno - Collagen Protein Hidrolisado Berries Silvestres 450g PURAVIDA,179.9
2026-03-02,Colágeno - Collagen Tipo II 40mg,179.8
2026-03-02,Colágeno - Multi Collagen,229.9
2026-03-02,Colágeno Collagen Flex Beauty,174.9
2026-03-02,Colágeno Collagen Skin,194.9
2026-03-02,Colágeno Hidrolisado - Collagen Pro 18g,899.4
2026-03-02,Colágeno Tipo II,107.98
2026-03-02,Colágeno Tipo II - Artro Aid,99.9
2026-03-02,Colágeno tipo 2 - Colagentek II,104.9
2026-03-02,Complexo B - Bio Vit.B+,44.9
2026-03-02,Coq10 + Vitamina E,134.9
2026-03-02,Cranberry,49.9
2026-03-02,Cranberry - She She Comfort,62.91
2026-03-02,Creatina,59.9
2026-03-02,Creatina - Creafort (Creapure),1998.8
2026-03-02,Creatina - Gummy,144.9
2026-03-02,Creatina 100%,429.4
2026-03-02,Creatina 100% Pure,219.8
2026-03-02,Creatina Monohidratada,2856.39
2026-03-02,Creatina Monohidratada (Creapure),849.6
2026-03-02,Creatina Monohidratada - Creatine,999.0
2026-03-02,Creatina Monohidratada - Hardcore,89.9
2026-03-02,Creatina Premium - Creapure,229.9
2026-03-02,Cromo Picolinato - 250mg,83.7
2026-03-02,Cúrcuma Plus,559.2
2026-03-02,Eletrólitos,150.1
2026-03-02,Energy Gel,38.7
2026-03-02,Energy Gel c/ Cafeína,48.1
2026-03-02,Enzimas Enzyfor,149.9
2026-03-02,Feno Grego + Boro 500mg,179.82
2026-03-02,Ferro Plus,119.6
2026-03-02,Ferro Quelado 34mg,89.7
2026-03-02,Ferro Quelato + Vitamina C,168.84
2026-03-02,Fresh Whey,1839.2
2026-03-02,FreshWhey - Sachê,50.7
2026-03-02,Glutamina,533.15
2026-03-02,Glutamina - Glutamax,229.7
2026-03-02,Glutamina - Glutamax Refil,259.8
2026-03-02,Glutamina em Pó,99.9
2026-03-02,Gold Whey Concentrado Refil,899.5
2026-03-02,Granola - Zero Açúcar,131.6
2026-03-02,Granola Australia - Low Carb,39.9
2026-03-02,Grassfed Whey Protein - Concentrado,359.8
2026-03-02,Immuno Whey,489.8
2026-03-02,Isofort Plant (Life Vegan),249.8
2026-03-02,L-Carnitina 530mg,69.9
2026-03-02,L-Taurina - 1.000mg,69.9
2026-03-02,Livestrong,299.9
2026-03-02,MCT,134.9
2026-03-02,MCT LIFT,239.8
2026-03-02,Magnésio,314.3
2026-03-02,Magnésio + Inositol Relief 1.0,159.9
2026-03-02,Magnésio - Inositol Relief 3.0,349.8
2026-03-02,Magnésio Inositol,694.6
2026-03-02,Magnésio Quelato - Bio Mag,224.7
2026-03-02,Matchá - Chá Verde em Pó,80.91
2026-03-02,Melatonina,179.7
2026-03-02,Melatonina - Sleepfor,139.98
2026-03-02,Melatonina Duo,139.8
2026-03-02,Melatonina Em Gotas Premium - 210mcg,34.9
2026-03-02,Melatonina Fast,34.9
2026-03-02,Melatonina em Gummy,119.9
2026-03-02,Metilfolato,44.01
2026-03-02,Mg Complex,193.8
2026-03-02,Morning Shot - Imunidade,734.3
2026-03-02,Multivitaminico  - Imunomult- 1000mg,134.9
2026-03-02,Multivitaminico - Imunomult- 1000mg,299.7
2026-03-02,Multivitaminino - Multi All,349.95
2026-03-02,NAC,436.59
2026-03-02,NAC + Glycine + Taurine,269.7
2026-03-02,NAC PRO,69.9
2026-03-02,Omegafor Family - Ômega 3,209.7
2026-03-02,Omegafor Plus,2529.6
2026-03-02,Palatinose,199.7
2026-03-02,Pasta de Amendoim,59.9
2026-03-02,Pasta de Amendoim Integral,18.89
2026-03-02,Probiótico - Simcaps,74.9
2026-03-02,Probiótico - Simfort Plus,519.4
2026-03-02,Probióticos em Pó - Simfort,179.9
2026-03-02,Profem - Óleo de Prímula,58.41
2026-03-02,Protein Brownie,60.9
2026-03-02,Proteina Vegetal,99.99
2026-03-02,Proteína - Isocrisp Plant Pouch,69.9
2026-03-02,Proteína Isolada e Hidrolisada - Body Protein,879.6
2026-03-02,Proteína Vegana - Immuno Veggie,254.9
2026-03-02,Proteína Vegetal - Vegan Tasty,129.9
2026-03-02,Pré-Treino,75.51
2026-03-02,Pré-Treino - Beta Action,219.9
2026-03-02,Pré-Treino - V Fort Ultra,259.8
2026-03-02,Pré-Treino Energy ATP®,629.7
2026-03-02,Própolis Alcoólico,29.9
2026-03-02,Própolis Líquido - Gotas,249.5
2026-03-02,Própolis Verde - Alcoólico,29.9
2026-03-02,Própolis Verde - Propomax,29.9
2026-03-02,Própolis Verde 70,39.9
2026-03-02,Psyllium,503.37
2026-03-02,Refil 100% Whey Protein - Flavour,219.98
2026-03-02,Refil Pure Blend Protein,158.0
2026-03-02,Refil Whey 100% Pure,139.9
2026-03-02,Refil Whey Concentrado - W100,259.8
2026-03-02,Refil Whey Concentrado Havanna - W100,279.8
2026-03-02,Refil Whey Protein Concentrado,1119.67
2026-03-02,Resveratrol 500mg,71.91
2026-03-02,Resveratrol Plus - 165mg,659.4
2026-03-02,Shot Matinal,143.82
2026-03-02,Simfort Femme,99.9
2026-03-02,Simfort Ultra,309.8
2026-03-02,Simfort fibras,259.6
2026-03-02,Sleep,554.7
2026-03-02,Snack Proteico,39.24
2026-03-02,Super Café - Desincoffee,199.8
2026-03-02,Super Ômega 3,919.6
2026-03-02,SuperCoffee,3207.7
2026-03-02,SuperCoffee Língua de gato - Kopenhagen,1049.4
2026-03-02,Suplemento Alimentar  - Hepatofor,199.8
2026-03-02,Suplemento Alimentar - Alpha Inflaminus,144.9
2026-03-02,"Suplemento Alimentar - Cabelo, Unha e Pele - Beauty +",116.91
2026-03-02,Suplemento Alimentar - GUARDIAN®,1469.3
2026-03-02,Suplemento Alimentar - Green Shot,229.23
2026-03-02,Suplemento Alimentar - LEVSENSI,184.03
2026-03-02,Suplemento Alimentar - True Nac,139.8
2026-03-02,Suplemento Vitamínico - ZMA,59.9
2026-03-02,Suplemento de Magnésio - Blue Calm,639.4
2026-03-02,Tablete de Doce,4.9
2026-03-02,Tasty Whey 3W Gourmet,1799.2
2026-03-02,Termogênico - Lipix6,184.8
2026-03-02,Termogênico - Termo Plus,259.8
2026-03-02,Tortinha Proteica,47.6
2026-03-02,Trio Magnésio 720mg,350.46
2026-03-02,True Cúrcuma,149.8
2026-03-02,Vitamina B12,737.0
2026-03-02,Vitamina B9 - Metilfolato,59.9
2026-03-02,Vitamina C - Bio Vit C+,109.8
2026-03-02,Vitamina C Plus,80.82
2026-03-02,Vitamina C3 - 1000mg,109.8
2026-03-02,Vitamina D - Vita D3,615.25
2026-03-02,Vitamina D - Vita D3 + C + Zinco,239.6
2026-03-02,Vitamina D3,244.6
2026-03-02,Vitamina D3 + K2,665.49
2026-03-02,Vitamina D3 + K2 Gotas,69.9
2026-03-02,Vitamina D3 - 2000 Ui,73.8
2026-03-02,Vitamina D3 Synergy,59.9
2026-03-02,Vitamina K2,49.9
2026-03-02,"Vitaminas A, E, D e K2- RESTAURE® - Gotas",619.6
2026-03-02,Whey,999.6
2026-03-02,Whey 3W -  Sachê,21.8
2026-03-02,Whey Fort 3W,2019.0
2026-03-02,Whey Isolado,499.8
2026-03-02,Whey Isolado - Iso Triple Zero,659.7
2026-03-02,Whey Protein - Isofort Beauty,279.8
2026-03-02,Whey Protein Concentrado,8186.1
2026-03-02,Whey Protein Concentrado - Sachê,51.29
2026-03-02,Whey Protein Concentrado Cappuccino 900g DUX,629.7
2026-03-02,Whey Protein Concentrado Party,179.99
2026-03-02,Whey Protein Crisp - Isocrisp,99.8
2026-03-02,Whey Protein ISO 100 Hydrolyzed,739.8
2026-03-02,Whey Protein Isolado,5468.38
2026-03-02,Whey Protein Isolado - Isofort,2189.3
2026-03-02,Whey Protein Isolado - Sachê,185.9
2026-03-02,Whey Protein Isolado - Tasty Iso,289.9
2026-03-02,Whey Protein Smoothie,199.9
2026-03-02,Whey Tech 100%,1818.7
2026-03-02,Whey hidrolisado e isolado,309.9
2026-03-02,Zinco Quelato,115.83
2026-03-02,Óleo de Borragem - Gamalift,129.93
2026-03-02,Óleo de Prímula - 500mg,39.9
2026-03-02,Ômega -  Mega DHA,299.7
2026-03-02,Ômega - DHA 1000,259.96
2026-03-02,Ômega - Mega DHA,539.7
2026-03-02,Ômega 3,419.6
2026-03-02,Ômega 3 - 1360mg,279.8
2026-03-02,Ômega 3 - EPA DHA - 1000mg,538.3
2026-03-02,Ômega 3 - Omegafor Memory,419.6
2026-03-02,Ômega 3 - Ultra Caps 1000mg,159.9
2026-03-02,Ômega 3 EPA DHA,909.3
2026-03-02,Ômega 3 Pulse,129.9
2026-03-02,Ômega 3 Super DHA,119.9
2026-03-02,Ômega 3 Super DHA BIG,379.8
2026-03-02,Ômega Golden,219.9
2026-03-02,Ômega Ultra - 1000mg,94.9
2026-03-02,Ômegafor Vegan 400mg,199.8
2026-03-09,Achocolatado - Choco Family - Refil,99.8
2026-03-09,Achocolatado - Chocoki,89.9
2026-03-09,Aminoácido - Aminovita,449.7
2026-03-09,Aminoácidos - Aminnu EAAs - Sem Xilitol,419.8
2026-03-09,BT Nitrato,174.9
2026-03-09,BT Nitrato 400,149.9
2026-03-09,Barra Chocolate 70%,37.78
2026-03-09,Barrinha Charge Bar,38.7
2026-03-09,Barrinha de Chocolate ao Leite,9.9
2026-03-09,Barrinha de Proteína,468.6
2026-03-09,Barrinha de Proteína - Protein Crisp Bar,15.8
2026-03-09,Barrinha de Proteína Choco Wheyfer,84.9
2026-03-09,Barrinha de Proteína Crunch,13.9
2026-03-09,Barrinha de Proteína Protein Crisp,159.8
2026-03-09,Beef Protein,459.89
2026-03-09,Best Whey,399.8
2026-03-09,Beta Alanina,314.5
2026-03-09,Bio Cálcio  60 caps PURAVIDA,79.9
2026-03-09,Bio Ferro,85.8
2026-03-09,Body Protein Vegano,159.9
2026-03-09,BodyBalance - Muscle Synergy,254.9
2026-03-09,"Boraprim - Borragem, Prímula e Gergelim",284.11
2026-03-09,Cafeína - Caffeinex 200,77.8
2026-03-09,Cappuccino Proteico,54.9
2026-03-09,Cappuccino Whey - Sachê,21.9
2026-03-09,Carboidrato - Carbofor,42.22
2026-03-09,Chá,27.9
2026-03-09,Chá Misto,13.8
2026-03-09,Chá Sublime - Inocência,7.2
2026-03-09,Coenzima Q10 (200mg p/ porção),684.67
2026-03-09,Coenzima Q10 + Ômega 3 + Vitamina E,659.68
2026-03-09,Colágeno - Colagentek,474.5
2026-03-09,Colágeno - Colagentek Protein - Bodybalance,1259.3
2026-03-09,Colágeno - Collagen Essential Protein,959.6
2026-03-09,Colágeno - Collagen Gut,209.9
2026-03-09,Colágeno - Collagen Pro - Body Suport,209.9
2026-03-09,Colágeno - Collagen Renew Hidrolisado,89.9
2026-03-09,Colágeno - Multi Collagen,229.9
2026-03-09,Colágeno Hidrolisado - Collagen Pro 18g,1049.3
2026-03-09,Colágeno Tipo II,53.99
2026-03-09,Complexo B,104.9
2026-03-09,Complexo B 500mg,89.8
2026-03-09,Coq10,229.9
2026-03-09,Coq10 + Vitamina E,134.9
2026-03-09,Creatina,29.99
2026-03-09,Creatina - Creafort (Creapure),1259.3
2026-03-09,Creatina 100% Pure,109.9
2026-03-09,Creatina Monohidratada,1896.22
2026-03-09,Creatina Monohidratada (Creapure),619.7
2026-03-09,Creatina Monohidratada -  Crealift (Creapure),299.9
2026-03-09,Creatina Monohidratada - Creatine,1069.17
2026-03-09,Creatina Monohidratada - Hardcore,89.9
2026-03-09,Creatine Action - Gummy,119.9
2026-03-09,Cromo Picolinato - 250mg,27.9
2026-03-09,Cúrcuma Plus,419.4
2026-03-09,Eletrólitos,402.0
2026-03-09,Energy Gel,25.8
2026-03-09,Energy Gel - Endurance,13.8
2026-03-09,Energy Kick - Sachê,17.8
2026-03-09,Energy Kick com Cafeína - Sachê,53.4
2026-03-09,Extrato de Laranja Moro 400mg,89.91
2026-03-09,Feno Grego,69.9
2026-03-09,Ferro Plus,59.8
2026-03-09,Ferro Quelado 34mg,29.9
2026-03-09,Ferro Quelato + Vitamina C,140.7
2026-03-09,Fiber Biome,172.9
2026-03-09,Fresh Whey,1839.2
2026-03-09,Gel Nitrato,232.16
2026-03-09,Gel Nitrato c/ Cafeína,10.9
2026-03-09,Glutamina,105.81
2026-03-09,Glutamina - Glutamax,359.6
2026-03-09,Glutamina em Pó,114.9
2026-03-09,Gold Whey Concentrado Refil,719.6
2026-03-09,Hipercalórico - Monsterone,124.9
2026-03-09,Hydro Protein,10.9
2026-03-09,Hydrolift,98.9
2026-03-09,Isofort Plant (Life Vegan),379.7
2026-03-09,Juice Protein,21.8
2026-03-09,L-Carnitina 530mg,69.9
2026-03-09,L-Taurina - 1.000mg,209.7
2026-03-09,Laranja Moro - Moroskinny,188.82
2026-03-09,Leite de Coco em Pó - Coco Cream,64.9
2026-03-09,MCT,134.9
2026-03-09,MCT LIFT,119.9
2026-03-09,Magnésio,224.5
2026-03-09,Magnésio + Inositol Relief 1.0,159.9
2026-03-09,Magnésio Inositol,279.8
2026-03-09,Magnésio Quelato - Bio Mag,74.9
2026-03-09,Melatonina,59.9
2026-03-09,Melatonina Duo,139.8
2026-03-09,Melatonina Duo Harmony,129.9
2026-03-09,Melatonina em Gotas,39.9
2026-03-09,Mg Complex,96.9
2026-03-09,Morning Shot - Imunidade,104.9
2026-03-09,Multivitaminico  - Imunomult- 1000mg,269.8
2026-03-09,Multivitaminino - Multi All,239.7
2026-03-09,Multivitamínico - Vitalift,189.9
2026-03-09,N-Acetil Cisteína (NAC),89.9
2026-03-09,NAC,107.8
2026-03-09,NAC + Glycine + Taurine,89.9
2026-03-09,NAC PRO,69.9
2026-03-09,Nitro 400,339.88
2026-03-09,Omegafor Family - Ômega 3,189.8
2026-03-09,Omegafor Plus,2427.8
2026-03-09,Palatinose,209.7
2026-03-09,Pasta de Amendoim,59.9
2026-03-09,Probiótico - Simcaps,74.9
2026-03-09,Probiótico - Simfort Plus,719.4
2026-03-09,Protein Booster Pro,10.9
2026-03-09,Proteina Vegetal,99.99
2026-03-09,Proteina Vegetal - True Vegan,389.8
2026-03-09,Proteína - Isocrisp Plant Pouch,279.6
2026-03-09,Proteína Isolada e Hidrolisada - Body Protein,879.6
2026-03-09,Proteína Vegana - Immuno Veggie,254.9
2026-03-09,Proteína Vegana - Veggie Protein,254.9
2026-03-09,Pré-Treino,139.9
2026-03-09,Pré-Treino - V Fort Ultra,129.9
2026-03-09,Pré-treino - Energy Kick Caffeine,129.9
2026-03-09,Própolis Líquido - Gotas,99.8
2026-03-09,Própolis Verde - Premium 10mg,59.99
2026-03-09,Própolis Verde - Propomax,29.9
2026-03-09,Própolis Verde 70,79.8
2026-03-09,Psyllium,559.2
2026-03-09,Pós-treino - Recharge 4:1,130.09
2026-03-09,Refil 100% Whey Protein - Flavour,329.97
2026-03-09,Refil Whey 100% Pure,139.9
2026-03-09,Refil Whey Concentrado - W100,382.79
2026-03-09,Refil Whey Protein - 3W,174.9
2026-03-09,Refil Whey Protein Concentrado,319.89
2026-03-09,Resveratrol - Resveramax,179.9
2026-03-09,Resveratrol Plus - 165mg,219.8
2026-03-09,Salgadinho,17.7
2026-03-09,Simfort Femme,99.9
2026-03-09,Simfort Ultra,89.9
2026-03-09,Simfort fibras,64.9
2026-03-09,Sleep,189.9
2026-03-09,Sleepfor,55.98
2026-03-09,Spirulina 400mg,89.9
2026-03-09,Super Café - Desincoffee,299.7
2026-03-09,Super Ômega 3,1184.4
2026-03-09,SuperCoffee,2423.4
2026-03-09,SuperCoffee Língua de gato - Kopenhagen,1399.2
2026-03-09,Suplemento Alimentar  - Hepatofor,99.9
2026-03-09,"Suplemento Alimentar - Cabelo, Unha e Pele - Beauty +",116.91
2026-03-09,Suplemento Alimentar - GUARDIAN®,839.6
2026-03-09,Suplemento Alimentar - Slim Body 400mg,69.99
2026-03-09,Suplemento Vitamínico - Alpha Harmony,117.24
2026-03-09,Tablete de Doce,19.6
2026-03-09,Tasty Whey 3W Gourmet,674.7
2026-03-09,Termogênico - Lipix6,114.9
2026-03-09,Trio Magnésio 720mg,642.51
2026-03-09,True Almonds Protein,19.9
2026-03-09,Vegan Ômega 3 DHA,249.8
2026-03-09,Vitamina B12,456.81
2026-03-09,Vitamina B9 - Ácido Fólico,79.9
2026-03-09,Vitamina C - Bio Vit C+,54.9
2026-03-09,Vitamina D - Vita D3,360.57
2026-03-09,Vitamina D - Vita D3 + C + Zinco,359.4
2026-03-09,Vitamina D3,219.7
2026-03-09,Vitamina D3 + K2,409.4
2026-03-09,Vitamina D3 - 2000 Ui,73.8
2026-03-09,Vitamina D3 - Ydrosolv - Spray,76.5
2026-03-09,Vitamina D3 Synergy,59.9
2026-03-09,"Vitaminas A, E, D e K2- RESTAURE® - Gotas",154.9
2026-03-09,W100 Whey Concentrado Havanna - Sachê,12.9
2026-03-09,Whey,1179.6
2026-03-09,Whey - Zero Lactose,439.8
2026-03-09,Whey 3W -  Sachê,42.69
2026-03-09,Whey Fort 3W,2598.8
2026-03-09,Whey Isolado - Iso Triple Zero,399.98
2026-03-09,Whey Isolado - Isofort Ultra Imuno,339.9
2026-03-09,Whey Isolado e Hidrolisado - H.I Whey,749.7
2026-03-09,Whey Protein - 3W - The Whey,119.9
2026-03-09,Whey Protein - Isofort Beauty,279.8
2026-03-09,Whey Protein Concentrado,3778.2
2026-03-09,Whey Protein Concentrado - Sachê,79.08
2026-03-09,Whey Protein Concentrado Cappuccino 900g DUX,209.9
2026-03-09,Whey Protein Concentrado Party,899.95
2026-03-09,Whey Protein Isolado,5518.83
2026-03-09,Whey Protein Isolado - All Natural,319.9
2026-03-09,Whey Protein Isolado - Isofort,929.7
2026-03-09,Whey Protein Isolado - Sachê,84.5
2026-03-09,Whey Protein Isolado - Tasty Iso,289.9
2026-03-09,Whey Tech 100%,1818.7
2026-03-09,Whey hidrolisado e isolado,1549.5
2026-03-09,Zinco Quelado,34.9
2026-03-09,Zinco Quelato,42.9
2026-03-09,Óleo de Prímula - 500mg,39.9
2026-03-09,Ômega -  Mega DHA,99.9
2026-03-09,Ômega - Mega DHA,179.9
2026-03-09,Ômega 3,539.7
2026-03-09,Ômega 3 - 1360mg,699.5
2026-03-09,Ômega 3 - DHA Vegan 430mg,149.9
2026-03-09,Ômega 3 - Omegafor Memory,104.9
2026-03-09,Ômega 3 - Ultra Caps 1000mg,159.9
2026-03-09,Ômega 3 EPA DHA,1342.7
2026-03-09,Ômega 3 Super DHA,559.5
2026-03-09,Ômega Beauty,69.9
2026-03-09,Ômega Core,219.9
2026-03-09,Ômega DHA,459.8
2026-03-16,100% Whey Pure,289.8
2026-03-16,Achocolatado - Chocoki,89.9
2026-03-16,Achocolatado Multivitaminado - Choco Nutrients,59.9
2026-03-16,Aminoácido - Aminovita,124.9
2026-03-16,Aminoácido - BCAA Fort,94.9
2026-03-16,Aminoácido N-acetil L-cisteína (NAC),69.9
2026-03-16,Aminoácidos - Aminnu EAAs,209.9
2026-03-16,Aminoácidos - Aminolift,618.79
2026-03-16,Arginofor -  L-Arginina,119.9
2026-03-16,BT Nitrato 400,174.9
2026-03-16,Barrinha Charge Bar,64.5
2026-03-16,Barrinha de Chocolate 70%,9.9
2026-03-16,Barrinha de Chocolate Branco,9.9
2026-03-16,Barrinha de Proteína,221.84
2026-03-16,Barrinha de Proteína - Protein Crisp Bar,310.3
2026-03-16,Barrinha de Proteína Choco Wheyfer,23.7
2026-03-16,Barrinha de Proteína Collagen Bar,109.9
2026-03-16,Bebida Proteica - Natural Whey 100% Whey - 15g,35.96
2026-03-16,Bebida Proteica - Natural Whey 100% Whey -15g,35.96
2026-03-16,Best Whey,199.9
2026-03-16,Beta Alanina,188.7
2026-03-16,Beta Alanina 100%,95.8
2026-03-16,Beta Glucana,77.9
2026-03-16,Bio Cálcio  60 caps PURAVIDA,79.9
2026-03-16,Bio Ferro,85.8
2026-03-16,Bio Zinco,36.9
2026-03-16,Biscoito Proteico - Sublime,12.9
2026-03-16,Blend de Chá - Detox,57.8
2026-03-16,"Boraprim - Borragem, Prímula e Gergelim",179.8
2026-03-16,Cacao Whey - Sachê,37.0
2026-03-16,Cafeína,52.9
2026-03-16,Cappuccino Whey - Sachê,18.5
2026-03-16,Chocolate 77% Cacau,59.98
2026-03-16,Coenzima Q10,284.8
2026-03-16,Coenzima Q10 (200mg p/ porção),459.96
2026-03-16,Coenzima Q10 + Ômega 3 + Vitamina E,719.94
2026-03-16,Coenzima Q10 200mg,89.9
2026-03-16,Coenzima Q10+ 200mg,419.7
2026-03-16,Colágeno -  Collagen Gut,199.9
2026-03-16,Colágeno - Colagentek,379.6
2026-03-16,Colágeno - Colagentek Protein - Bodybalance,1619.1
2026-03-16,Colágeno - Collagen Bones,199.9
2026-03-16,Colágeno - Collagen Derm,149.92
2026-03-16,Colágeno - Collagen Essential Protein,239.9
2026-03-16,Colágeno - Collagen Protein Hidrolisado,359.8
2026-03-16,Colágeno - Collagen Protein Hidrolisado Berries Silvestres 450g PURAVIDA,539.7
2026-03-16,Colágeno - Collagen Renew Hidrolisado,89.9
2026-03-16,Colágeno - Collagen Tipo II 40mg,269.7
2026-03-16,Colágeno - Collcreatine,189.9
2026-03-16,Colágeno - Collpure®,327.8
2026-03-16,Colágeno - Multi Collagen,459.8
2026-03-16,Colágeno Hidrolisado - Collagen Pro 18g,599.6
2026-03-16,Complexo B 500mg,89.8
2026-03-16,Coq10 + Vitamina E,134.9
2026-03-16,Cranberry - She She Comfort,69.9
2026-03-16,Creatina,569.81
2026-03-16,Creatina - Creafort (Creapure),639.6
2026-03-16,Creatina - Gummy,144.9
2026-03-16,Creatina 100%,249.7
2026-03-16,Creatina 100% Pure,219.8
2026-03-16,Creatina Monohidratada,1706.31
2026-03-16,Creatina Monohidratada (Creapure),654.7
2026-03-16,Creatina Monohidratada - Creatine,809.91
2026-03-16,Creatina Monohidratada - Hardcore,269.7
2026-03-16,Creme de Pistache,49.9
2026-03-16,Cromo Picolinato - 250mg,27.9
2026-03-16,Curcumina,99.9
2026-03-16,Cálcio de Algas 1000mg,64.9
2026-03-16,Cúrcuma Plus,209.7
2026-03-16,Eletrólitos,6.9
2026-03-16,Energy Gel,64.5
2026-03-16,Energy Gel - Endurance,6.9
2026-03-16,Energy Gel c/ Cafeína,25.8
2026-03-16,Energy Pro Ice Tea,69.3
2026-03-16,Enzima - Enzyfor,79.9
2026-03-16,Enzimas Enzyfor,449.7
2026-03-16,Expresso Whey - Sachê,18.5
2026-03-16,Extrato de Laranja Moro 400mg,99.9
2026-03-16,Feno Grego,69.9
2026-03-16,Ferro Plus,149.5
2026-03-16,Ferro Quelado 34mg,59.8
2026-03-16,Ferro Quelato + Vitamina C,46.9
2026-03-16,Fiber Biome,305.98
2026-03-16,Fresh Vegan,509.7
2026-03-16,Fresh Whey,1939.0
2026-03-16,Gel - Endurance,209.7
2026-03-16,Gel Nitrato,107.88
2026-03-16,Gel Nitrato c/ Cafeína,35.96
2026-03-16,Glutamina,188.7
2026-03-16,Glutamina - Glutamax,449.5
2026-03-16,Glutamina - Glutamax Refil,129.9
2026-03-16,Glutamina Isolates,64.9
2026-03-16,Glutamina em Pó,114.9
2026-03-16,Gold Whey Concentrado Refil,179.9
2026-03-16,Granola,32.9
2026-03-16,Isofort Plant (Life Vegan),239.8
2026-03-16,Livestrong,561.98
2026-03-16,Maca Peruana,49.9
2026-03-16,Maca Peruana Preta - Macapure,179.9
2026-03-16,Magnésio Inositol,279.8
2026-03-16,Magnésio Inositol Relax,273.9
2026-03-16,Magnésio Quelato - Bio Mag,247.96
2026-03-16,Melatonina - Sleepfor,69.99
2026-03-16,Melatonina Duo,139.8
2026-03-16,Melatonina Fast,34.9
2026-03-16,Melatonina em Gotas,39.9
2026-03-16,Metilfolato,48.9
2026-03-16,Morning Shot - Imunidade,104.9
2026-03-16,Multivitaminico - Imunomult- 1000mg,99.9
2026-03-16,Multivitaminino - Multi All,79.9
2026-03-16,Multivitamínico Support,355.8
2026-03-16,N-Acetil Cisteína (NAC),89.9
2026-03-16,NAC 650mg,64.9
2026-03-16,NAC PRO,139.8
2026-03-16,Nitro 400,99.99
2026-03-16,Omegafor Family - Ômega 3,119.9
2026-03-16,Omegafor Plus,4221.5
2026-03-16,Palatinose,274.6
2026-03-16,Pasta de Amendoim Granulado,18.89
2026-03-16,Paçoquinha,9.8
2026-03-16,Polivitamínico - Berryki,53.55
2026-03-16,Prebiótico,84.9
2026-03-16,Probiótico - Simcaps,74.9
2026-03-16,Probiótico - Simfort Plus,739.3
2026-03-16,Probióticos em Pó - Simfort,94.9
2026-03-16,Profem - Óleo de Prímula,64.9
2026-03-16,Protein Booster Pro,98.1
2026-03-16,Protein Brownie,60.9
2026-03-16,Proteina Vegetal,159.9
2026-03-16,Proteína - Isocrisp Plant Pouch,139.8
2026-03-16,Proteína Isolada e Hidrolisada - Body Protein,879.6
2026-03-16,Proteína Vegana - Immuno Veggie,479.98
2026-03-16,Proteína Vegana - Vegan Tasty,129.9
2026-03-16,Proteína Vegana - Veggie Protein,227.99
2026-03-16,Pré-treino - Exquenta,106.84
2026-03-16,Pré-treino - Heat Up,159.9
2026-03-16,Própolis Líquido - Gotas,99.8
2026-03-16,Própolis Verde,49.99
2026-03-16,Própolis Verde - Alcoólico,29.9
2026-03-16,Psyllium,79.9
2026-03-16,Refil 100% Whey Protein - Flavour,219.98
2026-03-16,Refil Whey 100% Pure,139.9
2026-03-16,Refil Whey Concentrado - W100,737.94
2026-03-16,Refil Whey Concentrado Havanna - W100,559.6
2026-03-16,Refil Whey Protein - 3W,524.7
2026-03-16,Resveratrol Plus - 165mg,109.9
2026-03-16,Sachê de Óleo De Coco,3.9
2026-03-16,Salgadinho,11.8
2026-03-16,Simfort Femme,99.9
2026-03-16,Simfort Ultra,154.9
2026-03-16,Simfort fibras,259.6
2026-03-16,Sleep,189.9
2026-03-16,Super Ômega 3,999.92
2026-03-16,SuperCoffee,1564.0
2026-03-16,SuperCoffee Língua de gato - Kopenhagen,1049.4
2026-03-16,Suplemento Alimentar  - Hepatofor,99.9
2026-03-16,Suplemento Alimentar - Alpha Inflaminus,144.9
2026-03-16,Suplemento Alimentar - Alpha Mater,774.5
2026-03-16,Suplemento Alimentar - Alpha Men,139.99
2026-03-16,"Suplemento Alimentar - Cabelo, Unha e Pele - Beauty +",129.9
2026-03-16,Suplemento Alimentar - GUARDIAN®,419.8
2026-03-16,Suplemento Alimentar - Slim Shape,139.8
2026-03-16,Suplemento Alimentar - True Nac,69.9
2026-03-16,Suplemento de Magnésio - Blue Calm,439.6
2026-03-16,Tablete de Doce,19.6
2026-03-16,Tasty Whey 3W Gourmet,1574.3
2026-03-16,Termogênico - Lipix6,184.8
2026-03-16,True Cúrcuma com Ômega,124.9
2026-03-16,Vitamina - Good Mood,119.8
2026-03-16,Vitamina B12,269.3
2026-03-16,Vitamina C - Bio Vit C+,54.9
2026-03-16,Vitamina D - Vita D3,268.5
2026-03-16,Vitamina D - Vita D3 + C + Zinco,282.5
2026-03-16,Vitamina D3,44.9
2026-03-16,Vitamina D3 + K2,524.2
2026-03-16,Vitamina D3 Synergy,179.7
2026-03-16,"Vitaminas A, E, D e K2- RESTAURE® - Gotas",309.8
2026-03-16,Whey,2349.45
2026-03-16,Whey Fort 3W,1079.4
2026-03-16,Whey Isolado,379.15
2026-03-16,Whey Isolado e Hidrolisado - H.I Whey,219.99
2026-03-16,Whey Protein - Isofort Beauty,139.9
2026-03-16,Whey Protein Concentrado,4617.8
2026-03-16,Whey Protein Concentrado - Sachê,171.43
2026-03-16,Whey Protein Concentrado Cappuccino 900g DUX,629.7
2026-03-16,Whey Protein Crisp - Isocrisp,149.7
2026-03-16,Whey Protein ISO 100 Hydrolyzed,1249.8
2026-03-16,Whey Protein Isolado,5549.26
2026-03-16,Whey Protein Isolado - Isofort,929.7
2026-03-16,Whey Protein Isolado - Sachê,84.5
2026-03-16,Whey Protein Isolado - Tasty Iso,869.7
2026-03-16,Whey Tech 100%,2378.3
2026-03-16,Whey hidrolisado e isolado,309.9
2026-03-16,Zinco Quelado,34.9
2026-03-16,Óleo de Borragem - Gamalift,144.37
2026-03-16,Óleo de Krill - Ômega 3 EPA DHA,58.9
2026-03-16,Ômega -  Mega DHA,99.9
2026-03-16,Ômega - DHA 1000,129.98
2026-03-16,Ômega - Mega DHA,359.8
2026-03-16,Ômega 3  - 1360mg,379.8
2026-03-16,Ômega 3 - 1360mg,699.5
2026-03-16,Ômega 3 - Omegafor Memory,314.7
2026-03-16,Ômega 3 - Ultra Caps 1000mg,319.8
2026-03-16,Ômega 3 EPA DHA,777.0
2026-03-16,Ômega 3 IFOS - 660 EPA/ 440 DHA,179.9
2026-03-16,Ômega 3 Super DHA,119.9
2026-03-16,Ômega 3 Super DHA BIG,379.8
2026-03-23,#Whey Protein Concentrado,109.9
2026-03-23,100% Whey Pure,144.9
2026-03-23,100% Whey True Protein,419.8
2026-03-23,Achocolatado - Choco Family - Refil,49.9
2026-03-23,Aminoácido - Amino Builder,154.35
2026-03-23,Aminoácido - Aminovita,149.9
2026-03-23,Aminoácido - BCAA Fort,94.9
2026-03-23,Aminoácido N-acetil L-cisteína (NAC),455.3
2026-03-23,Aminoácidos - Aminnu EAAs,419.8
2026-03-23,Antioxidante - Licopeno de Tomate,47.18
2026-03-23,BT Nitrato,299.8
2026-03-23,BT Nitrato 400,499.7
2026-03-23,Barra Double,11.86
2026-03-23,Barrinha - Body Protein,10.9
2026-03-23,Barrinha Charge Bar,12.9
2026-03-23,Barrinha de Chocolate 70%,19.8
2026-03-23,Barrinha de Proteina - Protein Crisp Bar,92.9
2026-03-23,Barrinha de Proteína,637.3
2026-03-23,Barrinha de Proteína - Protein Crisp Bar,92.9
2026-03-23,Barrinha de Proteína Choco Wheyfer,84.9
2026-03-23,Barrinha de Proteína Protein Crisp,159.8
2026-03-23,Barrinha de Proteína Whey Grego - Havanna,96.9
2026-03-23,Bebida Proteica - Natural Whey 100% Whey -15g,17.98
2026-03-23,Beef Protein,662.97
2026-03-23,Best Whey,399.8
2026-03-23,Beta Alanina,188.7
2026-03-23,Beta Alanina 100%,191.6
2026-03-23,Bio Ferro,42.9
2026-03-23,Bio Zinco,73.8
2026-03-23,Biotina Plus,46.9
2026-03-23,Biscoito Proteico - Sublime,12.9
2026-03-23,Blend de Chá - Xô TPM,27.9
2026-03-23,Bom Ciclo,79.9
2026-03-23,"Boraprim - Borragem, Prímula e Gergelim",269.7
2026-03-23,Cappuccino Proteico,109.8
2026-03-23,Cappuccino Whey - Sachê,37.0
2026-03-23,Chocolate 66% Cacau,27.9
2026-03-23,Chá Vitatea,74.9
2026-03-23,Cocada,4.9
2026-03-23,Coenzima  Q10 - 100mg,179.8
2026-03-23,Coenzima Q10,424.5
2026-03-23,Coenzima Q10  (200mg p/ porção),439.8
2026-03-23,Coenzima Q10 (200mg p/ porção),919.92
2026-03-23,Coenzima Q10 + Ômega 3 + Vitamina E,959.92
2026-03-23,Coenzima Q10 - (100mg p/ porção),424.5
2026-03-23,Coenzima Q10+ 200mg,139.9
2026-03-23,Colágeno - Colagentek,189.8
2026-03-23,Colágeno - Colagentek Beauty,124.9
2026-03-23,Colágeno - Colagentek II,569.6
2026-03-23,Colágeno - Colagentek Protein - Bodybalance,1079.4
2026-03-23,Colágeno - Collagen Derm,149.92
2026-03-23,Colágeno - Collagen Essential Protein,479.8
2026-03-23,Colágeno - Collagen Gut,209.9
2026-03-23,Colágeno - Collagen Protein Hidrolisado,179.9
2026-03-23,Colágeno - Collagen Protein Hidrolisado Berries Silvestres 450g PURAVIDA,539.7
2026-03-23,Colágeno - Collagen Renew Hidrolisado,179.8
2026-03-23,Colágeno - Collagen Tipo II 40mg,449.5
2026-03-23,Colágeno - Collpure®,164.9
2026-03-23,Colágeno Collagen Flex Beauty,174.9
2026-03-23,Colágeno Hidrolisado - Collagen Pro 18g,599.6
2026-03-23,Colágeno Tipo II,59.9
2026-03-23,Complexo B,148.89
2026-03-23,Complexo B - Bio Vit.B+,44.9
2026-03-23,Complexo B - Vit B Complex,119.85
2026-03-23,Complexo B Max,44.9
2026-03-23,Coq10,205.99
2026-03-23,Creatina,519.76
2026-03-23,Creatina - Creafort (Creapure),899.5
2026-03-23,Creatina 100%,59.9
2026-03-23,Creatina Monohidratada,2626.63
2026-03-23,Creatina Monohidratada (Creapure),194.9
2026-03-23,Creatina Monohidratada - Creatine,539.94
2026-03-23,Creatina Premium - Creapure,689.7
2026-03-23,Cromo Picolinato - 250mg,27.9
2026-03-23,Cúrcuma - Curcumagic,154.9
2026-03-23,Cúrcuma Plus,559.2
2026-03-23,Eletrólitos,163.9
2026-03-23,Energy Gel,12.9
2026-03-23,Energy Pro Ice Tea,59.4
2026-03-23,Enzima Lactase - Laczyme,84.9
2026-03-23,Feno Grego + Boro 500mg,99.9
2026-03-23,Ferro Plus,179.4
2026-03-23,Ferro Quelato + Vitamina C,140.7
2026-03-23,Fresh Vegan,169.9
2026-03-23,Fresh Whey,2468.9
2026-03-23,Gel - Endurance,69.9
2026-03-23,Gel Nitrato,44.95
2026-03-23,Gel Nitrato c/ Cafeína,17.98
2026-03-23,Gluatamina em Sachê - Glutamax,99.9
2026-03-23,Glutamina,119.8
2026-03-23,Glutamina - Glutamax,89.9
2026-03-23,Glutamina - Glutamax Refil,129.9
2026-03-23,Glutamina Isolates,64.9
2026-03-23,Glutamina em Pó,229.8
2026-03-23,Gold Whey Concentrado Refil,539.7
2026-03-23,Granola - Zero Açúcar,65.8
2026-03-23,Hydro Protein,65.4
2026-03-23,Immuno Whey,879.96
2026-03-23,Isofort Plant (Life Vegan),129.9
2026-03-23,Livestrong,270.99
2026-03-23,MCT - Oil Powder,134.9
2026-03-23,MCT LIFT,119.9
2026-03-23,Magnésio - Bio Trimag,224.7
2026-03-23,Magnésio Inositol,324.8
2026-03-23,Magnésio Inositol Relax,273.9
2026-03-23,Magnésio Plus 900mg,284.7
2026-03-23,Magnésio Quelato - Bio Mag,61.99
2026-03-23,Melatonina,119.8
2026-03-23,Melatonina - Sleepfor,139.98
2026-03-23,Melatonina Duo,69.9
2026-03-23,Melatonina em Gotas,119.7
2026-03-23,Metil B12,49.9
2026-03-23,Mg Complex,173.98
2026-03-23,Morning Shot - Imunidade,629.4
2026-03-23,Multivitaminico - Imunomult- 1000mg,99.9
2026-03-23,Multivitamínico Support,177.9
2026-03-23,NAC,107.8
2026-03-23,NAC + Glycine + Taurine,169.98
2026-03-23,NAC Acetilcisteína -  600mg,159.8
2026-03-23,Nitro 400,399.96
2026-03-23,Omegafor Plus,5311.8
2026-03-23,Omegafor Vision,239.8
2026-03-23,Palatinose,274.6
2026-03-23,Pasta de Amendoim Granulado,59.8
2026-03-23,Prebiótico,169.8
2026-03-23,Probiótico - Simfort Plus,499.5
2026-03-23,Probióticos em Pó - Simfort,179.9
2026-03-23,Profem - Óleo de Prímula,105.63
2026-03-23,Protein Booster Pro,10.9
2026-03-23,Proteina Vegetal,319.8
2026-03-23,Proteína Isolada e Hidrolisada - Body Protein,1099.5
2026-03-23,Proteína Isolada e Hidrolisada - Body Protein Red,219.9
2026-03-23,Proteína Vegana - Vegan Tasty,129.9
2026-03-23,Pré-Treino,139.9
2026-03-23,Pré-Treino - V Fort Ultra,259.8
2026-03-23,Pré-treino - Energy Kick,129.9
2026-03-23,Própolis - Green Própolis,69.9
2026-03-23,Própolis Alcoólico,29.9
2026-03-23,Própolis Líquido - Gotas,49.9
2026-03-23,Própolis Trio,69.9
2026-03-23,Própolis Verde,178.69
2026-03-23,Própolis Verde - Alcoólico,89.7
2026-03-23,Própolis Verde 70,119.7
2026-03-23,Psyllium,519.3
2026-03-23,Recharge 4:1,143.9
2026-03-23,Refil 100% Whey Protein - Flavour,329.97
2026-03-23,Refil Pure Blend Protein,158.0
2026-03-23,Refil Whey 100% Pure,699.5
2026-03-23,Refil Whey Concentrado - W100,245.98
2026-03-23,Refil Whey Concentrado Havanna - W100,139.9
2026-03-23,Refil Whey Protein - 3W,174.9
2026-03-23,Refil Whey Protein Concentrado,959.4
2026-03-23,Repositor Energético - D Ribose,99.9
2026-03-23,Resveratrol - Resveramax,179.9
2026-03-23,Resveratrol 500mg,79.9
2026-03-23,Resveratrol Plus - 165mg,549.5
2026-03-23,Salgadinho,23.6
2026-03-23,Simfort Femme,99.9
2026-03-23,Simfort fibras,129.8
2026-03-23,Sleep,609.6
2026-03-23,Snack Proteico,43.6
2026-03-23,Super Café - Desincoffee,99.9
2026-03-23,Super Ômega 3,549.87
2026-03-23,SuperCoffee,2718.2
2026-03-23,SuperCoffee Língua de gato - Kopenhagen,1574.1
2026-03-23,Suplemento Alimentar - Alpha Inflaminus,144.9
2026-03-23,Suplemento Alimentar - Alpha Mater,309.8
2026-03-23,"Suplemento Alimentar - Cabelo, Unha e Pele - Beauty +",129.9
2026-03-23,Suplemento Alimentar - GUARDIAN®,839.6
2026-03-23,Suplemento Alimentar - Green Shot,84.9
2026-03-23,Suplemento Vitamínico - ZMA,59.9
2026-03-23,Suplemento de Magnésio - Blue Calm,429.6
2026-03-23,Tablete de Doce,58.8
2026-03-23,Tasty Whey 3W Gourmet,1574.3
2026-03-23,Termogênico - Lipix6,299.7
2026-03-23,Termogênico - Termo Plus,389.7
2026-03-23,Trio Magnésio 720mg,259.6
2026-03-23,True Cúrcuma,149.8
2026-03-23,Vitamina B12,109.7
2026-03-23,Vitamina C3 - 1000mg,94.9
2026-03-23,Vitamina D - Vita D3,642.8
2026-03-23,Vitamina D - Vita D3 + C + Zinco,222.6
2026-03-23,Vitamina D3,44.9
2026-03-23,Vitamina D3 + K2,139.8
2026-03-23,Vitamina D3 - 2000 Ui,73.8
2026-03-23,Whey,4089.75
2026-03-23,Whey 3W -  Sachê,9.99
2026-03-23,Whey Fort 3W,1799.0
2026-03-23,Whey Isolado - Iso Triple Zero,619.88
2026-03-23,Whey Protein - 3W - The Whey,229.89
2026-03-23,Whey Protein - Isofort Beauty,289.8
2026-03-23,Whey Protein Concentrado,5877.2
2026-03-23,Whey Protein Concentrado - Sachê,40.87
2026-03-23,Whey Protein Concentrado Cappuccino 900g DUX,419.8
2026-03-23,Whey Protein ISO 100 Hydrolyzed,2029.71
2026-03-23,Whey Protein Isolado,5799.44
2026-03-23,Whey Protein Isolado - Isofort,1239.6
2026-03-23,Whey Protein Isolado - Sachê,50.7
2026-03-23,Whey Tech 100%,419.7
2026-03-23,Whey hidrolisado e isolado,1239.6
2026-03-23,Zinco Quelato,42.9
2026-03-23,Óleo de Prímula - 500mg,79.8
2026-03-23,Ômega -  Mega DHA,99.9
2026-03-23,Ômega 3  - 1360mg,379.8
2026-03-23,Ômega 3 - 1360mg,559.6
2026-03-23,Ômega 3 - EPA DHA - 1000mg,360.5
2026-03-23,Ômega 3 - Omegafor Memory,209.8
2026-03-23,Ômega 3 - Ultra Caps 1000mg,319.8
2026-03-23,Ômega 3 EPA DHA,1152.7
2026-03-23,Ômega 3 Super DHA,239.8
2026-03-23,Ômega Core,219.9
2026-03-23,Ômegafor Vegan 400mg,99.9
2026-03-30,#Whey Protein Concentrado,109.9
2026-03-30,100% Whey Pure,289.8
2026-03-30,Aminoácidos - Aminolift,209.9
2026-03-30,BT Nitrato,324.8
2026-03-30,BT Nitrato 400,174.9
2026-03-30,Barrinha de Chocolate ao Leite,49.5
2026-03-30,Barrinha de Proteína,323.78
2026-03-30,Barrinha de Proteína Best Whey 62g (15g de Proteína),112.5
2026-03-30,Barrinha de Proteína Choco Wheyfer,84.9
2026-03-30,Barrinha de Proteína Crunch,41.7
2026-03-30,Barrinha de Proteína Whey Grego - Havanna,290.7
2026-03-30,Bebida Proteica - Natural Whey 100% Whey - 15g,35.96
2026-03-30,Bebida Proteica - Natural Whey 14g,184.56
2026-03-30,Beef Protein,666.89
2026-03-30,Best Whey,394.8
2026-03-30,Beta Alanina,251.6
2026-03-30,Bio Cálcio  60 caps PURAVIDA,239.7
2026-03-30,Bio Ferro,42.9
2026-03-30,Bio Zinco,73.8
2026-03-30,Blend de Chá - Xô TPM,27.9
2026-03-30,BodyBalance - Muscle Synergy,244.9
2026-03-30,Bom Ciclo,79.9
2026-03-30,Bombom,8.9
2026-03-30,"Boraprim - Borragem, Prímula e Gergelim",144.8
2026-03-30,Cacao Whey - Sachê,79.6
2026-03-30,Cappuccino Whey - Sachê,21.9
2026-03-30,Chocolate 70% Cacau,29.9
2026-03-30,Chocolate 70% Cacau - Marshmallow,88.2
2026-03-30,Chocolate 77% Cacau,29.99
2026-03-30,Chocolate ao Leite,59.8
2026-03-30,Chocolate ao Leite - Marshmallow,49.5
2026-03-30,Coenzima  Q10 - 100mg,89.9
2026-03-30,Coenzima Q10,84.9
2026-03-30,Coenzima Q10  (200mg p/ porção),659.7
2026-03-30,Coenzima Q10 (200mg p/ porção),724.39
2026-03-30,Coenzima Q10 + Ômega 3 + Vitamina E,434.7
2026-03-30,Coenzima Q10 - (100mg p/ porção),339.6
2026-03-30,Coenzima Q10 200mg,89.9
2026-03-30,Coenzima Q10+ 200mg,139.9
2026-03-30,Coffee - Brainstorm,113.99
2026-03-30,Collagen Protein,239.9
2026-03-30,Colágeno -  Collagen Gut,199.9
2026-03-30,Colágeno - Colagentek,379.6
2026-03-30,Colágeno - Colagentek Beauty,124.9
2026-03-30,Colágeno - Colagentek II,359.8
2026-03-30,Colágeno - Colagentek Protein - Bodybalance,719.6
2026-03-30,Colágeno - Collagen Derm,149.9
2026-03-30,Colágeno - Collagen Essential Protein,479.8
2026-03-30,Colágeno - Collagen Flex + Beauty,179.9
2026-03-30,Colágeno - Collagen Renew Hidrolisado,539.4
2026-03-30,Colágeno Collagen Skin,194.9
2026-03-30,Colágeno Hidrolisado - Collagen Pro 18g,299.8
2026-03-30,Colágeno Tipo II,119.8
2026-03-30,Complexo B - Bio Vit.B+,134.7
2026-03-30,Complexo B 500mg,44.9
2026-03-30,Creatina,99.9
2026-03-30,Creatina - Creafort (Creapure),1818.9
2026-03-30,Creatina - Gummy,144.9
2026-03-30,Creatina 100%,249.7
2026-03-30,Creatina Monohidratada,1438.28
2026-03-30,Creatina Monohidratada (Creapure),389.8
2026-03-30,Creatina Monohidratada -  Crealift (Creapure),599.8
2026-03-30,Creatina Monohidratada - Creatine,779.38
2026-03-30,Creatina Monohidratada - Hardcore,89.9
2026-03-30,Creatina Premium - Creapure,229.9
2026-03-30,Creatine Action - Gummy,351.88
2026-03-30,Cúrcuma - Curcumagic,309.8
2026-03-30,Cúrcuma 500mg,94.9
2026-03-30,Cúrcuma Plus,699.0
2026-03-30,Eletrólitos,189.8
2026-03-30,Energy Kick - Sachê,17.8
2026-03-30,Energy Kick com Cafeína - Sachê,17.8
2026-03-30,Expresso Whey - Sachê,19.9
2026-03-30,Feno Grego + Boro 500mg,199.8
2026-03-30,Ferro Plus,59.8
2026-03-30,Ferro Quelado 34mg,29.9
2026-03-30,Ferro Quelato + Vitamina C,140.7
2026-03-30,Fiber Biome,152.99
2026-03-30,Fresh Whey,1329.5
2026-03-30,FreshWhey - Sachê,67.6
2026-03-30,Gel - Endurance,69.9
2026-03-30,Gel Nitrato,53.94
2026-03-30,Gel Nitrato c/ Cafeína,17.98
2026-03-30,Gluatamina em Sachê - Glutamax,99.9
2026-03-30,Glutamina,171.7
2026-03-30,Glutamina - Glutamax,179.8
2026-03-30,Glutamina Pure,119.9
2026-03-30,Glutamina em Pó,99.9
2026-03-30,Gold Whey Concentrado Refil,899.5
2026-03-30,Granola,32.9
2026-03-30,Granola - Sem Glúten,59.8
2026-03-30,Granola Australia - Low Carb,39.9
2026-03-30,Hydrolift,98.9
2026-03-30,Immuno Whey,249.9
2026-03-30,Isofort Plant (Life Vegan),359.7
2026-03-30,Juice Protein,21.8
2026-03-30,Livestrong,570.89
2026-03-30,MCT LIFT,359.7
2026-03-30,Maca Peruana,99.8
2026-03-30,Magnésio - Inositol Relief 3.0,1574.1
2026-03-30,Magnésio Inositol,369.8
2026-03-30,Magnésio Inositol Relax,273.9
2026-03-30,Magnésio Plus 900mg,189.8
2026-03-30,Magnésio Quelato - Bio Mag,74.9
2026-03-30,Matchá - Chá Verde em Pó,89.9
2026-03-30,Melatonina - Sleepfor,79.9
2026-03-30,Melatonina em Gotas,79.8
2026-03-30,Metil B12,49.9
2026-03-30,Metilfolato,48.9
2026-03-30,Mg Complex,183.89
2026-03-30,Morning Shot - Imunidade,314.7
2026-03-30,Multivitaminico  - Imunomult- 1000mg,404.7
2026-03-30,Multivitaminico - Imunomult- 1000mg,299.7
2026-03-30,Multivitamínico Support,177.9
2026-03-30,NAC,107.8
2026-03-30,NAC + Glycine + Taurine,169.98
2026-03-30,NAC Acetilcisteína -  600mg,159.8
2026-03-30,NAC PRO,101.9
2026-03-30,Nitro 400,199.98
2026-03-30,Nootrópico - Brain Up Am/Pm  60 caps TRUE SOURCE,154.9
2026-03-30,Omegafor Family - Ômega 3,119.9
2026-03-30,Omegafor Plus,2560.3
2026-03-30,Omegafor Vitamins,139.9
2026-03-30,Palatinose,139.8
2026-03-30,Pasta de Amendoim Granulado,18.89
2026-03-30,Prebiótico - Fiber Liv,159.8
2026-03-30,Probiótico - Simcaps,224.7
2026-03-30,Probiótico - Simfort Plus,309.7
2026-03-30,Protein Brownie,129.8
2026-03-30,Proteína Isolada e Hidrolisada - Body Protein,1319.4
2026-03-30,Proteína Isolada e Hidrolisada - Body Protein Red,1099.5
2026-03-30,Proteína Vegana - Immuno Veggie,254.9
2026-03-30,Pré-Treino,139.9
2026-03-30,Pré-Treino - Beta Action,219.9
2026-03-30,Pré-Treino - Stim Free,139.9
2026-03-30,Pré-Treino - V Fort Ultra,129.9
2026-03-30,Própolis Líquido - Gotas,49.9
2026-03-30,Própolis Trio,69.9
2026-03-30,Própolis Verde 70,39.9
2026-03-30,Psyllium,159.8
2026-03-30,Refil Whey 100% Pure,139.9
2026-03-30,Refil Whey Concentrado - W100,122.99
2026-03-30,Refil Whey Concentrado Havanna - W100,139.9
2026-03-30,Refil Whey Protein - 3W,174.9
2026-03-30,Refil Whey Protein Concentrado,1619.4
2026-03-30,Resveratrol 500mg,79.9
2026-03-30,Resveratrol Plus - 165mg,439.6
2026-03-30,Shot Matinal,79.9
2026-03-30,Simfort Femme,199.8
2026-03-30,Simfort Ultra,889.3
2026-03-30,Sleep,494.7
2026-03-30,Sleepfor,55.98
2026-03-30,Snack Proteico,10.9
2026-03-30,Super Café - Desincoffee,99.9
2026-03-30,Super Ômega 3,1104.48
2026-03-30,SuperCoffee,2053.6
2026-03-30,SuperCoffee Língua de gato - Kopenhagen,1749.0
2026-03-30,"Suplemento Alimentar - Cabelo, Unha e Pele - Beauty +",129.9
2026-03-30,Suplemento Alimentar - GUARDIAN®,209.9
2026-03-30,Suplemento Alimentar - True Nac,69.9
2026-03-30,Suplemento de Magnésio - Blue Calm,329.7
2026-03-30,Suplemento para Imunidade - Immune Up 100%,119.9
2026-03-30,Tasty Whey 3W Gourmet,674.7
2026-03-30,Termogênico - Termo Plus,389.7
2026-03-30,Trio Magnésio 720mg,194.7
2026-03-30,True Cúrcuma com Ômega,249.8
2026-03-30,V-Coffee Energy Boost,95.9
2026-03-30,Vitamina - Good Mood,119.8
2026-03-30,Vitamina B12,261.3
2026-03-30,Vitamina C + Zinco - Gomas,64.9
2026-03-30,Vitamina C - Bio Vit C+,54.9
2026-03-30,Vitamina C3 - 1000mg,259.6
2026-03-30,Vitamina D - Vita D3,480.1
2026-03-30,Vitamina D - Vita D3 + C + Zinco,342.4
2026-03-30,Vitamina D3,289.4
2026-03-30,Vitamina D3 + K2,399.4
2026-03-30,Vitamina D3 - 2000 Ui,73.8
2026-03-30,Vitamina D3 Synergy,59.9
2026-03-30,Vitamina D3+K2,75.06
2026-03-30,"Vitaminas A, E, D e K2- RESTAURE® - Gotas",309.8
2026-03-30,W100 Whey Concentrado - Sachê,11.9
2026-03-30,W100 Whey Concentrado Havanna - Sachê,12.9
2026-03-30,Whey,2019.57
2026-03-30,Whey - Zero Lactose,269.9
2026-03-30,Whey 3W,164.9
2026-03-30,Whey 3W -  Sachê,101.72
2026-03-30,Whey Fort 3W,899.5
2026-03-30,Whey Isolado - Iso Triple Zero,419.89
2026-03-30,Whey Isolado e Hidrolisado - H.I Whey,469.89
2026-03-30,Whey Protein - Isofort Beauty,139.9
2026-03-30,Whey Protein Concentrado,9767.34
2026-03-30,Whey Protein Concentrado - Sachê,134.89
2026-03-30,Whey Protein Concentrado Cappuccino 900g DUX,629.7
2026-03-30,Whey Protein Crisp - Isocrisp,49.9
2026-03-30,Whey Protein Hidrolisado,369.9
2026-03-30,Whey Protein ISO 100 Hydrolyzed,899.9
2026-03-30,Whey Protein Isolado,10337.61
2026-03-30,Whey Protein Isolado - All Natural,319.9
2026-03-30,Whey Protein Isolado - Isofort,1249.6
2026-03-30,Whey Protein Isolado - Tasty Iso,869.7
2026-03-30,Whey Protein Smoothie,199.9
2026-03-30,Whey Protein Smoothie Energy,399.8
2026-03-30,Whey Tech 100%,279.8
2026-03-30,Whey hidrolisado e isolado,929.7
2026-03-30,Xylitol,72.9
2026-03-30,Óleo de Prímula - 500mg,39.9
2026-03-30,Ômega -  Mega DHA,299.7
2026-03-30,Ômega - Mega DHA,539.7
2026-03-30,Ômega 3,79.9
2026-03-30,Ômega 3 - 1360mg,1678.8
2026-03-30,Ômega 3 - EPA DHA - 1000mg,413.4
2026-03-30,Ômega 3 - Omegafor Memory,314.7
2026-03-30,Ômega 3 - Ultra Caps 1000mg,159.9
2026-03-30,Ômega 3 DHA,139.9
2026-03-30,Ômega 3 EPA DHA,1284.5
2026-03-30,Ômega 3 Super DHA BIG,189.9
2026-03-30,Ômega Beauty,69.9
2026-04-06,#Whey Fort 3W,179.9
2026-04-06,100% Whey Pure,144.9
2026-04-06,100% Whey True Protein,209.9
2026-04-06,Achocolatado - Chocoki,89.9
2026-04-06,Aminoácido - Amino Greens,209.9
2026-04-06,Aminoácido - Aminovita,124.9
2026-04-06,Aminoácidos - Aminnu EAAs,209.9
2026-04-06,BT Gel Nitrato,109.9
2026-04-06,BT Nitrato,149.9
2026-04-06,BT Nitrato 400,174.9
2026-04-06,Barrinha Charge Bar,173.7
2026-04-06,Barrinha de Chocolate Branco,9.9
2026-04-06,Barrinha de Chocolate ao Leite,19.8
2026-04-06,Barrinha de Proteína Best Whey 49g (12g de Proteína),85.5
2026-04-06,Barrinha de Proteína Collagen Bar,109.9
2026-04-06,Barrinha de Proteína Crush Bar,203.8
2026-04-06,Barrinha de Proteína Protein Crisp,239.7
2026-04-06,Barrinha de Proteína Whey Grego - Havanna,96.9
2026-04-06,Bebida Proteica - Natural Whey 14g,53.83
2026-04-06,Bebida Vegetal,64.9
2026-04-06,Bebida Vegetal em Pó - Vegan Delight,99.9
2026-04-06,Best Whey,594.7
2026-04-06,Beta Alanina,62.9
2026-04-06,Beta Alanina 100%,95.8
2026-04-06,Bio Cálcio  60 caps PURAVIDA,79.9
2026-04-06,Bio Ferro,128.7
2026-04-06,Biotina Plus,93.8
2026-04-06,Blend de Chá - Detox,27.9
2026-04-06,Body Protein Vegano,159.9
2026-04-06,BodyBalance - Muscle Synergy,489.8
2026-04-06,Bom Ciclo,79.9
2026-04-06,Booster Energético - Upgrade Energy - TCM,139.9
2026-04-06,"Boraprim - Borragem, Prímula e Gergelim",489.3
2026-04-06,Cacao Whey - Sachê,39.8
2026-04-06,Chocolate 85% Cacau,29.9
2026-04-06,"Chocolate 99,9% Cacau",27.9
2026-04-06,Chocolate ao Leite - Marshmallow,9.9
2026-04-06,Chocolate com Cranberry,29.9
2026-04-06,Chocolate com Nibs,29.9
2026-04-06,Chá,7.2
2026-04-06,Coenzima  Q10 - 100mg,89.9
2026-04-06,Coenzima Q10,84.9
2026-04-06,Coenzima Q10  (200mg p/ porção),659.7
2026-04-06,Coenzima Q10 (200mg p/ porção),297.79
2026-04-06,Coenzima Q10 + Ômega 3 + Vitamina E,579.6
2026-04-06,Coenzima Q10 - (100mg p/ porção),84.9
2026-04-06,Coenzima Q10+ 200mg,129.99
2026-04-06,Collagen Protein,239.9
2026-04-06,Colosfort,224.9
2026-04-06,Colágeno -  Collagen Gut,399.8
2026-04-06,Colágeno - Colagentek II,704.4
2026-04-06,Colágeno - Colagentek Protein - Bodybalance,1259.3
2026-04-06,Colágeno - Collagen Bones,199.9
2026-04-06,Colágeno - Collagen Derm,149.9
2026-04-06,Colágeno - Collagen Essential Protein,479.8
2026-04-06,Colágeno - Collagen Gut,389.8
2026-04-06,Colágeno - Collagen Pro - Body Suport,209.9
2026-04-06,Colágeno - Collagen Protein Hidrolisado Berries Silvestres 450g PURAVIDA,359.8
2026-04-06,Colágeno - Collagen Renew Hidrolisado,359.6
2026-04-06,Colágeno - Collagen Tipo II 40mg,179.8
2026-04-06,Colágeno Hidrolisado - Collagen Pro 18g,1349.1
2026-04-06,Colágeno Tipo II,239.6
2026-04-06,Complexo B - Bio Vit.B+,89.8
2026-04-06,Complexo B 500mg,44.9
2026-04-06,Coq10 + Vitamina E,119.99
2026-04-06,Cranberry - She She Comfort,69.9
2026-04-06,Creatina - Creafort (Creapure),1639.0
2026-04-06,Creatina - Gummy,289.8
2026-04-06,Creatina 100%,344.6
2026-04-06,Creatina Monohidratada,3536.9
2026-04-06,Creatina Monohidratada (Creapure),1009.5
2026-04-06,Creatina Monohidratada - Creatine,599.4
2026-04-06,Creatina Monohidratada - Hardcore,449.5
2026-04-06,Creatine Action - Gummy,359.7
2026-04-06,Creme de Castanha de Caju,49.9
2026-04-06,Cromo Picolinato - 250mg,27.9
2026-04-06,Cúrcuma 500mg,94.9
2026-04-06,Cúrcuma Plus,489.3
2026-04-06,Energy Gel,58.95
2026-04-06,Energy Pro Ice Tea,9.9
2026-04-06,Extrato de Laranja Moro 400mg,99.9
2026-04-06,Feno Grego + Boro 500mg,279.88
2026-04-06,Ferro Plus,29.9
2026-04-06,Ferro Quelado 34mg,29.9
2026-04-06,Ferro Quelato + Vitamina C,46.9
2026-04-06,Fiber Biome,518.7
2026-04-06,Fresh Vegan - Sachê,27.8
2026-04-06,Fresh Whey,1719.2
2026-04-06,FreshWhey - Sachê,135.2
2026-04-06,Gel Nitrato,21.8
2026-04-06,Gel Nitrato c/ Cafeína,21.8
2026-04-06,Gel Nitrato com L-Citrulinilarginina,21.8
2026-04-06,Gel de Carboidrato - Energy Gel Vo2,35.0
2026-04-06,Glutamina,159.8
2026-04-06,Glutamina - Glutamax,269.7
2026-04-06,Glutamina Isolates,129.8
2026-04-06,Gold Whey Concentrado Refil,359.8
2026-04-06,Granola - Zero Açúcar,65.8
2026-04-06,Hipercalórico - Creamass,99.9
2026-04-06,Hydro Protein,87.2
2026-04-06,Immuno Whey,999.6
2026-04-06,Isofort Plant (Life Vegan),119.9
2026-04-06,Juice Protein,65.4
2026-04-06,Laranja Moro - Moroskinny,104.9
2026-04-06,Livestrong,953.7
2026-04-06,Maca Peruana,189.69
2026-04-06,Magnésio - Inositol Relief 3.0,1049.4
2026-04-06,Magnésio Inositol,279.8
2026-04-06,Magnésio Plus 900mg,834.46
2026-04-06,Magnésio Quelato - Bio Mag,215.79
2026-04-06,Melatonina - Sleepfor,69.99
2026-04-06,Melatonina Duo Harmony,129.9
2026-04-06,Melatonina Fast,32.99
2026-04-06,Melatonina em Gotas,39.9
2026-04-06,Metilfolato,48.9
2026-04-06,Mg Complex,96.9
2026-04-06,Morning Shot - Imunidade,314.7
2026-04-06,Multivitamínico Support,675.78
2026-04-06,NAC,161.7
2026-04-06,NAC Acetilcisteína -  600mg,79.9
2026-04-06,Omegafor Plus,2833.4
2026-04-06,Omegafor Vision,109.99
2026-04-06,Palatinose,194.03
2026-04-06,Palatinose 100% - Carbolift,249.9
2026-04-06,Pasta de Amendoim Granulado,29.9
2026-04-06,Pasta de Castanha de Caju,99.0
2026-04-06,Probiótico - Simcaps,74.9
2026-04-06,Probiótico - Simfort Plus,779.1
2026-04-06,Probióticos,66.9
2026-04-06,Probióticos em Pó - Simfort,94.9
2026-04-06,Protein Booster Pro,10.9
2026-04-06,Protein Brownie,194.7
2026-04-06,Proteína - Isocrisp Plant Pouch,69.9
2026-04-06,Proteína Isolada e Hidrolisada - Body Protein,879.6
2026-04-06,Proteína Isolada e Hidrolisada - Body Protein Red,219.9
2026-04-06,Proteína Vegana - Immuno Veggie,254.9
2026-04-06,Proteína Vegana - Vegan Tasty,259.8
2026-04-06,Pré-Treino - Beta Action,439.8
2026-04-06,Pré-treino - Energy Kick Caffeine,129.9
2026-04-06,Própolis Líquido - Gotas,149.7
2026-04-06,Própolis Verde - Alcoólico,29.9
2026-04-06,Própolis Verde - Propomax,29.9
2026-04-06,Própolis Verde 70,39.9
2026-04-06,Psyllium,319.6
2026-04-06,Quercetina,79.9
2026-04-06,Refil 100% Whey - Tasty Iso,499.9
2026-04-06,Refil 100% Whey Protein - Flavour,119.9
2026-04-06,Refil Whey 100% Pure,139.9
2026-04-06,Refil Whey Concentrado - W100,259.8
2026-04-06,Refil Whey Concentrado Havanna - W100,139.9
2026-04-06,Refil Whey Protein - 3W,174.9
2026-04-06,Refil Whey Protein Concentrado,669.7
2026-04-06,Resveratrol Plus - 165mg,329.7
2026-04-06,Sachê de Óleo De Coco,7.8
2026-04-06,Sachê de Óleo De Coco Extravirgem,3.9
2026-04-06,Salgadinho,35.4
2026-04-06,Simfort Femme,199.8
2026-04-06,Simfort Ultra,399.7
2026-04-06,Simfort fibras,129.8
2026-04-06,Sleep,114.9
2026-04-06,Snack Proteico,21.8
2026-04-06,Super Ômega 3,1184.5
2026-04-06,SuperCoffee,3452.7
2026-04-06,SuperCoffee Língua de gato - Kopenhagen,1923.9
2026-04-06,Suplemento - Alimentar - Cálcio Citrato Malato,49.9
2026-04-06,Suplemento Alimentar  - Hepatofor,199.8
2026-04-06,Suplemento Alimentar - GUARDIAN®,1259.4
2026-04-06,Suplemento de Magnésio - Blue Calm,419.78
2026-04-06,Tasty Whey 3W Gourmet,1574.3
2026-04-06,Termogênico - Lipix6,114.9
2026-04-06,Termogênico - Termo Plus,129.9
2026-04-06,Trio Magnésio 720mg,129.8
2026-04-06,True Cúrcuma,74.9
2026-04-06,Vinagre de Maçã Orgânico,34.9
2026-04-06,Vinagre de maçã em Gummy,94.9
2026-04-06,Vitamina - Good Mood,54.99
2026-04-06,Vitamina B12,389.36
2026-04-06,Vitamina B9 - Ácido Fólico,159.8
2026-04-06,Vitamina C3 - 1000mg,54.9
2026-04-06,Vitamina D - Vita D3,427.2
2026-04-06,Vitamina D - Vita D3 + C + Zinco,179.7
2026-04-06,Vitamina D3,64.9
2026-04-06,Vitamina D3 + K2,139.8
2026-04-06,Vitamina D3 + K2 Gotas,69.9
2026-04-06,Vitamina D3 - 2000 Ui,36.9
2026-04-06,Vitamina D3 - Ydrosolv,84.9
2026-04-06,Vitamina D3 Synergy,119.8
2026-04-06,Vitamina D3+K2,150.12
2026-04-06,Whey,679.8
2026-04-06,Whey - Zero Lactose,219.9
2026-04-06,Whey 3W,164.9
2026-04-06,Whey 3W -  Sachê,10.9
2026-04-06,Whey Concentrado - W100,139.9
2026-04-06,Whey Fort 3W,359.8
2026-04-06,Whey Isolado - Iso Triple Zero,439.8
2026-04-06,Whey Isolado - Isofort Ultra Imuno,339.9
2026-04-06,Whey Isolado e Hidrolisado - H.I Whey,499.8
2026-04-06,Whey Protein - Isofort Beauty,1129.2
2026-04-06,Whey Protein Concentrado,11544.5
2026-04-06,Whey Protein Concentrado Cappuccino 900g DUX,629.7
2026-04-06,Whey Protein Crisp - Isocrisp,99.8
2026-04-06,Whey Protein ISO 100 Hydrolyzed,369.9
2026-04-06,Whey Protein Isolado,3279.0
2026-04-06,Whey Protein Isolado - All Natural,319.9
2026-04-06,Whey Protein Isolado - Isofort,2479.2
2026-04-06,Whey Protein Isolado - Sachê,169.0
2026-04-06,Whey Protein Isolado - Tasty Iso,289.9
2026-04-06,Whey Protein Smoothie,599.7
2026-04-06,Whey Tech 100%,419.7
2026-04-06,Whey hidrolisado e isolado,1239.6
2026-04-06,Zinco - Ydrosolv,89.9
2026-04-06,Zinco Quelato,39.99
2026-04-06,Ômega - Mega DHA,179.9
2026-04-06,Ômega 3,159.8
2026-04-06,Ômega 3  - 1360mg,189.9
2026-04-06,Ômega 3 - 1360mg,419.7
2026-04-06,Ômega 3 - EPA DHA - 1000mg,667.0
2026-04-06,Ômega 3 - Omegafor Memory,209.8
2026-04-06,Ômega 3 DHA,125.99
2026-04-06,Ômega 3 EPA DHA,1616.47
2026-04-06,Ômega 3 IFOS - 660 EPA/ 440 DHA,245.19
2026-04-06,Ômega 3 Super DHA,349.7
2026-04-06,Ômega 3 Super DHA BIG,189.9
2026-04-13,#Whey Fort 3W,179.9
2026-04-13,100% Whey Pure,144.9
2026-04-13,Adoçante Zero,44.9
2026-04-13,Aminoácido - Aminovita,149.9
2026-04-13,Aminoácido - BCAA 3500,49.6
2026-04-13,Aminoácido - BCAA Fort,94.9
2026-04-13,Aminoácido - Tryptophan,109.8
2026-04-13,Aminoácidos - Aminnu EAAs,209.9
2026-04-13,Aminoácidos - Aminnu EAAs - Sem Xilitol,209.9
2026-04-13,Aminoácidos - Aminolift,209.9
2026-04-13,BT Nitrato,149.9
2026-04-13,Barrinha Charge Bar,25.8
2026-04-13,Barrinha de Proteina - Protein Crisp Bar,92.9
2026-04-13,Barrinha de Proteína,251.1
2026-04-13,Barrinha de Proteína - Best Whey Bar,21.12
2026-04-13,Barrinha de Proteína - Protein Crisp Bar,225.3
2026-04-13,Barrinha de Proteína Crush Bar,8.9
2026-04-13,Bebida Proteica - Natural Whey 100% Whey - 15g,10.49
2026-04-13,Bebida Proteica - Natural Whey 14g,30.76
2026-04-13,Beef Protein,1005.7
2026-04-13,Best Whey,199.9
2026-04-13,Beta Alanina,268.6
2026-04-13,Bio Ferro,42.9
2026-04-13,Bio Zinco,73.8
2026-04-13,Biotina Plus,46.9
2026-04-13,Blend de Chá - Calmante,27.9
2026-04-13,Bombom,8.9
2026-04-13,"Boraprim - Borragem, Prímula e Gergelim",139.89
2026-04-13,Boro Decahidratado,23.76
2026-04-13,Brain Focus,84.9
2026-04-13,Cacao Whey - Sachê,59.7
2026-04-13,Chocolate 70% Cacau - Marshmallow,17.64
2026-04-13,Chá Sublime - Inverno,6.9
2026-04-13,Cocada,14.7
2026-04-13,Coenzima  Q10 - 100mg,89.9
2026-04-13,Coenzima Q10,284.8
2026-04-13,Coenzima Q10  (200mg p/ porção),879.6
2026-04-13,Coenzima Q10 (200mg p/ porção),915.38
2026-04-13,Coenzima Q10 + Ômega 3 + Vitamina E,724.5
2026-04-13,Coenzima Q10 - (100mg p/ porção),169.8
2026-04-13,Coenzima Q10+ 200mg,519.96
2026-04-13,Collagen Protein,239.9
2026-04-13,Colágeno - Colagentek,474.5
2026-04-13,Colágeno - Colagentek Beauty,249.8
2026-04-13,Colágeno - Colagentek II,104.9
2026-04-13,Colágeno - Colagentek Protein - Bodybalance,719.6
2026-04-13,Colágeno - Collagen Bones,399.8
2026-04-13,Colágeno - Collagen Gut,584.7
2026-04-13,Colágeno - Collagen Protein Hidrolisado,179.9
2026-04-13,Colágeno - Collagen Protein Hidrolisado Berries Silvestres 450g PURAVIDA,179.9
2026-04-13,Colágeno - Collagen Tipo II 40mg,89.9
2026-04-13,Colágeno - Collcreatine,189.9
2026-04-13,Colágeno Collagen Skin,584.7
2026-04-13,Colágeno Hidrolisado - Collagen Pro 18g,1199.2
2026-04-13,Colágeno Tipo II,119.8
2026-04-13,Complexo B,449.95
2026-04-13,Complexo B 500mg,79.98
2026-04-13,Creatina,399.72
2026-04-13,Creatina - Creafort (Creapure),1709.09
2026-04-13,Creatina - Gummy,144.9
2026-04-13,Creatina 100%,344.6
2026-04-13,Creatina Monohidratada,2394.43
2026-04-13,Creatina Monohidratada (Creapure),974.5
2026-04-13,Creatina Monohidratada - Creatine,899.1
2026-04-13,Creatine Action - Gummy,239.8
2026-04-13,Curcumina,257.97
2026-04-13,Cúrcuma Plus,349.5
2026-04-13,Dado de creatina,129.9
2026-04-13,Eletrólitos,434.8
2026-04-13,Energy Gel,141.48
2026-04-13,Energy Gel - Endurance,6.9
2026-04-13,Energy Pro Ice Tea,9.9
2026-04-13,Enzimas Enzyfor,149.9
2026-04-13,Feno Grego + Boro 500mg,89.99
2026-04-13,Ferro Plus,209.3
2026-04-13,Ferro Quelato + Vitamina C,93.8
2026-04-13,Fibras - Fiberfor,99.9
2026-04-13,Fresh Vegan,509.7
2026-04-13,Fresh Vegan - Sachê,83.4
2026-04-13,Fresh Whey,2348.9
2026-04-13,FreshWhey - Sachê,185.9
2026-04-13,Gel Intra-treino Sport Line,21.98
2026-04-13,Gel Nitrato,65.4
2026-04-13,Glutamina,229.8
2026-04-13,Glutamina - Glutamax,359.6
2026-04-13,Glutamina Isolates,64.9
2026-04-13,Gold Whey Concentrado Refil,719.6
2026-04-13,Granola,164.5
2026-04-13,Grassfed Whey Protein - Concentrado,179.9
2026-04-13,Hydro Protein,43.6
2026-04-13,Immuno Whey,249.9
2026-04-13,Isofort Plant (Life Vegan),259.8
2026-04-13,Juice Protein,10.9
2026-04-13,L-Carnitina 530mg,199.8
2026-04-13,Levedura - Nutri Yeas Flakes,92.17
2026-04-13,Livestrong,617.8
2026-04-13,Maca Peruana,79.98
2026-04-13,Magnésio - Inositol Relief 3.0,1574.1
2026-04-13,Magnésio Inositol,509.7
2026-04-13,Magnésio Plus 900mg,449.95
2026-04-13,Magnésio Quelato - Bio Mag,329.95
2026-04-13,Matchá - Chá Verde em Pó,89.9
2026-04-13,Melatonina,55.99
2026-04-13,Melatonina - Sleepfor,139.98
2026-04-13,Melatonina - Ydrosolv,84.9
2026-04-13,Melatonina Duo,125.98
2026-04-13,Melatonina Duo Harmony,129.9
2026-04-13,Melatonina Fast,32.99
2026-04-13,Melatonina em Gotas,39.9
2026-04-13,Mg Complex,96.9
2026-04-13,Morning Shot - Imunidade,314.7
2026-04-13,Multivitaminico  - Imunomult- 1000mg,134.9
2026-04-13,Multivitaminico - Imunomult- 1000mg,179.98
2026-04-13,Multivitaminino - Multi All,69.99
2026-04-13,Multivitamínico Support,1119.93
2026-04-13,NAC,215.6
2026-04-13,NAC Acetilcisteína -  600mg,159.8
2026-04-13,NAC PRO,101.9
2026-04-13,Omegafor Plus,5161.0
2026-04-13,Omegafor Vision,109.99
2026-04-13,Palatinose,324.5
2026-04-13,Pasta de Amendoim,59.9
2026-04-13,Pasta de Amendoim Granulado,29.9
2026-04-13,Polivitamínico - Berryki,107.1
2026-04-13,Prebiótico,169.8
2026-04-13,Probiótico - Simcaps,199.7
2026-04-13,Probiótico - Simfort Plus,519.4
2026-04-13,Probióticos em Pó - Simfort,274.8
2026-04-13,Profem - Óleo de Prímula,64.9
2026-04-13,Propolis + Quercetin + Vitamin C,109.9
2026-04-13,Protein Booster Pro,32.7
2026-04-13,Protein Brownie,129.8
2026-04-13,Proteina Vegetal - True Vegan,194.9
2026-04-13,Proteína - Isocrisp Plant Pouch,209.7
2026-04-13,Proteína Isolada e Hidrolisada - Body Protein,439.8
2026-04-13,Proteína Isolada e Hidrolisada - Body Protein Red,219.9
2026-04-13,Proteína Vegana - Immuno Veggie,254.9
2026-04-13,Proteína Vegana - Veggie Protein,209.9
2026-04-13,Pré-Treino - V Fort,129.9
2026-04-13,Pré-Treino - V Fort Ultra,259.8
2026-04-13,Pré-treino - Energy Kick,129.9
2026-04-13,Pré-treino - Égide,129.9
2026-04-13,Própolis - Green Própolis,139.8
2026-04-13,Própolis Verde - Alcoólico,29.9
2026-04-13,Psyllium,199.7
2026-04-13,Pós-treino - Recharge 4:1,130.09
2026-04-13,Refil 100% Whey Protein - Flavour,239.8
2026-04-13,Refil Whey 100% Pure,178.3
2026-04-13,Refil Whey Concentrado - W100,259.8
2026-04-13,Refil Whey Concentrado Havanna - W100,139.9
2026-04-13,Refil Whey Protein - 3W,484.7
2026-04-13,Refil Whey Protein Isolado,619.65
2026-04-13,Resveratrol,68.9
2026-04-13,Resveratrol Plus - 165mg,659.4
2026-04-13,Salgadinho,5.9
2026-04-13,Shot Matinal,279.96
2026-04-13,Simfort Femme,199.8
2026-04-13,Simfort Ultra,154.9
2026-04-13,Simfort fibras,129.8
2026-04-13,Sleep,304.8
2026-04-13,Snack Proteico,10.9
2026-04-13,Super Café - Desincoffee,209.8
2026-04-13,Super Ômega 3,1219.5
2026-04-13,SuperCoffee,1809.0
2026-04-13,SuperCoffee Língua de gato - Kopenhagen,1374.3
2026-04-13,Suplemento Alimentar - Alpha A até Z,59.9
2026-04-13,Suplemento Alimentar - Alpha Inflaminus,434.7
2026-04-13,Suplemento Alimentar - GUARDIAN®,839.6
2026-04-13,Suplemento Alimentar - Green Shot,84.9
2026-04-13,Suplemento Alimentar - L-teanina - Happy Theanine,129.99
2026-04-13,Suplemento Alimentar - LEVSENSI,184.03
2026-04-13,Suplemento Alimentar - Slim Body 400mg,75.99
2026-04-13,Suplemento de Magnésio - Blue Calm,99.9
2026-04-13,Tablete de Doce,4.9
2026-04-13,Tasty Whey 3W Gourmet,1349.4
2026-04-13,Termogênico - Lipix6,114.9
2026-04-13,Termogênico - Termo Plus,129.9
2026-04-13,Trio Magnésio 720mg,519.2
2026-04-13,True Cúrcuma,224.7
2026-04-13,Ultra Q10,110.9
2026-04-13,Vanilla Whey - Sachê,19.9
2026-04-13,Veggie Protein - Sachê,19.9
2026-04-13,Vitamina - Good Mood,54.99
2026-04-13,Vitamina B12,473.53
2026-04-13,Vitamina C + Zinco - Gomas,64.9
2026-04-13,Vitamina C - 500mg,39.48
2026-04-13,Vitamina C - Bio Vit C+,109.8
2026-04-13,Vitamina C - Ydrosolv,94.9
2026-04-13,Vitamina C3 - 1000mg,109.8
2026-04-13,Vitamina D - Vita D3,105.8
2026-04-13,Vitamina D - Vita D3 + C + Zinco,145.7
2026-04-13,Vitamina D3,284.7
2026-04-13,Vitamina D3 + K2,209.7
2026-04-13,Vitamina D3 - 2000 Ui,32.99
2026-04-13,Vitamina D3 Mini caps,41.9
2026-04-13,Vitamina D3 Synergy,119.8
2026-04-13,"Vitaminas A, E, D e K2- RESTAURE® - Gotas",139.99
2026-04-13,W100 Whey Concentrado - Sachê,11.9
2026-04-13,Whey,1429.5
2026-04-13,Whey 3W,329.8
2026-04-13,Whey Fort 3W,2259.0
2026-04-13,Whey Isolado,229.9
2026-04-13,Whey Isolado - Iso Triple Zero,439.8
2026-04-13,Whey Protein - 3W - The Whey,119.9
2026-04-13,Whey Protein - Isofort Beauty,419.7
2026-04-13,Whey Protein Concentrado,7976.2
2026-04-13,Whey Protein Concentrado - Sachê,134.66
2026-04-13,Whey Protein Concentrado Cappuccino 900g DUX,419.8
2026-04-13,Whey Protein Crisp - Isocrisp,199.6
2026-04-13,Whey Protein Hidrolisado,369.9
2026-04-13,Whey Protein Isolado,7357.8
2026-04-13,Whey Protein Isolado - Isofort,929.7
2026-04-13,Whey Protein Isolado - Sachê,338.0
2026-04-13,Whey Protein Isolado - Tasty Iso,579.8
2026-04-13,Whey Tech 100%,139.9
2026-04-13,Whey hidrolisado e isolado,619.8
2026-04-13,Zinco Quelado,34.9
2026-04-13,Óleo de Borragem - Gamalift,144.37
2026-04-13,Óleo de Coco  - Spray,34.9
2026-04-13,Óleo de Prímula - 500mg,35.99
2026-04-13,Ômega - Mega DHA,359.8
2026-04-13,Ômega 3,79.9
2026-04-13,Ômega 3 - 1360mg,419.7
2026-04-13,Ômega 3 - EPA DHA - 1000mg,727.0
2026-04-13,Ômega 3 - Ultra Caps 1000mg,599.96
2026-04-13,Ômega 3 EPA DHA,2172.58
2026-04-13,Ômega 3 IFOS - 660 EPA/ 440 DHA,359.8
2026-04-13,Ômega Beauty,69.9
2026-04-13,Ômega Golden,219.9
2026-04-20,Achocolatado - Choco Family - Refil,49.9
2026-04-20,Aminoácido - Aminovita,274.8
2026-04-20,Aminoácidos - Aminnu EAAs - Sem Xilitol,209.9
2026-04-20,Aminoácidos - Aminolift,419.8
2026-04-20,Arginofor -  L-Arginina,119.9
2026-04-20,Artimax,84.53
2026-04-20,Aveia - Flocos Grossos,15.9
2026-04-20,BT Gel Nitrato,109.9
2026-04-20,BT Gel Nitrato com Cafeína,219.8
2026-04-20,BT Nitrato 400,324.8
2026-04-20,Barrinha - Body Protein,10.9
2026-04-20,Barrinha de Proteína,12.9
2026-04-20,Barrinha de Proteína - Protein Crisp Bar,185.8
2026-04-20,Barrinha de Proteína Crunch,39.02
2026-04-20,Barrinha de Proteína Crush Bar,26.7
2026-04-20,Barrinha de Proteína Protein Crisp,79.9
2026-04-20,Barrinha de Proteína Proto Bar - Havanna,114.9
2026-04-20,Barrinha de Proteína Whey Grego - Havanna,96.9
2026-04-20,Bebida Proteica - Mulkshake,29.7
2026-04-20,Bebida Proteica - Natural Whey 14g,15.38
2026-04-20,Beef Protein,779.7
2026-04-20,Beta Alanina,125.8
2026-04-20,Beta Alanina 100%,143.7
2026-04-20,Bio Ferro,128.7
2026-04-20,Bio Zinco,73.8
2026-04-20,Biotina Plus,46.9
2026-04-20,Blend de Chá - Afrodisíaco,27.9
2026-04-20,Blend de Chá - Calmante,27.9
2026-04-20,Blend de Chá - Detox,55.8
2026-04-20,"Boraprim - Borragem, Prímula e Gergelim",89.9
2026-04-20,Brain Focus,84.9
2026-04-20,Cacao Whey - Sachê,19.9
2026-04-20,Cacau Premium,74.9
2026-04-20,Chá Misto,6.9
2026-04-20,Chá Misto Mate,7.2
2026-04-20,Chá Sublime - Energia,7.2
2026-04-20,Chá Sublime - Inverno,6.9
2026-04-20,Coenzima  Q10 - 100mg,179.8
2026-04-20,Coenzima Q10,439.7
2026-04-20,Coenzima Q10  (200mg p/ porção),659.7
2026-04-20,Coenzima Q10 (200mg p/ porção),498.77
2026-04-20,Coenzima Q10 + Ômega 3 + Vitamina E,289.8
2026-04-20,Coenzima Q10 - (100mg p/ porção),169.8
2026-04-20,Coenzima Q10 - 200mg,434.7
2026-04-20,Coenzima Q10 100 Mg,124.9
2026-04-20,Collagen Protein BodyBalance,166.9
2026-04-20,Colágeno - Colagentek,94.9
2026-04-20,Colágeno - Colagentek II,464.7
2026-04-20,Colágeno - Colagentek Protein - Bodybalance,1079.4
2026-04-20,Colágeno - Collagen Essential Protein,479.8
2026-04-20,Colágeno - Collagen Flex + Beauty,179.9
2026-04-20,Colágeno - Collagen Gut,194.9
2026-04-20,Colágeno - Collagen Protein Hidrolisado,179.9
2026-04-20,Colágeno - Collagen Protein Hidrolisado Berries Silvestres 450g PURAVIDA,179.9
2026-04-20,Colágeno - Collagen Renew Hidrolisado,89.9
2026-04-20,Colágeno - Collagen Tipo II 40mg,179.8
2026-04-20,Colágeno - Collcreatine,189.9
2026-04-20,Colágeno - Multi Collagen,229.9
2026-04-20,Colágeno Hidrolisado - Collagen Pro 18g,749.5
2026-04-20,Combo com 4 unidades de Eletrólitos - Hydra Energy,49.9
2026-04-20,Complexo B,132.89
2026-04-20,Coq10 + Vitamina E,119.99
2026-04-20,Cranberry - She She Comfort,69.9
2026-04-20,Creatina,529.66
2026-04-20,Creatina - Creafort (Creapure),1619.1
2026-04-20,Creatina 100%,214.7
2026-04-20,Creatina Monohidratada,1956.77
2026-04-20,Creatina Monohidratada (Creapure),689.7
2026-04-20,Creatina Monohidratada - Creatine,699.3
2026-04-20,Creatina Monohidratada - Hardcore,89.9
2026-04-20,Creatine Action - Gummy,119.9
2026-04-20,Cromo Picolinato - 250mg,27.9
2026-04-20,Curcumina,85.99
2026-04-20,Cálcio de Algas 1000mg,59.99
2026-04-20,Cúrcuma - Curcumagic,309.8
2026-04-20,Cúrcuma Plus,139.8
2026-04-20,Eletrólitos,517.6
2026-04-20,Energy Gel,49.38
2026-04-20,Energy Gel - Endurance,20.7
2026-04-20,Energy Gel c/ Cafeína,12.9
2026-04-20,Energy Pro Ice Tea,19.8
2026-04-20,Enzimas Enzyfor,299.8
2026-04-20,Ferro Plus,59.8
2026-04-20,Fiber Biome,172.9
2026-04-20,Fresh Vegan,339.8
2026-04-20,Fresh Whey,1889.1
2026-04-20,Gel - Endurance,139.8
2026-04-20,Gel Intra-treino Sport Line,41.78
2026-04-20,Gel Neutro Fresh com Cafeína,25.46
2026-04-20,Gel Nitrato,21.8
2026-04-20,Glutamina,271.6
2026-04-20,Glutamina - Glutamax,139.8
2026-04-20,Glutamina - Glutamax Refil,129.9
2026-04-20,Gold Whey Concentrado Refil,539.7
2026-04-20,Granola Australia - Low Carb,44.9
2026-04-20,Gummy de Vinagre de Maçã - Apple Cider Vinegar,89.9
2026-04-20,Hipercalórico - Creamass,99.9
2026-04-20,Hydro Protein,32.7
2026-04-20,Hydrolift,98.9
2026-04-20,Isofort Plant (Life Vegan),119.9
2026-04-20,L-Carnitina 530mg,299.7
2026-04-20,L-Taurina - 1.000mg,69.9
2026-04-20,Laranja Moro,194.7
2026-04-20,Livestrong,935.7
2026-04-20,Maca Peruana,79.98
2026-04-20,Magnésio - Inositol Relief 3.0,1224.3
2026-04-20,Magnésio Inositol,464.7
2026-04-20,Magnésio Inositol Relax,239.99
2026-04-20,Magnésio Plus 900mg,449.95
2026-04-20,Magnésio Quelato - Bio Mag,131.98
2026-04-20,Melatonina,115.89
2026-04-20,Melatonina - Sleepfor,139.98
2026-04-20,Melatonina Duo,62.99
2026-04-20,Melatonina Fast,65.98
2026-04-20,Morning Shot - Imunidade,104.9
2026-04-20,Multivitaminico - Imunomult- 1000mg,539.94
2026-04-20,Multivitaminino - Multi All,69.99
2026-04-20,Multivitamínico Support,319.98
2026-04-20,N-Acetil Cisteína (NAC),89.9
2026-04-20,NAC,53.9
2026-04-20,Nitro 400,699.5
2026-04-20,Nootrópico - Brain Up Am/Pm  60 caps TRUE SOURCE,154.9
2026-04-20,Omegafor Plus,2580.5
2026-04-20,Omegafor Vision,219.98
2026-04-20,Omegafor Vitamins,139.9
2026-04-20,Palatinose,64.9
2026-04-20,Palatinose 100% - Carbolift,99.9
2026-04-20,Prebiótico,84.9
2026-04-20,Prebiótico - Fiber Liv,79.9
2026-04-20,Probiótico - Simcaps,49.9
2026-04-20,Probiótico - Simfort Plus,1108.7
2026-04-20,Probióticos em Pó - Simfort,369.7
2026-04-20,Protein Booster Pro,32.7
2026-04-20,Proteina Vegetal,319.8
2026-04-20,Proteina Vegetal - True Vegan,584.7
2026-04-20,Proteína Isolada e Hidrolisada - Body Protein,879.6
2026-04-20,Proteína Isolada e Hidrolisada - Body Protein Red,219.9
2026-04-20,Pré-Treino,83.9
2026-04-20,Pré-Treino - Beta Action,219.9
2026-04-20,Pré-Treino - V Fort Ultra,259.8
2026-04-20,Própolis Verde,131.8
2026-04-20,Própolis Verde - Propomax,59.8
2026-04-20,Psyllium,199.7
2026-04-20,Pós-treino - Recharge 4:1,130.09
2026-04-20,Refil 100% Whey Protein - Flavour,119.9
2026-04-20,Refil Creatina,159.9
2026-04-20,Refil Whey 100% Pure,139.9
2026-04-20,Refil Whey Concentrado - W100,909.3
2026-04-20,Refil Whey Concentrado Havanna - W100,559.6
2026-04-20,Refil Whey Protein - 3W,294.8
2026-04-20,Refil Whey Protein Concentrado,539.7
2026-04-20,Resveratrol - Resveramax,179.9
2026-04-20,Resveratrol Plus - 165mg,329.7
2026-04-20,Salgadinho,29.5
2026-04-20,Shot Matinal,69.99
2026-04-20,Sleep,609.6
2026-04-20,Sleepfor,52.99
2026-04-20,Snack Proteico,32.7
2026-04-20,Super Ômega 3,1234.4
2026-04-20,SuperCoffee,2208.7
2026-04-20,SuperCoffee Língua de gato - Kopenhagen,599.7
2026-04-20,Suplemento - Hyaluronic Hair,74.9
2026-04-20,Suplemento Alimentar - Alpha Mater,154.9
2026-04-20,Suplemento Alimentar - Alpha Men,139.99
2026-04-20,Suplemento Alimentar - GUARDIAN®,419.8
2026-04-20,Suplemento Alimentar - L-teanina - Happy Theanine,129.99
2026-04-20,Suplemento Alimentar - Slim Body 400mg,75.99
2026-04-20,Suplemento Alimentar - True Nac,69.9
2026-04-20,Suplemento alimentar de Ômega 3 - DHA OX,179.9
2026-04-20,Suplemento de Magnésio - Blue Calm,209.89
2026-04-20,Suplemento para Imunidade - Immune Up 100%,119.9
2026-04-20,Tasty Whey 3W Gourmet,1124.5
2026-04-20,Trio Magnésio 720mg,259.6
2026-04-20,Ultracoffee - Vegano,109.9
2026-04-20,Vitamina - Good Mood,54.99
2026-04-20,Vitamina B12,484.35
2026-04-20,Vitamina C,129.8
2026-04-20,Vitamina D - Vita D3,266.5
2026-04-20,Vitamina D - Vita D3 + C + Zinco,419.3
2026-04-20,Vitamina D3 + K2,279.6
2026-04-20,Vitamina D3 - 2000 Ui,65.98
2026-04-20,Vitamina D3 - Ydrosolv,84.9
2026-04-20,Vitamina D3 Synergy,59.9
2026-04-20,"Vitaminas A, E, D e K2- RESTAURE® - Gotas",139.99
2026-04-20,W100 Whey Concentrado - Sachê,23.8
2026-04-20,W100 Whey Concentrado Havanna - Sachê,38.7
2026-04-20,Whey,749.7
2026-04-20,Whey - Zero Lactose,219.9
2026-04-20,Whey 3W,329.8
2026-04-20,Whey 3W -  Sachê,65.4
2026-04-20,Whey Concentrado - W100,139.9
2026-04-20,Whey Fort 3W,179.9
2026-04-20,Whey Isolado,609.05
2026-04-20,Whey Isolado - Iso Triple Zero,219.9
2026-04-20,Whey Protein - Isofort Beauty,289.8
2026-04-20,Whey Protein Concentrado,7038.64
2026-04-20,Whey Protein Concentrado - Sachê,242.59
2026-04-20,Whey Protein Concentrado Party,419.8
2026-04-20,Whey Protein Crisp - Isocrisp,49.9
2026-04-20,Whey Protein ISO 100 Hydrolyzed,739.8
2026-04-20,Whey Protein Isolado,4298.7
2026-04-20,Whey Protein Isolado - Isofort,929.7
2026-04-20,Whey Protein Isolado - Sachê,67.6
2026-04-20,Whey Protein Isolado - Tasty Iso,1449.5
2026-04-20,Whey hidrolisado e isolado,619.8
2026-04-20,Whey hidrolisado e isolado Creme Broule 837g TRUE SOURCE,309.9
2026-04-20,Zinco Quelato,119.97
2026-04-20,Óleo de Prímula - 500mg,71.98
2026-04-20,Ômega - Mega DHA,179.9
2026-04-20,Ômega 3,179.9
2026-04-20,Ômega 3  - 1360mg,189.9
2026-04-20,Ômega 3 - 1360mg,419.7
2026-04-20,Ômega 3 - EPA DHA - 1000mg,898.8
2026-04-20,Ômega 3 - Omegafor Memory,524.5
2026-04-20,Ômega 3 - Ultra Caps 1000mg,449.97
2026-04-20,Ômega 3 DHA,251.98
2026-04-20,Ômega 3 EPA DHA,1271.05
2026-04-20,Ômega 3 Super DHA,239.8
2026-04-20,Ômega 3 Super DHA BIG,569.7
2026-04-27,100% Whey Pure,289.8
2026-04-27,Adoçante Stévia,22.0
2026-04-27,Aminoácido - Aminovita,124.9
2026-04-27,Aminoácidos - Aminnu EAAs,419.8
2026-04-27,Amora Miúra - 1500mg,44.9
2026-04-27,Aveia - Flocos Grossos,15.9
2026-04-27,BT 400,219.9
2026-04-27,BT Gel Nitrato,119.9
2026-04-27,BT Nitrato 400,174.9
2026-04-27,Barrinha de Chocolate 70%,19.8
2026-04-27,Barrinha de Chocolate ao Leite,9.9
2026-04-27,Barrinha de Proteína,642.3
2026-04-27,Barrinha de Proteína - Protein Crisp Bar,23.7
2026-04-27,Barrinha de Proteína Best Whey 62g (15g de Proteína),139.9
2026-04-27,Barrinha de Proteína Choco Wheyfer,23.7
2026-04-27,Barrinha de Proteína Crunch,27.8
2026-04-27,Barrinha de Proteína Crush Bar,17.8
2026-04-27,Barrinha de Proteína Protein Crisp,159.8
2026-04-27,Barrinha de Proteína Proto Bar - Havanna,114.9
2026-04-27,Barrinha de Proteína Whey Grego - Havanna,96.9
2026-04-27,Beef Protein,1837.5
2026-04-27,Best Whey,199.9
2026-04-27,Beta Alanina,251.6
2026-04-27,Bio Ferro,171.6
2026-04-27,Biscoito Proteico - Sublime,25.8
2026-04-27,Blend de Chá - Detox,29.9
2026-04-27,Blend de Chá - Energia,29.9
2026-04-27,Blend de Chá - Xô TPM,27.9
2026-04-27,"Boraprim - Borragem, Prímula e Gergelim",269.7
2026-04-27,Cappuccino Proteico,54.9
2026-04-27,Chocolate - Chocolift Be Powerful,23.9
2026-04-27,Chocolate ao Leite - Marshmallow,9.9
2026-04-27,Chá Vitatea,224.7
2026-04-27,Coenzima  Q10 - 100mg,179.8
2026-04-27,Coenzima Q10,84.9
2026-04-27,Coenzima Q10  (200mg p/ porção),219.9
2026-04-27,Coenzima Q10 (200mg p/ porção),749.4
2026-04-27,Coenzima Q10 + Ômega 3 + Vitamina E,144.9
2026-04-27,Coenzima Q10 - (100mg p/ porção),254.7
2026-04-27,Coenzima Q10 - 100mg,109.9
2026-04-27,Coenzima Q10 - 200mg,144.9
2026-04-27,Coenzima Q10 200mg,179.8
2026-04-27,Coenzima Q10+ 200mg,129.99
2026-04-27,Collagen Advanced,229.9
2026-04-27,Collagen II Mini Caps,203.8
2026-04-27,Colágeno - Colagentek,379.6
2026-04-27,Colágeno - Colagentek II,314.7
2026-04-27,Colágeno - Colagentek Protein - Bodybalance,1799.0
2026-04-27,Colágeno - Collagen Essential Protein,239.9
2026-04-27,Colágeno - Collagen Protein Hidrolisado,359.8
2026-04-27,Colágeno - Collagen Protein Hidrolisado Berries Silvestres 450g PURAVIDA,179.9
2026-04-27,Colágeno - Collagen Renew Hidrolisado,449.5
2026-04-27,Colágeno - Collagen Tipo II 40mg,89.9
2026-04-27,Colágeno Collagen Skin,779.6
2026-04-27,Colágeno Hidrolisado - Collagen Pro 18g,1349.1
2026-04-27,Colágeno Tipo II - Artro Aid,99.9
2026-04-27,Complexo B,309.79
2026-04-27,Complexo B 500mg,39.99
2026-04-27,Complexo B Max,89.8
2026-04-27,Coq10 + Vitamina E,479.96
2026-04-27,Cranberry - She She Comfort,69.9
2026-04-27,Creatina,349.8
2026-04-27,Creatina - Creafort (Creapure),1259.3
2026-04-27,Creatina - Gummy,434.7
2026-04-27,Creatina 100%,239.6
2026-04-27,Creatina Monohidratada,2438.3
2026-04-27,Creatina Monohidratada (Creapure),619.7
2026-04-27,Creatina Monohidratada - Creatine,499.5
2026-04-27,Creatina Monohidratada - Hardcore,179.8
2026-04-27,Creatina Monohidratada Mastigável - Creafast,239.9
2026-04-27,Creatina Premium - Creapure,229.9
2026-04-27,Creatine Action - Gummy,119.9
2026-04-27,Cúrcuma - Curcumagic,154.9
2026-04-27,Cúrcuma 500mg,94.9
2026-04-27,Cúrcuma Plus,349.5
2026-04-27,Eletrólitos,360.6
2026-04-27,Energy Gel - Endurance,6.9
2026-04-27,Energy Kick - Sachê,8.9
2026-04-27,Energy Kick com Cafeína - Sachê,8.9
2026-04-27,Energy Pro Ice Tea,19.8
2026-04-27,Enzimas Enzyfor,149.9
2026-04-27,Expresso Whey - Sachê,19.9
2026-04-27,Farinha de Aveia,15.9
2026-04-27,Fe - Complex,69.9
2026-04-27,Feno Grego + Boro 500mg,189.89
2026-04-27,Fibras - Fiberlift,139.9
2026-04-27,Fresh Whey,2278.8
2026-04-27,FreshWhey - Sachê,101.4
2026-04-27,Gel Nitrato,294.3
2026-04-27,Glutamina,169.9
2026-04-27,Glutamina - Glutamax,89.9
2026-04-27,Glutamina - Glutamax Refil,129.9
2026-04-27,Glutamina Isolates,64.9
2026-04-27,Glutamina em Pó,459.6
2026-04-27,Granola - Sem Glúten,29.9
2026-04-27,Hipercalórico - Hiper Mass Gainer,121.69
2026-04-27,Hydro Protein,109.0
2026-04-27,Hydrolite,83.9
2026-04-27,Intratreino - Intra Workout,139.35
2026-04-27,Isofort Plant (Life Vegan),119.9
2026-04-27,Juice Protein,10.9
2026-04-27,L-Carnitina 530mg,99.9
2026-04-27,Laranja Moro - Moroskinny,104.9
2026-04-27,Livestrong,617.8
2026-04-27,MCT,134.9
2026-04-27,Magnésio - Inositol Relief 3.0,1923.9
2026-04-27,Magnésio Elemental,143.8
2026-04-27,Magnésio Inositol,559.6
2026-04-27,Magnésio Plus 900mg,184.89
2026-04-27,Magnésio Quelato - Bio Mag,74.9
2026-04-27,Matchá,92.9
2026-04-27,Melatonina,59.9
2026-04-27,Melatonina - Sleepfor,159.8
2026-04-27,Melatonina - Ydrosolv,84.9
2026-04-27,Melatonina Fast,32.99
2026-04-27,Melatonina em Gummy,119.9
2026-04-27,Morning Shot - Imunidade,839.2
2026-04-27,Multivitaminico  - Imunomult- 1000mg,134.9
2026-04-27,Multivitaminico - Imunomult- 1000mg,89.99
2026-04-27,Multivitamínico Support,479.97
2026-04-27,NAC Acetilcisteína -  600mg,79.9
2026-04-27,NAC PRO,209.7
2026-04-27,Omegafor Plus,4696.3
2026-04-27,Palatinose,204.7
2026-04-27,Palatinose 100% - Carbolift,249.9
2026-04-27,Poteína Vegetal,225.8
2026-04-27,Prebiótico - Fiber Liv,79.9
2026-04-27,Probiótico - Simcaps,74.9
2026-04-27,Probiótico - Simfort Plus,1118.9
2026-04-27,Probióticos em Pó - Simfort,39.9
2026-04-27,Protein Booster Pro,109.0
2026-04-27,Protein Brownie,64.9
2026-04-27,Proteina Vegetal,159.9
2026-04-27,Proteína Isolada e Hidrolisada - Body Protein,659.7
2026-04-27,Proteína Isolada e Hidrolisada - Body Protein Red,439.8
2026-04-27,Proteína Vegana - Veggie Protein,209.9
2026-04-27,Pré-Treino - Beta Action,219.9
2026-04-27,Pré-Treino - V Fort,129.9
2026-04-27,Pré-Treino - V Fort Ultra,519.6
2026-04-27,Pré-Treino Energy ATP®,209.9
2026-04-27,Pré-treino - Energy Kick,389.7
2026-04-27,Próbiotico - Purabiotics,89.9
2026-04-27,Própolis - Green Própolis,139.8
2026-04-27,Própolis Líquido - Gotas,49.9
2026-04-27,Própolis Verde - Propomax,29.9
2026-04-27,Psyllium,239.7
2026-04-27,Puro Açaí,166.9
2026-04-27,Pós-treino - Recharge 4:1,260.18
2026-04-27,Refil 100% Whey Protein - Flavour,119.9
2026-04-27,Refil Whey 100% Pure,839.4
2026-04-27,Refil Whey Concentrado - W100,389.7
2026-04-27,Refil Whey Concentrado Havanna - W100,139.9
2026-04-27,Refil Whey Protein - 3W,294.8
2026-04-27,Refil Whey Protein Concentrado,299.8
2026-04-27,Repositor Energético - D Ribose,99.9
2026-04-27,Resveratrol 500mg,79.9
2026-04-27,Resveratrol Plus - 165mg,439.6
2026-04-27,Sachê Proteína Vegetal,35.8
2026-04-27,Sachê True Whey Protein,139.3
2026-04-27,Shot Matinal,69.99
2026-04-27,Simfort Femme,99.9
2026-04-27,Sleep,609.6
2026-04-27,Sleepfor,55.98
2026-04-27,Snack Proteico,32.7
2026-04-27,Super Ômega 3,1584.2
2026-04-27,SuperCoffee,3218.2
2026-04-27,Suplemento - Hyaluronic Hair,74.9
2026-04-27,Suplemento Alimentar  - Hepatofor,84.99
2026-04-27,Suplemento Alimentar - Alpha Inflaminus,144.9
2026-04-27,Suplemento Alimentar - Alpha Women,149.9
2026-04-27,Suplemento Alimentar - GUARDIAN®,839.6
2026-04-27,Suplemento Alimentar - Immune +,329.8
2026-04-27,Suplemento Alimentar - LEVSENSI,184.03
2026-04-27,Suplemento Alimentar - True Nac,69.9
2026-04-27,Suplemento de Magnésio - Blue Calm,209.89
2026-04-27,Tablete de Doce,4.9
2026-04-27,Tasty Whey 3W Gourmet,1349.4
2026-04-27,Termogênico - Lipix6,114.9
2026-04-27,Termogênico - Termo Plus,129.9
2026-04-27,Trio Magnésio 720mg,129.8
2026-04-27,Vitamina - Good Mood,119.8
2026-04-27,Vitamina B12,187.59
2026-04-27,Vitamina B9 - Ácido Fólico,79.9
2026-04-27,Vitamina D - Vita D3,691.7
2026-04-27,Vitamina D - Vita D3 + C + Zinco,299.5
2026-04-27,Vitamina D3,264.6
2026-04-27,Vitamina D3 + K2,139.8
2026-04-27,Vitamina D3 - 2000 Ui,32.99
2026-04-27,Vitamina D3 - Ydrosolv - Spray,76.5
2026-04-27,Vitamina D3 Synergy,59.9
2026-04-27,"Vitaminas A, E, D e K2- RESTAURE® - Gotas",294.89
2026-04-27,W100 Whey Concentrado Havanna - Sachê,25.8
2026-04-27,Whey,1429.5
2026-04-27,Whey - Zero Lactose,697.7
2026-04-27,Whey 3W -  Sachê,76.3
2026-04-27,Whey Concentrado - W100,279.8
2026-04-27,Whey Fort 3W,1839.1
2026-04-27,Whey Isolado - Iso Triple Zero,659.7
2026-04-27,Whey Isolado e Hidrolisado - H.I Whey,249.9
2026-04-27,Whey Protein - 3W - The Whey,239.8
2026-04-27,Whey Protein - Isofort Beauty,429.7
2026-04-27,Whey Protein Concentrado,8186.1
2026-04-27,Whey Protein Concentrado - Sachê,156.77
2026-04-27,Whey Protein Concentrado Cappuccino 900g DUX,419.8
2026-04-27,Whey Protein Crisp - Isocrisp,49.9
2026-04-27,Whey Protein ISO 100 Hydrolyzed,1629.7
2026-04-27,Whey Protein Isolado,4808.5
2026-04-27,Whey Protein Isolado - Isofort,929.7
2026-04-27,Whey Protein Isolado - Sachê,135.2
2026-04-27,Whey Protein Isolado - Tasty Iso,289.9
2026-04-27,Whey Protein Smoothie,399.8
2026-04-27,Whey Tech 100%,279.8
2026-04-27,Whey hidrolisado e isolado,1239.6
2026-04-27,Óleo de Borragem - Gamalift,144.37
2026-04-27,Ômega -  Mega DHA,99.9
2026-04-27,Ômega - Mega DHA,179.9
2026-04-27,Ômega 3,79.9
2026-04-27,Ômega 3 - 1360mg,559.6
2026-04-27,Ômega 3 - EPA DHA - 1000mg,549.2
2026-04-27,Ômega 3 - Omegafor Memory,104.9
2026-04-27,Ômega 3 DHA,125.99
2026-04-27,Ômega 3 EPA DHA,2965.96
2026-04-27,Ômega Core,1099.5
2026-04-27,Ômegafor Vegan 400mg,99.9
2026-05-04,100% Whey Pure,144.9
2026-05-04,Achocolatado - Chocoki,179.8
2026-05-04,Aminoácido - Aminovita,124.9
2026-05-04,Aminoácido N-acetil L-cisteína (NAC),479.4
2026-05-04,Aminoácidos - Aminnu EAAs,209.9
2026-05-04,Aminoácidos - Aminnu EAAs - Sem Xilitol,209.9
2026-05-04,Aminoácidos - Aminolift,209.9
2026-05-04,BCAA Lift - 8:1:1,269.5
2026-05-04,BT Gel Nitrato com Cafeína,109.9
2026-05-04,BT Nitrato,149.9
2026-05-04,Barrinha Charge Bar,12.9
2026-05-04,Barrinha de Proteína,448.7
2026-05-04,Barrinha de Proteína - Best Whey Bar,9.9
2026-05-04,Barrinha de Proteína - Protein Crisp Bar,15.8
2026-05-04,Barrinha de Proteína - YoPRO,229.8
2026-05-04,Barrinha de Proteína Best Whey 62g (15g de Proteína),139.9
2026-05-04,Barrinha de Proteína Choco Wheyfer,6.9
2026-05-04,Barrinha de Proteína Crush Bar,26.7
2026-05-04,Barrinha de Proteína Protein Crisp,79.9
2026-05-04,Beef Protein,559.8
2026-05-04,Best Whey,199.9
2026-05-04,Beta Alanina,125.8
2026-05-04,Beta Alanina 100%,95.8
2026-05-04,Bio Ferro,171.6
2026-05-04,Bio Zinco,36.9
2026-05-04,Biotina Plus,46.9
2026-05-04,Biscoito Proteico - Sublime,12.9
2026-05-04,Blend de Chá - Detox,29.9
2026-05-04,Body Protein Vegano,159.9
2026-05-04,BodyBalance - Muscle Synergy,254.9
2026-05-04,Bom Ciclo,79.9
2026-05-04,"Boraprim - Borragem, Prímula e Gergelim",359.6
2026-05-04,Cacao Whey - Sachê,39.8
2026-05-04,Cafeína,52.9
2026-05-04,Cappuccino Whey - Sachê,65.7
2026-05-04,Chocolate 70% Cacau,29.9
2026-05-04,Chá - Hibiscus Plus,64.9
2026-05-04,Coenzima  Q10 - 100mg,179.8
2026-05-04,Coenzima Q10,169.8
2026-05-04,Coenzima Q10  (200mg p/ porção),439.8
2026-05-04,Coenzima Q10 (200mg p/ porção),1214.0
2026-05-04,Coenzima Q10 + Ômega 3 + Vitamina E,144.9
2026-05-04,Coenzima Q10 - (100mg p/ porção),84.9
2026-05-04,Coenzima Q10 - 200mg,144.9
2026-05-04,Coenzima Q10 200mg,89.9
2026-05-04,Coenzima Q10+ 200mg,139.9
2026-05-04,Collagen Protein BodyBalance,166.9
2026-05-04,Colágeno - Colagentek,284.7
2026-05-04,Colágeno - Colagentek II,599.5
2026-05-04,Colágeno - Colagentek Protein - Bodybalance,719.6
2026-05-04,Colágeno - Collagen Derm,149.9
2026-05-04,Colágeno - Collagen Essential Protein,239.9
2026-05-04,Colágeno - Collagen Gut,194.9
2026-05-04,Colágeno - Collagen Protein Hidrolisado,179.9
2026-05-04,Colágeno - Collagen Renew Hidrolisado,359.6
2026-05-04,Colágeno - Collcreatine,189.9
2026-05-04,Colágeno Collagen Skin,584.7
2026-05-04,Colágeno Hidrolisado,44.9
2026-05-04,Colágeno Hidrolisado - Collagen Pro 18g,599.6
2026-05-04,Complexo B,85.8
2026-05-04,Cranberry - She She Comfort,69.9
2026-05-04,Creatina,44.9
2026-05-04,Creatina - Creafort (Creapure),1799.0
2026-05-04,Creatina 100%,644.1
2026-05-04,Creatina Monohidratada,2261.9
2026-05-04,Creatina Monohidratada (Creapure),229.9
2026-05-04,Creatina Monohidratada - Creatine,299.7
2026-05-04,Creatina Premium - Creapure,229.9
2026-05-04,Creatine Action - Gummy,119.9
2026-05-04,Cúrcuma 500mg,94.9
2026-05-04,Cúrcuma Plus,349.5
2026-05-04,Eletrólitos,94.9
2026-05-04,Eletrólitos - Hydration,5.9
2026-05-04,Energy Gel,141.48
2026-05-04,Energy Gel c/ Cafeína,47.56
2026-05-04,Energy Kick com Cafeína - Sachê,17.8
2026-05-04,Energy Pro Ice Tea,49.5
2026-05-04,Enzima - Enzyfor,79.9
2026-05-04,Enzimas Enzyfor,299.8
2026-05-04,Expresso Whey - Sachê,19.9
2026-05-04,Farinha de Aveia,15.9
2026-05-04,Fe - Complex,69.9
2026-05-04,Feno Grego,69.9
2026-05-04,Feno Grego + Boro 500mg,99.9
2026-05-04,Ferro Plus,29.9
2026-05-04,Ferro Quelato + Vitamina C,140.7
2026-05-04,Fibras - Fiberfor,199.8
2026-05-04,Fresh Whey,2978.6
2026-05-04,FreshWhey - Sachê,50.7
2026-05-04,Gel Intra-treino Sport Line,70.39
2026-05-04,Glutamina,51.9
2026-05-04,Glutamina - Glutamax,269.7
2026-05-04,Glutamina - Glutamax Refil,129.9
2026-05-04,Glutamina em Pó,199.8
2026-05-04,Gold Whey Concentrado Refil,539.7
2026-05-04,Granola - Zero Açúcar,65.8
2026-05-04,Granola Australia - Low Carb,44.9
2026-05-04,Gummy de Vinagre de Maçã - Apple Cider Vinegar,89.9
2026-05-04,Hipercalórico - Creamass,99.9
2026-05-04,Isofort Plant (Life Vegan),119.9
2026-05-04,L-Carnitina 530mg,99.9
2026-05-04,L-Taurina - 1.000mg,41.9
2026-05-04,Maca Peruana,99.8
2026-05-04,Magnésio - Inositol Relief 3.0,897.89
2026-05-04,Magnésio Inositol,649.6
2026-05-04,Magnésio Plus - 350mg,224.7
2026-05-04,Magnésio Plus 900mg,94.9
2026-05-04,Matchá - Chá Verde em Pó,179.8
2026-05-04,Melatonina,59.9
2026-05-04,Melatonina - Sleepfor,159.8
2026-05-04,Melatonina Duo,64.9
2026-05-04,Melatonina Duo Harmony,129.9
2026-05-04,Melatonina em Gotas,39.9
2026-05-04,Metil B12,49.9
2026-05-04,Metilfolato,48.9
2026-05-04,Morning Shot - Imunidade,419.6
2026-05-04,Multivitaminico  - Imunomult- 1000mg,134.9
2026-05-04,Multivitaminino - Multi All,79.9
2026-05-04,Multivitamínico - Vitalift,194.9
2026-05-04,Multivitamínico Support,533.7
2026-05-04,N-Acetil Cisteína (NAC),89.9
2026-05-04,NAC,107.8
2026-05-04,NAC + Glycine + Taurine,189.8
2026-05-04,NAC PRO,241.7
2026-05-04,Nitro 400,559.6
2026-05-04,Nootrópico - Brain Up Am/Pm  60 caps TRUE SOURCE,154.9
2026-05-04,Omegafor Plus,3652.8
2026-05-04,Palatinose,69.9
2026-05-04,Paçoquinha,4.9
2026-05-04,Polivitamínico - Berryki,53.55
2026-05-04,Poteína Vegetal,112.9
2026-05-04,Probiótico - Simfort Plus,709.2
2026-05-04,Probióticos,66.9
2026-05-04,Probióticos em Pó - Simfort,179.9
2026-05-04,Proteina Vegetal,159.9
2026-05-04,Proteína - Isocrisp Plant Pouch,139.8
2026-05-04,Proteína Isolada e Hidrolisada - Body Protein,659.7
2026-05-04,Proteína Isolada e Hidrolisada - Body Protein Red,659.7
2026-05-04,Proteína Vegana - Immuno Veggie,254.9
2026-05-04,Pré-Treino,139.9
2026-05-04,Pré-Treino - Beta Action,219.9
2026-05-04,Pré-Treino Energy ATP®,209.9
2026-05-04,Pré-treino - Heat Up,159.9
2026-05-04,Própolis Verde,108.8
2026-05-04,Própolis Verde - Alcoólico,89.7
2026-05-04,Própolis Verde - Propomax,89.7
2026-05-04,Própolis Verde 70,39.9
2026-05-04,Psyllium,399.5
2026-05-04,Refil 100% Whey Protein - Flavour,239.8
2026-05-04,Refil Whey 100% Pure,279.8
2026-05-04,Refil Whey Concentrado - W100,779.4
2026-05-04,Refil Whey Concentrado Havanna - W100,279.8
2026-05-04,Refil Whey Protein - 3W,309.8
2026-05-04,Refil Whey Protein Concentrado,879.6
2026-05-04,Resveratrol 500mg,79.9
2026-05-04,Resveratrol Plus - 165mg,109.9
2026-05-04,Sachê True Whey Protein,59.7
2026-05-04,Shot Matinal,79.9
2026-05-04,Simfort Femme,199.8
2026-05-04,Simfort Ultra,154.9
2026-05-04,Simfort fibras,64.9
2026-05-04,Sleep,189.9
2026-05-04,Snack Proteico,65.4
2026-05-04,Super Ômega 3,1199.4
2026-05-04,SuperCoffee,1908.9
2026-05-04,SuperCoffee Língua de gato - Kopenhagen,799.6
2026-05-04,Suplemento -  Super Active Boost,72.18
2026-05-04,Suplemento - Super Sono,239.8
2026-05-04,Suplemento Alimentar  - Hepatofor,199.8
2026-05-04,Suplemento Alimentar - Alpha Inflaminus,144.9
2026-05-04,Suplemento Alimentar - Alpha Mater,154.9
2026-05-04,"Suplemento Alimentar - Cabelo, Unha e Pele - Beauty +",129.9
2026-05-04,Suplemento Alimentar - Immune +,164.9
2026-05-04,Tablete de Doce,24.5
2026-05-04,Tasty Whey 3W Gourmet,899.6
2026-05-04,Termogênico - Lipix6,229.8
2026-05-04,Termogênico - Termo Plus,259.8
2026-05-04,Trio Magnésio 720mg,259.6
2026-05-04,Triptofano - Triptoflex 215mg,49.9
2026-05-04,Triptofano Noite,179.8
2026-05-04,Ultra Q10,110.9
2026-05-04,Vanilla Whey - Sachê,19.9
2026-05-04,Vit C - 4 Protect,149.9
2026-05-04,Vitamina - Good Mood,59.9
2026-05-04,Vitamina B12,457.9
2026-05-04,Vitamina B12 - Bio B12,84.9
2026-05-04,Vitamina B9 - Ácido Fólico,79.9
2026-05-04,Vitamina C + Zinco - Gomas,64.9
2026-05-04,Vitamina C - Bio Vit C+,54.9
2026-05-04,Vitamina D - Vita D3,746.6
2026-05-04,Vitamina D - Vita D3 + C + Zinco,222.6
2026-05-04,Vitamina D3,129.8
2026-05-04,Vitamina D3 + K2,139.8
2026-05-04,Vitamina D3 + K2 Gotas,69.9
2026-05-04,Vitamina D3 - Ydrosolv,84.9
2026-05-04,Vitamina D3 - Ydrosolv - Spray,76.5
2026-05-04,Vitamina D3 Mini caps,83.8
2026-05-04,Vitamina D3 Synergy,179.7
2026-05-04,"Vitaminas A, E, D e K2- RESTAURE® - Gotas",1084.3
2026-05-04,W100 Whey Concentrado Havanna - Sachê,12.9
2026-05-04,Whey,1679.4
2026-05-04,Whey - Zero Lactose,439.8
2026-05-04,Whey 3W,164.9
2026-05-04,Whey 3W -  Sachê,10.9
2026-05-04,Whey Fort 3W,2338.7
2026-05-04,Whey Isolado,459.8
2026-05-04,Whey Isolado - Iso Triple Zero,219.9
2026-05-04,Whey Isolado - Isofort Ultra Imuno,339.9
2026-05-04,Whey Protein - 3W - The Whey,599.5
2026-05-04,Whey Protein - Isofort Beauty,699.5
2026-05-04,Whey Protein Concentrado,9235.6
2026-05-04,Whey Protein Concentrado - Sachê,124.69
2026-05-04,Whey Protein Concentrado Cappuccino 900g DUX,1259.4
2026-05-04,Whey Protein Crisp - Isocrisp,99.8
2026-05-04,Whey Protein ISO 100 Hydrolyzed,889.9
2026-05-04,Whey Protein Isolado,6458.1
2026-05-04,Whey Protein Isolado - Isofort,2789.1
2026-05-04,Whey Protein Isolado - Sachê,101.4
2026-05-04,Whey Protein Isolado - Tasty Iso,869.7
2026-05-04,Whey Protein Smoothie,199.9
2026-05-04,Whey Protein Vegetal,149.9
2026-05-04,Whey Tech 100%,419.7
2026-05-04,Whey hidrolisado e isolado,309.9
2026-05-04,Xylitol,72.9
2026-05-04,Zinco Quelato,85.8
2026-05-04,Ômega 3,79.9
2026-05-04,Ômega 3  - 1360mg,189.9
2026-05-04,Ômega 3 - EPA DHA - 1000mg,513.2
2026-05-04,Ômega 3 - Omegafor Memory,209.8
2026-05-04,Ômega 3 - Pro,49.9
2026-05-04,Ômega 3 - Ultra Caps 1000mg,479.7
2026-05-04,Ômega 3 DHA,559.6
2026-05-04,Ômega 3 EPA DHA,1260.4
2026-05-04,Ômega 3 Super DHA BIG,189.9
2026-05-04,Ômega Core,219.9
2026-05-11,100% Whey Pure,144.9
2026-05-11,100% Whey True Protein,209.9
2026-05-11,Aminoácido - Amino Builder,154.35
2026-05-11,Aminoácido - Aminovita,149.9
2026-05-11,Aminoácido N-acetil L-cisteína (NAC),239.7
2026-05-11,Aminoácidos - Aminnu EAAs,419.8
2026-05-11,Aminoácidos - Aminnu EAAs - Sem Xilitol,209.9
2026-05-11,Aminoácidos - Aminolift,209.9
2026-05-11,Arginofor -  L-Arginina,119.9
2026-05-11,BT Nitrato,134.91
2026-05-11,Barrinha Charge Bar,12.9
2026-05-11,Barrinha de Chocolate ao Leite,29.7
2026-05-11,Barrinha de Proteína,214.4
2026-05-11,Barrinha de Proteína - Best Whey Bar,9.9
2026-05-11,Barrinha de Proteína - Protein Crisp Bar,108.7
2026-05-11,Barrinha de Proteína Choco Wheyfer,23.7
2026-05-11,Barrinha de Proteína Collagen Bar,109.9
2026-05-11,Barrinha de Proteína Crunch,13.9
2026-05-11,Barrinha de Proteína Crush Bar,115.7
2026-05-11,Barrinha de Proteína Protein Crisp,79.9
2026-05-11,Barrinha de Proteína Whey Grego - Havanna,114.9
2026-05-11,Barrinhas de Proteína Crunch,159.9
2026-05-11,Bebida Vegetal em Pó - Vegan Delight,99.9
2026-05-11,Beef Protein,809.7
2026-05-11,Best Whey,399.8
2026-05-11,Beta Alanina,377.4
2026-05-11,Beta Alanina 100%,95.8
2026-05-11,Bio Cálcio  60 caps PURAVIDA,319.6
2026-05-11,Bio Ferro,42.9
2026-05-11,Bio Zinco,36.9
2026-05-11,Biscoito Proteico - Sublime,12.9
2026-05-11,Booster Energético - Upgrade Energy - TCM,139.9
2026-05-11,"Boraprim - Borragem, Prímula e Gergelim",234.7
2026-05-11,Cacao Whey - Sachê,19.9
2026-05-11,Cappuccino Whey - Sachê,21.9
2026-05-11,Chá Misto,6.9
2026-05-11,Chá Sublime - Brisa,6.9
2026-05-11,Chá Sublime - Harmonia,7.2
2026-05-11,Chá Sublime - Inverno,6.9
2026-05-11,Cocada,4.9
2026-05-11,Coenzima Q10,254.7
2026-05-11,Coenzima Q10  (200mg p/ porção),219.9
2026-05-11,Coenzima Q10 (200mg p/ porção),839.3
2026-05-11,Coenzima Q10 + Ômega 3 + Vitamina E,724.5
2026-05-11,Coenzima Q10 - (100mg p/ porção),339.6
2026-05-11,Coenzima Q10 - 200mg,144.9
2026-05-11,Coenzima Q10 100 Mg,124.9
2026-05-11,Coenzima Q10+ 200mg,139.9
2026-05-11,Collagen Protein BodyBalance,166.9
2026-05-11,Colágeno -  Collagen Gut,199.9
2026-05-11,Colágeno - Colagentek,569.4
2026-05-11,Colágeno - Colagentek II,179.9
2026-05-11,Colágeno - Colagentek Protein - Bodybalance,539.7
2026-05-11,Colágeno - Collagen Essential Protein,959.6
2026-05-11,Colágeno - Collagen Gut,194.9
2026-05-11,Colágeno - Collagen Protein Hidrolisado,179.9
2026-05-11,Colágeno - Collagen Renew Hidrolisado,179.8
2026-05-11,Colágeno - Collagen Tipo II 40mg,89.9
2026-05-11,Colágeno - Collcreatine,379.8
2026-05-11,Colágeno - Multi Collagen,459.8
2026-05-11,Colágeno Hidrolisado - Collagen Pro 18g,599.6
2026-05-11,Colágeno Tipo II - Artro Aid,99.9
2026-05-11,Colágeno tipo 2 - Colagentek II,104.9
2026-05-11,Complexo B,109.9
2026-05-11,Complexo B 500mg,44.9
2026-05-11,Coq10,689.7
2026-05-11,Coq10 + Vitamina E,134.9
2026-05-11,Cranberry - She She Comfort,69.9
2026-05-11,Creatina,249.9
2026-05-11,Creatina - Creafort (Creapure),1079.4
2026-05-11,Creatina - Gummy,144.9
2026-05-11,Creatina 100%,214.7
2026-05-11,Creatina Monohidratada,1902.5
2026-05-11,Creatina Monohidratada (Creapure),779.6
2026-05-11,Creatina Monohidratada -  Crealift (Creapure),299.9
2026-05-11,Creatina Monohidratada - Creatine,1298.7
2026-05-11,Creatina Premium - Creapure,229.9
2026-05-11,Creatina- Creapure,199.9
2026-05-11,Creatine Action - Gummy,119.9
2026-05-11,Creme de Castanha de Caju,49.9
2026-05-11,Cromo Picolinato - 250mg,27.9
2026-05-11,Cálcio de Algas 1000mg,64.9
2026-05-11,Cúrcuma - Curcumagic,154.9
2026-05-11,Cúrcuma Plus,699.0
2026-05-11,Dado de creatina,129.9
2026-05-11,Eletrólitos,341.6
2026-05-11,Energy Gel - Endurance,69.0
2026-05-11,Energy Kick com Cafeína - Sachê,8.9
2026-05-11,Enzima Lactase - Laczyme,84.9
2026-05-11,Expresso Whey - Sachê,19.9
2026-05-11,Extrato de Laranja Moro 400mg,99.9
2026-05-11,Fe - Complex,139.8
2026-05-11,Feno Grego,69.9
2026-05-11,Ferro Plus,29.9
2026-05-11,Ferro Quelato + Vitamina C,93.8
2026-05-11,Fibras - Fiberfor,99.9
2026-05-11,Fresh Vegan,169.9
2026-05-11,Fresh Whey,2348.9
2026-05-11,FreshWhey - Sachê,33.8
2026-05-11,Gel - Endurance,69.9
2026-05-11,Gel Nitrato,39.24
2026-05-11,Gel Nitrato c/ Cafeína,9.81
2026-05-11,Glutamina,478.5
2026-05-11,Glutamina - Glutamax,409.5
2026-05-11,Glutamina - Glutamax Refil,259.8
2026-05-11,Glutamina Pure,119.9
2026-05-11,Gold Whey Concentrado Refil,179.9
2026-05-11,Granola - Zero Açúcar,32.9
2026-05-11,Granola Australia - Low Carb,44.9
2026-05-11,Hydro Protein,21.8
2026-05-11,Hydrolift,197.8
2026-05-11,Immuno Whey,749.7
2026-05-11,Isofort Plant,299.8
2026-05-11,Isofort Plant (Life Vegan),119.9
2026-05-11,Juice Protein,10.9
2026-05-11,Laranja Moro,129.8
2026-05-11,Laranja Moro - Moroskinny,104.9
2026-05-11,Livestrong,935.7
2026-05-11,Maca Peruana,99.8
2026-05-11,Magnésio - Inositol Relief 3.0,722.99
2026-05-11,Magnésio Inositol,1439.1
2026-05-11,Magnésio Inositol Relax,273.9
2026-05-11,Magnésio Plus - 350mg,374.5
2026-05-11,Magnésio Plus 900mg,379.6
2026-05-11,Magnésio Quelato - Bio Mag,149.8
2026-05-11,Melatonina,104.8
2026-05-11,Melatonina Duo,129.8
2026-05-11,Melatonina em Gotas,39.9
2026-05-11,Metil B12,149.7
2026-05-11,Mg Complex,96.9
2026-05-11,Morning Shot - Imunidade,524.5
2026-05-11,Multivitaminico  - Imunomult- 1000mg,134.9
2026-05-11,Multivitaminino - Multi All,79.9
2026-05-11,Multivitamínico - Vitalift,194.9
2026-05-11,Multivitamínico Support,355.8
2026-05-11,NAC,215.6
2026-05-11,NAC + Glycine + Taurine,189.8
2026-05-11,Nootrópico - Brain Up Am/Pm  60 caps TRUE SOURCE,154.9
2026-05-11,Omegafor Family - Ômega 3,119.9
2026-05-11,Omegafor Plus,4339.7
2026-05-11,Palatinose,59.23
2026-05-11,Pasta de Amendoim Granulado,29.9
2026-05-11,Paçoquinha,9.8
2026-05-11,Prebiótico,84.9
2026-05-11,Prebiótico - Fiber Liv,79.9
2026-05-11,Probiótico - Simfort Plus,639.3
2026-05-11,Protein Brownie,64.9
2026-05-11,Proteína - Isocrisp Plant - Pote,29.9
2026-05-11,Proteína - Isocrisp Plant Pouch,69.9
2026-05-11,Proteína Isolada e Hidrolisada - Body Protein,1080.6
2026-05-11,Proteína Isolada e Hidrolisada - Body Protein Red,219.9
2026-05-11,Proteína Vegana - Immuno Veggie,509.8
2026-05-11,Proteína Vegana - Vegan Tasty,129.9
2026-05-11,Proteína Vegetal - Vegan Tasty,129.9
2026-05-11,Pré-Treino,223.8
2026-05-11,Pré-Treino - Beta Action,439.8
2026-05-11,Pré-Treino - Stim Free,139.9
2026-05-11,Pré-Treino - V Fort Ultra,129.9
2026-05-11,Pré-treino - Energy Kick Caffeine,129.9
2026-05-11,Própolis Líquido - Gotas,99.8
2026-05-11,Própolis Trio,69.9
2026-05-11,Própolis Verde - Propomax,89.7
2026-05-11,Própolis Verde 70,79.8
2026-05-11,Psyllium,39.9
2026-05-11,Quercetina,79.9
2026-05-11,Quercetina 300mg,159.8
2026-05-11,Refil 100% Whey Protein - Flavour,239.8
2026-05-11,Refil Creatina,159.9
2026-05-11,Refil Whey 100% Pure,279.8
2026-05-11,Refil Whey Concentrado - W100,649.5
2026-05-11,Refil Whey Concentrado Havanna - W100,279.8
2026-05-11,Refil Whey Protein Concentrado,519.8
2026-05-11,Resveratrol,68.9
2026-05-11,Resveratrol 500mg,79.9
2026-05-11,Resveratrol Plus - 165mg,439.6
2026-05-11,Sachê Magnésio + Inositol Relief 3.0,6.9
2026-05-11,Sachê True Whey Protein,99.5
2026-05-11,Salgadinho,70.8
2026-05-11,Shot Matinal,79.9
2026-05-11,Simfort Ultra,154.9
2026-05-11,Simfort fibras,64.9
2026-05-11,Sleep,189.9
2026-05-11,Snack Proteico,43.6
2026-05-11,Super Ômega 3,1289.5
2026-05-11,SuperCoffee,2318.7
2026-05-11,SuperCoffee Língua de gato - Kopenhagen,1199.4
2026-05-11,Suplemento - Hyaluronic Hair,149.8
2026-05-11,Suplemento Alimentar  - Hepatofor,99.9
2026-05-11,Suplemento Alimentar - Alpha Mater,154.9
2026-05-11,Suplemento Alimentar - Alpha Men,169.9
2026-05-11,"Suplemento Alimentar - Cabelo, Unha e Pele - Beauty +",259.8
2026-05-11,Suplemento Alimentar - GUARDIAN®,839.6
2026-05-11,Suplemento Alimentar - Green Shot,169.8
2026-05-11,Suplemento Alimentar - L-teanina - Happy Theanine,464.7
2026-05-11,Suplemento Alimentar - Slim Shape,69.9
2026-05-11,Tablete de Doce,14.7
2026-05-11,Tasty Whey 3W Gourmet,1124.5
2026-05-11,Termogênico - Lipix6,114.9
2026-05-11,Termogênico - Termo Plus,259.8
2026-05-11,Trio Magnésio 720mg,649.0
2026-05-11,True Cúrcuma,224.7
2026-05-11,Ultracoffee - Vegano,109.9
2026-05-11,Vegan Ômega 3 DHA,124.9
2026-05-11,Vitamina B12,384.1
2026-05-11,Vitamina C,15.9
2026-05-11,Vitamina C - Bio Vit C+,164.7
2026-05-11,Vitamina C3 - 1000mg,94.9
2026-05-11,Vitamina D - Vita D3,272.5
2026-05-11,Vitamina D - Vita D3 + C + Zinco,239.6
2026-05-11,Vitamina D3,219.6
2026-05-11,Vitamina D3 + K2,69.9
2026-05-11,Vitamina D3 - 2000 Ui,110.7
2026-05-11,Vitamina D3 - Ydrosolv,84.9
2026-05-11,Vitamina D3 Synergy,119.8
2026-05-11,"Vitaminas A, E, D e K2- RESTAURE® - Gotas",619.6
2026-05-11,W100 Whey Concentrado - Sachê,11.9
2026-05-11,W100 Whey Concentrado Havanna - Sachê,12.9
2026-05-11,Whey,679.8
2026-05-11,Whey 3W,329.8
2026-05-11,Whey 3W -  Sachê,10.9
2026-05-11,Whey Fort 3W,899.5
2026-05-11,Whey Isolado - Iso Triple Zero,219.9
2026-05-11,Whey Isolado e Hidrolisado - H.I Whey,249.9
2026-05-11,Whey Protein - 3W - The Whey,719.4
2026-05-11,Whey Protein - Isofort Beauty,279.8
2026-05-11,Whey Protein Concentrado,6087.1
2026-05-11,Whey Protein Concentrado - Sachê,69.09
2026-05-11,Whey Protein Concentrado Cappuccino 900g DUX,209.9
2026-05-11,Whey Protein Crisp - Isocrisp,99.8
2026-05-11,Whey Protein Hidrolisado,369.9
2026-05-11,Whey Protein ISO 100 Hydrolyzed,369.9
2026-05-11,Whey Protein Isolado,8837.4
2026-05-11,Whey Protein Isolado - Isofort,2169.3
2026-05-11,Whey Protein Isolado - Sachê,185.9
2026-05-11,Whey Protein Isolado - Tasty Iso,579.8
2026-05-11,Whey Protein Vegetal,149.9
2026-05-11,Whey Tech 100%,419.7
2026-05-11,Whey hidrolisado e isolado,1239.6
2026-05-11,Whey hidrolisado e isolado Creme Broule 837g TRUE SOURCE,309.9
2026-05-11,Zinco - Ydrosolv,179.8
2026-05-11,Zinco Quelato,42.9
2026-05-11,Óleo De Coco Extravirgem,32.9
2026-05-11,Óleo de Prímula - 500mg,39.9
2026-05-11,Ômega -  Mega DHA,399.6
2026-05-11,Ômega - Mega DHA,359.8
2026-05-11,Ômega 3,259.8
2026-05-11,Ômega 3  - 1360mg,949.5
2026-05-11,Ômega 3 - EPA DHA - 1000mg,495.2
2026-05-11,Ômega 3 - Omegafor Memory,104.9
2026-05-11,Ômega 3 - Ultra Caps 1000mg,159.9
2026-05-11,Ômega 3 DHA,139.9
2026-05-11,Ômega 3 EPA DHA,2796.9
2026-05-11,Ômega 3 Pulse,389.7
2026-05-11,Ômega 3 Super DHA,119.9
2026-05-11,Ômega 3 Super DHA BIG,189.9
2026-05-11,Ômega Golden,439.8
2026-05-11,Ômegafor Vegan 400mg,99.9
2026-05-18,Aminoácido - Amino Greens,209.9
2026-05-18,Aminoácido - Aminovita,174.9
2026-05-18,Aminoácido N-acetil L-cisteína (NAC),479.4
2026-05-18,Aminoácidos - Aminnu EAAs,1049.5
2026-05-18,Amora Miúra - 1500mg,44.9
2026-05-18,BT 400,197.91
2026-05-18,BT Nitrato,149.9
2026-05-18,BT Nitrato 400,434.71
2026-05-18,Barrinha Charge Bar,25.8
2026-05-18,Barrinha de Chocolate 70%,9.9
2026-05-18,Barrinha de Proteina Vegana - Radiance Joy,94.5
2026-05-18,Barrinha de Proteína,571.8
2026-05-18,Barrinha de Proteína - Best Whey Bar,21.12
2026-05-18,Barrinha de Proteína - YOPRO,25.8
2026-05-18,Barrinha de Proteína - YoPRO,114.9
2026-05-18,Barrinha de Proteína Choco Wheyfer,6.9
2026-05-18,Barrinha de Proteína Collagen Bar,109.9
2026-05-18,Barrinha de Proteína Crunch,13.9
2026-05-18,Barrinha de Proteína Crush Bar,66.3
2026-05-18,Barrinha de Proteína Whey Grego - Havanna,99.9
2026-05-18,Beef Protein,725.8
2026-05-18,Best Whey,199.9
2026-05-18,Beta Alanina,383.4
2026-05-18,Beta Alanina 100%,287.4
2026-05-18,Bio Cálcio  60 caps PURAVIDA,79.9
2026-05-18,Bio Ferro,128.7
2026-05-18,Bio Zinco,147.6
2026-05-18,Blend de Chá - Calmante,27.9
2026-05-18,Blend de Chá - Detox,27.9
2026-05-18,Blend de Chá - Digestivo,27.9
2026-05-18,Blend de Chá - Energia,29.9
2026-05-18,Blend de Chá - Xô TPM,55.8
2026-05-18,Body Protein,364.9
2026-05-18,Body Strong Protein,384.9
2026-05-18,Bom Ciclo,319.6
2026-05-18,"Boraprim - Borragem, Prímula e Gergelim",324.6
2026-05-18,Brain Focus,84.9
2026-05-18,Cacao Whey - Sachê,19.9
2026-05-18,Cafeína,158.7
2026-05-18,Cappuccino Proteico,164.7
2026-05-18,Cappuccino Whey - Sachê,21.9
2026-05-18,Chá - Fresh Chamomile,64.9
2026-05-18,Chá Vitatea,74.9
2026-05-18,Cocada,4.9
2026-05-18,Coenzima  Q10 - 100mg,89.9
2026-05-18,Coenzima Q10,369.7
2026-05-18,Coenzima Q10  (200mg p/ porção),219.9
2026-05-18,Coenzima Q10 (200mg p/ porção),884.3
2026-05-18,Coenzima Q10 + Ômega 3 + Vitamina E,304.8
2026-05-18,Coenzima Q10 - (100mg p/ porção),84.9
2026-05-18,Coenzima Q10 200mg,359.6
2026-05-18,Colágeno -  Collagen Gut,199.9
2026-05-18,Colágeno - Colagentek,189.8
2026-05-18,Colágeno - Colagentek II,209.8
2026-05-18,Colágeno - Colagentek Protein - Bodybalance,359.8
2026-05-18,Colágeno - Collagen Derm,149.9
2026-05-18,Colágeno - Collagen Essential Protein,239.9
2026-05-18,Colágeno - Collagen Protein Hidrolisado Berries Silvestres 450g PURAVIDA,359.8
2026-05-18,Colágeno - Collagen Renew Hidrolisado,89.9
2026-05-18,Colágeno - Collagen Tipo II 40mg,269.7
2026-05-18,Colágeno - Collcreatine,189.9
2026-05-18,Colágeno - Collpure®,164.9
2026-05-18,Colágeno Collagen Flex Beauty,174.9
2026-05-18,Colágeno Hidrolisado - Collagen Pro 18g,899.4
2026-05-18,Complexo B,219.8
2026-05-18,Complexo B 500mg,89.8
2026-05-18,Coq10,459.8
2026-05-18,Coq10 + Vitamina E,134.9
2026-05-18,Creatina,104.8
2026-05-18,Creatina - Creafort (Creapure),819.5
2026-05-18,Creatina 100%,154.8
2026-05-18,Creatina 100% Pure,439.6
2026-05-18,Creatina Monohidratada,2766.4
2026-05-18,Creatina Monohidratada (Creapure),1009.5
2026-05-18,Creatina Monohidratada -  Crealift (Creapure),299.9
2026-05-18,Creatina Monohidratada - Creatine,799.2
2026-05-18,Creatina Premium - Creapure,459.8
2026-05-18,Creatine Action - Gummy,119.9
2026-05-18,Cromo Picolinato - 250mg,27.9
2026-05-18,Cálcio de Algas 1000mg,64.9
2026-05-18,Cúrcuma - Curcumagic,154.9
2026-05-18,Cúrcuma 500mg,94.9
2026-05-18,Cúrcuma Plus,144.8
2026-05-18,Eletrólitos,379.6
2026-05-18,Eletrólitos - Hydration,35.4
2026-05-18,Energy Gel,64.5
2026-05-18,Energy Gel c/ Cafeína,99.7
2026-05-18,Energy Kick com Cafeína - Sachê,35.6
2026-05-18,Enzima - Enzyfor,159.8
2026-05-18,Enzimas Enzyfor,149.9
2026-05-18,Expresso Whey - Sachê,19.9
2026-05-18,Fe - Complex,69.9
2026-05-18,Feno Grego,69.9
2026-05-18,Ferro Quelato + Vitamina C,93.8
2026-05-18,Fiber Biome,172.9
2026-05-18,Fibras - Fiberlift,139.9
2026-05-18,Fresh Vegan,169.9
2026-05-18,Fresh Whey,2334.3
2026-05-18,FreshWhey - Sachê,152.1
2026-05-18,Gaba Complex,144.9
2026-05-18,Gel Nitrato,65.4
2026-05-18,Gel Nitrato c/ Cafeína,21.8
2026-05-18,Gel Nitrato com L-Citrulinilarginina,21.8
2026-05-18,Glutamina,159.8
2026-05-18,Glutamina - Glutamax,179.8
2026-05-18,Glutamina Isolates,64.9
2026-05-18,Gold Whey Concentrado Refil,555.0
2026-05-18,Hydro Protein,32.7
2026-05-18,Hydrolift,98.9
2026-05-18,Livestrong,1234.7
2026-05-18,MCT LIFT,119.9
2026-05-18,Maca Peruana,49.9
2026-05-18,Magnésio - Inositol Relief 3.0,1224.3
2026-05-18,Magnésio Elemental,71.9
2026-05-18,Magnésio Inositol,464.7
2026-05-18,Magnésio Plus - 350mg,74.9
2026-05-18,Magnésio Quelato - Bio Mag,74.9
2026-05-18,Melatonina - Sleepfor,159.8
2026-05-18,Melatonina - Ydrosolv,84.9
2026-05-18,Melatonina Duo,69.9
2026-05-18,Melatonina Duo Harmony,129.9
2026-05-18,Mg Complex,96.9
2026-05-18,Morning Shot - Imunidade,1153.9
2026-05-18,Multivitaminico - Imunomult- 1000mg,299.7
2026-05-18,Multivitamínico - Vitalift,389.8
2026-05-18,Multivitamínico Support,1245.3
2026-05-18,Omegafor Family - Ômega 3,119.9
2026-05-18,Omegafor Plus,3121.0
2026-05-18,Palatinose,199.03
2026-05-18,Probiótico - Simcaps,199.7
2026-05-18,Probiótico - Simfort Plus,619.4
2026-05-18,Probióticos,66.9
2026-05-18,Protein Booster Pro,65.4
2026-05-18,Proteina Vegetal - True Vegan,194.9
2026-05-18,Proteína - Isocrisp Plant - Pote,29.9
2026-05-18,Proteína - Isocrisp Plant Pouch,69.9
2026-05-18,Proteína Isolada e Hidrolisada - Body Protein,1319.4
2026-05-18,Proteína Isolada e Hidrolisada - Body Protein Red,219.9
2026-05-18,Proteína Vegana - Immuno Veggie,254.9
2026-05-18,Proteína Vegana - Vegan Tasty,259.8
2026-05-18,Pré-Treino,139.9
2026-05-18,Pré-Treino - V Fort Ultra,129.9
2026-05-18,Pré-treino - Energy Kick,129.9
2026-05-18,Pré-treino - Energy Kick Caffeine,129.9
2026-05-18,Próbiotico - Purabiotics,269.7
2026-05-18,Própolis Verde - Alcoólico,29.9
2026-05-18,Psyllium,199.7
2026-05-18,Refil Whey 100% Pure,458.1
2026-05-18,Refil Whey Concentrado - W100,909.3
2026-05-18,Refil Whey Concentrado Havanna - W100,139.9
2026-05-18,Refil Whey Protein Concentrado,1553.42
2026-05-18,Refil Whey Protein Isolado,1799.7
2026-05-18,Repositor Energético - D Ribose,99.9
2026-05-18,Resveratrol Plus - 165mg,459.6
2026-05-18,Sachê Body Protein,41.7
2026-05-18,Sachê Magnésio + Inositol Relief 3.0,6.9
2026-05-18,Sachê True Whey Protein,39.8
2026-05-18,Sachê de Óleo De Coco Extravirgem,3.9
2026-05-18,Salgadinho,5.9
2026-05-18,Shot Matinal,79.9
2026-05-18,Simfort Femme,199.8
2026-05-18,Simfort Ultra,154.9
2026-05-18,Simfort fibras,519.2
2026-05-18,Sleep,419.7
2026-05-18,Snack Proteico,21.8
2026-05-18,Super Ômega 3,1314.3
2026-05-18,SuperCoffee,2128.8
2026-05-18,SuperCoffee Língua de gato - Kopenhagen,799.6
2026-05-18,Suplemento - Beauty Care,69.9
2026-05-18,Suplemento - Super Sono,119.9
2026-05-18,Suplemento Alimentar - Alpha Inflaminus,434.7
2026-05-18,Suplemento Alimentar - Alpha Mater,464.7
2026-05-18,Suplemento Alimentar - Alpha Men,339.8
2026-05-18,Suplemento Alimentar - Alpha Women,299.8
2026-05-18,"Suplemento Alimentar - Cabelo, Unha e Pele - Beauty +",129.9
2026-05-18,"Suplemento Alimentar - Cabelo, Unha e Pele - Supreme Beauty",149.9
2026-05-18,Suplemento Alimentar - GUARDIAN®,1679.2
2026-05-18,Suplemento Alimentar - Geleia Real - Apireal,85.8
2026-05-18,Suplemento Alimentar - LEVSENSI,184.03
2026-05-18,Suplemento Alimentar - Resveratrol,144.9
2026-05-18,Suplemento Alimentar - True Nac,69.9
2026-05-18,Suplemento de Magnésio - Blue Calm,109.9
2026-05-18,Tablete de Doce,19.6
2026-05-18,Tasty Whey 3W Gourmet,1389.4
2026-05-18,Termogênico - Termo Plus,129.9
2026-05-18,Trio Magnésio 720mg,584.1
2026-05-18,Triptofano Noite,89.9
2026-05-18,Vitamina - Good Mood,119.8
2026-05-18,Vitamina B12,304.4
2026-05-18,Vitamina C - Bio Vit C+,164.7
2026-05-18,Vitamina C3 - 1000mg,189.8
2026-05-18,Vitamina D - Vita D3,429.2
2026-05-18,Vitamina D - Vita D3 + C + Zinco,112.8
2026-05-18,Vitamina D3,44.9
2026-05-18,Vitamina D3 + K2,419.4
2026-05-18,Vitamina D3 - 2000 Ui,73.8
2026-05-18,Vitamina D3 Synergy,59.9
2026-05-18,"Vitaminas A, E, D e K2- RESTAURE® - Gotas",309.8
2026-05-18,W100 Whey Concentrado - Sachê,35.7
2026-05-18,W100 Whey Concentrado Havanna - Sachê,25.8
2026-05-18,Whey,2664.15
2026-05-18,Whey - Immuno Golden,224.91
2026-05-18,Whey - Zero Lactose,735.7
2026-05-18,Whey 3W -  Sachê,21.8
2026-05-18,Whey Concentrado - W100,279.8
2026-05-18,Whey Fort 3W,691.3
2026-05-18,Whey Isolado,436.81
2026-05-18,Whey Isolado - Isofort Ultra Imuno,339.9
2026-05-18,Whey Protein - Isofort Beauty,699.5
2026-05-18,Whey Protein Concentrado,4482.9
2026-05-18,Whey Protein Concentrado - Sachê,210.06
2026-05-18,Whey Protein Concentrado Party,1779.6
2026-05-18,Whey Protein Crisp - Isocrisp,149.7
2026-05-18,Whey Protein ISO 100 Hydrolyzed,332.91
2026-05-18,Whey Protein Isolado,4293.7
2026-05-18,Whey Protein Isolado - Sachê,456.3
2026-05-18,Whey Protein Isolado - Tasty Iso,339.9
2026-05-18,Whey hidrolisado e isolado,1952.37
2026-05-18,Zinco - Ydrosolv,89.9
2026-05-18,Zinco Quelato,42.9
2026-05-18,Óleo de Borragem - Gamalift,144.37
2026-05-18,Ômega -  Mega DHA,99.9
2026-05-18,Ômega - Mega DHA,719.6
2026-05-18,Ômega 3 - EPA DHA - 1000mg,58.9
2026-05-18,Ômega 3 - Omegafor Memory,674.4
2026-05-18,Ômega 3 - Ultra Caps 1000mg,639.6
2026-05-18,Ômega 3 EPA DHA,1782.1
2026-05-18,Ômega 3 Super DHA,119.9
2026-05-18,Ômega 3 Super DHA BIG,189.9
2026-05-18,Ômega Golden,219.9
2026-05-25,100% Whey Pure,144.9
2026-05-25,Aminoácido - Aminovita,349.8
2026-05-25,Aminoácidos - Aminnu EAAs,209.9
2026-05-25,Antioxidante - Astaxantina,89.25
2026-05-25,Arginofor -  L-Arginina,119.9
2026-05-25,BT Gel Nitrato,109.9
2026-05-25,BT Nitrato,149.9
2026-05-25,BT Nitrato 400,149.9
2026-05-25,Barra Double,5.96
2026-05-25,Barrinha - Body Protein,21.8
2026-05-25,Barrinha de Proteína,40.7
2026-05-25,Barrinha de Proteína - Protein Crisp Bar,7.9
2026-05-25,Barrinha de Proteína Best Whey 62g (15g de Proteína),112.5
2026-05-25,Barrinha de Proteína Choco Wheyfer,15.8
2026-05-25,Barrinha de Proteína Crush Bar,121.9
2026-05-25,Barrinha de Proteína Whey Grego - Havanna,96.9
2026-05-25,Bebida Proteica - Natural Whey 14g,7.69
2026-05-25,Best Whey,434.8
2026-05-25,Beta Alanina 100%,143.7
2026-05-25,Bio Ferro,85.8
2026-05-25,Bio Zinco,36.9
2026-05-25,Biotina Plus,46.9
2026-05-25,Biscoito Proteico - Sublime,38.18
2026-05-25,Body Strong Protein,769.8
2026-05-25,BodyBalance - Muscle Synergy,734.7
2026-05-25,"Boraprim - Borragem, Prímula e Gergelim",539.4
2026-05-25,Cappuccino Whey - Sachê,21.9
2026-05-25,Chocolate 70% Cacau,29.9
2026-05-25,Chá,7.2
2026-05-25,Chá Vitatea,149.8
2026-05-25,Coenzima Q10 (200mg p/ porção),259.98
2026-05-25,Coenzima Q10 + Ômega 3 + Vitamina E,629.69
2026-05-25,Coenzima Q10 - (100mg p/ porção),84.9
2026-05-25,Coenzima Q10 - Bio Q10,134.9
2026-05-25,Colágeno -  Collagen Gut,199.9
2026-05-25,Colágeno - Colagentek,94.9
2026-05-25,Colágeno - Colagentek Beauty,264.8
2026-05-25,Colágeno - Colagentek II,914.2
2026-05-25,Colágeno - Colagentek Protein - Bodybalance,1499.2
2026-05-25,Colágeno - Collagen Derm,154.9
2026-05-25,Colágeno - Collagen Essential Protein,479.8
2026-05-25,Colágeno - Collagen Gut,194.9
2026-05-25,Colágeno - Collagen Protein Hidrolisado,359.8
2026-05-25,Colágeno - Collagen Protein Hidrolisado Berries Silvestres 450g PURAVIDA,179.9
2026-05-25,Colágeno - Collagen Renew Hidrolisado,179.8
2026-05-25,Colágeno - Collcreatine,379.8
2026-05-25,Colágeno - Collpure®,490.7
2026-05-25,Colágeno - TRUE COLLAGEN,140.9
2026-05-25,Colágeno Collagen Skin,194.9
2026-05-25,Colágeno Hidrolisado - Collagen Pro 18g,749.5
2026-05-25,Complexo B,172.8
2026-05-25,Complexo B 500mg,84.89
2026-05-25,Complexo B Max,44.9
2026-05-25,Cranberry,49.9
2026-05-25,Creatina,199.8
2026-05-25,Creatina - Creafort (Creapure),374.8
2026-05-25,Creatina 100%,269.6
2026-05-25,Creatina Monohidratada,3222.05
2026-05-25,Creatina Monohidratada (Creapure),1822.37
2026-05-25,Creatina Monohidratada -  Crealift (Creapure),299.9
2026-05-25,Creatina Monohidratada - Creatine,399.6
2026-05-25,Creatine Action - Gummy,119.9
2026-05-25,Cúrcuma 500mg,94.9
2026-05-25,Cúrcuma Plus,284.6
2026-05-25,Dado de creatina,259.8
2026-05-25,Eletrólitos,108.7
2026-05-25,Energy Gel - Endurance,20.7
2026-05-25,Energy Gel c/ Cafeína,66.6
2026-05-25,Energy Kick - Sachê,19.8
2026-05-25,Energy Kick com Cafeína - Sachê,39.6
2026-05-25,Energy Pro Ice Tea,9.9
2026-05-25,Expresso Whey - Sachê,39.8
2026-05-25,Ferro - Ydrosolv,99.9
2026-05-25,Ferro Plus,34.9
2026-05-25,Ferro Quelato + Vitamina C,44.99
2026-05-25,Fiber Biome,518.7
2026-05-25,Fibras - Fiberfor,99.9
2026-05-25,Fibras Prébioticas - Prebiotic,209.7
2026-05-25,Fresh Vegan - Sachê,29.8
2026-05-25,Fresh Whey,1544.2
2026-05-25,FreshWhey - Sachê,33.8
2026-05-25,Gel Intra-treino Sport Line,10.99
2026-05-25,Gel Nitrato,21.8
2026-05-25,Gel Nitrato c/ Cafeína,10.9
2026-05-25,Glutamina,597.2
2026-05-25,Glutamina - Glutamax,179.8
2026-05-25,Glutamina - Glutamax Refil,139.9
2026-05-25,Glutamina Isolates,194.7
2026-05-25,Glutamina Pure,119.9
2026-05-25,Glutamina em Pó,114.9
2026-05-25,Gold Whey Concentrado Refil,584.7
2026-05-25,Grassfed Whey Protein - Concentrado,224.91
2026-05-25,Juice Protein,10.9
2026-05-25,Laranja Moro - Moroskinny,104.9
2026-05-25,Livestrong,299.0
2026-05-25,Magnésio - Inositol Relief 3.0,1809.63
2026-05-25,Magnésio - Mag 5 Complex,159.8
2026-05-25,Magnésio Inositol,184.9
2026-05-25,Magnésio Inositol Relax,273.9
2026-05-25,Magnésio Plus - 350mg,514.4
2026-05-25,Magnésio Plus 900mg,764.91
2026-05-25,Melatonina Duo,209.7
2026-05-25,Melatonina em Gotas,93.8
2026-05-25,Metilfolato de Cálcio,31.9
2026-05-25,Mg Complex,193.8
2026-05-25,Morning Shot - Imunidade,524.5
2026-05-25,Multivitaminico  - Imunomult- 1000mg,139.9
2026-05-25,Multivitamínico - Vitalift,194.9
2026-05-25,Multivitamínico Support,355.8
2026-05-25,NAC,161.7
2026-05-25,NAC + Glycine + Taurine,284.7
2026-05-25,NAC Acetilcisteína -  600mg,159.8
2026-05-25,Nitro 400,279.8
2026-05-25,Nootrópico - Brain Up Am/Pm  60 caps TRUE SOURCE,154.9
2026-05-25,Omegafor Plus,4247.6
2026-05-25,Palatinose,404.4
2026-05-25,Probiótico - Simcaps,99.8
2026-05-25,Probiótico - Simfort Plus,949.0
2026-05-25,Probióticos,133.8
2026-05-25,Probióticos em Pó - Simfort,179.9
2026-05-25,Profem - Óleo de Prímula,64.9
2026-05-25,Protein Booster Pro,21.8
2026-05-25,Protein Brownie,64.9
2026-05-25,Proteína Isolada e Hidrolisada - Body Protein,879.6
2026-05-25,Proteína Isolada e Hidrolisada - Body Protein Red,1319.4
2026-05-25,Proteína Vegana - Immuno Veggie,289.9
2026-05-25,Proteína Vegana - Vegan Tasty,129.9
2026-05-25,Proteína Vegana - Veggie Protein,549.8
2026-05-25,Pré-Treino,139.9
2026-05-25,Pré-Treino - Beta Action,439.8
2026-05-25,Pré-Treino - V Fort Ultra,129.9
2026-05-25,Pré-treino - Heat Up,159.9
2026-05-25,Própolis - Green Própolis,79.9
2026-05-25,Própolis Trio,349.5
2026-05-25,Própolis Verde - Alcoólico,29.9
2026-05-25,Própolis Verde - Propomax,59.8
2026-05-25,Psyllium,199.7
2026-05-25,Refil 100% Whey Protein - Flavour,119.9
2026-05-25,Refil Whey Concentrado - W100,649.5
2026-05-25,Refil Whey Protein - 3W,119.9
2026-05-25,Refil Whey Protein Concentrado,149.9
2026-05-25,Refil Whey Protein Isolado,599.9
2026-05-25,Repositor Energético - D Ribose,219.8
2026-05-25,Resveratrol - Resveramax,179.9
2026-05-25,Resveratrol 500mg,75.99
2026-05-25,Resveratrol Plus - 165mg,129.9
2026-05-25,Sachê Magnésio + Inositol Relief 3.0,102.8
2026-05-25,Sachê True Whey Protein,59.7
2026-05-25,Simfort Femme,99.9
2026-05-25,Simfort fibras,194.7
2026-05-25,Sleep,379.8
2026-05-25,Snack Proteico,109.0
2026-05-25,Super Ômega 3,1199.49
2026-05-25,SuperCoffee,2339.5
2026-05-25,SuperCoffee Língua de gato - Kopenhagen,629.7
2026-05-25,Suplemento - Alimentar - Cálcio Citrato Malato,49.9
2026-05-25,Suplemento - Beauty Care,69.9
2026-05-25,Suplemento Alimentar  - Hepatofor,99.9
2026-05-25,Suplemento Alimentar - Alpha Mater,929.4
2026-05-25,Suplemento Alimentar - Alpha Men,169.9
2026-05-25,"Suplemento Alimentar - Cabelo, Pele e Unha - Gomas",75.99
2026-05-25,Suplemento Alimentar - GUARDIAN®,629.7
2026-05-25,Suplemento Vitamínico - Alpha Harmony,117.24
2026-05-25,Suplemento para Imunidade - Immune Up 100%,119.99
2026-05-25,Tablete de Doce,14.7
2026-05-25,Tasty Whey 3W Gourmet,234.9
2026-05-25,Termogênico - Termo Plus,529.87
2026-05-25,Trio Magnésio 720mg,64.9
2026-05-25,True Cúrcuma,269.7
2026-05-25,Ultracoffee - Vegano,109.9
2026-05-25,Vanilla Whey - Sachê,19.9
2026-05-25,Vitamina - Good Mood,54.99
2026-05-25,Vitamina B12,152.69
2026-05-25,Vitamina C,74.9
2026-05-25,Vitamina C + Zinco - Gomas,64.9
2026-05-25,Vitamina C - Bio Vit C+,54.9
2026-05-25,Vitamina C3 - 1000mg,54.9
2026-05-25,Vitamina D - Vita D3,290.5
2026-05-25,Vitamina D - Vita D3 + C + Zinco,396.4
2026-05-25,Vitamina D3,134.7
2026-05-25,Vitamina D3 + K2,349.77
2026-05-25,Vitamina D3 - 2000 Ui,73.8
2026-05-25,Vitamina D3 Synergy,299.5
2026-05-25,"Vitaminas A, E, D e K2- RESTAURE® - Gotas",464.7
2026-05-25,W100 Whey Concentrado - Sachê,35.7
2026-05-25,W100 Whey Concentrado Havanna - Sachê,12.9
2026-05-25,Whey,1399.62
2026-05-25,Whey - Zero Lactose,257.9
2026-05-25,Whey 3W,194.9
2026-05-25,Whey 3W -  Sachê,21.8
2026-05-25,Whey Concentrado - W100,139.9
2026-05-25,Whey Fort 3W,479.8
2026-05-25,Whey Isolado - Iso Triple Zero,417.81
2026-05-25,Whey Isolado - Isofort Ultra Imuno,339.9
2026-05-25,Whey Protein - CLEANPRO,149.9
2026-05-25,Whey Protein - Isofort Beauty,449.7
2026-05-25,Whey Protein Concentrado,6213.99
2026-05-25,Whey Protein Concentrado - Sachê,70.5
2026-05-25,Whey Protein Concentrado Cappuccino 900g DUX,619.97
2026-05-25,Whey Protein Concentrado Party,189.9
2026-05-25,Whey Protein Crisp - Isocrisp,49.9
2026-05-25,Whey Protein Isolado,4551.08
2026-05-25,Whey Protein Isolado - Isofort,314.9
2026-05-25,Whey Protein Isolado - Sachê,322.75
2026-05-25,Whey Protein Isolado - Tasty Iso,339.9
2026-05-25,Whey Protein Smoothie,249.9
2026-05-25,Whey Protein Smoothie Energy,249.9
2026-05-25,Whey Tech 100%,139.9
2026-05-25,Whey hidrolisado e isolado,619.8
2026-05-25,Whey hidrolisado e isolado Creme Broule 837g TRUE SOURCE,309.9
2026-05-25,Zinco - Ydrosolv,179.8
2026-05-25,Zinco Quelato,42.9
2026-05-25,Ômega - Mega DHA,359.8
2026-05-25,Ômega 3,89.9
2026-05-25,Ômega 3  - 1360mg,219.9
2026-05-25,Ômega 3 - 1360mg,279.8
2026-05-25,Ômega 3 - EPA DHA - 1000mg,656.1
2026-05-25,Ômega 3 - Ultra Caps 1000mg,639.6
2026-05-25,Ômega 3 - Vision Care,89.9
2026-05-25,Ômega 3 EPA DHA,1538.18
2026-05-25,Ômega 3 Super DHA,119.9
2026-05-25,Ômega Beauty,69.9
2026-05-25,Ômegafor Vegan 400mg,99.9
2026-06-01,100% Whey Protein - Flavour,129.9
2026-06-01,100% Whey Pure,289.8
2026-06-01,Achocolatado Multivitaminado - Choco Nutrients,59.9
2026-06-01,Adoçante Zero,44.9
2026-06-01,Aminoácido N-acetil L-cisteína (NAC),639.2
2026-06-01,Aminoácidos - Aminnu EAAs - Sem Xilitol,409.89
2026-06-01,Antioxidante - Luteína e Zeaxantina,69.9
2026-06-01,Barrinha - Body Protein,10.9
2026-06-01,Barrinha Charge Bar,25.8
2026-06-01,Barrinha de Chocolate 41%,19.89
2026-06-01,Barrinha de Proteina Vegana - Radiance Joy,18.9
2026-06-01,Barrinha de Proteína,166.8
2026-06-01,Barrinha de Proteína Best Whey 49g (12g de Proteína),104.09
2026-06-01,Barrinha de Proteína Choco Wheyfer,105.6
2026-06-01,Barrinha de Proteína Crush Bar,44.5
2026-06-01,Barrinha de Proteína Protein Crisp,239.7
2026-06-01,Bebida Proteica - Natural Whey 14g,30.76
2026-06-01,Beef Protein,1445.5
2026-06-01,Best Whey,229.9
2026-06-01,Bio Cálcio  60 caps PURAVIDA,239.7
2026-06-01,Bio Ferro,300.3
2026-06-01,Bio Zinco,73.8
2026-06-01,Biscoito Proteico - Sublime,12.9
2026-06-01,Body Strong Protein,1154.7
2026-06-01,"Boraprim - Borragem, Prímula e Gergelim",179.8
2026-06-01,Cacao Whey - Sachê,39.8
2026-06-01,Cafeína,52.9
2026-06-01,Coenzima  Q10 - 100mg,179.8
2026-06-01,Coenzima Q10  (200mg p/ porção),1099.5
2026-06-01,Coenzima Q10 (200mg p/ porção),649.95
2026-06-01,Coenzima Q10 - (100mg p/ porção),169.8
2026-06-01,Coenzima Q10 100 Mg,249.8
2026-06-01,Coenzima Q10 200mg,89.9
2026-06-01,Coffee - Brainstorm,124.9
2026-06-01,Collagen Protein,239.9
2026-06-01,Colágeno -  Collagen Gut,399.8
2026-06-01,Colágeno - Colagentek,369.78
2026-06-01,Colágeno - Colagentek Beauty,139.9
2026-06-01,Colágeno - Colagentek II,449.6
2026-06-01,Colágeno - Colagentek Protein - Bodybalance,569.7
2026-06-01,Colágeno - Collagen Advanced,219.9
2026-06-01,Colágeno - Collagen Pro - Body Suport,209.9
2026-06-01,Colágeno - Collagen Protein Hidrolisado Berries Silvestres 450g PURAVIDA,359.8
2026-06-01,Colágeno - Collagen Renew Hidrolisado,179.8
2026-06-01,Colágeno - TRUE COLLAGEN,281.8
2026-06-01,Colágeno Collagen Flex Beauty,174.9
2026-06-01,Colágeno Hidrolisado - Collagen Pro 18g,469.7
2026-06-01,Colágeno Tipo II,59.9
2026-06-01,Complexo B,129.9
2026-06-01,Complexo B 500mg,49.9
2026-06-01,Cranberry - She She Comfort,139.8
2026-06-01,Creatina,41.99
2026-06-01,Creatina - Creafort (Creapure),569.7
2026-06-01,Creatina - Gummy,144.9
2026-06-01,Creatina 100%,329.6
2026-06-01,Creatina Monohidratada,1545.87
2026-06-01,Creatina Monohidratada (Creapure),1170.49
2026-06-01,Creatina Monohidratada - Creatine,294.79
2026-06-01,Creatina Monohidratada - Hardcore,71.99
2026-06-01,Creatina Premium - Creapure,689.7
2026-06-01,Cromo Picolinato - 250mg,55.8
2026-06-01,Curcumina,99.9
2026-06-01,Cúrcuma Plus,609.1
2026-06-01,Eletrólitos,23.7
2026-06-01,Eletrólitos - Hydration,18.79
2026-06-01,Energy Gel,25.8
2026-06-01,Energy Pro Ice Tea,9.9
2026-06-01,Expresso Whey - Sachê,39.8
2026-06-01,Ferro - Ydrosolv,199.8
2026-06-01,Ferro Plus,69.8
2026-06-01,Fiber Biome,172.9
2026-06-01,Fresh Vegan,184.9
2026-06-01,Fresh Vegan - Sachê,14.9
2026-06-01,Fresh Whey,1364.49
2026-06-01,FreshWhey - Sachê,67.6
2026-06-01,Glutamina,628.1
2026-06-01,Glutamina - Glutamax,49.9
2026-06-01,Glutamina - Glutamax Refil,139.9
2026-06-01,Glutamina Isolates,139.8
2026-06-01,Glutamina Pure,119.9
2026-06-01,Granola,32.9
2026-06-01,Granola Australia - Low Carb,44.9
2026-06-01,Hipercalórico - Creamass,99.9
2026-06-01,Hydro Protein,10.9
2026-06-01,L-Taurina - 1.000mg,139.8
2026-06-01,Laranja Moro - Moroskinny,524.5
2026-06-01,Levedura - Nutri Yeas Flakes,92.17
2026-06-01,Livestrong,299.0
2026-06-01,MCT LIFT,119.9
2026-06-01,Maca Peruana,59.9
2026-06-01,Magnésio - 3MAG - Pool de Magnésio,209.7
2026-06-01,Magnésio - Inositol Relief 3.0,1459.83
2026-06-01,Magnésio Bisglicinato,99.8
2026-06-01,Magnésio Inositol,634.6
2026-06-01,Magnésio Plus - 350mg,84.9
2026-06-01,Magnésio Plus 900mg,284.79
2026-06-01,Magnésio Quelato - Bio Mag,74.9
2026-06-01,Melatonina,50.99
2026-06-01,Melatonina - Sleepfor,79.9
2026-06-01,Melatonina Duo Harmony,129.9
2026-06-01,Melatonina Em Gotas Premium - 210mcg,69.8
2026-06-01,Melatonina Fast,34.9
2026-06-01,Morning Shot - Imunidade,314.7
2026-06-01,Multivitaminino - Multi All,79.9
2026-06-01,Multivitamínico Support,355.8
2026-06-01,Omegafor Family - Ômega 3,194.8
2026-06-01,Omegafor Plus,2943.1
2026-06-01,Omegafor Vitamins,139.9
2026-06-01,Palatinose,204.7
2026-06-01,Palatinose 100% - Carbolift,99.9
2026-06-01,Pasta de Amendoim Integral,18.89
2026-06-01,Probiótico - Simcaps,149.8
2026-06-01,Probiótico - Simfort Plus,349.5
2026-06-01,Propolis + Quercetin + Vitamin C,439.6
2026-06-01,Protein Booster Pro,21.89
2026-06-01,Protein Brownie,64.9
2026-06-01,Proteína Isolada e Hidrolisada - Body Protein,659.7
2026-06-01,Pré-Treino,139.9
2026-06-01,Pré-Treino - Beta Action,219.9
2026-06-01,Pré-Treino - V Fort Ultra,259.8
2026-06-01,Pré-Treino Energy ATP®,209.9
2026-06-01,Própolis Trio,209.7
2026-06-01,Própolis Verde - Alcoólico,29.9
2026-06-01,Própolis Verde - Propomax,119.6
2026-06-01,Psyllium,399.49
2026-06-01,Refil Whey Concentrado - W100,389.7
2026-06-01,Refil Whey Concentrado Havanna - W100,279.8
2026-06-01,Refil Whey Protein Concentrado,399.9
2026-06-01,Resveratrol 500mg,75.99
2026-06-01,Resveratrol Plus - 165mg,519.6
2026-06-01,Sachê Body Protein,27.8
2026-06-01,Sachê Magnésio + Inositol Relief 3.0,17.8
2026-06-01,Sachê Proteína Vegetal,10.9
2026-06-01,Sachê True Whey Protein,19.9
2026-06-01,Simfort Femme,99.9
2026-06-01,Simfort fibras,64.9
2026-06-01,Sleep,379.8
2026-06-01,Super Ômega 3,1069.68
2026-06-01,SuperCoffee,1299.57
2026-06-01,SuperCoffee Língua de gato - Kopenhagen,209.9
2026-06-01,Suplemento - Hyaluronic Hair,74.9
2026-06-01,Suplemento Alimentar  - Hepatofor,199.8
2026-06-01,Suplemento Alimentar - Alpha Inflaminus,289.8
2026-06-01,Suplemento Alimentar - Alpha Mater,309.8
2026-06-01,"Suplemento Alimentar - Cabelo, Pele e Unha - Gomas",75.99
2026-06-01,"Suplemento Alimentar - Cabelo, Unha e Pele - Beauty +",129.9
2026-06-01,Suplemento Alimentar - GUARDIAN®,833.78
2026-06-01,Suplemento Alimentar - Green Shot,84.9
2026-06-01,Suplemento de Magnésio - Blue Calm,109.9
2026-06-01,Suplemento para Imunidade - Immune Up 100%,239.98
2026-06-01,Tasty Whey 3W Gourmet,959.6
2026-06-01,Termogênico - Termo Plus,129.99
2026-06-01,Trio Magnésio 720mg,259.96
2026-06-01,True Cúrcuma,269.7
2026-06-01,Vitamina B12,79.8
2026-06-01,Vitamina B12 - Bio B12,169.8
2026-06-01,Vitamina C + Zinco - Gomas,64.9
2026-06-01,Vitamina C - 500mg,39.48
2026-06-01,Vitamina C - Bio Vit C+,109.8
2026-06-01,Vitamina C3 - 1000mg,54.9
2026-06-01,Vitamina D - Vita D3,290.5
2026-06-01,Vitamina D - Vita D3 + C + Zinco,349.5
2026-06-01,Vitamina D3,179.6
2026-06-01,Vitamina D3 + K2,349.5
2026-06-01,Vitamina D3 + K2 Gotas,69.9
2026-06-01,Vitamina D3 Synergy,179.7
2026-06-01,"Vitaminas A, E, D e K2- RESTAURE® - Gotas",464.7
2026-06-01,W100 Whey Concentrado - Sachê,107.1
2026-06-01,W100 Whey Concentrado Havanna - Sachê,12.9
2026-06-01,Whey,1559.6
2026-06-01,Whey 3W -  Sachê,32.7
2026-06-01,Whey Concentrado - W100,139.9
2026-06-01,Whey Fort 3W,239.9
2026-06-01,Whey Isolado - Isofort Ultra Imuno,679.8
2026-06-01,Whey Isolado e Hidrolisado - H.I Whey,499.8
2026-06-01,Whey Protein - 3W - The Whey,239.8
2026-06-01,Whey Protein - CLEANPRO,149.9
2026-06-01,Whey Protein Concentrado,7848.82
2026-06-01,Whey Protein Concentrado - Sachê,115.2
2026-06-01,Whey Protein Concentrado Cappuccino 900g DUX,439.8
2026-06-01,Whey Protein ISO 100 Hydrolyzed,899.9
2026-06-01,Whey Protein Isolado,3729.62
2026-06-01,Whey Protein Isolado - Isofort,944.7
2026-06-01,Whey Protein Isolado - Sachê,39.98
2026-06-01,Whey Protein Isolado - Tasty Iso,339.9
2026-06-01,Whey hidrolisado e isolado,619.8
2026-06-01,Zinco Quelato,85.8
2026-06-01,Ômega -  Mega DHA,199.8
2026-06-01,Ômega 3,369.7
2026-06-01,Ômega 3 - 1360mg,139.9
2026-06-01,Ômega 3 - DHA Vegan 430mg,149.9
2026-06-01,Ômega 3 - EPA DHA - 1000mg,752.9
2026-06-01,Ômega 3 - Supra DHA,117.03
2026-06-01,Ômega 3 - Ultra Caps 1000mg,159.9
2026-06-01,Ômega 3 EPA DHA,852.37
2026-06-01,Ômega 3 Fosfatix,169.9
2026-06-01,Ômega 3 Super DHA BIG,189.9
2026-06-01,Ômega Golden,219.9
2026-06-01,Ômegafor Vegan 400mg,219.8
2026-06-08,100% Whey Pure,434.7
2026-06-08,Aminoácido - Aminovita,349.8
2026-06-08,Aminoácido N-acetil L-cisteína (NAC),212.7
2026-06-08,Aminoácidos - Aminnu EAAs,199.99
2026-06-08,Aminoácidos - Aminnu EAAs - Sem Xilitol,417.89
2026-06-08,Barrinha de Proteína,222.4
2026-06-08,Barrinha de Proteína - Protein Crisp Bar,286.6
2026-06-08,Barrinha de Proteína Choco Wheyfer,84.9
2026-06-08,Barrinha de Proteína Collagen Bar,109.9
2026-06-08,Barrinha de Proteína Tube,9.9
2026-06-08,Bebida Proteica - Natural Whey 14g,123.04
2026-06-08,Beef Protein,249.9
2026-06-08,Beta Alanina,137.8
2026-06-08,Beta Alanina 100%,47.9
2026-06-08,Bio Cálcio  60 caps PURAVIDA,239.7
2026-06-08,Bio Ferro,85.8
2026-06-08,Body Protein Vegano,159.9
2026-06-08,Bom Ciclo,159.8
2026-06-08,Booster Energético - Upgrade Energy - TCM,139.9
2026-06-08,"Boraprim - Borragem, Prímula e Gergelim",684.2
2026-06-08,Cafeína,49.9
2026-06-08,Chocolate 70% Cacau,21.6
2026-06-08,Chá,14.1
2026-06-08,Chá Sublime - Brisa,6.9
2026-06-08,Chá Sublime - Inverno,6.9
2026-06-08,Coenzima  Q10 - 100mg,89.9
2026-06-08,Coenzima Q10,229.8
2026-06-08,Coenzima Q10  (200mg p/ porção),1099.5
2026-06-08,Coenzima Q10 (200mg p/ porção),559.6
2026-06-08,Coenzima Q10 + Ômega 3 + Vitamina E,159.9
2026-06-08,Coenzima Q10 - (100mg p/ porção),84.9
2026-06-08,Coenzima Q10 - 100mg,109.9
2026-06-08,Colágeno - Colagentek II,104.9
2026-06-08,Colágeno - Colagentek Protein - Bodybalance,759.6
2026-06-08,Colágeno - Collagen Bones,199.9
2026-06-08,Colágeno - Collagen Gut,194.9
2026-06-08,Colágeno - Collagen Protein Hidrolisado,359.8
2026-06-08,Colágeno - Collagen Protein Hidrolisado Berries Silvestres 450g PURAVIDA,179.9
2026-06-08,Colágeno - Collagen Renew Hidrolisado,449.5
2026-06-08,Colágeno - Collagen Tipo II 40mg,179.8
2026-06-08,Colágeno - Collcreatine,189.9
2026-06-08,Colágeno Collagen Skin,194.9
2026-06-08,Colágeno Hidrolisado - Collagen Pro 18g,899.4
2026-06-08,Colágeno Tipo II,59.9
2026-06-08,Colágeno Tipo II - Artro Aid,99.9
2026-06-08,Complexo B - Vit B Complex,139.8
2026-06-08,Complexo B 500mg,49.9
2026-06-08,Coq10,239.9
2026-06-08,Coq10 + Vitamina E,134.9
2026-06-08,Cranberry - She She Comfort,69.9
2026-06-08,Creatina,99.99
2026-06-08,Creatina - Creafort (Creapure),979.4
2026-06-08,Creatina 100%,179.8
2026-06-08,Creatina 100% Pure,109.9
2026-06-08,Creatina Monohidratada,1453.2
2026-06-08,Creatina Monohidratada (Creapure),1129.4
2026-06-08,Creatina Monohidratada - Creatine,569.94
2026-06-08,Creatina Monohidratada - Hardcore,269.7
2026-06-08,Cúrcuma - Curcumagic,619.6
2026-06-08,Cúrcuma Plus,749.0
2026-06-08,Diabo Verde - Dilabol Pump,78.9
2026-06-08,Eletrólitos,324.2
2026-06-08,Eletrólitos - Hydration,6.99
2026-06-08,Energy Kick - Sachê,9.9
2026-06-08,Enzima - Enzyfor,79.9
2026-06-08,Enzimas Enzyfor,299.8
2026-06-08,Extrato de Laranja Moro 400mg,99.9
2026-06-08,Fe - Complex,139.8
2026-06-08,Ferro - Ydrosolv,99.9
2026-06-08,Ferro Plus,34.9
2026-06-08,Ferro Quelato + Vitamina C,109.8
2026-06-08,Fiber Biome,172.9
2026-06-08,Fibras - Fiberlift,139.9
2026-06-08,Focus Energy,79.2
2026-06-08,Fresh Vegan,379.98
2026-06-08,Fresh Whey,1451.57
2026-06-08,Gluatamina em Sachê - Glutamax,99.9
2026-06-08,Glutamina,179.7
2026-06-08,Glutamina - Glutamax,359.6
2026-06-08,Glutamina Isolates,69.9
2026-06-08,Glutamina em Pó,99.9
2026-06-08,Gold Whey Concentrado Refil,185.99
2026-06-08,Granola,32.9
2026-06-08,Granola Australia - Low Carb,39.9
2026-06-08,Hipercalórico - Creamass,99.9
2026-06-08,Hydro Protein,87.92
2026-06-08,Immuno Whey,249.9
2026-06-08,Intratreino - Intra Workout,139.35
2026-06-08,Isofort Plant (Life Vegan),139.9
2026-06-08,Livestrong,317.9
2026-06-08,Magnésio - 3MAG - Pool de Magnésio,209.7
2026-06-08,Magnésio - Mag 5 Complex,159.8
2026-06-08,Magnésio Inositol,519.7
2026-06-08,Magnésio Plus - 350mg,509.4
2026-06-08,Magnésio Plus 900mg,299.7
2026-06-08,Magnésio Quelato - Bio Mag,74.9
2026-06-08,Melatonina - Sleepfor,159.8
2026-06-08,Melatonina Duo,139.8
2026-06-08,Melatonina Duo Harmony,259.8
2026-06-08,Morning Shot - Imunidade,104.9
2026-06-08,Multivitaminico - Imunomult- 1000mg,299.7
2026-06-08,N-Acetil Cisteína (NAC),89.9
2026-06-08,NAC,53.9
2026-06-08,NAC Acetilcisteína -  600mg,79.9
2026-06-08,Omegafor Plus,1209.3
2026-06-08,Palatinose,194.03
2026-06-08,Pasta de Amendoim Granulado,29.9
2026-06-08,Pasta de Amendoim Integral,18.89
2026-06-08,Prebiótico - Fiber Liv,159.8
2026-06-08,Probiótico - Probio20Bi,206.25
2026-06-08,Probiótico - Simcaps,224.7
2026-06-08,Probiótico - Simfort Plus,929.1
2026-06-08,Profem - Óleo de Prímula,64.9
2026-06-08,Protein Booster Pro,65.94
2026-06-08,Proteina Vegetal - True Vegan,194.9
2026-06-08,Proteína - Isocrisp Plant Pouch,194.7
2026-06-08,Proteína Isolada e Hidrolisada - Body Protein,1960.2
2026-06-08,Proteína Isolada e Hidrolisada - Body Protein Red,439.8
2026-06-08,Pré-Treino - V Fort Ultra,129.9
2026-06-08,Pré-treino - Energy Kick,139.9
2026-06-08,Pré-treino - Energy Kick Caffeine,139.9
2026-06-08,Própolis Verde - Propomax,89.7
2026-06-08,Própolis Verde 70,39.9
2026-06-08,Psyllium,39.99
2026-06-08,Refil Whey 100% Pure,139.9
2026-06-08,Refil Whey Concentrado - W100,129.9
2026-06-08,Refil Whey Concentrado Havanna - W100,419.7
2026-06-08,Refil Whey Protein Concentrado,299.8
2026-06-08,Refil Whey Protein Isolado,649.9
2026-06-08,Resveratrol - Resveramax,179.9
2026-06-08,Resveratrol 500mg,179.8
2026-06-08,Resveratrol Plus - 165mg,259.8
2026-06-08,Sachê Body Protein,27.8
2026-06-08,Sachê Proteína Vegetal,43.6
2026-06-08,Simfort Ultra,89.9
2026-06-08,Sleep,114.9
2026-06-08,Super Ômega 3,1899.3
2026-06-08,SuperCoffee,2008.8
2026-06-08,SuperCoffee Língua de gato - Kopenhagen,839.6
2026-06-08,Suplemento - Hyaluronic Hair,74.9
2026-06-08,Suplemento Alimentar - Alpha Inflaminus,144.9
2026-06-08,Suplemento Alimentar - Alpha Men,169.9
2026-06-08,Suplemento Alimentar - Alpha Metabolicus,129.9
2026-06-08,Suplemento Alimentar - Alpha Women,149.9
2026-06-08,"Suplemento Alimentar - Cabelo, Unha e Pele - Beauty +",129.9
2026-06-08,Suplemento Alimentar - GUARDIAN®,620.97
2026-06-08,Suplemento de Magnésio - Blue Calm,329.7
2026-06-08,Tasty Whey 3W Gourmet,691.88
2026-06-08,Trio Magnésio 720mg,139.8
2026-06-08,V-Coffee Energy Boost,95.9
2026-06-08,Veggie Protein - Sachê,219.0
2026-06-08,Vinagre de Maçã Orgânico,34.9
2026-06-08,Vitamina B12,279.3
2026-06-08,Vitamina B12 - Bio B12,84.9
2026-06-08,Vitamina C3 - 1000mg,189.8
2026-06-08,Vitamina D - Vita D3,345.4
2026-06-08,Vitamina D - Vita D3 + C + Zinco,69.9
2026-06-08,Vitamina D3,219.6
2026-06-08,Vitamina D3 + K2,69.9
2026-06-08,"Vitaminas A, E, D e K2- RESTAURE® - Gotas",149.99
2026-06-08,Whey,3568.9
2026-06-08,Whey - Zero Lactose,257.9
2026-06-08,Whey 3W -  Sachê,21.8
2026-06-08,Whey Fort 3W,1394.7
2026-06-08,Whey Isolado e Hidrolisado - H.I Whey,499.8
2026-06-08,Whey Protein - Isofort Beauty,299.8
2026-06-08,Whey Protein Concentrado,5497.5
2026-06-08,Whey Protein Concentrado Cappuccino 900g DUX,439.8
2026-06-08,Whey Protein Crisp - Isocrisp,49.9
2026-06-08,Whey Protein Isolado,4768.6
2026-06-08,Whey Protein Isolado - Isofort,629.8
2026-06-08,Whey Protein Isolado - Sachê,91.6
2026-06-08,Whey hidrolisado e isolado,619.8
2026-06-08,Zinco Quelato,128.7
2026-06-08,Óleo de Prímula - 500mg,39.9
2026-06-08,Ômega - DHA 1000,119.9
2026-06-08,Ômega 3,189.9
2026-06-08,Ômega 3 - 1360mg,839.4
2026-06-08,Ômega 3 - EPA DHA - 1000mg,575.2
2026-06-08,Ômega 3 - Omegafor Memory,464.6
2026-06-08,Ômega 3 - Ultra Caps 1000mg,159.9
2026-06-08,Ômega 3 DHA,139.9
2026-06-08,Ômega 3 EPA DHA,1223.7
2026-06-08,Ômega 3 Super DHA,259.8
2026-06-08,Ômega 3 Super DHA BIG,189.9
2026-06-08,Ômega Ultra - 1000mg,94.9
2026-06-15,#Whey Fort 3W,239.9
2026-06-15,Aminoácido N-acetil L-cisteína (NAC),159.8
2026-06-15,Aminoácidos - Aminolift,209.9
2026-06-15,Aveia - Flocos Grossos,15.9
2026-06-15,BT Nitrato 400,174.9
2026-06-15,Barra Chocolate 70%,18.89
2026-06-15,Barrinha de Proteína,201.6
2026-06-15,Barrinha de Proteína - Best Whey Bar,10.56
2026-06-15,Barrinha de Proteína - Protein Crisp Bar,92.9
2026-06-15,Barrinha de Proteína Protein Crisp,79.9
2026-06-15,Barrinha de Proteína Vegan Radiance Joy,139.9
2026-06-15,Bebida Proteica - Collagen Pept Protein,159.0
2026-06-15,Beef Protein,559.8
2026-06-15,Best Whey,229.9
2026-06-15,Beta Alanina,68.9
2026-06-15,Bio Cálcio  60 caps PURAVIDA,79.9
2026-06-15,Bio Ferro,85.8
2026-06-15,Bio Zinco,73.8
2026-06-15,Biotina Plus,93.8
2026-06-15,Biscoito Proteico - Sublime,12.38
2026-06-15,Body Protein Fresh,244.9
2026-06-15,Body Strong Protein,384.9
2026-06-15,BodyBalance - Muscle Synergy,244.9
2026-06-15,"Boraprim - Borragem, Prímula e Gergelim",179.8
2026-06-15,Cacau Premium,74.9
2026-06-15,Chá,34.5
2026-06-15,Coenzima Q10,262.89
2026-06-15,Coenzima Q10  (200mg p/ porção),439.8
2026-06-15,Coenzima Q10 (200mg p/ porção),419.7
2026-06-15,Coenzima Q10 - 200mg,144.9
2026-06-15,Coenzima Q10 200mg,89.9
2026-06-15,Coffee - Brainstorm,129.9
2026-06-15,Colágeno - Colagentek,189.8
2026-06-15,Colágeno - Colagentek II,389.7
2026-06-15,Colágeno - Colagentek Protein - Bodybalance,1139.4
2026-06-15,Colágeno - Collagen Essential Protein,1199.5
2026-06-15,Colágeno - Collagen Renew Hidrolisado,269.7
2026-06-15,Colágeno - Collagen Tipo II 40mg,359.6
2026-06-15,Colágeno - Multi Collagen,249.9
2026-06-15,Colágeno Hidrolisado - Collagen Pro 18g,149.9
2026-06-15,Colágeno Tipo II,59.9
2026-06-15,Colágeno Tipo II - Artro Aid,399.6
2026-06-15,Colágeno tipo 2 - Colagentek II,104.9
2026-06-15,Complexo B,129.9
2026-06-15,Complexo B 500mg,49.9
2026-06-15,Cranberry - She She Comfort,69.9
2026-06-15,Creatina,99.99
2026-06-15,Creatina - Creafort (Creapure),1269.3
2026-06-15,Creatina - Creapure,129.9
2026-06-15,Creatina - Creatine Tasty,110.9
2026-06-15,Creatina 100%,89.9
2026-06-15,Creatina Monohidratada,1710.16
2026-06-15,Creatina Monohidratada (Creapure),639.7
2026-06-15,Creatina Monohidratada -  Crealift (Creapure),299.99
2026-06-15,Creatina Monohidratada - Creatine,94.99
2026-06-15,Creatina Monohidratada Refil,54.9
2026-06-15,Creatine Action - Gummy,119.9
2026-06-15,Cromo Picolinato - 250mg,55.8
2026-06-15,Cálcio de Algas 1000mg,64.9
2026-06-15,Cúrcuma Plus,204.7
2026-06-15,Dado de creatina,129.9
2026-06-15,Eletrólitos,94.9
2026-06-15,Feno Grego + Boro - Testofem,104.9
2026-06-15,Ferro - Ydrosolv,99.9
2026-06-15,Ferro Quelato + Vitamina C,109.8
2026-06-15,Fresh Whey,479.8
2026-06-15,FreshWhey - Sachê,16.9
2026-06-15,Gaba Complex,139.99
2026-06-15,Gel Nitrato com L-Citrulinilarginina,21.8
2026-06-15,Glutamina,159.8
2026-06-15,Glutamina - Glutamax,239.7
2026-06-15,Glutamina Pure,119.9
2026-06-15,Gold Whey Concentrado Refil,185.99
2026-06-15,Granola Australia - Low Carb,44.9
2026-06-15,Isofort Plant (Life Vegan),699.5
2026-06-15,L-Taurina - 1.000mg,41.9
2026-06-15,Maca Peruana,109.8
2026-06-15,Magnésio,99.8
2026-06-15,Magnésio - Inositol Relief 3.0,399.8
2026-06-15,Magnésio - Mag 5 Complex,79.9
2026-06-15,Magnésio Bisglicinato,49.9
2026-06-15,Magnésio Inositol,184.9
2026-06-15,Magnésio Inositol Relax,273.9
2026-06-15,Magnésio Plus - 350mg,169.8
2026-06-15,Melatonina,59.9
2026-06-15,Melatonina - Sleepfor,79.9
2026-06-15,Melatonina Duo,69.9
2026-06-15,Metilfolato,48.9
2026-06-15,Morning Shot - Imunidade,209.8
2026-06-15,Multivitaminico  - Imunomult- 1000mg,139.9
2026-06-15,Multivitaminico - Imunomult- 1000mg,99.9
2026-06-15,Multivitaminino - Multi All,159.8
2026-06-15,Multivitamínico - Vitalift,194.9
2026-06-15,Multivitamínicos - Gummy,79.9
2026-06-15,NAC,53.9
2026-06-15,Omegafor Family - Ômega 3,124.9
2026-06-15,Omegafor Plus,4157.6
2026-06-15,Probiótico - Simfort Plus,429.6
2026-06-15,Profem - Óleo de Prímula,64.9
2026-06-15,Propolis + Quercetin + Vitamin C,219.8
2026-06-15,Protein Booster Pro,32.97
2026-06-15,Proteína Isolada e Hidrolisada - Body Protein,879.6
2026-06-15,Proteína Vegana - Veggie Protein,254.9
2026-06-15,Pré-Treino  - Stim Free,129.9
2026-06-15,Pré-Treino - V Fort Ultra,389.7
2026-06-15,Pré-Treino Energy ATP®,209.9
2026-06-15,Próbiotico - Purabiotics,89.9
2026-06-15,Própolis Alcoólico,29.9
2026-06-15,Própolis Líquido - Gotas,99.8
2026-06-15,Própolis Verde,108.8
2026-06-15,Própolis Verde - Alcoólico,29.9
2026-06-15,Própolis Verde 70,159.6
2026-06-15,Psyllium,263.87
2026-06-15,Refil Whey 100% Pure,139.9
2026-06-15,Refil Whey Concentrado - W100,259.8
2026-06-15,Refil Whey Protein Isolado,649.9
2026-06-15,Resveratrol 500mg,179.8
2026-06-15,Resveratrol Plus - 165mg,259.8
2026-06-15,Salgadinho,23.6
2026-06-15,Snack Proteico,32.7
2026-06-15,Super Ômega 3,819.6
2026-06-15,SuperCoffee,2184.07
2026-06-15,SuperCoffee Língua de gato - Kopenhagen,209.9
2026-06-15,Suplemento - Hyaluronic Hair,74.9
2026-06-15,Suplemento - Super Sono,119.9
2026-06-15,Suplemento Alimentar  - Hepatofor,99.9
2026-06-15,Suplemento Alimentar - Alpha Inflaminus,144.9
2026-06-15,Suplemento Alimentar - GUARDIAN®,229.9
2026-06-15,Suplemento Alimentar - Immune +,164.9
2026-06-15,Suplemento Alimentar - Pura Fiber,84.9
2026-06-15,Suplemento de Magnésio - Blue Calm,259.8
2026-06-15,Tasty Whey 3W Gourmet,1849.65
2026-06-15,Termogênico - Lipix6,199.8
2026-06-15,Trio Magnésio 720mg,209.7
2026-06-15,Triptofano Noite,89.9
2026-06-15,Ultracoffee - Vegano,108.99
2026-06-15,Vegan Protein,139.9
2026-06-15,Vegan Ômega 3 DHA,124.9
2026-06-15,Vitamina - Good Mood,119.8
2026-06-15,Vitamina A - 8000 Ui,29.9
2026-06-15,Vitamina B12,234.4
2026-06-15,Vitamina C - 500mg,39.48
2026-06-15,Vitamina D - Kids,164.7
2026-06-15,Vitamina D - Vita D3,631.9
2026-06-15,Vitamina D - Vita D3 + C + Zinco,183.6
2026-06-15,Vitamina D3,134.7
2026-06-15,Vitamina D3 + K2,139.8
2026-06-15,"Vitaminas A, E, D e K2- RESTAURE® - Gotas",509.7
2026-06-15,Whey,689.89
2026-06-15,Whey Fort 3W,479.8
2026-06-15,Whey Isolado e Hidrolisado - H.I Whey,509.89
2026-06-15,Whey Protein - 3W - The Whey,1438.8
2026-06-15,Whey Protein - Isofort Beauty,599.6
2026-06-15,Whey Protein Concentrado,5130.0
2026-06-15,Whey Protein Concentrado - Sachê,59.6
2026-06-15,Whey Protein Concentrado Cappuccino 900g DUX,219.9
2026-06-15,Whey Protein ISO 100 Hydrolyzed,739.8
2026-06-15,Whey Protein Isolado,5764.57
2026-06-15,Whey Protein Isolado - Isofort,314.9
2026-06-15,Whey Protein Isolado - Sachê,68.7
2026-06-15,Whey hidrolisado e isolado,591.98
2026-06-15,Zinco Quelado,34.9
2026-06-15,Óleo de Krill  - Ômega 3 EPA DHA,109.9
2026-06-15,Ômega -  Mega DHA,99.9
2026-06-15,Ômega - Mega DHA,359.8
2026-06-15,Ômega 3,374.89
2026-06-15,Ômega 3 - 1360mg,559.6
2026-06-15,Ômega 3 - EPA DHA - 1000mg,384.5
2026-06-15,Ômega 3 - Omegafor Memory,239.8
2026-06-15,Ômega 3 EPA DHA,551.2
2026-06-15,Ômega 3 Super DHA,129.9
2026-06-15,Ômegafor Vegan 400mg,109.9
2026-06-22,100% Whey Pure,289.8
2026-06-22,Adoçante Zero,44.9
2026-06-22,Aminoácido - Amino Greens,209.9
2026-06-22,Aminoácido - Aminovita,174.9
2026-06-22,Aminoácido N-acetil L-cisteína (NAC),239.7
2026-06-22,Amora Miúra - 1500mg,44.9
2026-06-22,Antioxidante - Luteína e Zeaxantina,69.9
2026-06-22,BT Nitrato,149.9
2026-06-22,Barrinha - Body Protein,32.7
2026-06-22,Barrinha de Chocolate 41%,19.89
2026-06-22,Barrinha de Proteina - Protein Crisp Bar,92.9
2026-06-22,Barrinha de Proteína,68.5
2026-06-22,Barrinha de Proteína - Protein Crisp Bar,116.6
2026-06-22,Barrinha de Proteína - YOPRO,12.9
2026-06-22,Barrinha de Proteína Best Whey 49g (12g de Proteína),104.9
2026-06-22,Barrinha de Proteína Choco Wheyfer,52.3
2026-06-22,Barrinha de Proteína Crunch,29.8
2026-06-22,Barrinha de Proteína Crush Bar,27.7
2026-06-22,Barrinha de Proteína Whey Grego - Havanna,96.9
2026-06-22,Bebida Proteica - Natural Whey 14g,7.69
2026-06-22,Bebida Vegetal em Pó - Vegan Delight,99.9
2026-06-22,Beef Protein,1250.97
2026-06-22,Best Whey,459.8
2026-06-22,Beta Alanina,148.8
2026-06-22,Beta Alanina 100%,47.9
2026-06-22,Bio B - Complex®,104.9
2026-06-22,Bio Ferro,85.8
2026-06-22,Bio Zinco,36.9
2026-06-22,Biscoito Proteico - Sublime,50.56
2026-06-22,Bom Ciclo,79.9
2026-06-22,Booster Energético - Upgrade Energy - TCM,139.9
2026-06-22,"Boraprim - Borragem, Prímula e Gergelim",269.7
2026-06-22,Cacau Premium,149.8
2026-06-22,Cafeína,49.9
2026-06-22,Cappuccino Whey - Sachê,43.8
2026-06-22,Chocolate 40%,18.89
2026-06-22,Chá Misto,6.9
2026-06-22,Chá Sublime - Inverno,6.9
2026-06-22,Cocada,4.9
2026-06-22,Coenzima  Q10 - 100mg,89.9
2026-06-22,Coenzima Q10,314.95
2026-06-22,Coenzima Q10  (200mg p/ porção),219.9
2026-06-22,Coenzima Q10 (200mg p/ porção),559.6
2026-06-22,Coenzima Q10 - 200mg,144.9
2026-06-22,Coenzima Q10 200mg,89.9
2026-06-22,Colágeno - Colagentek,284.7
2026-06-22,Colágeno - Colagentek Beauty,139.9
2026-06-22,Colágeno - Colagentek II,389.7
2026-06-22,Colágeno - Colagentek Protein - Bodybalance,1519.2
2026-06-22,Colágeno - Collagen Bones,199.9
2026-06-22,Colágeno - Collagen Derm,174.9
2026-06-22,Colágeno - Collagen Essential Protein,686.97
2026-06-22,Colágeno - Collagen Pro - Body Suport,629.7
2026-06-22,Colágeno - Collagen Protein Hidrolisado,179.9
2026-06-22,Colágeno - Collagen Protein Hidrolisado Berries Silvestres 450g PURAVIDA,179.9
2026-06-22,Colágeno - Collagen Renew Hidrolisado,179.8
2026-06-22,Colágeno - Collagen Tipo II 40mg,89.9
2026-06-22,Colágeno Collagen Flex Beauty,174.9
2026-06-22,Colágeno Hidrolisado - Collagen Pro 18g,749.5
2026-06-22,Complexo B 500mg,49.9
2026-06-22,Coq10 + Vitamina E,134.9
2026-06-22,Creatina,169.8
2026-06-22,Creatina - Creafort (Creapure),1369.2
2026-06-22,Creatina - Creapure,259.8
2026-06-22,Creatina 100%,269.6
2026-06-22,Creatina 100% Pure,76.99
2026-06-22,Creatina Monohidratada,1650.65
2026-06-22,Creatina Monohidratada (Creapure),179.9
2026-06-22,Creatina Monohidratada - Creatine,299.7
2026-06-22,Creatine Action - Gummy,119.9
2026-06-22,Cromo Picolinato - 250mg,55.8
2026-06-22,Curcumina,99.9
2026-06-22,Cúrcuma - Curcumagic,154.9
2026-06-22,Cúrcuma Plus,149.8
2026-06-22,Eletrólitos,68.9
2026-06-22,Enzima Lactase - Laczyme,84.9
2026-06-22,Expresso Whey - Sachê,19.9
2026-06-22,Fe - Complex,69.9
2026-06-22,Ferro - Ydrosolv,219.8
2026-06-22,Ferro Plus,34.9
2026-06-22,Ferro Quelato + Vitamina C,40.99
2026-06-22,Fibras Prébioticas - Prebiotic,69.9
2026-06-22,Fresh Vegan,199.9
2026-06-22,Fresh Whey,1594.3
2026-06-22,Glutamina - Glutamax,209.7
2026-06-22,Glutamina - Glutamax Refil,139.9
2026-06-22,Granola Australia - Low Carb,54.9
2026-06-22,Immuno Whey,599.78
2026-06-22,Levedura - Nutri Yeas Flakes,92.17
2026-06-22,Livestrong,299.99
2026-06-22,Magnésio,149.7
2026-06-22,Magnésio - Inositol Relief 3.0,1799.1
2026-06-22,Magnésio - Inositol Relief 3.0 Sem Melatonina,219.9
2026-06-22,Magnésio - Mag 5 Complex,79.9
2026-06-22,Magnésio Inositol,669.6
2026-06-22,Magnésio Inositol Relax,273.9
2026-06-22,Magnésio Plus - 350mg,169.8
2026-06-22,Magnésio Plus 900mg,189.98
2026-06-22,Magnésio Quelato - Bio Mag,74.9
2026-06-22,Melatonina,59.9
2026-06-22,Melatonina - Sleepfor,79.9
2026-06-22,Melatonina - Ydrosolv,99.9
2026-06-22,Melatonina Fast,34.9
2026-06-22,Mg Complex,96.9
2026-06-22,Morning Shot - Imunidade,314.7
2026-06-22,Multivitaminico - Imunomult- 1000mg,199.8
2026-06-22,Multivitaminino - Multi All,79.9
2026-06-22,NAC,194.7
2026-06-22,NAC Acetilcisteína -  600mg,79.9
2026-06-22,NAC PRO,99.99
2026-06-22,Nitro 400,359.8
2026-06-22,Omegafor Plus,1389.0
2026-06-22,Palatinose,69.9
2026-06-22,Palatinose 100% - Carbolift,349.8
2026-06-22,Pasta de Amendoim Integral,56.67
2026-06-22,Probiótico - Simfort Plus,1049.0
2026-06-22,Probióticos,66.9
2026-06-22,Probióticos em Pó - Simfort,189.8
2026-06-22,Propolis + Quercetin + Vitamin C,109.9
2026-06-22,Protein Booster Pro,154.8
2026-06-22,Proteina Vegetal,159.9
2026-06-22,Proteina Vegetal - True Vegan,194.9
2026-06-22,Proteína Isolada e Hidrolisada - Body Protein,439.8
2026-06-22,Proteína Isolada e Hidrolisada - Body Protein Red,219.9
2026-06-22,Proteína Vegana - Immuno Veggie,599.78
2026-06-22,Proteína Vegana - Vegan Tasty,259.8
2026-06-22,Próbiotico - Purabiotics,89.9
2026-06-22,Própolis Líquido - Gotas,99.8
2026-06-22,Própolis Verde 70,79.8
2026-06-22,Psyllium,503.93
2026-06-22,Refil 100% Whey Protein - Flavour,119.9
2026-06-22,Refil Whey 100% Pure,159.9
2026-06-22,Refil Whey Concentrado - W100,649.5
2026-06-22,Refil Whey Protein - 3W,199.9
2026-06-22,Refil Whey Protein Concentrado,179.9
2026-06-22,Refil Whey Protein Isolado,1299.8
2026-06-22,Resveratrol 500mg,269.7
2026-06-22,Resveratrol Plus - 165mg,129.9
2026-06-22,Sachê Super Café - Desincoffee,6.9
2026-06-22,Salgadinho,23.6
2026-06-22,Shot Matinal,71.99
2026-06-22,Sleep,114.9
2026-06-22,Snack Proteico,119.9
2026-06-22,Super Café - Desincoffee,293.7
2026-06-22,Super Ômega 3,554.79
2026-06-22,SuperCoffee,1179.84
2026-06-22,Supercoffee Protein,229.9
2026-06-22,Suplemento - Hyaluronic Hair,74.9
2026-06-22,Suplemento Alimentar - Alpha Mater,154.9
2026-06-22,"Suplemento Alimentar - Cabelo, Unha e Pele - Beauty +",389.7
2026-06-22,"Suplemento Alimentar - Cabelo, Unha e Pele - Supreme Beauty",149.9
2026-06-22,Suplemento Alimentar - GUARDIAN®,919.6
2026-06-22,Suplemento de Magnésio - Blue Calm,159.9
2026-06-22,Suplemento para Imunidade - Immune Up 100%,389.7
2026-06-22,Tablete de Doce,29.4
2026-06-22,Tasty Whey 3W Gourmet,719.7
2026-06-22,Termogênico - Termo Plus,139.9
2026-06-22,Trio Magnésio 720mg,69.9
2026-06-22,Triptofano Noite,89.9
2026-06-22,Vanilla Whey - Sachê,19.9
2026-06-22,Vitamina - Good Mood,119.8
2026-06-22,Vitamina B12,219.6
2026-06-22,Vitamina C + Zinco - Gomas,60.99
2026-06-22,Vitamina C - 500mg,39.48
2026-06-22,Vitamina C - Bio Vit C+,54.9
2026-06-22,Vitamina D - Vita D3,231.6
2026-06-22,Vitamina D - Vita D3 + C + Zinco,93.8
2026-06-22,Vitamina D3 + K2,139.8
2026-06-22,Vitamina D3 + K2 Gotas,69.9
2026-06-22,Vitamina D3 - 2000 Ui,36.9
2026-06-22,Vitamina K2,49.9
2026-06-22,"Vitaminas A, E, D e K2- RESTAURE® - Gotas",679.6
2026-06-22,W100 Whey Concentrado Havanna - Sachê,12.9
2026-06-22,Whey,1456.95
2026-06-22,Whey 3W,194.9
2026-06-22,Whey 3W -  Sachê,21.8
2026-06-22,Whey Concentrado - W100,139.9
2026-06-22,Whey Double Protein,239.8
2026-06-22,Whey Protein - CLEANPRO,149.9
2026-06-22,Whey Protein - Isofort Beauty,449.7
2026-06-22,Whey Protein Concentrado,5459.74
2026-06-22,Whey Protein Concentrado - Sachê,91.57
2026-06-22,Whey Protein Concentrado Cappuccino 900g DUX,629.97
2026-06-22,Whey Protein Crisp - Isocrisp,99.8
2026-06-22,Whey Protein Isolado,3983.88
2026-06-22,Whey Protein Isolado - Isofort,314.9
2026-06-22,Whey Protein Isolado - Sachê,59.97
2026-06-22,Whey Protein Smoothie,249.9
2026-06-22,Whey Tech 100%,139.9
2026-06-22,Whey hidrolisado e isolado,625.89
2026-06-22,Whey hidrolisado e isolado Creme Broule 837g TRUE SOURCE,329.9
2026-06-22,Zinco Quelato,79.98
2026-06-22,Ômega -  Mega DHA,199.8
2026-06-22,Ômega 3  - 1360mg,219.9
2026-06-22,Ômega 3 - 1360mg,419.7
2026-06-22,Ômega 3 - EPA DHA - 1000mg,507.3
2026-06-22,Ômega 3 - Omegafor Memory,239.8
2026-06-22,Ômega 3 DHA,139.9
2026-06-22,Ômega 3 EPA DHA,316.6
2026-06-22,Ômega 3 IFOS - 660 EPA/ 440 DHA,245.19
2026-06-22,Ômega Beauty,69.99
2026-06-22,Ômega Core,199.99
2026-06-29,100% Whey Pure,314.8
2026-06-29,Achocolatado - Choco Family - Refil,49.9
2026-06-29,Achocolatado - Chocoki,199.8
2026-06-29,Aminoácido - Aminovita,259.8
2026-06-29,Aminoácido N-acetil L-cisteína (NAC),319.6
2026-06-29,Aminoácidos - Aminnu EAAs,229.9
2026-06-29,Aminoácidos - Aminolift,209.9
2026-06-29,Antioxidante - Astaxantina,139.9
2026-06-29,BT Nitrato 400,449.7
2026-06-29,Barrinha - Body Protein,21.8
2026-06-29,Barrinha Charge Bar,90.3
2026-06-29,Barrinha de Chocolate 41%,19.89
2026-06-29,Barrinha de Chocolate 70%,14.9
2026-06-29,Barrinha de Chocolate Branco,9.9
2026-06-29,Barrinha de Chocolate ao Leite,19.8
2026-06-29,Barrinha de Proteína,246.2
2026-06-29,Barrinha de Proteína - Best Whey Bar,10.56
2026-06-29,Barrinha de Proteína - Protein Crisp Bar,71.1
2026-06-29,Barrinha de Proteína Best Whey 49g (12g de Proteína),114.9
2026-06-29,Barrinha de Proteína Choco Wheyfer,7.9
2026-06-29,Barrinha de Proteína Tube,10.9
2026-06-29,Beef Protein,779.79
2026-06-29,Best Whey,439.8
2026-06-29,Beta Alanina,275.6
2026-06-29,Beta Alanina 100%,95.8
2026-06-29,Bio Ferro,42.9
2026-06-29,Biotina Plus,46.9
2026-06-29,Biscoito Proteico - Sublime,12.38
2026-06-29,Body Protein Vegano,159.9
2026-06-29,BodyBalance - Muscle Synergy,519.78
2026-06-29,"Boraprim - Borragem, Prímula e Gergelim",234.7
2026-06-29,Cafeína,52.9
2026-06-29,Chocolate 77% Cacau,36.9
2026-06-29,Chá,21.6
2026-06-29,Chá Misto,6.9
2026-06-29,Chá Sublime - Harmonia,7.2
2026-06-29,Chá Sublime - Inverno,20.7
2026-06-29,Cobre Quelato,27.97
2026-06-29,Coenzima  Q10 - 100mg,89.9
2026-06-29,Coenzima Q10,62.99
2026-06-29,Coenzima Q10  (200mg p/ porção),659.7
2026-06-29,Coenzima Q10 (200mg p/ porção),769.58
2026-06-29,Coenzima Q10 + Ômega 3 + Vitamina E,319.8
2026-06-29,Coenzima Q10 - 100mg,109.9
2026-06-29,Colágeno - Colagentek,284.7
2026-06-29,Colágeno - Colagentek II,629.4
2026-06-29,Colágeno - Colagentek Protein - Bodybalance,1139.4
2026-06-29,Colágeno - Collagen Essential Protein,228.99
2026-06-29,Colágeno - Collagen Protein Hidrolisado,359.8
2026-06-29,Colágeno - Collagen Protein Hidrolisado Berries Silvestres 450g PURAVIDA,359.8
2026-06-29,Colágeno - Collagen Renew Hidrolisado,179.8
2026-06-29,Colágeno - Collagen Tipo II 40mg,89.9
2026-06-29,Colágeno Hidrolisado - Collagen Pro 18g,299.8
2026-06-29,Colágeno Tipo II,119.8
2026-06-29,Coq10 + Vitamina E,374.88
2026-06-29,Creatina - Creafort (Creapure),1159.49
2026-06-29,Creatina - Creatine HMB,184.9
2026-06-29,Creatina 100%,119.8
2026-06-29,Creatina Monohidratada,1019.74
2026-06-29,Creatina Monohidratada (Creapure),1139.4
2026-06-29,Creatina Monohidratada - Hardcore,89.9
2026-06-29,Creatina Premium - Creapure,229.9
2026-06-29,Creatina- Creapure,199.9
2026-06-29,Creatine Action - Gummy,119.9
2026-06-29,Cromo Picolinato - 250mg,27.9
2026-06-29,Cúrcuma Plus,559.2
2026-06-29,Diabo Verde - Dilabol Pump,78.9
2026-06-29,Diabo Verde - Pré-Workout Diploko,79.9
2026-06-29,Eletrólitos,379.6
2026-06-29,Energy Pro Ice Tea,10.9
2026-06-29,Enzimas Enzyfor,149.9
2026-06-29,Ferro - Ydrosolv,109.9
2026-06-29,Ferro Plus,34.9
2026-06-29,Ferro Quelato + Vitamina C,163.96
2026-06-29,Fibras Prébioticas - Prebiotic,139.8
2026-06-29,Fresh Vegan - Sachê,50.7
2026-06-29,Fresh Whey,1789.1
2026-06-29,FreshWhey - Sachê,16.9
2026-06-29,Gaba Complex,279.98
2026-06-29,Glutamina - Glutamax,285.69
2026-06-29,Glutamina Micronizada - 100% Pure,114.9
2026-06-29,Glutamina em Pó,99.9
2026-06-29,Gold Whey Concentrado Refil,194.9
2026-06-29,Granola Australia - Low Carb,109.8
2026-06-29,Grassfed Whey Protein,159.9
2026-06-29,Isofort Plant (Life Vegan),139.9
2026-06-29,L-Carnitina 530mg,109.9
2026-06-29,Levedura - Nutri Yeas Flakes,45.0
2026-06-29,Livestrong,899.97
2026-06-29,Magnésio,99.8
2026-06-29,Magnésio - Inositol Relief 3.0,999.5
2026-06-29,Magnésio - Mag 5 Complex,79.9
2026-06-29,Magnésio Inositol,484.7
2026-06-29,Magnésio Plus - 350mg,424.5
2026-06-29,Magnésio Quelato - Bio Mag,74.9
2026-06-29,Melatonina - Natural Sleep,54.9
2026-06-29,Melatonina em Gotas,46.9
2026-06-29,Morning Shot - Imunidade,314.7
2026-06-29,Multivitaminico  - Imunomult- 1000mg,139.9
2026-06-29,N-Acetil Cisteína (NAC),89.9
2026-06-29,NAC,259.6
2026-06-29,NAC + Glycine + Taurine,204.89
2026-06-29,NAC Acetilcisteína -  600mg,159.8
2026-06-29,Omegafor Family - Ômega 3,139.8
2026-06-29,Omegafor Plus,3747.8
2026-06-29,Palatinose,204.7
2026-06-29,Pasta de Amendoim Integral,37.78
2026-06-29,Probiótico - Simcaps,74.9
2026-06-29,Probiótico - Simfort Plus,569.4
2026-06-29,Protein Booster Pro,12.9
2026-06-29,Proteína Isolada e Hidrolisada - Body Protein,659.7
2026-06-29,Pré-Treino - Beta Action,219.9
2026-06-29,Pré-Treino - V Fort Ultra,129.9
2026-06-29,Própolis Alcoólico,179.4
2026-06-29,Própolis Líquido - Gotas,49.9
2026-06-29,Própolis Verde - Alcoólico,29.9
2026-06-29,Própolis Verde 70,39.9
2026-06-29,Psyllium,71.99
2026-06-29,Pós-treino - Recharge 4:1,260.18
2026-06-29,Refil Whey 100% Pure,159.9
2026-06-29,Refil Whey Concentrado - W100,129.9
2026-06-29,Refil Whey Concentrado Havanna - W100,139.9
2026-06-29,Refil Whey Protein - 3W,199.9
2026-06-29,Refil Whey Protein Concentrado,879.6
2026-06-29,Refil Whey Protein Isolado,649.9
2026-06-29,Resveratrol,68.9
2026-06-29,Resveratrol 500mg,179.8
2026-06-29,Resveratrol Plus - 165mg,509.69
2026-06-29,Sachê True Whey Protein,153.47
2026-06-29,Salgadinho,23.6
2026-06-29,Shot Matinal,71.99
2026-06-29,Simfort Femme,199.8
2026-06-29,Simfort Ultra,169.89
2026-06-29,Snack Proteico,10.9
2026-06-29,Spirulina Orgânica - 200 tabletes,134.9
2026-06-29,Super Café - Desincoffee,195.8
2026-06-29,Super Ômega 3,1454.39
2026-06-29,SuperCoffee,844.95
2026-06-29,SuperCoffee Língua de gato - Kopenhagen,210.99
2026-06-29,Supercoffee Protein,459.8
2026-06-29,Suplemento - Alimentar - Cálcio Citrato Malato,49.9
2026-06-29,Suplemento - Hyaluronic Hair,74.9
2026-06-29,Suplemento Alimentar - Alpha Inflaminus,144.9
2026-06-29,Suplemento Alimentar - GUARDIAN®,459.8
2026-06-29,Suplemento Alimentar - Immune +,164.9
2026-06-29,Suplemento de Magnésio - Blue Calm,109.9
2026-06-29,Tablete de Doce,14.7
2026-06-29,Tasty Whey 3W Gourmet,1439.4
2026-06-29,Trio Magnésio 720mg,279.6
2026-06-29,Triptofano - Triptoflex 215mg,49.9
2026-06-29,Ultra Q10,119.99
2026-06-29,Veggie Protein - Sachê,21.9
2026-06-29,Vitamina - Good Mood,59.9
2026-06-29,Vitamina B12,590.9
2026-06-29,Vitamina C - Bio Vit C+,54.9
2026-06-29,Vitamina D - Ativa D3,99.9
2026-06-29,Vitamina D - Vita D3,463.2
2026-06-29,Vitamina D - Vita D3 + C + Zinco,93.8
2026-06-29,Vitamina D3,99.89
2026-06-29,Vitamina D3 + K2,209.7
2026-06-29,"Vitaminas A, E, D e K2- RESTAURE® - Gotas",339.8
2026-06-29,W100 Whey Concentrado - Sachê,23.8
2026-06-29,Whey,2393.92
2026-06-29,Whey - Zero Lactose,469.8
2026-06-29,Whey Concentrado - W100,279.8
2026-06-29,Whey Fort 3W,239.9
2026-06-29,Whey Protein - 3W - The Whey,359.7
2026-06-29,Whey Protein - Isofort Beauty,299.8
2026-06-29,Whey Protein Concentrado,8098.54
2026-06-29,Whey Protein Concentrado - Sachê,192.6
2026-06-29,Whey Protein Concentrado Cappuccino 900g DUX,649.79
2026-06-29,Whey Protein Crisp - Isocrisp,49.9
2026-06-29,Whey Protein ISO 100 Hydrolyzed,1269.8
2026-06-29,Whey Protein Isolado,7425.32
2026-06-29,Whey Protein Isolado - Isofort,629.8
2026-06-29,Whey Protein Isolado - Sachê,69.79
2026-06-29,Whey Protein Isolado - Tasty Iso,679.8
2026-06-29,Whey Tech 100%,419.7
2026-06-29,Whey hidrolisado e isolado,955.79
2026-06-29,Whey hidrolisado e isolado Creme Broule 837g TRUE SOURCE,629.89
2026-06-29,Óleo de Coco  - Spray,34.9
2026-06-29,Óleo de Krill  - Ômega 3 EPA DHA,219.8
2026-06-29,Ômega -  Mega DHA,99.9
2026-06-29,Ômega - Mega DHA,359.8
2026-06-29,Ômega 3,84.99
2026-06-29,Ômega 3 - 1360mg,419.7
2026-06-29,Ômega 3 - EPA DHA - 1000mg,353.5
2026-06-29,Ômega 3 - Fish Oil,219.8
2026-06-29,Ômega 3 - Omegafor Memory,839.3
2026-06-29,Ômega 3 - Ultra Caps 1000mg,639.6
2026-06-29,Ômega 3 EPA - Icosacor,192.02
2026-06-29,Ômega 3 EPA DHA,1207.1
2026-06-29,Ômega 3 IFOS - 660 EPA/ 440 DHA,179.9
2026-06-29,Ômegafor Vegan 400mg,109.9
2026-07-06,#Whey Fort 3W,219.99
2026-07-06,Aminoácido - Amino Greens,419.8
2026-07-06,Aminoácido - Tryptophan,54.9
2026-07-06,Aminoácidos - Aminnu EAAs,229.9
2026-07-06,Amora Miúra - 1500mg,44.9
2026-07-06,Astaxantina,99.9
2026-07-06,BT Gel Nitrato,109.9
2026-07-06,BT Gel Nitrato com Cafeína,109.9
2026-07-06,BT Nitrato,149.9
2026-07-06,Barrinha - Body Protein,21.8
2026-07-06,Barrinha de Proteína,125.1
2026-07-06,Barrinha de Proteína - Protein Crisp Bar,92.9
2026-07-06,Barrinha de Proteína Best Whey 49g (12g de Proteína),104.9
2026-07-06,Barrinha de Proteína Crunch,14.9
2026-07-06,Barrinha de Proteína Tube,152.6
2026-07-06,Beef Protein,269.9
2026-07-06,Best Whey,459.8
2026-07-06,Beta Alanina,206.7
2026-07-06,Bio B - Complex®,104.9
2026-07-06,Bio Cálcio  60 caps PURAVIDA,159.8
2026-07-06,Bio Ferro,42.9
2026-07-06,Bio Melatonina,69.9
2026-07-06,Biotina Plus,46.9
2026-07-06,Biscoito Proteico - Sublime,12.9
2026-07-06,Body Strong Protein,384.9
2026-07-06,Bombom,9.38
2026-07-06,"Boraprim - Borragem, Prímula e Gergelim",269.7
2026-07-06,Cacao Whey - Sachê,19.9
2026-07-06,Cacau Premium,74.9
2026-07-06,Cappuccino Whey - Sachê,21.9
2026-07-06,Chocolate - Chocolift,21.9
2026-07-06,Chocolate - Chocolift Be Alive,23.9
2026-07-06,Chocolate 66% Cacau,27.9
2026-07-06,Chocolate 70% Cacau,29.9
2026-07-06,Chocolate ao Leite - Marshmallow,17.89
2026-07-06,Chocolate com Nibs,59.8
2026-07-06,Chá Sublime - Inverno,13.8
2026-07-06,Coenzima  Q10 - 100mg,89.9
2026-07-06,Coenzima Q10 (200mg p/ porção),649.95
2026-07-06,Coenzima Q10 + Ômega 3 + Vitamina E,319.8
2026-07-06,Coenzima Q10 - (100mg p/ porção),84.9
2026-07-06,Coenzima Q10+ 200mg,279.8
2026-07-06,Colágeno -  Collagen Gut,219.9
2026-07-06,Colágeno - Colagentek,94.9
2026-07-06,Colágeno - Colagentek Beauty,139.9
2026-07-06,Colágeno - Colagentek II,284.8
2026-07-06,Colágeno - Colagentek Protein - Bodybalance,1139.4
2026-07-06,Colágeno - Collagen Essential Protein,479.8
2026-07-06,Colágeno - Collagen Protein Hidrolisado,719.6
2026-07-06,Colágeno - Collagen Protein Hidrolisado Berries Silvestres 450g PURAVIDA,179.9
2026-07-06,Colágeno - Collagen Renew Hidrolisado,269.7
2026-07-06,Colágeno - Collagen Tipo II 40mg,89.9
2026-07-06,Colágeno Hidrolisado - Collagen Pro 18g,299.8
2026-07-06,Colágeno Tipo II - Artro Aid,99.9
2026-07-06,Colágeno tipo 2 - Colagentek II,104.9
2026-07-06,Complexo B,129.9
2026-07-06,Complexo B Max,44.9
2026-07-06,Coq10 + Vitamina E,239.98
2026-07-06,Creatina,169.8
2026-07-06,Creatina - Creafort (Creapure),924.95
2026-07-06,Creatina 100%,209.7
2026-07-06,Creatina Monohidratada,2197.85
2026-07-06,Creatina Monohidratada - Creatine,539.94
2026-07-06,Creatina Monohidratada em Gummy,199.98
2026-07-06,Creatina Premium - Creapure,459.8
2026-07-06,Cúrcuma 500mg,189.8
2026-07-06,Cúrcuma Plus,484.3
2026-07-06,Diabo Verde - Pré-Workout Diploko,69.99
2026-07-06,Eletrólitos,284.7
2026-07-06,Enzima Lactase - Laczyme,169.8
2026-07-06,Expresso Whey - Sachê,19.9
2026-07-06,Feno Grego,139.8
2026-07-06,Ferro - Ydrosolv,529.5
2026-07-06,Ferro Plus,139.6
2026-07-06,Ferro Quelato + Vitamina C,54.9
2026-07-06,Fibras Prébioticas - Prebiotic,69.9
2026-07-06,Fresh Vegan,199.9
2026-07-06,Fresh Whey,1789.1
2026-07-06,Gel Nitrato,43.6
2026-07-06,Gluatamina em Sachê - Glutamax,99.9
2026-07-06,Glutamina,149.8
2026-07-06,Glutamina - Glutamax,341.95
2026-07-06,Glutamina em Pó,114.9
2026-07-06,Glutationa,149.9
2026-07-06,Gold Whey Concentrado Refil,584.7
2026-07-06,Granola Australia - Low Carb,164.7
2026-07-06,Isofort Plant (Life Vegan),139.9
2026-07-06,Livestrong,319.9
2026-07-06,Maca Peruana,119.8
2026-07-06,Magnésio,149.7
2026-07-06,Magnésio - Inositol Relief 3.0,219.9
2026-07-06,Magnésio - Mag 5 Complex,159.8
2026-07-06,Magnésio Bisglicinato,49.9
2026-07-06,Magnésio Inositol,149.9
2026-07-06,Melatonina,34.9
2026-07-06,Morning Shot - Imunidade,629.4
2026-07-06,Multivitaminico  - Imunomult- 1000mg,139.9
2026-07-06,Multivitaminico - Imunomult- 1000mg,99.9
2026-07-06,Multivitamínico - Vitalift,209.9
2026-07-06,N-Acetil Cisteína (NAC),89.9
2026-07-06,NAC,64.9
2026-07-06,NAC 650mg,194.7
2026-07-06,Nootrópico - Brain Up Am/Pm  60 caps TRUE SOURCE,154.9
2026-07-06,Omegafor Plus,1729.35
2026-07-06,Palatinose,139.8
2026-07-06,Pasta de Amendoim Granulado,29.9
2026-07-06,Pasta de Amendoim Integral,18.89
2026-07-06,Poteína Vegetal,225.8
2026-07-06,Probiótico - Simfort Plus,184.89
2026-07-06,Proteina Vegetal,159.9
2026-07-06,Proteina Vegetal - True Vegan,194.9
2026-07-06,Proteína Isolada e Hidrolisada - Body Protein,1520.4
2026-07-06,Pré-Treino,89.9
2026-07-06,Própolis Líquido - Gotas,45.99
2026-07-06,Psyllium,159.8
2026-07-06,Quercetina,79.9
2026-07-06,Refil 100% Whey Protein - Flavour,239.8
2026-07-06,Refil Whey Concentrado - W100,389.7
2026-07-06,Refil Whey Protein - 3W,399.8
2026-07-06,Refil Whey Protein Concentrado,729.7
2026-07-06,Resveratrol,137.8
2026-07-06,Resveratrol 500mg,89.9
2026-07-06,Resveratrol Plus - 165mg,359.97
2026-07-06,Sachê Super Sono,29.5
2026-07-06,Sachê True Whey Protein,35.98
2026-07-06,Simfort Ultra,79.99
2026-07-06,Simfort fibras,194.7
2026-07-06,Super Café - Desincoffee,449.95
2026-07-06,Super Ômega 3,819.6
2026-07-06,SuperCoffee,958.59
2026-07-06,SuperCoffee Língua de gato - Kopenhagen,794.87
2026-07-06,Supercoffee Protein,449.89
2026-07-06,Suplemento - Hyaluronic Hair,74.9
2026-07-06,Suplemento Alimentar - GUARDIAN®,1149.5
2026-07-06,Suplemento Vitamínico - Alpha Harmony,351.72
2026-07-06,Suplemento de Magnésio - Blue Calm,379.7
2026-07-06,Suplemento para Imunidade - Immune Up 100%,129.9
2026-07-06,Tablete de Doce,4.9
2026-07-06,Tasty Whey 3W Gourmet,719.7
2026-07-06,Ultra Q10,129.9
2026-07-06,Ultracoffee - Vegano,119.9
2026-07-06,V-Coffee Energy Boost,95.9
2026-07-06,Vinagre de Maçã Orgânico,34.9
2026-07-06,Vitamina - Good Mood,59.9
2026-07-06,Vitamina B12,39.9
2026-07-06,Vitamina B12 - Bio B12,84.9
2026-07-06,Vitamina C - 500mg,39.48
2026-07-06,Vitamina C3 - 1000mg,54.9
2026-07-06,Vitamina D - Vita D3,491.37
2026-07-06,Vitamina D3 + K2,279.6
2026-07-06,Vitamina D3 - Ydrosolv - Spray,89.9
2026-07-06,Vitamina D3+K2,75.06
2026-07-06,"Vitaminas A, E, D e K2- RESTAURE® - Gotas",509.7
2026-07-06,Whey,289.9
2026-07-06,Whey - Zero Lactose,219.99
2026-07-06,Whey 3W,389.8
2026-07-06,Whey Fort 3W,1779.83
2026-07-06,Whey Isolado - Isofort Ultra Imuno,679.8
2026-07-06,Whey Protein - Isofort Beauty,149.9
2026-07-06,Whey Protein Concentrado,5937.3
2026-07-06,Whey Protein Concentrado - Sachê,27.8
2026-07-06,Whey Protein Hidrolisado,739.8
2026-07-06,Whey Protein Isolado,6594.37
2026-07-06,Whey Protein Isolado - Isofort,314.9
2026-07-06,Whey Protein Isolado - Sachê,24.9
2026-07-06,Whey Tech 100%,139.9
2026-07-06,Whey hidrolisado e isolado,1199.96
2026-07-06,Zinco Quelato,42.9
2026-07-06,Ômega -  Mega DHA,199.8
2026-07-06,Ômega 3,289.8
2026-07-06,Ômega 3  - 1360mg,219.9
2026-07-06,Ômega 3 - 1360mg,839.4
2026-07-06,Ômega 3 - DHA OX Alga,189.9
2026-07-06,Ômega 3 - EPA DHA - 1000mg,603.2
2026-07-06,Ômega 3 - Fish Oil,109.9
2026-07-06,Ômega 3 - Pro,59.9
2026-07-06,Ômega 3 - Ultra Caps 1000mg,159.9
2026-07-06,Ômega 3 EPA DHA,787.3
2026-07-06,Ômega 3 IFOS - 660 EPA/ 440 DHA,179.9
2026-07-06,Ômega 3 Super DHA,129.9
2026-07-06,Ômega Ultra - 1000mg,94.9
2026-07-13,#Whey Fort 3W,219.99
2026-07-13,100% Whey Pure,339.8
2026-07-13,100% Whey True Protein,209.9
2026-07-13,Aminoácido - Amino Greens,209.9
2026-07-13,Aminoácido - Aminovita,259.8
2026-07-13,Aminoácido N-acetil L-cisteína (NAC),138.89
2026-07-13,Aminoácidos - Aminnu EAAs - Sem Xilitol,459.8
2026-07-13,Aminoácidos - Aminolift,209.9
2026-07-13,Amora Miúra - 1500mg,89.8
2026-07-13,BT Nitrato 400,474.7
2026-07-13,Barrinha Charge Bar,64.5
2026-07-13,Barrinha de Proteína,242.65
2026-07-13,Barrinha de Proteína - Best Whey Bar,30.36
2026-07-13,Barrinha de Proteína - Protein Crisp Bar,92.9
2026-07-13,Barrinha de Proteína Choco Wheyfer,189.5
2026-07-13,Barrinha de Proteína Crush Bar,103.9
2026-07-13,Barrinha de Proteína Tube,239.8
2026-07-13,Barrinha de Proteína Whey Grego - Havanna,193.8
2026-07-13,Bebida Proteica - Natural Whey 14g,23.7
2026-07-13,Beef Protein,539.8
2026-07-13,Beta Alanina 100%,143.7
2026-07-13,Beta Glucana,77.9
2026-07-13,Bio Cálcio  60 caps PURAVIDA,79.9
2026-07-13,Bio Ferro,42.9
2026-07-13,Bio Vitamina B12 em gotas,44.9
2026-07-13,Bio Zinco,36.9
2026-07-13,Biscoito Proteico - Sublime,63.46
2026-07-13,Body Protein,729.8
2026-07-13,Body Protein Vegano,159.9
2026-07-13,Body Strong Protein,769.8
2026-07-13,Cappuccino Proteico,54.9
2026-07-13,Chá,21.6
2026-07-13,Chá Misto,13.8
2026-07-13,Chá Sublime - Brisa,13.8
2026-07-13,Chá Sublime - Energia,7.2
2026-07-13,Chá Sublime - Harmonia,7.2
2026-07-13,Chá Sublime - Inverno,69.0
2026-07-13,Cocada,4.9
2026-07-13,Coenzima Q10,359.6
2026-07-13,Coenzima Q10  (200mg p/ porção),219.9
2026-07-13,Coenzima Q10 (200mg p/ porção),129.99
2026-07-13,Coenzima Q10 - (100mg p/ porção),169.8
2026-07-13,Coenzima Q10 - 100mg,84.9
2026-07-13,Coenzima Q10 - 200mg,359.7
2026-07-13,Collagen Advanced,229.9
2026-07-13,Collagen Protein,239.9
2026-07-13,Colosfort,224.9
2026-07-13,Colágeno - Colagentek,474.5
2026-07-13,Colágeno - Colagentek II,389.7
2026-07-13,Colágeno - Colagentek Protein - Bodybalance,1899.0
2026-07-13,Colágeno - Collagen Essential Protein,479.8
2026-07-13,Colágeno - Collagen Renew Hidrolisado,719.2
2026-07-13,Colágeno - Collpure®,164.9
2026-07-13,Colágeno - Multi Collagen,249.9
2026-07-13,Colágeno Collagen Skin,194.9
2026-07-13,Colágeno Hidrolisado - Collagen Pro 18g,749.5
2026-07-13,Colágeno tipo 2 - Colagentek II,209.8
2026-07-13,Complexo B,39.99
2026-07-13,Cranberry - She She Comfort,69.9
2026-07-13,Creatina - Creafort (Creapure),1124.75
2026-07-13,Creatina - Creapure,129.9
2026-07-13,Creatina - Creatine HMB,184.9
2026-07-13,Creatina - Gummy,144.9
2026-07-13,Creatina 100%,149.8
2026-07-13,Creatina 100% Pure,109.9
2026-07-13,Creatina Monohidratada,2838.24
2026-07-13,Creatina Monohidratada (Creapure),539.7
2026-07-13,Creatina Monohidratada -  Crealift (Creapure),319.9
2026-07-13,Creatina Monohidratada - Creatine,339.96
2026-07-13,Creatina Monohidratada Refil,99.98
2026-07-13,Creatina Monohidratada Ultramesh®,69.99
2026-07-13,Cromo Picolinato - 250mg,27.9
2026-07-13,Curcumina,99.9
2026-07-13,Cúrcuma 500mg,94.9
2026-07-13,Cúrcuma Plus,579.2
2026-07-13,Delicious Brownie Protein,8.99
2026-07-13,Diabo Verde - Dilabol Pump,69.99
2026-07-13,Diabo Verde - Pré-Workout Diploko,139.98
2026-07-13,Eletrólitos,535.4
2026-07-13,Eletrólitos - Hydration,97.86
2026-07-13,Energy Gel,18.8
2026-07-13,Enzimas Enzyfor,149.9
2026-07-13,Expresso Whey - Sachê,19.9
2026-07-13,Feno Grego + Boro - Libifem,104.9
2026-07-13,Ferro Plus,174.5
2026-07-13,Fibras Prébioticas - Prebiotic,69.9
2026-07-13,Fresh Whey,2139.2
2026-07-13,FreshWhey - Sachê,67.6
2026-07-13,Gaba Complex,319.8
2026-07-13,Gel Intra-treino Sport Line,8.99
2026-07-13,Gel Neutro Fresh com Cafeína,114.57
2026-07-13,Gel Nitrato,174.4
2026-07-13,Gel Nitrato c/ Cafeína,65.4
2026-07-13,Gel Nitrato com L-Citrulinilarginina,87.2
2026-07-13,Glutamina - Glutamax,759.89
2026-07-13,Glutamina em Pó,99.9
2026-07-13,Gold Whey Concentrado Refil,584.7
2026-07-13,Granola Australia - Low Carb,149.7
2026-07-13,Grassfed Whey Protein,229.9
2026-07-13,Hydro Protein,11.9
2026-07-13,Laranja Moro,64.9
2026-07-13,Laranja Moro - Moroskinny,209.8
2026-07-13,MCT LIFT,149.9
2026-07-13,Magnésio,99.8
2026-07-13,Magnésio - 3MAG - Pool de Magnésio,214.7
2026-07-13,Magnésio - Inositol Relief 3.0,1019.68
2026-07-13,Magnésio Inositol,149.9
2026-07-13,Magnésio Inositol Relax,547.8
2026-07-13,Melatonina - Sleepfor,79.9
2026-07-13,Melatonina Duo,349.5
2026-07-13,Melatonina Duo Harmony,129.9
2026-07-13,Melatonina em Gotas,46.9
2026-07-13,Melatonina em Gummy,199.98
2026-07-13,Morning Shot - Imunidade,104.9
2026-07-13,Multivitaminico  - Imunomult- 1000mg,279.8
2026-07-13,NAC + Glycine + Taurine,209.8
2026-07-13,Nootrópico - Brain Up Am/Pm  60 caps TRUE SOURCE,154.9
2026-07-13,Omegafor Plus,3879.63
2026-07-13,Omegafor Vitamins,139.9
2026-07-13,Palatinose,144.8
2026-07-13,Palatinose 100% - Carbolift,249.9
2026-07-13,Pasta de Amendoim Integral,37.78
2026-07-13,Prebiótico,84.9
2026-07-13,Prebiótico - Fiber Liv,79.9
2026-07-13,Probiótico - Simcaps,49.9
2026-07-13,Probiótico - Simfort Plus,869.54
2026-07-13,Profem - Óleo de Prímula,64.9
2026-07-13,Propolis + Quercetin + Vitamin C,109.9
2026-07-13,Proteina Vegetal - True Vegan,194.9
2026-07-13,Proteína Isolada e Hidrolisada - Body Protein,879.6
2026-07-13,Proteína Isolada e Hidrolisada - Body Protein Red,879.6
2026-07-13,Pré-Treino,89.9
2026-07-13,Pré-Treino - Beta Action,439.8
2026-07-13,Pré-Treino - V Fort Ultra,259.8
2026-07-13,Pré-Treino Energy ATP®,209.9
2026-07-13,Própolis - Green Própolis,159.8
2026-07-13,Própolis Alcoólico,29.9
2026-07-13,Própolis Trio,267.96
2026-07-13,Psyllium,339.5
2026-07-13,Quercetina,159.8
2026-07-13,Refil Whey 100% Pure,299.8
2026-07-13,Refil Whey Concentrado - W100,779.4
2026-07-13,Refil Whey Protein - 3W,879.5
2026-07-13,Refil Whey Protein Concentrado,869.5
2026-07-13,Refil Whey Protein Isolado,1299.8
2026-07-13,Resveratrol 500mg,89.9
2026-07-13,Resveratrol Plus - 165mg,119.99
2026-07-13,Sachê Body Protein,13.9
2026-07-13,Sachê Magnésio + Inositol Relief 3.0,49.95
2026-07-13,Sachê True Whey Protein,71.96
2026-07-13,Salgadinho,16.77
2026-07-13,Shot Matinal,79.9
2026-07-13,Simfort Ultra,79.99
2026-07-13,Simfort fibras,64.9
2026-07-13,Sleepfor,69.9
2026-07-13,Snack Proteico,98.1
2026-07-13,Spirulina 400mg,89.9
2026-07-13,Spirulina 500mg,89.9
2026-07-13,Super Café - Desincoffee,359.96
2026-07-13,Super Ômega 3,1249.3
2026-07-13,SuperCoffee,1020.66
2026-07-13,SuperCoffee Língua de gato - Kopenhagen,2849.85
2026-07-13,Supercoffee Protein,229.9
2026-07-13,Suplemento - Alimentar - Cálcio Citrato Malato,49.9
2026-07-13,Suplemento - Hyaluronic Hair,74.9
2026-07-13,Suplemento Alimentar - Alpha Inflaminus,144.9
2026-07-13,Suplemento Alimentar - Alpha Women,149.9
2026-07-13,"Suplemento Alimentar - Cabelo, Unha e Pele - Beauty +",129.9
2026-07-13,Suplemento Alimentar - GUARDIAN®,229.9
2026-07-13,Suplemento Alimentar - Green Shot,84.9
2026-07-13,Suplemento Alimentar - L-teanina - Happy Theanine,154.9
2026-07-13,Suplemento para Cabelos e Unhas- Biocolin Hair,89.9
2026-07-13,Suplemento para Imunidade - Immune Up 100%,129.9
2026-07-13,Tablete de Doce,14.7
2026-07-13,Tasty Whey 3W Gourmet,1199.5
2026-07-13,Termogênico - Lipix6,59.99
2026-07-13,Termogênico - Termo Plus,139.9
2026-07-13,Trio Magnésio 720mg,489.3
2026-07-13,True Cúrcuma,219.8
2026-07-13,V-Coffee Energy Boost,95.9
2026-07-13,Vitamina - Good Mood,59.9
2026-07-13,Vitamina B12,364.2
2026-07-13,Vitamina B9 - Ácido Fólico,79.9
2026-07-13,Vitamina D - Vita D3,204.87
2026-07-13,Vitamina D - Vita D3 + C + Zinco,139.8
2026-07-13,Vitamina D3,154.7
2026-07-13,Vitamina D3 - 2000 Ui,73.8
2026-07-13,Vitamina D3 - Ydrosolv - Spray,449.5
2026-07-13,Vitamina D3+K2,75.06
2026-07-13,Vitamina K2,49.9
2026-07-13,Vitamina K2- Menaquinona,53.17
2026-07-13,"Vitaminas A, E, D e K2- RESTAURE® - Gotas",339.8
2026-07-13,W100 Whey Concentrado - Sachê,71.4
2026-07-13,W100 Whey Concentrado Havanna - Sachê,51.6
2026-07-13,Whey,289.9
2026-07-13,Whey - Zero Lactose,219.99
2026-07-13,Whey 3W -  Sachê,21.8
2026-07-13,Whey Concentrado - W100,279.8
2026-07-13,Whey Double Protein,549.95
2026-07-13,Whey Fort 3W,1319.94
2026-07-13,Whey HIT Protein,129.99
2026-07-13,Whey Isolado - Isofort Ultra Imuno,339.9
2026-07-13,Whey Protein - 3W - The Whey,119.9
2026-07-13,Whey Protein - CLEANPRO,449.7
2026-07-13,Whey Protein - Isofort Beauty,599.6
2026-07-13,Whey Protein Concentrado,6537.45
2026-07-13,Whey Protein Concentrado - Sachê,170.6
2026-07-13,Whey Protein Concentrado Cappuccino 900g DUX,219.9
2026-07-13,Whey Protein Crisp - Isocrisp,89.98
2026-07-13,Whey Protein Isolado,5450.49
2026-07-13,Whey Protein Isolado - Isofort,944.7
2026-07-13,Whey Protein Isolado - Sachê,24.9
2026-07-13,Whey Protein Isolado - Tasty Iso,1019.7
2026-07-13,Whey hidrolisado e isolado,599.98
2026-07-13,Whey hidrolisado e isolado Creme Broule 837g TRUE SOURCE,299.99
2026-07-13,Zinco Quelato,42.9
2026-07-13,Óleo de Borragem - Gamalift,144.37
2026-07-13,Ômega 3  - 1360mg,439.8
2026-07-13,Ômega 3 - 1360mg,419.7
2026-07-13,Ômega 3 - EPA DHA - 1000mg,404.4
2026-07-13,Ômega 3 - Omegafor Memory,479.6
2026-07-13,Ômega 3 - Ultra Caps 1000mg,479.7
2026-07-13,Ômega 3 DHA,139.9
2026-07-13,Ômega 3 EPA DHA,1117.0
2026-07-13,Ômega Core,239.9
2026-07-20,#Refil Whey 100% Pure,95.0
2026-07-20,Aminoácido N-acetil L-cisteína (NAC),58.99
2026-07-20,Aminoácidos - Aminnu EAAs,391.98
2026-07-20,Amora Miúra - 1500mg,44.9
2026-07-20,Antioxidante - Astaxantina,139.9
2026-07-20,Arginofor -  L-Arginina,119.9
2026-07-20,Aveia - Flocos Grossos,31.8
2026-07-20,Barra Chocolate 40%,18.89
2026-07-20,Barrinha - Body Protein,10.9
2026-07-20,Barrinha de Chocolate ao Leite,9.9
2026-07-20,Barrinha de Proteína,69.5
2026-07-20,Barrinha de Proteína - YOPRO,12.9
2026-07-20,Barrinha de Proteína Best Whey 49g (12g de Proteína),114.9
2026-07-20,Barrinha de Proteína Choco Wheyfer,6.9
2026-07-20,Bebida Proteica - Natural Whey 100% Whey - 15g,136.37
2026-07-20,Bebida Proteica - Natural Whey 14g,66.9
2026-07-20,Best Whey,459.8
2026-07-20,Beta Alanina,188.88
2026-07-20,Beta Alanina 100%,47.9
2026-07-20,Bio Cálcio  60 caps PURAVIDA,79.9
2026-07-20,Bio Ferro,42.9
2026-07-20,Bio Zinco,110.7
2026-07-20,Biotina Plus,93.8
2026-07-20,Body Protein Fresh,244.9
2026-07-20,Body Strong Protein,384.9
2026-07-20,Bom Ciclo,159.8
2026-07-20,"Boraprim - Borragem, Prímula e Gergelim",269.7
2026-07-20,Cappuccino Proteico,54.9
2026-07-20,Chocolate 40%,18.89
2026-07-20,Chocolate 70% Cacau,29.9
2026-07-20,Chá Sublime - Inverno,13.8
2026-07-20,Coenzima Q10,459.7
2026-07-20,Coenzima Q10  (200mg p/ porção),219.9
2026-07-20,Coenzima Q10 (200mg p/ porção),519.96
2026-07-20,Coenzima Q10 - 100mg,279.7
2026-07-20,Coenzima Q10 200mg,89.9
2026-07-20,Collagen Advanced,459.8
2026-07-20,Colágeno -  Collagen Gut,219.9
2026-07-20,Colágeno - Colagentek,189.8
2026-07-20,Colágeno - Colagentek Beauty,139.9
2026-07-20,Colágeno - Colagentek II,599.6
2026-07-20,Colágeno - Colagentek Protein - Bodybalance,759.6
2026-07-20,Colágeno - Collagen Derm,154.9
2026-07-20,Colágeno - Collagen Essential Protein,719.7
2026-07-20,Colágeno - Collagen Protein Hidrolisado,179.9
2026-07-20,Colágeno - Collagen Renew Hidrolisado,269.7
2026-07-20,Colágeno - Collpure®,329.8
2026-07-20,Colágeno Collagen Flex Beauty,174.9
2026-07-20,Colágeno Collagen Resilience,209.9
2026-07-20,Colágeno Hidrolisado - Collagen Pro 18g,149.9
2026-07-20,Colágeno Tipo II,119.8
2026-07-20,Complexo B,39.99
2026-07-20,Complexo B - Vit B Complex,69.9
2026-07-20,Cranberry - She She Comfort,69.9
2026-07-20,Creatina - Creafort (Creapure),939.76
2026-07-20,Creatina 100%,389.5
2026-07-20,Creatina Monohidratada,2339.15
2026-07-20,Creatina Monohidratada (Creapure),959.5
2026-07-20,Creatina Monohidratada - Creatine,639.92
2026-07-20,Cromo Picolinato - 250mg,27.9
2026-07-20,Curcumina,99.9
2026-07-20,Cúrcuma 500mg,94.9
2026-07-20,Cúrcuma Plus,279.6
2026-07-20,Delicious Brownie Protein,8.99
2026-07-20,Eletrólitos,282.4
2026-07-20,Eletrólitos - Hydration,6.99
2026-07-20,Energy Kick - Sachê,9.9
2026-07-20,Energy Kick com Cafeína - Sachê,9.9
2026-07-20,Extrato de Laranja Moro 400mg,99.9
2026-07-20,Farinha de Aveia,15.9
2026-07-20,Ferro Plus,34.9
2026-07-20,Fibras Prébioticas - Prebiotic,559.2
2026-07-20,Fresh Vegan,199.9
2026-07-20,Fresh Whey,2009.2
2026-07-20,Gel Intra-treino Sport Line,89.9
2026-07-20,Gluatamina em Sachê - Glutamax,99.9
2026-07-20,Glutamina,89.9
2026-07-20,Glutamina - Glutamax,892.88
2026-07-20,Gold Whey Concentrado Refil,389.8
2026-07-20,Granola,44.9
2026-07-20,Granola Australia - Low Carb,109.8
2026-07-20,Hydro Protein,59.5
2026-07-20,Immuno Whey,599.78
2026-07-20,Isofort Plant (Life Vegan),139.9
2026-07-20,L-Taurina - 1.000mg,139.8
2026-07-20,Laranja Moro - Moroskinny,104.9
2026-07-20,Levedura - Nutri Yeas Flakes,92.17
2026-07-20,Magnésio - Inositol Relief 3.0,1079.94
2026-07-20,Magnésio - Inositol Relief 3.0 Sem Melatonina,219.9
2026-07-20,Magnésio - Mag 5 Complex,239.7
2026-07-20,Magnésio Elemental,129.98
2026-07-20,Magnésio Inositol,449.7
2026-07-20,Magnésio Quelato - Bio Mag,74.9
2026-07-20,Mel - Flores de Laranjeira,24.99
2026-07-20,Melatonina,34.9
2026-07-20,Melatonina - Sleepfor,79.9
2026-07-20,Melatonina Duo,139.8
2026-07-20,Metilfolato de Cálcio,159.5
2026-07-20,Mg Complex,96.9
2026-07-20,Morning Shot - Imunidade,314.7
2026-07-20,Multi Collagen,259.89
2026-07-20,Multivitaminico  - Imunomult- 1000mg,279.8
2026-07-20,Multivitaminico - Imunomult- 1000mg,99.9
2026-07-20,Multivitamínico - Vitalift,209.9
2026-07-20,N-Acetil Cisteína (NAC),89.9
2026-07-20,NAC,64.9
2026-07-20,NAC + Glycine + Taurine,104.9
2026-07-20,NAC Acetilcisteína -  600mg,239.7
2026-07-20,Nootrópico - Brain Up Am/Pm  60 caps TRUE SOURCE,154.9
2026-07-20,Omegafor Plus,2459.57
2026-07-20,Omegafor Vitamins,139.9
2026-07-20,Palatinose,149.8
2026-07-20,Pasta de Amendoim Integral,18.89
2026-07-20,Prebiótico - Fiber Liv,79.9
2026-07-20,Probiótico - Simcaps,124.8
2026-07-20,Probiótico - Simfort Plus,424.69
2026-07-20,Profem - Óleo de Prímula,129.8
2026-07-20,Protein Booster Pro,154.8
2026-07-20,Proteína - Isocrisp Plant - Pote,29.9
2026-07-20,Proteína Isolada e Hidrolisada - Body Protein,1099.5
2026-07-20,Proteína Isolada e Hidrolisada - Body Protein Red,219.9
2026-07-20,Proteína Vegana - Veggie Protein,274.89
2026-07-20,Pré-Treino,89.9
2026-07-20,Pré-Treino Energy ATP®,209.9
2026-07-20,Própolis Alcoólico,59.8
2026-07-20,Própolis Verde 70,39.9
2026-07-20,Psyllium,529.3
2026-07-20,Pós-treino - Recharge 4:1,144.9
2026-07-20,Refil Whey 100% Pure,139.9
2026-07-20,Refil Whey Concentrado - W100,389.7
2026-07-20,Refil Whey Concentrado Havanna - W100,139.9
2026-07-20,Refil Whey Protein Concentrado,909.6
2026-07-20,Refil Whey Protein Isolado,649.9
2026-07-20,Repositor Energético - D Ribose,109.9
2026-07-20,Resveratrol,68.9
2026-07-20,Resveratrol Plus - 165mg,359.97
2026-07-20,Sachê - Delicious Whey,15.98
2026-07-20,Sachê Magnésio + Inositol Relief 3.0,199.8
2026-07-20,Sachê Proteína Vegetal,10.9
2026-07-20,Sachê Super Café - Desincoffee,41.3
2026-07-20,Sachê Super Sono,5.9
2026-07-20,Sachê True Whey Protein,106.94
2026-07-20,Simfort Femme,299.7
2026-07-20,Simfort fibras,64.9
2026-07-20,Spirulina 500mg,89.9
2026-07-20,Spray de mel e extrato de própolis - Menta,14.99
2026-07-20,Super Ômega 3,589.7
2026-07-20,SuperCoffee,1024.5
2026-07-20,SuperCoffee Língua de gato - Kopenhagen,1139.94
2026-07-20,Supercoffee Protein,219.99
2026-07-20,Suplemento - Hyaluronic Hair,74.9
2026-07-20,"Suplemento Alimentar - Cabelo, Unha e Pele - Supreme Beauty",149.9
2026-07-20,Suplemento Alimentar - GUARDIAN®,587.97
2026-07-20,Suplemento Alimentar - Immune +,164.9
2026-07-20,Suplemento Alimentar - L-teanina - Happy Theanine,154.9
2026-07-20,Suplemento Alimentar - Pura Fiber,84.9
2026-07-20,Suplemento de Magnésio - Blue Calm,109.9
2026-07-20,Tasty Whey 3W Gourmet,1439.4
2026-07-20,Termo Plus,89.99
2026-07-20,Termogênico - Termo Plus,279.8
2026-07-20,Trio Magnésio 720mg,139.8
2026-07-20,Ultra Q10,259.8
2026-07-20,Vitamina B12,139.8
2026-07-20,Vitamina C - Bio Vit C+,54.9
2026-07-20,Vitamina C3 - 1000mg,109.8
2026-07-20,Vitamina D - Vita D3,149.97
2026-07-20,Vitamina D - Vita D3 + C + Zinco,139.8
2026-07-20,Vitamina D3,129.8
2026-07-20,Vitamina D3 - 2000 Ui,36.9
2026-07-20,Vitamina D3 - Ydrosolv,89.9
2026-07-20,Vitamina D3 - Ydrosolv - Spray,179.8
2026-07-20,Vitamina D3 Mini caps,179.8
2026-07-20,Vitamina D3+K2,75.06
2026-07-20,Whey - Isocrisp Pouch,79.9
2026-07-20,Whey 3W -  Sachê,21.8
2026-07-20,Whey Fort 3W,659.97
2026-07-20,Whey HIT Protein,129.99
2026-07-20,Whey Isolado - Isofort Ultra Imuno,679.8
2026-07-20,Whey Protein 100% - Refil,139.9
2026-07-20,Whey Protein Concentrado,7393.23
2026-07-20,Whey Protein Concentrado - Sachê,33.8
2026-07-20,Whey Protein Isolado,7312.08
2026-07-20,Whey Protein Isolado - Sachê,149.4
2026-07-20,Whey Protein Isolado - Tasty Iso,1019.7
2026-07-20,Whey hidrolisado e isolado,899.97
2026-07-20,Zinco Quelado,34.9
2026-07-20,Óleo de Coco  - Spray,29.99
2026-07-20,Ômega -  Mega DHA,99.9
2026-07-20,Ômega 3,89.9
2026-07-20,Ômega 3 - 1360mg,419.7
2026-07-20,Ômega 3 - EPA DHA - 1000mg,129.8
2026-07-20,Ômega 3 - Fish Oil,109.9
2026-07-20,Ômega 3 - Omegafor Memory,479.6
2026-07-20,Ômega 3 - Ultra Caps 1000mg,479.7
2026-07-20,Ômega 3 EPA DHA,1113.8
2026-07-20,Ômega Core,239.9
2026-07-20,Ômega Vision,239.9
2026-07-27,Aminoácido N-acetil L-cisteína (NAC),176.97
2026-07-27,Aminoácidos - Aminnu EAAs - Sem Xilitol,229.9
2026-07-27,Aminoácidos - Aminolift,629.7
2026-07-27,Antioxidante - Luteína e Zeaxantina,139.8
2026-07-27,Arginofor -  L-Arginina,119.9
2026-07-27,BT Gel Nitrato,109.9
2026-07-27,BT Nitrato,149.9
2026-07-27,Barrinha Charge Bar,12.9
2026-07-27,Barrinha de Proteína,328.31
2026-07-27,Barrinha de Proteína - YOPRO,12.9
2026-07-27,Barrinha de Proteína Choco Wheyfer,84.9
2026-07-27,Barrinha de Proteína Tube,239.8
2026-07-27,Barrinhas de Proteína Crunch,169.9
2026-07-27,Bebida Proteica - Natural Whey 100% Whey - 15g,10.49
2026-07-27,Bebida Proteica - Natural Whey 14g,86.97
2026-07-27,Beef Protein,1029.7
2026-07-27,Best Whey,229.9
2026-07-27,Beta Alanina,611.19
2026-07-27,Beta Glucana,77.9
2026-07-27,Bio B - Complex®,104.9
2026-07-27,Bio Ferro,42.9
2026-07-27,Bio Zinco,36.9
2026-07-27,Biscoito Proteico - Sublime,25.8
2026-07-27,Body Strong Protein,384.9
2026-07-27,Bom Ciclo,159.8
2026-07-27,Booster Energético - Upgrade Energy - TCM,139.9
2026-07-27,"Boraprim - Borragem, Prímula e Gergelim",179.8
2026-07-27,Cacao Whey - Sachê,179.1
2026-07-27,Cacau Premium,74.9
2026-07-27,Cappuccino Whey - Sachê,21.9
2026-07-27,Chocolate - Chocolift,47.8
2026-07-27,Chocolate - Chocolift Be Alive,23.9
2026-07-27,Chá Sublime - Harmonia,14.4
2026-07-27,Coenzima  Q10 - 100mg,89.9
2026-07-27,Coenzima Q10,1059.4
2026-07-27,Coenzima Q10  (200mg p/ porção),219.9
2026-07-27,Coenzima Q10 (200mg p/ porção),779.94
2026-07-27,Coenzima Q10 + Ômega 3 + Vitamina E,319.8
2026-07-27,Coenzima Q10 - 100mg,84.9
2026-07-27,Coenzima Q10+ 200mg,139.9
2026-07-27,Collagen Protein,239.9
2026-07-27,Colágeno - Colagentek,189.8
2026-07-27,Colágeno - Colagentek Beauty,139.9
2026-07-27,Colágeno - Colagentek II,179.9
2026-07-27,Colágeno - Colagentek Protein - Bodybalance,569.7
2026-07-27,Colágeno - Collagen Essential Protein,959.6
2026-07-27,Colágeno - Collagen Renew Hidrolisado,269.7
2026-07-27,Colágeno - Collagen Tipo II 40mg,269.7
2026-07-27,Colágeno - Collcreatine,189.9
2026-07-27,Colágeno - Collpure®,164.9
2026-07-27,Colágeno - Multi Collagen,249.9
2026-07-27,Colágeno Collagen Skin,194.9
2026-07-27,Colágeno Hidrolisado - Collagen Pro 18g,449.7
2026-07-27,Colágeno Tipo II,59.9
2026-07-27,Cranberry - She She Comfort,69.9
2026-07-27,Creatina,74.9
2026-07-27,Creatina - Creafort (Creapure),924.95
2026-07-27,Creatina - Creatine HMB,184.9
2026-07-27,Creatina - Gummy,144.9
2026-07-27,Creatina 100%,329.5
2026-07-27,Creatina Monohidratada,1919.61
2026-07-27,Creatina Monohidratada (Creapure),779.6
2026-07-27,Creatina Monohidratada - Creatine,639.92
2026-07-27,Creatine Action - Gummy,239.8
2026-07-27,Cromo Picolinato - 250mg,27.9
2026-07-27,Cúrcuma - Curcumagic,154.9
2026-07-27,Cúrcuma Plus,449.4
2026-07-27,D-Ribose,74.83
2026-07-27,Eletrólitos,237.2
2026-07-27,Eletrólitos - Hydration,55.92
2026-07-27,Energy Kick - Sachê,99.0
2026-07-27,Energy Pro Ice Tea,10.9
2026-07-27,Enzima - Enzyfor,79.9
2026-07-27,Extrato de Laranja Moro 400mg,99.9
2026-07-27,Feno Grego,69.9
2026-07-27,Ferro - Ydrosolv,219.8
2026-07-27,Fresh Vegan,199.9
2026-07-27,Fresh Vegan - Sachê,33.8
2026-07-27,Fresh Whey,1749.2
2026-07-27,FreshWhey - Sachê,202.8
2026-07-27,Gaba Complex,159.9
2026-07-27,Gel - Endurance,69.9
2026-07-27,Glutamina,239.6
2026-07-27,Glutamina - Glutamax,75.99
2026-07-27,Glutamina - Glutamax Refil,139.9
2026-07-27,Gold Whey Concentrado Refil,194.9
2026-07-27,Grassfed Whey Protein,159.9
2026-07-27,Hydrolift,98.9
2026-07-27,Isofort Plant,149.9
2026-07-27,Isofort Plant (Life Vegan),139.9
2026-07-27,Laranja Moro,64.9
2026-07-27,Livestrong,319.9
2026-07-27,Magnésio,199.6
2026-07-27,Magnésio - Inositol Relief 3.0,1259.93
2026-07-27,Magnésio - Mag 5 Complex,319.6
2026-07-27,Magnésio Elemental,64.99
2026-07-27,Magnésio Inositol,889.5
2026-07-27,Melatonina,49.9
2026-07-27,Morning Shot - Imunidade,209.8
2026-07-27,Multivitaminico  - Imunomult- 1000mg,139.9
2026-07-27,Multivitaminico - Imunomult- 1000mg,299.7
2026-07-27,Multivitaminino - Multi All,79.9
2026-07-27,N-Acetil Cisteína (NAC),89.9
2026-07-27,NAC,64.9
2026-07-27,NAC Acetilcisteína -  600mg,79.9
2026-07-27,Nootrópico - Brain Up,139.99
2026-07-27,Omegafor Family - Ômega 3,69.9
2026-07-27,Omegafor Plus,2859.61
2026-07-27,Palatinose,139.8
2026-07-27,Prebiótico - Fiber Liv,79.9
2026-07-27,Probiótico - Simcaps,49.9
2026-07-27,Probiótico - Simfort Plus,729.48
2026-07-27,Probióticos em Pó - Simfort,314.7
2026-07-27,Protein Booster Pro,12.9
2026-07-27,Proteina Vegetal,159.9
2026-07-27,Proteina Vegetal - True Vegan,199.9
2026-07-27,Proteína - Isocrisp Plant Pouch,139.8
2026-07-27,Proteína Isolada e Hidrolisada - Body Protein,3939.3
2026-07-27,Pré-Treino - V Fort Ultra,259.8
2026-07-27,Pré-treino - Energy Kick Caffeine,139.9
2026-07-27,Própolis Líquido - Gotas,183.96
2026-07-27,Própolis Verde - Propomax,119.6
2026-07-27,Psyllium,159.8
2026-07-27,Refil Pure Blend Protein,316.0
2026-07-27,Refil Whey Concentrado - W100,1039.2
2026-07-27,Refil Whey Concentrado Havanna - W100,419.7
2026-07-27,Refil Whey Protein - 3W,479.7
2026-07-27,Refil Whey Protein Concentrado,549.8
2026-07-27,Refil Whey Protein Isolado,649.9
2026-07-27,Resveratrol Plus - 165mg,479.96
2026-07-27,Sachê - Delicious Whey,7.99
2026-07-27,Sachê Body Protein,111.2
2026-07-27,Sachê Proteína Vegetal,55.87
2026-07-27,Sachê Super Café - Desincoffee,11.8
2026-07-27,Sachê True Whey Protein,265.85
2026-07-27,Sachê de Óleo De Coco,3.9
2026-07-27,Salgadinho,33.85
2026-07-27,Simfort Femme,299.7
2026-07-27,Simfort Ultra,154.9
2026-07-27,Simfort fibras,324.5
2026-07-27,Sleep,459.6
2026-07-27,Snack Proteico,65.4
2026-07-27,Super Café - Desincoffee,89.99
2026-07-27,Super Ômega 3,459.7
2026-07-27,SuperCoffee,1126.57
2026-07-27,SuperCoffee Língua de gato - Kopenhagen,2659.86
2026-07-27,Supercoffee Protein,439.98
2026-07-27,Suplemento - Hyaluronic Hair,149.8
2026-07-27,"Suplemento Alimentar - Cabelo, Unha e Pele - Beauty +",129.9
2026-07-27,"Suplemento Alimentar - Cabelo, Unha e Pele - Supreme Beauty",149.9
2026-07-27,Suplemento Alimentar - GUARDIAN®,1175.94
2026-07-27,Suplemento Alimentar - Moreflex,159.9
2026-07-27,Suplemento de Magnésio - Blue Calm,429.7
2026-07-27,Suplemento para Cabelos e Unhas- Biocolin Hair,89.9
2026-07-27,Tablete de Doce,4.9
2026-07-27,Tasty Whey 3W Gourmet,1479.4
2026-07-27,Termo Plus,179.98
2026-07-27,Termogênico - Lipix6,59.99
2026-07-27,Termogênico - Termo Plus,419.7
2026-07-27,Trio Magnésio 720mg,279.6
2026-07-27,Vitamina B12,566.0
2026-07-27,Vitamina C + Zinco - Gomas,129.8
2026-07-27,Vitamina C3 - 1000mg,244.7
2026-07-27,Vitamina D - Vita D3,249.95
2026-07-27,Vitamina D - Vita D3 + C + Zinco,396.4
2026-07-27,Vitamina D3,89.8
2026-07-27,Vitamina D3 + K2 Gotas,69.9
2026-07-27,Vitamina D3 - 2000 Ui,36.9
2026-07-27,Vitamina D3 - Ydrosolv - Spray,179.8
2026-07-27,"Vitaminas A, E, D e K2- RESTAURE® - Gotas",339.8
2026-07-27,W100 Whey Concentrado - Sachê,23.8
2026-07-27,Whey,289.89
2026-07-27,Whey - Isocrisp Pouch,239.7
2026-07-27,Whey 3W,194.9
2026-07-27,Whey 3W -  Sachê,43.6
2026-07-27,Whey Double Protein,109.99
2026-07-27,Whey Fort 3W,1539.93
2026-07-27,Whey Isolado - Iso Triple Zero,599.78
2026-07-27,Whey Isolado - Isofort Ultra Imuno,339.9
2026-07-27,Whey Isolado e Hidrolisado - H.I Whey,869.7
2026-07-27,Whey Protein - Isofort Beauty,149.9
2026-07-27,Whey Protein 100% - Refil,139.9
2026-07-27,Whey Protein Concentrado,10147.16
2026-07-27,Whey Protein Concentrado - Sachê,184.8
2026-07-27,Whey Protein Concentrado Cappuccino 900g DUX,219.9
2026-07-27,Whey Protein Crisp - Isocrisp,44.99
2026-07-27,Whey Protein Isolado,5050.59
2026-07-27,Whey Protein Isolado - Isofort,1259.6
2026-07-27,Whey Protein Isolado - Sachê,174.3
2026-07-27,Whey Tech 100%,279.8
2026-07-27,Whey hidrolisado e isolado,2099.93
2026-07-27,Whey hidrolisado e isolado Creme Broule 837g TRUE SOURCE,299.99
2026-07-27,Óleo de Coco  - Spray,29.99
2026-07-27,Ômega -  Mega DHA,99.9
2026-07-27,Ômega - Mega DHA,719.6
2026-07-27,Ômega 3 - 1360mg,979.3
2026-07-27,Ômega 3 - EPA DHA - 1000mg,589.1
2026-07-27,Ômega 3 - Omegafor Memory,719.4
2026-07-27,Ômega 3 - Ultra Caps 1000mg,319.8
2026-07-27,Ômega 3 DHA,139.9
2026-07-27,Ômega 3 EPA DHA,1358.0
2026-07-27,Ômega 3 IFOS - 660 EPA/ 440 DHA,245.19
2026-07-27,Ômega 3 Super DHA,519.6
2026-07-27,Ômega 3 Super DHA - BIG N,439.6
2026-08-03,100% Whey Pure,314.8
2026-08-03,Achocolatado - Chocoki,99.9
2026-08-03,Aminoácido N-acetil L-cisteína (NAC),349.5
2026-08-03,Aminoácidos - Aminnu EAAs,459.8
2026-08-03,Aminoácidos - Aminnu EAAs - Sem Xilitol,919.6
2026-08-03,Aveia - Flocos Grossos,31.8
2026-08-03,BT Nitrato,299.8
2026-08-03,Barrinha de Proteína,152.9
2026-08-03,Barrinha de Proteína Choco Wheyfer,177.7
2026-08-03,Bebida Proteica - Natural Whey 100% Whey - 15g,9.99
2026-08-03,Bebida Proteica - Natural Whey 14g,94.66
2026-08-03,Beta Alanina 100%,95.8
2026-08-03,Beta Alanina Pure,59.9
2026-08-03,Bio Ferro,42.9
2026-08-03,Bio Q10 50mg,215.74
2026-08-03,Body Protein Fresh,244.9
2026-08-03,Body Strong Protein,769.8
2026-08-03,"Boraprim - Borragem, Prímula e Gergelim",269.7
2026-08-03,Cacao Whey - Sachê,19.9
2026-08-03,Cacau Premium,74.9
2026-08-03,Cacau em pó 100%,29.9
2026-08-03,Cafeína,52.9
2026-08-03,Cafeína - Caffeinex 400,51.9
2026-08-03,Chocolate 70% Cacau,29.9
2026-08-03,Chá,14.1
2026-08-03,Chá Sublime - Brisa,6.9
2026-08-03,Chá Sublime - Harmonia,7.2
2026-08-03,Chá Sublime - Inverno,20.7
2026-08-03,Coenzima Q10,309.8
2026-08-03,Coenzima Q10  (200mg p/ porção),879.6
2026-08-03,Coenzima Q10 (200mg p/ porção),909.48
2026-08-03,Coenzima Q10 + Ômega 3 + Vitamina E,159.9
2026-08-03,Coenzima Q10 - (100mg p/ porção),84.9
2026-08-03,Coenzima Q10 200mg,179.8
2026-08-03,Coenzima Q10+ 200mg,279.8
2026-08-03,Collagen Advanced,229.9
2026-08-03,Colágeno -  Collagen Gut,439.8
2026-08-03,Colágeno - Colagentek,94.9
2026-08-03,Colágeno - Colagentek II,1034.3
2026-08-03,Colágeno - Colagentek Protein - Bodybalance,569.7
2026-08-03,Colágeno - Collagen Essential Protein,239.9
2026-08-03,Colágeno - Collagen Pro - Body Suport,209.9
2026-08-03,Colágeno - Collagen Renew Hidrolisado,359.6
2026-08-03,Colágeno - Collagen Tipo II 40mg,269.7
2026-08-03,Colágeno - Collcreatine,379.8
2026-08-03,Colágeno - Multi Collagen,499.8
2026-08-03,Colágeno Hidrolisado,89.8
2026-08-03,Colágeno Hidrolisado - Collagen Pro 18g,749.5
2026-08-03,Creatina,109.9
2026-08-03,Creatina - Creafort (Creapure),1914.26
2026-08-03,Creatina - Creapure,129.9
2026-08-03,Creatina - Creatine HMB,184.9
2026-08-03,Creatina - Gummy,144.9
2026-08-03,Creatina 100%,449.4
2026-08-03,Creatina Monohidratada,3785.0
2026-08-03,Creatina Monohidratada (Creapure),239.9
2026-08-03,Creatina Monohidratada - Creatine,919.71
2026-08-03,Creatina Monohidratada - Hardcore,89.9
2026-08-03,Creatina Premium - Creapure,459.8
2026-08-03,Creatina- Creapure,199.9
2026-08-03,Cúrcuma Plus,377.76
2026-08-03,Eletrólitos,110.7
2026-08-03,Eletrólitos - Hydration,69.9
2026-08-03,Energy Pro Ice Tea,109.0
2026-08-03,Extrato de Própolis,49.8
2026-08-03,Ferro - Ydrosolv,209.8
2026-08-03,Ferro Plus,119.7
2026-08-03,Ferro Quelato + Vitamina C,54.9
2026-08-03,Fresh Whey,2349.0
2026-08-03,FreshWhey - Sachê,16.9
2026-08-03,Gel - Endurance,69.9
2026-08-03,Gel Intra-treino Sport Line,206.77
2026-08-03,Glutamina,246.7
2026-08-03,Glutamina - Glutamax,331.78
2026-08-03,Glutamina Isolates,69.9
2026-08-03,Grassfed Whey Protein,479.7
2026-08-03,Hipercalórico - Creamass,99.9
2026-08-03,Hydro Protein,11.9
2026-08-03,Isofort Plant (Life Vegan),419.7
2026-08-03,Livestrong,319.9
2026-08-03,MCT LIFT,149.9
2026-08-03,Magnésio,99.8
2026-08-03,Magnésio - Inositol Relief 3.0,1519.74
2026-08-03,Magnésio - Inositol Relief 3.0 Sem Melatonina,219.9
2026-08-03,Magnésio Inositol,819.5
2026-08-03,Mel Puro,84.89
2026-08-03,Melatonina - Sleepfor,159.8
2026-08-03,Melatonina Duo,79.9
2026-08-03,Melatonina Fast,34.9
2026-08-03,Melatonina em Gotas,46.9
2026-08-03,Multi Collagen,259.89
2026-08-03,Multivitaminico  - Imunomult- 1000mg,279.8
2026-08-03,Multivitaminico - Imunomult- 1000mg,99.9
2026-08-03,Multivitaminino - Multi All,79.9
2026-08-03,Multivitamínico - Vitalift,419.8
2026-08-03,NAC,129.8
2026-08-03,NAC Acetilcisteína -  600mg,159.8
2026-08-03,Omegafor Plus,4401.9
2026-08-03,Palatinose,219.7
2026-08-03,Pasta de Amendoim Granulado,29.9
2026-08-03,Prebiótico,84.9
2026-08-03,Probiótico - Simfort Plus,674.57
2026-08-03,Proteína - Isocrisp Plant Pouch,349.5
2026-08-03,Proteína Isolada e Hidrolisada - Body Protein,439.8
2026-08-03,Proteína Isolada e Hidrolisada - Body Protein Red,219.9
2026-08-03,Pré-treino - Égide,129.9
2026-08-03,Própolis Alcoólico,59.8
2026-08-03,Própolis Verde,54.9
2026-08-03,Própolis Verde - Alcoólico,29.9
2026-08-03,Psyllium,209.7
2026-08-03,Pós-treino - Recharge 4:1,130.09
2026-08-03,Refil 100% Whey Protein - Flavour,239.8
2026-08-03,Refil Whey 100% Pure,159.9
2026-08-03,Refil Whey Concentrado - W100,649.5
2026-08-03,Refil Whey Concentrado Havanna - W100,279.8
2026-08-03,Refil Whey Protein - 3W,399.8
2026-08-03,Refil Whey Protein Concentrado,1999.5
2026-08-03,Resveratrol,137.8
2026-08-03,Resveratrol 500mg,89.9
2026-08-03,Sachê Body Protein,83.4
2026-08-03,Sachê Proteína Vegetal,32.7
2026-08-03,Sachê Super Café - Desincoffee,5.9
2026-08-03,Sachê True Whey Protein,16.99
2026-08-03,Salgadinho,41.3
2026-08-03,Shot Matinal,159.8
2026-08-03,Simfort Femme,199.8
2026-08-03,Sleep,114.9
2026-08-03,Sleepfor,58.99
2026-08-03,Snack Proteico,54.5
2026-08-03,Spray de mel e extrato de própolis - Menta,14.99
2026-08-03,Super Ômega 3,1139.4
2026-08-03,SuperCoffee,1638.36
2026-08-03,SuperCoffee Língua de gato - Kopenhagen,1139.94
2026-08-03,Supercoffee Protein,459.8
2026-08-03,Suplemento - Hyaluronic Hair,374.5
2026-08-03,Suplemento Alimentar - Alpha Metabolicus,129.9
2026-08-03,Suplemento Alimentar - Alpha Women,149.9
2026-08-03,Suplemento Alimentar - GUARDIAN®,851.78
2026-08-03,Suplemento Alimentar - Green Shot,84.9
2026-08-03,Suplemento Alimentar - Pura Fiber,254.7
2026-08-03,Suplemento Alimentar - True Nac,74.9
2026-08-03,Suplemento de Magnésio - Blue Calm,159.9
2026-08-03,Tasty Whey 3W Gourmet,749.7
2026-08-03,Termogênico - Termo Plus,419.7
2026-08-03,Trio Magnésio 720mg,349.5
2026-08-03,Vanilla Whey - Sachê,19.9
2026-08-03,Vitamina - Good Mood,239.6
2026-08-03,Vitamina B12,446.0
2026-08-03,Vitamina C,69.9
2026-08-03,Vitamina C3 - 1000mg,54.9
2026-08-03,Vitamina D - Vita D3,326.67
2026-08-03,Vitamina D - Vita D3 + C + Zinco,349.5
2026-08-03,Vitamina D3,154.7
2026-08-03,Vitamina D3 - 2000 Ui,73.8
2026-08-03,Vitamina D3 - Ydrosolv,89.9
2026-08-03,Vitamina D3 - Ydrosolv - Spray,89.9
2026-08-03,Vitamina D3+K2,75.06
2026-08-03,"Vitaminas A, E, D e K2- RESTAURE® - Gotas",339.8
2026-08-03,W100 Whey Concentrado Havanna - Sachê,25.8
2026-08-03,Whey,779.8
2026-08-03,Whey 3W -  Sachê,19.98
2026-08-03,Whey Concentrado - W100,139.9
2026-08-03,Whey Double Protein,219.98
2026-08-03,Whey Fort 3W,699.79
2026-08-03,Whey HIT Protein,149.9
2026-08-03,Whey Isolado - Iso Triple Zero,599.78
2026-08-03,Whey Protein - 3W - The Whey,119.9
2026-08-03,Whey Protein - CLEANPRO,149.9
2026-08-03,Whey Protein - Isofort Beauty,299.8
2026-08-03,Whey Protein 100% - Refil,419.7
2026-08-03,Whey Protein Concentrado,13723.52
2026-08-03,Whey Protein Concentrado - Sachê,58.59
2026-08-03,Whey Protein Hidrolisado,369.9
2026-08-03,Whey Protein ISO 100 Hydrolyzed,739.8
2026-08-03,Whey Protein Isolado,6168.2
2026-08-03,Whey Protein Isolado - Isofort,629.8
2026-08-03,Whey Protein Isolado - Sachê,174.3
2026-08-03,Whey Tech 100%,279.8
2026-08-03,Whey hidrolisado e isolado,929.88
2026-08-03,Whey hidrolisado e isolado Creme Broule 837g TRUE SOURCE,629.89
2026-08-03,Óleo de Borragem - Gamalift,144.37
2026-08-03,Óleo de Krill  - Ômega 3 EPA DHA,109.9
2026-08-03,Óleo de Prímula - 500mg,39.9
2026-08-03,Ômega -  Mega DHA,199.8
2026-08-03,Ômega - Mega DHA,179.9
2026-08-03,Ômega 3,199.9
2026-08-03,Ômega 3 - 1360mg,419.7
2026-08-03,Ômega 3 - EPA DHA - 1000mg,324.5
2026-08-03,Ômega 3 - Omegafor Memory,239.8
2026-08-03,Ômega 3 - Ultra Caps 1000mg,159.9
2026-08-03,Ômega 3 EPA DHA,825.1
2026-08-03,Ômega 3 Fosfatix,169.9
2026-08-03,Ômega 3 IFOS - 660 EPA/ 440 DHA,179.9
2026-08-03,Ômega 3 Super DHA,389.7
2026-08-03,Ômega 3 Super DHA - BIG N,659.4
2026-08-03,Ômegafor Vegan 400mg,109.9
2026-08-10,100% Whey Pure,314.8
2026-08-10,Achocolatado - Choco Family - Refil,49.9
2026-08-10,Achocolatado - Chocoki,99.9
2026-08-10,Achocolatado Multivitaminado - Choco Nutrients,59.9
2026-08-10,Aminoácidos - Aminolift,209.9
2026-08-10,Arginofor -  L-Arginina,119.9
2026-08-10,Aveia - Flocos Grossos,47.7
2026-08-10,BT 400,219.9
2026-08-10,Barra Chocolate 40%,37.78
2026-08-10,Barrinha - Body Protein,10.9
2026-08-10,Barrinha Charge Bar,116.1
2026-08-10,Barrinha de Chocolate 41%,19.89
2026-08-10,Barrinha de Proteina Vegana - Radiance Joy,18.9
2026-08-10,Barrinha de Proteína,229.4
2026-08-10,Barrinha de Proteína - YOPRO,25.8
2026-08-10,Barrinha de Proteína Dark Bar,129.9
2026-08-10,Barrinhas de Proteína Crunch,159.9
2026-08-10,Bebida Proteica - Natural Whey 100% Whey -15g,9.99
2026-08-10,Bebida Proteica - Natural Whey 14g,71.91
2026-08-10,Beef Protein,269.9
2026-08-10,Best Whey,229.9
2026-08-10,Best Whey Iso,839.67
2026-08-10,Beta Alanina 100%,95.8
2026-08-10,Bio Zinco,35.99
2026-08-10,Cappuccino Whey - Sachê,21.9
2026-08-10,Chocolate - Chocolift,23.9
2026-08-10,Chocolate 40%,37.78
2026-08-10,Chocolate 70% Cacau,59.8
2026-08-10,"Chocolate 99,9% Cacau",139.5
2026-08-10,Chocolate com Nibs,29.9
2026-08-10,Chá,14.4
2026-08-10,Chá Misto,34.5
2026-08-10,Chá Sublime - Brisa,20.7
2026-08-10,Chá Sublime - Energia,14.4
2026-08-10,Chá Sublime - Inverno,13.8
2026-08-10,Cocada,4.9
2026-08-10,Coenzima Q10,89.9
2026-08-10,Coenzima Q10 (200mg p/ porção),509.6
2026-08-10,Coenzima Q10 + Ômega 3 + Vitamina E,159.9
2026-08-10,Coenzima Q10 - (100mg p/ porção),169.8
2026-08-10,Coenzima Q10 - 100mg,84.9
2026-08-10,Coenzima Q10 100 Mg,124.9
2026-08-10,Colágeno - Colagentek Beauty,139.9
2026-08-10,Colágeno - Colagentek II,179.9
2026-08-10,Colágeno - Colagentek Protein - Bodybalance,189.9
2026-08-10,Colágeno - Collagen Bones,199.9
2026-08-10,Colágeno - Collagen Essential Protein,239.9
2026-08-10,Colágeno - Collagen Gut,219.9
2026-08-10,Colágeno - Collagen Protein Hidrolisado,179.9
2026-08-10,Colágeno - Collagen Renew Hidrolisado,179.8
2026-08-10,Colágeno - Collagen Tipo II 40mg,179.8
2026-08-10,Colágeno - Collcreatine,189.9
2026-08-10,Colágeno - TRUE COLLAGEN,140.9
2026-08-10,Colágeno Collagen Skin,194.9
2026-08-10,Colágeno Hidrolisado - Collagen Pro 18g,1069.3
2026-08-10,Complexo B - Vit B Complex,139.8
2026-08-10,Creatina,479.5
2026-08-10,Creatina - Creafort (Creapure),974.5
2026-08-10,Creatina - Creapure,389.79
2026-08-10,Creatina - Creatine HMB,184.9
2026-08-10,Creatina 100%,329.6
2026-08-10,Creatina Monohidratada,3136.74
2026-08-10,Creatina Monohidratada (Creapure),1199.5
2026-08-10,Creatina Monohidratada - Creatine,499.5
2026-08-10,Creatina Monohidratada - Hardcore,179.8
2026-08-10,Creatina Monohidratada Refil,54.9
2026-08-10,Creatina Premium - Creapure,459.8
2026-08-10,Cromo Picolinato - 250mg,55.8
2026-08-10,Cúrcuma - Curcumagic,309.8
2026-08-10,Cúrcuma 500mg,94.9
2026-08-10,Cúrcuma Plus,74.9
2026-08-10,Eletrólitos,379.6
2026-08-10,Energy Gel,119.9
2026-08-10,Energy Kick com Cafeína - Sachê,59.4
2026-08-10,Energy Pro Ice Tea,65.4
2026-08-10,Enzimas Enzyfor,149.9
2026-08-10,Expresso Whey - Sachê,19.9
2026-08-10,Extrato de Laranja Moro 400mg,199.8
2026-08-10,Ferro Plus,105.79
2026-08-10,Ferro Quelado 34mg,29.9
2026-08-10,Ferro Quelato + Vitamina C,109.8
2026-08-10,Fresh Whey,2191.08
2026-08-10,FreshWhey - Sachê,33.8
2026-08-10,Gluatamina em Sachê - Glutamax,99.9
2026-08-10,Glutamina,721.3
2026-08-10,Glutamina - Glutamax,419.5
2026-08-10,Glutamina - Glutamax Refil,139.9
2026-08-10,Glutamina Isolates,139.8
2026-08-10,Glutamina em Pó,114.9
2026-08-10,Gold Whey Concentrado Refil,389.8
2026-08-10,Hydro Protein,35.7
2026-08-10,Isofort Plant (Life Vegan),419.7
2026-08-10,Laranja Moro,64.9
2026-08-10,Laranja Moro - Moroskinny,209.8
2026-08-10,Magnésio,149.7
2026-08-10,Magnésio Bisglicinato,49.9
2026-08-10,Magnésio Inositol,149.9
2026-08-10,Mel - Flores de Eucalipto,29.9
2026-08-10,Melatonina Duo,79.9
2026-08-10,Melatonina Duo Harmony,129.9
2026-08-10,Melatonina Fast,39.9
2026-08-10,Melatonina em Gotas,93.8
2026-08-10,Morning Shot - Imunidade,104.9
2026-08-10,Multi Collagen,519.78
2026-08-10,Multivitaminico  - Imunomult- 1000mg,419.7
2026-08-10,NAC,64.9
2026-08-10,NAC PRO,109.9
2026-08-10,Neuro Health,169.9
2026-08-10,Omegafor Plus,3822.79
2026-08-10,Omegafor Vitamins,139.9
2026-08-10,Palatinose,484.3
2026-08-10,Pasta de Amendoim Granulado,29.9
2026-08-10,Prebiótico,84.9
2026-08-10,Probiótico - Simcaps,149.8
2026-08-10,Probiótico - Simfort Plus,669.4
2026-08-10,Probióticos,66.9
2026-08-10,Probióticos em Pó - Simfort,189.8
2026-08-10,Propolis + Quercetin + Vitamin C,109.9
2026-08-10,Protein Booster Pro,154.8
2026-08-10,Proteína - Best Vegan,129.9
2026-08-10,Proteína Isolada e Hidrolisada - Body Protein,1099.5
2026-08-10,Proteína Isolada e Hidrolisada - Body Protein Red,219.9
2026-08-10,Proteína Vegana - Vegan Tasty,129.9
2026-08-10,Proteína Vegetal - Vegan Tasty,129.9
2026-08-10,Pré-Treino,89.9
2026-08-10,Pré-treino - Energy Kick Caffeine,97.99
2026-08-10,Própolis Alcoólico,59.8
2026-08-10,Própolis Trio,70.99
2026-08-10,Própolis Verde,97.8
2026-08-10,Própolis Verde - Propomax,59.8
2026-08-10,Própolis Verde 70,79.8
2026-08-10,Psyllium,399.5
2026-08-10,Refil Creatina,159.9
2026-08-10,Refil Pure Blend Protein,158.0
2026-08-10,Refil Whey 100% Pure,159.9
2026-08-10,Refil Whey Concentrado - W100,129.9
2026-08-10,Refil Whey Concentrado Havanna - W100,279.8
2026-08-10,Refil Whey Protein - 3W,599.7
2026-08-10,Refil Whey Protein Concentrado,949.7
2026-08-10,Resveratrol Plus - 165mg,259.8
2026-08-10,Sachê Body Protein,41.7
2026-08-10,Salgadinho,25.86
2026-08-10,Shot Matinal,79.9
2026-08-10,Simfort Femme,99.9
2026-08-10,Simfort Ultra,89.9
2026-08-10,Snack Proteico,132.6
2026-08-10,Spray de mel e extrato de própolis,19.9
2026-08-10,Super Ômega 3,799.6
2026-08-10,SuperCoffee,1929.35
2026-08-10,Supercoffee Protein,229.9
2026-08-10,Suplemento - Beauty Care,69.9
2026-08-10,"Suplemento Alimentar - Cabelo, Unha e Pele - Beauty +",129.9
2026-08-10,Suplemento Alimentar - GUARDIAN®,919.6
2026-08-10,Suplemento Alimentar - Immune +,164.9
2026-08-10,Suplemento de Magnésio - Blue Calm,269.8
2026-08-10,Suplemento para Imunidade - Immune Up 100%,259.8
2026-08-10,Tasty Whey 3W Gourmet,489.8
2026-08-10,Termogênico - Termo Plus,279.8
2026-08-10,Trio Magnésio 720mg,194.97
2026-08-10,Triptofano - Triptoflex 215mg,49.9
2026-08-10,True Cúrcuma,109.9
2026-08-10,Ultra Q10,324.88
2026-08-10,Vitamina - Good Mood,119.8
2026-08-10,Vitamina B12,181.5
2026-08-10,Vitamina C - 500mg,49.9
2026-08-10,Vitamina D - Vita D3,282.5
2026-08-10,Vitamina D - Vita D3 + C + Zinco,279.6
2026-08-10,Vitamina D3,359.2
2026-08-10,Vitamina D3 + K2,69.9
2026-08-10,Vitamina D3 - 2000 Ui,36.9
2026-08-10,Vitamina D3+K2,225.18
2026-08-10,Vitamina K2- Menaquinona,53.17
2026-08-10,"Vitaminas A, E, D e K2- RESTAURE® - Gotas",339.8
2026-08-10,W100 Whey Concentrado - Sachê,11.9
2026-08-10,Whey,869.7
2026-08-10,Whey - Isocrisp Pouch,239.7
2026-08-10,Whey 3W,194.9
2026-08-10,Whey 3W -  Sachê,43.6
2026-08-10,Whey Concentrado - W100,139.9
2026-08-10,Whey Double Protein,129.9
2026-08-10,Whey Fort 3W,959.6
2026-08-10,Whey Isolado - Isofort Ultra Imuno,679.8
2026-08-10,Whey Protein - Isofort Beauty,899.4
2026-08-10,Whey Protein Concentrado,11874.6
2026-08-10,Whey Protein Concentrado - Sachê,219.7
2026-08-10,Whey Protein Concentrado Cappuccino 900g DUX,439.8
2026-08-10,Whey Protein Isolado,6168.2
2026-08-10,Whey Protein Isolado - Isofort,2204.3
2026-08-10,Whey Protein Isolado - Sachê,547.8
2026-08-10,Whey Protein Isolado - Tasty Iso,339.9
2026-08-10,Whey Tech 100%,559.6
2026-08-10,Whey hidrolisado e isolado,1319.6
2026-08-10,Ômega -  Mega DHA,199.8
2026-08-10,Ômega 3  - 1360mg,219.9
2026-08-10,Ômega 3 - 1360mg,279.8
2026-08-10,Ômega 3 - EPA DHA - 1000mg,269.6
2026-08-10,Ômega 3 - Fish Oil,219.8
2026-08-10,Ômega 3 - Ultra Caps 1000mg,639.6
2026-08-10,Ômega 3 EPA DHA,388.7
2026-08-10,Ômega 3 Super DHA,259.8
2026-08-10,Ômega 3 Super DHA - BIG N,109.9
2026-08-10,Ômega 3 Super DHA BIG,189.9
2026-08-17,100% Whey Pure,169.9
2026-08-17,Aminoácido - BCAA Fort,94.9
2026-08-17,Aminoácidos - Aminnu EAAs - Sem Xilitol,229.9
2026-08-17,Antioxidante - Luteína e Zeaxantina,69.9
2026-08-17,Aveia - Flocos Grossos,15.9
2026-08-17,BT Nitrato 400,149.9
2026-08-17,Barrinha de Proteína,125.1
2026-08-17,Barrinha de Proteína Best Whey 49g (12g de Proteína),219.8
2026-08-17,Barrinha de Proteína Choco Wheyfer,13.8
2026-08-17,Barrinha de Proteína Collagen Bar,109.9
2026-08-17,Barrinha de Proteína Whey Grego - Havanna,99.9
2026-08-17,Bebida Proteica - Natural Whey 14g,5.99
2026-08-17,Beef Protein,289.89
2026-08-17,Best Whey,229.9
2026-08-17,Best Whey Iso,559.78
2026-08-17,Beta Alanina,206.7
2026-08-17,Beta Alanina 100%,143.7
2026-08-17,Bio Ferro,171.6
2026-08-17,Bio Zinco,39.9
2026-08-17,Chá Misto,6.9
2026-08-17,Chá Sublime - Harmonia,7.2
2026-08-17,Coenzima  Q10 - 100mg,269.7
2026-08-17,Coenzima Q10,399.7
2026-08-17,Coenzima Q10  (200mg p/ porção),219.9
2026-08-17,Coenzima Q10 (200mg p/ porção),279.8
2026-08-17,Coenzima Q10 + Ômega 3 + Vitamina E,159.9
2026-08-17,Coenzima Q10 - (100mg p/ porção),84.9
2026-08-17,Coenzima Q10 - 100mg,84.99
2026-08-17,Coenzima Q10 200mg,89.9
2026-08-17,Collagen Protein,239.9
2026-08-17,Colágeno -  Collagen Gut,219.9
2026-08-17,Colágeno - Colagentek,94.9
2026-08-17,Colágeno - Colagentek Beauty,139.9
2026-08-17,Colágeno - Colagentek II,314.7
2026-08-17,Colágeno - Colagentek Protein - Bodybalance,949.5
2026-08-17,Colágeno - Collagen Essential Protein,479.8
2026-08-17,Colágeno - Collagen Tipo II 40mg,179.8
2026-08-17,Colágeno - Collcreatine,189.9
2026-08-17,Colágeno Hidrolisado - Collagen Pro 18g,449.7
2026-08-17,Complexo B - Bio Vit.B+,44.9
2026-08-17,Creatina,109.9
2026-08-17,Creatina - Creafort (Creapure),1269.3
2026-08-17,Creatina - Creatine HMB,313.98
2026-08-17,Creatina - Gummy,289.8
2026-08-17,Creatina 100%,449.5
2026-08-17,Creatina Monohidratada,1316.65
2026-08-17,Creatina Monohidratada -  Crealift (Creapure),319.9
2026-08-17,Creatina Monohidratada - Creatine,399.6
2026-08-17,Creatina Monohidratada - Hardcore,179.8
2026-08-17,Creatine Action - Gummy,119.9
2026-08-17,Cromo Picolinato - 250mg,27.9
2026-08-17,Cúrcuma 500mg,189.8
2026-08-17,Cúrcuma Plus,362.86
2026-08-17,Eletrólitos,633.39
2026-08-17,Energy Gel - Endurance,6.9
2026-08-17,Energy Gel c/ Cafeína,139.0
2026-08-17,Feno Grego + Boro - Testofem,104.9
2026-08-17,Ferro - Ydrosolv,219.8
2026-08-17,Ferro Quelado 34mg,59.8
2026-08-17,Ferro Quelato + Vitamina C,54.9
2026-08-17,Fiber Biome,172.9
2026-08-17,Fibras - Fiberfor,99.9
2026-08-17,Focus Theanine + Caffeine,177.9
2026-08-17,Fresh Whey,2854.25
2026-08-17,FreshWhey - Sachê,33.8
2026-08-17,Gel - Endurance,69.9
2026-08-17,Gel Neutro Fresh com Cafeína,14.9
2026-08-17,Glutamina,261.6
2026-08-17,Glutamina - Glutamax,239.7
2026-08-17,Glutamina Isolates,139.8
2026-08-17,Glutamina Pure,119.9
2026-08-17,Glutamina em Pó,114.9
2026-08-17,Gold Whey Concentrado Refil,584.7
2026-08-17,Hydro Protein,22.89
2026-08-17,Livestrong,639.8
2026-08-17,Magnésio - Bio Trimag,149.8
2026-08-17,Magnésio - Inositol Relief 3.0,359.98
2026-08-17,Magnésio Inositol,634.6
2026-08-17,Magnésio Inositol Relax,547.8
2026-08-17,Magnésio Quelato - Bio Mag,74.9
2026-08-17,Matchá Latte,104.9
2026-08-17,Melatonina - Sleepfor,79.9
2026-08-17,Melatonina Duo,79.9
2026-08-17,Morning Shot - Imunidade,104.9
2026-08-17,Multivitaminico  - Imunomult- 1000mg,139.9
2026-08-17,Multivitaminico - Imunomult- 1000mg,299.7
2026-08-17,Multivitaminino - Multi All,79.9
2026-08-17,NAC,64.9
2026-08-17,NAC + Glycine + Taurine,104.9
2026-08-17,NAC Acetilcisteína -  600mg,79.9
2026-08-17,Omegafor Plus,3298.2
2026-08-17,Omegafor Vision,119.9
2026-08-17,Palatinose,209.7
2026-08-17,Paçoquinha,4.9
2026-08-17,Probiótico - Simfort Plus,529.59
2026-08-17,Probióticos em Pó - Simfort,94.9
2026-08-17,Proteína - Isocrisp Plant Pouch,139.8
2026-08-17,Proteína Isolada e Hidrolisada - Body Protein,659.7
2026-08-17,Proteína Isolada e Hidrolisada - Body Protein Red,439.8
2026-08-17,Proteína Vegana - Immuno Veggie,599.78
2026-08-17,Pré-Treino - V Fort Ultra,129.9
2026-08-17,Própolis Verde - Alcoólico,59.8
2026-08-17,Própolis Verde 70,39.9
2026-08-17,Psyllium,289.6
2026-08-17,Pós-treino - Recharge 4:1,130.09
2026-08-17,Refil 100% Whey Protein - Flavour,119.9
2026-08-17,Refil Whey 100% Pure,159.9
2026-08-17,Refil Whey Concentrado - W100,259.8
2026-08-17,Refil Whey Protein - 3W,199.9
2026-08-17,Refil Whey Protein Concentrado,299.8
2026-08-17,Resveratrol 500mg,269.7
2026-08-17,Resveratrol Plus - 165mg,259.8
2026-08-17,Sachê Magnésio + Inositol Relief 3.0,12.9
2026-08-17,Sachê de Óleo De Coco Extravirgem,23.4
2026-08-17,Simfort fibras,129.8
2026-08-17,Snack Proteico,29.97
2026-08-17,Spirulina 400mg,89.9
2026-08-17,Spray de mel e extrato de própolis - Romã,19.9
2026-08-17,Super Omega-3 TG Comfort,219.9
2026-08-17,Super Ômega 3,759.6
2026-08-17,SuperCoffee,539.79
2026-08-17,SuperCoffee Língua de gato - Kopenhagen,629.97
2026-08-17,Suplemento - Beauty Care,69.9
2026-08-17,"Suplemento Alimentar - Cabelo, Unha e Pele - Supreme Beauty",149.9
2026-08-17,Suplemento Alimentar - GUARDIAN®,229.9
2026-08-17,Suplemento Alimentar - True Nac,74.9
2026-08-17,Suplemento de Magnésio - Blue Calm,219.8
2026-08-17,Tablete de Doce,4.9
2026-08-17,Tasty Whey 3W Gourmet,499.8
2026-08-17,Termogênico - Termo Plus,279.8
2026-08-17,Trio Magnésio 720mg,139.8
2026-08-17,Vitamina B12,150.69
2026-08-17,Vitamina D - Vita D3,586.71
2026-08-17,Vitamina D3,96.89
2026-08-17,Vitamina D3 + K2,139.8
2026-08-17,Vitamina D3+K2,75.06
2026-08-17,Whey,1069.7
2026-08-17,Whey 3W,194.9
2026-08-17,Whey Concentrado - W100,279.8
2026-08-17,Whey Fort 3W,1849.38
2026-08-17,Whey HIT Protein,149.9
2026-08-17,Whey Protein Concentrado,5017.88
2026-08-17,Whey Protein Concentrado - Sachê,10.9
2026-08-17,Whey Protein Concentrado Cappuccino 900g DUX,439.8
2026-08-17,Whey Protein Isolado,6896.27
2026-08-17,Whey Protein Isolado - All Natural,349.9
2026-08-17,Whey Protein Isolado - Sachê,24.9
2026-08-17,Whey Tech 100%,627.96
2026-08-17,Whey hidrolisado e isolado,2019.93
2026-08-17,Zinco Quelato,85.8
2026-08-17,Óleo de Prímula - 500mg,79.8
2026-08-17,Ômega 3,739.69
2026-08-17,Ômega 3 - 1360mg,279.8
2026-08-17,Ômega 3 - EPA DHA - 1000mg,404.4
2026-08-17,Ômega 3 DHA,279.8
2026-08-17,Ômega 3 EPA DHA,938.2
2026-08-17,Ômega 3 Fosfatix,169.9
2026-08-17,Ômega 3 Kids,69.9
2026-08-17,Ômega 3 Super DHA - BIG N,329.7
2026-08-17,Ômega 3 Super DHA BIG,189.9
2026-08-17,Ômega Core,239.9
2026-08-24,100% Whey Protein - Flavour,139.9
2026-08-24,100% Whey Pure,169.9
2026-08-24,Aminoácido - Aminovita,349.8
2026-08-24,Aminoácidos - Aminnu EAAs,459.8
2026-08-24,Aminoácidos - Aminnu EAAs - Sem Xilitol,229.9
2026-08-24,Amora Miúra - 1500mg,134.7
2026-08-24,Astaxantina - Ydrosolv,159.9
2026-08-24,Aveia - Flocos Grossos,15.9
2026-08-24,BT 400,219.9
2026-08-24,Barrinha - Body Protein,43.6
2026-08-24,Barrinha de Chocolate ao Leite,9.9
2026-08-24,Barrinha de Proteína,229.4
2026-08-24,Barrinha de Proteína - YOPRO,12.9
2026-08-24,Barrinha de Proteína Best Whey 49g (12g de Proteína),104.9
2026-08-24,Bebida Proteica - Natural Whey 14g,101.83
2026-08-24,Best Whey,229.9
2026-08-24,Beta Alanina,344.5
2026-08-24,Beta Alanina 100%,143.7
2026-08-24,Bio B - Complex®,104.9
2026-08-24,Bio Ferro,171.6
2026-08-24,Bio Zinco,79.8
2026-08-24,Biscoito Proteico - Sublime,37.66
2026-08-24,Body Protein,585.98
2026-08-24,Body Protein Fresh,244.9
2026-08-24,Body Protein Vegano,159.9
2026-08-24,"Boraprim - Borragem, Prímula e Gergelim",504.4
2026-08-24,Cacao Whey - Sachê,119.4
2026-08-24,Cappuccino Whey - Sachê,87.6
2026-08-24,Chocolate 66% Cacau,27.9
2026-08-24,Coenzima Q10,219.9
2026-08-24,Coenzima Q10  (200mg p/ porção),439.8
2026-08-24,Coenzima Q10 (200mg p/ porção),549.5
2026-08-24,Coenzima Q10 + Ômega 3 + Vitamina E,159.9
2026-08-24,Coenzima Q10 - 100mg,349.87
2026-08-24,Coenzima Q10 - Bio Q10,134.9
2026-08-24,Coenzima Q10+ 200mg,279.8
2026-08-24,Coffee - Brainstorm,129.9
2026-08-24,Colágeno - Colagentek,189.8
2026-08-24,Colágeno - Colagentek Beauty,139.9
2026-08-24,Colágeno - Colagentek II,464.7
2026-08-24,Colágeno - Colagentek Protein - Bodybalance,1709.1
2026-08-24,Colágeno - Collagen Derm,154.9
2026-08-24,Colágeno - Collagen Essential Protein,479.8
2026-08-24,Colágeno - Collagen Protein Hidrolisado,539.7
2026-08-24,Colágeno - Collagen Renew Hidrolisado,179.8
2026-08-24,Colágeno - Collpure®,329.8
2026-08-24,Colágeno Hidrolisado - Collagen Pro 18g,749.5
2026-08-24,Colágeno Tipo II,59.9
2026-08-24,Complexo B - Vit B Complex,69.9
2026-08-24,Complexo B 500mg,99.8
2026-08-24,Creatina,109.9
2026-08-24,Creatina - Creafort (Creapure),646.78
2026-08-24,Creatina - Creatine HMB,711.69
2026-08-24,Creatina 100%,89.9
2026-08-24,Creatina 100% Pure,393.86
2026-08-24,Creatina Monohidratada,1935.02
2026-08-24,Creatina Monohidratada - Creatine,599.4
2026-08-24,Creatina Monohidratada - Hardcore,89.9
2026-08-24,Creatina Monohidratada Mastigável - Creafast,179.99
2026-08-24,Creatine Action - Gummy,239.8
2026-08-24,Cromo Picolinato - 250mg,55.8
2026-08-24,Curcumina,99.9
2026-08-24,Cúrcuma,79.9
2026-08-24,Cúrcuma Plus,211.79
2026-08-24,Eletrólitos,361.5
2026-08-24,Energy Pro Ice Tea,43.6
2026-08-24,Expresso Whey - Sachê,79.6
2026-08-24,Fe - Complex,69.9
2026-08-24,Ferro - Iron Plus,84.9
2026-08-24,Ferro - Ydrosolv,219.8
2026-08-24,Ferro Quelato + Vitamina C,54.9
2026-08-24,Fiber Biome,172.9
2026-08-24,Fibra - Fosvita,119.9
2026-08-24,Fresh Vegan - Sachê,16.9
2026-08-24,Fresh Whey,4019.72
2026-08-24,FreshWhey - Sachê,50.7
2026-08-24,Gel Nitrato,29.8
2026-08-24,Glutamina,373.6
2026-08-24,Glutamina - Glutamax,599.3
2026-08-24,Glutamina - Glutamax Refil,139.9
2026-08-24,Glutamina Isolates,139.8
2026-08-24,Glutamina Pure,119.9
2026-08-24,Glutamina em Pó,199.8
2026-08-24,Grassfed Whey Protein,359.8
2026-08-24,Hydro Protein,71.4
2026-08-24,Isofort Plant (Life Vegan),139.9
2026-08-24,Juice Protein,26.97
2026-08-24,L-Carnitina 530mg,109.9
2026-08-24,Laranja Moro,194.7
2026-08-24,Livestrong,319.9
2026-08-24,MCT,134.9
2026-08-24,Magnésio - Bio Trimag,224.7
2026-08-24,Magnésio - Inositol Relief 3.0,1829.89
2026-08-24,Magnésio Inositol,334.8
2026-08-24,Magnésio Inositol Relax,273.9
2026-08-24,Magnésio Quelato - Bio Mag,74.9
2026-08-24,Melatonina,34.9
2026-08-24,Melatonina - Ydrosolv,99.9
2026-08-24,Melatonina Duo,159.8
2026-08-24,Melatonina Duo Harmony,129.9
2026-08-24,Melatonina em Gotas,140.7
2026-08-24,Metilfolato de Cálcio,31.9
2026-08-24,Morning Shot - Imunidade,524.5
2026-08-24,Multivitaminico - Imunomult- 1000mg,99.9
2026-08-24,Multivitamínico - Vitalift,419.8
2026-08-24,N-Acetil Cisteína (NAC),89.9
2026-08-24,NAC,194.7
2026-08-24,NAC Acetilcisteína -  600mg,79.9
2026-08-24,Nootrópico - Brain Up Am/Pm  60 caps TRUE SOURCE,309.8
2026-08-24,Omegafor Plus,2843.3
2026-08-24,Palatinose,139.8
2026-08-24,Palatinose 100% - Carbolift,249.9
2026-08-24,Paçoquinha,9.8
2026-08-24,Poteína Vegetal,112.9
2026-08-24,Prebiótico - Fiber Liv,159.8
2026-08-24,Probiótico - Simcaps,49.9
2026-08-24,Probiótico - Simfort Plus,529.58
2026-08-24,Probióticos,133.8
2026-08-24,Probióticos em Pó - Simfort,179.9
2026-08-24,Profem - Óleo de Prímula,64.9
2026-08-24,Propolis + Quercetin + Vitamin C,109.9
2026-08-24,Protein Brownie,69.9
2026-08-24,Proteina Vegetal,479.7
2026-08-24,Proteina Vegetal - True Vegan,199.9
2026-08-24,Proteína Isolada e Hidrolisada - Body Protein,439.8
2026-08-24,Proteína Isolada e Hidrolisada - Body Protein Red,219.9
2026-08-24,Proteína Vegetal - Vegan Tasty,129.9
2026-08-24,Pré-Treino - V Fort Ultra,259.8
2026-08-24,Pré-treino Évora PW,114.9
2026-08-24,Própolis Alcoólico,29.9
2026-08-24,Própolis Líquido - Gotas,49.9
2026-08-24,Própolis Trio,70.99
2026-08-24,Própolis Verde - Propomax,29.9
2026-08-24,Psyllium,339.5
2026-08-24,Pós-treino - Recharge 4:1,130.09
2026-08-24,Refil Whey 100% Pure,159.9
2026-08-24,Refil Whey Concentrado - W100,129.9
2026-08-24,Refil Whey Protein - 3W,564.7
2026-08-24,Refil Whey Protein Concentrado,1394.6
2026-08-24,Refil Whey Protein Isolado,1299.8
2026-08-24,Resveratrol - Resveramax,179.9
2026-08-24,Resveratrol Plus - 165mg,519.6
2026-08-24,Sachê Magnésio + Inositol Relief 3.0,21.89
2026-08-24,Sachê True Whey Protein,79.6
2026-08-24,Salgadinho,49.9
2026-08-24,Shot Matinal,79.9
2026-08-24,Simfort fibras,64.9
2026-08-24,Sleepfor,69.9
2026-08-24,Snack Proteico,144.82
2026-08-24,Super Café - Desincoffee,199.8
2026-08-24,Super Omega-3 TG Comfort,219.9
2026-08-24,Super Ômega 3,709.7
2026-08-24,SuperCoffee,1969.71
2026-08-24,SuperCoffee Língua de gato - Kopenhagen,1664.82
2026-08-24,Suplemento Alimentar - Alpha Inflaminus,289.8
2026-08-24,"Suplemento Alimentar - Cabelo, Unha e Pele - Beauty +",129.9
2026-08-24,Suplemento Alimentar - GUARDIAN®,1349.49
2026-08-24,Suplemento Alimentar - Green Shot,84.9
2026-08-24,Suplemento Alimentar - True Nac,74.9
2026-08-24,Suplemento de Magnésio - Blue Calm,109.9
2026-08-24,Tablete de Doce,9.8
2026-08-24,Tasty Whey 3W Gourmet,499.8
2026-08-24,Termo Plus,94.9
2026-08-24,Termogênico - Lipix6,119.9
2026-08-24,Termogênico - Termo Plus,139.9
2026-08-24,Trio Magnésio 720mg,349.5
2026-08-24,Triptofano Noite,89.9
2026-08-24,Ultra Q10,169.8
2026-08-24,Ultracoffee - Vegano,119.9
2026-08-24,Vinagre de Maçã Orgânico,34.9
2026-08-24,Vitamina B12,789.4
2026-08-24,Vitamina C - Bio Vit C+,59.9
2026-08-24,Vitamina D - Vita D3,349.4
2026-08-24,Vitamina D3,148.88
2026-08-24,Vitamina D3 + K2,139.8
2026-08-24,Vitamina D3 + K2 Gotas,69.9
2026-08-24,Vitamina D3 - 2000 Ui,36.9
2026-08-24,Vitamina D3 - Ydrosolv,89.9
2026-08-24,Vitamina D3 - Ydrosolv - Spray,89.9
2026-08-24,Vitamina D3 Synergy,59.9
2026-08-24,Vitamina D3+K2,75.06
2026-08-24,"Vitaminas A, E, D e K2- RESTAURE® - Gotas",339.8
2026-08-24,W100 Whey Concentrado - Sachê,11.9
2026-08-24,W100 Whey Concentrado Havanna - Sachê,12.9
2026-08-24,Whey,869.69
2026-08-24,Whey - Isocrisp Pouch,319.6
2026-08-24,Whey 3W -  Sachê,10.9
2026-08-24,Whey Fort 3W,1539.66
2026-08-24,Whey Isolado - Isofort Ultra Imuno,339.9
2026-08-24,Whey Isolado e Hidrolisado - H.I Whey,289.9
2026-08-24,Whey Protein - CLEANPRO,599.6
2026-08-24,Whey Protein - Isofort Beauty,899.4
2026-08-24,Whey Protein Concentrado,10655.64
2026-08-24,Whey Protein Concentrado - Sachê,137.54
2026-08-24,Whey Protein Concentrado Cappuccino 900g DUX,879.6
2026-08-24,Whey Protein Isolado,5570.48
2026-08-24,Whey Protein Isolado - Sachê,24.9
2026-08-24,Whey hidrolisado e isolado,299.99
2026-08-24,Zinco - Ydrosolv,104.9
2026-08-24,Zinco Quelado,34.9
2026-08-24,Ômega - Mega DHA,179.9
2026-08-24,Ômega 3,509.97
2026-08-24,Ômega 3  - 1360mg,219.9
2026-08-24,Ômega 3 - 1360mg,419.7
2026-08-24,Ômega 3 - EPA DHA - 1000mg,209.7
2026-08-24,Ômega 3 - Fish Oil,189.98
2026-08-24,Ômega 3 EPA DHA,779.58
2026-08-24,Ômega 3 Fosfatix,169.9
2026-08-24,Ômega 3 Super DHA - BIG N,539.5
2026-08-24,Ômega Core,239.9
2026-08-31,100% Whey Pure,339.8
2026-08-31,Achocolatado - Choco Family - Refil,49.9
2026-08-31,Achocolatado - Chocoki,99.9
2026-08-31,Aminoácido - Amino Greens,209.9
2026-08-31,Aminoácido - Aminovita,129.9
2026-08-31,Aminoácido - Tryptophan,54.9
2026-08-31,Amora Miúra - 1500mg,44.9
2026-08-31,Antioxidante - Licopeno de Tomate,94.36
2026-08-31,Arginofor -  L-Arginina,119.9
2026-08-31,Arginofor - L-Arginina,69.9
2026-08-31,BCAA Powder,99.9
2026-08-31,BT Nitrato,149.9
2026-08-31,BT Nitrato 400,149.9
2026-08-31,Barrinha - Body Protein,10.9
2026-08-31,Barrinha de Proteina - Protein Crisp Bar,92.9
2026-08-31,Barrinha de Proteína,24.89
2026-08-31,Barrinha de Proteína - YOPRO,12.9
2026-08-31,Barrinha de Proteína Protein Crisp,79.9
2026-08-31,Barrinha de Proteína Whey Grego - Havanna,96.9
2026-08-31,Bebida Proteica - Natural Whey 14g,15.98
2026-08-31,Beef Protein,269.9
2026-08-31,Best Whey,229.9
2026-08-31,Beta Alanina,68.9
2026-08-31,Beta Alanina 100%,47.9
2026-08-31,Bio Cálcio  60 caps PURAVIDA,159.8
2026-08-31,Bio Zinco,39.9
2026-08-31,Biotina Plus,93.8
2026-08-31,Bom Ciclo,79.9
2026-08-31,Booster Energético - Upgrade Energy - TCM,139.9
2026-08-31,"Boraprim - Borragem, Prímula e Gergelim",449.5
2026-08-31,Cafeína,82.89
2026-08-31,Chocolate - Chocolift Be Alive,71.7
2026-08-31,Chocolate 70% Cacau,29.9
2026-08-31,Chocolate com Nibs,29.9
2026-08-31,Chá,6.9
2026-08-31,Chá Misto,6.9
2026-08-31,Chá Sublime - Brisa,6.9
2026-08-31,Coenzima  Q10 - 100mg,75.99
2026-08-31,Coenzima Q10,369.8
2026-08-31,Coenzima Q10  (200mg p/ porção),659.7
2026-08-31,Coenzima Q10 (200mg p/ porção),279.8
2026-08-31,Coenzima Q10 + Ômega 3 + Vitamina E,159.9
2026-08-31,Coenzima Q10 - 100mg,94.9
2026-08-31,Coenzima Q10 - 200mg,119.9
2026-08-31,Coenzima Q10 100 Mg,124.9
2026-08-31,Coffee - Brainstorm,129.9
2026-08-31,Collagen Advanced,229.9
2026-08-31,Colágeno -  Collagen Gut,219.9
2026-08-31,Colágeno - Colagentek,189.8
2026-08-31,Colágeno - Colagentek II,179.9
2026-08-31,Colágeno - Colagentek Protein - Bodybalance,759.6
2026-08-31,Colágeno - Collagen Essential Protein,239.9
2026-08-31,Colágeno - Collagen Protein Hidrolisado,179.9
2026-08-31,Colágeno - Collagen Protein Hidrolisado Berries Silvestres 450g PURAVIDA,179.9
2026-08-31,Colágeno - Collagen Renew Hidrolisado,89.9
2026-08-31,Colágeno - Collagen Tipo II 40mg,89.9
2026-08-31,Colágeno - Multi Collagen,749.7
2026-08-31,Colágeno Collagen Skin,194.9
2026-08-31,Colágeno Hidrolisado - Collagen Pro 18g,149.9
2026-08-31,Colágeno Tipo II,59.9
2026-08-31,Coq10 + Vitamina E,269.8
2026-08-31,Cranberry - She She Comfort,139.8
2026-08-31,Creatina,109.9
2026-08-31,Creatina - Creafort (Creapure),1464.2
2026-08-31,Creatina - Creapure,259.89
2026-08-31,Creatina - Creatine HMB,184.9
2026-08-31,Creatina - Gummy,144.9
2026-08-31,Creatina 100%,371.68
2026-08-31,Creatina 100% Pure,147.98
2026-08-31,Creatina Monohidratada,1861.54
2026-08-31,Creatina Monohidratada (Creapure),919.68
2026-08-31,Creatina Monohidratada - Creatine,249.75
2026-08-31,Creatina Monohidratada - Hardcore,89.9
2026-08-31,Creatina Monohidratada Mastigável - Creafast,168.99
2026-08-31,Creatina Premium - Creapure,389.98
2026-08-31,Creatine Action - Gummy,239.8
2026-08-31,Cúrcuma - Curcumagic,154.9
2026-08-31,Cúrcuma Plus,364.5
2026-08-31,Diabo Verde - Pré-Workout Diploko,79.9
2026-08-31,Eletrólitos,300.5
2026-08-31,Energy Gel,76.7
2026-08-31,Energy Gel - Endurance,13.8
2026-08-31,Energy Gel c/ Cafeína,11.99
2026-08-31,Energy Kick - Sachê,9.9
2026-08-31,Energético Diabo Verde - Pré-Workout,10.9
2026-08-31,Enzima Lactase - Laczyme,84.9
2026-08-31,Expresso Whey - Sachê,39.8
2026-08-31,Ferro - Ydrosolv,109.9
2026-08-31,Ferro Quelato + Vitamina C,186.87
2026-08-31,Fibras Prébioticas - Prebiotic,69.9
2026-08-31,Fresh Vegan,199.9
2026-08-31,Fresh Whey,2440.78
2026-08-31,FreshWhey - Sachê,16.9
2026-08-31,Gaba Complex,359.97
2026-08-31,Gel Intra-treino Sport Line,69.3
2026-08-31,Gel Nitrato,148.0
2026-08-31,Gel Nitrato c/ Cafeína,41.7
2026-08-31,Glutamina,239.7
2026-08-31,Glutamina - Glutamax,179.8
2026-08-31,Hydro Protein,35.7
2026-08-31,Hydrolift,98.9
2026-08-31,Isofort Plant (Life Vegan),139.9
2026-08-31,Juice Protein,49.95
2026-08-31,Livestrong,319.9
2026-08-31,Maca Peruana,53.99
2026-08-31,Magnésio,249.5
2026-08-31,Magnésio - Bio Trimag,74.9
2026-08-31,Magnésio - Inositol Relief 3.0,1394.91
2026-08-31,Magnésio - Mag 5 Complex,319.6
2026-08-31,Magnésio Inositol,369.8
2026-08-31,Magnésio Quelato - Bio Mag,299.6
2026-08-31,Melatonina - Sleepfor,79.9
2026-08-31,Melatonina Duo,79.9
2026-08-31,Metilfolato de Cálcio,31.9
2026-08-31,Morning Shot - Imunidade,314.7
2026-08-31,Multivitaminico  - Imunomult- 1000mg,139.9
2026-08-31,Multivitaminico - Imunomult- 1000mg,299.7
2026-08-31,N-Acetil Cisteína (NAC),89.9
2026-08-31,NAC,129.8
2026-08-31,NAC + Glycine + Taurine,419.6
2026-08-31,NAC Acetilcisteína -  600mg,159.8
2026-08-31,NAC PRO,119.98
2026-08-31,Omegafor Plus,2333.8
2026-08-31,Palatinose,64.9
2026-08-31,Probiótico - Probio20Bi,199.9
2026-08-31,Probiótico - Simcaps,49.9
2026-08-31,Probiótico - Simfort Plus,979.1
2026-08-31,Probióticos em Pó - Simfort,94.9
2026-08-31,Profem - Óleo de Prímula,64.9
2026-08-31,Propolis + Quercetin + Vitamin C,219.8
2026-08-31,Protein Brownie,223.96
2026-08-31,Proteína Isolada e Hidrolisada - Body Protein,439.8
2026-08-31,Proteína Vegetal em Pó - Veganpro,159.9
2026-08-31,Própolis - Green Própolis,79.9
2026-08-31,Própolis Alcoólico,29.9
2026-08-31,Própolis Líquido - Gotas,99.8
2026-08-31,Própolis Verde - Alcoólico,29.9
2026-08-31,Própolis Verde - Propomax,29.9
2026-08-31,Psyllium,242.97
2026-08-31,Pós-treino - Recharge 4:1,149.9
2026-08-31,Quercetina,79.9
2026-08-31,Refil Whey 100% Pure,319.8
2026-08-31,Refil Whey Protein Concentrado,414.9
2026-08-31,Resveratrol Plus - 165mg,389.7
2026-08-31,Sachê - Delicious Whey,9.9
2026-08-31,Salgadinho,88.47
2026-08-31,Shot Matinal,159.8
2026-08-31,Simfort Ultra,179.8
2026-08-31,Snack Proteico,32.7
2026-08-31,Super Café - Desincoffee,99.9
2026-08-31,Super Ômega 3,1149.5
2026-08-31,SuperCoffee,1479.83
2026-08-31,SuperCoffee Língua de gato - Kopenhagen,2879.84
2026-08-31,Suplemento Alimentar - Alpha Mater,123.99
2026-08-31,Suplemento Alimentar - Alpha Women,149.9
2026-08-31,"Suplemento Alimentar - Cabelo, Unha e Pele - Beauty +",129.9
2026-08-31,Suplemento Alimentar - GUARDIAN®,599.97
2026-08-31,Suplemento Alimentar - Green Shot,169.8
2026-08-31,Suplemento Alimentar - L-teanina - Happy Theanine,154.9
2026-08-31,Suplemento Alimentar - Pura Fiber,84.9
2026-08-31,Suplemento Alimentar - Slim Shape,84.9
2026-08-31,Suplemento Alimentar - True Nac,149.8
2026-08-31,Suplemento Vitamínico - Alpha Harmony,129.9
2026-08-31,Suplemento alimentar de Ômega 3 - DHA OX,184.9
2026-08-31,Suplemento de Magnésio - Blue Calm,159.9
2026-08-31,Suplemento para Imunidade - Immune Up 100%,129.9
2026-08-31,Tasty Whey 3W Gourmet,1249.5
2026-08-31,Termo Plus,94.9
2026-08-31,Termogênico - Termo Plus,139.9
2026-08-31,Trio Magnésio 720mg,349.5
2026-08-31,Vegan Protein,139.9
2026-08-31,Vit C - 4 Protect,149.9
2026-08-31,Vitamina - Good Mood,59.9
2026-08-31,Vitamina B12,588.8
2026-08-31,Vitamina B9 - Metilfolato,59.9
2026-08-31,Vitamina C - Bio Vit C+,119.8
2026-08-31,Vitamina D - Vita D3,573.0
2026-08-31,Vitamina D - Vita D3 + C + Zinco,93.8
2026-08-31,Vitamina D3,196.86
2026-08-31,Vitamina D3 + K2,139.8
2026-08-31,Vitamina D3 + K2 Gotas,349.5
2026-08-31,Vitamina D3 - 2000 Ui,73.8
2026-08-31,Vitamina D3 - Ydrosolv - Spray,89.9
2026-08-31,Vitamina D3 Synergy,59.9
2026-08-31,Vitamina K2 - Ydrosolv,164.9
2026-08-31,Whey,579.8
2026-08-31,Whey - Isocrisp Pouch,79.9
2026-08-31,Whey 3W -  Sachê,21.8
2026-08-31,Whey Fort 3W,719.7
2026-08-31,Whey HIT Protein,119.99
2026-08-31,Whey Isolado - Iso Triple Zero,599.78
2026-08-31,Whey Protein - Isofort Beauty,299.8
2026-08-31,Whey Protein Concentrado,6946.9
2026-08-31,Whey Protein Concentrado - Sachê,10.9
2026-08-31,Whey Protein Concentrado Cappuccino 900g DUX,1139.5
2026-08-31,Whey Protein ISO 100 Hydrolyzed,369.9
2026-08-31,Whey Protein Isolado,6738.0
2026-08-31,Whey Protein Isolado - Sachê,174.3
2026-08-31,Whey Protein Isolado - Tasty Iso,719.8
2026-08-31,Whey Tech 100%,194.9
2026-08-31,Whey hidrolisado e isolado,559.98
2026-08-31,Zinco - Ydrosolv,104.9
2026-08-31,Óleo de Borragem - Gamalift,144.37
2026-08-31,Óleo de Coco Extravirgem - Spray,34.9
2026-08-31,Ômega,410.97
2026-08-31,Ômega - Mega DHA,539.7
2026-08-31,Ômega 3,639.96
2026-08-31,Ômega 3 - 1360mg,279.8
2026-08-31,Ômega 3 - EPA DHA - 1000mg,69.9
2026-08-31,Ômega 3 - Fish Oil,179.98
2026-08-31,Ômega 3 - Omegafor Memory,119.9
2026-08-31,Ômega 3 DHA,279.8
2026-08-31,Ômega 3 EPA DHA,697.55
2026-08-31,Ômega 3 Pulse,134.99
2026-08-31,Ômega 3 Super DHA - BIG N,329.7
2026-08-31,Ômegafor Vegan 400mg,109.9
2026-09-07,100% Whey Protein - Flavour,419.7
2026-09-07,Aminoácidos - Aminnu EAAs,229.9
2026-09-07,Aminoácidos - Aminnu EAAs - Sem Xilitol,229.9
2026-09-07,Amora Miúra - 1500mg,44.9
2026-09-07,Antioxidante - Licopeno de Tomate,47.18
2026-09-07,Barra Chocolate 70%,18.89
2026-09-07,Barrinha Charge Bar,38.7
2026-09-07,Barrinha de Proteína,69.67
2026-09-07,Barrinha de Proteína - YoPRO,114.9
2026-09-07,Barrinha de Proteína Choco Wheyfer,17.8
2026-09-07,Barrinha de Proteína Whey Grego - Havanna,96.9
2026-09-07,Bebida Proteica - Mulkshake,47.68
2026-09-07,Bebida Proteica - Natural Whey 100% Whey - 15g,10.9
2026-09-07,Bebida Proteica - Natural Whey 100% Whey -15g,10.9
2026-09-07,Bebida Proteica - Natural Whey 14g,35.6
2026-09-07,Beef Protein,489.9
2026-09-07,Beta Alanina,68.9
2026-09-07,Bio Ferro,109.8
2026-09-07,Bio Zinco,119.7
2026-09-07,BodyBalance - Muscle Synergy,259.89
2026-09-07,Bom Ciclo,79.9
2026-09-07,"Boraprim - Borragem, Prímula e Gergelim",449.5
2026-09-07,Cappuccino Whey - Sachê,43.8
2026-09-07,Carboidrato - Carbofor,42.22
2026-09-07,Chocolate 70% Cacau,29.9
2026-09-07,Chá Misto,6.9
2026-09-07,Coenzima  Q10 - 100mg,75.99
2026-09-07,Coenzima Q10,489.6
2026-09-07,Coenzima Q10  (200mg p/ porção),1099.5
2026-09-07,Coenzima Q10 (200mg p/ porção),559.6
2026-09-07,Coenzima Q10 + Ômega 3 + Vitamina E,159.9
2026-09-07,Coenzima Q10 - (100mg p/ porção),84.9
2026-09-07,Coenzima Q10 - 100mg,274.79
2026-09-07,Coenzima Q10 200mg,89.9
2026-09-07,Colágeno - Colagentek,189.8
2026-09-07,Colágeno - Colagentek Beauty,139.9
2026-09-07,Colágeno - Colagentek II,494.6
2026-09-07,Colágeno - Colagentek Protein - Bodybalance,189.9
2026-09-07,Colágeno - Collagen Essential Protein,719.7
2026-09-07,Colágeno - Collagen Pro - Body Suport,209.9
2026-09-07,Colágeno - Collagen Protein Hidrolisado,539.7
2026-09-07,Colágeno - Collagen Renew Hidrolisado,899.0
2026-09-07,Colágeno - Collagen Tipo II 40mg,179.8
2026-09-07,Colágeno Hidrolisado - Collagen Pro 18g,1969.33
2026-09-07,Colágeno Tipo II,59.9
2026-09-07,Cranberry - She She Comfort,69.9
2026-09-07,Creatina,109.9
2026-09-07,Creatina - Creafort (Creapure),527.97
2026-09-07,Creatina - Gummy,144.9
2026-09-07,Creatina 100%,179.8
2026-09-07,Creatina Monohidratada,1794.73
2026-09-07,Creatina Monohidratada (Creapure),1204.75
2026-09-07,Creatina Monohidratada -  Crealift (Creapure),319.9
2026-09-07,Creatina Monohidratada - Creatine,439.77
2026-09-07,Creatina Monohidratada - Hardcore,89.9
2026-09-07,Creatina Monohidratada em Gummy,219.8
2026-09-07,Creatina- Creapure,399.8
2026-09-07,Creatine Action - Gummy,119.9
2026-09-07,Cúrcuma 500mg,94.9
2026-09-07,Cúrcuma Plus,504.3
2026-09-07,Diabo Verde - Pré-Workout Diploko,79.9
2026-09-07,Eletrólitos,163.8
2026-09-07,Energy Pro Ice Tea,65.4
2026-09-07,Expresso Whey - Sachê,19.9
2026-09-07,Farinha de Aveia,15.9
2026-09-07,Feno Grego,69.9
2026-09-07,Ferro - Ydrosolv,109.9
2026-09-07,Ferro Quelato + Vitamina C,109.8
2026-09-07,Fibras - Fiberfor,99.9
2026-09-07,Fibras Prébioticas - Prebiotic,139.8
2026-09-07,Fresh Vegan,339.89
2026-09-07,Fresh Whey,3431.28
2026-09-07,FreshWhey - Sachê,50.7
2026-09-07,Glutamina,149.8
2026-09-07,Glutamina - Glutamax,209.7
2026-09-07,Glutamina em Pó,114.9
2026-09-07,Gold Whey Concentrado Refil,389.8
2026-09-07,Granola,44.9
2026-09-07,Hipercalórico - Creamass,199.8
2026-09-07,Hydro Protein,47.6
2026-09-07,Immuno Whey,599.78
2026-09-07,Isofort Plant (Life Vegan),139.9
2026-09-07,Juice Protein,23.8
2026-09-07,L-Taurina - 1.000mg,111.8
2026-09-07,Livestrong,639.8
2026-09-07,Maca Peruana 600mg,54.9
2026-09-07,Magnésio - Bio Trimag,224.7
2026-09-07,Magnésio - Inositol Relief 3.0,529.88
2026-09-07,Magnésio - Inositol Relief 3.0 Sem Melatonina,219.9
2026-09-07,Magnésio Inositol Relax,273.9
2026-09-07,Magnésio Quelato - Bio Mag,224.7
2026-09-07,Massa Alimentícia de Fibra,53.97
2026-09-07,Melatonina - Sleepfor,79.9
2026-09-07,Melatonina Duo,79.9
2026-09-07,Melatonina em Gotas,46.9
2026-09-07,Morning Shot - Imunidade,104.9
2026-09-07,Multivitaminico  - Imunomult- 1000mg,279.8
2026-09-07,Multivitaminico - Imunomult- 1000mg,299.7
2026-09-07,Multivitaminino - Multi All,79.9
2026-09-07,Multivitamínico,229.87
2026-09-07,NAC,64.9
2026-09-07,NAC Acetilcisteína -  600mg,79.9
2026-09-07,Nootrópico - Brain Up,154.9
2026-09-07,Omegafor Plus,2523.4
2026-09-07,Palatinose,269.6
2026-09-07,Pasta de Amendoim Granulado,59.8
2026-09-07,Prebiótico - Fiber Liv,79.9
2026-09-07,Probiótico - Probigut Fast,56.9
2026-09-07,Probiótico - Simfort Plus,849.0
2026-09-07,Profem - Óleo de Prímula,129.8
2026-09-07,Protein Brownie,69.9
2026-09-07,Proteína Isolada e Hidrolisada - Body Protein,1099.5
2026-09-07,Proteína Isolada e Hidrolisada - Body Protein Red,219.9
2026-09-07,Proteína Vegana - Immuno Veggie,299.89
2026-09-07,Pré-Treino,139.9
2026-09-07,Pré-Treino - Beta Action,219.9
2026-09-07,Pré-treino - Energy Kick,139.9
2026-09-07,Pré-treino - Energy Kick Caffeine,139.9
2026-09-07,Própolis Líquido - Gotas,49.9
2026-09-07,Própolis Trio,141.98
2026-09-07,Própolis Verde - Propomax,29.9
2026-09-07,Própolis Verde 70,79.8
2026-09-07,Psyllium,80.99
2026-09-07,Refil 100% Whey Protein - Flavour,119.9
2026-09-07,Refil Pure Blend Protein,158.0
2026-09-07,Refil Whey Protein - 3W,199.9
2026-09-07,Refil Whey Protein Concentrado,299.8
2026-09-07,Resveratrol 500mg,89.9
2026-09-07,Resveratrol Plus - 165mg,779.4
2026-09-07,Sachê Super Café - Desincoffee,39.5
2026-09-07,Salgadinho,19.96
2026-09-07,Snack Proteico,43.6
2026-09-07,Super Café - Desincoffee,99.9
2026-09-07,Super Ômega 3,1449.4
2026-09-07,SuperCoffee,609.6
2026-09-07,SuperCoffee Língua de gato - Kopenhagen,224.9
2026-09-07,Suplemento - Hyaluronic Hair,149.8
2026-09-07,Suplemento Alimentar - Alpha Inflaminus,289.8
2026-09-07,Suplemento Alimentar - GUARDIAN®,919.6
2026-09-07,Suplemento Alimentar - Immune +,164.9
2026-09-07,Suplemento Alimentar - Pura Fiber,84.9
2026-09-07,Suplemento Alimentar - True Nac,134.89
2026-09-07,Suplemento para Cabelos e Unhas- Biocolin Hair,269.7
2026-09-07,Tasty Whey 3W Gourmet,749.7
2026-09-07,Termogênico - Lipix6,79.9
2026-09-07,Trio Magnésio 720mg,399.58
2026-09-07,True Cúrcuma com Ômega,124.9
2026-09-07,True Cúrcuma com Ômega Biomax,197.97
2026-09-07,Vanilla Whey - Sachê,19.9
2026-09-07,Vitamina - Good Mood,59.9
2026-09-07,Vitamina B12,309.2
2026-09-07,Vitamina C - Bio Vit C+,119.8
2026-09-07,Vitamina D - Vita D3,627.9
2026-09-07,Vitamina D3,37.99
2026-09-07,Vitamina D3 + K2,139.8
2026-09-07,Vitamina D3 + K2 Gotas,69.9
2026-09-07,Vitamina D3 - 2000 Ui,73.8
2026-09-07,Vitamina D3 Synergy,59.9
2026-09-07,Whey,1179.6
2026-09-07,Whey 3W -  Sachê,21.8
2026-09-07,Whey Concentrado - W100,139.9
2026-09-07,Whey Fort 3W,1619.57
2026-09-07,Whey Protein - Isofort Beauty,299.8
2026-09-07,Whey Protein 3W Sachê - DC,29.98
2026-09-07,Whey Protein Concentrado,6428.0
2026-09-07,Whey Protein Concentrado - Sachê,87.76
2026-09-07,Whey Protein Concentrado Cappuccino 900g DUX,205.99
2026-09-07,Whey Protein Isolado,6233.45
2026-09-07,Whey Protein Isolado - Isofort,1259.6
2026-09-07,Whey Protein Isolado - Tasty Iso,719.8
2026-09-07,Whey Tech 100%,194.9
2026-09-07,Whey hidrolisado e isolado,559.98
2026-09-07,Whey hidrolisado e isolado Creme Broule 837g TRUE SOURCE,329.9
2026-09-07,Óleo de Krill  - Ômega 3 EPA DHA,329.7
2026-09-07,Ômega -  Mega DHA,199.8
2026-09-07,Ômega - Mega DHA,539.7
2026-09-07,Ômega 3 - 1360mg,279.8
2026-09-07,Ômega 3 - EPA DHA - 1000mg,221.88
2026-09-07,Ômega 3 - Fish Oil,439.96
2026-09-07,Ômega 3 - Omegafor Memory,119.9
2026-09-07,Ômega 3 EPA DHA,1543.58
2026-09-07,Ômega 3 Fosfatix,339.8
2026-09-07,Ômega 3 Pulse,299.8
2026-09-07,Ômega 3 Super DHA - BIG N,659.4
2026-09-07,Ômegafor Vegan 400mg,109.9
2026-09-14,100% Whey Pure,169.9
2026-09-14,Aminoácidos - Aminnu EAAs,199.99
2026-09-14,Aminoácidos - Aminnu EAAs - Sem Xilitol,399.98
2026-09-14,BIOCOLIN® - COLLAGEN,199.9
2026-09-14,BT Nitrato 400,649.6
2026-09-14,Barrinha de Proteína - Protein Crisp Bar,15.8
2026-09-14,Barrinha de Proteína Choco Wheyfer,93.8
2026-09-14,Beef Protein,559.79
2026-09-14,Beta Alanina,228.7
2026-09-14,Beta Alanina 100%,191.6
2026-09-14,Bio Ferro,176.96
2026-09-14,Bio Zinco,39.9
2026-09-14,Biotina Plus,46.9
2026-09-14,Body Protein Vegano,319.8
2026-09-14,Bom Ciclo,159.8
2026-09-14,"Boraprim - Borragem, Prímula e Gergelim",54.9
2026-09-14,Cacao Whey - Sachê,19.9
2026-09-14,Cacau em pó 100%,23.99
2026-09-14,Carboidrato - Carbofor,42.22
2026-09-14,Chocolate - Chocolift Be Alive,167.3
2026-09-14,"Chocolate 99,9% Cacau",83.7
2026-09-14,Chá,14.1
2026-09-14,Chá Misto,6.9
2026-09-14,Chá Sublime - Harmonia,28.8
2026-09-14,Cocada,4.9
2026-09-14,Coenzima  Q10 - 100mg,151.98
2026-09-14,Coenzima Q10,359.6
2026-09-14,Coenzima Q10  (200mg p/ porção),439.8
2026-09-14,Coenzima Q10 (200mg p/ porção),829.3
2026-09-14,Coenzima Q10 + Ômega 3 + Vitamina E,159.9
2026-09-14,Coenzima Q10 - (100mg p/ porção),84.9
2026-09-14,Coenzima Q10 - 100mg,94.9
2026-09-14,Coenzima Q10 200mg,179.8
2026-09-14,Colágeno - Colagentek,284.7
2026-09-14,Colágeno - Colagentek II,209.8
2026-09-14,Colágeno - Colagentek Protein - Bodybalance,1329.3
2026-09-14,Colágeno - Collagen Derm,329.8
2026-09-14,Colágeno - Collagen Essential Protein,479.8
2026-09-14,Colágeno - Collagen Flex + Beauty,359.8
2026-09-14,Colágeno - Collagen Gut,219.9
2026-09-14,Colágeno - Collagen Protein Hidrolisado,359.8
2026-09-14,Colágeno - Collagen Renew Hidrolisado,89.9
2026-09-14,Colágeno - Collagen Tipo II 40mg,179.8
2026-09-14,Colágeno - Collcreatine,189.9
2026-09-14,Creatina - Creafort (Creapure),2344.6
2026-09-14,Creatina 100%,59.9
2026-09-14,Creatina 100% Pure,64.99
2026-09-14,Creatina Monohidratada,1533.02
2026-09-14,Creatina Monohidratada (Creapure),359.8
2026-09-14,Creatina Monohidratada - Creatine,439.77
2026-09-14,Cromo Picolinato - 250mg,83.7
2026-09-14,Curcumina,99.9
2026-09-14,Cúrcuma,79.9
2026-09-14,Cúrcuma 500mg,284.7
2026-09-14,Cúrcuma Plus,339.6
2026-09-14,Eletrólitos,205.69
2026-09-14,Energy Gel,13.9
2026-09-14,Energy Gel - Endurance,6.9
2026-09-14,Energy Gel c/ Cafeína,13.9
2026-09-14,Enzimas Enzyfor,149.9
2026-09-14,Extrato de Própolis,19.99
2026-09-14,Fe - Complex,69.9
2026-09-14,Ferro - Ydrosolv,109.9
2026-09-14,Ferro Quelato + Vitamina C,54.9
2026-09-14,Fibras Prébioticas - Prebiotic,139.8
2026-09-14,Fresh Vegan,139.99
2026-09-14,Fresh Whey,2089.0
2026-09-14,Glutamina,276.7
2026-09-14,Glutamina - Glutamax,89.9
2026-09-14,Glutamina Pure,119.9
2026-09-14,Glutamina em Pó,214.8
2026-09-14,Immuno Whey,299.89
2026-09-14,L-Carnitina 530mg,69.9
2026-09-14,Laranja Moro,129.8
2026-09-14,Livestrong,319.9
2026-09-14,Magnésio,249.5
2026-09-14,Magnésio - Bio Trimag,374.5
2026-09-14,Magnésio - Inositol Relief 3.0,1059.76
2026-09-14,Magnésio - Mag 5 Complex,159.8
2026-09-14,Magnésio Inositol,149.9
2026-09-14,Massa Alimentícia de Fibra,19.9
2026-09-14,Massa Alimentícia de fibra,19.9
2026-09-14,Matchá,92.9
2026-09-14,Mel Puro,24.9
2026-09-14,Melatonina,229.6
2026-09-14,Melatonina - Natural Sleep,54.9
2026-09-14,Melatonina - Sleepfor,159.8
2026-09-14,Melatonina Duo,159.8
2026-09-14,Melatonina em Gotas,46.9
2026-09-14,Metilfolato de Cálcio,31.9
2026-09-14,Morning Shot - Imunidade,104.9
2026-09-14,Multivitaminico  - Imunomult- 1000mg,279.8
2026-09-14,Multivitamínico,69.9
2026-09-14,Multivitamínico - Alpha Kids,139.9
2026-09-14,Multivitamínico - Vitalift,209.9
2026-09-14,N-Acetil Cisteína (NAC),89.9
2026-09-14,NAC Acetilcisteína -  600mg,159.8
2026-09-14,NAC PRO,119.98
2026-09-14,Omegafor Plus,3223.0
2026-09-14,Palatinose,64.9
2026-09-14,Pasta de Amendoim Granulado,59.8
2026-09-14,Paçoquinha,4.9
2026-09-14,Probiótico - Simcaps,224.7
2026-09-14,Probiótico - Simfort Plus,359.7
2026-09-14,Protein Brownie,69.9
2026-09-14,Proteína - Isocrisp Plant - Pote,29.9
2026-09-14,Proteína - Isocrisp Plant Pouch,209.7
2026-09-14,Proteína Isolada e Hidrolisada - Body Protein,1099.5
2026-09-14,Proteína Vegana - Immuno Veggie,299.89
2026-09-14,Pré-Treino  - Stim Free,129.9
2026-09-14,Pré-Treino Energy ATP®,419.8
2026-09-14,Pré-treino - Energy Kick,419.7
2026-09-14,Própolis Trio,70.99
2026-09-14,Própolis Verde - Propomax,119.6
2026-09-14,Própolis Verde 70,79.8
2026-09-14,Psyllium,89.9
2026-09-14,Refil 100% Whey Protein - Flavour,239.8
2026-09-14,Refil Whey 100% Pure,159.9
2026-09-14,Refil Whey Protein - 3W,199.9
2026-09-14,Refil Whey Protein Concentrado,724.7
2026-09-14,Refil Whey Protein Isolado,649.9
2026-09-14,Resveratrol Plus - 165mg,129.9
2026-09-14,Salgadinho,29.94
2026-09-14,Salgadinho Proteico - Fitzei,137.81
2026-09-14,Simfort fibras,64.9
2026-09-14,Snack Proteico,69.9
2026-09-14,Spray de mel e extrato de própolis,15.99
2026-09-14,Spray de mel e extrato de própolis - Menta,15.99
2026-09-14,Super Omega-3 TG Comfort,219.9
2026-09-14,Super Ômega 3,299.8
2026-09-14,SuperCoffee,1039.85
2026-09-14,SuperCoffee Língua de gato - Kopenhagen,309.72
2026-09-14,Suplemento - Alimentar - Cálcio Citrato Malato,99.8
2026-09-14,Suplemento - Hyaluronic Hair,74.9
2026-09-14,Suplemento Alimentar - Alpha Women,149.9
2026-09-14,"Suplemento Alimentar - Cabelo, Unha e Pele - Beauty +",129.9
2026-09-14,Suplemento Alimentar - GUARDIAN®,1799.91
2026-09-14,Suplemento Alimentar - True Nac,74.9
2026-09-14,Suplemento de Magnésio - Blue Calm,379.7
2026-09-14,Tablete de Doce,9.8
2026-09-14,Tasty Whey 3W Gourmet,999.6
2026-09-14,Termo Plus,189.8
2026-09-14,Termogênico - Lipix6,79.9
2026-09-14,Termogênico - Termo Plus,139.9
2026-09-14,Trio Magnésio 720mg,139.8
2026-09-14,Triptofano - Triptoflex 215mg,49.9
2026-09-14,True Cúrcuma com Ômega,124.9
2026-09-14,True Cúrcuma com Ômega Biomax,131.98
2026-09-14,True Protein Advanced,329.98
2026-09-14,Vanilla Whey - Sachê,39.8
2026-09-14,Vitamina - Good Mood,59.9
2026-09-14,Vitamina B12,174.7
2026-09-14,Vitamina C - 500mg,49.9
2026-09-14,Vitamina D - Vita D3,286.5
2026-09-14,Vitamina D - Vita D3 + C + Zinco,139.8
2026-09-14,Vitamina D3,172.69
2026-09-14,Vitamina D3 + K2,349.5
2026-09-14,Vitamina D3 - Ydrosolv,89.9
2026-09-14,Vitamina D3 Synergy,59.9
2026-09-14,"Vitaminas A, E, D e K2- RESTAURE® - Gotas",169.9
2026-09-14,Whey,1159.6
2026-09-14,Whey - Zero Lactose,234.9
2026-09-14,Whey 3W -  Sachê,21.8
2026-09-14,Whey Concentrado - W100,139.9
2026-09-14,Whey Fort 3W,426.98
2026-09-14,Whey Isolado - Isofort Ultra Imuno,339.9
2026-09-14,Whey Protein - Isofort Beauty,149.9
2026-09-14,Whey Protein 3W - DC,383.98
2026-09-14,Whey Protein 3W Sachê - DC,92.83
2026-09-14,Whey Protein Concentrado,5911.94
2026-09-14,Whey Protein Concentrado - Sachê,61.6
2026-09-14,Whey Protein Concentrado Cappuccino 900g DUX,218.99
2026-09-14,Whey Protein Hidrolisado,369.9
2026-09-14,Whey Protein Isolado,7907.95
2026-09-14,Whey Protein Isolado - Isofort,1574.5
2026-09-14,Whey Protein Isolado - Sachê,124.5
2026-09-14,Whey Protein Isolado - Tasty Iso,359.9
2026-09-14,Whey Tech 100%,164.99
2026-09-14,Ômega -  Mega DHA,99.9
2026-09-14,Ômega - DHA 1000,359.7
2026-09-14,Ômega 3  - 1360mg,417.89
2026-09-14,Ômega 3 - 1360mg,979.3
2026-09-14,Ômega 3 - EPA DHA - 1000mg,607.92
2026-09-14,Ômega 3 - Omegafor Memory,323.97
2026-09-14,Ômega 3 - Ultra Caps 1000mg,159.9
2026-09-14,Ômega 3 EPA DHA,795.55
2026-09-14,Ômega 3 Fosfatix,339.8
2026-09-14,Ômega 3 Pulse,314.97
2026-09-14,Ômega Core,239.9
2026-09-14,Ômega DHA,229.9
2026-09-21,100% Whey Pure,289.8
2026-09-21,Achocolatado - Chocoki,199.8
2026-09-21,Aminoácidos - Aminolift,209.9
2026-09-21,Antioxidante - Licopeno de Tomate,47.18
2026-09-21,Barra Chocolate 40%,37.78
2026-09-21,Barra Chocolate 70%,18.89
2026-09-21,Barrinha Charge Bar,25.8
2026-09-21,Barrinha de Chocolate Branco,9.9
2026-09-21,Barrinha de Proteína,97.3
2026-09-21,Barrinha de Proteína - Protein Crisp Bar,99.9
2026-09-21,Barrinha de Proteína Choco Wheyfer,17.8
2026-09-21,Barrinha de Proteína Protein Crisp,259.7
2026-09-21,Barrinha de Proteína Whey Grego - Havanna,114.9
2026-09-21,Bebida Proteica - Natural Whey 100% Whey - 15g,10.9
2026-09-21,Bebida Proteica - Natural Whey 100% Whey -15g,58.84
2026-09-21,Bebida Proteica - Natural Whey 14g,69.9
2026-09-21,Beef Protein,249.9
2026-09-21,Best Whey,229.9
2026-09-21,Beta Alanina,68.9
2026-09-21,Bio B - Complex®,104.9
2026-09-21,Bio Ferro,109.8
2026-09-21,Bio Zinco,79.8
2026-09-21,Biotina Plus,46.9
2026-09-21,Blue Calm - Gaba,104.9
2026-09-21,Body Protein Fresh,244.9
2026-09-21,BodyBalance - Muscle Synergy,259.89
2026-09-21,Bombom,44.5
2026-09-21,"Boraprim - Borragem, Prímula e Gergelim",269.7
2026-09-21,Brain Focus,84.9
2026-09-21,Chocolate 70% Cacau,29.9
2026-09-21,Chocolate 85% Cacau,29.9
2026-09-21,Chá,14.4
2026-09-21,Chá Misto,27.6
2026-09-21,Chá Sublime - Brisa,13.8
2026-09-21,Chá Sublime - Energia,7.2
2026-09-21,Cocada,9.8
2026-09-21,Coenzima  Q10 - 100mg,80.99
2026-09-21,Coenzima Q10,399.7
2026-09-21,Coenzima Q10  (200mg p/ porção),439.8
2026-09-21,Coenzima Q10 (200mg p/ porção),425.87
2026-09-21,Coenzima Q10 - (100mg p/ porção),84.9
2026-09-21,Coenzima Q10 - 200mg,239.8
2026-09-21,Coenzima Q10 200mg,89.9
2026-09-21,Coffee - Brainstorm,139.9
2026-09-21,Collagen Protein,239.9
2026-09-21,Colágeno -  Collagen Gut,219.9
2026-09-21,Colágeno - Colagentek Beauty,139.9
2026-09-21,Colágeno - Colagentek II,164.8
2026-09-21,Colágeno - Colagentek Protein - Bodybalance,759.6
2026-09-21,Colágeno - Collagen Essential Protein,1199.5
2026-09-21,Colágeno - Collagen Protein Hidrolisado,179.9
2026-09-21,Colágeno - Collagen Renew Hidrolisado,179.8
2026-09-21,Colágeno - Multi Collagen,249.9
2026-09-21,Colágeno Hidrolisado - Collagen Pro 18g,645.78
2026-09-21,Creatina,369.6
2026-09-21,Creatina - Creafort (Creapure),703.96
2026-09-21,Creatina - Creapure,259.89
2026-09-21,Creatina 100%,269.6
2026-09-21,Creatina 100% Pure,389.95
2026-09-21,Creatina Delicious,74.9
2026-09-21,Creatina Monohidratada,1709.77
2026-09-21,Creatina Monohidratada (Creapure),359.8
2026-09-21,Creatina Monohidratada - Creatine,369.78
2026-09-21,Creatina Monohidratada - Hardcore,179.8
2026-09-21,Creatina Monohidratada Refil,54.9
2026-09-21,Cromo Picolinato - 250mg,55.8
2026-09-21,Cúrcuma Plus,389.4
2026-09-21,Diabo Verde - Pré-Workout,78.9
2026-09-21,Eletrólitos,195.4
2026-09-21,Energy Gel - Endurance,31.77
2026-09-21,Extrato de Laranja Moro 400mg,99.9
2026-09-21,Farinha de Aveia,15.9
2026-09-21,Fe - Complex,69.9
2026-09-21,Ferro - Iron Plus,84.9
2026-09-21,Ferro Quelato + Vitamina C,109.8
2026-09-21,Fresh Whey,599.8
2026-09-21,FreshWhey - Sachê,16.9
2026-09-21,Glutamina,439.5
2026-09-21,Glutamina - Glutamax,89.9
2026-09-21,Glutamina Isolates,69.9
2026-09-21,Glutamina em Pó,114.9
2026-09-21,Gold Whey Concentrado Refil,194.9
2026-09-21,Hydro Protein,11.9
2026-09-21,Immuno Whey,599.78
2026-09-21,Isofort Plant (Life Vegan),139.9
2026-09-21,Livestrong,319.9
2026-09-21,MCT com AGE,74.9
2026-09-21,Magnésio,49.9
2026-09-21,Magnésio - Bio Trimag,74.9
2026-09-21,Magnésio - Mag 5 Complex,79.9
2026-09-21,Magnésio Inositol,149.9
2026-09-21,Magnésio Inositol Relax,273.9
2026-09-21,Magnésio Quelato - Bio Mag,149.8
2026-09-21,Massa Alimentícia de Fibra,39.8
2026-09-21,Melatonina,179.7
2026-09-21,Melatonina Duo,79.9
2026-09-21,Melatonina Duo Harmony,129.9
2026-09-21,Melatonina Fast,39.9
2026-09-21,Metilfolato,48.9
2026-09-21,Morning Shot - Imunidade,104.9
2026-09-21,Multivitaminico - Imunomult- 1000mg,199.8
2026-09-21,Multivitaminino - Multi All,79.9
2026-09-21,Multivitamínico,139.8
2026-09-21,Multivitamínico - Alpha Kids,139.9
2026-09-21,NAC,129.8
2026-09-21,NAC Acetilcisteína -  600mg,79.9
2026-09-21,NAC PRO,169.89
2026-09-21,Nootrópico - Brain Up,154.9
2026-09-21,Omegafor Family - Ômega 3,69.9
2026-09-21,Omegafor Plus,4168.42
2026-09-21,Omegafor Vitamins,139.9
2026-09-21,Palatinose,398.73
2026-09-21,Paçoquinha,4.9
2026-09-21,Probiótico - Probio20Bi,199.9
2026-09-21,Probiótico - Simcaps,74.9
2026-09-21,Probiótico - Simfort Plus,381.87
2026-09-21,Proteina Vegetal - True Vegan,399.8
2026-09-21,Proteína Isolada e Hidrolisada - Body Protein,439.8
2026-09-21,Proteína Isolada e Hidrolisada - Body Protein Red,219.9
2026-09-21,Pré-Treino - V Fort Ultra,129.9
2026-09-21,Própolis Alcoólico,29.9
2026-09-21,Própolis Verde - Alcoólico,29.9
2026-09-21,Própolis Verde - Propomax,29.9
2026-09-21,Psyllium,189.7
2026-09-21,Pós-treino - Recharge 4:1,144.9
2026-09-21,Refil 100% Whey Protein - Flavour,119.9
2026-09-21,Refil Whey 100% Pure,319.8
2026-09-21,Refil Whey Concentrado - W100,1039.2
2026-09-21,Refil Whey Protein - 3W,199.9
2026-09-21,Refil Whey Protein Concentrado,1307.94
2026-09-21,Resveratrol 500mg,179.8
2026-09-21,Resveratrol Plus - 165mg,779.4
2026-09-21,Sachê Body Protein,69.5
2026-09-21,Sachê Super Café - Desincoffee,7.9
2026-09-21,Sachê True Whey Protein,119.4
2026-09-21,Sachê de Óleo De Coco Extravirgem,7.8
2026-09-21,Salgadinho,108.64
2026-09-21,Salgadinho Proteico - Fitzei,71.91
2026-09-21,Shot Matinal,79.9
2026-09-21,Simfort Ultra,89.9
2026-09-21,Sleepfor,69.9
2026-09-21,Snack Proteico,65.4
2026-09-21,Spirulina Orgânica - 200 tabletes,134.9
2026-09-21,Super Café - Desincoffee,299.7
2026-09-21,Super Omega-3 TG Comfort,219.9
2026-09-21,Super Ômega 3,1039.5
2026-09-21,SuperCoffee,824.76
2026-09-21,SuperCoffee Língua de gato - Kopenhagen,229.9
2026-09-21,"Suplemento Alimentar - Cabelo, Unha e Pele - Beauty +",129.9
2026-09-21,Suplemento Alimentar - GUARDIAN®,199.99
2026-09-21,Suplemento Alimentar - LEVSENSI,199.9
2026-09-21,Suplemento Alimentar - Pura Fiber,84.9
2026-09-21,Suplemento Alimentar - Slim Body 400mg,89.9
2026-09-21,Suplemento de Magnésio - Blue Calm,319.8
2026-09-21,Suplemento para Cabelos e Unhas- Biocolin Hair,179.8
2026-09-21,Tasty Whey 3W Gourmet,259.9
2026-09-21,Termogênico - Termo Plus,139.9
2026-09-21,Trio Magnésio 720mg,139.8
2026-09-21,True Protein Advanced,506.97
2026-09-21,V-Coffee Energy Boost,84.99
2026-09-21,Vinagre de Maçã Orgânico,24.01
2026-09-21,Vitamina B12,282.58
2026-09-21,Vitamina C + Zinco - Gomas,69.9
2026-09-21,Vitamina C3 - 1000mg,54.9
2026-09-21,Vitamina D - Ativa D3,99.9
2026-09-21,Vitamina D - Vita D3,443.56
2026-09-21,Vitamina D - Vita D3 + C + Zinco,139.8
2026-09-21,Vitamina D3,119.9
2026-09-21,Vitamina D3 + K2,195.79
2026-09-21,Vitamina D3 + K2 Gotas,139.8
2026-09-21,Vitamina D3 - 2000 Ui,110.7
2026-09-21,Vitamina D3 Synergy,107.98
2026-09-21,"Vitaminas A, E, D e K2- RESTAURE® - Gotas",509.7
2026-09-21,Whey,289.9
2026-09-21,Whey 3W,389.8
2026-09-21,Whey Fort 3W,650.97
2026-09-21,Whey HIT Protein,389.88
2026-09-21,Whey Isolado - Iso Triple Zero,299.89
2026-09-21,Whey Protein - Isofort Beauty,134.99
2026-09-21,Whey Protein 3W - DC,224.9
2026-09-21,Whey Protein 3W Sachê - DC,14.99
2026-09-21,Whey Protein Concentrado,5430.32
2026-09-21,Whey Protein Concentrado - Sachê,44.7
2026-09-21,Whey Protein Isolado,5818.3
2026-09-21,Whey Protein Isolado - Isofort,1229.78
2026-09-21,Whey Protein Isolado - Sachê,49.8
2026-09-21,Whey Protein Isolado - Tasty Iso,719.8
2026-09-21,Whey Tech 100%,659.96
2026-09-21,Whey hidrolisado e isolado,989.7
2026-09-21,Óleo de Krill  - Ômega 3 EPA DHA,109.9
2026-09-21,Ômega - Mega DHA,287.98
2026-09-21,Ômega 3 - 1360mg,419.7
2026-09-21,Ômega 3 - EPA DHA - 1000mg,89.9
2026-09-21,Ômega 3 - Omegafor Memory,119.9
2026-09-21,Ômega 3 - Ultra Caps 1000mg,639.6
2026-09-21,Ômega 3 EPA DHA,1032.18
2026-09-21,Ômega 3 Fosfatix,169.9
2026-09-21,Ômega 3 Kids,69.9
2026-09-21,Ômega 3 Pulse,209.98
2026-09-28,100% Whey Protein - Flavour,139.9
2026-09-28,100% Whey Pure,314.8
2026-09-28,Achocolatado - Chocoki,99.9
2026-09-28,Aminoácidos - Aminnu EAAs - Sem Xilitol,229.9
2026-09-28,Aminoácidos - Aminolift,209.9
2026-09-28,Amora Miúra - 1500mg,44.9
2026-09-28,Astaxantina - Ydrosolv,159.9
2026-09-28,BT Nitrato 400,324.8
2026-09-28,Barrinha - Body Protein,54.5
2026-09-28,Barrinha Charge Bar,12.9
2026-09-28,Barrinha de Chocolate 70%,59.6
2026-09-28,Barrinha de Chocolate Branco,9.9
2026-09-28,Barrinha de Chocolate ao Leite,59.4
2026-09-28,Barrinha de Proteína,518.2
2026-09-28,Barrinha de Proteína - Best Whey Bar,119.0
2026-09-28,Barrinha de Proteína - Protein Crisp Bar,39.5
2026-09-28,Barrinha de Proteína - YOPRO,25.8
2026-09-28,Barrinha de Proteína Best Whey 62g (15g de Proteína),139.9
2026-09-28,Barrinha de Proteína Choco Wheyfer,17.8
2026-09-28,Barrinha de Proteína Crunch,44.7
2026-09-28,Barrinha de Proteína Protein Crisp,599.4
2026-09-28,Barrinha de Proteína Whey Grego - Havanna,211.8
2026-09-28,Bebida Proteica - Mulkshake,9.9
2026-09-28,Bebida Proteica - Natural Whey 100% Whey -15g,7.99
2026-09-28,Bebida Proteica - Natural Whey 14g,13.98
2026-09-28,Beef Hidro Protein,149.9
2026-09-28,Beef Protein,999.95
2026-09-28,Best Whey,1149.5
2026-09-28,Bio B - Complex®,104.9
2026-09-28,Bio Ferro,109.8
2026-09-28,Bio Vitamina B12 em gotas,44.9
2026-09-28,Bio Zinco,79.8
2026-09-28,Biotina Plus,46.9
2026-09-28,Biscoito Proteico - Sublime,12.9
2026-09-28,Body Protein Vegano,159.9
2026-09-28,BodyBalance - Muscle Synergy,259.89
2026-09-28,Bom Ciclo,79.9
2026-09-28,Bombom,8.9
2026-09-28,"Boraprim - Borragem, Prímula e Gergelim",89.9
2026-09-28,Brain Focus,84.9
2026-09-28,Cafeína,54.9
2026-09-28,Cappuccino Whey - Sachê,43.8
2026-09-28,Chocolate 70% Cacau,29.9
2026-09-28,Chocolate 70% Cacau - Marshmallow,35.78
2026-09-28,Chocolate 77% Cacau,36.9
2026-09-28,"Chocolate 99,9% Cacau",55.8
2026-09-28,Chocolate ao Leite - Marshmallow,17.89
2026-09-28,Chá Misto,6.9
2026-09-28,Chá Sublime - Harmonia,7.2
2026-09-28,Cocada,9.8
2026-09-28,Coenzima Q10,1703.98
2026-09-28,Coenzima Q10 (200mg p/ porção),1244.79
2026-09-28,Coenzima Q10 - (100mg p/ porção),84.9
2026-09-28,Coenzima Q10 - 100mg,84.99
2026-09-28,Coenzima Q10+ 200mg,149.9
2026-09-28,Coffee - Brainstorm,129.9
2026-09-28,Colágeno -  Collagen Gut,219.9
2026-09-28,Colágeno - Colagentek,94.9
2026-09-28,Colágeno - Colagentek Beauty,139.9
2026-09-28,Colágeno - Colagentek II,179.9
2026-09-28,Colágeno - Colagentek Protein - Bodybalance,759.6
2026-09-28,Colágeno - Collagen Essential Protein,239.9
2026-09-28,Colágeno - Collagen Pro - Beauty Blend,209.9
2026-09-28,Colágeno - Collagen Protein Hidrolisado,179.9
2026-09-28,Colágeno - Collagen Protein Hidrolisado Berries Silvestres 450g PURAVIDA,179.9
2026-09-28,Colágeno - Collagen Renew Hidrolisado,179.8
2026-09-28,Colágeno - Collcreatine,189.9
2026-09-28,Colágeno - Collpure®,494.7
2026-09-28,Colágeno - Multi Collagen,249.9
2026-09-28,Colágeno Hidrolisado,44.9
2026-09-28,Colágeno Hidrolisado - Collagen Pro 18g,679.6
2026-09-28,Colágeno Tipo II,119.8
2026-09-28,Complexo B Max,44.9
2026-09-28,Cranberry - She She Comfort,69.9
2026-09-28,Creatina,109.9
2026-09-28,Creatina - Creafort (Creapure),2479.83
2026-09-28,Creatina - Creatine HMB,554.7
2026-09-28,Creatina 100%,287.87
2026-09-28,Creatina 100% Pure,307.96
2026-09-28,Creatina Monohidratada,1967.49
2026-09-28,Creatina Monohidratada (Creapure),779.6
2026-09-28,Creatina Monohidratada -  Crealift (Creapure),319.9
2026-09-28,Creatina Monohidratada - Creatine,1194.85
2026-09-28,Creatina Monohidratada - Hardcore,89.9
2026-09-28,Creatina Monohidratada Refil,54.9
2026-09-28,Creatina Monohidratada em Gummy,109.9
2026-09-28,Creatina Premium - Creapure,402.89
2026-09-28,Creatina- Creapure,199.9
2026-09-28,Creatine Action - Gummy,119.9
2026-09-28,Cúrcuma - Curcumagic,154.9
2026-09-28,Cúrcuma 500mg,94.9
2026-09-28,Cúrcuma Plus,443.76
2026-09-28,Diabo Verde - Pré-Workout,78.9
2026-09-28,Eletrólitos,947.29
2026-09-28,Energy Gel,5.9
2026-09-28,Energy Gel - Endurance,6.9
2026-09-28,Expresso Whey - Sachê,19.9
2026-09-28,Farinha de Aveia,15.9
2026-09-28,Feno Grego,139.8
2026-09-28,Ferro Lipofer - Ferro Orodispersível,69.99
2026-09-28,Ferro Quelado 34mg,119.6
2026-09-28,Fibras - Fiberbuty,199.9
2026-09-28,Fresh Vegan,339.8
2026-09-28,Fresh Whey,3928.3
2026-09-28,FreshWhey - Sachê,50.7
2026-09-28,Gaba Complex,159.9
2026-09-28,Gel - Endurance,139.8
2026-09-28,Glutamina,449.69
2026-09-28,Glutamina - Glutamax,269.7
2026-09-28,Glutamina - Glutamax Refil,279.8
2026-09-28,Gold Whey Concentrado Refil,974.5
2026-09-28,Grassfed Whey Protein,479.8
2026-09-28,Hydro Protein,107.1
2026-09-28,Hydrolift,197.8
2026-09-28,Isofort Plant (Life Vegan),419.7
2026-09-28,Juice Protein,11.9
2026-09-28,Livestrong,959.7
2026-09-28,Maca Peruana,59.9
2026-09-28,Magnésio,149.7
2026-09-28,Magnésio - Bio Trimag,74.9
2026-09-28,Magnésio - Inositol Relief 3.0,1061.94
2026-09-28,Magnésio - Mag 5 Complex,79.9
2026-09-28,Magnésio Bisglicinato,49.9
2026-09-28,Magnésio Inositol,369.8
2026-09-28,Magnésio Inositol Relax,273.9
2026-09-28,Magnésio Quelato - Bio Mag,149.8
2026-09-28,Massa Alimentícia de Fibra,39.8
2026-09-28,Matchá - Chá Verde em Pó,89.9
2026-09-28,Mel - Flores de Eucalipto,51.98
2026-09-28,Melatonina,59.9
2026-09-28,Melatonina - Sleepfor,159.8
2026-09-28,Melatonina Fast,69.8
2026-09-28,Melatonina em Gotas,46.9
2026-09-28,Metilfolato,97.8
2026-09-28,Morning Shot - Imunidade,419.6
2026-09-28,Multivitaminico  - Imunomult- 1000mg,559.6
2026-09-28,Multivitaminico - Imunomult- 1000mg,199.8
2026-09-28,Multivitamínico,259.6
2026-09-28,NAC,194.7
2026-09-28,NAC Acetilcisteína -  600mg,319.6
2026-09-28,Omegafor Plus,4471.36
2026-09-28,Palatinose,134.8
2026-09-28,Prebiótico,84.9
2026-09-28,Prebiótico - Fiber Liv,159.8
2026-09-28,Probiótico - Simfort Plus,619.38
2026-09-28,Protein Brownie,69.9
2026-09-28,Proteina Vegetal - True Vegan,359.98
2026-09-28,Proteína - Isocrisp Plant - Pote,209.6
2026-09-28,Proteína Isolada e Hidrolisada - Body Protein,1319.4
2026-09-28,Proteína Isolada e Hidrolisada - Body Protein Red,879.6
2026-09-28,Proteína Vegana - Vegan Tasty,159.9
2026-09-28,Proteína Vegetal em Pó - Veganpro,319.8
2026-09-28,Pré-Treino,139.9
2026-09-28,Pré-Treino - Beta Action,219.9
2026-09-28,Pré-Treino - V Fort Ultra,129.9
2026-09-28,Pré-treino - Energy Kick Caffeine,139.9
2026-09-28,Próbiotico - Purabiotics,89.9
2026-09-28,Própolis - Green Própolis,159.8
2026-09-28,Própolis Verde - Premium 10mg,69.9
2026-09-28,Própolis Verde - Propomax,29.9
2026-09-28,Psyllium,179.8
2026-09-28,Pós-treino - Recharge 4:1,289.8
2026-09-28,Refil 100% Whey Protein - Flavour,119.9
2026-09-28,Refil Whey 100% Pure,319.8
2026-09-28,Refil Whey Concentrado - W100,779.4
2026-09-28,Refil Whey Protein - 3W,399.8
2026-09-28,Refil Whey Protein Concentrado,1151.49
2026-09-28,Resveratrol,206.7
2026-09-28,Resveratrol 500mg,89.9
2026-09-28,Resveratrol Plus - 165mg,389.7
2026-09-28,Sachê - Delicious Whey,19.8
2026-09-28,Sachê Body Protein,69.5
2026-09-28,Salgadinho,43.58
2026-09-28,Salgadinho Proteico - Fitzei,295.63
2026-09-28,Simfort Ultra,89.9
2026-09-28,Simfort fibras,129.8
2026-09-28,Sleep,724.5
2026-09-28,Snack Proteico,185.3
2026-09-28,Spray de mel e extrato de própolis - Gengibre,22.9
2026-09-28,Super Café - Desincoffee,99.9
2026-09-28,Super Ômega 3,459.8
2026-09-28,SuperCoffee,1909.61
2026-09-28,SuperCoffee Língua de gato - Kopenhagen,229.9
2026-09-28,Suplemento - Alimentar - Cálcio Citrato Malato,99.8
2026-09-28,Suplemento - Hyaluronic Hair,74.9
2026-09-28,Suplemento Alimentar - Alpha Inflaminus,144.9
2026-09-28,Suplemento Alimentar - Alpha Mater,309.8
2026-09-28,Suplemento Alimentar - Alpha Women,149.9
2026-09-28,"Suplemento Alimentar - Cabelo, Unha e Pele - Beauty +",129.9
2026-09-28,"Suplemento Alimentar - Cabelo, Unha e Pele - Supreme Beauty",149.9
2026-09-28,Suplemento Alimentar - GUARDIAN®,859.78
2026-09-28,Suplemento Alimentar - L-teanina - Happy Theanine,154.9
2026-09-28,Suplemento Alimentar - Pura Fiber,84.9
2026-09-28,Suplemento Alimentar - Slim Body 400mg,89.9
2026-09-28,Suplemento de Magnésio - Blue Calm,379.7
2026-09-28,Suplemento para Imunidade - Immune Up 100%,110.77
2026-09-28,Suplemento para o Sono - Calm e Relax,109.9
2026-09-28,Tablete de Doce,9.8
2026-09-28,Tasty Whey 3W Gourmet,1039.6
2026-09-28,Termogênico - Termo Plus,139.9
2026-09-28,Trio Magnésio 720mg,489.3
2026-09-28,True Protein Advanced,479.97
2026-09-28,V-Coffee Energy Boost,74.99
2026-09-28,Veggie Protein - Sachê,21.9
2026-09-28,Vit C - 4 Protect,149.9
2026-09-28,Vitamina B12,510.37
2026-09-28,Vitamina C - Ydrosolv,99.9
2026-09-28,Vitamina C3 - 1000mg,54.9
2026-09-28,Vitamina D - Vita D3,341.58
2026-09-28,Vitamina D - Vita D3 + C + Zinco,279.6
2026-09-28,Vitamina D3,44.9
2026-09-28,Vitamina D3 + K2,279.6
2026-09-28,Vitamina D3 - 2000 Ui,110.7
2026-09-28,Vitamina D3 - Ydrosolv,89.9
2026-09-28,"Vitaminas A, E, D e K2- RESTAURE® - Gotas",679.6
2026-09-28,W100 Whey Concentrado - Sachê,23.8
2026-09-28,Whey,579.8
2026-09-28,Whey - Isocrisp Pouch,159.8
2026-09-28,Whey Concentrado - W100,279.8
2026-09-28,Whey Double Protein,129.9
2026-09-28,Whey Fort 3W,1458.93
2026-09-28,Whey Isolado - Iso Triple Zero,299.89
2026-09-28,Whey Protein - CLEANPRO,379.8
2026-09-28,Whey Protein - Isofort Beauty,1217.64
2026-09-28,Whey Protein 3W - DC,449.8
2026-09-28,Whey Protein Concentrado,11813.76
2026-09-28,Whey Protein Concentrado - Sachê,172.8
2026-09-28,Whey Protein Concentrado Cappuccino 900g DUX,875.96
2026-09-28,Whey Protein Isolado,8361.86
2026-09-28,Whey Protein Isolado - Isofort,4543.84
2026-09-28,Whey Protein Isolado - Sachê,199.2
2026-09-28,Whey Protein Vegetal,149.9
2026-09-28,Whey Tech 100%,329.98
2026-09-28,Whey hidrolisado e isolado,1691.94
2026-09-28,Whey hidrolisado e isolado Creme Broule 837g TRUE SOURCE,563.98
2026-09-28,Zinco - Ydrosolv,109.9
2026-09-28,Ácido Hialurônico - Hialux,119.48
2026-09-28,Óleo de Borragem - Gamalift,144.37
2026-09-28,Ômega -  Mega DHA,199.8
2026-09-28,Ômega 3  - 1360mg,659.7
2026-09-28,Ômega 3 - 1360mg,559.6
2026-09-28,Ômega 3 - EPA DHA - 1000mg,179.8
2026-09-28,Ômega 3 EPA DHA,2054.17
2026-10-05,100% Whey Pure,144.9
2026-10-05,Achocolatado - Chocoki,99.9
2026-10-05,BT Nitrato,149.9
2026-10-05,BT Nitrato 400,174.9
2026-10-05,Barra Chocolate 70%,18.89
2026-10-05,Barrinha de Proteína Whey Grego - Havanna,96.9
2026-10-05,Bebida Proteica - Natural Whey 14g,48.93
2026-10-05,Best Whey,229.9
2026-10-05,Bio Ferro,49.99
2026-10-05,"Boraprim - Borragem, Prímula e Gergelim",89.9
2026-10-05,Coenzima Q10 (200mg p/ porção),194.89
2026-10-05,Colágeno - Colagentek,94.9
2026-10-05,Colágeno Tipo II,59.9
2026-10-05,Creatina,109.9
2026-10-05,Creatina - Creafort (Creapure),527.97
2026-10-05,Creatina 100% Pure,230.97
2026-10-05,Creatina Monohidratada,389.5
2026-10-05,Creatina Monohidratada - Creatine,424.95
2026-10-05,Creatina Premium - Creapure,172.99
2026-10-05,Eletrólitos,94.9
2026-10-05,Fresh Whey,1409.4
2026-10-05,Glutamina,59.9
2026-10-05,Isofort Plant (Life Vegan),559.6
2026-10-05,Livestrong,319.9
2026-10-05,Magnésio - Inositol Relief 3.0,219.9
2026-10-05,Magnésio Elemental,215.96
2026-10-05,Magnésio Inositol,149.9
2026-10-05,Melatonina Duo,139.8
2026-10-05,Metilfolato de Cálcio,31.9
2026-10-05,Morning Shot - Imunidade,104.9
2026-10-05,NAC,64.9
2026-10-05,NAC + Glycine + Taurine,104.9
2026-10-05,Omegafor Plus,413.88
2026-10-05,Palatinose,139.8
2026-10-05,Pré-Treino - V Fort Ultra,129.9
2026-10-05,Refil Whey Protein - 3W,199.9
2026-10-05,Refil Whey Protein Concentrado,149.9
2026-10-05,Sachê True Whey Protein,39.8
2026-10-05,Salgadinho Proteico - Fitzei,31.96
2026-10-05,Snack Proteico,21.8
2026-10-05,SuperCoffee,179.99
2026-10-05,Suplemento - Hyaluronic Hair,74.9
2026-10-05,"Suplemento Alimentar - Cabelo, Unha e Pele - Beauty +",129.9
2026-10-05,Suplemento Alimentar - GUARDIAN®,399.98
2026-10-05,Tasty Whey 3W Gourmet,259.9
2026-10-05,Trio Magnésio 720mg,69.9
2026-10-05,Vitamina B12,31.99
2026-10-05,Vitamina D3 + K2 Gotas,69.9
2026-10-05,Vitamina D3 - 2000 Ui,36.9
2026-10-05,Whey Fort 3W,216.99
2026-10-05,Whey Protein - Isofort Beauty,149.9
2026-10-05,Whey Protein Concentrado,1149.5
2026-10-05,Whey Protein Isolado,1139.6
2026-10-05,Whey Protein Isolado - Isofort,851.97
2026-10-05,Whey Protein Isolado - Sachê,24.9
2026-10-05,Whey Tech 100%,329.98
2026-10-05,Whey hidrolisado e isolado,281.99
2026-10-05,Ômega,194.9
2026-10-05,Ômega 3 - 1360mg,139.9
2026-10-05,Ômega 3 - EPA DHA - 1000mg,89.9
2026-10-05,Ômega 3 EPA DHA,119.98
2026-10-05,Ômega 3 Pulse,134.99
